dShiftId,dDumpLocation,dLogTime,dNextLogTime,dDurationSecond,dHos,dRN,dTrucksAtDump,dTrucksInQueue,dQStatus
260807001,,2026-08-07 05:59:59,,,-1,1,,0,Queue
260807001,CR1_MRM,2026-08-07 06:00:00,2026-08-07 06:00:28,28,0,565,,0,Queue
260807001,CR1_MRM,2026-08-07 06:00:28,2026-08-07 06:00:29,1,0,564,,0,Queue
260807001,CR1_MRM,2026-08-07 06:00:29,2026-08-07 06:02:29,120,0,563,,0,Queue
260807001,CR1_MRM,2026-08-07 06:02:29,2026-08-07 06:02:30,1,0,562,,0,Queue
260807001,CR1_MRM,2026-08-07 06:02:30,2026-08-07 06:03:00,30,0,561,,0,Queue
260807001,CR1_MRM,2026-08-07 06:03:00,2026-08-07 06:03:01,1,0,560,,0,Queue
260807001,CR1_MRM,2026-08-07 06:03:01,2026-08-07 06:03:36,35,0,559,,0,Queue
260807001,CR1_MRM,2026-08-07 06:03:36,2026-08-07 06:03:37,1,0,558,,0,Queue
260807001,CR1_MRM,2026-08-07 06:03:37,2026-08-07 06:04:51,74,0,557,,0,Queue
260807001,CR1_MRM,2026-08-07 06:04:51,2026-08-07 06:04:52,1,0,556,,0,Queue
260807001,CR1_MRM,2026-08-07 06:04:52,2026-08-07 06:07:14,142,0,555,,0,Queue
260807001,CR1_MRM,2026-08-07 06:07:14,2026-08-07 06:07:15,1,0,554,,0,Queue
260807001,CR1_MRM,2026-08-07 06:07:15,2026-08-07 06:07:56,41,0,553,,0,Queue
260807001,CR1_MRM,2026-08-07 06:07:56,2026-08-07 06:07:57,1,0,552,,0,Queue
260807001,CR1_MRM,2026-08-07 06:07:57,2026-08-07 06:07:58,1,0,551,,0,Queue
260807001,CR1_MRM,2026-08-07 06:07:58,2026-08-07 06:07:59,1,0,550,,0,Queue
260807001,CR1_MRM,2026-08-07 06:07:59,2026-08-07 06:09:08,69,0,549,,0,Queue
260807001,CR1_MRM,2026-08-07 06:09:08,2026-08-07 06:09:09,1,0,548,,0,Queue
260807001,CR1_MRM,2026-08-07 06:09:09,2026-08-07 06:10:22,73,0,547,,0,Queue
260807001,CR1_MRM,2026-08-07 06:10:22,2026-08-07 06:10:23,1,0,546,,0,Queue
260807001,CR1_MRM,2026-08-07 06:10:23,2026-08-07 06:13:28,185,0,545,,0,Queue
260807001,CR1_MRM,2026-08-07 06:13:28,2026-08-07 06:13:29,1,0,544,,0,Queue
260807001,CR1_MRM,2026-08-07 06:13:29,2026-08-07 06:14:39,70,0,543,,0,Queue
260807001,CR1_MRM,2026-08-07 06:14:39,2026-08-07 06:14:40,1,0,542,,0,Queue
260807001,CR1_MRM,2026-08-07 06:14:40,2026-08-07 06:15:23,43,0,541,,0,Queue
260807001,CR1_MRM,2026-08-07 06:15:23,2026-08-07 06:15:24,1,0,540,,0,Queue
260807001,CR1_MRM,2026-08-07 06:15:24,2026-08-07 06:15:53,29,0,539,,0,Queue
260807001,CR1_MRM,2026-08-07 06:15:53,2026-08-07 06:15:54,1,0,538,,0,Queue
260807001,CR1_MRM,2026-08-07 06:15:54,2026-08-07 06:16:25,31,0,537,,0,Queue
260807001,CR1_MRM,2026-08-07 06:16:25,2026-08-07 06:16:26,1,0,536,,0,Queue
260807001,CR1_MRM,2026-08-07 06:16:26,2026-08-07 06:17:46,80,0,535,,0,Queue
260807001,CR1_MRM,2026-08-07 06:17:46,2026-08-07 06:17:47,1,0,534,,0,Queue
260807001,CR1_MRM,2026-08-07 06:17:47,2026-08-07 06:18:53,66,0,533,,0,Queue
260807001,CR1_MRM,2026-08-07 06:18:53,2026-08-07 06:18:54,1,0,532,,0,Queue
260807001,CR1_MRM,2026-08-07 06:18:54,2026-08-07 06:19:40,46,0,531,,0,Queue
260807001,CR1_MRM,2026-08-07 06:19:40,2026-08-07 06:19:41,1,0,530,,0,Queue
260807001,CR1_MRM,2026-08-07 06:19:41,2026-08-07 06:20:55,74,0,529,,0,Queue
260807001,CR1_MRM,2026-08-07 06:20:55,2026-08-07 06:20:56,1,0,528,,0,Queue
260807001,CR1_MRM,2026-08-07 06:20:56,2026-08-07 06:24:40,224,0,527,,0,Queue
260807001,CR1_MRM,2026-08-07 06:24:40,2026-08-07 06:24:41,1,0,526,,0,Queue
260807001,CR1_MRM,2026-08-07 06:24:41,2026-08-07 06:25:42,61,0,525,,0,Queue
260807001,CR1_MRM,2026-08-07 06:25:42,2026-08-07 06:25:43,1,0,524,,0,Queue
260807001,CR1_MRM,2026-08-07 06:25:43,2026-08-07 06:25:44,1,0,523,,0,Queue
260807001,CR1_MRM,2026-08-07 06:25:44,2026-08-07 06:25:45,1,0,522,,0,Queue
260807001,CR1_MRM,2026-08-07 06:25:45,2026-08-07 06:26:15,30,0,521,,0,Queue
260807001,CR1_MRM,2026-08-07 06:26:15,2026-08-07 06:26:16,1,0,520,,0,Queue
260807001,CR1_MRM,2026-08-07 06:26:16,2026-08-07 06:26:27,11,0,519,,0,Queue
260807001,CR1_MRM,2026-08-07 06:26:27,2026-08-07 06:26:28,1,0,518,,0,Queue
260807001,CR1_MRM,2026-08-07 06:26:28,2026-08-07 06:27:09,41,0,517,,0,Queue
260807001,CR1_MRM,2026-08-07 06:27:09,2026-08-07 06:27:10,1,0,516,,0,Queue
260807001,CR1_MRM,2026-08-07 06:27:10,2026-08-07 06:27:21,11,0,515,,0,Queue
260807001,CR1_MRM,2026-08-07 06:27:21,2026-08-07 06:27:22,1,0,514,,0,Queue
260807001,CR1_MRM,2026-08-07 06:27:22,2026-08-07 06:28:59,97,0,513,,0,Queue
260807001,CR1_MRM,2026-08-07 06:28:59,2026-08-07 06:29:00,1,0,512,,0,Queue
260807001,CR1_MRM,2026-08-07 06:29:00,2026-08-07 06:29:01,1,0,511,,0,Queue
260807001,CR1_MRM,2026-08-07 06:29:01,2026-08-07 06:29:02,1,0,510,,0,Queue
260807001,CR1_MRM,2026-08-07 06:29:02,2026-08-07 06:31:02,120,0,509,,0,Queue
260807001,CR1_MRM,2026-08-07 06:31:02,2026-08-07 06:31:03,1,0,508,,0,Queue
260807001,CR1_MRM,2026-08-07 06:31:03,2026-08-07 06:31:05,2,0,507,,0,Queue
260807001,CR1_MRM,2026-08-07 06:31:05,2026-08-07 06:31:06,1,0,506,,0,Queue
260807001,CR1_MRM,2026-08-07 06:31:06,2026-08-07 06:31:42,36,0,505,,0,Queue
260807001,CR1_MRM,2026-08-07 06:31:42,2026-08-07 06:31:43,1,0,504,,0,Queue
260807001,CR1_MRM,2026-08-07 06:31:43,2026-08-07 06:33:28,105,0,503,,0,Queue
260807001,CR1_MRM,2026-08-07 06:33:28,2026-08-07 06:33:29,1,0,502,,0,Queue
260807001,CR1_MRM,2026-08-07 06:33:29,2026-08-07 06:34:04,35,0,501,,0,Queue
260807001,CR1_MRM,2026-08-07 06:34:04,2026-08-07 06:34:05,1,0,500,,0,Queue
260807001,CR1_MRM,2026-08-07 06:34:05,2026-08-07 06:36:37,152,0,499,,0,Queue
260807001,CR1_MRM,2026-08-07 06:36:37,2026-08-07 06:36:38,1,0,498,,0,Queue
260807001,CR1_MRM,2026-08-07 06:36:38,2026-08-07 06:36:39,1,0,497,,0,Queue
260807001,CR1_MRM,2026-08-07 06:36:39,2026-08-07 06:36:40,1,0,496,,0,Queue
260807001,CR1_MRM,2026-08-07 06:36:40,2026-08-07 06:37:58,78,0,495,,0,Queue
260807001,CR1_MRM,2026-08-07 06:37:58,2026-08-07 06:37:59,1,0,494,,0,Queue
260807001,CR1_MRM,2026-08-07 06:37:59,2026-08-07 06:38:46,47,0,493,,0,Queue
260807001,CR1_MRM,2026-08-07 06:38:46,2026-08-07 06:38:47,1,0,492,,0,Queue
260807001,CR1_MRM,2026-08-07 06:38:47,2026-08-07 06:40:41,114,0,491,,0,Queue
260807001,CR1_MRM,2026-08-07 06:40:41,2026-08-07 06:40:42,1,0,490,,0,Queue
260807001,CR1_MRM,2026-08-07 06:40:42,2026-08-07 06:40:50,8,0,489,,0,Queue
260807001,CR1_MRM,2026-08-07 06:40:50,2026-08-07 06:40:51,1,0,488,,0,Queue
260807001,CR1_MRM,2026-08-07 06:40:51,2026-08-07 06:41:51,60,0,487,,0,Queue
260807001,CR1_MRM,2026-08-07 06:41:51,2026-08-07 06:41:52,1,0,486,,0,Queue
260807001,CR1_MRM,2026-08-07 06:41:52,2026-08-07 06:42:40,48,0,485,,0,Queue
260807001,CR1_MRM,2026-08-07 06:42:40,2026-08-07 06:42:41,1,0,484,,0,Queue
260807001,CR1_MRM,2026-08-07 06:42:41,2026-08-07 06:42:54,13,0,483,,0,Queue
260807001,CR1_MRM,2026-08-07 06:42:54,2026-08-07 06:42:55,1,0,482,,0,Queue
260807001,CR1_MRM,2026-08-07 06:42:55,2026-08-07 06:45:27,152,0,481,,0,Queue
260807001,CR1_MRM,2026-08-07 06:45:27,2026-08-07 06:45:28,1,0,480,,0,Queue
260807001,CR1_MRM,2026-08-07 06:45:28,2026-08-07 06:46:32,64,0,479,,0,Queue
260807001,CR1_MRM,2026-08-07 06:46:32,2026-08-07 06:46:33,1,0,478,,0,Queue
260807001,CR1_MRM,2026-08-07 06:46:33,2026-08-07 06:47:40,67,0,477,,0,Queue
260807001,CR1_MRM,2026-08-07 06:47:40,2026-08-07 06:47:41,1,0,476,,0,Queue
260807001,CR1_MRM,2026-08-07 06:47:41,2026-08-07 06:48:40,59,0,475,,0,Queue
260807001,CR1_MRM,2026-08-07 06:48:40,2026-08-07 06:48:41,1,0,474,,0,Queue
260807001,CR1_MRM,2026-08-07 06:48:41,2026-08-07 06:48:49,8,0,473,,0,Queue
260807001,CR1_MRM,2026-08-07 06:48:49,2026-08-07 06:48:50,1,0,472,,0,Queue
260807001,CR1_MRM,2026-08-07 06:48:50,2026-08-07 06:50:02,72,0,471,,0,Queue
260807001,CR1_MRM,2026-08-07 06:50:02,2026-08-07 06:50:03,1,0,470,,0,Queue
260807001,CR1_MRM,2026-08-07 06:50:03,2026-08-07 06:51:35,92,0,469,,0,Queue
260807001,CR1_MRM,2026-08-07 06:51:35,2026-08-07 06:51:36,1,0,468,,0,Queue
260807001,CR1_MRM,2026-08-07 06:51:36,2026-08-07 06:52:08,32,0,467,,0,Queue
260807001,CR1_MRM,2026-08-07 06:52:08,2026-08-07 06:52:09,1,0,466,,0,Queue
260807001,CR1_MRM,2026-08-07 06:52:09,2026-08-07 06:53:41,92,0,465,,0,Queue
260807001,CR1_MRM,2026-08-07 06:53:41,2026-08-07 06:53:42,1,0,464,,0,Queue
260807001,CR1_MRM,2026-08-07 06:53:42,2026-08-07 06:54:32,50,0,463,,0,Queue
260807001,CR1_MRM,2026-08-07 06:54:32,2026-08-07 06:54:33,1,0,462,,0,Queue
260807001,CR1_MRM,2026-08-07 06:54:33,2026-08-07 06:58:53,260,0,461,,0,Queue
260807001,CR1_MRM,2026-08-07 06:58:53,2026-08-07 06:58:54,1,0,460,,0,Queue
260807001,CR1_MRM,2026-08-07 06:58:54,2026-08-07 06:59:44,50,0,459,,0,Queue
260807001,CR1_MRM,2026-08-07 06:59:44,2026-08-07 06:59:45,1,0,458,,0,Queue
260807001,CR1_MRM,2026-08-07 06:59:45,2026-08-07 06:59:53,8,0,457,,0,Queue
260807001,CR1_MRM,2026-08-07 06:59:53,2026-08-07 06:59:54,1,0,456,,0,Queue
260807001,CR1_MRM,2026-08-07 06:59:54,2026-08-07 07:00:50,56,0,455,,0,Queue
260807001,CR1_MRM,2026-08-07 07:00:50,2026-08-07 07:00:51,1,1,454,,0,Queue
260807001,CR1_MRM,2026-08-07 07:00:51,2026-08-07 07:01:00,9,1,453,,0,Queue
260807001,CR1_MRM,2026-08-07 07:01:00,2026-08-07 07:01:01,1,1,452,,0,Queue
260807001,CR1_MRM,2026-08-07 07:01:01,2026-08-07 07:01:09,8,1,451,,0,Queue
260807001,CR1_MRM,2026-08-07 07:01:09,2026-08-07 07:01:10,1,1,450,,0,Queue
260807001,CR1_MRM,2026-08-07 07:01:10,2026-08-07 07:01:35,25,1,449,,0,Queue
260807001,CR1_MRM,2026-08-07 07:01:35,2026-08-07 07:01:36,1,1,448,,0,Queue
260807001,CR1_MRM,2026-08-07 07:01:36,2026-08-07 07:02:01,25,1,447,,0,Queue
260807001,CR1_MRM,2026-08-07 07:02:01,2026-08-07 07:02:02,1,1,446,,0,Queue
260807001,CR1_MRM,2026-08-07 07:02:02,2026-08-07 07:03:31,89,1,445,,0,Queue
260807001,CR1_MRM,2026-08-07 07:03:31,2026-08-07 07:03:32,1,1,444,,0,Queue
260807001,CR1_MRM,2026-08-07 07:03:32,2026-08-07 07:03:44,12,1,443,,0,Queue
260807001,CR1_MRM,2026-08-07 07:03:44,2026-08-07 07:03:45,1,1,442,,0,Queue
260807001,CR1_MRM,2026-08-07 07:03:45,2026-08-07 07:03:45,0,1,441,,0,Queue
260807001,CR1_MRM,2026-08-07 07:03:45,2026-08-07 07:03:46,1,1,440,,0,Queue
260807001,CR1_MRM,2026-08-07 07:03:46,2026-08-07 07:04:20,34,1,439,,0,Queue
260807001,CR1_MRM,2026-08-07 07:04:20,2026-08-07 07:04:21,1,1,438,,0,Queue
260807001,CR1_MRM,2026-08-07 07:04:21,2026-08-07 07:04:32,11,1,437,,0,Queue
260807001,CR1_MRM,2026-08-07 07:04:32,2026-08-07 07:04:33,1,1,436,,0,Queue
260807001,CR1_MRM,2026-08-07 07:04:33,2026-08-07 07:06:27,114,1,435,,0,Queue
260807001,CR1_MRM,2026-08-07 07:06:27,2026-08-07 07:06:28,1,1,434,,0,Queue
260807001,CR1_MRM,2026-08-07 07:06:28,2026-08-07 07:07:25,57,1,433,,0,Queue
260807001,CR1_MRM,2026-08-07 07:07:25,2026-08-07 07:07:26,1,1,432,,0,Queue
260807001,CR1_MRM,2026-08-07 07:07:26,2026-08-07 07:07:35,9,1,431,,0,Queue
260807001,CR1_MRM,2026-08-07 07:07:35,2026-08-07 07:07:36,1,1,430,,0,Queue
260807001,CR1_MRM,2026-08-07 07:07:36,2026-08-07 07:08:49,73,1,429,,0,Queue
260807001,CR1_MRM,2026-08-07 07:08:49,2026-08-07 07:08:50,1,1,428,,0,Queue
260807001,CR1_MRM,2026-08-07 07:08:50,2026-08-07 07:10:35,105,1,427,,0,Queue
260807001,CR1_MRM,2026-08-07 07:10:35,2026-08-07 07:10:36,1,1,426,,0,Queue
260807001,CR1_MRM,2026-08-07 07:10:36,2026-08-07 07:11:44,68,1,425,,0,Queue
260807001,CR1_MRM,2026-08-07 07:11:44,2026-08-07 07:11:45,1,1,424,,0,Queue
260807001,CR1_MRM,2026-08-07 07:11:45,2026-08-07 07:12:11,26,1,423,,0,Queue
260807001,CR1_MRM,2026-08-07 07:12:11,2026-08-07 07:12:12,1,1,422,,0,Queue
260807001,CR1_MRM,2026-08-07 07:12:12,2026-08-07 07:12:52,40,1,421,,0,Queue
260807001,CR1_MRM,2026-08-07 07:12:52,2026-08-07 07:12:53,1,1,420,,0,Queue
260807001,CR1_MRM,2026-08-07 07:12:53,2026-08-07 07:13:02,9,1,419,,0,Queue
260807001,CR1_MRM,2026-08-07 07:13:02,2026-08-07 07:13:03,1,1,418,,0,Queue
260807001,CR1_MRM,2026-08-07 07:13:03,2026-08-07 07:14:34,91,1,417,,0,Queue
260807001,CR1_MRM,2026-08-07 07:14:34,2026-08-07 07:14:35,1,1,416,,0,Queue
260807001,CR1_MRM,2026-08-07 07:14:35,2026-08-07 07:14:57,22,1,415,,0,Queue
260807001,CR1_MRM,2026-08-07 07:14:57,2026-08-07 07:14:58,1,1,414,,0,Queue
260807001,CR1_MRM,2026-08-07 07:14:58,2026-08-07 07:15:27,29,1,413,,0,Queue
260807001,CR1_MRM,2026-08-07 07:15:27,2026-08-07 07:15:28,1,1,412,,0,Queue
260807001,CR1_MRM,2026-08-07 07:15:28,2026-08-07 07:16:18,50,1,411,,0,Queue
260807001,CR1_MRM,2026-08-07 07:16:18,2026-08-07 07:16:19,1,1,410,,0,Queue
260807001,CR1_MRM,2026-08-07 07:16:19,2026-08-07 07:16:19,0,1,409,,0,Queue
260807001,CR1_MRM,2026-08-07 07:16:19,2026-08-07 07:16:20,1,1,408,,0,Queue
260807001,CR1_MRM,2026-08-07 07:16:20,2026-08-07 07:16:29,9,1,407,,0,Queue
260807001,CR1_MRM,2026-08-07 07:16:29,2026-08-07 07:16:30,1,1,406,,0,Queue
260807001,CR1_MRM,2026-08-07 07:16:30,2026-08-07 07:16:46,16,1,405,,0,Queue
260807001,CR1_MRM,2026-08-07 07:16:46,2026-08-07 07:16:47,1,1,404,,0,Queue
260807001,CR1_MRM,2026-08-07 07:16:47,2026-08-07 07:16:52,5,1,403,,0,Queue
260807001,CR1_MRM,2026-08-07 07:16:52,2026-08-07 07:16:53,1,1,402,,0,Queue
260807001,CR1_MRM,2026-08-07 07:16:53,2026-08-07 07:17:13,20,1,401,,0,Queue
260807001,CR1_MRM,2026-08-07 07:17:13,2026-08-07 07:17:14,1,1,400,,0,Queue
260807001,CR1_MRM,2026-08-07 07:17:14,2026-08-07 07:18:08,54,1,399,,0,Queue
260807001,CR1_MRM,2026-08-07 07:18:08,2026-08-07 07:18:09,1,1,398,,0,Queue
260807001,CR1_MRM,2026-08-07 07:18:09,2026-08-07 07:19:32,83,1,397,,0,Queue
260807001,CR1_MRM,2026-08-07 07:19:32,2026-08-07 07:19:33,1,1,396,,0,Queue
260807001,CR1_MRM,2026-08-07 07:19:33,2026-08-07 07:19:48,15,1,395,,0,Queue
260807001,CR1_MRM,2026-08-07 07:19:48,2026-08-07 07:19:49,1,1,394,,0,Queue
260807001,CR1_MRM,2026-08-07 07:19:49,2026-08-07 07:21:24,95,1,393,,0,Queue
260807001,CR1_MRM,2026-08-07 07:21:24,2026-08-07 07:21:25,1,1,392,,0,Queue
260807001,CR1_MRM,2026-08-07 07:21:25,2026-08-07 07:21:31,6,1,391,,0,Queue
260807001,CR1_MRM,2026-08-07 07:21:31,2026-08-07 07:21:32,1,1,390,,0,Queue
260807001,CR1_MRM,2026-08-07 07:21:32,2026-08-07 07:22:22,50,1,389,,0,Queue
260807001,CR1_MRM,2026-08-07 07:22:22,2026-08-07 07:22:23,1,1,388,,0,Queue
260807001,CR1_MRM,2026-08-07 07:22:23,2026-08-07 07:22:55,32,1,387,,0,Queue
260807001,CR1_MRM,2026-08-07 07:22:55,2026-08-07 07:22:56,1,1,386,,0,Queue
260807001,CR1_MRM,2026-08-07 07:22:56,2026-08-07 07:23:58,62,1,385,,0,Queue
260807001,CR1_MRM,2026-08-07 07:23:58,2026-08-07 07:23:59,1,1,384,,0,Queue
260807001,CR1_MRM,2026-08-07 07:23:59,2026-08-07 07:24:07,8,1,383,,0,Queue
260807001,CR1_MRM,2026-08-07 07:24:07,2026-08-07 07:24:08,1,1,382,,0,Queue
260807001,CR1_MRM,2026-08-07 07:24:08,2026-08-07 07:26:45,157,1,381,,0,Queue
260807001,CR1_MRM,2026-08-07 07:26:45,2026-08-07 07:26:46,1,1,380,,0,Queue
260807001,CR1_MRM,2026-08-07 07:26:46,2026-08-07 07:28:07,81,1,379,,0,Queue
260807001,CR1_MRM,2026-08-07 07:28:07,2026-08-07 07:28:08,1,1,378,,0,Queue
260807001,CR1_MRM,2026-08-07 07:28:08,2026-08-07 07:28:12,4,1,377,,0,Queue
260807001,CR1_MRM,2026-08-07 07:28:12,2026-08-07 07:28:13,1,1,376,,0,Queue
260807001,CR1_MRM,2026-08-07 07:28:13,2026-08-07 07:28:30,17,1,375,,0,Queue
260807001,CR1_MRM,2026-08-07 07:28:30,2026-08-07 07:28:31,1,1,374,,0,Queue
260807001,CR1_MRM,2026-08-07 07:28:31,2026-08-07 07:31:32,181,1,373,,0,Queue
260807001,CR1_MRM,2026-08-07 07:31:32,2026-08-07 07:31:33,1,1,372,,0,Queue
260807001,CR1_MRM,2026-08-07 07:31:33,2026-08-07 07:32:49,76,1,371,,0,Queue
260807001,CR1_MRM,2026-08-07 07:32:49,2026-08-07 07:32:50,1,1,370,,0,Queue
260807001,CR1_MRM,2026-08-07 07:32:50,2026-08-07 07:33:08,18,1,369,,0,Queue
260807001,CR1_MRM,2026-08-07 07:33:08,2026-08-07 07:33:09,1,1,368,,0,Queue
260807001,CR1_MRM,2026-08-07 07:33:09,2026-08-07 07:34:02,53,1,367,,0,Queue
260807001,CR1_MRM,2026-08-07 07:34:02,2026-08-07 07:34:03,1,1,366,,0,Queue
260807001,CR1_MRM,2026-08-07 07:34:03,2026-08-07 07:34:56,53,1,365,,0,Queue
260807001,CR1_MRM,2026-08-07 07:34:56,2026-08-07 07:34:57,1,1,364,,0,Queue
260807001,CR1_MRM,2026-08-07 07:34:57,2026-08-07 07:36:12,75,1,363,,0,Queue
260807001,CR1_MRM,2026-08-07 07:36:12,2026-08-07 07:36:13,1,1,362,,0,Queue
260807001,CR1_MRM,2026-08-07 07:36:13,2026-08-07 07:37:53,100,1,361,,0,Queue
260807001,CR1_MRM,2026-08-07 07:37:53,2026-08-07 07:37:54,1,1,360,,0,Queue
260807001,CR1_MRM,2026-08-07 07:37:54,2026-08-07 07:38:21,27,1,359,,0,Queue
260807001,CR1_MRM,2026-08-07 07:38:21,2026-08-07 07:38:22,1,1,358,,0,Queue
260807001,CR1_MRM,2026-08-07 07:38:22,2026-08-07 07:38:36,14,1,357,,0,Queue
260807001,CR1_MRM,2026-08-07 07:38:36,2026-08-07 07:38:37,1,1,356,,0,Queue
260807001,CR1_MRM,2026-08-07 07:38:37,2026-08-07 07:38:58,21,1,355,,0,Queue
260807001,CR1_MRM,2026-08-07 07:38:58,2026-08-07 07:38:59,1,1,354,,0,Queue
260807001,CR1_MRM,2026-08-07 07:38:59,2026-08-07 07:40:06,67,1,353,,0,Queue
260807001,CR1_MRM,2026-08-07 07:40:06,2026-08-07 07:40:07,1,1,352,,0,Queue
260807001,CR1_MRM,2026-08-07 07:40:07,2026-08-07 07:40:39,32,1,351,,0,Queue
260807001,CR1_MRM,2026-08-07 07:40:39,2026-08-07 07:40:40,1,1,350,,0,Queue
260807001,CR1_MRM,2026-08-07 07:40:40,2026-08-07 07:41:09,29,1,349,,0,Queue
260807001,CR1_MRM,2026-08-07 07:41:09,2026-08-07 07:41:10,1,1,348,,0,Queue
260807001,CR1_MRM,2026-08-07 07:41:10,2026-08-07 07:41:31,21,1,347,,0,Queue
260807001,CR1_MRM,2026-08-07 07:41:31,2026-08-07 07:41:32,1,1,346,,0,Queue
260807001,CR1_MRM,2026-08-07 07:41:32,2026-08-07 07:42:11,39,1,345,,0,Queue
260807001,CR1_MRM,2026-08-07 07:42:11,2026-08-07 07:42:12,1,1,344,,0,Queue
260807001,CR1_MRM,2026-08-07 07:42:12,2026-08-07 07:44:23,131,1,343,,0,Queue
260807001,CR1_MRM,2026-08-07 07:44:23,2026-08-07 07:44:24,1,1,342,,0,Queue
260807001,CR1_MRM,2026-08-07 07:44:24,2026-08-07 07:45:02,38,1,341,,0,Queue
260807001,CR1_MRM,2026-08-07 07:45:02,2026-08-07 07:45:03,1,1,340,,0,Queue
260807001,CR1_MRM,2026-08-07 07:45:03,2026-08-07 07:45:18,15,1,339,,0,Queue
260807001,CR1_MRM,2026-08-07 07:45:18,2026-08-07 07:45:19,1,1,338,,0,Queue
260807001,CR1_MRM,2026-08-07 07:45:19,2026-08-07 07:46:46,87,1,337,,0,Queue
260807001,CR1_MRM,2026-08-07 07:46:46,2026-08-07 07:46:47,1,1,336,,0,Queue
260807001,CR1_MRM,2026-08-07 07:46:47,2026-08-07 07:47:51,64,1,335,,0,Queue
260807001,CR1_MRM,2026-08-07 07:47:51,2026-08-07 07:47:52,1,1,334,,0,Queue
260807001,CR1_MRM,2026-08-07 07:47:52,2026-08-07 07:50:22,150,1,333,,0,Queue
260807001,CR1_MRM,2026-08-07 07:50:22,2026-08-07 07:50:23,1,1,332,,0,Queue
260807001,CR1_MRM,2026-08-07 07:50:23,2026-08-07 07:50:33,10,1,331,,0,Queue
260807001,CR1_MRM,2026-08-07 07:50:33,2026-08-07 07:50:34,1,1,330,,0,Queue
260807001,CR1_MRM,2026-08-07 07:50:34,2026-08-07 07:51:05,31,1,329,,0,Queue
260807001,CR1_MRM,2026-08-07 07:51:05,2026-08-07 07:51:06,1,1,328,,0,Queue
260807001,CR1_MRM,2026-08-07 07:51:06,2026-08-07 07:51:08,2,1,327,,0,Queue
260807001,CR1_MRM,2026-08-07 07:51:08,2026-08-07 07:51:09,1,1,326,,0,Queue
260807001,CR1_MRM,2026-08-07 07:51:09,2026-08-07 07:52:59,110,1,325,,0,Queue
260807001,CR1_MRM,2026-08-07 07:52:59,2026-08-07 07:53:00,1,1,324,,0,Queue
260807001,CR1_MRM,2026-08-07 07:53:00,2026-08-07 07:53:47,47,1,323,,0,Queue
260807001,CR1_MRM,2026-08-07 07:53:47,2026-08-07 07:53:48,1,1,322,,0,Queue
260807001,CR1_MRM,2026-08-07 07:53:48,2026-08-07 07:56:39,171,1,321,,0,Queue
260807001,CR1_MRM,2026-08-07 07:56:39,2026-08-07 07:56:40,1,1,320,,0,Queue
260807001,CR1_MRM,2026-08-07 07:56:40,2026-08-07 07:56:40,0,1,319,,0,Queue
260807001,CR1_MRM,2026-08-07 07:56:40,2026-08-07 07:56:41,1,1,318,,0,Queue
260807001,CR1_MRM,2026-08-07 07:56:41,2026-08-07 07:56:50,9,1,317,,0,Queue
260807001,CR1_MRM,2026-08-07 07:56:50,2026-08-07 07:56:51,1,1,316,,0,Queue
260807001,CR1_MRM,2026-08-07 07:56:51,2026-08-07 07:57:41,50,1,315,,0,Queue
260807001,CR1_MRM,2026-08-07 07:57:41,2026-08-07 07:57:42,1,1,314,,0,Queue
260807001,CR1_MRM,2026-08-07 07:57:42,2026-08-07 07:57:46,4,1,313,,0,Queue
260807001,CR1_MRM,2026-08-07 07:57:46,2026-08-07 07:57:47,1,1,312,,0,Queue
260807001,CR1_MRM,2026-08-07 07:57:47,2026-08-07 08:01:51,244,1,311,,0,Queue
260807001,CR1_MRM,2026-08-07 08:01:51,2026-08-07 08:01:52,1,2,310,,0,Queue
260807001,CR1_MRM,2026-08-07 08:01:52,2026-08-07 08:03:14,82,2,309,,0,Queue
260807001,CR1_MRM,2026-08-07 08:03:14,2026-08-07 08:03:15,1,2,308,,0,Queue
260807001,CR1_MRM,2026-08-07 08:03:15,2026-08-07 08:04:10,55,2,307,,0,Queue
260807001,CR1_MRM,2026-08-07 08:04:10,2026-08-07 08:04:11,1,2,306,,0,Queue
260807001,CR1_MRM,2026-08-07 08:04:11,2026-08-07 08:04:12,1,2,305,,0,Queue
260807001,CR1_MRM,2026-08-07 08:04:12,2026-08-07 08:04:13,1,2,304,,0,Queue
260807001,CR1_MRM,2026-08-07 08:04:13,2026-08-07 08:06:58,165,2,303,,0,Queue
260807001,CR1_MRM,2026-08-07 08:06:58,2026-08-07 08:06:59,1,2,302,,0,Queue
260807001,CR1_MRM,2026-08-07 08:06:59,2026-08-07 08:07:42,43,2,301,,0,Queue
260807001,CR1_MRM,2026-08-07 08:07:42,2026-08-07 08:07:43,1,2,300,,0,Queue
260807001,CR1_MRM,2026-08-07 08:07:43,2026-08-07 08:07:57,14,2,299,,0,Queue
260807001,CR1_MRM,2026-08-07 08:07:57,2026-08-07 08:07:58,1,2,298,,0,Queue
260807001,CR1_MRM,2026-08-07 08:07:58,2026-08-07 08:09:03,65,2,297,,0,Queue
260807001,CR1_MRM,2026-08-07 08:09:03,2026-08-07 08:09:04,1,2,296,,0,Queue
260807001,CR1_MRM,2026-08-07 08:09:04,2026-08-07 08:09:28,24,2,295,,0,Queue
260807001,CR1_MRM,2026-08-07 08:09:28,2026-08-07 08:09:29,1,2,294,,0,Queue
260807001,CR1_MRM,2026-08-07 08:09:29,2026-08-07 08:09:33,4,2,293,,0,Queue
260807001,CR1_MRM,2026-08-07 08:09:33,2026-08-07 08:09:34,1,2,292,,0,Queue
260807001,CR1_MRM,2026-08-07 08:09:34,2026-08-07 08:09:49,15,2,291,,0,Queue
260807001,CR1_MRM,2026-08-07 08:09:49,2026-08-07 08:09:50,1,2,290,,0,Queue
260807001,CR1_MRM,2026-08-07 08:09:50,2026-08-07 08:10:05,15,2,289,,0,Queue
260807001,CR1_MRM,2026-08-07 08:10:05,2026-08-07 08:10:06,1,2,288,,0,Queue
260807001,CR1_MRM,2026-08-07 08:10:06,2026-08-07 08:11:25,79,2,287,,0,Queue
260807001,CR1_MRM,2026-08-07 08:11:25,2026-08-07 08:11:26,1,2,286,,0,Queue
260807001,CR1_MRM,2026-08-07 08:11:26,2026-08-07 08:12:10,44,2,285,,0,Queue
260807001,CR1_MRM,2026-08-07 08:12:10,2026-08-07 08:12:11,1,2,284,,0,Queue
260807001,CR1_MRM,2026-08-07 08:12:11,2026-08-07 08:14:38,147,2,283,,0,Queue
260807001,CR1_MRM,2026-08-07 08:14:38,2026-08-07 08:14:39,1,2,282,,0,Queue
260807001,CR1_MRM,2026-08-07 08:14:39,2026-08-07 08:15:35,56,2,281,,0,Queue
260807001,CR1_MRM,2026-08-07 08:15:35,2026-08-07 08:15:36,1,2,280,,0,Queue
260807001,CR1_MRM,2026-08-07 08:15:36,2026-08-07 08:16:58,82,2,279,,0,Queue
260807001,CR1_MRM,2026-08-07 08:16:58,2026-08-07 08:16:59,1,2,278,,0,Queue
260807001,CR1_MRM,2026-08-07 08:16:59,2026-08-07 08:17:18,19,2,277,,0,Queue
260807001,CR1_MRM,2026-08-07 08:17:18,2026-08-07 08:17:19,1,2,276,,0,Queue
260807001,CR1_MRM,2026-08-07 08:17:19,2026-08-07 08:20:23,184,2,275,,0,Queue
260807001,CR1_MRM,2026-08-07 08:20:23,2026-08-07 08:20:24,1,2,274,,0,Queue
260807001,CR1_MRM,2026-08-07 08:20:24,2026-08-07 08:21:40,76,2,273,,0,Queue
260807001,CR1_MRM,2026-08-07 08:21:40,2026-08-07 08:21:41,1,2,272,,0,Queue
260807001,CR1_MRM,2026-08-07 08:21:41,2026-08-07 08:24:19,158,2,271,,0,Queue
260807001,CR1_MRM,2026-08-07 08:24:19,2026-08-07 08:24:20,1,2,270,,0,Queue
260807001,CR1_MRM,2026-08-07 08:24:20,2026-08-07 08:24:35,15,2,269,,0,Queue
260807001,CR1_MRM,2026-08-07 08:24:35,2026-08-07 08:24:36,1,2,268,,0,Queue
260807001,CR1_MRM,2026-08-07 08:24:36,2026-08-07 08:25:02,26,2,267,,0,Queue
260807001,CR1_MRM,2026-08-07 08:25:02,2026-08-07 08:25:03,1,2,266,,0,Queue
260807001,CR1_MRM,2026-08-07 08:25:03,2026-08-07 08:25:07,4,2,265,,0,Queue
260807001,CR1_MRM,2026-08-07 08:25:07,2026-08-07 08:25:08,1,2,264,,0,Queue
260807001,CR1_MRM,2026-08-07 08:25:08,2026-08-07 08:29:51,283,2,263,,0,Queue
260807001,CR1_MRM,2026-08-07 08:29:51,2026-08-07 08:29:52,1,2,262,,0,Queue
260807001,CR1_MRM,2026-08-07 08:29:52,2026-08-07 08:30:56,64,2,261,,0,Queue
260807001,CR1_MRM,2026-08-07 08:30:56,2026-08-07 08:30:57,1,2,260,,0,Queue
260807001,CR1_MRM,2026-08-07 08:30:57,2026-08-07 08:31:30,33,2,259,,0,Queue
260807001,CR1_MRM,2026-08-07 08:31:30,2026-08-07 08:31:31,1,2,258,,0,Queue
260807001,CR1_MRM,2026-08-07 08:31:31,2026-08-07 08:31:50,19,2,257,,0,Queue
260807001,CR1_MRM,2026-08-07 08:31:50,2026-08-07 08:31:51,1,2,256,,0,Queue
260807001,CR1_MRM,2026-08-07 08:31:51,2026-08-07 08:33:17,86,2,255,,0,Queue
260807001,CR1_MRM,2026-08-07 08:33:17,2026-08-07 08:33:18,1,2,254,,0,Queue
260807001,CR1_MRM,2026-08-07 08:33:18,2026-08-07 08:34:07,49,2,253,,0,Queue
260807001,CR1_MRM,2026-08-07 08:34:07,2026-08-07 08:34:08,1,2,252,,0,Queue
260807001,CR1_MRM,2026-08-07 08:34:08,2026-08-07 08:34:13,5,2,251,,0,Queue
260807001,CR1_MRM,2026-08-07 08:34:13,2026-08-07 08:34:14,1,2,250,,0,Queue
260807001,CR1_MRM,2026-08-07 08:34:14,2026-08-07 08:34:36,22,2,249,,0,Queue
260807001,CR1_MRM,2026-08-07 08:34:36,2026-08-07 08:34:37,1,2,248,,0,Queue
260807001,CR1_MRM,2026-08-07 08:34:37,2026-08-07 08:36:11,94,2,247,,0,Queue
260807001,CR1_MRM,2026-08-07 08:36:11,2026-08-07 08:36:12,1,2,246,,0,Queue
260807001,CR1_MRM,2026-08-07 08:36:12,2026-08-07 08:36:29,17,2,245,,0,Queue
260807001,CR1_MRM,2026-08-07 08:36:29,2026-08-07 08:36:30,1,2,244,,0,Queue
260807001,CR1_MRM,2026-08-07 08:36:30,2026-08-07 08:37:25,55,2,243,,0,Queue
260807001,CR1_MRM,2026-08-07 08:37:25,2026-08-07 08:37:26,1,2,242,,0,Queue
260807001,CR1_MRM,2026-08-07 08:37:26,2026-08-07 08:37:38,12,2,241,,0,Queue
260807001,CR1_MRM,2026-08-07 08:37:38,2026-08-07 08:37:39,1,2,240,,0,Queue
260807001,CR1_MRM,2026-08-07 08:37:39,2026-08-07 08:37:59,20,2,239,,0,Queue
260807001,CR1_MRM,2026-08-07 08:37:59,2026-08-07 08:38:00,1,2,238,,0,Queue
260807001,CR1_MRM,2026-08-07 08:38:00,2026-08-07 08:38:16,16,2,237,,0,Queue
260807001,CR1_MRM,2026-08-07 08:38:16,2026-08-07 08:38:17,1,2,236,,0,Queue
260807001,CR1_MRM,2026-08-07 08:38:17,2026-08-07 08:38:38,21,2,235,,0,Queue
260807001,CR1_MRM,2026-08-07 08:38:38,2026-08-07 08:38:39,1,2,234,,0,Queue
260807001,CR1_MRM,2026-08-07 08:38:39,2026-08-07 08:41:08,149,2,233,,0,Queue
260807001,CR1_MRM,2026-08-07 08:41:08,2026-08-07 08:41:09,1,2,232,,0,Queue
260807001,CR1_MRM,2026-08-07 08:41:09,2026-08-07 08:41:22,13,2,231,,0,Queue
260807001,CR1_MRM,2026-08-07 08:41:22,2026-08-07 08:41:23,1,2,230,,0,Queue
260807001,CR1_MRM,2026-08-07 08:41:23,2026-08-07 08:45:16,233,2,229,,0,Queue
260807001,CR1_MRM,2026-08-07 08:45:16,2026-08-07 08:45:17,1,2,228,,0,Queue
260807001,CR1_MRM,2026-08-07 08:45:17,2026-08-07 08:46:05,48,2,227,,0,Queue
260807001,CR1_MRM,2026-08-07 08:46:05,2026-08-07 08:46:06,1,2,226,,0,Queue
260807001,CR1_MRM,2026-08-07 08:46:06,2026-08-07 08:46:43,37,2,225,,0,Queue
260807001,CR1_MRM,2026-08-07 08:46:43,2026-08-07 08:46:44,1,2,224,,0,Queue
260807001,CR1_MRM,2026-08-07 08:46:44,2026-08-07 08:47:39,55,2,223,,0,Queue
260807001,CR1_MRM,2026-08-07 08:47:39,2026-08-07 08:47:40,1,2,222,,0,Queue
260807001,CR1_MRM,2026-08-07 08:47:40,2026-08-07 08:48:15,35,2,221,,0,Queue
260807001,CR1_MRM,2026-08-07 08:48:15,2026-08-07 08:48:16,1,2,220,,0,Queue
260807001,CR1_MRM,2026-08-07 08:48:16,2026-08-07 08:48:42,26,2,219,,0,Queue
260807001,CR1_MRM,2026-08-07 08:48:42,2026-08-07 08:48:43,1,2,218,,0,Queue
260807001,CR1_MRM,2026-08-07 08:48:43,2026-08-07 08:49:16,33,2,217,,0,Queue
260807001,CR1_MRM,2026-08-07 08:49:16,2026-08-07 08:49:17,1,2,216,,0,Queue
260807001,CR1_MRM,2026-08-07 08:49:17,2026-08-07 08:51:00,103,2,215,,0,Queue
260807001,CR1_MRM,2026-08-07 08:51:00,2026-08-07 08:51:01,1,2,214,,0,Queue
260807001,CR1_MRM,2026-08-07 08:51:01,2026-08-07 08:51:31,30,2,213,,0,Queue
260807001,CR1_MRM,2026-08-07 08:51:31,2026-08-07 08:51:32,1,2,212,,0,Queue
260807001,CR1_MRM,2026-08-07 08:51:32,2026-08-07 08:53:09,97,2,211,,0,Queue
260807001,CR1_MRM,2026-08-07 08:53:09,2026-08-07 08:53:10,1,2,210,,0,Queue
260807001,CR1_MRM,2026-08-07 08:53:10,2026-08-07 08:53:33,23,2,209,,0,Queue
260807001,CR1_MRM,2026-08-07 08:53:33,2026-08-07 08:53:34,1,2,208,,0,Queue
260807001,CR1_MRM,2026-08-07 08:53:34,2026-08-07 08:54:03,29,2,207,,0,Queue
260807001,CR1_MRM,2026-08-07 08:54:03,2026-08-07 08:54:04,1,2,206,,0,Queue
260807001,CR1_MRM,2026-08-07 08:54:04,2026-08-07 08:55:54,110,2,205,,0,Queue
260807001,CR1_MRM,2026-08-07 08:55:54,2026-08-07 08:55:55,1,2,204,,0,Queue
260807001,CR1_MRM,2026-08-07 08:55:55,2026-08-07 08:57:10,75,2,203,,0,Queue
260807001,CR1_MRM,2026-08-07 08:57:10,2026-08-07 08:57:11,1,2,202,,0,Queue
260807001,CR1_MRM,2026-08-07 08:57:11,2026-08-07 08:59:23,132,2,201,,0,Queue
260807001,CR1_MRM,2026-08-07 08:59:23,2026-08-07 08:59:24,1,2,200,,0,Queue
260807001,CR1_MRM,2026-08-07 08:59:24,2026-08-07 09:00:29,65,2,199,,0,Queue
260807001,CR1_MRM,2026-08-07 09:00:29,2026-08-07 09:00:30,1,3,198,,0,Queue
260807001,CR1_MRM,2026-08-07 09:00:30,2026-08-07 09:01:56,86,3,197,,0,Queue
260807001,CR1_MRM,2026-08-07 09:01:56,2026-08-07 09:01:57,1,3,196,,0,Queue
260807001,CR1_MRM,2026-08-07 09:01:57,2026-08-07 09:02:38,41,3,195,,0,Queue
260807001,CR1_MRM,2026-08-07 09:02:38,2026-08-07 09:02:39,1,3,194,,0,Queue
260807001,CR1_MRM,2026-08-07 09:02:39,2026-08-07 09:03:02,23,3,193,,0,Queue
260807001,CR1_MRM,2026-08-07 09:03:02,2026-08-07 09:03:03,1,3,192,,0,Queue
260807001,CR1_MRM,2026-08-07 09:03:03,2026-08-07 09:03:26,23,3,191,,0,Queue
260807001,CR1_MRM,2026-08-07 09:03:26,2026-08-07 09:03:27,1,3,190,,0,Queue
260807001,CR1_MRM,2026-08-07 09:03:27,2026-08-07 09:05:34,127,3,189,,0,Queue
260807001,CR1_MRM,2026-08-07 09:05:34,2026-08-07 09:05:35,1,3,188,,0,Queue
260807001,CR1_MRM,2026-08-07 09:05:35,2026-08-07 09:06:28,53,3,187,,0,Queue
260807001,CR1_MRM,2026-08-07 09:06:28,2026-08-07 09:06:29,1,3,186,,0,Queue
260807001,CR1_MRM,2026-08-07 09:06:29,2026-08-07 09:07:58,89,3,185,,0,Queue
260807001,CR1_MRM,2026-08-07 09:07:58,2026-08-07 09:07:59,1,3,184,,0,Queue
260807001,CR1_MRM,2026-08-07 09:07:59,2026-08-07 09:08:20,21,3,183,,0,Queue
260807001,CR1_MRM,2026-08-07 09:08:20,2026-08-07 09:08:21,1,3,182,,0,Queue
260807001,CR1_MRM,2026-08-07 09:08:21,2026-08-07 09:10:01,100,3,181,,0,Queue
260807001,CR1_MRM,2026-08-07 09:10:01,2026-08-07 09:10:02,1,3,180,,0,Queue
260807001,CR1_MRM,2026-08-07 09:10:02,2026-08-07 09:11:25,83,3,179,,0,Queue
260807001,CR1_MRM,2026-08-07 09:11:25,2026-08-07 09:11:26,1,3,178,,0,Queue
260807001,CR1_MRM,2026-08-07 09:11:26,2026-08-07 09:13:38,132,3,177,,0,Queue
260807001,CR1_MRM,2026-08-07 09:13:38,2026-08-07 09:13:39,1,3,176,,0,Queue
260807001,CR1_MRM,2026-08-07 09:13:39,2026-08-07 09:14:43,64,3,175,,0,Queue
260807001,CR1_MRM,2026-08-07 09:14:43,2026-08-07 09:14:44,1,3,174,,0,Queue
260807001,CR1_MRM,2026-08-07 09:14:44,2026-08-07 09:15:19,35,3,173,,0,Queue
260807001,CR1_MRM,2026-08-07 09:15:19,2026-08-07 09:15:20,1,3,172,,0,Queue
260807001,CR1_MRM,2026-08-07 09:15:20,2026-08-07 09:16:20,60,3,171,,0,Queue
260807001,CR1_MRM,2026-08-07 09:16:20,2026-08-07 09:16:21,1,3,170,,0,Queue
260807001,CR1_MRM,2026-08-07 09:16:21,2026-08-07 09:17:50,89,3,169,,0,Queue
260807001,CR1_MRM,2026-08-07 09:17:50,2026-08-07 09:17:51,1,3,168,,0,Queue
260807001,CR1_MRM,2026-08-07 09:17:51,2026-08-07 09:18:55,64,3,167,,0,Queue
260807001,CR1_MRM,2026-08-07 09:18:55,2026-08-07 09:18:56,1,3,166,,0,Queue
260807001,CR1_MRM,2026-08-07 09:18:56,2026-08-07 09:19:00,4,3,165,,0,Queue
260807001,CR1_MRM,2026-08-07 09:19:00,2026-08-07 09:19:01,1,3,164,,0,Queue
260807001,CR1_MRM,2026-08-07 09:19:01,2026-08-07 09:19:37,36,3,163,,0,Queue
260807001,CR1_MRM,2026-08-07 09:19:37,2026-08-07 09:19:38,1,3,162,,0,Queue
260807001,CR1_MRM,2026-08-07 09:19:38,2026-08-07 09:20:12,34,3,161,,0,Queue
260807001,CR1_MRM,2026-08-07 09:20:12,2026-08-07 09:20:13,1,3,160,,0,Queue
260807001,CR1_MRM,2026-08-07 09:20:13,2026-08-07 09:20:23,10,3,159,,0,Queue
260807001,CR1_MRM,2026-08-07 09:20:23,2026-08-07 09:20:24,1,3,158,,0,Queue
260807001,CR1_MRM,2026-08-07 09:20:24,2026-08-07 09:20:54,30,3,157,,0,Queue
260807001,CR1_MRM,2026-08-07 09:20:54,2026-08-07 09:20:55,1,3,156,,0,Queue
260807001,CR1_MRM,2026-08-07 09:20:55,2026-08-07 09:21:07,12,3,155,,0,Queue
260807001,CR1_MRM,2026-08-07 09:21:07,2026-08-07 09:21:08,1,3,154,,0,Queue
260807001,CR1_MRM,2026-08-07 09:21:08,2026-08-07 09:21:27,19,3,153,,0,Queue
260807001,CR1_MRM,2026-08-07 09:21:27,2026-08-07 09:21:28,1,3,152,,0,Queue
260807001,CR1_MRM,2026-08-07 09:21:28,2026-08-07 09:24:09,161,3,151,,0,Queue
260807001,CR1_MRM,2026-08-07 09:24:09,2026-08-07 09:24:10,1,3,150,,0,Queue
260807001,CR1_MRM,2026-08-07 09:24:10,2026-08-07 09:25:52,102,3,149,,0,Queue
260807001,CR1_MRM,2026-08-07 09:25:52,2026-08-07 09:25:53,1,3,148,,0,Queue
260807001,CR1_MRM,2026-08-07 09:25:53,2026-08-07 09:26:02,9,3,147,,0,Queue
260807001,CR1_MRM,2026-08-07 09:26:02,2026-08-07 09:26:03,1,3,146,,0,Queue
260807001,CR1_MRM,2026-08-07 09:26:03,2026-08-07 09:26:14,11,3,145,,0,Queue
260807001,CR1_MRM,2026-08-07 09:26:14,2026-08-07 09:26:15,1,3,144,,0,Queue
260807001,CR1_MRM,2026-08-07 09:26:15,2026-08-07 09:26:54,39,3,143,,0,Queue
260807001,CR1_MRM,2026-08-07 09:26:54,2026-08-07 09:26:55,1,3,142,,0,Queue
260807001,CR1_MRM,2026-08-07 09:26:55,2026-08-07 09:27:16,21,3,141,,0,Queue
260807001,CR1_MRM,2026-08-07 09:27:16,2026-08-07 09:27:17,1,3,140,,0,Queue
260807001,CR1_MRM,2026-08-07 09:27:17,2026-08-07 09:27:59,42,3,139,,0,Queue
260807001,CR1_MRM,2026-08-07 09:27:59,2026-08-07 09:28:00,1,3,138,,0,Queue
260807001,CR1_MRM,2026-08-07 09:28:00,2026-08-07 09:29:03,63,3,137,,0,Queue
260807001,CR1_MRM,2026-08-07 09:29:03,2026-08-07 09:29:04,1,3,136,,0,Queue
260807001,CR1_MRM,2026-08-07 09:29:04,2026-08-07 09:29:56,52,3,135,,0,Queue
260807001,CR1_MRM,2026-08-07 09:29:56,2026-08-07 09:29:57,1,3,134,,0,Queue
260807001,CR1_MRM,2026-08-07 09:29:57,2026-08-07 09:32:56,179,3,133,,0,Queue
260807001,CR1_MRM,2026-08-07 09:32:56,2026-08-07 09:32:57,1,3,132,,0,Queue
260807001,CR1_MRM,2026-08-07 09:32:57,2026-08-07 09:35:06,129,3,131,,0,Queue
260807001,CR1_MRM,2026-08-07 09:35:06,2026-08-07 09:35:07,1,3,130,,0,Queue
260807001,CR1_MRM,2026-08-07 09:35:07,2026-08-07 09:35:07,0,3,129,,0,Queue
260807001,CR1_MRM,2026-08-07 09:35:07,2026-08-07 09:35:08,1,3,128,,0,Queue
260807001,CR1_MRM,2026-08-07 09:35:08,2026-08-07 09:35:16,8,3,127,,0,Queue
260807001,CR1_MRM,2026-08-07 09:35:16,2026-08-07 09:35:17,1,3,126,,0,Queue
260807001,CR1_MRM,2026-08-07 09:35:17,2026-08-07 09:35:46,29,3,125,,0,Queue
260807001,CR1_MRM,2026-08-07 09:35:46,2026-08-07 09:35:47,1,3,124,,0,Queue
260807001,CR1_MRM,2026-08-07 09:35:47,2026-08-07 09:36:44,57,3,123,,0,Queue
260807001,CR1_MRM,2026-08-07 09:36:44,2026-08-07 09:36:45,1,3,122,,0,Queue
260807001,CR1_MRM,2026-08-07 09:36:45,2026-08-07 09:38:56,131,3,121,,0,Queue
260807001,CR1_MRM,2026-08-07 09:38:56,2026-08-07 09:38:57,1,3,120,,0,Queue
260807001,CR1_MRM,2026-08-07 09:38:57,2026-08-07 09:40:29,92,3,119,,0,Queue
260807001,CR1_MRM,2026-08-07 09:40:29,2026-08-07 09:40:30,1,3,118,,0,Queue
260807001,CR1_MRM,2026-08-07 09:40:30,2026-08-07 09:40:52,22,3,117,,0,Queue
260807001,CR1_MRM,2026-08-07 09:40:52,2026-08-07 09:40:53,1,3,116,,0,Queue
260807001,CR1_MRM,2026-08-07 09:40:53,2026-08-07 09:41:48,55,3,115,,0,Queue
260807001,CR1_MRM,2026-08-07 09:41:48,2026-08-07 09:41:49,1,3,114,,0,Queue
260807001,CR1_MRM,2026-08-07 09:41:49,2026-08-07 09:44:09,140,3,113,,0,Queue
260807001,CR1_MRM,2026-08-07 09:44:09,2026-08-07 09:44:10,1,3,112,,0,Queue
260807001,CR1_MRM,2026-08-07 09:44:10,2026-08-07 09:46:54,164,3,111,,0,Queue
260807001,CR1_MRM,2026-08-07 09:46:54,2026-08-07 09:46:55,1,3,110,,0,Queue
260807001,CR1_MRM,2026-08-07 09:46:55,2026-08-07 09:47:22,27,3,109,,0,Queue
260807001,CR1_MRM,2026-08-07 09:47:22,2026-08-07 09:47:23,1,3,108,,0,Queue
260807001,CR1_MRM,2026-08-07 09:47:23,2026-08-07 09:50:34,191,3,107,,0,Queue
260807001,CR1_MRM,2026-08-07 09:50:34,2026-08-07 09:50:35,1,3,106,,0,Queue
260807001,CR1_MRM,2026-08-07 09:50:35,2026-08-07 09:52:24,109,3,105,,0,Queue
260807001,CR1_MRM,2026-08-07 09:52:24,2026-08-07 09:52:25,1,3,104,,0,Queue
260807001,CR1_MRM,2026-08-07 09:52:25,2026-08-07 09:53:33,68,3,103,,0,Queue
260807001,CR1_MRM,2026-08-07 09:53:33,2026-08-07 09:53:34,1,3,102,,0,Queue
260807001,CR1_MRM,2026-08-07 09:53:34,2026-08-07 09:53:38,4,3,101,,0,Queue
260807001,CR1_MRM,2026-08-07 09:53:38,2026-08-07 09:53:39,1,3,100,,0,Queue
260807001,CR1_MRM,2026-08-07 09:53:39,2026-08-07 09:57:11,212,3,99,,0,Queue
260807001,CR1_MRM,2026-08-07 09:57:11,2026-08-07 09:57:12,1,3,98,,0,Queue
260807001,CR1_MRM,2026-08-07 09:57:12,2026-08-07 09:57:16,4,3,97,,0,Queue
260807001,CR1_MRM,2026-08-07 09:57:16,2026-08-07 09:57:17,1,3,96,,0,Queue
260807001,CR1_MRM,2026-08-07 09:57:17,2026-08-07 09:58:02,45,3,95,,0,Queue
260807001,CR1_MRM,2026-08-07 09:58:02,2026-08-07 09:58:03,1,3,94,,0,Queue
260807001,CR1_MRM,2026-08-07 09:58:03,2026-08-07 10:01:25,202,3,93,,0,Queue
260807001,CR1_MRM,2026-08-07 10:01:25,2026-08-07 10:01:26,1,4,92,,0,Queue
260807001,CR1_MRM,2026-08-07 10:01:26,2026-08-07 10:02:37,71,4,91,,0,Queue
260807001,CR1_MRM,2026-08-07 10:02:37,2026-08-07 10:02:38,1,4,90,,0,Queue
260807001,CR1_MRM,2026-08-07 10:02:38,2026-08-07 10:02:46,8,4,89,,0,Queue
260807001,CR1_MRM,2026-08-07 10:02:46,2026-08-07 10:02:47,1,4,88,,0,Queue
260807001,CR1_MRM,2026-08-07 10:02:47,2026-08-07 10:03:15,28,4,87,,0,Queue
260807001,CR1_MRM,2026-08-07 10:03:15,2026-08-07 10:03:16,1,4,86,,0,Queue
260807001,CR1_MRM,2026-08-07 10:03:16,2026-08-07 10:03:22,6,4,85,,0,Queue
260807001,CR1_MRM,2026-08-07 10:03:22,2026-08-07 10:03:23,1,4,84,,0,Queue
260807001,CR1_MRM,2026-08-07 10:03:23,2026-08-07 10:05:45,142,4,83,,0,Queue
260807001,CR1_MRM,2026-08-07 10:05:45,2026-08-07 10:05:46,1,4,82,,0,Queue
260807001,CR1_MRM,2026-08-07 10:05:46,2026-08-07 10:06:45,59,4,81,,0,Queue
260807001,CR1_MRM,2026-08-07 10:06:45,2026-08-07 10:06:46,1,4,80,,0,Queue
260807001,CR1_MRM,2026-08-07 10:06:46,2026-08-07 10:07:56,70,4,79,,0,Queue
260807001,CR1_MRM,2026-08-07 10:07:56,2026-08-07 10:07:57,1,4,78,,0,Queue
260807001,CR1_MRM,2026-08-07 10:07:57,2026-08-07 10:09:26,89,4,77,,0,Queue
260807001,CR1_MRM,2026-08-07 10:09:26,2026-08-07 10:09:27,1,4,76,,0,Queue
260807001,CR1_MRM,2026-08-07 10:09:27,2026-08-07 10:10:02,35,4,75,,0,Queue
260807001,CR1_MRM,2026-08-07 10:10:02,2026-08-07 10:10:03,1,4,74,,0,Queue
260807001,CR1_MRM,2026-08-07 10:10:03,2026-08-07 10:11:42,99,4,73,,0,Queue
260807001,CR1_MRM,2026-08-07 10:11:42,2026-08-07 10:11:43,1,4,72,,0,Queue
260807001,CR1_MRM,2026-08-07 10:11:43,2026-08-07 10:11:55,12,4,71,,0,Queue
260807001,CR1_MRM,2026-08-07 10:11:55,2026-08-07 10:11:56,1,4,70,,0,Queue
260807001,CR1_MRM,2026-08-07 10:11:56,2026-08-07 10:12:27,31,4,69,,0,Queue
260807001,CR1_MRM,2026-08-07 10:12:27,2026-08-07 10:12:28,1,4,68,,0,Queue
260807001,CR1_MRM,2026-08-07 10:12:28,2026-08-07 10:14:45,137,4,67,,0,Queue
260807001,CR1_MRM,2026-08-07 10:14:45,2026-08-07 10:14:46,1,4,66,,0,Queue
260807001,CR1_MRM,2026-08-07 10:14:46,2026-08-07 10:16:53,127,4,65,,0,Queue
260807001,CR1_MRM,2026-08-07 10:16:53,2026-08-07 10:16:54,1,4,64,,0,Queue
260807001,CR1_MRM,2026-08-07 10:16:54,2026-08-07 10:16:58,4,4,63,,0,Queue
260807001,CR1_MRM,2026-08-07 10:16:58,2026-08-07 10:16:59,1,4,62,,0,Queue
260807001,CR1_MRM,2026-08-07 10:16:59,2026-08-07 10:18:14,75,4,61,,0,Queue
260807001,CR1_MRM,2026-08-07 10:18:14,2026-08-07 10:18:15,1,4,60,,0,Queue
260807001,CR1_MRM,2026-08-07 10:18:15,2026-08-07 10:18:38,23,4,59,,0,Queue
260807001,CR1_MRM,2026-08-07 10:18:38,2026-08-07 10:18:39,1,4,58,,0,Queue
260807001,CR1_MRM,2026-08-07 10:18:39,2026-08-07 10:18:45,6,4,57,,0,Queue
260807001,CR1_MRM,2026-08-07 10:18:45,2026-08-07 10:18:46,1,4,56,,0,Queue
260807001,CR1_MRM,2026-08-07 10:18:46,2026-08-07 10:20:31,105,4,55,,0,Queue
260807001,CR1_MRM,2026-08-07 10:20:31,2026-08-07 10:20:32,1,4,54,,0,Queue
260807001,CR1_MRM,2026-08-07 10:20:32,2026-08-07 10:22:27,115,4,53,,0,Queue
260807001,CR1_MRM,2026-08-07 10:22:27,2026-08-07 10:22:28,1,4,52,,0,Queue
260807001,CR1_MRM,2026-08-07 10:22:28,2026-08-07 10:25:00,152,4,51,,0,Queue
260807001,CR1_MRM,2026-08-07 10:25:00,2026-08-07 10:25:01,1,4,50,,0,Queue
260807001,CR1_MRM,2026-08-07 10:25:01,2026-08-07 10:27:39,158,4,49,,0,Queue
260807001,CR1_MRM,2026-08-07 10:27:39,2026-08-07 10:27:40,1,4,48,,0,Queue
260807001,CR1_MRM,2026-08-07 10:27:40,2026-08-07 10:29:22,102,4,47,,0,Queue
260807001,CR1_MRM,2026-08-07 10:29:22,2026-08-07 10:29:23,1,4,46,,0,Queue
260807001,CR1_MRM,2026-08-07 10:29:23,2026-08-07 10:29:36,13,4,45,,0,Queue
260807001,CR1_MRM,2026-08-07 10:29:36,2026-08-07 10:29:37,1,4,44,,0,Queue
260807001,CR1_MRM,2026-08-07 10:29:37,2026-08-07 10:31:11,94,4,43,,0,Queue
260807001,CR1_MRM,2026-08-07 10:31:11,2026-08-07 10:31:12,1,4,42,,0,Queue
260807001,CR1_MRM,2026-08-07 10:31:12,2026-08-07 10:34:53,221,4,41,,0,Queue
260807001,CR1_MRM,2026-08-07 10:34:53,2026-08-07 10:34:54,1,4,40,,0,Queue
260807001,CR1_MRM,2026-08-07 10:34:54,2026-08-07 10:34:55,1,4,39,,0,Queue
260807001,CR1_MRM,2026-08-07 10:34:55,2026-08-07 10:34:56,1,4,38,,0,Queue
260807001,CR1_MRM,2026-08-07 10:34:56,2026-08-07 10:35:42,46,4,37,,0,Queue
260807001,CR1_MRM,2026-08-07 10:35:42,2026-08-07 10:35:43,1,4,36,,0,Queue
260807001,CR1_MRM,2026-08-07 10:35:43,2026-08-07 10:35:43,0,4,35,,0,Queue
260807001,CR1_MRM,2026-08-07 10:35:43,2026-08-07 10:35:44,1,4,34,,0,Queue
260807001,CR1_MRM,2026-08-07 10:35:44,2026-08-07 10:39:13,209,4,33,,0,Queue
260807001,CR1_MRM,2026-08-07 10:39:13,2026-08-07 10:39:14,1,4,32,,0,Queue
260807001,CR1_MRM,2026-08-07 10:39:14,2026-08-07 10:39:20,6,4,31,,0,Queue
260807001,CR1_MRM,2026-08-07 10:39:20,2026-08-07 10:39:21,1,4,30,,0,Queue
260807001,CR1_MRM,2026-08-07 10:39:21,2026-08-07 10:39:23,2,4,29,,0,Queue
260807001,CR1_MRM,2026-08-07 10:39:23,2026-08-07 10:39:24,1,4,28,,0,Queue
260807001,CR1_MRM,2026-08-07 10:39:24,2026-08-07 10:39:47,23,4,27,,0,Queue
260807001,CR1_MRM,2026-08-07 10:39:47,2026-08-07 10:39:48,1,4,26,,0,Queue
260807001,CR1_MRM,2026-08-07 10:39:48,2026-08-07 10:39:55,7,4,25,,0,Queue
260807001,CR1_MRM,2026-08-07 10:39:55,2026-08-07 10:39:56,1,4,24,,0,Queue
260807001,CR1_MRM,2026-08-07 10:39:56,2026-08-07 10:40:03,7,4,23,,0,Queue
260807001,CR1_MRM,2026-08-07 10:40:03,2026-08-07 10:40:04,1,4,22,,0,Queue
260807001,CR1_MRM,2026-08-07 10:40:04,2026-08-07 10:41:48,104,4,21,,0,Queue
260807001,CR1_MRM,2026-08-07 10:41:48,2026-08-07 10:41:49,1,4,20,,0,Queue
260807001,CR1_MRM,2026-08-07 10:41:49,2026-08-07 10:42:10,21,4,19,,0,Queue
260807001,CR1_MRM,2026-08-07 10:42:10,2026-08-07 10:42:11,1,4,18,,0,Queue
260807001,CR1_MRM,2026-08-07 10:42:11,2026-08-07 10:43:31,80,4,17,,0,Queue
260807001,CR1_MRM,2026-08-07 10:43:31,2026-08-07 10:43:32,1,4,16,,0,Queue
260807001,CR1_MRM,2026-08-07 10:43:32,2026-08-07 10:45:48,136,4,15,,0,Queue
260807001,CR1_MRM,2026-08-07 10:45:48,2026-08-07 10:45:49,1,4,14,,0,Queue
260807001,CR1_MRM,2026-08-07 10:45:49,2026-08-07 10:48:10,141,4,13,,0,Queue
260807001,CR1_MRM,2026-08-07 10:48:10,2026-08-07 10:48:11,1,4,12,,0,Queue
260807001,CR1_MRM,2026-08-07 10:48:11,2026-08-07 10:49:40,89,4,11,,0,Queue
260807001,CR1_MRM,2026-08-07 10:49:40,2026-08-07 10:49:41,1,4,10,,0,Queue
260807001,CR1_MRM,2026-08-07 10:49:41,2026-08-07 10:53:32,231,4,9,,0,Queue
260807001,CR1_MRM,2026-08-07 10:53:32,2026-08-07 10:53:33,1,4,8,,0,Queue
260807001,CR1_MRM,2026-08-07 10:53:33,2026-08-07 10:53:59,26,4,7,,0,Queue
260807001,CR1_MRM,2026-08-07 10:53:59,2026-08-07 10:54:00,1,4,6,,0,Queue
260807001,CR1_MRM,2026-08-07 10:54:00,2026-08-07 10:54:07,7,4,5,,0,Queue
260807001,CR1_MRM,2026-08-07 10:54:07,2026-08-07 10:54:08,1,4,4,,0,Queue
260807001,CR1_MRM,2026-08-07 10:54:08,2026-08-07 10:57:26,198,4,3,,0,Queue
260807001,CR1_MRM,2026-08-07 10:57:26,2026-08-07 10:57:27,1,4,2,,0,Queue
260807001,CR1_MRM,2026-08-07 10:57:27,,,4,1,,0,Queue
260807001,CR2_JPM,2026-08-07 05:59:59,2026-08-07 06:00:00,1,-1,756,0,0,Hang
260807001,CR2_JPM,2026-08-07 06:00:00,2026-08-07 06:00:14,14,0,755,1,0,Good
260807001,CR2_JPM,2026-08-07 06:00:14,2026-08-07 06:00:15,1,0,754,1,0,Good
260807001,CR2_JPM,2026-08-07 06:00:15,2026-08-07 06:00:27,12,0,753,2,0,Good
260807001,CR2_JPM,2026-08-07 06:00:27,2026-08-07 06:00:28,1,0,752,2,0,Good
260807001,CR2_JPM,2026-08-07 06:00:28,2026-08-07 06:00:58,30,0,751,1,0,Good
260807001,CR2_JPM,2026-08-07 06:00:58,2026-08-07 06:00:59,1,0,750,1,0,Good
260807001,CR2_JPM,2026-08-07 06:00:59,2026-08-07 06:01:25,26,0,749,2,0,Good
260807001,CR2_JPM,2026-08-07 06:01:25,2026-08-07 06:01:26,1,0,748,2,0,Good
260807001,CR2_JPM,2026-08-07 06:01:26,2026-08-07 06:02:18,52,0,747,3,1,Queue
260807001,CR2_JPM,2026-08-07 06:02:18,2026-08-07 06:02:19,1,0,746,3,1,Queue
260807001,CR2_JPM,2026-08-07 06:02:19,2026-08-07 06:03:03,44,0,745,2,0,Good
260807001,CR2_JPM,2026-08-07 06:03:03,2026-08-07 06:03:04,1,0,744,2,0,Good
260807001,CR2_JPM,2026-08-07 06:03:04,2026-08-07 06:03:35,31,0,743,3,1,Queue
260807001,CR2_JPM,2026-08-07 06:03:35,2026-08-07 06:03:36,1,0,742,3,1,Queue
260807001,CR2_JPM,2026-08-07 06:03:36,2026-08-07 06:04:07,31,0,741,2,0,Good
260807001,CR2_JPM,2026-08-07 06:04:07,2026-08-07 06:04:08,1,0,740,2,0,Good
260807001,CR2_JPM,2026-08-07 06:04:08,2026-08-07 06:04:52,44,0,739,3,1,Queue
260807001,CR2_JPM,2026-08-07 06:04:52,2026-08-07 06:04:53,1,0,738,3,1,Queue
260807001,CR2_JPM,2026-08-07 06:04:53,2026-08-07 06:05:05,12,0,737,4,2,Queue
260807001,CR2_JPM,2026-08-07 06:05:05,2026-08-07 06:05:06,1,0,736,4,2,Queue
260807001,CR2_JPM,2026-08-07 06:05:06,2026-08-07 06:06:21,75,0,735,3,1,Queue
260807001,CR2_JPM,2026-08-07 06:06:21,2026-08-07 06:06:22,1,0,734,3,1,Queue
260807001,CR2_JPM,2026-08-07 06:06:22,2026-08-07 06:08:26,124,0,733,2,0,Good
260807001,CR2_JPM,2026-08-07 06:08:26,2026-08-07 06:08:27,1,0,732,2,0,Good
260807001,CR2_JPM,2026-08-07 06:08:27,2026-08-07 06:09:10,43,0,731,1,0,Good
260807001,CR2_JPM,2026-08-07 06:09:10,2026-08-07 06:09:11,1,0,730,1,0,Good
260807001,CR2_JPM,2026-08-07 06:09:11,2026-08-07 06:10:41,90,0,729,0,0,Hang
260807001,CR2_JPM,2026-08-07 06:10:41,2026-08-07 06:10:42,1,0,728,0,0,Hang
260807001,CR2_JPM,2026-08-07 06:10:42,2026-08-07 06:11:34,52,0,727,1,0,Good
260807001,CR2_JPM,2026-08-07 06:11:34,2026-08-07 06:11:35,1,0,726,1,0,Good
260807001,CR2_JPM,2026-08-07 06:11:35,2026-08-07 06:16:20,285,0,725,0,0,Hang
260807001,CR2_JPM,2026-08-07 06:16:20,2026-08-07 06:16:21,1,0,724,0,0,Hang
260807001,CR2_JPM,2026-08-07 06:16:21,2026-08-07 06:17:09,48,0,723,1,0,Good
260807001,CR2_JPM,2026-08-07 06:17:09,2026-08-07 06:17:10,1,0,722,1,0,Good
260807001,CR2_JPM,2026-08-07 06:17:10,2026-08-07 06:17:12,2,0,721,2,0,Good
260807001,CR2_JPM,2026-08-07 06:17:12,2026-08-07 06:17:13,1,0,720,2,0,Good
260807001,CR2_JPM,2026-08-07 06:17:13,2026-08-07 06:17:32,19,0,719,3,1,Queue
260807001,CR2_JPM,2026-08-07 06:17:32,2026-08-07 06:17:33,1,0,718,3,1,Queue
260807001,CR2_JPM,2026-08-07 06:17:33,2026-08-07 06:18:14,41,0,717,2,0,Good
260807001,CR2_JPM,2026-08-07 06:18:14,2026-08-07 06:18:15,1,0,716,2,0,Good
260807001,CR2_JPM,2026-08-07 06:18:15,2026-08-07 06:19:11,56,0,715,1,0,Good
260807001,CR2_JPM,2026-08-07 06:19:11,2026-08-07 06:19:12,1,0,714,1,0,Good
260807001,CR2_JPM,2026-08-07 06:19:12,2026-08-07 06:20:48,96,0,713,0,0,Hang
260807001,CR2_JPM,2026-08-07 06:20:48,2026-08-07 06:20:49,1,0,712,0,0,Hang
260807001,CR2_JPM,2026-08-07 06:20:49,2026-08-07 06:21:05,16,0,711,1,0,Good
260807001,CR2_JPM,2026-08-07 06:21:05,2026-08-07 06:21:06,1,0,710,1,0,Good
260807001,CR2_JPM,2026-08-07 06:21:06,2026-08-07 06:22:06,60,0,709,2,0,Good
260807001,CR2_JPM,2026-08-07 06:22:06,2026-08-07 06:22:07,1,0,708,2,0,Good
260807001,CR2_JPM,2026-08-07 06:22:07,2026-08-07 06:22:35,28,0,707,1,0,Good
260807001,CR2_JPM,2026-08-07 06:22:35,2026-08-07 06:22:36,1,0,706,1,0,Good
260807001,CR2_JPM,2026-08-07 06:22:36,2026-08-07 06:22:37,1,0,705,0,0,Hang
260807001,CR2_JPM,2026-08-07 06:22:37,2026-08-07 06:22:38,1,0,704,0,0,Hang
260807001,CR2_JPM,2026-08-07 06:22:38,2026-08-07 06:22:53,15,0,703,1,0,Good
260807001,CR2_JPM,2026-08-07 06:22:53,2026-08-07 06:22:54,1,0,702,1,0,Good
260807001,CR2_JPM,2026-08-07 06:22:54,2026-08-07 06:23:41,47,0,701,2,0,Good
260807001,CR2_JPM,2026-08-07 06:23:41,2026-08-07 06:23:42,1,0,700,2,0,Good
260807001,CR2_JPM,2026-08-07 06:23:42,2026-08-07 06:24:01,19,0,699,1,0,Good
260807001,CR2_JPM,2026-08-07 06:24:01,2026-08-07 06:24:02,1,0,698,1,0,Good
260807001,CR2_JPM,2026-08-07 06:24:02,2026-08-07 06:24:09,7,0,697,2,0,Good
260807001,CR2_JPM,2026-08-07 06:24:09,2026-08-07 06:24:10,1,0,696,2,0,Good
260807001,CR2_JPM,2026-08-07 06:24:10,2026-08-07 06:24:50,40,0,695,1,0,Good
260807001,CR2_JPM,2026-08-07 06:24:50,2026-08-07 06:24:51,1,0,694,1,0,Good
260807001,CR2_JPM,2026-08-07 06:24:51,2026-08-07 06:26:28,97,0,693,0,0,Hang
260807001,CR2_JPM,2026-08-07 06:26:28,2026-08-07 06:26:29,1,0,692,0,0,Hang
260807001,CR2_JPM,2026-08-07 06:26:29,2026-08-07 06:26:30,1,0,691,1,0,Good
260807001,CR2_JPM,2026-08-07 06:26:30,2026-08-07 06:26:31,1,0,690,1,0,Good
260807001,CR2_JPM,2026-08-07 06:26:31,2026-08-07 06:26:40,9,0,689,2,0,Good
260807001,CR2_JPM,2026-08-07 06:26:40,2026-08-07 06:26:41,1,0,688,2,0,Good
260807001,CR2_JPM,2026-08-07 06:26:41,2026-08-07 06:27:29,48,0,687,3,1,Queue
260807001,CR2_JPM,2026-08-07 06:27:29,2026-08-07 06:27:30,1,0,686,3,1,Queue
260807001,CR2_JPM,2026-08-07 06:27:30,2026-08-07 06:27:41,11,0,685,2,0,Good
260807001,CR2_JPM,2026-08-07 06:27:41,2026-08-07 06:27:42,1,0,684,2,0,Good
260807001,CR2_JPM,2026-08-07 06:27:42,2026-08-07 06:28:16,34,0,683,1,0,Good
260807001,CR2_JPM,2026-08-07 06:28:16,2026-08-07 06:28:17,1,0,682,1,0,Good
260807001,CR2_JPM,2026-08-07 06:28:17,2026-08-07 06:29:10,53,0,681,2,0,Good
260807001,CR2_JPM,2026-08-07 06:29:10,2026-08-07 06:29:11,1,0,680,2,0,Good
260807001,CR2_JPM,2026-08-07 06:29:11,2026-08-07 06:29:33,22,0,679,1,0,Good
260807001,CR2_JPM,2026-08-07 06:29:33,2026-08-07 06:29:34,1,0,678,1,0,Good
260807001,CR2_JPM,2026-08-07 06:29:34,2026-08-07 06:29:40,6,0,677,2,0,Good
260807001,CR2_JPM,2026-08-07 06:29:40,2026-08-07 06:29:41,1,0,676,2,0,Good
260807001,CR2_JPM,2026-08-07 06:29:41,2026-08-07 06:30:27,46,0,675,3,1,Queue
260807001,CR2_JPM,2026-08-07 06:30:27,2026-08-07 06:30:28,1,0,674,3,1,Queue
260807001,CR2_JPM,2026-08-07 06:30:28,2026-08-07 06:33:06,158,0,673,2,0,Queue
260807001,CR2_JPM,2026-08-07 06:33:06,2026-08-07 06:33:07,1,0,672,2,0,Good
260807001,CR2_JPM,2026-08-07 06:33:07,2026-08-07 06:35:07,120,0,671,1,0,Good
260807001,CR2_JPM,2026-08-07 06:35:07,2026-08-07 06:35:08,1,0,670,1,0,Good
260807001,CR2_JPM,2026-08-07 06:35:08,2026-08-07 06:35:17,9,0,669,2,0,Good
260807001,CR2_JPM,2026-08-07 06:35:17,2026-08-07 06:35:18,1,0,668,2,0,Good
260807001,CR2_JPM,2026-08-07 06:35:18,2026-08-07 06:35:36,18,0,667,1,0,Good
260807001,CR2_JPM,2026-08-07 06:35:36,2026-08-07 06:35:37,1,0,666,1,0,Good
260807001,CR2_JPM,2026-08-07 06:35:37,2026-08-07 06:36:34,57,0,665,2,0,Good
260807001,CR2_JPM,2026-08-07 06:36:34,2026-08-07 06:36:35,1,0,664,2,0,Good
260807001,CR2_JPM,2026-08-07 06:36:35,2026-08-07 06:36:45,10,0,663,1,0,Good
260807001,CR2_JPM,2026-08-07 06:36:45,2026-08-07 06:36:46,1,0,662,1,0,Good
260807001,CR2_JPM,2026-08-07 06:36:46,2026-08-07 06:37:08,22,0,661,0,0,Hang
260807001,CR2_JPM,2026-08-07 06:37:08,2026-08-07 06:37:09,1,0,660,0,0,Hang
260807001,CR2_JPM,2026-08-07 06:37:09,2026-08-07 06:38:56,107,0,659,1,0,Good
260807001,CR2_JPM,2026-08-07 06:38:56,2026-08-07 06:38:57,1,0,658,1,0,Good
260807001,CR2_JPM,2026-08-07 06:38:57,2026-08-07 06:43:33,276,0,657,0,0,Hang
260807001,CR2_JPM,2026-08-07 06:43:33,2026-08-07 06:43:34,1,0,656,0,0,Hang
260807001,CR2_JPM,2026-08-07 06:43:34,2026-08-07 06:43:37,3,0,655,1,0,Good
260807001,CR2_JPM,2026-08-07 06:43:37,2026-08-07 06:43:38,1,0,654,1,0,Good
260807001,CR2_JPM,2026-08-07 06:43:38,2026-08-07 06:43:50,12,0,653,2,0,Good
260807001,CR2_JPM,2026-08-07 06:43:50,2026-08-07 06:43:51,1,0,652,2,0,Good
260807001,CR2_JPM,2026-08-07 06:43:51,2026-08-07 06:44:51,60,0,651,1,0,Good
260807001,CR2_JPM,2026-08-07 06:44:51,2026-08-07 06:44:52,1,0,650,1,0,Good
260807001,CR2_JPM,2026-08-07 06:44:52,2026-08-07 06:45:04,12,0,649,0,0,Hang
260807001,CR2_JPM,2026-08-07 06:45:04,2026-08-07 06:45:05,1,0,648,0,0,Hang
260807001,CR2_JPM,2026-08-07 06:45:05,2026-08-07 06:46:22,77,0,647,1,0,Good
260807001,CR2_JPM,2026-08-07 06:46:22,2026-08-07 06:46:23,1,0,646,1,0,Good
260807001,CR2_JPM,2026-08-07 06:46:23,2026-08-07 06:46:49,26,0,645,0,0,Hang
260807001,CR2_JPM,2026-08-07 06:46:49,2026-08-07 06:46:50,1,0,644,0,0,Hang
260807001,CR2_JPM,2026-08-07 06:46:50,2026-08-07 06:47:23,33,0,643,1,0,Good
260807001,CR2_JPM,2026-08-07 06:47:23,2026-08-07 06:47:24,1,0,642,1,0,Good
260807001,CR2_JPM,2026-08-07 06:47:24,2026-08-07 06:48:01,37,0,641,2,0,Good
260807001,CR2_JPM,2026-08-07 06:48:01,2026-08-07 06:48:02,1,0,640,2,0,Good
260807001,CR2_JPM,2026-08-07 06:48:02,2026-08-07 06:48:02,0,0,639,1,0,Good
260807001,CR2_JPM,2026-08-07 06:48:02,2026-08-07 06:48:03,1,0,638,1,0,Good
260807001,CR2_JPM,2026-08-07 06:48:03,2026-08-07 06:48:27,24,0,637,2,0,Good
260807001,CR2_JPM,2026-08-07 06:48:27,2026-08-07 06:48:28,1,0,636,2,0,Good
260807001,CR2_JPM,2026-08-07 06:48:28,2026-08-07 06:48:32,4,0,635,3,1,Queue
260807001,CR2_JPM,2026-08-07 06:48:32,2026-08-07 06:48:33,1,0,634,3,1,Queue
260807001,CR2_JPM,2026-08-07 06:48:33,2026-08-07 06:49:29,56,0,633,2,0,Good
260807001,CR2_JPM,2026-08-07 06:49:29,2026-08-07 06:49:30,1,0,632,2,0,Good
260807001,CR2_JPM,2026-08-07 06:49:30,2026-08-07 06:49:36,6,0,631,1,0,Good
260807001,CR2_JPM,2026-08-07 06:49:36,2026-08-07 06:49:37,1,0,630,1,0,Good
260807001,CR2_JPM,2026-08-07 06:49:37,2026-08-07 06:50:01,24,0,629,0,0,Hang
260807001,CR2_JPM,2026-08-07 06:50:01,2026-08-07 06:50:02,1,0,628,0,0,Hang
260807001,CR2_JPM,2026-08-07 06:50:02,2026-08-07 06:50:29,27,0,627,1,0,Good
260807001,CR2_JPM,2026-08-07 06:50:29,2026-08-07 06:50:30,1,0,626,1,0,Good
260807001,CR2_JPM,2026-08-07 06:50:30,2026-08-07 06:50:56,26,0,625,2,0,Good
260807001,CR2_JPM,2026-08-07 06:50:56,2026-08-07 06:50:57,1,0,624,2,0,Good
260807001,CR2_JPM,2026-08-07 06:50:57,2026-08-07 06:52:43,106,0,623,1,0,Good
260807001,CR2_JPM,2026-08-07 06:52:43,2026-08-07 06:52:44,1,0,621,1,0,Good
260807001,CR2_JPM,2026-08-07 06:52:43,2026-08-07 06:52:43,0,0,622,2,0,Good
260807001,CR2_JPM,2026-08-07 06:52:44,2026-08-07 06:53:30,46,0,619,1,0,Good
260807001,CR2_JPM,2026-08-07 06:52:44,2026-08-07 06:52:44,0,0,620,2,0,Good
260807001,CR2_JPM,2026-08-07 06:53:30,2026-08-07 06:53:31,1,0,618,1,0,Good
260807001,CR2_JPM,2026-08-07 06:53:31,2026-08-07 06:53:31,0,0,617,2,0,Good
260807001,CR2_JPM,2026-08-07 06:53:31,2026-08-07 06:53:32,1,0,616,2,0,Good
260807001,CR2_JPM,2026-08-07 06:53:32,2026-08-07 06:55:35,123,0,615,1,0,Good
260807001,CR2_JPM,2026-08-07 06:55:35,2026-08-07 06:55:36,1,0,614,1,0,Good
260807001,CR2_JPM,2026-08-07 06:55:36,2026-08-07 06:58:54,198,0,613,0,0,Hang
260807001,CR2_JPM,2026-08-07 06:58:54,2026-08-07 06:58:55,1,0,612,0,0,Hang
260807001,CR2_JPM,2026-08-07 06:58:55,2026-08-07 06:59:07,12,0,611,1,0,Good
260807001,CR2_JPM,2026-08-07 06:59:07,2026-08-07 06:59:08,1,0,610,1,0,Good
260807001,CR2_JPM,2026-08-07 06:59:08,2026-08-07 07:00:08,60,0,609,2,0,Good
260807001,CR2_JPM,2026-08-07 07:00:08,2026-08-07 07:00:09,1,1,608,2,0,Good
260807001,CR2_JPM,2026-08-07 07:00:09,2026-08-07 07:00:13,4,1,607,1,0,Good
260807001,CR2_JPM,2026-08-07 07:00:13,2026-08-07 07:00:14,1,1,606,1,0,Good
260807001,CR2_JPM,2026-08-07 07:00:14,2026-08-07 07:01:28,74,1,605,0,0,Hang
260807001,CR2_JPM,2026-08-07 07:01:28,2026-08-07 07:01:29,1,1,604,0,0,Hang
260807001,CR2_JPM,2026-08-07 07:01:29,2026-08-07 07:02:19,50,1,603,1,0,Good
260807001,CR2_JPM,2026-08-07 07:02:19,2026-08-07 07:02:20,1,1,602,1,0,Good
260807001,CR2_JPM,2026-08-07 07:02:20,2026-08-07 07:02:34,14,1,601,2,0,Good
260807001,CR2_JPM,2026-08-07 07:02:34,2026-08-07 07:02:35,1,1,600,2,0,Good
260807001,CR2_JPM,2026-08-07 07:02:35,2026-08-07 07:03:22,47,1,599,1,0,Good
260807001,CR2_JPM,2026-08-07 07:03:22,2026-08-07 07:03:23,1,1,598,1,0,Good
260807001,CR2_JPM,2026-08-07 07:03:23,2026-08-07 07:05:36,133,1,597,0,0,Hang
260807001,CR2_JPM,2026-08-07 07:05:36,2026-08-07 07:05:37,1,1,596,0,0,Hang
260807001,CR2_JPM,2026-08-07 07:05:37,2026-08-07 07:07:01,84,1,595,1,0,Good
260807001,CR2_JPM,2026-08-07 07:07:01,2026-08-07 07:07:02,1,1,594,1,0,Good
260807001,CR2_JPM,2026-08-07 07:07:02,2026-08-07 07:09:07,125,1,593,0,0,Hang
260807001,CR2_JPM,2026-08-07 07:09:07,2026-08-07 07:09:08,1,1,592,0,0,Hang
260807001,CR2_JPM,2026-08-07 07:09:08,2026-08-07 07:09:30,22,1,591,1,0,Good
260807001,CR2_JPM,2026-08-07 07:09:30,2026-08-07 07:09:31,1,1,590,1,0,Good
260807001,CR2_JPM,2026-08-07 07:09:31,2026-08-07 07:09:32,1,1,589,2,0,Good
260807001,CR2_JPM,2026-08-07 07:09:32,2026-08-07 07:09:33,1,1,588,2,0,Good
260807001,CR2_JPM,2026-08-07 07:09:33,2026-08-07 07:09:38,5,1,587,3,1,Queue
260807001,CR2_JPM,2026-08-07 07:09:38,2026-08-07 07:09:39,1,1,586,3,1,Queue
260807001,CR2_JPM,2026-08-07 07:09:39,2026-08-07 07:10:20,41,1,585,4,2,Queue
260807001,CR2_JPM,2026-08-07 07:10:20,2026-08-07 07:10:21,1,1,584,4,2,Queue
260807001,CR2_JPM,2026-08-07 07:10:21,2026-08-07 07:10:32,11,1,583,3,1,Queue
260807001,CR2_JPM,2026-08-07 07:10:32,2026-08-07 07:10:33,1,1,582,3,1,Queue
260807001,CR2_JPM,2026-08-07 07:10:33,2026-08-07 07:10:55,22,1,581,2,0,Good
260807001,CR2_JPM,2026-08-07 07:10:55,2026-08-07 07:10:56,1,1,580,2,0,Good
260807001,CR2_JPM,2026-08-07 07:10:56,2026-08-07 07:11:02,6,1,579,3,1,Queue
260807001,CR2_JPM,2026-08-07 07:11:02,2026-08-07 07:11:03,1,1,578,3,1,Queue
260807001,CR2_JPM,2026-08-07 07:11:03,2026-08-07 07:11:45,42,1,577,4,2,Queue
260807001,CR2_JPM,2026-08-07 07:11:45,2026-08-07 07:11:46,1,1,575,3,1,Queue
260807001,CR2_JPM,2026-08-07 07:11:45,2026-08-07 07:11:45,0,1,576,4,2,Queue
260807001,CR2_JPM,2026-08-07 07:11:46,2026-08-07 07:13:14,88,1,573,2,0,Good
260807001,CR2_JPM,2026-08-07 07:11:46,2026-08-07 07:11:46,0,1,574,3,1,Queue
260807001,CR2_JPM,2026-08-07 07:13:14,2026-08-07 07:13:15,1,1,572,2,0,Good
260807001,CR2_JPM,2026-08-07 07:13:15,2026-08-07 07:13:51,36,1,571,1,0,Good
260807001,CR2_JPM,2026-08-07 07:13:51,2026-08-07 07:13:52,1,1,570,1,0,Good
260807001,CR2_JPM,2026-08-07 07:13:52,2026-08-07 07:14:07,15,1,569,0,0,Hang
260807001,CR2_JPM,2026-08-07 07:14:07,2026-08-07 07:14:08,1,1,568,0,0,Hang
260807001,CR2_JPM,2026-08-07 07:14:08,2026-08-07 07:15:04,56,1,567,1,0,Good
260807001,CR2_JPM,2026-08-07 07:15:04,2026-08-07 07:15:05,1,1,566,1,0,Good
260807001,CR2_JPM,2026-08-07 07:15:05,2026-08-07 07:15:52,47,1,565,2,0,Good
260807001,CR2_JPM,2026-08-07 07:15:52,2026-08-07 07:15:53,1,1,564,2,0,Good
260807001,CR2_JPM,2026-08-07 07:15:53,2026-08-07 07:17:11,78,1,563,1,0,Good
260807001,CR2_JPM,2026-08-07 07:17:11,2026-08-07 07:17:12,1,1,562,1,0,Good
260807001,CR2_JPM,2026-08-07 07:17:12,2026-08-07 07:17:49,37,1,561,2,0,Good
260807001,CR2_JPM,2026-08-07 07:17:49,2026-08-07 07:17:50,1,1,560,2,0,Good
260807001,CR2_JPM,2026-08-07 07:17:50,2026-08-07 07:19:08,78,1,559,1,0,Good
260807001,CR2_JPM,2026-08-07 07:19:08,2026-08-07 07:19:09,1,1,558,1,0,Good
260807001,CR2_JPM,2026-08-07 07:19:09,2026-08-07 07:21:45,156,1,557,0,0,Hang
260807001,CR2_JPM,2026-08-07 07:21:45,2026-08-07 07:21:46,1,1,556,0,0,Hang
260807001,CR2_JPM,2026-08-07 07:21:46,2026-08-07 07:22:02,16,1,555,1,0,Good
260807001,CR2_JPM,2026-08-07 07:22:02,2026-08-07 07:22:03,1,1,554,1,0,Good
260807001,CR2_JPM,2026-08-07 07:22:03,2026-08-07 07:22:50,47,1,553,2,0,Good
260807001,CR2_JPM,2026-08-07 07:22:50,2026-08-07 07:22:51,1,1,552,2,0,Good
260807001,CR2_JPM,2026-08-07 07:22:51,2026-08-07 07:23:16,25,1,551,1,0,Good
260807001,CR2_JPM,2026-08-07 07:23:16,2026-08-07 07:23:17,1,1,550,1,0,Good
260807001,CR2_JPM,2026-08-07 07:23:17,2026-08-07 07:23:22,5,1,549,0,0,Hang
260807001,CR2_JPM,2026-08-07 07:23:22,2026-08-07 07:23:23,1,1,548,0,0,Hang
260807001,CR2_JPM,2026-08-07 07:23:23,2026-08-07 07:24:15,52,1,547,1,0,Good
260807001,CR2_JPM,2026-08-07 07:24:15,2026-08-07 07:24:16,1,1,546,1,0,Good
260807001,CR2_JPM,2026-08-07 07:24:16,2026-08-07 07:24:35,19,1,545,2,0,Good
260807001,CR2_JPM,2026-08-07 07:24:35,2026-08-07 07:24:36,1,1,544,2,0,Good
260807001,CR2_JPM,2026-08-07 07:24:36,2026-08-07 07:25:49,73,1,543,1,0,Good
260807001,CR2_JPM,2026-08-07 07:25:49,2026-08-07 07:25:50,1,1,542,1,0,Good
260807001,CR2_JPM,2026-08-07 07:25:50,2026-08-07 07:26:35,45,1,541,0,0,Hang
260807001,CR2_JPM,2026-08-07 07:26:35,2026-08-07 07:26:36,1,1,540,0,0,Hang
260807001,CR2_JPM,2026-08-07 07:26:36,2026-08-07 07:27:43,67,1,539,1,0,Good
260807001,CR2_JPM,2026-08-07 07:27:43,2026-08-07 07:27:44,1,1,538,1,0,Good
260807001,CR2_JPM,2026-08-07 07:27:44,2026-08-07 07:30:01,137,1,537,0,0,Hang
260807001,CR2_JPM,2026-08-07 07:30:01,2026-08-07 07:30:02,1,1,536,0,0,Hang
260807001,CR2_JPM,2026-08-07 07:30:02,2026-08-07 07:31:38,96,1,535,1,0,Good
260807001,CR2_JPM,2026-08-07 07:31:38,2026-08-07 07:31:39,1,1,534,1,0,Good
260807001,CR2_JPM,2026-08-07 07:31:39,2026-08-07 07:32:40,61,1,533,0,0,Hang
260807001,CR2_JPM,2026-08-07 07:32:40,2026-08-07 07:32:41,1,1,532,0,0,Hang
260807001,CR2_JPM,2026-08-07 07:32:41,2026-08-07 07:33:54,73,1,531,1,0,Good
260807001,CR2_JPM,2026-08-07 07:33:54,2026-08-07 07:33:55,1,1,530,1,0,Good
260807001,CR2_JPM,2026-08-07 07:33:55,2026-08-07 07:34:06,11,1,529,2,0,Good
260807001,CR2_JPM,2026-08-07 07:34:06,2026-08-07 07:34:07,1,1,528,2,0,Good
260807001,CR2_JPM,2026-08-07 07:34:07,2026-08-07 07:34:31,24,1,527,1,0,Good
260807001,CR2_JPM,2026-08-07 07:34:31,2026-08-07 07:34:32,1,1,526,1,0,Good
260807001,CR2_JPM,2026-08-07 07:34:32,2026-08-07 07:35:38,66,1,525,2,0,Good
260807001,CR2_JPM,2026-08-07 07:35:38,2026-08-07 07:35:39,1,1,524,2,0,Good
260807001,CR2_JPM,2026-08-07 07:35:39,2026-08-07 07:35:44,5,1,523,1,0,Good
260807001,CR2_JPM,2026-08-07 07:35:44,2026-08-07 07:35:45,1,1,522,1,0,Good
260807001,CR2_JPM,2026-08-07 07:35:45,2026-08-07 07:37:37,112,1,521,0,0,Hang
260807001,CR2_JPM,2026-08-07 07:37:37,2026-08-07 07:37:38,1,1,520,0,0,Hang
260807001,CR2_JPM,2026-08-07 07:37:38,2026-08-07 07:38:12,34,1,519,1,0,Good
260807001,CR2_JPM,2026-08-07 07:38:12,2026-08-07 07:38:13,1,1,518,1,0,Good
260807001,CR2_JPM,2026-08-07 07:38:13,2026-08-07 07:38:23,10,1,517,2,0,Good
260807001,CR2_JPM,2026-08-07 07:38:23,2026-08-07 07:38:24,1,1,516,2,0,Good
260807001,CR2_JPM,2026-08-07 07:38:24,2026-08-07 07:39:21,57,1,515,1,0,Good
260807001,CR2_JPM,2026-08-07 07:39:21,2026-08-07 07:39:22,1,1,514,1,0,Good
260807001,CR2_JPM,2026-08-07 07:39:22,2026-08-07 07:39:25,3,1,513,0,0,Hang
260807001,CR2_JPM,2026-08-07 07:39:25,2026-08-07 07:39:26,1,1,512,0,0,Hang
260807001,CR2_JPM,2026-08-07 07:39:26,2026-08-07 07:39:43,17,1,511,1,0,Good
260807001,CR2_JPM,2026-08-07 07:39:43,2026-08-07 07:39:44,1,1,510,1,0,Good
260807001,CR2_JPM,2026-08-07 07:39:44,2026-08-07 07:40:31,47,1,509,2,0,Good
260807001,CR2_JPM,2026-08-07 07:40:31,2026-08-07 07:40:32,1,1,508,2,0,Good
260807001,CR2_JPM,2026-08-07 07:40:32,2026-08-07 07:40:37,5,1,507,1,0,Good
260807001,CR2_JPM,2026-08-07 07:40:37,2026-08-07 07:40:38,1,1,506,1,0,Good
260807001,CR2_JPM,2026-08-07 07:40:38,2026-08-07 07:41:08,30,1,505,2,0,Good
260807001,CR2_JPM,2026-08-07 07:41:08,2026-08-07 07:41:09,1,1,504,2,0,Good
260807001,CR2_JPM,2026-08-07 07:41:09,2026-08-07 07:41:55,46,1,503,1,0,Good
260807001,CR2_JPM,2026-08-07 07:41:55,2026-08-07 07:41:56,1,1,502,1,0,Good
260807001,CR2_JPM,2026-08-07 07:41:56,2026-08-07 07:45:57,241,1,501,0,0,Hang
260807001,CR2_JPM,2026-08-07 07:45:57,2026-08-07 07:45:58,1,1,500,0,0,Hang
260807001,CR2_JPM,2026-08-07 07:45:58,2026-08-07 07:46:24,26,1,499,1,0,Good
260807001,CR2_JPM,2026-08-07 07:46:24,2026-08-07 07:46:25,1,1,498,1,0,Good
260807001,CR2_JPM,2026-08-07 07:46:25,2026-08-07 07:47:20,55,1,497,2,0,Good
260807001,CR2_JPM,2026-08-07 07:47:20,2026-08-07 07:47:21,1,1,496,2,0,Good
260807001,CR2_JPM,2026-08-07 07:47:21,2026-08-07 07:47:25,4,1,495,1,0,Good
260807001,CR2_JPM,2026-08-07 07:47:25,2026-08-07 07:47:26,1,1,494,1,0,Good
260807001,CR2_JPM,2026-08-07 07:47:26,2026-08-07 07:50:10,164,1,493,0,0,Hang
260807001,CR2_JPM,2026-08-07 07:50:10,2026-08-07 07:50:11,1,1,492,0,0,Hang
260807001,CR2_JPM,2026-08-07 07:50:11,2026-08-07 07:50:18,7,1,491,1,0,Good
260807001,CR2_JPM,2026-08-07 07:50:18,2026-08-07 07:50:19,1,1,490,1,0,Good
260807001,CR2_JPM,2026-08-07 07:50:19,2026-08-07 07:50:19,0,1,489,2,0,Good
260807001,CR2_JPM,2026-08-07 07:50:19,2026-08-07 07:50:20,1,1,488,2,0,Good
260807001,CR2_JPM,2026-08-07 07:50:20,2026-08-07 07:50:31,11,1,487,3,1,Queue
260807001,CR2_JPM,2026-08-07 07:50:31,2026-08-07 07:50:32,1,1,486,3,1,Queue
260807001,CR2_JPM,2026-08-07 07:50:32,2026-08-07 07:51:27,55,1,485,4,2,Queue
260807001,CR2_JPM,2026-08-07 07:51:27,2026-08-07 07:51:28,1,1,484,4,2,Queue
260807001,CR2_JPM,2026-08-07 07:51:28,2026-08-07 07:51:45,17,1,483,3,1,Queue
260807001,CR2_JPM,2026-08-07 07:51:45,2026-08-07 07:51:46,1,1,482,3,1,Queue
260807001,CR2_JPM,2026-08-07 07:51:46,2026-08-07 07:52:42,56,1,481,2,0,Good
260807001,CR2_JPM,2026-08-07 07:52:42,2026-08-07 07:52:43,1,1,480,2,0,Good
260807001,CR2_JPM,2026-08-07 07:52:43,2026-08-07 07:53:11,28,1,479,1,0,Good
260807001,CR2_JPM,2026-08-07 07:53:11,2026-08-07 07:53:12,1,1,478,1,0,Good
260807001,CR2_JPM,2026-08-07 07:53:12,2026-08-07 07:53:34,22,1,477,0,0,Hang
260807001,CR2_JPM,2026-08-07 07:53:34,2026-08-07 07:53:35,1,1,476,0,0,Hang
260807001,CR2_JPM,2026-08-07 07:53:35,2026-08-07 07:53:54,19,1,475,1,0,Good
260807001,CR2_JPM,2026-08-07 07:53:54,2026-08-07 07:53:55,1,1,474,1,0,Good
260807001,CR2_JPM,2026-08-07 07:53:55,2026-08-07 07:55:36,101,1,473,0,0,Hang
260807001,CR2_JPM,2026-08-07 07:55:36,2026-08-07 07:55:37,1,1,472,0,0,Hang
260807001,CR2_JPM,2026-08-07 07:55:37,2026-08-07 07:56:43,66,1,471,1,0,Good
260807001,CR2_JPM,2026-08-07 07:56:43,2026-08-07 07:56:44,1,1,470,1,0,Good
260807001,CR2_JPM,2026-08-07 07:56:44,2026-08-07 07:56:55,11,1,469,0,0,Hang
260807001,CR2_JPM,2026-08-07 07:56:55,2026-08-07 07:56:56,1,1,468,0,0,Hang
260807001,CR2_JPM,2026-08-07 07:56:56,2026-08-07 07:57:46,50,1,467,1,0,Good
260807001,CR2_JPM,2026-08-07 07:57:46,2026-08-07 07:57:47,1,1,466,1,0,Good
260807001,CR2_JPM,2026-08-07 07:57:47,2026-08-07 07:57:59,12,1,465,2,0,Good
260807001,CR2_JPM,2026-08-07 07:57:59,2026-08-07 07:58:00,1,1,464,2,0,Good
260807001,CR2_JPM,2026-08-07 07:58:00,2026-08-07 07:58:35,35,1,463,1,0,Good
260807001,CR2_JPM,2026-08-07 07:58:35,2026-08-07 07:58:36,1,1,462,1,0,Good
260807001,CR2_JPM,2026-08-07 07:58:36,2026-08-07 07:58:59,23,1,461,2,0,Good
260807001,CR2_JPM,2026-08-07 07:58:59,2026-08-07 07:59:00,1,1,460,2,0,Good
260807001,CR2_JPM,2026-08-07 07:59:00,2026-08-07 07:59:23,23,1,459,1,0,Good
260807001,CR2_JPM,2026-08-07 07:59:23,2026-08-07 07:59:24,1,1,458,1,0,Good
260807001,CR2_JPM,2026-08-07 07:59:24,2026-08-07 08:00:14,50,1,457,2,0,Good
260807001,CR2_JPM,2026-08-07 08:00:14,2026-08-07 08:00:15,1,2,456,2,0,Good
260807001,CR2_JPM,2026-08-07 08:00:15,2026-08-07 08:01:11,56,2,455,1,0,Good
260807001,CR2_JPM,2026-08-07 08:01:11,2026-08-07 08:01:12,1,2,454,1,0,Good
260807001,CR2_JPM,2026-08-07 08:01:12,2026-08-07 08:01:25,13,2,453,0,0,Hang
260807001,CR2_JPM,2026-08-07 08:01:25,2026-08-07 08:01:26,1,2,452,0,0,Hang
260807001,CR2_JPM,2026-08-07 08:01:26,2026-08-07 08:02:27,61,2,451,1,0,Good
260807001,CR2_JPM,2026-08-07 08:02:27,2026-08-07 08:02:28,1,2,450,1,0,Good
260807001,CR2_JPM,2026-08-07 08:02:28,2026-08-07 08:02:28,0,2,449,2,0,Good
260807001,CR2_JPM,2026-08-07 08:02:28,2026-08-07 08:02:29,1,2,448,2,0,Good
260807001,CR2_JPM,2026-08-07 08:02:29,2026-08-07 08:04:40,131,2,447,1,0,Good
260807001,CR2_JPM,2026-08-07 08:04:40,2026-08-07 08:04:41,1,2,446,1,0,Good
260807001,CR2_JPM,2026-08-07 08:04:41,2026-08-07 08:04:59,18,2,445,0,0,Hang
260807001,CR2_JPM,2026-08-07 08:04:59,2026-08-07 08:05:00,1,2,444,0,0,Hang
260807001,CR2_JPM,2026-08-07 08:05:00,2026-08-07 08:05:47,47,2,443,1,0,Good
260807001,CR2_JPM,2026-08-07 08:05:47,2026-08-07 08:05:48,1,2,442,1,0,Good
260807001,CR2_JPM,2026-08-07 08:05:48,2026-08-07 08:06:03,15,2,441,0,0,Hang
260807001,CR2_JPM,2026-08-07 08:06:03,2026-08-07 08:06:04,1,2,440,0,0,Hang
260807001,CR2_JPM,2026-08-07 08:06:04,2026-08-07 08:07:48,104,2,439,1,0,Good
260807001,CR2_JPM,2026-08-07 08:07:48,2026-08-07 08:07:49,1,2,438,1,0,Good
260807001,CR2_JPM,2026-08-07 08:07:49,2026-08-07 08:08:12,23,2,437,2,0,Good
260807001,CR2_JPM,2026-08-07 08:08:12,2026-08-07 08:08:13,1,2,436,2,0,Good
260807001,CR2_JPM,2026-08-07 08:08:13,2026-08-07 08:09:00,47,2,435,1,0,Good
260807001,CR2_JPM,2026-08-07 08:09:00,2026-08-07 08:09:01,1,2,434,1,0,Good
260807001,CR2_JPM,2026-08-07 08:09:01,2026-08-07 08:12:24,203,2,433,0,0,Hang
260807001,CR2_JPM,2026-08-07 08:12:24,2026-08-07 08:12:25,1,2,432,0,0,Hang
260807001,CR2_JPM,2026-08-07 08:12:25,2026-08-07 08:13:33,68,2,431,1,0,Good
260807001,CR2_JPM,2026-08-07 08:13:33,2026-08-07 08:13:34,1,2,430,1,0,Good
260807001,CR2_JPM,2026-08-07 08:13:34,2026-08-07 08:15:14,100,2,429,0,0,Hang
260807001,CR2_JPM,2026-08-07 08:15:14,2026-08-07 08:15:15,1,2,428,0,0,Hang
260807001,CR2_JPM,2026-08-07 08:15:15,2026-08-07 08:16:06,51,2,427,1,0,Good
260807001,CR2_JPM,2026-08-07 08:16:06,2026-08-07 08:16:07,1,2,426,1,0,Good
260807001,CR2_JPM,2026-08-07 08:16:07,2026-08-07 08:16:11,4,2,425,2,0,Good
260807001,CR2_JPM,2026-08-07 08:16:11,2026-08-07 08:16:12,1,2,424,2,0,Good
260807001,CR2_JPM,2026-08-07 08:16:12,2026-08-07 08:16:14,2,2,423,1,0,Good
260807001,CR2_JPM,2026-08-07 08:16:14,2026-08-07 08:16:15,1,2,422,1,0,Good
260807001,CR2_JPM,2026-08-07 08:16:15,2026-08-07 08:16:18,3,2,421,2,0,Good
260807001,CR2_JPM,2026-08-07 08:16:18,2026-08-07 08:16:19,1,2,420,2,0,Good
260807001,CR2_JPM,2026-08-07 08:16:19,2026-08-07 08:16:21,2,2,419,3,1,Queue
260807001,CR2_JPM,2026-08-07 08:16:21,2026-08-07 08:16:22,1,2,418,3,1,Queue
260807001,CR2_JPM,2026-08-07 08:16:22,2026-08-07 08:17:28,66,2,417,4,2,Queue
260807001,CR2_JPM,2026-08-07 08:17:28,2026-08-07 08:17:29,1,2,416,4,2,Queue
260807001,CR2_JPM,2026-08-07 08:17:29,2026-08-07 08:17:34,5,2,415,3,1,Queue
260807001,CR2_JPM,2026-08-07 08:17:34,2026-08-07 08:17:35,1,2,414,3,1,Queue
260807001,CR2_JPM,2026-08-07 08:17:35,2026-08-07 08:18:27,52,2,413,2,0,Good
260807001,CR2_JPM,2026-08-07 08:18:27,2026-08-07 08:18:28,1,2,412,2,0,Good
260807001,CR2_JPM,2026-08-07 08:18:28,2026-08-07 08:19:01,33,2,411,3,1,Queue
260807001,CR2_JPM,2026-08-07 08:19:01,2026-08-07 08:19:02,1,2,410,3,1,Queue
260807001,CR2_JPM,2026-08-07 08:19:02,2026-08-07 08:19:07,5,2,409,2,0,Good
260807001,CR2_JPM,2026-08-07 08:19:07,2026-08-07 08:19:08,1,2,408,2,0,Good
260807001,CR2_JPM,2026-08-07 08:19:08,2026-08-07 08:20:24,76,2,407,1,0,Good
260807001,CR2_JPM,2026-08-07 08:20:24,2026-08-07 08:20:25,1,2,406,1,0,Good
260807001,CR2_JPM,2026-08-07 08:20:25,2026-08-07 08:20:31,6,2,405,2,0,Good
260807001,CR2_JPM,2026-08-07 08:20:31,2026-08-07 08:20:32,1,2,404,2,0,Good
260807001,CR2_JPM,2026-08-07 08:20:32,2026-08-07 08:21:33,61,2,403,1,0,Good
260807001,CR2_JPM,2026-08-07 08:21:33,2026-08-07 08:21:34,1,2,402,1,0,Good
260807001,CR2_JPM,2026-08-07 08:21:34,2026-08-07 08:26:27,293,2,401,0,0,Hang
260807001,CR2_JPM,2026-08-07 08:26:27,2026-08-07 08:26:28,1,2,400,0,0,Hang
260807001,CR2_JPM,2026-08-07 08:26:28,2026-08-07 08:27:13,45,2,399,1,0,Good
260807001,CR2_JPM,2026-08-07 08:27:13,2026-08-07 08:27:14,1,2,398,1,0,Good
260807001,CR2_JPM,2026-08-07 08:27:14,2026-08-07 08:27:39,25,2,397,0,0,Hang
260807001,CR2_JPM,2026-08-07 08:27:39,2026-08-07 08:27:40,1,2,396,0,0,Hang
260807001,CR2_JPM,2026-08-07 08:27:40,2026-08-07 08:28:43,63,2,395,1,0,Good
260807001,CR2_JPM,2026-08-07 08:28:43,2026-08-07 08:28:44,1,2,394,1,0,Good
260807001,CR2_JPM,2026-08-07 08:28:44,2026-08-07 08:31:53,189,2,393,0,0,Hang
260807001,CR2_JPM,2026-08-07 08:31:53,2026-08-07 08:31:54,1,2,392,0,0,Hang
260807001,CR2_JPM,2026-08-07 08:31:54,2026-08-07 08:32:15,21,2,391,1,0,Good
260807001,CR2_JPM,2026-08-07 08:32:15,2026-08-07 08:32:16,1,2,390,1,0,Good
260807001,CR2_JPM,2026-08-07 08:32:16,2026-08-07 08:33:05,49,2,389,2,0,Good
260807001,CR2_JPM,2026-08-07 08:33:05,2026-08-07 08:33:06,1,2,388,2,0,Good
260807001,CR2_JPM,2026-08-07 08:33:06,2026-08-07 08:33:24,18,2,387,1,0,Good
260807001,CR2_JPM,2026-08-07 08:33:24,2026-08-07 08:33:25,1,2,386,1,0,Good
260807001,CR2_JPM,2026-08-07 08:33:25,2026-08-07 08:35:32,127,2,385,0,0,Hang
260807001,CR2_JPM,2026-08-07 08:35:32,2026-08-07 08:35:33,1,2,384,0,0,Hang
260807001,CR2_JPM,2026-08-07 08:35:33,2026-08-07 08:35:55,22,2,383,1,0,Good
260807001,CR2_JPM,2026-08-07 08:35:55,2026-08-07 08:35:56,1,2,382,1,0,Good
260807001,CR2_JPM,2026-08-07 08:35:56,2026-08-07 08:36:30,34,2,381,2,0,Good
260807001,CR2_JPM,2026-08-07 08:36:30,2026-08-07 08:36:31,1,2,380,2,0,Good
260807001,CR2_JPM,2026-08-07 08:36:31,2026-08-07 08:36:55,24,2,379,1,0,Good
260807001,CR2_JPM,2026-08-07 08:36:55,2026-08-07 08:36:56,1,2,378,1,0,Good
260807001,CR2_JPM,2026-08-07 08:36:56,2026-08-07 08:37:01,5,2,377,2,0,Good
260807001,CR2_JPM,2026-08-07 08:37:01,2026-08-07 08:37:02,1,2,376,2,0,Good
260807001,CR2_JPM,2026-08-07 08:37:02,2026-08-07 08:38:22,80,2,375,1,0,Good
260807001,CR2_JPM,2026-08-07 08:38:22,2026-08-07 08:38:23,1,2,374,1,0,Good
260807001,CR2_JPM,2026-08-07 08:38:23,2026-08-07 08:39:18,55,2,373,0,0,Hang
260807001,CR2_JPM,2026-08-07 08:39:18,2026-08-07 08:39:19,1,2,372,0,0,Hang
260807001,CR2_JPM,2026-08-07 08:39:19,2026-08-07 08:39:47,28,2,371,1,0,Good
260807001,CR2_JPM,2026-08-07 08:39:47,2026-08-07 08:39:48,1,2,370,1,0,Good
260807001,CR2_JPM,2026-08-07 08:39:48,2026-08-07 08:40:36,48,2,369,0,0,Hang
260807001,CR2_JPM,2026-08-07 08:40:36,2026-08-07 08:40:37,1,2,368,0,0,Hang
260807001,CR2_JPM,2026-08-07 08:40:37,2026-08-07 08:40:49,12,2,367,1,0,Good
260807001,CR2_JPM,2026-08-07 08:40:49,2026-08-07 08:40:50,1,2,366,1,0,Good
260807001,CR2_JPM,2026-08-07 08:40:50,2026-08-07 08:41:32,42,2,365,2,0,Good
260807001,CR2_JPM,2026-08-07 08:41:32,2026-08-07 08:41:33,1,2,364,2,0,Good
260807001,CR2_JPM,2026-08-07 08:41:33,2026-08-07 08:41:59,26,2,363,1,0,Good
260807001,CR2_JPM,2026-08-07 08:41:59,2026-08-07 08:42:00,1,2,362,1,0,Good
260807001,CR2_JPM,2026-08-07 08:42:00,2026-08-07 08:42:02,2,2,361,0,0,Hang
260807001,CR2_JPM,2026-08-07 08:42:02,2026-08-07 08:42:03,1,2,360,0,0,Hang
260807001,CR2_JPM,2026-08-07 08:42:03,2026-08-07 08:42:11,8,2,359,1,0,Good
260807001,CR2_JPM,2026-08-07 08:42:11,2026-08-07 08:42:12,1,2,358,1,0,Good
260807001,CR2_JPM,2026-08-07 08:42:12,2026-08-07 08:42:35,23,2,357,2,0,Good
260807001,CR2_JPM,2026-08-07 08:42:35,2026-08-07 08:42:36,1,2,356,2,0,Good
260807001,CR2_JPM,2026-08-07 08:42:36,2026-08-07 08:42:59,23,2,355,3,1,Queue
260807001,CR2_JPM,2026-08-07 08:42:59,2026-08-07 08:43:00,1,2,354,3,1,Queue
260807001,CR2_JPM,2026-08-07 08:43:00,2026-08-07 08:43:20,20,2,353,2,0,Good
260807001,CR2_JPM,2026-08-07 08:43:20,2026-08-07 08:43:21,1,2,352,2,0,Good
260807001,CR2_JPM,2026-08-07 08:43:21,2026-08-07 08:43:54,33,2,351,1,0,Good
260807001,CR2_JPM,2026-08-07 08:43:54,2026-08-07 08:43:55,1,2,350,1,0,Good
260807001,CR2_JPM,2026-08-07 08:43:55,2026-08-07 08:44:08,13,2,349,2,0,Good
260807001,CR2_JPM,2026-08-07 08:44:08,2026-08-07 08:44:09,1,2,348,2,0,Good
260807001,CR2_JPM,2026-08-07 08:44:09,2026-08-07 08:45:04,55,2,347,1,0,Good
260807001,CR2_JPM,2026-08-07 08:45:04,2026-08-07 08:45:05,1,2,346,1,0,Good
260807001,CR2_JPM,2026-08-07 08:45:05,2026-08-07 08:46:47,102,2,345,0,0,Hang
260807001,CR2_JPM,2026-08-07 08:46:47,2026-08-07 08:46:48,1,2,344,0,0,Hang
260807001,CR2_JPM,2026-08-07 08:46:48,2026-08-07 08:47:14,26,2,343,1,0,Good
260807001,CR2_JPM,2026-08-07 08:47:14,2026-08-07 08:47:15,1,2,342,1,0,Good
260807001,CR2_JPM,2026-08-07 08:47:15,2026-08-07 08:47:54,39,2,341,2,0,Good
260807001,CR2_JPM,2026-08-07 08:47:54,2026-08-07 08:47:55,1,2,340,2,0,Good
260807001,CR2_JPM,2026-08-07 08:47:55,2026-08-07 08:48:00,5,2,339,1,0,Good
260807001,CR2_JPM,2026-08-07 08:48:00,2026-08-07 08:48:01,1,2,338,1,0,Good
260807001,CR2_JPM,2026-08-07 08:48:01,2026-08-07 08:50:01,120,2,337,0,0,Hang
260807001,CR2_JPM,2026-08-07 08:50:01,2026-08-07 08:50:02,1,2,336,0,0,Hang
260807001,CR2_JPM,2026-08-07 08:50:02,2026-08-07 08:51:04,62,2,335,1,0,Good
260807001,CR2_JPM,2026-08-07 08:51:04,2026-08-07 08:51:05,1,2,334,1,0,Good
260807001,CR2_JPM,2026-08-07 08:51:05,2026-08-07 08:57:41,396,2,333,0,0,Hang
260807001,CR2_JPM,2026-08-07 08:57:41,2026-08-07 08:57:42,1,2,332,0,0,Hang
260807001,CR2_JPM,2026-08-07 08:57:42,2026-08-07 08:59:07,85,2,331,1,0,Good
260807001,CR2_JPM,2026-08-07 08:59:07,2026-08-07 08:59:08,1,2,330,1,0,Good
260807001,CR2_JPM,2026-08-07 08:59:08,2026-08-07 08:59:55,47,2,329,0,0,Hang
260807001,CR2_JPM,2026-08-07 08:59:55,2026-08-07 08:59:56,1,2,328,0,0,Hang
260807001,CR2_JPM,2026-08-07 08:59:56,2026-08-07 09:00:16,20,2,327,1,0,Good
260807001,CR2_JPM,2026-08-07 09:00:16,2026-08-07 09:00:17,1,3,326,1,0,Good
260807001,CR2_JPM,2026-08-07 09:00:17,2026-08-07 09:00:27,10,3,325,0,0,Hang
260807001,CR2_JPM,2026-08-07 09:00:27,2026-08-07 09:00:28,1,3,324,0,0,Hang
260807001,CR2_JPM,2026-08-07 09:00:28,2026-08-07 09:01:29,61,3,323,1,0,Good
260807001,CR2_JPM,2026-08-07 09:01:29,2026-08-07 09:01:30,1,3,322,1,0,Good
260807001,CR2_JPM,2026-08-07 09:01:30,2026-08-07 09:01:57,27,3,321,0,0,Hang
260807001,CR2_JPM,2026-08-07 09:01:57,2026-08-07 09:01:58,1,3,320,0,0,Hang
260807001,CR2_JPM,2026-08-07 09:01:58,2026-08-07 09:02:18,20,3,319,1,0,Good
260807001,CR2_JPM,2026-08-07 09:02:18,2026-08-07 09:02:19,1,3,318,1,0,Good
260807001,CR2_JPM,2026-08-07 09:02:19,2026-08-07 09:03:03,44,3,317,2,0,Good
260807001,CR2_JPM,2026-08-07 09:03:03,2026-08-07 09:03:04,1,3,316,2,0,Good
260807001,CR2_JPM,2026-08-07 09:03:04,2026-08-07 09:03:18,14,3,315,1,0,Good
260807001,CR2_JPM,2026-08-07 09:03:18,2026-08-07 09:03:19,1,3,314,1,0,Good
260807001,CR2_JPM,2026-08-07 09:03:19,2026-08-07 09:03:29,10,3,313,0,0,Hang
260807001,CR2_JPM,2026-08-07 09:03:29,2026-08-07 09:03:30,1,3,312,0,0,Hang
260807001,CR2_JPM,2026-08-07 09:03:30,2026-08-07 09:03:45,15,3,311,1,0,Good
260807001,CR2_JPM,2026-08-07 09:03:45,2026-08-07 09:03:46,1,3,310,1,0,Good
260807001,CR2_JPM,2026-08-07 09:03:46,2026-08-07 09:04:07,21,3,309,2,0,Good
260807001,CR2_JPM,2026-08-07 09:04:07,2026-08-07 09:04:08,1,3,308,2,0,Good
260807001,CR2_JPM,2026-08-07 09:04:08,2026-08-07 09:04:33,25,3,307,3,1,Queue
260807001,CR2_JPM,2026-08-07 09:04:33,2026-08-07 09:04:34,1,3,306,3,1,Queue
260807001,CR2_JPM,2026-08-07 09:04:34,2026-08-07 09:04:36,2,3,305,2,0,Good
260807001,CR2_JPM,2026-08-07 09:04:36,2026-08-07 09:04:37,1,3,304,2,0,Good
260807001,CR2_JPM,2026-08-07 09:04:37,2026-08-07 09:05:00,23,3,303,1,0,Good
260807001,CR2_JPM,2026-08-07 09:05:00,2026-08-07 09:05:01,1,3,302,1,0,Good
260807001,CR2_JPM,2026-08-07 09:05:01,2026-08-07 09:06:18,77,3,301,2,0,Good
260807001,CR2_JPM,2026-08-07 09:06:18,2026-08-07 09:06:19,1,3,300,2,0,Good
260807001,CR2_JPM,2026-08-07 09:06:19,2026-08-07 09:06:57,38,3,299,1,0,Good
260807001,CR2_JPM,2026-08-07 09:06:57,2026-08-07 09:06:58,1,3,298,1,0,Good
260807001,CR2_JPM,2026-08-07 09:06:58,2026-08-07 09:08:14,76,3,297,0,0,Hang
260807001,CR2_JPM,2026-08-07 09:08:14,2026-08-07 09:08:15,1,3,296,0,0,Hang
260807001,CR2_JPM,2026-08-07 09:08:15,2026-08-07 09:08:30,15,3,295,1,0,Good
260807001,CR2_JPM,2026-08-07 09:08:30,2026-08-07 09:08:31,1,3,294,1,0,Good
260807001,CR2_JPM,2026-08-07 09:08:31,2026-08-07 09:09:26,55,3,293,2,0,Good
260807001,CR2_JPM,2026-08-07 09:09:26,2026-08-07 09:09:27,1,3,292,2,0,Good
260807001,CR2_JPM,2026-08-07 09:09:27,2026-08-07 09:09:50,23,3,291,1,0,Good
260807001,CR2_JPM,2026-08-07 09:09:50,2026-08-07 09:09:51,1,3,290,1,0,Good
260807001,CR2_JPM,2026-08-07 09:09:51,2026-08-07 09:10:08,17,3,289,2,0,Good
260807001,CR2_JPM,2026-08-07 09:10:08,2026-08-07 09:10:09,1,3,288,2,0,Good
260807001,CR2_JPM,2026-08-07 09:10:09,2026-08-07 09:10:57,48,3,287,1,0,Good
260807001,CR2_JPM,2026-08-07 09:10:57,2026-08-07 09:10:58,1,3,286,1,0,Good
260807001,CR2_JPM,2026-08-07 09:10:58,2026-08-07 09:13:06,128,3,285,2,0,Good
260807001,CR2_JPM,2026-08-07 09:13:06,2026-08-07 09:13:07,1,3,284,2,0,Good
260807001,CR2_JPM,2026-08-07 09:13:07,2026-08-07 09:13:08,1,3,283,3,1,Queue
260807001,CR2_JPM,2026-08-07 09:13:08,2026-08-07 09:13:09,1,3,282,3,1,Queue
260807001,CR2_JPM,2026-08-07 09:13:09,2026-08-07 09:13:09,0,3,281,2,0,Good
260807001,CR2_JPM,2026-08-07 09:13:09,2026-08-07 09:13:10,1,3,280,2,0,Good
260807001,CR2_JPM,2026-08-07 09:13:10,2026-08-07 09:14:54,104,3,279,1,0,Good
260807001,CR2_JPM,2026-08-07 09:14:54,2026-08-07 09:14:55,1,3,278,1,0,Good
260807001,CR2_JPM,2026-08-07 09:14:55,2026-08-07 09:18:24,209,3,277,0,0,Hang
260807001,CR2_JPM,2026-08-07 09:18:24,2026-08-07 09:18:25,1,3,276,0,0,Hang
260807001,CR2_JPM,2026-08-07 09:18:25,2026-08-07 09:19:12,47,3,275,1,0,Good
260807001,CR2_JPM,2026-08-07 09:19:12,2026-08-07 09:19:13,1,3,274,1,0,Good
260807001,CR2_JPM,2026-08-07 09:19:13,2026-08-07 09:19:17,4,3,273,2,0,Good
260807001,CR2_JPM,2026-08-07 09:19:17,2026-08-07 09:19:18,1,3,272,2,0,Good
260807001,CR2_JPM,2026-08-07 09:19:18,2026-08-07 09:19:45,27,3,271,1,0,Good
260807001,CR2_JPM,2026-08-07 09:19:45,2026-08-07 09:19:46,1,3,270,1,0,Good
260807001,CR2_JPM,2026-08-07 09:19:46,2026-08-07 09:20:17,31,3,269,2,0,Good
260807001,CR2_JPM,2026-08-07 09:20:17,2026-08-07 09:20:18,1,3,268,2,0,Good
260807001,CR2_JPM,2026-08-07 09:20:18,2026-08-07 09:20:37,19,3,267,1,0,Good
260807001,CR2_JPM,2026-08-07 09:20:37,2026-08-07 09:20:38,1,3,266,1,0,Good
260807001,CR2_JPM,2026-08-07 09:20:38,2026-08-07 09:21:51,73,3,265,0,0,Hang
260807001,CR2_JPM,2026-08-07 09:21:51,2026-08-07 09:21:52,1,3,264,0,0,Hang
260807001,CR2_JPM,2026-08-07 09:21:52,2026-08-07 09:23:09,77,3,263,1,0,Good
260807001,CR2_JPM,2026-08-07 09:23:09,2026-08-07 09:23:10,1,3,262,1,0,Good
260807001,CR2_JPM,2026-08-07 09:23:10,2026-08-07 09:25:28,138,3,261,0,0,Hang
260807001,CR2_JPM,2026-08-07 09:25:28,2026-08-07 09:25:29,1,3,260,0,0,Hang
260807001,CR2_JPM,2026-08-07 09:25:29,2026-08-07 09:25:44,15,3,259,1,0,Good
260807001,CR2_JPM,2026-08-07 09:25:44,2026-08-07 09:25:45,1,3,258,1,0,Good
260807001,CR2_JPM,2026-08-07 09:25:45,2026-08-07 09:25:47,2,3,257,2,0,Good
260807001,CR2_JPM,2026-08-07 09:25:47,2026-08-07 09:25:48,1,3,256,2,0,Good
260807001,CR2_JPM,2026-08-07 09:25:48,2026-08-07 09:26:17,29,3,255,3,1,Queue
260807001,CR2_JPM,2026-08-07 09:26:17,2026-08-07 09:26:18,1,3,254,3,1,Queue
260807001,CR2_JPM,2026-08-07 09:26:18,2026-08-07 09:26:54,36,3,253,2,0,Good
260807001,CR2_JPM,2026-08-07 09:26:54,2026-08-07 09:26:55,1,3,251,2,0,Good
260807001,CR2_JPM,2026-08-07 09:26:54,2026-08-07 09:26:54,0,3,252,3,1,Queue
260807001,CR2_JPM,2026-08-07 09:26:55,2026-08-07 09:27:50,55,3,249,2,0,Good
260807001,CR2_JPM,2026-08-07 09:26:55,2026-08-07 09:26:55,0,3,250,3,1,Queue
260807001,CR2_JPM,2026-08-07 09:27:50,2026-08-07 09:27:51,1,3,248,2,0,Good
260807001,CR2_JPM,2026-08-07 09:27:51,2026-08-07 09:28:01,10,3,247,1,0,Good
260807001,CR2_JPM,2026-08-07 09:28:01,2026-08-07 09:28:02,1,3,246,1,0,Good
260807001,CR2_JPM,2026-08-07 09:28:02,2026-08-07 09:28:30,28,3,245,0,0,Hang
260807001,CR2_JPM,2026-08-07 09:28:30,2026-08-07 09:28:31,1,3,244,0,0,Hang
260807001,CR2_JPM,2026-08-07 09:28:31,2026-08-07 09:29:16,45,3,243,1,0,Good
260807001,CR2_JPM,2026-08-07 09:29:16,2026-08-07 09:29:17,1,3,242,1,0,Good
260807001,CR2_JPM,2026-08-07 09:29:17,2026-08-07 09:29:36,19,3,241,2,0,Good
260807001,CR2_JPM,2026-08-07 09:29:36,2026-08-07 09:29:37,1,3,240,2,0,Good
260807001,CR2_JPM,2026-08-07 09:29:37,2026-08-07 09:30:06,29,3,239,1,0,Good
260807001,CR2_JPM,2026-08-07 09:30:06,2026-08-07 09:30:07,1,3,238,1,0,Good
260807001,CR2_JPM,2026-08-07 09:30:07,2026-08-07 09:30:39,32,3,237,2,0,Good
260807001,CR2_JPM,2026-08-07 09:30:39,2026-08-07 09:30:40,1,3,236,2,0,Good
260807001,CR2_JPM,2026-08-07 09:30:40,2026-08-07 09:30:43,3,3,235,1,0,Good
260807001,CR2_JPM,2026-08-07 09:30:43,2026-08-07 09:30:44,1,3,234,1,0,Good
260807001,CR2_JPM,2026-08-07 09:30:44,2026-08-07 09:31:07,23,3,233,2,0,Good
260807001,CR2_JPM,2026-08-07 09:31:07,2026-08-07 09:31:08,1,3,232,2,0,Good
260807001,CR2_JPM,2026-08-07 09:31:08,2026-08-07 09:32:44,96,3,231,1,0,Good
260807001,CR2_JPM,2026-08-07 09:32:44,2026-08-07 09:32:45,1,3,230,1,0,Good
260807001,CR2_JPM,2026-08-07 09:32:45,2026-08-07 09:32:48,3,3,229,2,0,Good
260807001,CR2_JPM,2026-08-07 09:32:48,2026-08-07 09:32:49,1,3,228,2,0,Good
260807001,CR2_JPM,2026-08-07 09:32:49,2026-08-07 09:33:28,39,3,227,1,0,Good
260807001,CR2_JPM,2026-08-07 09:33:28,2026-08-07 09:33:29,1,3,226,1,0,Good
260807001,CR2_JPM,2026-08-07 09:33:29,2026-08-07 09:33:34,5,3,225,2,0,Good
260807001,CR2_JPM,2026-08-07 09:33:34,2026-08-07 09:33:35,1,3,224,2,0,Good
260807001,CR2_JPM,2026-08-07 09:33:35,2026-08-07 09:34:11,36,3,223,1,0,Good
260807001,CR2_JPM,2026-08-07 09:34:11,2026-08-07 09:34:12,1,3,222,1,0,Good
260807001,CR2_JPM,2026-08-07 09:34:12,2026-08-07 09:34:43,31,3,221,2,0,Good
260807001,CR2_JPM,2026-08-07 09:34:43,2026-08-07 09:34:44,1,3,220,2,0,Good
260807001,CR2_JPM,2026-08-07 09:34:44,2026-08-07 09:35:01,17,3,219,3,1,Queue
260807001,CR2_JPM,2026-08-07 09:35:01,2026-08-07 09:35:02,1,3,218,3,1,Queue
260807001,CR2_JPM,2026-08-07 09:35:02,2026-08-07 09:35:55,53,3,217,2,0,Good
260807001,CR2_JPM,2026-08-07 09:35:55,2026-08-07 09:35:56,1,3,216,2,0,Good
260807001,CR2_JPM,2026-08-07 09:35:56,2026-08-07 09:37:23,87,3,215,1,0,Good
260807001,CR2_JPM,2026-08-07 09:37:23,2026-08-07 09:37:24,1,3,214,1,0,Good
260807001,CR2_JPM,2026-08-07 09:37:24,2026-08-07 09:38:48,84,3,213,2,0,Good
260807001,CR2_JPM,2026-08-07 09:38:48,2026-08-07 09:38:49,1,3,212,2,0,Good
260807001,CR2_JPM,2026-08-07 09:38:49,2026-08-07 09:39:48,59,3,211,1,0,Good
260807001,CR2_JPM,2026-08-07 09:39:48,2026-08-07 09:39:49,1,3,210,1,0,Good
260807001,CR2_JPM,2026-08-07 09:39:49,2026-08-07 09:40:04,15,3,209,2,0,Good
260807001,CR2_JPM,2026-08-07 09:40:04,2026-08-07 09:40:05,1,3,208,2,0,Good
260807001,CR2_JPM,2026-08-07 09:40:05,2026-08-07 09:40:05,0,3,207,1,0,Good
260807001,CR2_JPM,2026-08-07 09:40:05,2026-08-07 09:40:06,1,3,206,1,0,Good
260807001,CR2_JPM,2026-08-07 09:40:06,2026-08-07 09:40:52,46,3,205,2,0,Good
260807001,CR2_JPM,2026-08-07 09:40:52,2026-08-07 09:40:53,1,3,204,2,0,Good
260807001,CR2_JPM,2026-08-07 09:40:53,2026-08-07 09:40:58,5,3,203,1,0,Good
260807001,CR2_JPM,2026-08-07 09:40:58,2026-08-07 09:40:59,1,3,202,1,0,Good
260807001,CR2_JPM,2026-08-07 09:40:59,2026-08-07 09:42:15,76,3,201,0,0,Hang
260807001,CR2_JPM,2026-08-07 09:42:15,2026-08-07 09:42:16,1,3,200,0,0,Hang
260807001,CR2_JPM,2026-08-07 09:42:16,2026-08-07 09:42:43,27,3,199,1,0,Good
260807001,CR2_JPM,2026-08-07 09:42:43,2026-08-07 09:42:44,1,3,198,1,0,Good
260807001,CR2_JPM,2026-08-07 09:42:44,2026-08-07 09:44:29,105,3,197,2,0,Good
260807001,CR2_JPM,2026-08-07 09:44:29,2026-08-07 09:44:30,1,3,196,2,0,Good
260807001,CR2_JPM,2026-08-07 09:44:30,2026-08-07 09:44:59,29,3,195,1,0,Good
260807001,CR2_JPM,2026-08-07 09:44:59,2026-08-07 09:45:00,1,3,194,1,0,Good
260807001,CR2_JPM,2026-08-07 09:45:00,2026-08-07 09:47:37,157,3,193,0,0,Hang
260807001,CR2_JPM,2026-08-07 09:47:37,2026-08-07 09:47:38,1,3,192,0,0,Hang
260807001,CR2_JPM,2026-08-07 09:47:38,2026-08-07 09:48:24,46,3,191,1,0,Good
260807001,CR2_JPM,2026-08-07 09:48:24,2026-08-07 09:48:25,1,3,190,1,0,Good
260807001,CR2_JPM,2026-08-07 09:48:25,2026-08-07 09:48:26,1,3,189,2,0,Good
260807001,CR2_JPM,2026-08-07 09:48:26,2026-08-07 09:48:27,1,3,188,2,0,Good
260807001,CR2_JPM,2026-08-07 09:48:27,2026-08-07 09:49:34,67,3,187,1,0,Good
260807001,CR2_JPM,2026-08-07 09:49:34,2026-08-07 09:49:35,1,3,186,1,0,Good
260807001,CR2_JPM,2026-08-07 09:49:35,2026-08-07 09:49:54,19,3,185,2,0,Good
260807001,CR2_JPM,2026-08-07 09:49:54,2026-08-07 09:49:55,1,3,184,2,0,Good
260807001,CR2_JPM,2026-08-07 09:49:55,2026-08-07 09:50:56,61,3,183,1,0,Good
260807001,CR2_JPM,2026-08-07 09:50:56,2026-08-07 09:50:57,1,3,182,1,0,Good
260807001,CR2_JPM,2026-08-07 09:50:57,2026-08-07 09:51:01,4,3,181,2,0,Good
260807001,CR2_JPM,2026-08-07 09:51:01,2026-08-07 09:51:02,1,3,180,2,0,Good
260807001,CR2_JPM,2026-08-07 09:51:02,2026-08-07 09:51:29,27,3,179,1,0,Good
260807001,CR2_JPM,2026-08-07 09:51:29,2026-08-07 09:51:30,1,3,178,1,0,Good
260807001,CR2_JPM,2026-08-07 09:51:30,2026-08-07 09:51:44,14,3,177,2,0,Good
260807001,CR2_JPM,2026-08-07 09:51:44,2026-08-07 09:51:45,1,3,176,2,0,Good
260807001,CR2_JPM,2026-08-07 09:51:45,2026-08-07 09:52:31,46,3,175,1,0,Good
260807001,CR2_JPM,2026-08-07 09:52:31,2026-08-07 09:52:32,1,3,174,1,0,Good
260807001,CR2_JPM,2026-08-07 09:52:32,2026-08-07 09:52:59,27,3,173,0,0,Hang
260807001,CR2_JPM,2026-08-07 09:52:59,2026-08-07 09:53:00,1,3,172,0,0,Hang
260807001,CR2_JPM,2026-08-07 09:53:00,2026-08-07 09:54:10,70,3,171,1,0,Good
260807001,CR2_JPM,2026-08-07 09:54:10,2026-08-07 09:54:11,1,3,170,1,0,Good
260807001,CR2_JPM,2026-08-07 09:54:11,2026-08-07 09:54:37,26,3,169,0,0,Hang
260807001,CR2_JPM,2026-08-07 09:54:37,2026-08-07 09:54:38,1,3,168,0,0,Hang
260807001,CR2_JPM,2026-08-07 09:54:38,2026-08-07 09:55:09,31,3,167,1,0,Good
260807001,CR2_JPM,2026-08-07 09:55:09,2026-08-07 09:55:10,1,3,166,1,0,Good
260807001,CR2_JPM,2026-08-07 09:55:10,2026-08-07 09:55:31,21,3,165,2,0,Good
260807001,CR2_JPM,2026-08-07 09:55:31,2026-08-07 09:55:32,1,3,164,2,0,Good
260807001,CR2_JPM,2026-08-07 09:55:32,2026-08-07 09:55:44,12,3,163,3,1,Queue
260807001,CR2_JPM,2026-08-07 09:55:44,2026-08-07 09:55:45,1,3,162,3,1,Queue
260807001,CR2_JPM,2026-08-07 09:55:45,2026-08-07 09:57:14,89,3,161,2,0,Good
260807001,CR2_JPM,2026-08-07 09:57:14,2026-08-07 09:57:15,1,3,160,2,0,Good
260807001,CR2_JPM,2026-08-07 09:57:15,2026-08-07 09:57:32,17,3,159,3,1,Queue
260807001,CR2_JPM,2026-08-07 09:57:32,2026-08-07 09:57:33,1,3,158,3,1,Queue
260807001,CR2_JPM,2026-08-07 09:57:33,2026-08-07 09:58:39,66,3,157,2,0,Good
260807001,CR2_JPM,2026-08-07 09:58:39,2026-08-07 09:58:40,1,3,156,2,0,Good
260807001,CR2_JPM,2026-08-07 09:58:40,2026-08-07 09:58:58,18,3,155,3,1,Queue
260807001,CR2_JPM,2026-08-07 09:58:58,2026-08-07 09:58:59,1,3,154,3,1,Queue
260807001,CR2_JPM,2026-08-07 09:58:59,2026-08-07 10:00:53,114,3,153,2,0,Good
260807001,CR2_JPM,2026-08-07 10:00:53,2026-08-07 10:00:54,1,4,152,2,0,Good
260807001,CR2_JPM,2026-08-07 10:00:54,2026-08-07 10:01:07,13,4,151,3,1,Queue
260807001,CR2_JPM,2026-08-07 10:01:07,2026-08-07 10:01:08,1,4,150,3,1,Queue
260807001,CR2_JPM,2026-08-07 10:01:08,2026-08-07 10:01:19,11,4,149,2,0,Good
260807001,CR2_JPM,2026-08-07 10:01:19,2026-08-07 10:01:20,1,4,148,2,0,Good
260807001,CR2_JPM,2026-08-07 10:01:20,2026-08-07 10:02:56,96,4,147,1,0,Good
260807001,CR2_JPM,2026-08-07 10:02:56,2026-08-07 10:02:57,1,4,146,1,0,Good
260807001,CR2_JPM,2026-08-07 10:02:57,2026-08-07 10:04:27,90,4,145,0,0,Hang
260807001,CR2_JPM,2026-08-07 10:04:27,2026-08-07 10:04:28,1,4,144,0,0,Hang
260807001,CR2_JPM,2026-08-07 10:04:28,2026-08-07 10:05:17,49,4,143,1,0,Good
260807001,CR2_JPM,2026-08-07 10:05:17,2026-08-07 10:05:18,1,4,142,1,0,Good
260807001,CR2_JPM,2026-08-07 10:05:18,2026-08-07 10:05:30,12,4,141,0,0,Hang
260807001,CR2_JPM,2026-08-07 10:05:30,2026-08-07 10:05:31,1,4,140,0,0,Hang
260807001,CR2_JPM,2026-08-07 10:05:31,2026-08-07 10:06:16,45,4,139,1,0,Good
260807001,CR2_JPM,2026-08-07 10:06:16,2026-08-07 10:06:17,1,4,138,1,0,Good
260807001,CR2_JPM,2026-08-07 10:06:17,2026-08-07 10:06:34,17,4,137,2,0,Good
260807001,CR2_JPM,2026-08-07 10:06:34,2026-08-07 10:06:35,1,4,136,2,0,Good
260807001,CR2_JPM,2026-08-07 10:06:35,2026-08-07 10:07:02,27,4,135,1,0,Good
260807001,CR2_JPM,2026-08-07 10:07:02,2026-08-07 10:07:03,1,4,134,1,0,Good
260807001,CR2_JPM,2026-08-07 10:07:03,2026-08-07 10:08:38,95,4,133,0,0,Hang
260807001,CR2_JPM,2026-08-07 10:08:38,2026-08-07 10:08:39,1,4,132,0,0,Hang
260807001,CR2_JPM,2026-08-07 10:08:39,2026-08-07 10:09:27,48,4,131,1,0,Good
260807001,CR2_JPM,2026-08-07 10:09:27,2026-08-07 10:09:28,1,4,130,1,0,Good
260807001,CR2_JPM,2026-08-07 10:09:28,2026-08-07 10:10:08,40,4,129,2,0,Good
260807001,CR2_JPM,2026-08-07 10:10:08,2026-08-07 10:10:09,1,4,128,2,0,Good
260807001,CR2_JPM,2026-08-07 10:10:09,2026-08-07 10:10:28,19,4,127,1,0,Good
260807001,CR2_JPM,2026-08-07 10:10:28,2026-08-07 10:10:29,1,4,126,1,0,Good
260807001,CR2_JPM,2026-08-07 10:10:29,2026-08-07 10:10:38,9,4,125,2,0,Good
260807001,CR2_JPM,2026-08-07 10:10:38,2026-08-07 10:10:39,1,4,124,2,0,Good
260807001,CR2_JPM,2026-08-07 10:10:39,2026-08-07 10:12:38,119,4,123,1,0,Good
260807001,CR2_JPM,2026-08-07 10:12:38,2026-08-07 10:12:39,1,4,122,1,0,Good
260807001,CR2_JPM,2026-08-07 10:12:39,2026-08-07 10:12:41,2,4,121,2,0,Good
260807001,CR2_JPM,2026-08-07 10:12:41,2026-08-07 10:12:42,1,4,120,2,0,Good
260807001,CR2_JPM,2026-08-07 10:12:42,2026-08-07 10:13:38,56,4,119,1,0,Good
260807001,CR2_JPM,2026-08-07 10:13:38,2026-08-07 10:13:39,1,4,118,1,0,Good
260807001,CR2_JPM,2026-08-07 10:13:39,2026-08-07 10:13:44,5,4,117,0,0,Hang
260807001,CR2_JPM,2026-08-07 10:13:44,2026-08-07 10:13:45,1,4,116,0,0,Hang
260807001,CR2_JPM,2026-08-07 10:13:45,2026-08-07 10:14:58,73,4,115,1,0,Good
260807001,CR2_JPM,2026-08-07 10:14:58,2026-08-07 10:14:59,1,4,114,1,0,Good
260807001,CR2_JPM,2026-08-07 10:14:59,2026-08-07 10:15:17,18,4,113,2,0,Good
260807001,CR2_JPM,2026-08-07 10:15:17,2026-08-07 10:15:18,1,4,112,2,0,Good
260807001,CR2_JPM,2026-08-07 10:15:18,2026-08-07 10:15:54,36,4,111,1,0,Good
260807001,CR2_JPM,2026-08-07 10:15:54,2026-08-07 10:15:55,1,4,110,1,0,Good
260807001,CR2_JPM,2026-08-07 10:15:55,2026-08-07 10:16:23,28,4,109,2,0,Good
260807001,CR2_JPM,2026-08-07 10:16:23,2026-08-07 10:16:24,1,4,108,2,0,Good
260807001,CR2_JPM,2026-08-07 10:16:24,2026-08-07 10:17:24,60,4,107,1,0,Good
260807001,CR2_JPM,2026-08-07 10:17:24,2026-08-07 10:17:25,1,4,106,1,0,Good
260807001,CR2_JPM,2026-08-07 10:17:25,2026-08-07 10:18:42,77,4,105,0,0,Hang
260807001,CR2_JPM,2026-08-07 10:18:42,2026-08-07 10:18:43,1,4,104,0,0,Hang
260807001,CR2_JPM,2026-08-07 10:18:43,2026-08-07 10:18:43,0,4,103,1,0,Good
260807001,CR2_JPM,2026-08-07 10:18:43,2026-08-07 10:18:44,1,4,102,1,0,Good
260807001,CR2_JPM,2026-08-07 10:18:44,2026-08-07 10:19:28,44,4,101,2,0,Good
260807001,CR2_JPM,2026-08-07 10:19:28,2026-08-07 10:19:29,1,4,100,2,0,Good
260807001,CR2_JPM,2026-08-07 10:19:29,2026-08-07 10:19:29,0,4,99,3,1,Queue
260807001,CR2_JPM,2026-08-07 10:19:29,2026-08-07 10:19:30,1,4,97,3,1,Queue
260807001,CR2_JPM,2026-08-07 10:19:29,2026-08-07 10:19:29,0,4,98,4,2,Queue
260807001,CR2_JPM,2026-08-07 10:19:30,2026-08-07 10:19:53,23,4,95,3,1,Queue
260807001,CR2_JPM,2026-08-07 10:19:30,2026-08-07 10:19:30,0,4,96,4,2,Queue
260807001,CR2_JPM,2026-08-07 10:19:53,2026-08-07 10:19:54,1,4,94,3,1,Queue
260807001,CR2_JPM,2026-08-07 10:19:54,2026-08-07 10:22:42,168,4,93,2,0,Queue
260807001,CR2_JPM,2026-08-07 10:22:42,2026-08-07 10:22:43,1,4,92,2,0,Good
260807001,CR2_JPM,2026-08-07 10:22:43,2026-08-07 10:22:51,8,4,91,1,0,Good
260807001,CR2_JPM,2026-08-07 10:22:51,2026-08-07 10:22:52,1,4,90,1,0,Good
260807001,CR2_JPM,2026-08-07 10:22:52,2026-08-07 10:23:59,67,4,89,0,0,Hang
260807001,CR2_JPM,2026-08-07 10:23:59,2026-08-07 10:24:00,1,4,88,0,0,Hang
260807001,CR2_JPM,2026-08-07 10:24:00,2026-08-07 10:25:27,87,4,87,1,0,Good
260807001,CR2_JPM,2026-08-07 10:25:27,2026-08-07 10:25:28,1,4,86,1,0,Good
260807001,CR2_JPM,2026-08-07 10:25:28,2026-08-07 10:27:17,109,4,85,0,0,Hang
260807001,CR2_JPM,2026-08-07 10:27:17,2026-08-07 10:27:18,1,4,84,0,0,Hang
260807001,CR2_JPM,2026-08-07 10:27:18,2026-08-07 10:28:20,62,4,83,1,0,Good
260807001,CR2_JPM,2026-08-07 10:28:20,2026-08-07 10:28:21,1,4,82,1,0,Good
260807001,CR2_JPM,2026-08-07 10:28:21,2026-08-07 10:28:30,9,4,81,0,0,Hang
260807001,CR2_JPM,2026-08-07 10:28:30,2026-08-07 10:28:31,1,4,80,0,0,Hang
260807001,CR2_JPM,2026-08-07 10:28:31,2026-08-07 10:29:16,45,4,79,1,0,Good
260807001,CR2_JPM,2026-08-07 10:29:16,2026-08-07 10:29:17,1,4,78,1,0,Good
260807001,CR2_JPM,2026-08-07 10:29:17,2026-08-07 10:30:46,89,4,77,0,0,Hang
260807001,CR2_JPM,2026-08-07 10:30:46,2026-08-07 10:30:47,1,4,76,0,0,Hang
260807001,CR2_JPM,2026-08-07 10:30:47,2026-08-07 10:31:41,54,4,75,1,0,Good
260807001,CR2_JPM,2026-08-07 10:31:41,2026-08-07 10:31:42,1,4,74,1,0,Good
260807001,CR2_JPM,2026-08-07 10:31:42,2026-08-07 10:32:00,18,4,73,2,0,Good
260807001,CR2_JPM,2026-08-07 10:32:00,2026-08-07 10:32:01,1,4,72,2,0,Good
260807001,CR2_JPM,2026-08-07 10:32:01,2026-08-07 10:32:18,17,4,71,1,0,Good
260807001,CR2_JPM,2026-08-07 10:32:18,2026-08-07 10:32:19,1,4,70,1,0,Good
260807001,CR2_JPM,2026-08-07 10:32:19,2026-08-07 10:33:01,42,4,69,2,0,Good
260807001,CR2_JPM,2026-08-07 10:33:01,2026-08-07 10:33:02,1,4,68,2,0,Good
260807001,CR2_JPM,2026-08-07 10:33:02,2026-08-07 10:33:04,2,4,67,1,0,Good
260807001,CR2_JPM,2026-08-07 10:33:04,2026-08-07 10:33:05,1,4,66,1,0,Good
260807001,CR2_JPM,2026-08-07 10:33:05,2026-08-07 10:34:51,106,4,65,0,0,Hang
260807001,CR2_JPM,2026-08-07 10:34:51,2026-08-07 10:34:52,1,4,64,0,0,Hang
260807001,CR2_JPM,2026-08-07 10:34:52,2026-08-07 10:35:38,46,4,63,1,0,Good
260807001,CR2_JPM,2026-08-07 10:35:38,2026-08-07 10:35:39,1,4,62,1,0,Good
260807001,CR2_JPM,2026-08-07 10:35:39,2026-08-07 10:36:04,25,4,61,2,0,Good
260807001,CR2_JPM,2026-08-07 10:36:04,2026-08-07 10:36:05,1,4,60,2,0,Good
260807001,CR2_JPM,2026-08-07 10:36:05,2026-08-07 10:36:46,41,4,59,1,0,Good
260807001,CR2_JPM,2026-08-07 10:36:46,2026-08-07 10:36:47,1,4,58,1,0,Good
260807001,CR2_JPM,2026-08-07 10:36:47,2026-08-07 10:38:58,131,4,57,0,0,Hang
260807001,CR2_JPM,2026-08-07 10:38:58,2026-08-07 10:38:59,1,4,56,0,0,Hang
260807001,CR2_JPM,2026-08-07 10:38:59,2026-08-07 10:39:11,12,4,55,1,0,Good
260807001,CR2_JPM,2026-08-07 10:39:11,2026-08-07 10:39:12,1,4,54,1,0,Good
260807001,CR2_JPM,2026-08-07 10:39:12,2026-08-07 10:40:04,52,4,53,2,0,Good
260807001,CR2_JPM,2026-08-07 10:40:04,2026-08-07 10:40:05,1,4,52,2,0,Good
260807001,CR2_JPM,2026-08-07 10:40:05,2026-08-07 10:40:25,20,4,51,1,0,Good
260807001,CR2_JPM,2026-08-07 10:40:25,2026-08-07 10:40:26,1,4,50,1,0,Good
260807001,CR2_JPM,2026-08-07 10:40:26,2026-08-07 10:40:36,10,4,49,2,0,Good
260807001,CR2_JPM,2026-08-07 10:40:36,2026-08-07 10:40:37,1,4,48,2,0,Good
260807001,CR2_JPM,2026-08-07 10:40:37,2026-08-07 10:41:11,34,4,47,1,0,Good
260807001,CR2_JPM,2026-08-07 10:41:11,2026-08-07 10:41:12,1,4,46,1,0,Good
260807001,CR2_JPM,2026-08-07 10:41:12,2026-08-07 10:41:29,17,4,45,0,0,Hang
260807001,CR2_JPM,2026-08-07 10:41:29,2026-08-07 10:41:30,1,4,44,0,0,Hang
260807001,CR2_JPM,2026-08-07 10:41:30,2026-08-07 10:41:47,17,4,43,1,0,Good
260807001,CR2_JPM,2026-08-07 10:41:47,2026-08-07 10:41:48,1,4,42,1,0,Good
260807001,CR2_JPM,2026-08-07 10:41:48,2026-08-07 10:43:31,103,4,41,0,0,Hang
260807001,CR2_JPM,2026-08-07 10:43:31,2026-08-07 10:43:32,1,4,40,0,0,Hang
260807001,CR2_JPM,2026-08-07 10:43:32,2026-08-07 10:44:24,52,4,39,1,0,Good
260807001,CR2_JPM,2026-08-07 10:44:24,2026-08-07 10:44:25,1,4,38,1,0,Good
260807001,CR2_JPM,2026-08-07 10:44:25,2026-08-07 10:47:42,197,4,37,0,0,Hang
260807001,CR2_JPM,2026-08-07 10:47:42,2026-08-07 10:47:43,1,4,36,0,0,Hang
260807001,CR2_JPM,2026-08-07 10:47:43,2026-08-07 10:48:18,35,4,35,1,0,Good
260807001,CR2_JPM,2026-08-07 10:48:18,2026-08-07 10:48:19,1,4,34,1,0,Good
260807001,CR2_JPM,2026-08-07 10:48:19,2026-08-07 10:48:57,38,4,33,2,0,Good
260807001,CR2_JPM,2026-08-07 10:48:57,2026-08-07 10:48:58,1,4,32,2,0,Good
260807001,CR2_JPM,2026-08-07 10:48:58,2026-08-07 10:49:38,40,4,31,1,0,Good
260807001,CR2_JPM,2026-08-07 10:49:38,2026-08-07 10:49:39,1,4,30,1,0,Good
260807001,CR2_JPM,2026-08-07 10:49:39,2026-08-07 10:49:39,0,4,29,0,0,Hang
260807001,CR2_JPM,2026-08-07 10:49:39,2026-08-07 10:49:40,1,4,28,0,0,Hang
260807001,CR2_JPM,2026-08-07 10:49:40,2026-08-07 10:49:59,19,4,27,1,0,Good
260807001,CR2_JPM,2026-08-07 10:49:59,2026-08-07 10:50:00,1,4,26,1,0,Good
260807001,CR2_JPM,2026-08-07 10:50:00,2026-08-07 10:50:52,52,4,25,2,0,Good
260807001,CR2_JPM,2026-08-07 10:50:52,2026-08-07 10:50:53,1,4,24,2,0,Good
260807001,CR2_JPM,2026-08-07 10:50:53,2026-08-07 10:50:53,0,4,23,3,1,Queue
260807001,CR2_JPM,2026-08-07 10:50:53,2026-08-07 10:50:54,1,4,22,3,1,Queue
260807001,CR2_JPM,2026-08-07 10:50:54,2026-08-07 10:51:00,6,4,21,2,0,Good
260807001,CR2_JPM,2026-08-07 10:51:00,2026-08-07 10:51:01,1,4,20,2,0,Good
260807001,CR2_JPM,2026-08-07 10:51:01,2026-08-07 10:52:33,92,4,19,1,0,Good
260807001,CR2_JPM,2026-08-07 10:52:33,2026-08-07 10:52:34,1,4,18,1,0,Good
260807001,CR2_JPM,2026-08-07 10:52:34,2026-08-07 10:53:39,65,4,17,0,0,Hang
260807001,CR2_JPM,2026-08-07 10:53:39,2026-08-07 10:53:40,1,4,16,0,0,Hang
260807001,CR2_JPM,2026-08-07 10:53:40,2026-08-07 10:54:12,32,4,15,1,0,Good
260807001,CR2_JPM,2026-08-07 10:54:12,2026-08-07 10:54:13,1,4,14,1,0,Good
260807001,CR2_JPM,2026-08-07 10:54:13,2026-08-07 10:54:27,14,4,13,2,0,Good
260807001,CR2_JPM,2026-08-07 10:54:27,2026-08-07 10:54:28,1,4,12,2,0,Good
260807001,CR2_JPM,2026-08-07 10:54:28,2026-08-07 10:54:54,26,4,11,1,0,Good
260807001,CR2_JPM,2026-08-07 10:54:54,2026-08-07 10:54:55,1,4,10,1,0,Good
260807001,CR2_JPM,2026-08-07 10:54:55,2026-08-07 10:55:09,14,4,9,2,0,Good
260807001,CR2_JPM,2026-08-07 10:55:09,2026-08-07 10:55:10,1,4,8,2,0,Good
260807001,CR2_JPM,2026-08-07 10:55:10,2026-08-07 10:55:20,10,4,7,1,0,Good
260807001,CR2_JPM,2026-08-07 10:55:20,2026-08-07 10:55:21,1,4,6,1,0,Good
260807001,CR2_JPM,2026-08-07 10:55:21,2026-08-07 10:56:23,62,4,5,2,0,Good
260807001,CR2_JPM,2026-08-07 10:56:23,2026-08-07 10:56:24,1,4,4,2,0,Good
260807001,CR2_JPM,2026-08-07 10:56:24,2026-08-07 10:56:30,6,4,3,1,0,Good
260807001,CR2_JPM,2026-08-07 10:56:30,2026-08-07 10:56:31,1,4,2,1,0,Good
260807001,CR2_JPM,2026-08-07 10:56:31,,,4,1,0,0,Hang
260807001,CR2_MRM,2026-08-07 05:59:59,2026-08-07 06:00:00,1,-1,528,0,0,Hang
260807001,CR2_MRM,2026-08-07 06:00:00,2026-08-07 06:00:43,43,0,527,1,0,Good
260807001,CR2_MRM,2026-08-07 06:00:43,2026-08-07 06:00:44,1,0,526,1,0,Good
260807001,CR2_MRM,2026-08-07 06:00:44,2026-08-07 06:02:21,97,0,525,2,0,Good
260807001,CR2_MRM,2026-08-07 06:02:21,2026-08-07 06:02:22,1,0,524,2,0,Good
260807001,CR2_MRM,2026-08-07 06:02:22,2026-08-07 06:02:43,21,0,523,1,0,Good
260807001,CR2_MRM,2026-08-07 06:02:43,2026-08-07 06:02:44,1,0,522,1,0,Good
260807001,CR2_MRM,2026-08-07 06:02:44,2026-08-07 06:02:46,2,0,521,2,0,Good
260807001,CR2_MRM,2026-08-07 06:02:46,2026-08-07 06:02:47,1,0,520,2,0,Good
260807001,CR2_MRM,2026-08-07 06:02:47,2026-08-07 06:02:55,8,0,519,1,0,Good
260807001,CR2_MRM,2026-08-07 06:02:55,2026-08-07 06:02:56,1,0,518,1,0,Good
260807001,CR2_MRM,2026-08-07 06:02:56,2026-08-07 06:03:44,48,0,517,2,0,Good
260807001,CR2_MRM,2026-08-07 06:03:44,2026-08-07 06:03:45,1,0,516,2,0,Good
260807001,CR2_MRM,2026-08-07 06:03:45,2026-08-07 06:04:33,48,0,515,1,0,Good
260807001,CR2_MRM,2026-08-07 06:04:33,2026-08-07 06:04:34,1,0,514,1,0,Good
260807001,CR2_MRM,2026-08-07 06:04:34,2026-08-07 06:06:53,139,0,513,2,0,Good
260807001,CR2_MRM,2026-08-07 06:06:53,2026-08-07 06:06:54,1,0,512,2,0,Good
260807001,CR2_MRM,2026-08-07 06:06:54,2026-08-07 06:06:59,5,0,511,1,0,Good
260807001,CR2_MRM,2026-08-07 06:06:59,2026-08-07 06:07:00,1,0,510,1,0,Good
260807001,CR2_MRM,2026-08-07 06:07:00,2026-08-07 06:07:30,30,0,509,2,0,Good
260807001,CR2_MRM,2026-08-07 06:07:30,2026-08-07 06:07:31,1,0,508,2,0,Good
260807001,CR2_MRM,2026-08-07 06:07:31,2026-08-07 06:07:37,6,0,507,3,1,Queue
260807001,CR2_MRM,2026-08-07 06:07:37,2026-08-07 06:07:38,1,0,506,3,1,Queue
260807001,CR2_MRM,2026-08-07 06:07:38,2026-08-07 06:08:28,50,0,505,2,0,Good
260807001,CR2_MRM,2026-08-07 06:08:28,2026-08-07 06:08:29,1,0,504,2,0,Good
260807001,CR2_MRM,2026-08-07 06:08:29,2026-08-07 06:09:00,31,0,503,1,0,Good
260807001,CR2_MRM,2026-08-07 06:09:00,2026-08-07 06:09:01,1,0,502,1,0,Good
260807001,CR2_MRM,2026-08-07 06:09:01,2026-08-07 06:09:59,58,0,501,2,0,Good
260807001,CR2_MRM,2026-08-07 06:09:59,2026-08-07 06:10:00,1,0,500,2,0,Good
260807001,CR2_MRM,2026-08-07 06:10:00,2026-08-07 06:11:19,79,0,499,1,0,Good
260807001,CR2_MRM,2026-08-07 06:11:19,2026-08-07 06:11:20,1,0,498,1,0,Good
260807001,CR2_MRM,2026-08-07 06:11:20,2026-08-07 06:12:09,49,0,497,0,0,Hang
260807001,CR2_MRM,2026-08-07 06:12:09,2026-08-07 06:12:10,1,0,496,0,0,Hang
260807001,CR2_MRM,2026-08-07 06:12:10,2026-08-07 06:12:59,49,0,495,1,0,Good
260807001,CR2_MRM,2026-08-07 06:12:59,2026-08-07 06:13:00,1,0,494,1,0,Good
260807001,CR2_MRM,2026-08-07 06:13:00,2026-08-07 06:13:01,1,0,493,0,0,Hang
260807001,CR2_MRM,2026-08-07 06:13:01,2026-08-07 06:13:02,1,0,492,0,0,Hang
260807001,CR2_MRM,2026-08-07 06:13:02,2026-08-07 06:13:28,26,0,491,1,0,Good
260807001,CR2_MRM,2026-08-07 06:13:28,2026-08-07 06:13:29,1,0,490,1,0,Good
260807001,CR2_MRM,2026-08-07 06:13:29,2026-08-07 06:13:56,27,0,489,2,0,Good
260807001,CR2_MRM,2026-08-07 06:13:56,2026-08-07 06:13:57,1,0,488,2,0,Good
260807001,CR2_MRM,2026-08-07 06:13:57,2026-08-07 06:14:32,35,0,487,1,0,Good
260807001,CR2_MRM,2026-08-07 06:14:32,2026-08-07 06:14:33,1,0,486,1,0,Good
260807001,CR2_MRM,2026-08-07 06:14:33,2026-08-07 06:16:13,100,0,485,0,0,Hang
260807001,CR2_MRM,2026-08-07 06:16:13,2026-08-07 06:16:14,1,0,484,0,0,Hang
260807001,CR2_MRM,2026-08-07 06:16:14,2026-08-07 06:16:41,27,0,483,1,0,Good
260807001,CR2_MRM,2026-08-07 06:16:41,2026-08-07 06:16:42,1,0,482,1,0,Good
260807001,CR2_MRM,2026-08-07 06:16:42,2026-08-07 06:16:50,8,0,481,2,0,Good
260807001,CR2_MRM,2026-08-07 06:16:50,2026-08-07 06:16:51,1,0,480,2,0,Good
260807001,CR2_MRM,2026-08-07 06:16:51,2026-08-07 06:17:06,15,0,479,3,1,Queue
260807001,CR2_MRM,2026-08-07 06:17:06,2026-08-07 06:17:07,1,0,478,3,1,Queue
260807001,CR2_MRM,2026-08-07 06:17:07,2026-08-07 06:18:08,61,0,477,2,0,Good
260807001,CR2_MRM,2026-08-07 06:18:08,2026-08-07 06:18:09,1,0,476,2,0,Good
260807001,CR2_MRM,2026-08-07 06:18:09,2026-08-07 06:18:43,34,0,475,1,0,Good
260807001,CR2_MRM,2026-08-07 06:18:43,2026-08-07 06:18:44,1,0,474,1,0,Good
260807001,CR2_MRM,2026-08-07 06:18:44,2026-08-07 06:20:27,103,0,473,0,0,Hang
260807001,CR2_MRM,2026-08-07 06:20:27,2026-08-07 06:20:28,1,0,472,0,0,Hang
260807001,CR2_MRM,2026-08-07 06:20:28,2026-08-07 06:22:03,95,0,471,1,0,Good
260807001,CR2_MRM,2026-08-07 06:22:03,2026-08-07 06:22:04,1,0,470,1,0,Good
260807001,CR2_MRM,2026-08-07 06:22:04,2026-08-07 06:24:13,129,0,469,0,0,Hang
260807001,CR2_MRM,2026-08-07 06:24:13,2026-08-07 06:24:14,1,0,468,0,0,Hang
260807001,CR2_MRM,2026-08-07 06:24:14,2026-08-07 06:25:05,51,0,467,1,0,Good
260807001,CR2_MRM,2026-08-07 06:25:05,2026-08-07 06:25:06,1,0,466,1,0,Good
260807001,CR2_MRM,2026-08-07 06:25:06,2026-08-07 06:25:13,7,0,465,0,0,Hang
260807001,CR2_MRM,2026-08-07 06:25:13,2026-08-07 06:25:14,1,0,464,0,0,Hang
260807001,CR2_MRM,2026-08-07 06:25:14,2026-08-07 06:26:11,57,0,463,1,0,Good
260807001,CR2_MRM,2026-08-07 06:26:11,2026-08-07 06:26:12,1,0,462,1,0,Good
260807001,CR2_MRM,2026-08-07 06:26:12,2026-08-07 06:27:40,88,0,461,0,0,Hang
260807001,CR2_MRM,2026-08-07 06:27:40,2026-08-07 06:27:41,1,0,460,0,0,Hang
260807001,CR2_MRM,2026-08-07 06:27:41,2026-08-07 06:28:47,66,0,459,1,0,Good
260807001,CR2_MRM,2026-08-07 06:28:47,2026-08-07 06:28:48,1,0,458,1,0,Good
260807001,CR2_MRM,2026-08-07 06:28:48,2026-08-07 06:29:15,27,0,457,0,0,Hang
260807001,CR2_MRM,2026-08-07 06:29:15,2026-08-07 06:29:16,1,0,456,0,0,Hang
260807001,CR2_MRM,2026-08-07 06:29:16,2026-08-07 06:29:23,7,0,455,1,0,Good
260807001,CR2_MRM,2026-08-07 06:29:23,2026-08-07 06:29:24,1,0,454,1,0,Good
260807001,CR2_MRM,2026-08-07 06:29:24,2026-08-07 06:31:04,100,0,453,2,0,Good
260807001,CR2_MRM,2026-08-07 06:31:04,2026-08-07 06:31:05,1,0,452,2,0,Good
260807001,CR2_MRM,2026-08-07 06:31:05,2026-08-07 06:31:53,48,0,451,3,1,Queue
260807001,CR2_MRM,2026-08-07 06:31:53,2026-08-07 06:31:54,1,0,450,3,1,Queue
260807001,CR2_MRM,2026-08-07 06:31:54,2026-08-07 06:32:45,51,0,449,2,0,Good
260807001,CR2_MRM,2026-08-07 06:32:45,2026-08-07 06:32:46,1,0,448,2,0,Good
260807001,CR2_MRM,2026-08-07 06:32:46,2026-08-07 06:32:56,10,0,447,3,1,Queue
260807001,CR2_MRM,2026-08-07 06:32:56,2026-08-07 06:32:57,1,0,446,3,1,Queue
260807001,CR2_MRM,2026-08-07 06:32:57,2026-08-07 06:33:36,39,0,445,2,0,Good
260807001,CR2_MRM,2026-08-07 06:33:36,2026-08-07 06:33:37,1,0,444,2,0,Good
260807001,CR2_MRM,2026-08-07 06:33:37,2026-08-07 06:34:10,33,0,443,1,0,Good
260807001,CR2_MRM,2026-08-07 06:34:10,2026-08-07 06:34:11,1,0,442,1,0,Good
260807001,CR2_MRM,2026-08-07 06:34:11,2026-08-07 06:35:22,71,0,441,0,0,Hang
260807001,CR2_MRM,2026-08-07 06:35:22,2026-08-07 06:35:23,1,0,440,0,0,Hang
260807001,CR2_MRM,2026-08-07 06:35:23,2026-08-07 06:38:22,179,0,439,1,0,Good
260807001,CR2_MRM,2026-08-07 06:38:22,2026-08-07 06:38:23,1,0,438,1,0,Good
260807001,CR2_MRM,2026-08-07 06:38:23,2026-08-07 06:40:01,98,0,437,0,0,Hang
260807001,CR2_MRM,2026-08-07 06:40:01,2026-08-07 06:40:02,1,0,436,0,0,Hang
260807001,CR2_MRM,2026-08-07 06:40:02,2026-08-07 06:40:05,3,0,435,1,0,Good
260807001,CR2_MRM,2026-08-07 06:40:05,2026-08-07 06:40:06,1,0,434,1,0,Good
260807001,CR2_MRM,2026-08-07 06:40:06,2026-08-07 06:40:34,28,0,433,2,0,Good
260807001,CR2_MRM,2026-08-07 06:40:34,2026-08-07 06:40:35,1,0,432,2,0,Good
260807001,CR2_MRM,2026-08-07 06:40:35,2026-08-07 06:43:01,146,0,431,1,0,Good
260807001,CR2_MRM,2026-08-07 06:43:01,2026-08-07 06:43:02,1,0,430,1,0,Good
260807001,CR2_MRM,2026-08-07 06:43:02,2026-08-07 06:43:25,23,0,429,2,0,Good
260807001,CR2_MRM,2026-08-07 06:43:25,2026-08-07 06:43:26,1,0,428,2,0,Good
260807001,CR2_MRM,2026-08-07 06:43:26,2026-08-07 06:46:22,176,0,427,1,0,Good
260807001,CR2_MRM,2026-08-07 06:46:22,2026-08-07 06:46:23,1,0,426,1,0,Good
260807001,CR2_MRM,2026-08-07 06:46:23,2026-08-07 06:46:44,21,0,425,0,0,Hang
260807001,CR2_MRM,2026-08-07 06:46:44,2026-08-07 06:46:45,1,0,424,0,0,Hang
260807001,CR2_MRM,2026-08-07 06:46:45,2026-08-07 06:47:24,39,0,423,1,0,Good
260807001,CR2_MRM,2026-08-07 06:47:24,2026-08-07 06:47:25,1,0,422,1,0,Good
260807001,CR2_MRM,2026-08-07 06:47:25,2026-08-07 06:47:56,31,0,421,2,0,Good
260807001,CR2_MRM,2026-08-07 06:47:56,2026-08-07 06:47:57,1,0,420,2,0,Good
260807001,CR2_MRM,2026-08-07 06:47:57,2026-08-07 06:49:02,65,0,419,1,0,Good
260807001,CR2_MRM,2026-08-07 06:49:02,2026-08-07 06:49:03,1,0,418,1,0,Good
260807001,CR2_MRM,2026-08-07 06:49:03,2026-08-07 06:51:02,119,0,417,2,0,Good
260807001,CR2_MRM,2026-08-07 06:51:02,2026-08-07 06:51:03,1,0,416,2,0,Good
260807001,CR2_MRM,2026-08-07 06:51:03,2026-08-07 06:51:53,50,0,415,1,0,Good
260807001,CR2_MRM,2026-08-07 06:51:53,2026-08-07 06:51:54,1,0,414,1,0,Good
260807001,CR2_MRM,2026-08-07 06:51:54,2026-08-07 06:57:18,324,0,413,0,0,Hang
260807001,CR2_MRM,2026-08-07 06:57:18,2026-08-07 06:57:19,1,0,412,0,0,Hang
260807001,CR2_MRM,2026-08-07 06:57:19,2026-08-07 06:57:49,30,0,411,1,0,Good
260807001,CR2_MRM,2026-08-07 06:57:49,2026-08-07 06:57:50,1,0,410,1,0,Good
260807001,CR2_MRM,2026-08-07 06:57:50,2026-08-07 06:58:06,16,0,409,2,0,Good
260807001,CR2_MRM,2026-08-07 06:58:06,2026-08-07 06:58:07,1,0,408,2,0,Good
260807001,CR2_MRM,2026-08-07 06:58:07,2026-08-07 06:58:30,23,0,407,3,1,Queue
260807001,CR2_MRM,2026-08-07 06:58:30,2026-08-07 06:58:31,1,0,405,2,0,Good
260807001,CR2_MRM,2026-08-07 06:58:30,2026-08-07 06:58:30,0,0,406,3,1,Queue
260807001,CR2_MRM,2026-08-07 06:58:31,2026-08-07 06:59:17,46,0,403,1,0,Good
260807001,CR2_MRM,2026-08-07 06:58:31,2026-08-07 06:58:31,0,0,404,2,0,Good
260807001,CR2_MRM,2026-08-07 06:59:17,2026-08-07 06:59:18,1,0,402,1,0,Good
260807001,CR2_MRM,2026-08-07 06:59:18,2026-08-07 07:00:00,42,0,401,0,0,Hang
260807001,CR2_MRM,2026-08-07 07:00:00,2026-08-07 07:00:01,1,1,400,0,0,Hang
260807001,CR2_MRM,2026-08-07 07:00:01,2026-08-07 07:00:08,7,1,399,1,0,Good
260807001,CR2_MRM,2026-08-07 07:00:08,2026-08-07 07:00:09,1,1,398,1,0,Good
260807001,CR2_MRM,2026-08-07 07:00:09,2026-08-07 07:02:01,112,1,397,2,0,Good
260807001,CR2_MRM,2026-08-07 07:02:01,2026-08-07 07:02:02,1,1,396,2,0,Good
260807001,CR2_MRM,2026-08-07 07:02:02,2026-08-07 07:03:09,67,1,395,1,0,Good
260807001,CR2_MRM,2026-08-07 07:03:09,2026-08-07 07:03:10,1,1,394,1,0,Good
260807001,CR2_MRM,2026-08-07 07:03:10,2026-08-07 07:03:58,48,1,393,2,0,Good
260807001,CR2_MRM,2026-08-07 07:03:58,2026-08-07 07:03:59,1,1,392,2,0,Good
260807001,CR2_MRM,2026-08-07 07:03:59,2026-08-07 07:05:11,72,1,391,1,0,Good
260807001,CR2_MRM,2026-08-07 07:05:11,2026-08-07 07:05:12,1,1,390,1,0,Good
260807001,CR2_MRM,2026-08-07 07:05:12,2026-08-07 07:07:31,139,1,389,2,0,Good
260807001,CR2_MRM,2026-08-07 07:07:31,2026-08-07 07:07:32,1,1,388,2,0,Good
260807001,CR2_MRM,2026-08-07 07:07:32,2026-08-07 07:08:36,64,1,387,1,0,Good
260807001,CR2_MRM,2026-08-07 07:08:36,2026-08-07 07:08:37,1,1,386,1,0,Good
260807001,CR2_MRM,2026-08-07 07:08:37,2026-08-07 07:09:38,61,1,385,2,0,Good
260807001,CR2_MRM,2026-08-07 07:09:38,2026-08-07 07:09:39,1,1,384,2,0,Good
260807001,CR2_MRM,2026-08-07 07:09:39,2026-08-07 07:11:47,128,1,383,1,0,Good
260807001,CR2_MRM,2026-08-07 07:11:47,2026-08-07 07:11:48,1,1,382,1,0,Good
260807001,CR2_MRM,2026-08-07 07:11:48,2026-08-07 07:12:57,69,1,381,0,0,Hang
260807001,CR2_MRM,2026-08-07 07:12:57,2026-08-07 07:12:58,1,1,380,0,0,Hang
260807001,CR2_MRM,2026-08-07 07:12:58,2026-08-07 07:13:44,46,1,379,1,0,Good
260807001,CR2_MRM,2026-08-07 07:13:44,2026-08-07 07:13:45,1,1,378,1,0,Good
260807001,CR2_MRM,2026-08-07 07:13:45,2026-08-07 07:17:31,226,1,377,0,0,Hang
260807001,CR2_MRM,2026-08-07 07:17:31,2026-08-07 07:17:32,1,1,376,0,0,Hang
260807001,CR2_MRM,2026-08-07 07:17:32,2026-08-07 07:21:06,214,1,375,1,0,Good
260807001,CR2_MRM,2026-08-07 07:21:06,2026-08-07 07:21:07,1,1,374,1,0,Good
260807001,CR2_MRM,2026-08-07 07:21:07,2026-08-07 07:21:10,3,1,373,2,0,Good
260807001,CR2_MRM,2026-08-07 07:21:10,2026-08-07 07:21:11,1,1,372,2,0,Good
260807001,CR2_MRM,2026-08-07 07:21:11,2026-08-07 07:22:10,59,1,371,1,0,Good
260807001,CR2_MRM,2026-08-07 07:22:10,2026-08-07 07:22:11,1,1,370,1,0,Good
260807001,CR2_MRM,2026-08-07 07:22:11,2026-08-07 07:25:12,181,1,369,2,0,Queue
260807001,CR2_MRM,2026-08-07 07:25:12,2026-08-07 07:25:13,1,1,368,2,0,Good
260807001,CR2_MRM,2026-08-07 07:25:13,2026-08-07 07:25:40,27,1,367,1,0,Good
260807001,CR2_MRM,2026-08-07 07:25:40,2026-08-07 07:25:41,1,1,366,1,0,Good
260807001,CR2_MRM,2026-08-07 07:25:41,2026-08-07 07:26:00,19,1,365,2,0,Good
260807001,CR2_MRM,2026-08-07 07:26:00,2026-08-07 07:26:01,1,1,364,2,0,Good
260807001,CR2_MRM,2026-08-07 07:26:01,2026-08-07 07:26:52,51,1,363,1,0,Good
260807001,CR2_MRM,2026-08-07 07:26:52,2026-08-07 07:26:53,1,1,362,1,0,Good
260807001,CR2_MRM,2026-08-07 07:26:53,2026-08-07 07:27:51,58,1,361,0,0,Hang
260807001,CR2_MRM,2026-08-07 07:27:51,2026-08-07 07:27:52,1,1,360,0,0,Hang
260807001,CR2_MRM,2026-08-07 07:27:52,2026-08-07 07:31:39,227,1,359,1,0,Good
260807001,CR2_MRM,2026-08-07 07:31:39,2026-08-07 07:31:40,1,1,358,1,0,Good
260807001,CR2_MRM,2026-08-07 07:31:40,2026-08-07 07:32:04,24,1,357,0,0,Hang
260807001,CR2_MRM,2026-08-07 07:32:04,2026-08-07 07:32:05,1,1,356,0,0,Hang
260807001,CR2_MRM,2026-08-07 07:32:05,2026-08-07 07:32:48,43,1,355,1,0,Good
260807001,CR2_MRM,2026-08-07 07:32:48,2026-08-07 07:32:49,1,1,354,1,0,Good
260807001,CR2_MRM,2026-08-07 07:32:49,2026-08-07 07:33:00,11,1,353,2,0,Good
260807001,CR2_MRM,2026-08-07 07:33:00,2026-08-07 07:33:01,1,1,352,2,0,Good
260807001,CR2_MRM,2026-08-07 07:33:01,2026-08-07 07:33:35,34,1,351,3,1,Queue
260807001,CR2_MRM,2026-08-07 07:33:35,2026-08-07 07:33:36,1,1,350,3,1,Queue
260807001,CR2_MRM,2026-08-07 07:33:36,2026-08-07 07:34:08,32,1,349,2,0,Good
260807001,CR2_MRM,2026-08-07 07:34:08,2026-08-07 07:34:09,1,1,348,2,0,Good
260807001,CR2_MRM,2026-08-07 07:34:09,2026-08-07 07:34:33,24,1,347,1,0,Good
260807001,CR2_MRM,2026-08-07 07:34:33,2026-08-07 07:34:34,1,1,346,1,0,Good
260807001,CR2_MRM,2026-08-07 07:34:34,2026-08-07 07:35:08,34,1,345,0,0,Hang
260807001,CR2_MRM,2026-08-07 07:35:08,2026-08-07 07:35:09,1,1,344,0,0,Hang
260807001,CR2_MRM,2026-08-07 07:35:09,2026-08-07 07:36:14,65,1,343,1,0,Good
260807001,CR2_MRM,2026-08-07 07:36:14,2026-08-07 07:36:15,1,1,342,1,0,Good
260807001,CR2_MRM,2026-08-07 07:36:15,2026-08-07 07:41:17,302,1,341,0,0,Hang
260807001,CR2_MRM,2026-08-07 07:41:17,2026-08-07 07:41:18,1,1,340,0,0,Hang
260807001,CR2_MRM,2026-08-07 07:41:18,2026-08-07 07:42:09,51,1,339,1,0,Good
260807001,CR2_MRM,2026-08-07 07:42:09,2026-08-07 07:42:10,1,1,338,1,0,Good
260807001,CR2_MRM,2026-08-07 07:42:10,2026-08-07 07:42:17,7,1,337,2,0,Good
260807001,CR2_MRM,2026-08-07 07:42:17,2026-08-07 07:42:18,1,1,336,2,0,Good
260807001,CR2_MRM,2026-08-07 07:42:18,2026-08-07 07:43:22,64,1,335,1,0,Good
260807001,CR2_MRM,2026-08-07 07:43:22,2026-08-07 07:43:23,1,1,334,1,0,Good
260807001,CR2_MRM,2026-08-07 07:43:23,2026-08-07 07:44:45,82,1,333,0,0,Hang
260807001,CR2_MRM,2026-08-07 07:44:45,2026-08-07 07:44:46,1,1,332,0,0,Hang
260807001,CR2_MRM,2026-08-07 07:44:46,2026-08-07 07:46:20,94,1,331,1,0,Good
260807001,CR2_MRM,2026-08-07 07:46:20,2026-08-07 07:46:21,1,1,330,1,0,Good
260807001,CR2_MRM,2026-08-07 07:46:21,2026-08-07 07:46:37,16,1,329,2,0,Good
260807001,CR2_MRM,2026-08-07 07:46:37,2026-08-07 07:46:38,1,1,328,2,0,Good
260807001,CR2_MRM,2026-08-07 07:46:38,2026-08-07 07:47:26,48,1,327,3,1,Queue
260807001,CR2_MRM,2026-08-07 07:47:26,2026-08-07 07:47:27,1,1,326,3,1,Queue
260807001,CR2_MRM,2026-08-07 07:47:27,2026-08-07 07:47:42,15,1,325,2,0,Good
260807001,CR2_MRM,2026-08-07 07:47:42,2026-08-07 07:47:43,1,1,324,2,0,Good
260807001,CR2_MRM,2026-08-07 07:47:43,2026-08-07 07:49:01,78,1,323,3,1,Queue
260807001,CR2_MRM,2026-08-07 07:49:01,2026-08-07 07:49:02,1,1,322,3,1,Queue
260807001,CR2_MRM,2026-08-07 07:49:02,2026-08-07 07:49:33,31,1,321,2,0,Good
260807001,CR2_MRM,2026-08-07 07:49:33,2026-08-07 07:49:34,1,1,320,2,0,Good
260807001,CR2_MRM,2026-08-07 07:49:34,2026-08-07 07:50:29,55,1,319,1,0,Good
260807001,CR2_MRM,2026-08-07 07:50:29,2026-08-07 07:50:30,1,1,318,1,0,Good
260807001,CR2_MRM,2026-08-07 07:50:30,2026-08-07 07:52:15,105,1,317,0,0,Hang
260807001,CR2_MRM,2026-08-07 07:52:15,2026-08-07 07:52:16,1,1,316,0,0,Hang
260807001,CR2_MRM,2026-08-07 07:52:16,2026-08-07 07:57:32,316,1,315,1,0,Good
260807001,CR2_MRM,2026-08-07 07:57:32,2026-08-07 07:57:33,1,1,314,1,0,Good
260807001,CR2_MRM,2026-08-07 07:57:33,2026-08-07 07:57:46,13,1,313,2,0,Good
260807001,CR2_MRM,2026-08-07 07:57:46,2026-08-07 07:57:47,1,1,312,2,0,Good
260807001,CR2_MRM,2026-08-07 07:57:47,2026-08-07 07:58:20,33,1,311,3,1,Queue
260807001,CR2_MRM,2026-08-07 07:58:20,2026-08-07 07:58:21,1,1,310,3,1,Queue
260807001,CR2_MRM,2026-08-07 07:58:21,2026-08-07 07:58:48,27,1,309,2,0,Good
260807001,CR2_MRM,2026-08-07 07:58:48,2026-08-07 07:58:49,1,1,308,2,0,Good
260807001,CR2_MRM,2026-08-07 07:58:49,2026-08-07 07:59:42,53,1,307,3,1,Queue
260807001,CR2_MRM,2026-08-07 07:59:42,2026-08-07 07:59:43,1,1,306,3,1,Queue
260807001,CR2_MRM,2026-08-07 07:59:43,2026-08-07 08:01:12,89,1,305,4,2,Queue
260807001,CR2_MRM,2026-08-07 08:01:12,2026-08-07 08:01:13,1,2,304,4,2,Queue
260807001,CR2_MRM,2026-08-07 08:01:13,2026-08-07 08:02:01,48,2,303,3,1,Queue
260807001,CR2_MRM,2026-08-07 08:02:01,2026-08-07 08:02:02,1,2,302,3,1,Queue
260807001,CR2_MRM,2026-08-07 08:02:02,2026-08-07 08:04:19,137,2,301,2,0,Good
260807001,CR2_MRM,2026-08-07 08:04:19,2026-08-07 08:04:20,1,2,300,2,0,Good
260807001,CR2_MRM,2026-08-07 08:04:20,2026-08-07 08:04:46,26,2,299,3,1,Queue
260807001,CR2_MRM,2026-08-07 08:04:46,2026-08-07 08:04:47,1,2,298,3,1,Queue
260807001,CR2_MRM,2026-08-07 08:04:47,2026-08-07 08:04:52,5,2,297,2,0,Good
260807001,CR2_MRM,2026-08-07 08:04:52,2026-08-07 08:04:53,1,2,296,2,0,Good
260807001,CR2_MRM,2026-08-07 08:04:53,2026-08-07 08:06:38,105,2,295,1,0,Good
260807001,CR2_MRM,2026-08-07 08:06:38,2026-08-07 08:06:39,1,2,294,1,0,Good
260807001,CR2_MRM,2026-08-07 08:06:39,2026-08-07 08:07:22,43,2,293,2,0,Good
260807001,CR2_MRM,2026-08-07 08:07:22,2026-08-07 08:07:23,1,2,292,2,0,Good
260807001,CR2_MRM,2026-08-07 08:07:23,2026-08-07 08:07:42,19,2,291,3,1,Queue
260807001,CR2_MRM,2026-08-07 08:07:42,2026-08-07 08:07:43,1,2,290,3,1,Queue
260807001,CR2_MRM,2026-08-07 08:07:43,2026-08-07 08:08:10,27,2,289,2,0,Good
260807001,CR2_MRM,2026-08-07 08:08:10,2026-08-07 08:08:11,1,2,288,2,0,Good
260807001,CR2_MRM,2026-08-07 08:08:11,2026-08-07 08:08:30,19,2,287,1,0,Good
260807001,CR2_MRM,2026-08-07 08:08:30,2026-08-07 08:08:31,1,2,286,1,0,Good
260807001,CR2_MRM,2026-08-07 08:08:31,2026-08-07 08:10:29,118,2,285,2,0,Good
260807001,CR2_MRM,2026-08-07 08:10:29,2026-08-07 08:10:30,1,2,284,2,0,Good
260807001,CR2_MRM,2026-08-07 08:10:30,2026-08-07 08:13:51,201,2,283,3,1,Queue
260807001,CR2_MRM,2026-08-07 08:13:51,2026-08-07 08:13:52,1,2,282,3,1,Queue
260807001,CR2_MRM,2026-08-07 08:13:52,2026-08-07 08:14:19,27,2,281,2,0,Good
260807001,CR2_MRM,2026-08-07 08:14:19,2026-08-07 08:14:20,1,2,280,2,0,Good
260807001,CR2_MRM,2026-08-07 08:14:20,2026-08-07 08:14:58,38,2,279,3,1,Queue
260807001,CR2_MRM,2026-08-07 08:14:58,2026-08-07 08:14:59,1,2,278,3,1,Queue
260807001,CR2_MRM,2026-08-07 08:14:59,2026-08-07 08:17:15,136,2,277,2,0,Good
260807001,CR2_MRM,2026-08-07 08:17:15,2026-08-07 08:17:16,1,2,276,2,0,Good
260807001,CR2_MRM,2026-08-07 08:17:16,2026-08-07 08:19:01,105,2,275,1,0,Good
260807001,CR2_MRM,2026-08-07 08:19:01,2026-08-07 08:19:02,1,2,274,1,0,Good
260807001,CR2_MRM,2026-08-07 08:19:02,2026-08-07 08:20:27,85,2,273,0,0,Hang
260807001,CR2_MRM,2026-08-07 08:20:27,2026-08-07 08:20:28,1,2,272,0,0,Hang
260807001,CR2_MRM,2026-08-07 08:20:28,2026-08-07 08:20:36,8,2,271,1,0,Good
260807001,CR2_MRM,2026-08-07 08:20:36,2026-08-07 08:20:37,1,2,270,1,0,Good
260807001,CR2_MRM,2026-08-07 08:20:37,2026-08-07 08:20:52,15,2,269,2,0,Good
260807001,CR2_MRM,2026-08-07 08:20:52,2026-08-07 08:20:53,1,2,268,2,0,Good
260807001,CR2_MRM,2026-08-07 08:20:53,2026-08-07 08:24:27,214,2,267,1,0,Good
260807001,CR2_MRM,2026-08-07 08:24:27,2026-08-07 08:24:28,1,2,266,1,0,Good
260807001,CR2_MRM,2026-08-07 08:24:28,2026-08-07 08:24:30,2,2,265,2,0,Good
260807001,CR2_MRM,2026-08-07 08:24:30,2026-08-07 08:24:31,1,2,264,2,0,Good
260807001,CR2_MRM,2026-08-07 08:24:31,2026-08-07 08:24:58,27,2,263,3,1,Queue
260807001,CR2_MRM,2026-08-07 08:24:58,2026-08-07 08:24:59,1,2,262,3,1,Queue
260807001,CR2_MRM,2026-08-07 08:24:59,2026-08-07 08:25:00,1,2,261,2,0,Good
260807001,CR2_MRM,2026-08-07 08:25:00,2026-08-07 08:25:01,1,2,260,2,0,Good
260807001,CR2_MRM,2026-08-07 08:25:01,2026-08-07 08:25:59,58,2,259,1,0,Good
260807001,CR2_MRM,2026-08-07 08:25:59,2026-08-07 08:26:00,1,2,258,1,0,Good
260807001,CR2_MRM,2026-08-07 08:26:00,2026-08-07 08:26:43,43,2,257,2,0,Good
260807001,CR2_MRM,2026-08-07 08:26:43,2026-08-07 08:26:44,1,2,256,2,0,Good
260807001,CR2_MRM,2026-08-07 08:26:44,2026-08-07 08:29:51,187,2,255,1,0,Good
260807001,CR2_MRM,2026-08-07 08:29:51,2026-08-07 08:29:52,1,2,254,1,0,Good
260807001,CR2_MRM,2026-08-07 08:29:52,2026-08-07 08:30:32,40,2,253,0,0,Hang
260807001,CR2_MRM,2026-08-07 08:30:32,2026-08-07 08:30:33,1,2,252,0,0,Hang
260807001,CR2_MRM,2026-08-07 08:30:33,2026-08-07 08:31:43,70,2,251,1,0,Good
260807001,CR2_MRM,2026-08-07 08:31:43,2026-08-07 08:31:44,1,2,250,1,0,Good
260807001,CR2_MRM,2026-08-07 08:31:44,2026-08-07 08:38:07,383,2,249,0,0,Hang
260807001,CR2_MRM,2026-08-07 08:38:07,2026-08-07 08:38:08,1,2,248,0,0,Hang
260807001,CR2_MRM,2026-08-07 08:38:08,2026-08-07 08:38:48,40,2,247,1,0,Good
260807001,CR2_MRM,2026-08-07 08:38:48,2026-08-07 08:38:49,1,2,246,1,0,Good
260807001,CR2_MRM,2026-08-07 08:38:49,2026-08-07 08:39:42,53,2,245,2,0,Good
260807001,CR2_MRM,2026-08-07 08:39:42,2026-08-07 08:39:43,1,2,244,2,0,Good
260807001,CR2_MRM,2026-08-07 08:39:43,2026-08-07 08:41:20,97,2,243,1,0,Good
260807001,CR2_MRM,2026-08-07 08:41:20,2026-08-07 08:41:21,1,2,242,1,0,Good
260807001,CR2_MRM,2026-08-07 08:41:21,2026-08-07 08:42:24,63,2,241,2,0,Good
260807001,CR2_MRM,2026-08-07 08:42:24,2026-08-07 08:42:25,1,2,240,2,0,Good
260807001,CR2_MRM,2026-08-07 08:42:25,2026-08-07 08:44:04,99,2,239,1,0,Good
260807001,CR2_MRM,2026-08-07 08:44:04,2026-08-07 08:44:05,1,2,238,1,0,Good
260807001,CR2_MRM,2026-08-07 08:44:05,2026-08-07 08:44:37,32,2,237,2,0,Good
260807001,CR2_MRM,2026-08-07 08:44:37,2026-08-07 08:44:38,1,2,236,2,0,Good
260807001,CR2_MRM,2026-08-07 08:44:38,2026-08-07 08:45:38,60,2,235,1,0,Good
260807001,CR2_MRM,2026-08-07 08:45:38,2026-08-07 08:45:39,1,2,234,1,0,Good
260807001,CR2_MRM,2026-08-07 08:45:39,2026-08-07 08:46:48,69,2,233,0,0,Hang
260807001,CR2_MRM,2026-08-07 08:46:48,2026-08-07 08:46:49,1,2,232,0,0,Hang
260807001,CR2_MRM,2026-08-07 08:46:49,2026-08-07 08:47:43,54,2,231,1,0,Good
260807001,CR2_MRM,2026-08-07 08:47:43,2026-08-07 08:47:44,1,2,230,1,0,Good
260807001,CR2_MRM,2026-08-07 08:47:44,2026-08-07 08:48:47,63,2,229,2,0,Good
260807001,CR2_MRM,2026-08-07 08:48:47,2026-08-07 08:48:48,1,2,228,2,0,Good
260807001,CR2_MRM,2026-08-07 08:48:48,2026-08-07 08:51:29,161,2,227,1,0,Good
260807001,CR2_MRM,2026-08-07 08:51:29,2026-08-07 08:51:30,1,2,226,1,0,Good
260807001,CR2_MRM,2026-08-07 08:51:30,2026-08-07 08:53:09,99,2,225,0,0,Hang
260807001,CR2_MRM,2026-08-07 08:53:09,2026-08-07 08:53:10,1,2,224,0,0,Hang
260807001,CR2_MRM,2026-08-07 08:53:10,2026-08-07 08:55:42,152,2,223,1,0,Good
260807001,CR2_MRM,2026-08-07 08:55:42,2026-08-07 08:55:43,1,2,222,1,0,Good
260807001,CR2_MRM,2026-08-07 08:55:43,2026-08-07 08:55:47,4,2,221,2,0,Good
260807001,CR2_MRM,2026-08-07 08:55:47,2026-08-07 08:55:48,1,2,220,2,0,Good
260807001,CR2_MRM,2026-08-07 08:55:48,2026-08-07 08:56:01,13,2,219,1,0,Good
260807001,CR2_MRM,2026-08-07 08:56:01,2026-08-07 08:56:02,1,2,218,1,0,Good
260807001,CR2_MRM,2026-08-07 08:56:02,2026-08-07 08:56:16,14,2,217,0,0,Hang
260807001,CR2_MRM,2026-08-07 08:56:16,2026-08-07 08:56:17,1,2,216,0,0,Hang
260807001,CR2_MRM,2026-08-07 08:56:17,2026-08-07 08:56:49,32,2,215,1,0,Good
260807001,CR2_MRM,2026-08-07 08:56:49,2026-08-07 08:56:50,1,2,214,1,0,Good
260807001,CR2_MRM,2026-08-07 08:56:50,2026-08-07 08:59:42,172,2,213,2,0,Queue
260807001,CR2_MRM,2026-08-07 08:59:42,2026-08-07 08:59:43,1,2,212,2,0,Good
260807001,CR2_MRM,2026-08-07 08:59:43,2026-08-07 09:00:18,35,2,211,1,0,Good
260807001,CR2_MRM,2026-08-07 09:00:18,2026-08-07 09:00:19,1,3,210,1,0,Good
260807001,CR2_MRM,2026-08-07 09:00:19,2026-08-07 09:00:33,14,3,209,2,0,Good
260807001,CR2_MRM,2026-08-07 09:00:33,2026-08-07 09:00:34,1,3,208,2,0,Good
260807001,CR2_MRM,2026-08-07 09:00:34,2026-08-07 09:03:56,202,3,207,1,0,Good
260807001,CR2_MRM,2026-08-07 09:03:56,2026-08-07 09:03:57,1,3,206,1,0,Good
260807001,CR2_MRM,2026-08-07 09:03:57,2026-08-07 09:05:26,89,3,205,0,0,Hang
260807001,CR2_MRM,2026-08-07 09:05:26,2026-08-07 09:05:27,1,3,204,0,0,Hang
260807001,CR2_MRM,2026-08-07 09:05:27,2026-08-07 09:05:49,22,3,203,1,0,Good
260807001,CR2_MRM,2026-08-07 09:05:49,2026-08-07 09:05:50,1,3,202,1,0,Good
260807001,CR2_MRM,2026-08-07 09:05:50,2026-08-07 09:06:08,18,3,201,2,0,Good
260807001,CR2_MRM,2026-08-07 09:06:08,2026-08-07 09:06:09,1,3,200,2,0,Good
260807001,CR2_MRM,2026-08-07 09:06:09,2026-08-07 09:09:26,197,3,199,1,0,Good
260807001,CR2_MRM,2026-08-07 09:09:26,2026-08-07 09:09:27,1,3,198,1,0,Good
260807001,CR2_MRM,2026-08-07 09:09:27,2026-08-07 09:09:34,7,3,197,2,0,Good
260807001,CR2_MRM,2026-08-07 09:09:34,2026-08-07 09:09:35,1,3,196,2,0,Good
260807001,CR2_MRM,2026-08-07 09:09:35,2026-08-07 09:09:35,0,3,195,3,1,Queue
260807001,CR2_MRM,2026-08-07 09:09:35,2026-08-07 09:09:36,1,3,194,3,1,Queue
260807001,CR2_MRM,2026-08-07 09:09:36,2026-08-07 09:09:46,10,3,193,4,2,Queue
260807001,CR2_MRM,2026-08-07 09:09:46,2026-08-07 09:09:47,1,3,192,4,2,Queue
260807001,CR2_MRM,2026-08-07 09:09:47,2026-08-07 09:10:08,21,3,191,3,1,Queue
260807001,CR2_MRM,2026-08-07 09:10:08,2026-08-07 09:10:09,1,3,190,3,1,Queue
260807001,CR2_MRM,2026-08-07 09:10:09,2026-08-07 09:10:21,12,3,189,2,0,Good
260807001,CR2_MRM,2026-08-07 09:10:21,2026-08-07 09:10:22,1,3,188,2,0,Good
260807001,CR2_MRM,2026-08-07 09:10:22,2026-08-07 09:14:05,223,3,187,1,0,Good
260807001,CR2_MRM,2026-08-07 09:14:05,2026-08-07 09:14:06,1,3,186,1,0,Good
260807001,CR2_MRM,2026-08-07 09:14:06,2026-08-07 09:14:12,6,3,185,2,0,Good
260807001,CR2_MRM,2026-08-07 09:14:12,2026-08-07 09:14:13,1,3,184,2,0,Good
260807001,CR2_MRM,2026-08-07 09:14:13,2026-08-07 09:15:51,98,3,183,1,0,Good
260807001,CR2_MRM,2026-08-07 09:15:51,2026-08-07 09:15:52,1,3,182,1,0,Good
260807001,CR2_MRM,2026-08-07 09:15:52,2026-08-07 09:16:28,36,3,181,0,0,Hang
260807001,CR2_MRM,2026-08-07 09:16:28,2026-08-07 09:16:29,1,3,180,0,0,Hang
260807001,CR2_MRM,2026-08-07 09:16:29,2026-08-07 09:18:00,91,3,179,1,0,Good
260807001,CR2_MRM,2026-08-07 09:18:00,2026-08-07 09:18:01,1,3,178,1,0,Good
260807001,CR2_MRM,2026-08-07 09:18:01,2026-08-07 09:18:44,43,3,177,2,0,Good
260807001,CR2_MRM,2026-08-07 09:18:44,2026-08-07 09:18:45,1,3,176,2,0,Good
260807001,CR2_MRM,2026-08-07 09:18:45,2026-08-07 09:19:04,19,3,175,3,1,Queue
260807001,CR2_MRM,2026-08-07 09:19:04,2026-08-07 09:19:05,1,3,174,3,1,Queue
260807001,CR2_MRM,2026-08-07 09:19:05,2026-08-07 09:19:35,30,3,173,2,0,Good
260807001,CR2_MRM,2026-08-07 09:19:35,2026-08-07 09:19:36,1,3,172,2,0,Good
260807001,CR2_MRM,2026-08-07 09:19:36,2026-08-07 09:21:15,99,3,171,1,0,Good
260807001,CR2_MRM,2026-08-07 09:21:15,2026-08-07 09:21:16,1,3,170,1,0,Good
260807001,CR2_MRM,2026-08-07 09:21:16,2026-08-07 09:24:06,170,3,169,2,0,Queue
260807001,CR2_MRM,2026-08-07 09:24:06,2026-08-07 09:24:07,1,3,168,2,0,Good
260807001,CR2_MRM,2026-08-07 09:24:07,2026-08-07 09:24:22,15,3,167,1,0,Good
260807001,CR2_MRM,2026-08-07 09:24:22,2026-08-07 09:24:23,1,3,166,1,0,Good
260807001,CR2_MRM,2026-08-07 09:24:23,2026-08-07 09:26:38,135,3,165,0,0,Hang
260807001,CR2_MRM,2026-08-07 09:26:38,2026-08-07 09:26:39,1,3,164,0,0,Hang
260807001,CR2_MRM,2026-08-07 09:26:39,2026-08-07 09:29:21,162,3,163,1,0,Good
260807001,CR2_MRM,2026-08-07 09:29:21,2026-08-07 09:29:22,1,3,162,1,0,Good
260807001,CR2_MRM,2026-08-07 09:29:22,2026-08-07 09:29:36,14,3,161,0,0,Hang
260807001,CR2_MRM,2026-08-07 09:29:36,2026-08-07 09:29:37,1,3,160,0,0,Hang
260807001,CR2_MRM,2026-08-07 09:29:37,2026-08-07 09:30:03,26,3,159,1,0,Good
260807001,CR2_MRM,2026-08-07 09:30:03,2026-08-07 09:30:04,1,3,158,1,0,Good
260807001,CR2_MRM,2026-08-07 09:30:04,2026-08-07 09:32:59,175,3,157,0,0,Hang
260807001,CR2_MRM,2026-08-07 09:32:59,2026-08-07 09:33:00,1,3,156,0,0,Hang
260807001,CR2_MRM,2026-08-07 09:33:00,2026-08-07 09:33:19,19,3,155,1,0,Good
260807001,CR2_MRM,2026-08-07 09:33:19,2026-08-07 09:33:20,1,3,154,1,0,Good
260807001,CR2_MRM,2026-08-07 09:33:20,2026-08-07 09:34:26,66,3,153,0,0,Hang
260807001,CR2_MRM,2026-08-07 09:34:26,2026-08-07 09:34:27,1,3,152,0,0,Hang
260807001,CR2_MRM,2026-08-07 09:34:27,2026-08-07 09:35:47,80,3,151,1,0,Good
260807001,CR2_MRM,2026-08-07 09:35:47,2026-08-07 09:35:48,1,3,150,1,0,Good
260807001,CR2_MRM,2026-08-07 09:35:48,2026-08-07 09:38:01,133,3,149,0,0,Hang
260807001,CR2_MRM,2026-08-07 09:38:01,2026-08-07 09:38:02,1,3,148,0,0,Hang
260807001,CR2_MRM,2026-08-07 09:38:02,2026-08-07 09:38:50,48,3,147,1,0,Good
260807001,CR2_MRM,2026-08-07 09:38:50,2026-08-07 09:38:51,1,3,146,1,0,Good
260807001,CR2_MRM,2026-08-07 09:38:51,2026-08-07 09:40:04,73,3,145,0,0,Hang
260807001,CR2_MRM,2026-08-07 09:40:04,2026-08-07 09:40:05,1,3,144,0,0,Hang
260807001,CR2_MRM,2026-08-07 09:40:05,2026-08-07 09:40:25,20,3,143,1,0,Good
260807001,CR2_MRM,2026-08-07 09:40:25,2026-08-07 09:40:26,1,3,142,1,0,Good
260807001,CR2_MRM,2026-08-07 09:40:26,2026-08-07 09:41:04,38,3,141,2,0,Good
260807001,CR2_MRM,2026-08-07 09:41:04,2026-08-07 09:41:05,1,3,140,2,0,Good
260807001,CR2_MRM,2026-08-07 09:41:05,2026-08-07 09:41:14,9,3,139,3,1,Queue
260807001,CR2_MRM,2026-08-07 09:41:14,2026-08-07 09:41:15,1,3,138,3,1,Queue
260807001,CR2_MRM,2026-08-07 09:41:15,2026-08-07 09:41:49,34,3,137,2,0,Good
260807001,CR2_MRM,2026-08-07 09:41:49,2026-08-07 09:41:50,1,3,136,2,0,Good
260807001,CR2_MRM,2026-08-07 09:41:50,2026-08-07 09:42:06,16,3,135,1,0,Good
260807001,CR2_MRM,2026-08-07 09:42:06,2026-08-07 09:42:07,1,3,134,1,0,Good
260807001,CR2_MRM,2026-08-07 09:42:07,2026-08-07 09:42:46,39,3,133,0,0,Hang
260807001,CR2_MRM,2026-08-07 09:42:46,2026-08-07 09:42:47,1,3,132,0,0,Hang
260807001,CR2_MRM,2026-08-07 09:42:47,2026-08-07 09:43:09,22,3,131,1,0,Good
260807001,CR2_MRM,2026-08-07 09:43:09,2026-08-07 09:43:10,1,3,130,1,0,Good
260807001,CR2_MRM,2026-08-07 09:43:10,2026-08-07 09:44:21,71,3,129,2,0,Good
260807001,CR2_MRM,2026-08-07 09:44:21,2026-08-07 09:44:22,1,3,128,2,0,Good
260807001,CR2_MRM,2026-08-07 09:44:22,2026-08-07 09:45:04,42,3,127,1,0,Good
260807001,CR2_MRM,2026-08-07 09:45:04,2026-08-07 09:45:05,1,3,126,1,0,Good
260807001,CR2_MRM,2026-08-07 09:45:05,2026-08-07 09:45:33,28,3,125,0,0,Hang
260807001,CR2_MRM,2026-08-07 09:45:33,2026-08-07 09:45:34,1,3,124,0,0,Hang
260807001,CR2_MRM,2026-08-07 09:45:34,2026-08-07 09:47:35,121,3,123,1,0,Good
260807001,CR2_MRM,2026-08-07 09:47:35,2026-08-07 09:47:36,1,3,122,1,0,Good
260807001,CR2_MRM,2026-08-07 09:47:36,2026-08-07 09:48:00,24,3,121,2,0,Good
260807001,CR2_MRM,2026-08-07 09:48:00,2026-08-07 09:48:01,1,3,120,2,0,Good
260807001,CR2_MRM,2026-08-07 09:48:01,2026-08-07 09:48:10,9,3,119,3,1,Queue
260807001,CR2_MRM,2026-08-07 09:48:10,2026-08-07 09:48:11,1,3,118,3,1,Queue
260807001,CR2_MRM,2026-08-07 09:48:11,2026-08-07 09:49:26,75,3,117,2,0,Good
260807001,CR2_MRM,2026-08-07 09:49:26,2026-08-07 09:49:27,1,3,116,2,0,Good
260807001,CR2_MRM,2026-08-07 09:49:27,2026-08-07 09:49:54,27,3,115,1,0,Good
260807001,CR2_MRM,2026-08-07 09:49:54,2026-08-07 09:49:55,1,3,114,1,0,Good
260807001,CR2_MRM,2026-08-07 09:49:55,2026-08-07 09:51:01,66,3,113,0,0,Hang
260807001,CR2_MRM,2026-08-07 09:51:01,2026-08-07 09:51:02,1,3,112,0,0,Hang
260807001,CR2_MRM,2026-08-07 09:51:02,2026-08-07 09:52:35,93,3,111,1,0,Good
260807001,CR2_MRM,2026-08-07 09:52:35,2026-08-07 09:52:36,1,3,110,1,0,Good
260807001,CR2_MRM,2026-08-07 09:52:36,2026-08-07 09:52:42,6,3,109,2,0,Good
260807001,CR2_MRM,2026-08-07 09:52:42,2026-08-07 09:52:43,1,3,108,2,0,Good
260807001,CR2_MRM,2026-08-07 09:52:43,2026-08-07 09:53:15,32,3,107,1,0,Good
260807001,CR2_MRM,2026-08-07 09:53:15,2026-08-07 09:53:16,1,3,106,1,0,Good
260807001,CR2_MRM,2026-08-07 09:53:16,2026-08-07 09:53:49,33,3,105,2,0,Good
260807001,CR2_MRM,2026-08-07 09:53:49,2026-08-07 09:53:50,1,3,104,2,0,Good
260807001,CR2_MRM,2026-08-07 09:53:50,2026-08-07 09:54:27,37,3,103,1,0,Good
260807001,CR2_MRM,2026-08-07 09:54:27,2026-08-07 09:54:28,1,3,102,1,0,Good
260807001,CR2_MRM,2026-08-07 09:54:28,2026-08-07 09:55:29,61,3,101,2,0,Good
260807001,CR2_MRM,2026-08-07 09:55:29,2026-08-07 09:55:30,1,3,100,2,0,Good
260807001,CR2_MRM,2026-08-07 09:55:30,2026-08-07 09:55:47,17,3,99,3,1,Queue
260807001,CR2_MRM,2026-08-07 09:55:47,2026-08-07 09:55:48,1,3,98,3,1,Queue
260807001,CR2_MRM,2026-08-07 09:55:48,2026-08-07 09:56:44,56,3,97,2,0,Good
260807001,CR2_MRM,2026-08-07 09:56:44,2026-08-07 09:56:45,1,3,96,2,0,Good
260807001,CR2_MRM,2026-08-07 09:56:45,2026-08-07 09:56:56,11,3,95,1,0,Good
260807001,CR2_MRM,2026-08-07 09:56:56,2026-08-07 09:56:57,1,3,94,1,0,Good
260807001,CR2_MRM,2026-08-07 09:56:57,2026-08-07 09:57:54,57,3,93,2,0,Good
260807001,CR2_MRM,2026-08-07 09:57:54,2026-08-07 09:57:55,1,3,92,2,0,Good
260807001,CR2_MRM,2026-08-07 09:57:55,2026-08-07 10:00:23,148,3,91,1,0,Good
260807001,CR2_MRM,2026-08-07 10:00:23,2026-08-07 10:00:24,1,4,90,1,0,Good
260807001,CR2_MRM,2026-08-07 10:00:24,2026-08-07 10:01:40,76,4,89,2,0,Good
260807001,CR2_MRM,2026-08-07 10:01:40,2026-08-07 10:01:41,1,4,88,2,0,Good
260807001,CR2_MRM,2026-08-07 10:01:41,2026-08-07 10:01:44,3,4,87,3,1,Queue
260807001,CR2_MRM,2026-08-07 10:01:44,2026-08-07 10:01:45,1,4,86,3,1,Queue
260807001,CR2_MRM,2026-08-07 10:01:45,2026-08-07 10:03:45,120,4,85,2,0,Good
260807001,CR2_MRM,2026-08-07 10:03:45,2026-08-07 10:03:46,1,4,84,2,0,Good
260807001,CR2_MRM,2026-08-07 10:03:46,2026-08-07 10:05:28,102,4,83,1,0,Good
260807001,CR2_MRM,2026-08-07 10:05:28,2026-08-07 10:05:29,1,4,82,1,0,Good
260807001,CR2_MRM,2026-08-07 10:05:29,2026-08-07 10:07:29,120,4,81,0,0,Hang
260807001,CR2_MRM,2026-08-07 10:07:29,2026-08-07 10:07:30,1,4,80,0,0,Hang
260807001,CR2_MRM,2026-08-07 10:07:30,2026-08-07 10:09:42,132,4,79,1,0,Good
260807001,CR2_MRM,2026-08-07 10:09:42,2026-08-07 10:09:43,1,4,78,1,0,Good
260807001,CR2_MRM,2026-08-07 10:09:43,2026-08-07 10:14:51,308,4,77,0,0,Hang
260807001,CR2_MRM,2026-08-07 10:14:51,2026-08-07 10:14:52,1,4,76,0,0,Hang
260807001,CR2_MRM,2026-08-07 10:14:52,2026-08-07 10:14:56,4,4,75,1,0,Good
260807001,CR2_MRM,2026-08-07 10:14:56,2026-08-07 10:14:57,1,4,73,1,0,Good
260807001,CR2_MRM,2026-08-07 10:14:56,2026-08-07 10:14:56,0,4,74,2,0,Good
260807001,CR2_MRM,2026-08-07 10:14:57,2026-08-07 10:15:06,9,4,71,1,0,Good
260807001,CR2_MRM,2026-08-07 10:14:57,2026-08-07 10:14:57,0,4,72,2,0,Good
260807001,CR2_MRM,2026-08-07 10:15:06,2026-08-07 10:15:07,1,4,70,1,0,Good
260807001,CR2_MRM,2026-08-07 10:15:07,2026-08-07 10:16:00,53,4,69,2,0,Good
260807001,CR2_MRM,2026-08-07 10:16:00,2026-08-07 10:16:01,1,4,68,2,0,Good
260807001,CR2_MRM,2026-08-07 10:16:01,2026-08-07 10:18:27,146,4,67,1,0,Good
260807001,CR2_MRM,2026-08-07 10:18:27,2026-08-07 10:18:28,1,4,66,1,0,Good
260807001,CR2_MRM,2026-08-07 10:18:28,2026-08-07 10:18:42,14,4,65,0,0,Hang
260807001,CR2_MRM,2026-08-07 10:18:42,2026-08-07 10:18:43,1,4,64,0,0,Hang
260807001,CR2_MRM,2026-08-07 10:18:43,2026-08-07 10:19:10,27,4,63,1,0,Good
260807001,CR2_MRM,2026-08-07 10:19:10,2026-08-07 10:19:11,1,4,62,1,0,Good
260807001,CR2_MRM,2026-08-07 10:19:11,2026-08-07 10:22:13,182,4,61,2,0,Queue
260807001,CR2_MRM,2026-08-07 10:22:13,2026-08-07 10:22:14,1,4,60,2,0,Good
260807001,CR2_MRM,2026-08-07 10:22:14,2026-08-07 10:22:54,40,4,59,3,1,Queue
260807001,CR2_MRM,2026-08-07 10:22:54,2026-08-07 10:22:55,1,4,58,3,1,Queue
260807001,CR2_MRM,2026-08-07 10:22:55,2026-08-07 10:23:24,29,4,57,2,0,Good
260807001,CR2_MRM,2026-08-07 10:23:24,2026-08-07 10:23:25,1,4,56,2,0,Good
260807001,CR2_MRM,2026-08-07 10:23:25,2026-08-07 10:25:09,104,4,55,1,0,Good
260807001,CR2_MRM,2026-08-07 10:25:09,2026-08-07 10:25:10,1,4,54,1,0,Good
260807001,CR2_MRM,2026-08-07 10:25:10,2026-08-07 10:25:11,1,4,53,2,0,Good
260807001,CR2_MRM,2026-08-07 10:25:11,2026-08-07 10:25:12,1,4,52,2,0,Good
260807001,CR2_MRM,2026-08-07 10:25:12,2026-08-07 10:25:27,15,4,51,3,1,Queue
260807001,CR2_MRM,2026-08-07 10:25:27,2026-08-07 10:25:28,1,4,50,3,1,Queue
260807001,CR2_MRM,2026-08-07 10:25:28,2026-08-07 10:28:41,193,4,49,2,0,Queue
260807001,CR2_MRM,2026-08-07 10:28:41,2026-08-07 10:28:42,1,4,48,2,0,Good
260807001,CR2_MRM,2026-08-07 10:28:42,2026-08-07 10:29:32,50,4,47,1,0,Good
260807001,CR2_MRM,2026-08-07 10:29:32,2026-08-07 10:29:33,1,4,46,1,0,Good
260807001,CR2_MRM,2026-08-07 10:29:33,2026-08-07 10:31:11,98,4,45,2,0,Good
260807001,CR2_MRM,2026-08-07 10:31:11,2026-08-07 10:31:12,1,4,44,2,0,Good
260807001,CR2_MRM,2026-08-07 10:31:12,2026-08-07 10:32:35,83,4,43,1,0,Good
260807001,CR2_MRM,2026-08-07 10:32:35,2026-08-07 10:32:36,1,4,42,1,0,Good
260807001,CR2_MRM,2026-08-07 10:32:36,2026-08-07 10:37:54,318,4,41,0,0,Hang
260807001,CR2_MRM,2026-08-07 10:37:54,2026-08-07 10:37:55,1,4,40,0,0,Hang
260807001,CR2_MRM,2026-08-07 10:37:55,2026-08-07 10:37:59,4,4,39,1,0,Good
260807001,CR2_MRM,2026-08-07 10:37:59,2026-08-07 10:38:00,1,4,38,1,0,Good
260807001,CR2_MRM,2026-08-07 10:38:00,2026-08-07 10:38:03,3,4,37,2,0,Good
260807001,CR2_MRM,2026-08-07 10:38:03,2026-08-07 10:38:04,1,4,36,2,0,Good
260807001,CR2_MRM,2026-08-07 10:38:04,2026-08-07 10:38:04,0,4,35,1,0,Good
260807001,CR2_MRM,2026-08-07 10:38:04,2026-08-07 10:38:05,1,4,34,1,0,Good
260807001,CR2_MRM,2026-08-07 10:38:05,2026-08-07 10:39:17,72,4,33,0,0,Hang
260807001,CR2_MRM,2026-08-07 10:39:17,2026-08-07 10:39:18,1,4,32,0,0,Hang
260807001,CR2_MRM,2026-08-07 10:39:18,2026-08-07 10:43:24,246,4,31,1,0,Good
260807001,CR2_MRM,2026-08-07 10:43:24,2026-08-07 10:43:25,1,4,30,1,0,Good
260807001,CR2_MRM,2026-08-07 10:43:25,2026-08-07 10:43:43,18,4,29,2,0,Good
260807001,CR2_MRM,2026-08-07 10:43:43,2026-08-07 10:43:44,1,4,28,2,0,Good
260807001,CR2_MRM,2026-08-07 10:43:44,2026-08-07 10:44:49,65,4,27,3,1,Queue
260807001,CR2_MRM,2026-08-07 10:44:49,2026-08-07 10:44:50,1,4,26,3,1,Queue
260807001,CR2_MRM,2026-08-07 10:44:50,2026-08-07 10:45:27,37,4,25,2,0,Good
260807001,CR2_MRM,2026-08-07 10:45:27,2026-08-07 10:45:28,1,4,24,2,0,Good
260807001,CR2_MRM,2026-08-07 10:45:28,2026-08-07 10:46:35,67,4,23,3,1,Queue
260807001,CR2_MRM,2026-08-07 10:46:35,2026-08-07 10:46:36,1,4,22,3,1,Queue
260807001,CR2_MRM,2026-08-07 10:46:36,2026-08-07 10:48:28,112,4,21,2,0,Good
260807001,CR2_MRM,2026-08-07 10:48:28,2026-08-07 10:48:29,1,4,20,2,0,Good
260807001,CR2_MRM,2026-08-07 10:48:29,2026-08-07 10:48:37,8,4,19,3,1,Queue
260807001,CR2_MRM,2026-08-07 10:48:37,2026-08-07 10:48:38,1,4,18,3,1,Queue
260807001,CR2_MRM,2026-08-07 10:48:38,2026-08-07 10:49:38,60,4,17,2,0,Good
260807001,CR2_MRM,2026-08-07 10:49:38,2026-08-07 10:49:39,1,4,16,2,0,Good
260807001,CR2_MRM,2026-08-07 10:49:39,2026-08-07 10:49:55,16,4,15,3,1,Queue
260807001,CR2_MRM,2026-08-07 10:49:55,2026-08-07 10:49:56,1,4,14,3,1,Queue
260807001,CR2_MRM,2026-08-07 10:49:56,2026-08-07 10:50:20,24,4,13,2,0,Good
260807001,CR2_MRM,2026-08-07 10:50:20,2026-08-07 10:50:21,1,4,12,2,0,Good
260807001,CR2_MRM,2026-08-07 10:50:21,2026-08-07 10:52:33,132,4,11,1,0,Good
260807001,CR2_MRM,2026-08-07 10:52:33,2026-08-07 10:52:34,1,4,10,1,0,Good
260807001,CR2_MRM,2026-08-07 10:52:34,2026-08-07 10:54:19,105,4,9,0,0,Hang
260807001,CR2_MRM,2026-08-07 10:54:19,2026-08-07 10:54:20,1,4,8,0,0,Hang
260807001,CR2_MRM,2026-08-07 10:54:20,2026-08-07 10:56:14,114,4,7,1,0,Good
260807001,CR2_MRM,2026-08-07 10:56:14,2026-08-07 10:56:15,1,4,6,1,0,Good
260807001,CR2_MRM,2026-08-07 10:56:15,2026-08-07 10:57:04,49,4,5,2,0,Good
260807001,CR2_MRM,2026-08-07 10:57:04,2026-08-07 10:57:05,1,4,4,2,0,Good
260807001,CR2_MRM,2026-08-07 10:57:05,2026-08-07 10:57:46,41,4,3,1,0,Good
260807001,CR2_MRM,2026-08-07 10:57:46,2026-08-07 10:57:47,1,4,2,1,0,Good
260807001,CR2_MRM,2026-08-07 10:57:47,,,4,1,0,0,Hang
260807001,DU_BORROW4_TILL,2026-08-07 06:00:00,,,0,1,0,0,Hang
260807001,DU_CADILLAC_HD_561,2026-08-07 06:00:00,2026-08-07 06:00:11,11,0,161,0,0,Hang
260807001,DU_CADILLAC_HD_561,2026-08-07 06:00:11,2026-08-07 06:00:12,1,0,160,0,0,Hang
260807001,DU_CADILLAC_HD_561,2026-08-07 06:00:12,2026-08-07 06:00:39,27,0,159,1,0,Good
260807001,DU_CADILLAC_HD_561,2026-08-07 06:00:39,2026-08-07 06:00:40,1,0,158,1,0,Good
260807001,DU_CADILLAC_HD_561,2026-08-07 06:00:40,2026-08-07 06:03:05,145,0,157,0,0,Hang
260807001,DU_CADILLAC_HD_561,2026-08-07 06:03:05,2026-08-07 06:03:06,1,0,156,0,0,Hang
260807001,DU_CADILLAC_HD_561,2026-08-07 06:03:06,2026-08-07 06:03:35,29,0,155,1,0,Good
260807001,DU_CADILLAC_HD_561,2026-08-07 06:03:35,2026-08-07 06:03:36,1,0,154,1,0,Good
260807001,DU_CADILLAC_HD_561,2026-08-07 06:03:36,2026-08-07 06:27:38,1442,0,153,0,0,Hang
260807001,DU_CADILLAC_HD_561,2026-08-07 06:27:38,2026-08-07 06:27:39,1,0,152,0,0,Hang
260807001,DU_CADILLAC_HD_561,2026-08-07 06:27:39,2026-08-07 06:28:04,25,0,151,1,0,Good
260807001,DU_CADILLAC_HD_561,2026-08-07 06:28:04,2026-08-07 06:28:05,1,0,150,1,0,Good
260807001,DU_CADILLAC_HD_561,2026-08-07 06:28:05,2026-08-07 06:37:57,592,0,149,0,0,Hang
260807001,DU_CADILLAC_HD_561,2026-08-07 06:37:57,2026-08-07 06:37:58,1,0,148,0,0,Hang
260807001,DU_CADILLAC_HD_561,2026-08-07 06:37:58,2026-08-07 06:38:29,31,0,147,1,0,Good
260807001,DU_CADILLAC_HD_561,2026-08-07 06:38:29,2026-08-07 06:38:30,1,0,146,1,0,Good
260807001,DU_CADILLAC_HD_561,2026-08-07 06:38:30,2026-08-07 06:50:20,710,0,145,0,0,Hang
260807001,DU_CADILLAC_HD_561,2026-08-07 06:50:20,2026-08-07 06:50:21,1,0,144,0,0,Hang
260807001,DU_CADILLAC_HD_561,2026-08-07 06:50:21,2026-08-07 06:50:21,0,0,143,1,0,Good
260807001,DU_CADILLAC_HD_561,2026-08-07 06:50:21,2026-08-07 06:50:22,1,0,142,1,0,Good
260807001,DU_CADILLAC_HD_561,2026-08-07 06:50:22,2026-08-07 06:55:10,288,0,141,0,0,Hang
260807001,DU_CADILLAC_HD_561,2026-08-07 06:55:10,2026-08-07 06:55:11,1,0,140,0,0,Hang
260807001,DU_CADILLAC_HD_561,2026-08-07 06:55:11,2026-08-07 06:55:38,27,0,139,1,0,Good
260807001,DU_CADILLAC_HD_561,2026-08-07 06:55:38,2026-08-07 06:55:39,1,0,138,1,0,Good
260807001,DU_CADILLAC_HD_561,2026-08-07 06:55:39,2026-08-07 06:56:06,27,0,137,2,1,Good
260807001,DU_CADILLAC_HD_561,2026-08-07 06:56:06,2026-08-07 06:56:07,1,0,136,2,1,Good
260807001,DU_CADILLAC_HD_561,2026-08-07 06:56:07,2026-08-07 06:58:16,129,0,135,1,0,Good
260807001,DU_CADILLAC_HD_561,2026-08-07 06:58:16,2026-08-07 06:58:17,1,0,134,1,0,Good
260807001,DU_CADILLAC_HD_561,2026-08-07 06:58:17,2026-08-07 07:02:55,278,0,133,0,0,Hang
260807001,DU_CADILLAC_HD_561,2026-08-07 07:02:55,2026-08-07 07:02:56,1,1,132,0,0,Hang
260807001,DU_CADILLAC_HD_561,2026-08-07 07:02:56,2026-08-07 07:04:36,100,1,131,1,0,Good
260807001,DU_CADILLAC_HD_561,2026-08-07 07:04:36,2026-08-07 07:04:37,1,1,130,1,0,Good
260807001,DU_CADILLAC_HD_561,2026-08-07 07:04:37,2026-08-07 07:08:25,228,1,129,0,0,Hang
260807001,DU_CADILLAC_HD_561,2026-08-07 07:08:25,2026-08-07 07:08:26,1,1,128,0,0,Hang
260807001,DU_CADILLAC_HD_561,2026-08-07 07:08:26,2026-08-07 07:08:29,3,1,127,1,0,Good
260807001,DU_CADILLAC_HD_561,2026-08-07 07:08:29,2026-08-07 07:08:30,1,1,126,1,0,Good
260807001,DU_CADILLAC_HD_561,2026-08-07 07:08:30,2026-08-07 07:12:58,268,1,125,0,0,Hang
260807001,DU_CADILLAC_HD_561,2026-08-07 07:12:58,2026-08-07 07:12:59,1,1,124,0,0,Hang
260807001,DU_CADILLAC_HD_561,2026-08-07 07:12:59,2026-08-07 07:13:40,41,1,123,1,0,Good
260807001,DU_CADILLAC_HD_561,2026-08-07 07:13:40,2026-08-07 07:13:41,1,1,122,1,0,Good
260807001,DU_CADILLAC_HD_561,2026-08-07 07:13:41,2026-08-07 07:15:55,134,1,121,0,0,Hang
260807001,DU_CADILLAC_HD_561,2026-08-07 07:15:55,2026-08-07 07:15:56,1,1,120,0,0,Hang
260807001,DU_CADILLAC_HD_561,2026-08-07 07:15:56,2026-08-07 07:16:19,23,1,119,1,0,Good
260807001,DU_CADILLAC_HD_561,2026-08-07 07:16:19,2026-08-07 07:16:20,1,1,118,1,0,Good
260807001,DU_CADILLAC_HD_561,2026-08-07 07:16:20,2026-08-07 07:21:06,286,1,117,0,0,Hang
260807001,DU_CADILLAC_HD_561,2026-08-07 07:21:06,2026-08-07 07:21:07,1,1,116,0,0,Hang
260807001,DU_CADILLAC_HD_561,2026-08-07 07:21:07,2026-08-07 07:21:07,0,1,115,1,0,Good
260807001,DU_CADILLAC_HD_561,2026-08-07 07:21:07,2026-08-07 07:21:08,1,1,114,1,0,Good
260807001,DU_CADILLAC_HD_561,2026-08-07 07:21:08,2026-08-07 07:38:47,1059,1,113,0,0,Hang
260807001,DU_CADILLAC_HD_561,2026-08-07 07:38:47,2026-08-07 07:38:48,1,1,112,0,0,Hang
260807001,DU_CADILLAC_HD_561,2026-08-07 07:38:48,2026-08-07 07:39:24,36,1,111,1,0,Good
260807001,DU_CADILLAC_HD_561,2026-08-07 07:39:24,2026-08-07 07:39:25,1,1,110,1,0,Good
260807001,DU_CADILLAC_HD_561,2026-08-07 07:39:25,2026-08-07 07:42:50,205,1,109,0,0,Hang
260807001,DU_CADILLAC_HD_561,2026-08-07 07:42:50,2026-08-07 07:42:51,1,1,108,0,0,Hang
260807001,DU_CADILLAC_HD_561,2026-08-07 07:42:51,2026-08-07 07:43:04,13,1,107,1,0,Good
260807001,DU_CADILLAC_HD_561,2026-08-07 07:43:04,2026-08-07 07:43:05,1,1,106,1,0,Good
260807001,DU_CADILLAC_HD_561,2026-08-07 07:43:05,2026-08-07 08:05:08,1323,1,105,0,0,Hang
260807001,DU_CADILLAC_HD_561,2026-08-07 08:05:08,2026-08-07 08:05:09,1,2,104,0,0,Hang
260807001,DU_CADILLAC_HD_561,2026-08-07 08:05:09,2026-08-07 08:05:10,1,2,103,1,0,Good
260807001,DU_CADILLAC_HD_561,2026-08-07 08:05:10,2026-08-07 08:05:11,1,2,102,1,0,Good
260807001,DU_CADILLAC_HD_561,2026-08-07 08:05:11,2026-08-07 08:13:50,519,2,101,0,0,Hang
260807001,DU_CADILLAC_HD_561,2026-08-07 08:13:50,2026-08-07 08:13:51,1,2,100,0,0,Hang
260807001,DU_CADILLAC_HD_561,2026-08-07 08:13:51,2026-08-07 08:14:23,32,2,99,1,0,Good
260807001,DU_CADILLAC_HD_561,2026-08-07 08:14:23,2026-08-07 08:14:24,1,2,98,1,0,Good
260807001,DU_CADILLAC_HD_561,2026-08-07 08:14:24,2026-08-07 08:18:36,252,2,97,0,0,Hang
260807001,DU_CADILLAC_HD_561,2026-08-07 08:18:36,2026-08-07 08:18:37,1,2,96,0,0,Hang
260807001,DU_CADILLAC_HD_561,2026-08-07 08:18:37,2026-08-07 08:19:04,27,2,95,1,0,Good
260807001,DU_CADILLAC_HD_561,2026-08-07 08:19:04,2026-08-07 08:19:05,1,2,94,1,0,Good
260807001,DU_CADILLAC_HD_561,2026-08-07 08:19:05,2026-08-07 08:24:42,337,2,93,0,0,Hang
260807001,DU_CADILLAC_HD_561,2026-08-07 08:24:42,2026-08-07 08:24:43,1,2,92,0,0,Hang
260807001,DU_CADILLAC_HD_561,2026-08-07 08:24:43,2026-08-07 08:26:39,116,2,91,1,0,Good
260807001,DU_CADILLAC_HD_561,2026-08-07 08:26:39,2026-08-07 08:26:40,1,2,90,1,0,Good
260807001,DU_CADILLAC_HD_561,2026-08-07 08:26:40,2026-08-07 08:32:09,329,2,89,0,0,Hang
260807001,DU_CADILLAC_HD_561,2026-08-07 08:32:09,2026-08-07 08:32:10,1,2,88,0,0,Hang
260807001,DU_CADILLAC_HD_561,2026-08-07 08:32:10,2026-08-07 08:33:39,89,2,87,1,0,Good
260807001,DU_CADILLAC_HD_561,2026-08-07 08:33:39,2026-08-07 08:33:40,1,2,86,1,0,Good
260807001,DU_CADILLAC_HD_561,2026-08-07 08:33:40,2026-08-07 08:35:52,132,2,85,0,0,Hang
260807001,DU_CADILLAC_HD_561,2026-08-07 08:35:52,2026-08-07 08:35:53,1,2,84,0,0,Hang
260807001,DU_CADILLAC_HD_561,2026-08-07 08:35:53,2026-08-07 08:36:36,43,2,83,1,0,Good
260807001,DU_CADILLAC_HD_561,2026-08-07 08:36:36,2026-08-07 08:36:37,1,2,82,1,0,Good
260807001,DU_CADILLAC_HD_561,2026-08-07 08:36:37,2026-08-07 08:41:09,272,2,81,0,0,Hang
260807001,DU_CADILLAC_HD_561,2026-08-07 08:41:09,2026-08-07 08:41:10,1,2,80,0,0,Hang
260807001,DU_CADILLAC_HD_561,2026-08-07 08:41:10,2026-08-07 08:41:38,28,2,79,1,0,Good
260807001,DU_CADILLAC_HD_561,2026-08-07 08:41:38,2026-08-07 08:41:39,1,2,78,1,0,Good
260807001,DU_CADILLAC_HD_561,2026-08-07 08:41:39,2026-08-07 08:44:10,151,2,77,0,0,Hang
260807001,DU_CADILLAC_HD_561,2026-08-07 08:44:10,2026-08-07 08:44:11,1,2,76,0,0,Hang
260807001,DU_CADILLAC_HD_561,2026-08-07 08:44:11,2026-08-07 08:45:15,64,2,75,1,0,Good
260807001,DU_CADILLAC_HD_561,2026-08-07 08:45:15,2026-08-07 08:45:16,1,2,74,1,0,Good
260807001,DU_CADILLAC_HD_561,2026-08-07 08:45:16,2026-08-07 08:46:54,98,2,73,0,0,Hang
260807001,DU_CADILLAC_HD_561,2026-08-07 08:46:54,2026-08-07 08:46:55,1,2,72,0,0,Hang
260807001,DU_CADILLAC_HD_561,2026-08-07 08:46:55,2026-08-07 08:47:25,30,2,71,1,0,Good
260807001,DU_CADILLAC_HD_561,2026-08-07 08:47:25,2026-08-07 08:47:26,1,2,70,1,0,Good
260807001,DU_CADILLAC_HD_561,2026-08-07 08:47:26,2026-08-07 09:06:10,1124,2,69,0,0,Hang
260807001,DU_CADILLAC_HD_561,2026-08-07 09:06:10,2026-08-07 09:06:11,1,3,68,0,0,Hang
260807001,DU_CADILLAC_HD_561,2026-08-07 09:06:11,2026-08-07 09:06:38,27,3,67,1,0,Good
260807001,DU_CADILLAC_HD_561,2026-08-07 09:06:38,2026-08-07 09:06:39,1,3,66,1,0,Good
260807001,DU_CADILLAC_HD_561,2026-08-07 09:06:39,2026-08-07 09:11:27,288,3,65,0,0,Hang
260807001,DU_CADILLAC_HD_561,2026-08-07 09:11:27,2026-08-07 09:11:28,1,3,64,0,0,Hang
260807001,DU_CADILLAC_HD_561,2026-08-07 09:11:28,2026-08-07 09:11:30,2,3,63,1,0,Good
260807001,DU_CADILLAC_HD_561,2026-08-07 09:11:30,2026-08-07 09:11:31,1,3,62,1,0,Good
260807001,DU_CADILLAC_HD_561,2026-08-07 09:11:31,2026-08-07 09:12:40,69,3,61,0,0,Hang
260807001,DU_CADILLAC_HD_561,2026-08-07 09:12:40,2026-08-07 09:12:41,1,3,60,0,0,Hang
260807001,DU_CADILLAC_HD_561,2026-08-07 09:12:41,2026-08-07 09:13:20,39,3,59,1,0,Good
260807001,DU_CADILLAC_HD_561,2026-08-07 09:13:20,2026-08-07 09:13:21,1,3,58,1,0,Good
260807001,DU_CADILLAC_HD_561,2026-08-07 09:13:21,2026-08-07 09:25:49,748,3,57,0,0,Hang
260807001,DU_CADILLAC_HD_561,2026-08-07 09:25:49,2026-08-07 09:25:50,1,3,56,0,0,Hang
260807001,DU_CADILLAC_HD_561,2026-08-07 09:25:50,2026-08-07 09:26:28,38,3,55,1,0,Good
260807001,DU_CADILLAC_HD_561,2026-08-07 09:26:28,2026-08-07 09:26:29,1,3,54,1,0,Good
260807001,DU_CADILLAC_HD_561,2026-08-07 09:26:29,2026-08-07 09:28:55,146,3,53,0,0,Hang
260807001,DU_CADILLAC_HD_561,2026-08-07 09:28:55,2026-08-07 09:28:56,1,3,52,0,0,Hang
260807001,DU_CADILLAC_HD_561,2026-08-07 09:28:56,2026-08-07 09:30:37,101,3,51,1,0,Good
260807001,DU_CADILLAC_HD_561,2026-08-07 09:30:37,2026-08-07 09:30:38,1,3,50,1,0,Good
260807001,DU_CADILLAC_HD_561,2026-08-07 09:30:38,2026-08-07 09:32:33,115,3,49,0,0,Hang
260807001,DU_CADILLAC_HD_561,2026-08-07 09:32:33,2026-08-07 09:32:34,1,3,48,0,0,Hang
260807001,DU_CADILLAC_HD_561,2026-08-07 09:32:34,2026-08-07 09:33:11,37,3,47,1,0,Good
260807001,DU_CADILLAC_HD_561,2026-08-07 09:33:11,2026-08-07 09:33:12,1,3,46,1,0,Good
260807001,DU_CADILLAC_HD_561,2026-08-07 09:33:12,2026-08-07 09:38:18,306,3,45,0,0,Hang
260807001,DU_CADILLAC_HD_561,2026-08-07 09:38:18,2026-08-07 09:38:19,1,3,44,0,0,Hang
260807001,DU_CADILLAC_HD_561,2026-08-07 09:38:19,2026-08-07 09:39:03,44,3,43,1,0,Good
260807001,DU_CADILLAC_HD_561,2026-08-07 09:39:03,2026-08-07 09:39:04,1,3,42,1,0,Good
260807001,DU_CADILLAC_HD_561,2026-08-07 09:39:04,2026-08-07 09:51:52,768,3,41,0,0,Hang
260807001,DU_CADILLAC_HD_561,2026-08-07 09:51:52,2026-08-07 09:51:53,1,3,40,0,0,Hang
260807001,DU_CADILLAC_HD_561,2026-08-07 09:51:53,2026-08-07 09:53:03,70,3,39,1,0,Good
260807001,DU_CADILLAC_HD_561,2026-08-07 09:53:03,2026-08-07 09:53:04,1,3,38,1,0,Good
260807001,DU_CADILLAC_HD_561,2026-08-07 09:53:04,2026-08-07 09:57:36,272,3,37,0,0,Hang
260807001,DU_CADILLAC_HD_561,2026-08-07 09:57:36,2026-08-07 09:57:37,1,3,36,0,0,Hang
260807001,DU_CADILLAC_HD_561,2026-08-07 09:57:37,2026-08-07 09:58:09,32,3,35,1,0,Good
260807001,DU_CADILLAC_HD_561,2026-08-07 09:58:09,2026-08-07 09:58:10,1,3,34,1,0,Good
260807001,DU_CADILLAC_HD_561,2026-08-07 09:58:10,2026-08-07 10:03:51,341,3,33,0,0,Hang
260807001,DU_CADILLAC_HD_561,2026-08-07 10:03:51,2026-08-07 10:03:52,1,4,32,0,0,Hang
260807001,DU_CADILLAC_HD_561,2026-08-07 10:03:52,2026-08-07 10:04:16,24,4,31,1,0,Good
260807001,DU_CADILLAC_HD_561,2026-08-07 10:04:16,2026-08-07 10:04:17,1,4,30,1,0,Good
260807001,DU_CADILLAC_HD_561,2026-08-07 10:04:17,2026-08-07 10:05:37,80,4,29,0,0,Hang
260807001,DU_CADILLAC_HD_561,2026-08-07 10:05:37,2026-08-07 10:05:38,1,4,28,0,0,Hang
260807001,DU_CADILLAC_HD_561,2026-08-07 10:05:38,2026-08-07 10:07:59,141,4,27,1,0,Good
260807001,DU_CADILLAC_HD_561,2026-08-07 10:07:59,2026-08-07 10:08:00,1,4,26,1,0,Good
260807001,DU_CADILLAC_HD_561,2026-08-07 10:08:00,2026-08-07 10:08:40,40,4,25,2,1,Good
260807001,DU_CADILLAC_HD_561,2026-08-07 10:08:40,2026-08-07 10:08:41,1,4,24,2,1,Good
260807001,DU_CADILLAC_HD_561,2026-08-07 10:08:41,2026-08-07 10:12:36,235,4,23,1,0,Good
260807001,DU_CADILLAC_HD_561,2026-08-07 10:12:36,2026-08-07 10:12:37,1,4,22,1,0,Good
260807001,DU_CADILLAC_HD_561,2026-08-07 10:12:37,2026-08-07 10:13:53,76,4,21,2,1,Good
260807001,DU_CADILLAC_HD_561,2026-08-07 10:13:53,2026-08-07 10:13:54,1,4,20,2,1,Good
260807001,DU_CADILLAC_HD_561,2026-08-07 10:13:54,2026-08-07 10:17:32,218,4,19,1,0,Good
260807001,DU_CADILLAC_HD_561,2026-08-07 10:17:32,2026-08-07 10:17:33,1,4,18,1,0,Good
260807001,DU_CADILLAC_HD_561,2026-08-07 10:17:33,2026-08-07 10:19:34,121,4,17,0,0,Hang
260807001,DU_CADILLAC_HD_561,2026-08-07 10:19:34,2026-08-07 10:19:35,1,4,16,0,0,Hang
260807001,DU_CADILLAC_HD_561,2026-08-07 10:19:35,2026-08-07 10:20:25,50,4,15,1,0,Good
260807001,DU_CADILLAC_HD_561,2026-08-07 10:20:25,2026-08-07 10:20:26,1,4,14,1,0,Good
260807001,DU_CADILLAC_HD_561,2026-08-07 10:20:26,2026-08-07 10:23:39,193,4,13,0,0,Hang
260807001,DU_CADILLAC_HD_561,2026-08-07 10:23:39,2026-08-07 10:23:40,1,4,12,0,0,Hang
260807001,DU_CADILLAC_HD_561,2026-08-07 10:23:40,2026-08-07 10:24:16,36,4,11,1,0,Good
260807001,DU_CADILLAC_HD_561,2026-08-07 10:24:16,2026-08-07 10:24:17,1,4,10,1,0,Good
260807001,DU_CADILLAC_HD_561,2026-08-07 10:24:17,2026-08-07 10:28:05,228,4,9,0,0,Hang
260807001,DU_CADILLAC_HD_561,2026-08-07 10:28:05,2026-08-07 10:28:06,1,4,8,0,0,Hang
260807001,DU_CADILLAC_HD_561,2026-08-07 10:28:06,2026-08-07 10:28:24,18,4,7,1,0,Good
260807001,DU_CADILLAC_HD_561,2026-08-07 10:28:24,2026-08-07 10:28:25,1,4,6,1,0,Good
260807001,DU_CADILLAC_HD_561,2026-08-07 10:28:25,2026-08-07 10:46:00,1055,4,5,0,0,Hang
260807001,DU_CADILLAC_HD_561,2026-08-07 10:46:00,2026-08-07 10:46:01,1,4,4,0,0,Hang
260807001,DU_CADILLAC_HD_561,2026-08-07 10:46:01,2026-08-07 10:46:39,38,4,3,1,0,Good
260807001,DU_CADILLAC_HD_561,2026-08-07 10:46:39,2026-08-07 10:46:40,1,4,2,1,0,Good
260807001,DU_CADILLAC_HD_561,2026-08-07 10:46:40,,,4,1,0,0,Hang
260807001,DU_CADILLAC_HD_PAD,2026-08-07 06:00:00,,,0,1,0,0,Hang
260807001,DU_D7_BERM,2026-08-07 06:00:00,,,0,1,0,0,Hang
260807001,DU_DUMP4_PADDING_554,2026-08-07 06:00:00,,,0,1,0,0,Hang
260807001,DU_DUMP4W_SLOP,2026-08-07 06:00:00,,,0,1,0,0,Hang
260807001,DU_GEN_REPAIR,2026-08-07 06:00:00,,,0,1,0,0,Hang
260807001,DU_HWY6_547,2026-08-07 06:00:00,,,0,1,0,0,Hang
260807001,DU_IPC1_FLARESTACK_547,2026-08-07 06:00:00,,,0,1,0,0,Hang
260807001,DU_IPC1_LAYDOWN_542,2026-08-07 06:00:00,,,0,1,0,0,Hang
260807001,DU_IPC6_THOMPSON,2026-08-07 06:00:00,,,0,1,0,0,Hang
260807001,DU_LAVRAMP_542,2026-08-07 06:00:00,,,0,1,0,0,Hang
260807001,DU_NEW_PAD_553,2026-08-07 06:00:00,,,0,1,0,0,Hang
260807001,DU_PRJ_MRM,2026-08-07 06:00:00,,,0,1,0,0,Hang
260807001,DU_REJECTS_RMP,2026-08-07 06:00:00,,,0,1,0,0,Hang
260807001,DU_S010_PIT,2026-08-07 06:00:00,,,0,1,0,0,Hang
260807001,DU_SEEPAGE_09PIT,2026-08-07 06:00:00,,,0,1,0,0,Hang
260807001,DU_SKB_D1_SIERRA_547,2026-08-07 06:00:00,,,0,1,0,0,Hang
260807001,DU_SKB_YUKON_HD_523,2026-08-07 06:00:00,,,0,1,0,0,Hang
260807001,DU_SKB_YUKON_HD_PAD,2026-08-07 06:00:00,,,0,1,0,0,Hang
260807001,DY_1_PRJ_TAILINGS,2026-08-07 06:00:00,,,0,1,0,0,Hang
260807001,DY_D4_GF_559,2026-08-07 06:00:00,,,0,1,0,0,Hang
260807001,DY_D4_SEEPAGE_556,2026-08-07 06:00:00,,,0,1,0,0,Hang
260807001,DY_DY7_DS_SHELL_540,2026-08-07 06:00:00,2026-08-07 06:03:57,237,0,53,0,0,Hang
260807001,DY_DY7_DS_SHELL_540,2026-08-07 06:03:57,2026-08-07 06:03:58,1,0,52,0,0,Hang
260807001,DY_DY7_DS_SHELL_540,2026-08-07 06:03:58,2026-08-07 06:04:34,36,0,51,1,0,Good
260807001,DY_DY7_DS_SHELL_540,2026-08-07 06:04:34,2026-08-07 06:04:35,1,0,50,1,0,Good
260807001,DY_DY7_DS_SHELL_540,2026-08-07 06:04:35,2026-08-07 06:08:55,260,0,49,0,0,Hang
260807001,DY_DY7_DS_SHELL_540,2026-08-07 06:08:55,2026-08-07 06:08:56,1,0,48,0,0,Hang
260807001,DY_DY7_DS_SHELL_540,2026-08-07 06:08:56,2026-08-07 06:09:35,39,0,47,1,0,Good
260807001,DY_DY7_DS_SHELL_540,2026-08-07 06:09:35,2026-08-07 06:09:36,1,0,46,1,0,Good
260807001,DY_DY7_DS_SHELL_540,2026-08-07 06:09:36,2026-08-07 06:13:01,205,0,45,0,0,Hang
260807001,DY_DY7_DS_SHELL_540,2026-08-07 06:13:01,2026-08-07 06:13:02,1,0,44,0,0,Hang
260807001,DY_DY7_DS_SHELL_540,2026-08-07 06:13:02,2026-08-07 06:13:40,38,0,43,1,0,Good
260807001,DY_DY7_DS_SHELL_540,2026-08-07 06:13:40,2026-08-07 06:13:41,1,0,42,1,0,Good
260807001,DY_DY7_DS_SHELL_540,2026-08-07 06:13:41,2026-08-07 06:19:24,343,0,41,0,0,Hang
260807001,DY_DY7_DS_SHELL_540,2026-08-07 06:19:24,2026-08-07 06:19:25,1,0,40,0,0,Hang
260807001,DY_DY7_DS_SHELL_540,2026-08-07 06:19:25,2026-08-07 06:19:57,32,0,39,1,0,Good
260807001,DY_DY7_DS_SHELL_540,2026-08-07 06:19:57,2026-08-07 06:19:58,1,0,38,1,0,Good
260807001,DY_DY7_DS_SHELL_540,2026-08-07 06:19:58,2026-08-07 06:21:01,63,0,37,0,0,Hang
260807001,DY_DY7_DS_SHELL_540,2026-08-07 06:21:01,2026-08-07 06:21:02,1,0,36,0,0,Hang
260807001,DY_DY7_DS_SHELL_540,2026-08-07 06:21:02,2026-08-07 06:22:03,61,0,35,1,0,Good
260807001,DY_DY7_DS_SHELL_540,2026-08-07 06:22:03,2026-08-07 06:22:04,1,0,34,1,0,Good
260807001,DY_DY7_DS_SHELL_540,2026-08-07 06:22:04,2026-08-07 06:31:51,587,0,33,0,0,Hang
260807001,DY_DY7_DS_SHELL_540,2026-08-07 06:31:51,2026-08-07 06:31:52,1,0,32,0,0,Hang
260807001,DY_DY7_DS_SHELL_540,2026-08-07 06:31:52,2026-08-07 06:32:27,35,0,31,1,0,Good
260807001,DY_DY7_DS_SHELL_540,2026-08-07 06:32:27,2026-08-07 06:32:28,1,0,30,1,0,Good
260807001,DY_DY7_DS_SHELL_540,2026-08-07 06:32:28,2026-08-07 09:45:22,11574,0,29,0,0,Hang
260807001,DY_DY7_DS_SHELL_540,2026-08-07 09:45:22,2026-08-07 09:45:23,1,3,28,0,0,Hang
260807001,DY_DY7_DS_SHELL_540,2026-08-07 09:45:23,2026-08-07 09:45:49,26,3,27,1,0,Good
260807001,DY_DY7_DS_SHELL_540,2026-08-07 09:45:49,2026-08-07 09:45:50,1,3,26,1,0,Good
260807001,DY_DY7_DS_SHELL_540,2026-08-07 09:45:50,2026-08-07 09:52:15,385,3,25,0,0,Hang
260807001,DY_DY7_DS_SHELL_540,2026-08-07 09:52:15,2026-08-07 09:52:16,1,3,24,0,0,Hang
260807001,DY_DY7_DS_SHELL_540,2026-08-07 09:52:16,2026-08-07 09:52:55,39,3,23,1,0,Good
260807001,DY_DY7_DS_SHELL_540,2026-08-07 09:52:55,2026-08-07 09:52:56,1,3,22,1,0,Good
260807001,DY_DY7_DS_SHELL_540,2026-08-07 09:52:56,2026-08-07 09:59:54,418,3,21,0,0,Hang
260807001,DY_DY7_DS_SHELL_540,2026-08-07 09:59:54,2026-08-07 09:59:55,1,3,20,0,0,Hang
260807001,DY_DY7_DS_SHELL_540,2026-08-07 09:59:55,2026-08-07 10:00:42,47,3,19,1,0,Good
260807001,DY_DY7_DS_SHELL_540,2026-08-07 10:00:42,2026-08-07 10:00:43,1,4,18,1,0,Good
260807001,DY_DY7_DS_SHELL_540,2026-08-07 10:00:43,2026-08-07 10:35:53,2110,4,17,0,0,Hang
260807001,DY_DY7_DS_SHELL_540,2026-08-07 10:35:53,2026-08-07 10:35:54,1,4,16,0,0,Hang
260807001,DY_DY7_DS_SHELL_540,2026-08-07 10:35:54,2026-08-07 10:36:36,42,4,15,1,0,Good
260807001,DY_DY7_DS_SHELL_540,2026-08-07 10:36:36,2026-08-07 10:36:37,1,4,14,1,0,Good
260807001,DY_DY7_DS_SHELL_540,2026-08-07 10:36:37,2026-08-07 10:40:55,258,4,13,0,0,Hang
260807001,DY_DY7_DS_SHELL_540,2026-08-07 10:40:55,2026-08-07 10:40:56,1,4,12,0,0,Hang
260807001,DY_DY7_DS_SHELL_540,2026-08-07 10:40:56,2026-08-07 10:41:34,38,4,11,1,0,Good
260807001,DY_DY7_DS_SHELL_540,2026-08-07 10:41:34,2026-08-07 10:41:35,1,4,10,1,0,Good
260807001,DY_DY7_DS_SHELL_540,2026-08-07 10:41:35,2026-08-07 10:50:58,563,4,9,0,0,Hang
260807001,DY_DY7_DS_SHELL_540,2026-08-07 10:50:58,2026-08-07 10:50:59,1,4,8,0,0,Hang
260807001,DY_DY7_DS_SHELL_540,2026-08-07 10:50:59,2026-08-07 10:51:35,36,4,7,1,0,Good
260807001,DY_DY7_DS_SHELL_540,2026-08-07 10:51:35,2026-08-07 10:51:36,1,4,6,1,0,Good
260807001,DY_DY7_DS_SHELL_540,2026-08-07 10:51:36,2026-08-07 10:56:15,279,4,5,0,0,Hang
260807001,DY_DY7_DS_SHELL_540,2026-08-07 10:56:15,2026-08-07 10:56:16,1,4,4,0,0,Hang
260807001,DY_DY7_DS_SHELL_540,2026-08-07 10:56:16,2026-08-07 10:56:53,37,4,3,1,0,Good
260807001,DY_DY7_DS_SHELL_540,2026-08-07 10:56:53,2026-08-07 10:56:54,1,4,2,1,0,Good
260807001,DY_DY7_DS_SHELL_540,2026-08-07 10:56:54,,,4,1,0,0,Hang
260807001,DY_DY7_SANDCHIMNEY_4008,2026-08-07 06:00:00,,,0,1,0,0,Hang
260807001,DY_IPD7_DS_SHELL_539,2026-08-07 06:00:00,,,0,1,0,0,Hang
260807001,DY_IPD7_DS_SHELL_540,2026-08-07 06:00:00,2026-08-07 08:42:07,9727,0,45,0,0,Hang
260807001,DY_IPD7_DS_SHELL_540,2026-08-07 08:42:07,2026-08-07 08:42:08,1,2,44,0,0,Hang
260807001,DY_IPD7_DS_SHELL_540,2026-08-07 08:42:08,2026-08-07 08:42:41,33,2,43,1,0,Good
260807001,DY_IPD7_DS_SHELL_540,2026-08-07 08:42:41,2026-08-07 08:42:42,1,2,42,1,0,Good
260807001,DY_IPD7_DS_SHELL_540,2026-08-07 08:42:42,2026-08-07 09:05:26,1364,2,41,0,0,Hang
260807001,DY_IPD7_DS_SHELL_540,2026-08-07 09:05:26,2026-08-07 09:05:27,1,3,40,0,0,Hang
260807001,DY_IPD7_DS_SHELL_540,2026-08-07 09:05:27,2026-08-07 09:05:51,24,3,39,1,0,Good
260807001,DY_IPD7_DS_SHELL_540,2026-08-07 09:05:51,2026-08-07 09:05:52,1,3,38,1,0,Good
260807001,DY_IPD7_DS_SHELL_540,2026-08-07 09:05:52,2026-08-07 09:14:21,509,3,37,0,0,Hang
260807001,DY_IPD7_DS_SHELL_540,2026-08-07 09:14:21,2026-08-07 09:14:22,1,3,36,0,0,Hang
260807001,DY_IPD7_DS_SHELL_540,2026-08-07 09:14:22,2026-08-07 09:14:38,16,3,35,1,0,Good
260807001,DY_IPD7_DS_SHELL_540,2026-08-07 09:14:38,2026-08-07 09:14:39,1,3,34,1,0,Good
260807001,DY_IPD7_DS_SHELL_540,2026-08-07 09:14:39,2026-08-07 09:15:14,35,3,33,2,1,Good
260807001,DY_IPD7_DS_SHELL_540,2026-08-07 09:15:14,2026-08-07 09:15:15,1,3,32,2,1,Good
260807001,DY_IPD7_DS_SHELL_540,2026-08-07 09:15:15,2026-08-07 09:20:54,339,3,31,1,0,Good
260807001,DY_IPD7_DS_SHELL_540,2026-08-07 09:20:54,2026-08-07 09:20:55,1,3,30,1,0,Good
260807001,DY_IPD7_DS_SHELL_540,2026-08-07 09:20:55,2026-08-07 09:23:17,142,3,29,0,0,Hang
260807001,DY_IPD7_DS_SHELL_540,2026-08-07 09:23:17,2026-08-07 09:23:18,1,3,28,0,0,Hang
260807001,DY_IPD7_DS_SHELL_540,2026-08-07 09:23:18,2026-08-07 09:28:12,294,3,27,1,0,Good
260807001,DY_IPD7_DS_SHELL_540,2026-08-07 09:28:12,2026-08-07 09:28:13,1,3,26,1,0,Good
260807001,DY_IPD7_DS_SHELL_540,2026-08-07 09:28:13,2026-08-07 09:28:51,38,3,25,2,1,Good
260807001,DY_IPD7_DS_SHELL_540,2026-08-07 09:28:51,2026-08-07 09:28:52,1,3,24,2,1,Good
260807001,DY_IPD7_DS_SHELL_540,2026-08-07 09:28:52,2026-08-07 09:31:59,187,3,23,1,0,Good
260807001,DY_IPD7_DS_SHELL_540,2026-08-07 09:31:59,2026-08-07 09:32:00,1,3,22,1,0,Good
260807001,DY_IPD7_DS_SHELL_540,2026-08-07 09:32:00,2026-08-07 09:32:43,43,3,21,2,1,Good
260807001,DY_IPD7_DS_SHELL_540,2026-08-07 09:32:43,2026-08-07 09:32:44,1,3,20,2,1,Good
260807001,DY_IPD7_DS_SHELL_540,2026-08-07 09:32:44,2026-08-07 09:35:00,136,3,19,1,0,Good
260807001,DY_IPD7_DS_SHELL_540,2026-08-07 09:35:00,2026-08-07 09:35:01,1,3,18,1,0,Good
260807001,DY_IPD7_DS_SHELL_540,2026-08-07 09:35:01,2026-08-07 09:48:13,792,3,17,0,0,Hang
260807001,DY_IPD7_DS_SHELL_540,2026-08-07 09:48:13,2026-08-07 09:48:14,1,3,16,0,0,Hang
260807001,DY_IPD7_DS_SHELL_540,2026-08-07 09:48:14,2026-08-07 09:48:44,30,3,15,1,0,Good
260807001,DY_IPD7_DS_SHELL_540,2026-08-07 09:48:44,2026-08-07 09:48:45,1,3,14,1,0,Good
260807001,DY_IPD7_DS_SHELL_540,2026-08-07 09:48:45,2026-08-07 10:05:48,1023,3,13,0,0,Hang
260807001,DY_IPD7_DS_SHELL_540,2026-08-07 10:05:48,2026-08-07 10:05:49,1,4,12,0,0,Hang
260807001,DY_IPD7_DS_SHELL_540,2026-08-07 10:05:49,2026-08-07 10:06:30,41,4,11,1,0,Good
260807001,DY_IPD7_DS_SHELL_540,2026-08-07 10:06:30,2026-08-07 10:06:31,1,4,10,1,0,Good
260807001,DY_IPD7_DS_SHELL_540,2026-08-07 10:06:31,2026-08-07 10:14:12,461,4,9,0,0,Hang
260807001,DY_IPD7_DS_SHELL_540,2026-08-07 10:14:12,2026-08-07 10:14:13,1,4,8,0,0,Hang
260807001,DY_IPD7_DS_SHELL_540,2026-08-07 10:14:13,2026-08-07 10:14:47,34,4,7,1,0,Good
260807001,DY_IPD7_DS_SHELL_540,2026-08-07 10:14:47,2026-08-07 10:14:48,1,4,6,1,0,Good
260807001,DY_IPD7_DS_SHELL_540,2026-08-07 10:14:48,2026-08-07 10:22:46,478,4,5,0,0,Hang
260807001,DY_IPD7_DS_SHELL_540,2026-08-07 10:22:46,2026-08-07 10:22:47,1,4,4,0,0,Hang
260807001,DY_IPD7_DS_SHELL_540,2026-08-07 10:22:47,2026-08-07 10:23:24,37,4,3,1,0,Good
260807001,DY_IPD7_DS_SHELL_540,2026-08-07 10:23:24,2026-08-07 10:23:25,1,4,2,1,0,Good
260807001,DY_IPD7_DS_SHELL_540,2026-08-07 10:23:25,,,4,1,0,0,Hang
260807001,DY_IPD7_DSGF_530,2026-08-07 06:00:00,,,0,1,0,0,Hang
260807001,DY_IPD7_US_CORE_555,2026-08-07 06:00:00,2026-08-07 06:17:44,1064,0,145,0,0,Hang
260807001,DY_IPD7_US_CORE_555,2026-08-07 06:17:44,2026-08-07 06:17:45,1,0,144,0,0,Hang
260807001,DY_IPD7_US_CORE_555,2026-08-07 06:17:45,2026-08-07 06:18:53,68,0,143,1,0,Good
260807001,DY_IPD7_US_CORE_555,2026-08-07 06:18:53,2026-08-07 06:18:54,1,0,142,1,0,Good
260807001,DY_IPD7_US_CORE_555,2026-08-07 06:18:54,2026-08-07 06:43:21,1467,0,141,0,0,Hang
260807001,DY_IPD7_US_CORE_555,2026-08-07 06:43:21,2026-08-07 06:43:22,1,0,140,0,0,Hang
260807001,DY_IPD7_US_CORE_555,2026-08-07 06:43:22,2026-08-07 06:44:01,39,0,139,1,0,Good
260807001,DY_IPD7_US_CORE_555,2026-08-07 06:44:01,2026-08-07 06:44:02,1,0,138,1,0,Good
260807001,DY_IPD7_US_CORE_555,2026-08-07 06:44:02,2026-08-07 06:46:31,149,0,137,0,0,Hang
260807001,DY_IPD7_US_CORE_555,2026-08-07 06:46:31,2026-08-07 06:46:32,1,0,136,0,0,Hang
260807001,DY_IPD7_US_CORE_555,2026-08-07 06:46:32,2026-08-07 06:47:22,50,0,135,1,0,Good
260807001,DY_IPD7_US_CORE_555,2026-08-07 06:47:22,2026-08-07 06:47:23,1,0,134,1,0,Good
260807001,DY_IPD7_US_CORE_555,2026-08-07 06:47:23,2026-08-07 06:54:29,426,0,133,0,0,Hang
260807001,DY_IPD7_US_CORE_555,2026-08-07 06:54:29,2026-08-07 06:54:30,1,0,132,0,0,Hang
260807001,DY_IPD7_US_CORE_555,2026-08-07 06:54:30,2026-08-07 06:55:07,37,0,131,1,0,Good
260807001,DY_IPD7_US_CORE_555,2026-08-07 06:55:07,2026-08-07 06:55:08,1,0,130,1,0,Good
260807001,DY_IPD7_US_CORE_555,2026-08-07 06:55:08,2026-08-07 06:58:37,209,0,129,0,0,Hang
260807001,DY_IPD7_US_CORE_555,2026-08-07 06:58:37,2026-08-07 06:58:38,1,0,128,0,0,Hang
260807001,DY_IPD7_US_CORE_555,2026-08-07 06:58:38,2026-08-07 06:59:17,39,0,127,1,0,Good
260807001,DY_IPD7_US_CORE_555,2026-08-07 06:59:17,2026-08-07 06:59:18,1,0,126,1,0,Good
260807001,DY_IPD7_US_CORE_555,2026-08-07 06:59:18,2026-08-07 07:07:40,502,0,125,0,0,Hang
260807001,DY_IPD7_US_CORE_555,2026-08-07 07:07:40,2026-08-07 07:07:41,1,1,124,0,0,Hang
260807001,DY_IPD7_US_CORE_555,2026-08-07 07:07:41,2026-08-07 07:08:20,39,1,123,1,0,Good
260807001,DY_IPD7_US_CORE_555,2026-08-07 07:08:20,2026-08-07 07:08:21,1,1,122,1,0,Good
260807001,DY_IPD7_US_CORE_555,2026-08-07 07:08:21,2026-08-07 07:10:19,118,1,121,0,0,Hang
260807001,DY_IPD7_US_CORE_555,2026-08-07 07:10:19,2026-08-07 07:10:20,1,1,120,0,0,Hang
260807001,DY_IPD7_US_CORE_555,2026-08-07 07:10:20,2026-08-07 07:11:18,58,1,119,1,0,Good
260807001,DY_IPD7_US_CORE_555,2026-08-07 07:11:18,2026-08-07 07:11:19,1,1,118,1,0,Good
260807001,DY_IPD7_US_CORE_555,2026-08-07 07:11:19,2026-08-07 07:37:58,1599,1,117,0,0,Hang
260807001,DY_IPD7_US_CORE_555,2026-08-07 07:37:58,2026-08-07 07:37:59,1,1,116,0,0,Hang
260807001,DY_IPD7_US_CORE_555,2026-08-07 07:37:59,2026-08-07 07:38:47,48,1,115,1,0,Good
260807001,DY_IPD7_US_CORE_555,2026-08-07 07:38:47,2026-08-07 07:38:48,1,1,114,1,0,Good
260807001,DY_IPD7_US_CORE_555,2026-08-07 07:38:48,2026-08-07 07:40:06,78,1,113,0,0,Hang
260807001,DY_IPD7_US_CORE_555,2026-08-07 07:40:06,2026-08-07 07:40:07,1,1,112,0,0,Hang
260807001,DY_IPD7_US_CORE_555,2026-08-07 07:40:07,2026-08-07 07:40:37,30,1,111,1,0,Good
260807001,DY_IPD7_US_CORE_555,2026-08-07 07:40:37,2026-08-07 07:40:38,1,1,110,1,0,Good
260807001,DY_IPD7_US_CORE_555,2026-08-07 07:40:38,2026-08-07 07:57:37,1019,1,109,0,0,Hang
260807001,DY_IPD7_US_CORE_555,2026-08-07 07:57:37,2026-08-07 07:57:38,1,1,108,0,0,Hang
260807001,DY_IPD7_US_CORE_555,2026-08-07 07:57:38,2026-08-07 07:58:13,35,1,107,1,0,Good
260807001,DY_IPD7_US_CORE_555,2026-08-07 07:58:13,2026-08-07 07:58:14,1,1,106,1,0,Good
260807001,DY_IPD7_US_CORE_555,2026-08-07 07:58:14,2026-08-07 08:16:53,1119,1,105,0,0,Hang
260807001,DY_IPD7_US_CORE_555,2026-08-07 08:16:53,2026-08-07 08:16:54,1,2,104,0,0,Hang
260807001,DY_IPD7_US_CORE_555,2026-08-07 08:16:54,2026-08-07 08:17:40,46,2,103,1,0,Good
260807001,DY_IPD7_US_CORE_555,2026-08-07 08:17:40,2026-08-07 08:17:41,1,2,102,1,0,Good
260807001,DY_IPD7_US_CORE_555,2026-08-07 08:17:41,2026-08-07 08:20:51,190,2,101,0,0,Hang
260807001,DY_IPD7_US_CORE_555,2026-08-07 08:20:51,2026-08-07 08:20:52,1,2,100,0,0,Hang
260807001,DY_IPD7_US_CORE_555,2026-08-07 08:20:52,2026-08-07 08:21:42,50,2,99,1,0,Good
260807001,DY_IPD7_US_CORE_555,2026-08-07 08:21:42,2026-08-07 08:21:43,1,2,98,1,0,Good
260807001,DY_IPD7_US_CORE_555,2026-08-07 08:21:43,2026-08-07 08:23:53,130,2,97,0,0,Hang
260807001,DY_IPD7_US_CORE_555,2026-08-07 08:23:53,2026-08-07 08:23:54,1,2,96,0,0,Hang
260807001,DY_IPD7_US_CORE_555,2026-08-07 08:23:54,2026-08-07 08:25:10,76,2,95,1,0,Good
260807001,DY_IPD7_US_CORE_555,2026-08-07 08:25:10,2026-08-07 08:25:11,1,2,94,1,0,Good
260807001,DY_IPD7_US_CORE_555,2026-08-07 08:25:11,2026-08-07 08:25:15,4,2,93,2,1,Good
260807001,DY_IPD7_US_CORE_555,2026-08-07 08:25:15,2026-08-07 08:25:16,1,2,92,2,1,Good
260807001,DY_IPD7_US_CORE_555,2026-08-07 08:25:16,2026-08-07 08:26:04,48,2,91,1,0,Good
260807001,DY_IPD7_US_CORE_555,2026-08-07 08:26:04,2026-08-07 08:26:05,1,2,90,1,0,Good
260807001,DY_IPD7_US_CORE_555,2026-08-07 08:26:05,2026-08-07 08:42:24,979,2,89,0,0,Hang
260807001,DY_IPD7_US_CORE_555,2026-08-07 08:42:24,2026-08-07 08:42:25,1,2,88,0,0,Hang
260807001,DY_IPD7_US_CORE_555,2026-08-07 08:42:25,2026-08-07 08:42:34,9,2,87,1,0,Good
260807001,DY_IPD7_US_CORE_555,2026-08-07 08:42:34,2026-08-07 08:42:35,1,2,86,1,0,Good
260807001,DY_IPD7_US_CORE_555,2026-08-07 08:42:35,2026-08-07 08:43:09,34,2,85,2,1,Good
260807001,DY_IPD7_US_CORE_555,2026-08-07 08:43:09,2026-08-07 08:43:10,1,2,84,2,1,Good
260807001,DY_IPD7_US_CORE_555,2026-08-07 08:43:10,2026-08-07 08:43:15,5,2,83,1,0,Good
260807001,DY_IPD7_US_CORE_555,2026-08-07 08:43:15,2026-08-07 08:43:16,1,2,82,1,0,Good
260807001,DY_IPD7_US_CORE_555,2026-08-07 08:43:16,2026-08-07 08:52:15,539,2,81,0,0,Hang
260807001,DY_IPD7_US_CORE_555,2026-08-07 08:52:15,2026-08-07 08:52:16,1,2,80,0,0,Hang
260807001,DY_IPD7_US_CORE_555,2026-08-07 08:52:16,2026-08-07 08:52:48,32,2,79,1,0,Good
260807001,DY_IPD7_US_CORE_555,2026-08-07 08:52:48,2026-08-07 08:52:49,1,2,78,1,0,Good
260807001,DY_IPD7_US_CORE_555,2026-08-07 08:52:49,2026-08-07 08:55:55,186,2,77,0,0,Hang
260807001,DY_IPD7_US_CORE_555,2026-08-07 08:55:55,2026-08-07 08:55:56,1,2,76,0,0,Hang
260807001,DY_IPD7_US_CORE_555,2026-08-07 08:55:56,2026-08-07 08:56:38,42,2,75,1,0,Good
260807001,DY_IPD7_US_CORE_555,2026-08-07 08:56:38,2026-08-07 08:56:39,1,2,74,1,0,Good
260807001,DY_IPD7_US_CORE_555,2026-08-07 08:56:39,2026-08-07 09:09:32,773,2,73,0,0,Hang
260807001,DY_IPD7_US_CORE_555,2026-08-07 09:09:32,2026-08-07 09:09:33,1,3,72,0,0,Hang
260807001,DY_IPD7_US_CORE_555,2026-08-07 09:09:33,2026-08-07 09:10:22,49,3,71,1,0,Good
260807001,DY_IPD7_US_CORE_555,2026-08-07 09:10:22,2026-08-07 09:10:23,1,3,70,1,0,Good
260807001,DY_IPD7_US_CORE_555,2026-08-07 09:10:23,2026-08-07 09:21:32,669,3,69,0,0,Hang
260807001,DY_IPD7_US_CORE_555,2026-08-07 09:21:32,2026-08-07 09:21:33,1,3,68,0,0,Hang
260807001,DY_IPD7_US_CORE_555,2026-08-07 09:21:33,2026-08-07 09:22:06,33,3,67,1,0,Good
260807001,DY_IPD7_US_CORE_555,2026-08-07 09:22:06,2026-08-07 09:22:07,1,3,66,1,0,Good
260807001,DY_IPD7_US_CORE_555,2026-08-07 09:22:07,2026-08-07 09:27:38,331,3,65,0,0,Hang
260807001,DY_IPD7_US_CORE_555,2026-08-07 09:27:38,2026-08-07 09:27:39,1,3,64,0,0,Hang
260807001,DY_IPD7_US_CORE_555,2026-08-07 09:27:39,2026-08-07 09:28:19,40,3,63,1,0,Good
260807001,DY_IPD7_US_CORE_555,2026-08-07 09:28:19,2026-08-07 09:28:20,1,3,62,1,0,Good
260807001,DY_IPD7_US_CORE_555,2026-08-07 09:28:20,2026-08-07 09:32:03,223,3,61,0,0,Hang
260807001,DY_IPD7_US_CORE_555,2026-08-07 09:32:03,2026-08-07 09:32:04,1,3,60,0,0,Hang
260807001,DY_IPD7_US_CORE_555,2026-08-07 09:32:04,2026-08-07 09:33:02,58,3,59,1,0,Good
260807001,DY_IPD7_US_CORE_555,2026-08-07 09:33:02,2026-08-07 09:33:03,1,3,58,1,0,Good
260807001,DY_IPD7_US_CORE_555,2026-08-07 09:33:03,2026-08-07 09:40:50,467,3,57,0,0,Hang
260807001,DY_IPD7_US_CORE_555,2026-08-07 09:40:50,2026-08-07 09:40:51,1,3,56,0,0,Hang
260807001,DY_IPD7_US_CORE_555,2026-08-07 09:40:51,2026-08-07 09:41:26,35,3,55,1,0,Good
260807001,DY_IPD7_US_CORE_555,2026-08-07 09:41:26,2026-08-07 09:41:27,1,3,54,1,0,Good
260807001,DY_IPD7_US_CORE_555,2026-08-07 09:41:27,2026-08-07 09:48:08,401,3,53,0,0,Hang
260807001,DY_IPD7_US_CORE_555,2026-08-07 09:48:08,2026-08-07 09:48:09,1,3,52,0,0,Hang
260807001,DY_IPD7_US_CORE_555,2026-08-07 09:48:09,2026-08-07 09:48:40,31,3,51,1,0,Good
260807001,DY_IPD7_US_CORE_555,2026-08-07 09:48:40,2026-08-07 09:48:41,1,3,50,1,0,Good
260807001,DY_IPD7_US_CORE_555,2026-08-07 09:48:41,2026-08-07 09:52:12,211,3,49,0,0,Hang
260807001,DY_IPD7_US_CORE_555,2026-08-07 09:52:12,2026-08-07 09:52:13,1,3,48,0,0,Hang
260807001,DY_IPD7_US_CORE_555,2026-08-07 09:52:13,2026-08-07 09:52:45,32,3,47,1,0,Good
260807001,DY_IPD7_US_CORE_555,2026-08-07 09:52:45,2026-08-07 09:52:46,1,3,46,1,0,Good
260807001,DY_IPD7_US_CORE_555,2026-08-07 09:52:46,2026-08-07 10:00:21,455,3,45,0,0,Hang
260807001,DY_IPD7_US_CORE_555,2026-08-07 10:00:21,2026-08-07 10:00:22,1,4,44,0,0,Hang
260807001,DY_IPD7_US_CORE_555,2026-08-07 10:00:22,2026-08-07 10:00:59,37,4,43,1,0,Good
260807001,DY_IPD7_US_CORE_555,2026-08-07 10:00:59,2026-08-07 10:01:00,1,4,42,1,0,Good
260807001,DY_IPD7_US_CORE_555,2026-08-07 10:01:00,2026-08-07 10:05:26,266,4,41,0,0,Hang
260807001,DY_IPD7_US_CORE_555,2026-08-07 10:05:26,2026-08-07 10:05:27,1,4,40,0,0,Hang
260807001,DY_IPD7_US_CORE_555,2026-08-07 10:05:27,2026-08-07 10:06:03,36,4,39,1,0,Good
260807001,DY_IPD7_US_CORE_555,2026-08-07 10:06:03,2026-08-07 10:06:04,1,4,38,1,0,Good
260807001,DY_IPD7_US_CORE_555,2026-08-07 10:06:04,2026-08-07 10:09:51,227,4,37,0,0,Hang
260807001,DY_IPD7_US_CORE_555,2026-08-07 10:09:51,2026-08-07 10:09:52,1,4,36,0,0,Hang
260807001,DY_IPD7_US_CORE_555,2026-08-07 10:09:52,2026-08-07 10:10:24,32,4,35,1,0,Good
260807001,DY_IPD7_US_CORE_555,2026-08-07 10:10:24,2026-08-07 10:10:25,1,4,34,1,0,Good
260807001,DY_IPD7_US_CORE_555,2026-08-07 10:10:25,2026-08-07 10:12:41,136,4,33,0,0,Hang
260807001,DY_IPD7_US_CORE_555,2026-08-07 10:12:41,2026-08-07 10:12:42,1,4,32,0,0,Hang
260807001,DY_IPD7_US_CORE_555,2026-08-07 10:12:42,2026-08-07 10:13:09,27,4,31,1,0,Good
260807001,DY_IPD7_US_CORE_555,2026-08-07 10:13:09,2026-08-07 10:13:10,1,4,30,1,0,Good
260807001,DY_IPD7_US_CORE_555,2026-08-07 10:13:10,2026-08-07 10:13:44,34,4,29,0,0,Hang
260807001,DY_IPD7_US_CORE_555,2026-08-07 10:13:44,2026-08-07 10:13:45,1,4,28,0,0,Hang
260807001,DY_IPD7_US_CORE_555,2026-08-07 10:13:45,2026-08-07 10:17:40,235,4,27,1,0,Good
260807001,DY_IPD7_US_CORE_555,2026-08-07 10:17:40,2026-08-07 10:17:41,1,4,26,1,0,Good
260807001,DY_IPD7_US_CORE_555,2026-08-07 10:17:41,2026-08-07 10:35:28,1067,4,25,0,0,Hang
260807001,DY_IPD7_US_CORE_555,2026-08-07 10:35:28,2026-08-07 10:35:29,1,4,24,0,0,Hang
260807001,DY_IPD7_US_CORE_555,2026-08-07 10:35:29,2026-08-07 10:36:21,52,4,23,1,0,Good
260807001,DY_IPD7_US_CORE_555,2026-08-07 10:36:21,2026-08-07 10:36:22,1,4,22,1,0,Good
260807001,DY_IPD7_US_CORE_555,2026-08-07 10:36:22,2026-08-07 10:37:56,94,4,21,0,0,Hang
260807001,DY_IPD7_US_CORE_555,2026-08-07 10:37:56,2026-08-07 10:37:57,1,4,20,0,0,Hang
260807001,DY_IPD7_US_CORE_555,2026-08-07 10:37:57,2026-08-07 10:38:54,57,4,19,1,0,Good
260807001,DY_IPD7_US_CORE_555,2026-08-07 10:38:54,2026-08-07 10:38:55,1,4,18,1,0,Good
260807001,DY_IPD7_US_CORE_555,2026-08-07 10:38:55,2026-08-07 10:41:25,150,4,17,0,0,Hang
260807001,DY_IPD7_US_CORE_555,2026-08-07 10:41:25,2026-08-07 10:41:26,1,4,16,0,0,Hang
260807001,DY_IPD7_US_CORE_555,2026-08-07 10:41:26,2026-08-07 10:41:56,30,4,15,1,0,Good
260807001,DY_IPD7_US_CORE_555,2026-08-07 10:41:56,2026-08-07 10:41:57,1,4,14,1,0,Good
260807001,DY_IPD7_US_CORE_555,2026-08-07 10:41:57,2026-08-07 10:46:51,294,4,13,0,0,Hang
260807001,DY_IPD7_US_CORE_555,2026-08-07 10:46:51,2026-08-07 10:46:52,1,4,12,0,0,Hang
260807001,DY_IPD7_US_CORE_555,2026-08-07 10:46:52,2026-08-07 10:47:24,32,4,11,1,0,Good
260807001,DY_IPD7_US_CORE_555,2026-08-07 10:47:24,2026-08-07 10:47:25,1,4,10,1,0,Good
260807001,DY_IPD7_US_CORE_555,2026-08-07 10:47:25,2026-08-07 10:48:17,52,4,9,0,0,Hang
260807001,DY_IPD7_US_CORE_555,2026-08-07 10:48:17,2026-08-07 10:48:18,1,4,8,0,0,Hang
260807001,DY_IPD7_US_CORE_555,2026-08-07 10:48:18,2026-08-07 10:48:59,41,4,7,1,0,Good
260807001,DY_IPD7_US_CORE_555,2026-08-07 10:48:59,2026-08-07 10:49:00,1,4,6,1,0,Good
260807001,DY_IPD7_US_CORE_555,2026-08-07 10:49:00,2026-08-07 10:52:02,182,4,5,0,0,Hang
260807001,DY_IPD7_US_CORE_555,2026-08-07 10:52:02,2026-08-07 10:52:03,1,4,4,0,0,Hang
260807001,DY_IPD7_US_CORE_555,2026-08-07 10:52:03,2026-08-07 10:53:12,69,4,3,1,0,Good
260807001,DY_IPD7_US_CORE_555,2026-08-07 10:53:12,2026-08-07 10:53:13,1,4,2,1,0,Good
260807001,DY_IPD7_US_CORE_555,2026-08-07 10:53:13,,,4,1,0,0,Hang
260807001,DY_IPD7_US_SHELL_530,2026-08-07 06:00:00,2026-08-07 10:17:13,15433,0,21,0,0,Hang
260807001,DY_IPD7_US_SHELL_530,2026-08-07 10:17:13,2026-08-07 10:17:14,1,4,20,0,0,Hang
260807001,DY_IPD7_US_SHELL_530,2026-08-07 10:17:14,2026-08-07 10:18:13,59,4,19,1,0,Good
260807001,DY_IPD7_US_SHELL_530,2026-08-07 10:18:13,2026-08-07 10:18:14,1,4,18,1,0,Good
260807001,DY_IPD7_US_SHELL_530,2026-08-07 10:18:14,2026-08-07 10:31:11,777,4,17,0,0,Hang
260807001,DY_IPD7_US_SHELL_530,2026-08-07 10:31:11,2026-08-07 10:31:12,1,4,16,0,0,Hang
260807001,DY_IPD7_US_SHELL_530,2026-08-07 10:31:12,2026-08-07 10:31:44,32,4,15,1,0,Good
260807001,DY_IPD7_US_SHELL_530,2026-08-07 10:31:44,2026-08-07 10:31:45,1,4,14,1,0,Good
260807001,DY_IPD7_US_SHELL_530,2026-08-07 10:31:45,2026-08-07 10:43:53,728,4,13,0,0,Hang
260807001,DY_IPD7_US_SHELL_530,2026-08-07 10:43:53,2026-08-07 10:43:54,1,4,12,0,0,Hang
260807001,DY_IPD7_US_SHELL_530,2026-08-07 10:43:54,2026-08-07 10:44:28,34,4,11,1,0,Good
260807001,DY_IPD7_US_SHELL_530,2026-08-07 10:44:28,2026-08-07 10:44:29,1,4,10,1,0,Good
260807001,DY_IPD7_US_SHELL_530,2026-08-07 10:44:29,2026-08-07 10:48:12,223,4,9,0,0,Hang
260807001,DY_IPD7_US_SHELL_530,2026-08-07 10:48:12,2026-08-07 10:48:13,1,4,8,0,0,Hang
260807001,DY_IPD7_US_SHELL_530,2026-08-07 10:48:13,2026-08-07 10:48:50,37,4,7,1,0,Good
260807001,DY_IPD7_US_SHELL_530,2026-08-07 10:48:50,2026-08-07 10:48:51,1,4,6,1,0,Good
260807001,DY_IPD7_US_SHELL_530,2026-08-07 10:48:51,2026-08-07 10:50:47,116,4,5,0,0,Hang
260807001,DY_IPD7_US_SHELL_530,2026-08-07 10:50:47,2026-08-07 10:50:48,1,4,4,0,0,Hang
260807001,DY_IPD7_US_SHELL_530,2026-08-07 10:50:48,2026-08-07 10:51:04,16,4,3,1,0,Good
260807001,DY_IPD7_US_SHELL_530,2026-08-07 10:51:04,2026-08-07 10:51:05,1,4,2,1,0,Good
260807001,DY_IPD7_US_SHELL_530,2026-08-07 10:51:05,,,4,1,0,0,Hang
260807001,DY_IPD7_US_SHELL_539,2026-08-07 06:00:00,,,0,1,0,0,Hang
260807001,DY_PD4_CORE_4008,2026-08-07 06:00:00,,,0,1,0,0,Hang
260807001,DY_PD6_CORE_540,2026-08-07 06:00:00,,,0,1,0,0,Hang
260807001,IN_12PIT,2026-08-07 06:00:00,,,0,1,0,0,Hang
260807001,IN_PRJ_JPM,2026-08-07 06:00:00,,,0,1,0,0,Hang
260807001,IN_PRJ_MRM,2026-08-07 06:00:00,,,0,1,0,0,Hang
260807001,IN_ROADS_11_PIT,2026-08-07 06:00:00,2026-08-07 06:02:06,126,0,85,0,0,Hang
260807001,IN_ROADS_11_PIT,2026-08-07 06:02:06,2026-08-07 06:02:07,1,0,84,0,0,Hang
260807001,IN_ROADS_11_PIT,2026-08-07 06:02:07,2026-08-07 06:02:46,39,0,83,1,0,Good
260807001,IN_ROADS_11_PIT,2026-08-07 06:02:46,2026-08-07 06:02:47,1,0,82,1,0,Good
260807001,IN_ROADS_11_PIT,2026-08-07 06:02:47,2026-08-07 06:09:16,389,0,81,0,0,Hang
260807001,IN_ROADS_11_PIT,2026-08-07 06:09:16,2026-08-07 06:09:17,1,0,80,0,0,Hang
260807001,IN_ROADS_11_PIT,2026-08-07 06:09:17,2026-08-07 06:09:54,37,0,79,1,0,Good
260807001,IN_ROADS_11_PIT,2026-08-07 06:09:54,2026-08-07 06:09:55,1,0,78,1,0,Good
260807001,IN_ROADS_11_PIT,2026-08-07 06:09:55,2026-08-07 06:23:44,829,0,77,0,0,Hang
260807001,IN_ROADS_11_PIT,2026-08-07 06:23:44,2026-08-07 06:23:45,1,0,76,0,0,Hang
260807001,IN_ROADS_11_PIT,2026-08-07 06:23:45,2026-08-07 06:24:16,31,0,75,1,0,Good
260807001,IN_ROADS_11_PIT,2026-08-07 06:24:16,2026-08-07 06:24:17,1,0,74,1,0,Good
260807001,IN_ROADS_11_PIT,2026-08-07 06:24:17,2026-08-07 06:32:50,513,0,73,0,0,Hang
260807001,IN_ROADS_11_PIT,2026-08-07 06:32:50,2026-08-07 06:32:51,1,0,72,0,0,Hang
260807001,IN_ROADS_11_PIT,2026-08-07 06:32:51,2026-08-07 06:33:33,42,0,71,1,0,Good
260807001,IN_ROADS_11_PIT,2026-08-07 06:33:33,2026-08-07 06:33:34,1,0,70,1,0,Good
260807001,IN_ROADS_11_PIT,2026-08-07 06:33:34,2026-08-07 06:43:42,608,0,69,0,0,Hang
260807001,IN_ROADS_11_PIT,2026-08-07 06:43:42,2026-08-07 06:43:43,1,0,68,0,0,Hang
260807001,IN_ROADS_11_PIT,2026-08-07 06:43:43,2026-08-07 06:44:22,39,0,67,1,0,Good
260807001,IN_ROADS_11_PIT,2026-08-07 06:44:22,2026-08-07 06:44:23,1,0,66,1,0,Good
260807001,IN_ROADS_11_PIT,2026-08-07 06:44:23,2026-08-07 06:54:46,623,0,65,0,0,Hang
260807001,IN_ROADS_11_PIT,2026-08-07 06:54:46,2026-08-07 06:54:47,1,0,64,0,0,Hang
260807001,IN_ROADS_11_PIT,2026-08-07 06:54:47,2026-08-07 06:58:45,238,0,63,1,0,Good
260807001,IN_ROADS_11_PIT,2026-08-07 06:58:45,2026-08-07 06:58:46,1,0,62,1,0,Good
260807001,IN_ROADS_11_PIT,2026-08-07 06:58:46,2026-08-07 07:08:20,574,0,61,0,0,Hang
260807001,IN_ROADS_11_PIT,2026-08-07 07:08:20,2026-08-07 07:08:21,1,1,60,0,0,Hang
260807001,IN_ROADS_11_PIT,2026-08-07 07:08:21,2026-08-07 07:08:47,26,1,59,1,0,Good
260807001,IN_ROADS_11_PIT,2026-08-07 07:08:47,2026-08-07 07:08:48,1,1,58,1,0,Good
260807001,IN_ROADS_11_PIT,2026-08-07 07:08:48,2026-08-07 07:16:30,462,1,57,0,0,Hang
260807001,IN_ROADS_11_PIT,2026-08-07 07:16:30,2026-08-07 07:16:31,1,1,56,0,0,Hang
260807001,IN_ROADS_11_PIT,2026-08-07 07:16:31,2026-08-07 07:17:05,34,1,55,1,0,Good
260807001,IN_ROADS_11_PIT,2026-08-07 07:17:05,2026-08-07 07:17:06,1,1,54,1,0,Good
260807001,IN_ROADS_11_PIT,2026-08-07 07:17:06,2026-08-07 07:36:02,1136,1,53,0,0,Hang
260807001,IN_ROADS_11_PIT,2026-08-07 07:36:02,2026-08-07 07:36:03,1,1,52,0,0,Hang
260807001,IN_ROADS_11_PIT,2026-08-07 07:36:03,2026-08-07 07:36:50,47,1,51,1,0,Good
260807001,IN_ROADS_11_PIT,2026-08-07 07:36:50,2026-08-07 07:36:51,1,1,50,1,0,Good
260807001,IN_ROADS_11_PIT,2026-08-07 07:36:51,2026-08-07 08:01:37,1486,1,49,0,0,Hang
260807001,IN_ROADS_11_PIT,2026-08-07 08:01:37,2026-08-07 08:01:38,1,2,48,0,0,Hang
260807001,IN_ROADS_11_PIT,2026-08-07 08:01:38,2026-08-07 08:02:13,35,2,47,1,0,Good
260807001,IN_ROADS_11_PIT,2026-08-07 08:02:13,2026-08-07 08:02:14,1,2,46,1,0,Good
260807001,IN_ROADS_11_PIT,2026-08-07 08:02:14,2026-08-07 08:19:38,1044,2,45,0,0,Hang
260807001,IN_ROADS_11_PIT,2026-08-07 08:19:38,2026-08-07 08:19:39,1,2,44,0,0,Hang
260807001,IN_ROADS_11_PIT,2026-08-07 08:19:39,2026-08-07 08:20:13,34,2,43,1,0,Good
260807001,IN_ROADS_11_PIT,2026-08-07 08:20:13,2026-08-07 08:20:14,1,2,42,1,0,Good
260807001,IN_ROADS_11_PIT,2026-08-07 08:20:14,2026-08-07 08:43:45,1411,2,41,0,0,Hang
260807001,IN_ROADS_11_PIT,2026-08-07 08:43:45,2026-08-07 08:43:46,1,2,40,0,0,Hang
260807001,IN_ROADS_11_PIT,2026-08-07 08:43:46,2026-08-07 08:44:33,47,2,39,1,0,Good
260807001,IN_ROADS_11_PIT,2026-08-07 08:44:33,2026-08-07 08:44:34,1,2,38,1,0,Good
260807001,IN_ROADS_11_PIT,2026-08-07 08:44:34,2026-08-07 08:47:32,178,2,37,0,0,Hang
260807001,IN_ROADS_11_PIT,2026-08-07 08:47:32,2026-08-07 08:47:33,1,2,36,0,0,Hang
260807001,IN_ROADS_11_PIT,2026-08-07 08:47:33,2026-08-07 08:48:11,38,2,35,1,0,Good
260807001,IN_ROADS_11_PIT,2026-08-07 08:48:11,2026-08-07 08:48:12,1,2,34,1,0,Good
260807001,IN_ROADS_11_PIT,2026-08-07 08:48:12,2026-08-07 09:06:35,1103,2,33,0,0,Hang
260807001,IN_ROADS_11_PIT,2026-08-07 09:06:35,2026-08-07 09:06:36,1,3,32,0,0,Hang
260807001,IN_ROADS_11_PIT,2026-08-07 09:06:36,2026-08-07 09:07:11,35,3,31,1,0,Good
260807001,IN_ROADS_11_PIT,2026-08-07 09:07:11,2026-08-07 09:07:12,1,3,30,1,0,Good
260807001,IN_ROADS_11_PIT,2026-08-07 09:07:12,2026-08-07 09:19:22,730,3,29,0,0,Hang
260807001,IN_ROADS_11_PIT,2026-08-07 09:19:22,2026-08-07 09:19:23,1,3,28,0,0,Hang
260807001,IN_ROADS_11_PIT,2026-08-07 09:19:23,2026-08-07 09:20:24,61,3,27,1,0,Good
260807001,IN_ROADS_11_PIT,2026-08-07 09:20:24,2026-08-07 09:20:25,1,3,26,1,0,Good
260807001,IN_ROADS_11_PIT,2026-08-07 09:20:25,2026-08-07 09:33:20,775,3,25,0,0,Hang
260807001,IN_ROADS_11_PIT,2026-08-07 09:33:20,2026-08-07 09:33:21,1,3,24,0,0,Hang
260807001,IN_ROADS_11_PIT,2026-08-07 09:33:21,2026-08-07 09:34:02,41,3,23,1,0,Good
260807001,IN_ROADS_11_PIT,2026-08-07 09:34:02,2026-08-07 09:34:03,1,3,22,1,0,Good
260807001,IN_ROADS_11_PIT,2026-08-07 09:34:03,2026-08-07 09:39:53,350,3,21,0,0,Hang
260807001,IN_ROADS_11_PIT,2026-08-07 09:39:53,2026-08-07 09:39:54,1,3,20,0,0,Hang
260807001,IN_ROADS_11_PIT,2026-08-07 09:39:54,2026-08-07 09:40:30,36,3,19,1,0,Good
260807001,IN_ROADS_11_PIT,2026-08-07 09:40:30,2026-08-07 09:40:31,1,3,18,1,0,Good
260807001,IN_ROADS_11_PIT,2026-08-07 09:40:31,2026-08-07 09:56:51,980,3,17,0,0,Hang
260807001,IN_ROADS_11_PIT,2026-08-07 09:56:51,2026-08-07 09:56:52,1,3,16,0,0,Hang
260807001,IN_ROADS_11_PIT,2026-08-07 09:56:52,2026-08-07 09:57:26,34,3,15,1,0,Good
260807001,IN_ROADS_11_PIT,2026-08-07 09:57:26,2026-08-07 09:57:27,1,3,14,1,0,Good
260807001,IN_ROADS_11_PIT,2026-08-07 09:57:27,2026-08-07 10:07:12,585,3,13,0,0,Hang
260807001,IN_ROADS_11_PIT,2026-08-07 10:07:12,2026-08-07 10:07:13,1,4,12,0,0,Hang
260807001,IN_ROADS_11_PIT,2026-08-07 10:07:13,2026-08-07 10:07:55,42,4,11,1,0,Good
260807001,IN_ROADS_11_PIT,2026-08-07 10:07:55,2026-08-07 10:07:56,1,4,10,1,0,Good
260807001,IN_ROADS_11_PIT,2026-08-07 10:07:56,2026-08-07 10:15:04,428,4,9,0,0,Hang
260807001,IN_ROADS_11_PIT,2026-08-07 10:15:04,2026-08-07 10:15:05,1,4,8,0,0,Hang
260807001,IN_ROADS_11_PIT,2026-08-07 10:15:05,2026-08-07 10:15:27,22,4,7,1,0,Good
260807001,IN_ROADS_11_PIT,2026-08-07 10:15:27,2026-08-07 10:15:28,1,4,6,1,0,Good
260807001,IN_ROADS_11_PIT,2026-08-07 10:15:28,2026-08-07 10:20:29,301,4,5,0,0,Hang
260807001,IN_ROADS_11_PIT,2026-08-07 10:20:29,2026-08-07 10:20:30,1,4,4,0,0,Hang
260807001,IN_ROADS_11_PIT,2026-08-07 10:20:30,2026-08-07 10:20:50,20,4,3,1,0,Good
260807001,IN_ROADS_11_PIT,2026-08-07 10:20:50,2026-08-07 10:20:51,1,4,2,1,0,Good
260807001,IN_ROADS_11_PIT,2026-08-07 10:20:51,,,4,1,0,0,Hang
260807001,IN_ROADS_14PIT,2026-08-07 06:00:00,2026-08-07 06:22:26,1346,0,37,0,0,Hang
260807001,IN_ROADS_14PIT,2026-08-07 06:22:26,2026-08-07 06:22:27,1,0,36,0,0,Hang
260807001,IN_ROADS_14PIT,2026-08-07 06:22:27,2026-08-07 06:33:50,683,0,35,1,0,Good
260807001,IN_ROADS_14PIT,2026-08-07 06:33:50,2026-08-07 06:33:51,1,0,34,1,0,Good
260807001,IN_ROADS_14PIT,2026-08-07 06:33:51,2026-08-07 06:34:20,29,0,33,2,1,Good
260807001,IN_ROADS_14PIT,2026-08-07 06:34:20,2026-08-07 06:34:21,1,0,32,2,1,Good
260807001,IN_ROADS_14PIT,2026-08-07 06:34:21,2026-08-07 06:36:20,119,0,31,1,0,Good
260807001,IN_ROADS_14PIT,2026-08-07 06:36:20,2026-08-07 06:36:21,1,0,30,1,0,Good
260807001,IN_ROADS_14PIT,2026-08-07 06:36:21,2026-08-07 06:36:31,10,0,29,2,1,Good
260807001,IN_ROADS_14PIT,2026-08-07 06:36:31,2026-08-07 06:36:32,1,0,28,2,1,Good
260807001,IN_ROADS_14PIT,2026-08-07 06:36:32,2026-08-07 06:44:21,469,0,27,1,0,Good
260807001,IN_ROADS_14PIT,2026-08-07 06:44:21,2026-08-07 06:44:22,1,0,26,1,0,Good
260807001,IN_ROADS_14PIT,2026-08-07 06:44:22,2026-08-07 07:42:03,3461,0,25,0,0,Hang
260807001,IN_ROADS_14PIT,2026-08-07 07:42:03,2026-08-07 07:42:04,1,1,24,0,0,Hang
260807001,IN_ROADS_14PIT,2026-08-07 07:42:04,2026-08-07 07:42:41,37,1,23,1,0,Good
260807001,IN_ROADS_14PIT,2026-08-07 07:42:41,2026-08-07 07:42:42,1,1,22,1,0,Good
260807001,IN_ROADS_14PIT,2026-08-07 07:42:42,2026-08-07 07:57:56,914,1,21,0,0,Hang
260807001,IN_ROADS_14PIT,2026-08-07 07:57:56,2026-08-07 07:57:57,1,1,20,0,0,Hang
260807001,IN_ROADS_14PIT,2026-08-07 07:57:57,2026-08-07 07:58:49,52,1,19,1,0,Good
260807001,IN_ROADS_14PIT,2026-08-07 07:58:49,2026-08-07 07:58:50,1,1,18,1,0,Good
260807001,IN_ROADS_14PIT,2026-08-07 07:58:50,2026-08-07 08:13:40,890,1,17,0,0,Hang
260807001,IN_ROADS_14PIT,2026-08-07 08:13:40,2026-08-07 08:13:41,1,2,16,0,0,Hang
260807001,IN_ROADS_14PIT,2026-08-07 08:13:41,2026-08-07 08:14:17,36,2,15,1,0,Good
260807001,IN_ROADS_14PIT,2026-08-07 08:14:17,2026-08-07 08:14:18,1,2,14,1,0,Good
260807001,IN_ROADS_14PIT,2026-08-07 08:14:18,2026-08-07 08:31:19,1021,2,13,0,0,Hang
260807001,IN_ROADS_14PIT,2026-08-07 08:31:19,2026-08-07 08:31:20,1,2,12,0,0,Hang
260807001,IN_ROADS_14PIT,2026-08-07 08:31:20,2026-08-07 08:31:55,35,2,11,1,0,Good
260807001,IN_ROADS_14PIT,2026-08-07 08:31:55,2026-08-07 08:31:56,1,2,10,1,0,Good
260807001,IN_ROADS_14PIT,2026-08-07 08:31:56,2026-08-07 09:03:02,1866,2,9,0,0,Hang
260807001,IN_ROADS_14PIT,2026-08-07 09:03:02,2026-08-07 09:03:03,1,3,8,0,0,Hang
260807001,IN_ROADS_14PIT,2026-08-07 09:03:03,2026-08-07 09:03:45,42,3,7,1,0,Good
260807001,IN_ROADS_14PIT,2026-08-07 09:03:45,2026-08-07 09:03:46,1,3,6,1,0,Good
260807001,IN_ROADS_14PIT,2026-08-07 09:03:46,2026-08-07 09:13:49,603,3,5,0,0,Hang
260807001,IN_ROADS_14PIT,2026-08-07 09:13:49,2026-08-07 09:13:50,1,3,4,0,0,Hang
260807001,IN_ROADS_14PIT,2026-08-07 09:13:50,2026-08-07 09:14:26,36,3,3,1,0,Good
260807001,IN_ROADS_14PIT,2026-08-07 09:14:26,2026-08-07 09:14:27,1,3,2,1,0,Good
260807001,IN_ROADS_14PIT,2026-08-07 09:14:27,,,3,1,0,0,Hang
260807001,IN_ROADS_809_PIT,2026-08-07 06:00:00,2026-08-07 06:55:18,3318,0,5,0,0,Hang
260807001,IN_ROADS_809_PIT,2026-08-07 06:55:18,2026-08-07 06:55:19,1,0,4,0,0,Hang
260807001,IN_ROADS_809_PIT,2026-08-07 06:55:19,2026-08-07 06:56:30,71,0,3,1,0,Good
260807001,IN_ROADS_809_PIT,2026-08-07 06:56:30,2026-08-07 06:56:31,1,0,2,1,0,Good
260807001,IN_ROADS_809_PIT,2026-08-07 06:56:31,,,0,1,0,0,Hang
260807001,IN_ROADS_JPM,2026-08-07 06:00:00,2026-08-07 08:22:23,8543,0,5,0,0,Hang
260807001,IN_ROADS_JPM,2026-08-07 08:22:23,2026-08-07 08:22:24,1,2,4,0,0,Hang
260807001,IN_ROADS_JPM,2026-08-07 08:22:24,2026-08-07 08:23:13,49,2,3,1,0,Good
260807001,IN_ROADS_JPM,2026-08-07 08:23:13,2026-08-07 08:23:14,1,2,2,1,0,Good
260807001,IN_ROADS_JPM,2026-08-07 08:23:14,,,2,1,0,0,Hang
260807001,IN_ROADS_MRM,2026-08-07 06:00:00,2026-08-07 06:09:55,595,0,29,0,0,Hang
260807001,IN_ROADS_MRM,2026-08-07 06:09:55,2026-08-07 06:09:56,1,0,28,0,0,Hang
260807001,IN_ROADS_MRM,2026-08-07 06:09:56,2026-08-07 06:10:21,25,0,27,1,0,Good
260807001,IN_ROADS_MRM,2026-08-07 06:10:21,2026-08-07 06:10:22,1,0,26,1,0,Good
260807001,IN_ROADS_MRM,2026-08-07 06:10:22,2026-08-07 06:25:31,909,0,25,0,0,Hang
260807001,IN_ROADS_MRM,2026-08-07 06:25:31,2026-08-07 06:25:32,1,0,24,0,0,Hang
260807001,IN_ROADS_MRM,2026-08-07 06:25:32,2026-08-07 06:27:33,121,0,23,1,0,Good
260807001,IN_ROADS_MRM,2026-08-07 06:27:33,2026-08-07 06:27:34,1,0,22,1,0,Good
260807001,IN_ROADS_MRM,2026-08-07 06:27:34,2026-08-07 07:18:53,3079,0,21,0,0,Hang
260807001,IN_ROADS_MRM,2026-08-07 07:18:53,2026-08-07 07:18:54,1,1,20,0,0,Hang
260807001,IN_ROADS_MRM,2026-08-07 07:18:54,2026-08-07 07:19:28,34,1,19,1,0,Good
260807001,IN_ROADS_MRM,2026-08-07 07:19:28,2026-08-07 07:19:29,1,1,18,1,0,Good
260807001,IN_ROADS_MRM,2026-08-07 07:19:29,2026-08-07 07:45:11,1542,1,17,0,0,Hang
260807001,IN_ROADS_MRM,2026-08-07 07:45:11,2026-08-07 07:45:12,1,1,16,0,0,Hang
260807001,IN_ROADS_MRM,2026-08-07 07:45:12,2026-08-07 07:46:01,49,1,15,1,0,Good
260807001,IN_ROADS_MRM,2026-08-07 07:46:01,2026-08-07 07:46:02,1,1,14,1,0,Good
260807001,IN_ROADS_MRM,2026-08-07 07:46:02,2026-08-07 07:46:21,19,1,13,0,0,Hang
260807001,IN_ROADS_MRM,2026-08-07 07:46:21,2026-08-07 07:46:22,1,1,12,0,0,Hang
260807001,IN_ROADS_MRM,2026-08-07 07:46:22,2026-08-07 07:47:01,39,1,11,1,0,Good
260807001,IN_ROADS_MRM,2026-08-07 07:47:01,2026-08-07 07:47:02,1,1,10,1,0,Good
260807001,IN_ROADS_MRM,2026-08-07 07:47:02,2026-08-07 08:17:29,1827,1,9,0,0,Hang
260807001,IN_ROADS_MRM,2026-08-07 08:17:29,2026-08-07 08:17:30,1,2,8,0,0,Hang
260807001,IN_ROADS_MRM,2026-08-07 08:17:30,2026-08-07 08:17:53,23,2,7,1,0,Good
260807001,IN_ROADS_MRM,2026-08-07 08:17:53,2026-08-07 08:17:54,1,2,6,1,0,Good
260807001,IN_ROADS_MRM,2026-08-07 08:17:54,2026-08-07 08:22:12,258,2,5,0,0,Hang
260807001,IN_ROADS_MRM,2026-08-07 08:22:12,2026-08-07 08:22:13,1,2,4,0,0,Hang
260807001,IN_ROADS_MRM,2026-08-07 08:22:13,2026-08-07 08:25:15,182,2,3,1,0,Good
260807001,IN_ROADS_MRM,2026-08-07 08:25:15,2026-08-07 08:25:16,1,2,2,1,0,Good
260807001,IN_ROADS_MRM,2026-08-07 08:25:16,,,2,1,0,0,Hang
260807001,IN_ROADS_SAND_JPM,2026-08-07 06:00:00,,,0,1,0,0,Hang
260807001,IN_ROADS_SIERRA_551,2026-08-07 06:00:00,,,0,1,0,0,Hang
260807001,IN_TEST,2026-08-07 06:00:00,,,0,1,0,0,Hang
260807001,MRM-221F-S011,2026-08-07 06:07:43,2026-08-07 06:07:44,1,0,4,0,0,Hang
260807001,MRM-221F-S011,2026-08-07 06:07:44,2026-08-07 06:07:51,7,0,3,1,0,Good
260807001,MRM-221F-S011,2026-08-07 06:07:51,2026-08-07 06:07:52,1,0,2,1,0,Good
260807001,MRM-221F-S011,2026-08-07 06:07:52,,,0,1,0,0,Hang
260807001,PRJ-CLN-IPD7-S2503,2026-08-07 08:20:11,2026-08-07 08:20:12,1,2,4,0,0,Hang
260807001,PRJ-CLN-IPD7-S2503,2026-08-07 08:20:12,2026-08-07 08:20:47,35,2,3,1,0,Good
260807001,PRJ-CLN-IPD7-S2503,2026-08-07 08:20:47,2026-08-07 08:20:48,1,2,2,1,0,Good
260807001,PRJ-CLN-IPD7-S2503,2026-08-07 08:20:48,,,2,1,0,0,Hang
260807001,SKB-252E-S810,2026-08-07 07:48:02,2026-08-07 07:48:03,1,1,4,0,0,Hang
260807001,SKB-252E-S810,2026-08-07 07:48:03,2026-08-07 07:48:50,47,1,3,1,0,Good
260807001,SKB-252E-S810,2026-08-07 07:48:50,2026-08-07 07:48:51,1,1,2,1,0,Good
260807001,SKB-252E-S810,2026-08-07 07:48:51,,,1,1,0,0,Hang
260807001,ST_CANTERRASTKPLE,2026-08-07 06:00:00,,,0,1,0,0,Hang
260807001,ST_CR_LIVEPILE,2026-08-07 06:11:15,2026-08-07 06:11:16,1,0,60,0,0,Hang
260807001,ST_CR_LIVEPILE,2026-08-07 06:11:16,2026-08-07 06:11:25,9,0,59,1,0,Good
260807001,ST_CR_LIVEPILE,2026-08-07 06:11:25,2026-08-07 06:11:26,1,0,58,1,0,Good
260807001,ST_CR_LIVEPILE,2026-08-07 06:11:26,2026-08-07 06:11:31,5,0,57,2,0,Good
260807001,ST_CR_LIVEPILE,2026-08-07 06:11:31,2026-08-07 06:11:32,1,0,56,2,0,Good
260807001,ST_CR_LIVEPILE,2026-08-07 06:11:32,2026-08-07 06:11:58,26,0,55,1,0,Good
260807001,ST_CR_LIVEPILE,2026-08-07 06:11:58,2026-08-07 06:11:59,1,0,54,1,0,Good
260807001,ST_CR_LIVEPILE,2026-08-07 06:11:59,2026-08-07 06:13:04,65,0,53,2,0,Good
260807001,ST_CR_LIVEPILE,2026-08-07 06:13:04,2026-08-07 06:13:05,1,0,52,2,0,Good
260807001,ST_CR_LIVEPILE,2026-08-07 06:13:05,2026-08-07 06:14:03,58,0,51,1,0,Good
260807001,ST_CR_LIVEPILE,2026-08-07 06:14:03,2026-08-07 06:14:04,1,0,50,1,0,Good
260807001,ST_CR_LIVEPILE,2026-08-07 06:14:04,2026-08-07 06:37:13,1389,0,49,0,0,Hang
260807001,ST_CR_LIVEPILE,2026-08-07 06:37:13,2026-08-07 06:37:14,1,0,48,0,0,Hang
260807001,ST_CR_LIVEPILE,2026-08-07 06:37:14,2026-08-07 06:38:01,47,0,47,1,0,Good
260807001,ST_CR_LIVEPILE,2026-08-07 06:38:01,2026-08-07 06:38:02,1,0,46,1,0,Good
260807001,ST_CR_LIVEPILE,2026-08-07 06:38:02,2026-08-07 06:39:36,94,0,45,0,0,Hang
260807001,ST_CR_LIVEPILE,2026-08-07 06:39:36,2026-08-07 06:39:37,1,0,44,0,0,Hang
260807001,ST_CR_LIVEPILE,2026-08-07 06:39:37,2026-08-07 06:39:49,12,0,43,1,0,Good
260807001,ST_CR_LIVEPILE,2026-08-07 06:39:49,2026-08-07 06:39:50,1,0,42,1,0,Good
260807001,ST_CR_LIVEPILE,2026-08-07 06:39:50,2026-08-07 06:43:16,206,0,41,0,0,Hang
260807001,ST_CR_LIVEPILE,2026-08-07 06:43:16,2026-08-07 06:43:17,1,0,40,0,0,Hang
260807001,ST_CR_LIVEPILE,2026-08-07 06:43:17,2026-08-07 06:44:37,80,0,39,1,0,Good
260807001,ST_CR_LIVEPILE,2026-08-07 06:44:37,2026-08-07 06:44:38,1,0,38,1,0,Good
260807001,ST_CR_LIVEPILE,2026-08-07 06:44:38,2026-08-07 07:28:55,2657,0,37,0,0,Hang
260807001,ST_CR_LIVEPILE,2026-08-07 07:28:55,2026-08-07 07:28:56,1,1,36,0,0,Hang
260807001,ST_CR_LIVEPILE,2026-08-07 07:28:56,2026-08-07 07:30:33,97,1,35,1,0,Good
260807001,ST_CR_LIVEPILE,2026-08-07 07:30:33,2026-08-07 07:30:34,1,1,34,1,0,Good
260807001,ST_CR_LIVEPILE,2026-08-07 07:30:34,2026-08-07 07:32:22,108,1,33,0,0,Hang
260807001,ST_CR_LIVEPILE,2026-08-07 07:32:22,2026-08-07 07:32:23,1,1,32,0,0,Hang
260807001,ST_CR_LIVEPILE,2026-08-07 07:32:23,2026-08-07 07:33:14,51,1,31,1,0,Good
260807001,ST_CR_LIVEPILE,2026-08-07 07:33:14,2026-08-07 07:33:15,1,1,30,1,0,Good
260807001,ST_CR_LIVEPILE,2026-08-07 07:33:15,2026-08-07 07:44:38,683,1,29,0,0,Hang
260807001,ST_CR_LIVEPILE,2026-08-07 07:44:38,2026-08-07 07:44:39,1,1,28,0,0,Hang
260807001,ST_CR_LIVEPILE,2026-08-07 07:44:39,2026-08-07 07:45:35,56,1,27,1,0,Good
260807001,ST_CR_LIVEPILE,2026-08-07 07:45:35,2026-08-07 07:45:36,1,1,26,1,0,Good
260807001,ST_CR_LIVEPILE,2026-08-07 07:45:36,2026-08-07 08:03:46,1090,1,25,0,0,Hang
260807001,ST_CR_LIVEPILE,2026-08-07 08:03:46,2026-08-07 08:03:47,1,2,24,0,0,Hang
260807001,ST_CR_LIVEPILE,2026-08-07 08:03:47,2026-08-07 08:04:40,53,2,23,1,0,Good
260807001,ST_CR_LIVEPILE,2026-08-07 08:04:40,2026-08-07 08:04:41,1,2,22,1,0,Good
260807001,ST_CR_LIVEPILE,2026-08-07 08:04:41,2026-08-07 08:22:24,1063,2,21,0,0,Hang
260807001,ST_CR_LIVEPILE,2026-08-07 08:22:24,2026-08-07 08:22:25,1,2,20,0,0,Hang
260807001,ST_CR_LIVEPILE,2026-08-07 08:22:25,2026-08-07 08:23:45,80,2,19,1,0,Good
260807001,ST_CR_LIVEPILE,2026-08-07 08:23:45,2026-08-07 08:23:46,1,2,18,1,0,Good
260807001,ST_CR_LIVEPILE,2026-08-07 08:23:46,2026-08-07 08:25:11,85,2,17,0,0,Hang
260807001,ST_CR_LIVEPILE,2026-08-07 08:25:11,2026-08-07 08:25:12,1,2,16,0,0,Hang
260807001,ST_CR_LIVEPILE,2026-08-07 08:25:12,2026-08-07 08:25:52,40,2,15,1,0,Good
260807001,ST_CR_LIVEPILE,2026-08-07 08:25:52,2026-08-07 08:25:53,1,2,14,1,0,Good
260807001,ST_CR_LIVEPILE,2026-08-07 08:25:53,2026-08-07 08:26:22,29,2,13,0,0,Hang
260807001,ST_CR_LIVEPILE,2026-08-07 08:26:22,2026-08-07 08:26:23,1,2,12,0,0,Hang
260807001,ST_CR_LIVEPILE,2026-08-07 08:26:23,2026-08-07 08:28:27,124,2,11,1,0,Good
260807001,ST_CR_LIVEPILE,2026-08-07 08:28:27,2026-08-07 08:28:28,1,2,10,1,0,Good
260807001,ST_CR_LIVEPILE,2026-08-07 08:28:28,2026-08-07 10:30:51,7343,2,9,0,0,Hang
260807001,ST_CR_LIVEPILE,2026-08-07 10:30:51,2026-08-07 10:30:52,1,4,8,0,0,Hang
260807001,ST_CR_LIVEPILE,2026-08-07 10:30:52,2026-08-07 10:32:15,83,4,7,1,0,Good
260807001,ST_CR_LIVEPILE,2026-08-07 10:32:15,2026-08-07 10:32:16,1,4,6,1,0,Good
260807001,ST_CR_LIVEPILE,2026-08-07 10:32:16,2026-08-07 10:42:05,589,4,5,0,0,Hang
260807001,ST_CR_LIVEPILE,2026-08-07 10:42:05,2026-08-07 10:42:06,1,4,4,0,0,Hang
260807001,ST_CR_LIVEPILE,2026-08-07 10:42:06,2026-08-07 10:43:06,60,4,3,1,0,Good
260807001,ST_CR_LIVEPILE,2026-08-07 10:43:06,2026-08-07 10:43:07,1,4,2,1,0,Good
260807001,ST_CR_LIVEPILE,2026-08-07 10:43:07,,,4,1,0,0,Hang
260807001,ST_REJECTS_ALTERNATIVE,2026-08-07 06:00:00,,,0,1,0,0,Hang
260807001,ST_S010_JETRAMP,2026-08-07 06:00:00,,,0,1,0,0,Hang
260807001,ST_SIERRA_SAND_JPM,2026-08-07 06:00:00,,,0,1,0,0,Hang
260807001,ST_THUNDER_N,2026-08-07 07:44:57,2026-08-07 07:44:58,1,1,48,0,0,Hang
260807001,ST_THUNDER_N,2026-08-07 07:44:58,2026-08-07 07:46:01,63,1,47,1,0,Good
260807001,ST_THUNDER_N,2026-08-07 07:46:01,2026-08-07 07:46:02,1,1,46,1,0,Good
260807001,ST_THUNDER_N,2026-08-07 07:46:02,2026-08-07 08:03:32,1050,1,45,0,0,Hang
260807001,ST_THUNDER_N,2026-08-07 08:03:32,2026-08-07 08:03:33,1,2,44,0,0,Hang
260807001,ST_THUNDER_N,2026-08-07 08:03:33,2026-08-07 08:04:11,38,2,43,1,0,Good
260807001,ST_THUNDER_N,2026-08-07 08:04:11,2026-08-07 08:04:12,1,2,42,1,0,Good
260807001,ST_THUNDER_N,2026-08-07 08:04:12,2026-08-07 08:25:51,1299,2,41,0,0,Hang
260807001,ST_THUNDER_N,2026-08-07 08:25:51,2026-08-07 08:25:52,1,2,40,0,0,Hang
260807001,ST_THUNDER_N,2026-08-07 08:25:52,2026-08-07 08:27:02,70,2,39,1,0,Good
260807001,ST_THUNDER_N,2026-08-07 08:27:02,2026-08-07 08:27:03,1,2,38,1,0,Good
260807001,ST_THUNDER_N,2026-08-07 08:27:03,2026-08-07 08:29:51,168,2,37,0,0,Hang
260807001,ST_THUNDER_N,2026-08-07 08:29:51,2026-08-07 08:29:52,1,2,36,0,0,Hang
260807001,ST_THUNDER_N,2026-08-07 08:29:52,2026-08-07 08:31:09,77,2,35,1,0,Good
260807001,ST_THUNDER_N,2026-08-07 08:31:09,2026-08-07 08:31:10,1,2,34,1,0,Good
260807001,ST_THUNDER_N,2026-08-07 08:31:10,2026-08-07 08:32:42,92,2,33,0,0,Hang
260807001,ST_THUNDER_N,2026-08-07 08:32:42,2026-08-07 08:32:43,1,2,32,0,0,Hang
260807001,ST_THUNDER_N,2026-08-07 08:32:43,2026-08-07 08:33:13,30,2,31,1,0,Good
260807001,ST_THUNDER_N,2026-08-07 08:33:13,2026-08-07 08:33:14,1,2,30,1,0,Good
260807001,ST_THUNDER_N,2026-08-07 08:33:14,2026-08-07 08:39:49,395,2,29,0,0,Hang
260807001,ST_THUNDER_N,2026-08-07 08:39:49,2026-08-07 08:39:50,1,2,28,0,0,Hang
260807001,ST_THUNDER_N,2026-08-07 08:39:50,2026-08-07 08:41:02,72,2,27,1,0,Good
260807001,ST_THUNDER_N,2026-08-07 08:41:02,2026-08-07 08:41:03,1,2,26,1,0,Good
260807001,ST_THUNDER_N,2026-08-07 08:41:03,2026-08-07 08:43:18,135,2,25,0,0,Hang
260807001,ST_THUNDER_N,2026-08-07 08:43:18,2026-08-07 08:43:19,1,2,24,0,0,Hang
260807001,ST_THUNDER_N,2026-08-07 08:43:19,2026-08-07 08:43:54,35,2,23,1,0,Good
260807001,ST_THUNDER_N,2026-08-07 08:43:54,2026-08-07 08:43:55,1,2,22,1,0,Good
260807001,ST_THUNDER_N,2026-08-07 08:43:55,2026-08-07 10:03:35,4780,2,21,0,0,Hang
260807001,ST_THUNDER_N,2026-08-07 10:03:35,2026-08-07 10:03:36,1,4,20,0,0,Hang
260807001,ST_THUNDER_N,2026-08-07 10:03:36,2026-08-07 10:04:13,37,4,19,1,0,Good
260807001,ST_THUNDER_N,2026-08-07 10:04:13,2026-08-07 10:04:14,1,4,18,1,0,Good
260807001,ST_THUNDER_N,2026-08-07 10:04:14,2026-08-07 10:11:00,406,4,17,0,0,Hang
260807001,ST_THUNDER_N,2026-08-07 10:11:00,2026-08-07 10:11:01,1,4,16,0,0,Hang
260807001,ST_THUNDER_N,2026-08-07 10:11:01,2026-08-07 10:12:14,73,4,15,1,0,Good
260807001,ST_THUNDER_N,2026-08-07 10:12:14,2026-08-07 10:12:15,1,4,14,1,0,Good
260807001,ST_THUNDER_N,2026-08-07 10:12:15,2026-08-07 10:16:17,242,4,13,0,0,Hang
260807001,ST_THUNDER_N,2026-08-07 10:16:17,2026-08-07 10:16:18,1,4,12,0,0,Hang
260807001,ST_THUNDER_N,2026-08-07 10:16:18,2026-08-07 10:17:27,69,4,11,1,0,Good
260807001,ST_THUNDER_N,2026-08-07 10:17:27,2026-08-07 10:17:28,1,4,10,1,0,Good
260807001,ST_THUNDER_N,2026-08-07 10:17:28,2026-08-07 10:27:45,617,4,9,0,0,Hang
260807001,ST_THUNDER_N,2026-08-07 10:27:45,2026-08-07 10:27:46,1,4,8,0,0,Hang
260807001,ST_THUNDER_N,2026-08-07 10:27:46,2026-08-07 10:28:19,33,4,7,1,0,Good
260807001,ST_THUNDER_N,2026-08-07 10:28:19,2026-08-07 10:28:20,1,4,6,1,0,Good
260807001,ST_THUNDER_N,2026-08-07 10:28:20,2026-08-07 10:37:27,547,4,5,0,0,Hang
260807001,ST_THUNDER_N,2026-08-07 10:37:27,2026-08-07 10:37:28,1,4,4,0,0,Hang
260807001,ST_THUNDER_N,2026-08-07 10:37:28,2026-08-07 10:38:15,47,4,3,1,0,Good
260807001,ST_THUNDER_N,2026-08-07 10:38:15,2026-08-07 10:38:16,1,4,2,1,0,Good
260807001,ST_THUNDER_N,2026-08-07 10:38:16,,,4,1,0,0,Hang
260807001,ST_VIPER_SAND,2026-08-07 06:17:30,2026-08-07 06:17:31,1,0,79,0,0,Hang
260807001,ST_VIPER_SAND,2026-08-07 06:17:31,2026-08-07 06:59:19,2508,0,77,-1,0,Queue
260807001,ST_VIPER_SAND,2026-08-07 06:17:31,2026-08-07 06:17:31,0,0,78,0,0,Hang
260807001,ST_VIPER_SAND,2026-08-07 06:59:19,2026-08-07 06:59:20,1,0,76,-1,0,Queue
260807001,ST_VIPER_SAND,2026-08-07 06:59:20,2026-08-07 07:00:13,53,0,75,0,0,Hang
260807001,ST_VIPER_SAND,2026-08-07 07:00:13,2026-08-07 07:00:14,1,1,74,0,0,Hang
260807001,ST_VIPER_SAND,2026-08-07 07:00:14,2026-08-07 07:05:00,286,1,73,-1,0,Queue
260807001,ST_VIPER_SAND,2026-08-07 07:05:00,2026-08-07 07:05:01,1,1,72,-1,0,Queue
260807001,ST_VIPER_SAND,2026-08-07 07:05:01,2026-08-07 07:05:28,27,1,71,0,0,Hang
260807001,ST_VIPER_SAND,2026-08-07 07:05:28,2026-08-07 07:05:29,1,1,70,0,0,Hang
260807001,ST_VIPER_SAND,2026-08-07 07:05:29,2026-08-07 07:11:37,368,1,69,-1,0,Queue
260807001,ST_VIPER_SAND,2026-08-07 07:11:37,2026-08-07 07:11:38,1,1,67,-1,0,Queue
260807001,ST_VIPER_SAND,2026-08-07 07:11:37,2026-08-07 07:11:37,0,1,68,0,0,Hang
260807001,ST_VIPER_SAND,2026-08-07 07:11:38,2026-08-07 07:16:06,268,1,65,-1,0,Queue
260807001,ST_VIPER_SAND,2026-08-07 07:11:38,2026-08-07 07:11:38,0,1,66,0,0,Hang
260807001,ST_VIPER_SAND,2026-08-07 07:16:06,2026-08-07 07:16:07,1,1,64,-1,0,Queue
260807001,ST_VIPER_SAND,2026-08-07 07:16:07,2026-08-07 07:17:24,77,1,63,0,0,Hang
260807001,ST_VIPER_SAND,2026-08-07 07:17:24,2026-08-07 07:17:25,1,1,62,0,0,Hang
260807001,ST_VIPER_SAND,2026-08-07 07:17:25,2026-08-07 07:23:18,353,1,61,-1,0,Queue
260807001,ST_VIPER_SAND,2026-08-07 07:23:18,2026-08-07 07:23:19,1,1,60,-1,0,Queue
260807001,ST_VIPER_SAND,2026-08-07 07:23:19,2026-08-07 07:23:58,39,1,59,0,0,Hang
260807001,ST_VIPER_SAND,2026-08-07 07:23:58,2026-08-07 07:23:59,1,1,58,0,0,Hang
260807001,ST_VIPER_SAND,2026-08-07 07:23:59,2026-08-07 07:41:45,1066,1,57,-1,0,Queue
260807001,ST_VIPER_SAND,2026-08-07 07:41:45,2026-08-07 07:41:46,1,1,56,-1,0,Queue
260807001,ST_VIPER_SAND,2026-08-07 07:41:46,2026-08-07 07:42:12,26,1,55,0,0,Hang
260807001,ST_VIPER_SAND,2026-08-07 07:42:12,2026-08-07 07:42:13,1,1,54,0,0,Hang
260807001,ST_VIPER_SAND,2026-08-07 07:42:13,2026-08-07 07:48:59,406,1,53,-1,0,Queue
260807001,ST_VIPER_SAND,2026-08-07 07:48:59,2026-08-07 07:49:00,1,1,52,-1,0,Queue
260807001,ST_VIPER_SAND,2026-08-07 07:49:00,2026-08-07 07:49:28,28,1,51,0,0,Hang
260807001,ST_VIPER_SAND,2026-08-07 07:49:28,2026-08-07 07:49:29,1,1,50,0,0,Hang
260807001,ST_VIPER_SAND,2026-08-07 07:49:29,2026-08-07 07:49:56,27,1,49,-1,0,Queue
260807001,ST_VIPER_SAND,2026-08-07 07:49:56,2026-08-07 07:49:57,1,1,48,-1,0,Queue
260807001,ST_VIPER_SAND,2026-08-07 07:49:57,2026-08-07 07:50:52,55,1,47,0,0,Hang
260807001,ST_VIPER_SAND,2026-08-07 07:50:52,2026-08-07 07:50:53,1,1,46,0,0,Hang
260807001,ST_VIPER_SAND,2026-08-07 07:50:53,2026-08-07 07:54:55,242,1,45,-1,0,Queue
260807001,ST_VIPER_SAND,2026-08-07 07:54:55,2026-08-07 07:54:56,1,1,44,-1,0,Queue
260807001,ST_VIPER_SAND,2026-08-07 07:54:56,2026-08-07 07:55:21,25,1,43,0,0,Hang
260807001,ST_VIPER_SAND,2026-08-07 07:55:21,2026-08-07 07:55:22,1,1,42,0,0,Hang
260807001,ST_VIPER_SAND,2026-08-07 07:55:22,2026-08-07 07:59:23,241,1,41,-1,0,Queue
260807001,ST_VIPER_SAND,2026-08-07 07:59:23,2026-08-07 07:59:24,1,1,40,-1,0,Queue
260807001,ST_VIPER_SAND,2026-08-07 07:59:24,2026-08-07 08:00:04,40,1,39,0,0,Hang
260807001,ST_VIPER_SAND,2026-08-07 08:00:04,2026-08-07 08:00:05,1,2,38,0,0,Hang
260807001,ST_VIPER_SAND,2026-08-07 08:00:05,2026-08-07 08:00:47,42,2,37,-1,0,Queue
260807001,ST_VIPER_SAND,2026-08-07 08:00:47,2026-08-07 08:00:48,1,2,36,-1,0,Queue
260807001,ST_VIPER_SAND,2026-08-07 08:00:48,2026-08-07 08:01:18,30,2,35,0,0,Hang
260807001,ST_VIPER_SAND,2026-08-07 08:01:18,2026-08-07 08:01:19,1,2,34,0,0,Hang
260807001,ST_VIPER_SAND,2026-08-07 08:01:19,2026-08-07 08:07:32,373,2,33,-1,0,Queue
260807001,ST_VIPER_SAND,2026-08-07 08:07:32,2026-08-07 08:07:33,1,2,32,-1,0,Queue
260807001,ST_VIPER_SAND,2026-08-07 08:07:33,2026-08-07 08:08:16,43,2,31,0,0,Hang
260807001,ST_VIPER_SAND,2026-08-07 08:08:16,2026-08-07 08:08:17,1,2,30,0,0,Hang
260807001,ST_VIPER_SAND,2026-08-07 08:08:17,2026-08-07 08:29:04,1247,2,29,-1,0,Queue
260807001,ST_VIPER_SAND,2026-08-07 08:29:04,2026-08-07 08:29:05,1,2,28,-1,0,Queue
260807001,ST_VIPER_SAND,2026-08-07 08:29:05,2026-08-07 08:29:38,33,2,27,0,0,Hang
260807001,ST_VIPER_SAND,2026-08-07 08:29:38,2026-08-07 08:29:39,1,2,26,0,0,Hang
260807001,ST_VIPER_SAND,2026-08-07 08:29:39,2026-08-07 08:49:48,1209,2,25,-1,0,Queue
260807001,ST_VIPER_SAND,2026-08-07 08:49:48,2026-08-07 08:49:49,1,2,24,-1,0,Queue
260807001,ST_VIPER_SAND,2026-08-07 08:49:49,2026-08-07 08:50:49,60,2,23,0,0,Hang
260807001,ST_VIPER_SAND,2026-08-07 08:50:49,2026-08-07 08:50:50,1,2,22,0,0,Hang
260807001,ST_VIPER_SAND,2026-08-07 08:50:50,2026-08-07 09:08:36,1066,2,21,-1,0,Queue
260807001,ST_VIPER_SAND,2026-08-07 09:08:36,2026-08-07 09:08:37,1,3,20,-1,0,Queue
260807001,ST_VIPER_SAND,2026-08-07 09:08:37,2026-08-07 09:09:36,59,3,19,0,0,Hang
260807001,ST_VIPER_SAND,2026-08-07 09:09:36,2026-08-07 09:09:37,1,3,18,0,0,Hang
260807001,ST_VIPER_SAND,2026-08-07 09:09:37,2026-08-07 09:14:52,315,3,17,-1,0,Queue
260807001,ST_VIPER_SAND,2026-08-07 09:14:52,2026-08-07 09:14:53,1,3,16,-1,0,Queue
260807001,ST_VIPER_SAND,2026-08-07 09:14:53,2026-08-07 09:16:11,78,3,15,0,0,Hang
260807001,ST_VIPER_SAND,2026-08-07 09:16:11,2026-08-07 09:16:12,1,3,14,0,0,Hang
260807001,ST_VIPER_SAND,2026-08-07 09:16:12,2026-08-07 09:52:15,2163,3,13,-1,0,Queue
260807001,ST_VIPER_SAND,2026-08-07 09:52:15,2026-08-07 09:52:16,1,3,12,-1,0,Queue
260807001,ST_VIPER_SAND,2026-08-07 09:52:16,2026-08-07 09:53:23,67,3,11,0,0,Hang
260807001,ST_VIPER_SAND,2026-08-07 09:53:23,2026-08-07 09:53:24,1,3,10,0,0,Hang
260807001,ST_VIPER_SAND,2026-08-07 09:53:24,2026-08-07 10:11:59,1115,3,9,-1,0,Queue
260807001,ST_VIPER_SAND,2026-08-07 10:11:59,2026-08-07 10:12:00,1,4,8,-1,0,Queue
260807001,ST_VIPER_SAND,2026-08-07 10:12:00,2026-08-07 10:12:46,46,4,7,0,0,Hang
260807001,ST_VIPER_SAND,2026-08-07 10:12:46,2026-08-07 10:12:47,1,4,6,0,0,Hang
260807001,ST_VIPER_SAND,2026-08-07 10:12:47,2026-08-07 10:21:32,525,4,5,-1,0,Queue
260807001,ST_VIPER_SAND,2026-08-07 10:21:32,2026-08-07 10:21:33,1,4,4,-1,0,Queue
260807001,ST_VIPER_SAND,2026-08-07 10:21:33,2026-08-07 10:22:22,49,4,3,0,0,Hang
260807001,ST_VIPER_SAND,2026-08-07 10:22:22,2026-08-07 10:22:23,1,4,2,0,0,Hang
260807001,ST_VIPER_SAND,2026-08-07 10:22:23,,,4,1,-1,0,Queue

