Dtl_Pit_1,Dtl_TotalRequired_2,Dtl_LPActual_3,Dtl_Short_4,Dtl_Timestamp_5
JPM,16.5348165757144,14,-2.53481657571442,7/1/2026 6:00:00 AM
JPM,18.1043785121402,14,-4.1043785121402,7/1/2026 6:15:00 AM
JPM,17.8316215991458,14,-3.83162159914579,7/1/2026 6:30:00 AM
JPM,20.5457312730122,14,-6.54573127301215,7/1/2026 6:45:00 AM
JPM,18.1706919022301,14,-4.17069190223005,7/1/2026 7:00:00 AM
JPM,18.3942305506786,14,-4.39423055067859,7/1/2026 7:15:00 AM
JPM,18.9622633174485,14,-4.96226331744849,7/1/2026 7:30:00 AM
JPM,19.1070031948247,14,-5.10700319482467,7/1/2026 7:45:00 AM
JPM,19.4211204517973,14,-5.42112045179735,7/1/2026 8:00:00 AM
JPM,20.4889556709829,14,-6.48895567098287,7/1/2026 8:15:00 AM
JPM,22.2929023710119,14,-8.29290237101188,7/1/2026 8:30:00 AM
JPM,19.8595255614425,14,-5.8595255614425,7/1/2026 8:45:00 AM
JPM,18.8255099332416,13.1851851851852,-5.64032474805645,7/1/2026 9:00:00 AM
JPM,18.5467452327397,13,-5.54674523273974,7/1/2026 9:15:00 AM
JPM,14.3813455556456,13,-1.38134555564561,7/1/2026 9:30:00 AM
JPM,13.6181458052375,13,-0.618145805237472,7/1/2026 9:45:00 AM
JPM,17.6738819870273,13,-4.67388198702731,7/1/2026 10:00:00 AM
JPM,17.8377655273043,13,-4.83776552730427,7/1/2026 10:15:00 AM
JPM,14.4561051740839,13.5375,-0.918605174083899,7/1/2026 10:30:00 AM
JPM,18.8307117990153,13,-5.83071179901529,7/1/2026 10:45:00 AM
JPM,23.6374595635182,13,-10.6374595635182,7/1/2026 11:00:00 AM
JPM,27.2494270106261,12.9615384615385,-14.2878885490877,7/1/2026 11:15:00 AM
JPM,29.0679923005104,13,-16.0679923005104,7/1/2026 11:30:00 AM
JPM,23.6247874107345,13,-10.6247874107345,7/1/2026 11:45:00 AM
JPM,19.0443039218218,13,-6.04430392182179,7/1/2026 12:00:00 PM
JPM,19.6451035843777,13,-6.64510358437771,7/1/2026 12:15:00 PM
JPM,21.0655197821133,13,-8.0655197821133,7/1/2026 12:30:00 PM
JPM,21.1620876133338,12.6727272727273,-8.48936034060657,7/1/2026 12:45:00 PM
JPM,22.727086273546,12.8,-9.92708627354601,7/1/2026 1:00:00 PM
JPM,22.1810519328856,13,-9.18105193288564,7/1/2026 1:15:00 PM
JPM,22.0455505387536,13,-9.04555053875356,7/1/2026 1:30:00 PM
JPM,20.5171714018389,13,-7.51717140183885,7/1/2026 1:45:00 PM
JPM,21.7891487497815,13,-8.78914874978146,7/1/2026 2:00:00 PM
JPM,26.5280869640227,13,-13.5280869640227,7/1/2026 2:15:00 PM
JPM,22.5465881564196,13,-9.54658815641956,7/1/2026 2:30:00 PM
JPM,21.7499126888237,13,-8.74991268882371,7/1/2026 2:45:00 PM
JPM,21.152457047682,13,-8.152457047682,7/1/2026 3:00:00 PM
JPM,18.5561604115462,13,-5.55616041154623,7/1/2026 3:15:00 PM
JPM,16.807801341058,13,-3.80780134105797,7/1/2026 3:30:00 PM
JPM,16.4729076006378,13,-3.47290760063777,7/1/2026 3:45:00 PM
JPM,16.3420990961931,13,-3.34209909619313,7/1/2026 4:00:00 PM
JPM,16.7250136634253,13,-3.72501366342531,7/1/2026 4:15:00 PM
JPM,16.9571152901278,12.3333333333333,-4.6237819567945,7/1/2026 4:30:00 PM
JPM,18.2498682100827,12.5714285714286,-5.67843963865414,7/1/2026 4:45:00 PM
JPM,18.2513591844233,12,-6.25135918442333,7/1/2026 5:00:00 PM
JPM,19.3207270406589,12,-7.3207270406589,7/1/2026 5:15:00 PM
JPM,15.7170301139941,12,-3.71703011399407,7/1/2026 5:30:00 PM
JPM,12.2399167057442,11.875,-0.3649167057442,7/1/2026 5:45:00 PM
MRM,13.4378995254132,26.56,13.1221004745868,7/1/2026 6:00:00 AM
MRM,19.4534285828784,28.8370422979798,9.38361371510138,7/1/2026 6:15:00 AM
MRM,19.892559471313,26.8725961538461,6.98003668253317,7/1/2026 6:30:00 AM
MRM,11.2912768535756,25.3157894736842,14.0245126201087,7/1/2026 6:45:00 AM
MRM,26.3042718191186,26.3808465085639,0.0765746894452946,7/1/2026 7:00:00 AM
MRM,27.8347002440772,29.9604377104377,2.12573746636055,7/1/2026 7:15:00 AM
MRM,26.9215708937855,29.6561004784689,2.73452958468338,7/1/2026 7:30:00 AM
MRM,33.2708465513133,34.2823426573427,1.01149610602939,7/1/2026 7:45:00 AM
MRM,33.5590417026784,37,3.44095829732155,7/1/2026 8:00:00 AM
MRM,30.3353736642481,37,6.66462633575185,7/1/2026 8:15:00 AM
MRM,20.5682647886862,36.5957446808511,16.0274798921649,7/1/2026 8:30:00 AM
MRM,42.9684606849185,39,-3.96846068491845,7/1/2026 8:45:00 AM
MRM,38.6393459182658,39.273569023569,0.634223105303221,7/1/2026 9:00:00 AM
MRM,35.8716782203767,35.3333333333333,-0.538344887043323,7/1/2026 9:15:00 AM
MRM,37.3095757697081,33.8206281565657,-3.48894761314249,7/1/2026 9:30:00 AM
MRM,42.0842092101141,33.3689878435518,-8.7152213665623,7/1/2026 9:45:00 AM
MRM,45.3140376430287,33.1401016746412,-12.1739359683875,7/1/2026 10:00:00 AM
MRM,39.6400285057924,33.1126217532468,-6.52740675254566,7/1/2026 10:15:00 AM
MRM,46.4438159096,33.9,-12.5438159096,7/1/2026 10:30:00 AM
MRM,45.8639691325472,32.6451612903226,-13.2188078422246,7/1/2026 10:45:00 AM
MRM,37.2696432945519,31.3709677419355,-5.89867555261641,7/1/2026 11:00:00 AM
MRM,51.6374429513463,31.6538461538462,-19.9835967975002,7/1/2026 11:15:00 AM
MRM,52.0250591937791,32.9767441860465,-19.0483150077326,7/1/2026 11:30:00 AM
MRM,48.4215651329445,32.2586206896552,-16.1629444432893,7/1/2026 11:45:00 AM
MRM,48.5903649334848,33.34375,-15.2466149334848,7/1/2026 12:00:00 PM
MRM,47.701224208845,33.9777777777778,-13.7234464310672,7/1/2026 12:15:00 PM
MRM,39.0998236793806,33.8,-5.29982367938059,7/1/2026 12:30:00 PM
MRM,36.1014691356831,31.7818181818182,-4.31965095386495,7/1/2026 12:45:00 PM
MRM,33.1557191204305,30.2571428571429,-2.89857626328766,7/1/2026 1:00:00 PM
MRM,33.0548486387085,31.2413793103448,-1.81346932836365,7/1/2026 1:15:00 PM
MRM,31.6378114198477,32,0.362188580152274,7/1/2026 1:30:00 PM
MRM,32.8989364474975,32.2033898305085,-0.695546616989027,7/1/2026 1:45:00 PM
MRM,30.5972156817052,33,2.40278431829484,7/1/2026 2:00:00 PM
MRM,34.8993464545914,33,-1.8993464545914,7/1/2026 2:15:00 PM
MRM,35.8489901573847,32.7666666666667,-3.08232349071802,7/1/2026 2:30:00 PM
MRM,35.2342756848983,30.9354838709677,-4.29879181393056,7/1/2026 2:45:00 PM
MRM,35.1169123195512,30.2222222222222,-4.89469009732902,7/1/2026 3:00:00 PM
MRM,35.2019418203705,29.4761904761905,-5.72575134418005,7/1/2026 3:15:00 PM
MRM,40.9769308039911,29,-11.9769308039911,7/1/2026 3:30:00 PM
MRM,42.1400674149287,28.125,-14.0150674149287,7/1/2026 3:45:00 PM
MRM,42.3782439258175,29,-13.3782439258175,7/1/2026 4:00:00 PM
MRM,41.5920413649393,29.25,-12.3420413649393,7/1/2026 4:15:00 PM
MRM,39.0314744833854,31.4761904761905,-7.55528400719496,7/1/2026 4:30:00 PM
MRM,38.8870085542267,32.6428571428571,-6.24415141136958,7/1/2026 4:45:00 PM
MRM,37.2569958643558,34.55,-2.70699586435577,7/1/2026 5:00:00 PM
MRM,36.6030967634596,35,-1.60309676345963,7/1/2026 5:15:00 PM
MRM,41.1043739196493,35.36875,-5.73562391964927,7/1/2026 5:30:00 PM
MRM,42.3724043200457,35.2794744318182,-7.0929298882275,7/1/2026 5:45:00 PM
JPM,12.0053822323094,11,-1.00538223230944,7/1/2026 6:00:00 PM
JPM,11.4430433731892,11,-0.443043373189244,7/1/2026 6:15:00 PM
JPM,11.8027056642293,11.2,-0.602705664229292,7/1/2026 6:30:00 PM
JPM,11.9030101257755,12,0.0969898742244784,7/1/2026 6:45:00 PM
JPM,10.9687826590224,12,1.03121734097762,7/1/2026 7:00:00 PM
JPM,11.8340409357366,11.45,-0.384040935736573,7/1/2026 7:15:00 PM
JPM,11.2722682745922,11,-0.272268274592216,7/1/2026 7:30:00 PM
JPM,9.09073879708382,11,1.90926120291618,7/1/2026 7:45:00 PM
JPM,10.3103056089951,10.7272727272727,0.416967118277595,7/1/2026 8:00:00 PM
JPM,10.8844315509478,11,0.115568449052223,7/1/2026 8:15:00 PM
JPM,10.8439782645588,11,0.156021735441216,7/1/2026 8:30:00 PM
JPM,11.6282164191352,10.7272727272727,-0.90094369186243,7/1/2026 8:45:00 PM
JPM,11.3410717526114,11,-0.341071752611356,7/1/2026 9:00:00 PM
JPM,11.7305521118934,11,-0.730552111893369,7/1/2026 9:15:00 PM
JPM,11.7732008714702,11.75,-0.0232008714701557,7/1/2026 9:30:00 PM
JPM,11.5060593067253,12.3333333333333,0.827274026608062,7/1/2026 9:45:00 PM
JPM,14.1485633746216,12,-2.14856337462162,7/1/2026 10:00:00 PM
JPM,13.0287598795958,12,-1.0287598795958,7/1/2026 10:15:00 PM
JPM,12.544087736225,12,-0.544087736224959,7/1/2026 10:30:00 PM
JPM,12.4525652154783,12,-0.452565215478336,7/1/2026 10:45:00 PM
JPM,11.9478637476076,12,0.0521362523924314,7/1/2026 11:00:00 PM
JPM,12.0522809343529,12,-0.0522809343528774,7/1/2026 11:15:00 PM
JPM,13.8505809990216,12,-1.85058099902158,7/1/2026 11:30:00 PM
JPM,15.8165120813337,12,-3.81651208133374,7/1/2026 11:45:00 PM
JPM,14.826486822556,12,-2.82648682255599,7/2/2026 12:00:00 AM
JPM,17.0537987339864,12.8636363636364,-4.19016237035005,7/2/2026 12:15:00 AM
JPM,14.4548882456471,13,-1.45488824564711,7/2/2026 12:30:00 AM
JPM,12.9492093968265,13,0.0507906031734784,7/2/2026 12:45:00 AM
JPM,10.8447219998601,12.1,1.25527800013988,7/2/2026 1:00:00 AM
JPM,10.6520703111564,12,1.34792968884364,7/2/2026 1:15:00 AM
JPM,11.0651908249218,12,0.93480917507822,7/2/2026 1:30:00 AM
JPM,10.6480827222026,12,1.35191727779737,7/2/2026 1:45:00 AM
JPM,12.4441343184097,12.0833333333333,-0.360800985076319,7/2/2026 2:00:00 AM
JPM,15.5796394047295,13.0397727272727,-2.53986667745678,7/2/2026 2:15:00 AM
JPM,16.6001823273118,12.5385101010101,-4.06167222630167,7/2/2026 2:30:00 AM
JPM,15.7435988727687,11.504132231405,-4.23946664136371,7/2/2026 2:45:00 AM
JPM,14.9580066398426,11.3465909090909,-3.61141573075171,7/2/2026 3:00:00 AM
JPM,14.935535409163,11.7954545454545,-3.14008086370841,7/2/2026 3:15:00 AM
JPM,14.9833499577142,12.6931818181818,-2.29016813953242,7/2/2026 3:30:00 AM
JPM,15.8590794041357,11.9659090909091,-3.89317031322663,7/2/2026 3:45:00 AM
JPM,16.9380374791385,11.6931818181818,-5.24485566095665,7/2/2026 4:00:00 AM
MRM,70.6686525407864,30.4429674099486,-40.2256851308378,7/26/2026 7:00:00 AM
JPM,22.8467056795887,14.6551724137931,-8.19153326579558,7/26/2026 7:15:00 AM
MRM,63.0136338457681,29.6622257053291,-33.351408140439,7/26/2026 7:15:00 AM
JPM,21.9949428166476,14.219512195122,-7.7754306215256,7/26/2026 7:30:00 AM
MRM,51.3322564572367,29.1424611973393,-22.1897952598975,7/26/2026 7:30:00 AM
JPM,22.3683731702634,14.7407407407407,-7.62763242952261,7/26/2026 7:45:00 AM
MRM,51.5851226438008,28.3863636363636,-23.1987590074372,7/26/2026 7:45:00 AM
JPM,19.4931489928847,15.0513468013468,-4.44180219153789,7/26/2026 6:00:00 AM
MRM,55.1136118772253,31.5776515151515,-23.5359603620738,7/26/2026 6:00:00 AM
JPM,21.7573705934035,15,-6.75737059340353,7/26/2026 6:15:00 AM
MRM,64.784929690504,32.2933758314856,-32.4915538590184,7/26/2026 6:15:00 AM
JPM,22.6027441546896,15,-7.6027441546896,7/26/2026 6:30:00 AM
MRM,68.5316424704782,31.8211462450593,-36.7104962254189,7/26/2026 6:30:00 AM
JPM,22.6217973107385,15,-7.62179731073853,7/26/2026 6:45:00 AM
MRM,68.5741494833854,31.4157754010695,-37.1583740823159,7/26/2026 6:45:00 AM
JPM,19.2885479261939,14.9622641509434,-4.32628377525054,7/26/2026 7:00:00 AM
MRM,70.6686525407864,30.4429674099486,-40.2256851308378,7/26/2026 7:00:00 AM
JPM,22.8467056795887,14.6551724137931,-8.19153326579558,7/26/2026 7:15:00 AM
MRM,63.0136338457681,29.6622257053291,-33.351408140439,7/26/2026 7:15:00 AM
JPM,21.9949428166476,14.219512195122,-7.7754306215256,7/26/2026 7:30:00 AM
MRM,51.3322564572367,29.1424611973393,-22.1897952598975,7/26/2026 7:30:00 AM
JPM,22.3683731702633,14.7407407407407,-7.62763242952261,7/26/2026 7:45:00 AM
MRM,51.5851226438008,28.3863636363636,-23.1987590074372,7/26/2026 7:45:00 AM
JPM,19.5507591534193,15,-4.55075915341928,7/26/2026 8:00:00 AM
MRM,52.1280880318426,28.3863636363636,-23.741724395479,7/26/2026 8:00:00 AM
JPM,14.3427167844727,15,0.657283215527327,7/26/2026 8:15:00 AM
MRM,52.8069012101374,29.1720779220779,-23.6348232880595,7/26/2026 8:15:00 AM
JPM,13.8215771942761,15,1.17842280572394,7/26/2026 8:30:00 AM
MRM,47.3737886498712,29.3863636363636,-17.9874250135076,7/26/2026 8:30:00 AM
JPM,16.2717638209179,15,-1.27176382091793,7/26/2026 8:45:00 AM
MRM,44.2849413751188,29.6427738927739,-14.6421674823449,7/26/2026 8:45:00 AM
JPM,19.4931489928847,15.0513468013468,-4.44180219153789,7/26/2026 6:00:00 AM
MRM,55.1136118772253,31.5776515151515,-23.5359603620738,7/26/2026 6:00:00 AM
JPM,21.7573705934035,15,-6.75737059340353,7/26/2026 6:15:00 AM
MRM,64.784929690504,32.2933758314856,-32.4915538590184,7/26/2026 6:15:00 AM
JPM,22.6027441546896,15,-7.6027441546896,7/26/2026 6:30:00 AM
MRM,68.5316424704782,31.8211462450593,-36.7104962254189,7/26/2026 6:30:00 AM
JPM,22.6217973107385,15,-7.62179731073853,7/26/2026 6:45:00 AM
MRM,68.5741494833854,31.4157754010695,-37.1583740823159,7/26/2026 6:45:00 AM
JPM,19.2885479261939,14.9622641509434,-4.32628377525054,7/26/2026 7:00:00 AM
MRM,70.6686525407864,30.4429674099486,-40.2256851308378,7/26/2026 7:00:00 AM
JPM,22.8467056795887,14.6551724137931,-8.19153326579558,7/26/2026 7:15:00 AM
MRM,63.0136338457681,29.6622257053291,-33.351408140439,7/26/2026 7:15:00 AM
JPM,21.9949428166476,14.219512195122,-7.7754306215256,7/26/2026 7:30:00 AM
MRM,51.3322564572367,29.1424611973393,-22.1897952598974,7/26/2026 7:30:00 AM
JPM,22.3683731702633,14.7407407407407,-7.62763242952261,7/26/2026 7:45:00 AM
MRM,51.5851226438008,28.3863636363636,-23.1987590074372,7/26/2026 7:45:00 AM
JPM,19.5507591534193,15,-4.55075915341928,7/26/2026 8:00:00 AM
MRM,52.1280880318426,28.3863636363636,-23.741724395479,7/26/2026 8:00:00 AM
JPM,14.3427167844727,15,0.657283215527324,7/26/2026 8:15:00 AM
MRM,52.8069012101374,29.1720779220779,-23.6348232880595,7/26/2026 8:15:00 AM
JPM,13.8215771942761,15,1.17842280572394,7/26/2026 8:30:00 AM
MRM,47.3737886498712,29.3863636363636,-17.9874250135076,7/26/2026 8:30:00 AM
JPM,16.6007514464853,15,-1.6007514464853,7/26/2026 8:45:00 AM
MRM,44.0395834099403,29.7419191919192,-14.2976642180211,7/26/2026 8:45:00 AM
JPM,18.5279040184256,15.2242288961039,-3.30367512232171,7/26/2026 9:00:00 AM
MRM,52.6085773164626,30.7700892857143,-21.8384880307484,7/26/2026 9:00:00 AM
JPM,17.6475788049351,14.6630434782609,-2.98453532667421,7/26/2026 9:15:00 AM
MRM,52.0748080158413,30.9925889328063,-21.082219083035,7/26/2026 9:15:00 AM
JPM,14.9452704171723,14.3465909090909,-0.598679508081364,7/26/2026 9:30:00 AM
MRM,51.943894475854,32.5239898989899,-19.4199045768641,7/26/2026 9:30:00 AM
JPM,14.9435250211511,14.4054144385027,-0.538110582648471,7/26/2026 9:45:00 AM
MRM,48.3470972158132,32.9030748663102,-15.444022349503,7/26/2026 9:45:00 AM
JPM,17.5484939634329,15.4422021943574,-2.10629176907556,7/26/2026 10:00:00 AM
MRM,41.0183040381089,32.0795454545455,-8.93875858356343,7/26/2026 10:00:00 AM
JPM,20.9785591324422,16.0397727272727,-4.93878640516942,7/26/2026 10:15:00 AM
MRM,35.5247481707545,32.0795454545455,-3.44520271620905,7/26/2026 10:15:00 AM
JPM,26.1632902169674,16.0397727272727,-10.1235174896947,7/26/2026 10:30:00 AM
MRM,34.1209073611673,30.8148395721925,-3.30606778897476,7/26/2026 10:30:00 AM
JPM,21.8895792399994,14.3774857954545,-7.51209344454487,7/26/2026 10:45:00 AM
MRM,44.4455003293812,31.0795454545455,-13.3659548748358,7/26/2026 10:45:00 AM
JPM,21.1306307945448,14,-7.13063079454479,7/26/2026 11:00:00 AM
MRM,38.433013692629,31.2045454545455,-7.22846823808354,7/26/2026 11:00:00 AM
JPM,21.9691910793192,14,-7.9691910793192,7/26/2026 11:15:00 AM
MRM,39.4316363345726,36.3353594080339,-3.09627692653871,7/26/2026 11:15:00 AM
JPM,22.091717281103,14.0722064393939,-8.0195108417091,7/26/2026 11:30:00 AM
MRM,38.4709830374021,37.6073232323233,-0.863659805078861,7/26/2026 11:30:00 AM
JPM,27.6624450518231,15.0397727272727,-12.6226723245503,7/26/2026 11:45:00 AM
MRM,39.253036060681,37.1212121212121,-2.1318239394689,7/26/2026 11:45:00 AM
JPM,19.4931489928847,15.0513468013468,-4.44180219153789,7/26/2026 6:00:00 AM
MRM,55.1136118772253,31.5776515151515,-23.5359603620738,7/26/2026 6:00:00 AM
JPM,21.7573705934035,15,-6.75737059340353,7/26/2026 6:15:00 AM
MRM,64.784929690504,32.2933758314856,-32.4915538590184,7/26/2026 6:15:00 AM
JPM,22.6027441546896,15,-7.6027441546896,7/26/2026 6:30:00 AM
MRM,68.5316424704782,31.8211462450593,-36.7104962254189,7/26/2026 6:30:00 AM
JPM,22.6217973107385,15,-7.62179731073853,7/26/2026 6:45:00 AM
MRM,68.5741494833854,31.4157754010695,-37.1583740823159,7/26/2026 6:45:00 AM
JPM,19.2885479261939,14.9622641509434,-4.32628377525053,7/26/2026 7:00:00 AM
MRM,70.6686525407864,30.4429674099486,-40.2256851308378,7/26/2026 7:00:00 AM
JPM,22.8467056795887,14.6551724137931,-8.19153326579559,7/26/2026 7:15:00 AM
MRM,63.0136338457682,29.6622257053291,-33.351408140439,7/26/2026 7:15:00 AM
JPM,21.9949428166476,14.219512195122,-7.7754306215256,7/26/2026 7:30:00 AM
MRM,51.3322564572367,29.1424611973393,-22.1897952598974,7/26/2026 7:30:00 AM
JPM,22.3683731702633,14.7407407407407,-7.62763242952261,7/26/2026 7:45:00 AM
MRM,51.5851226438008,28.3863636363636,-23.1987590074372,7/26/2026 7:45:00 AM
JPM,19.5507591534193,15,-4.55075915341928,7/26/2026 8:00:00 AM
MRM,52.1280880318427,28.3863636363636,-23.741724395479,7/26/2026 8:00:00 AM
JPM,14.3427167844727,15,0.657283215527325,7/26/2026 8:15:00 AM
MRM,52.8069012101374,29.1720779220779,-23.6348232880595,7/26/2026 8:15:00 AM
JPM,13.8215771942761,15,1.17842280572394,7/26/2026 8:30:00 AM
MRM,47.3737886498712,29.3863636363636,-17.9874250135076,7/26/2026 8:30:00 AM
JPM,16.6007514464853,15,-1.6007514464853,7/26/2026 8:45:00 AM
MRM,44.0395834099403,29.7419191919192,-14.2976642180211,7/26/2026 8:45:00 AM
JPM,18.5279040184256,15.2242288961039,-3.30367512232171,7/26/2026 9:00:00 AM
MRM,52.6085773164626,30.7700892857143,-21.8384880307484,7/26/2026 9:00:00 AM
JPM,17.6475788049351,14.6630434782609,-2.98453532667421,7/26/2026 9:15:00 AM
MRM,52.0748080158413,30.9925889328063,-21.082219083035,7/26/2026 9:15:00 AM
JPM,14.9452704171723,14.3465909090909,-0.598679508081364,7/26/2026 9:30:00 AM
MRM,51.943894475854,32.5239898989899,-19.4199045768641,7/26/2026 9:30:00 AM
JPM,14.9435250211511,14.4054144385027,-0.538110582648471,7/26/2026 9:45:00 AM
MRM,48.3470972158132,32.9030748663102,-15.444022349503,7/26/2026 9:45:00 AM
JPM,17.5484939634329,15.4422021943574,-2.10629176907556,7/26/2026 10:00:00 AM
MRM,41.0183040381089,32.0795454545455,-8.93875858356344,7/26/2026 10:00:00 AM
JPM,20.9785591324422,16.0397727272727,-4.93878640516942,7/26/2026 10:15:00 AM
MRM,35.5247481707545,32.0795454545455,-3.44520271620905,7/26/2026 10:15:00 AM
JPM,26.1632902169674,16.0397727272727,-10.1235174896947,7/26/2026 10:30:00 AM
MRM,34.1209073611673,30.8148395721925,-3.30606778897476,7/26/2026 10:30:00 AM
JPM,21.8895792399994,14.3774857954545,-7.51209344454487,7/26/2026 10:45:00 AM
MRM,44.4455003293812,31.0795454545455,-13.3659548748358,7/26/2026 10:45:00 AM
JPM,21.1306307945448,14,-7.13063079454479,7/26/2026 11:00:00 AM
MRM,38.433013692629,31.2045454545455,-7.22846823808354,7/26/2026 11:00:00 AM
JPM,21.9691910793192,14,-7.9691910793192,7/26/2026 11:15:00 AM
MRM,39.4316363345726,36.3353594080339,-3.09627692653871,7/26/2026 11:15:00 AM
JPM,22.091717281103,14.0722064393939,-8.0195108417091,7/26/2026 11:30:00 AM
MRM,38.4709830374021,37.6073232323233,-0.863659805078861,7/26/2026 11:30:00 AM
JPM,27.6294294654153,15.0397727272727,-12.5896567381426,7/26/2026 11:45:00 AM
MRM,39.1350733161534,37.1165824915825,-2.01849082457084,7/26/2026 11:45:00 AM
JPM,28.3767473026145,15.0397727272727,-13.3369745753417,7/26/2026 12:00:00 PM
MRM,34.3393215979709,36.3615967365968,2.02227513862589,7/26/2026 12:00:00 PM
JPM,30.5360334632712,14.9989973262032,-15.537036137068,7/26/2026 12:15:00 PM
MRM,42.5251895540326,35.0795454545455,-7.4456440994871,7/26/2026 12:15:00 PM
JPM,24.5762561809775,14.3305944055944,-10.2456617753831,7/26/2026 12:30:00 PM
MRM,34.4289419277019,35.0795454545455,0.650603526843533,7/26/2026 12:30:00 PM
JPM,17.3260982902463,14,-3.32609829024626,7/26/2026 12:45:00 PM
MRM,35.3197763881877,35.0795454545455,-0.240230933642223,7/26/2026 12:45:00 PM
JPM,17.0224942542957,14,-3.02249425429569,7/26/2026 1:00:00 PM
MRM,41.8787181113241,31.4941796008869,-10.3845385104372,7/26/2026 1:00:00 PM
JPM,19.4931489928847,15.0513468013468,-4.44180219153789,7/26/2026 6:00:00 AM
MRM,55.1136118772253,31.5776515151515,-23.5359603620738,7/26/2026 6:00:00 AM
JPM,21.7573705934035,15,-6.75737059340353,7/26/2026 6:15:00 AM
MRM,64.784929690504,32.2933758314856,-32.4915538590184,7/26/2026 6:15:00 AM
JPM,22.6027441546896,15,-7.6027441546896,7/26/2026 6:30:00 AM
MRM,68.5316424704782,31.8211462450593,-36.7104962254189,7/26/2026 6:30:00 AM
JPM,22.6217973107385,15,-7.62179731073853,7/26/2026 6:45:00 AM
MRM,68.5741494833854,31.4157754010695,-37.1583740823159,7/26/2026 6:45:00 AM
JPM,19.2885479261939,14.9622641509434,-4.32628377525054,7/26/2026 7:00:00 AM
MRM,70.6686525407864,30.4429674099486,-40.2256851308378,7/26/2026 7:00:00 AM
JPM,22.8467056795887,14.6551724137931,-8.19153326579559,7/26/2026 7:15:00 AM
MRM,63.0136338457682,29.6622257053291,-33.351408140439,7/26/2026 7:15:00 AM
JPM,21.9949428166476,14.219512195122,-7.7754306215256,7/26/2026 7:30:00 AM
MRM,51.3322564572367,29.1424611973393,-22.1897952598974,7/26/2026 7:30:00 AM
JPM,22.3683731702633,14.7407407407407,-7.62763242952261,7/26/2026 7:45:00 AM
MRM,51.5851226438008,28.3863636363636,-23.1987590074372,7/26/2026 7:45:00 AM
JPM,19.5507591534193,15,-4.55075915341928,7/26/2026 8:00:00 AM
MRM,52.1280880318427,28.3863636363636,-23.741724395479,7/26/2026 8:00:00 AM
JPM,14.3427167844727,15,0.657283215527325,7/26/2026 8:15:00 AM
MRM,52.8069012101374,29.1720779220779,-23.6348232880595,7/26/2026 8:15:00 AM
JPM,13.8215771942761,15,1.17842280572394,7/26/2026 8:30:00 AM
MRM,47.3737886498712,29.3863636363636,-17.9874250135076,7/26/2026 8:30:00 AM
JPM,16.6007514464853,15,-1.6007514464853,7/26/2026 8:45:00 AM
MRM,44.0395834099403,29.7419191919192,-14.2976642180211,7/26/2026 8:45:00 AM
JPM,18.5279040184256,15.2242288961039,-3.30367512232171,7/26/2026 9:00:00 AM
MRM,52.6085773164626,30.7700892857143,-21.8384880307484,7/26/2026 9:00:00 AM
JPM,17.6475788049351,14.6630434782609,-2.98453532667421,7/26/2026 9:15:00 AM
MRM,52.0748080158413,30.9925889328063,-21.082219083035,7/26/2026 9:15:00 AM
JPM,14.9452704171723,14.3465909090909,-0.598679508081364,7/26/2026 9:30:00 AM
MRM,51.943894475854,32.5239898989899,-19.4199045768641,7/26/2026 9:30:00 AM
JPM,14.9501713817637,14.3465909090909,-0.603580472672745,7/26/2026 9:45:00 AM
MRM,49.2596734723912,32.9545454545454,-16.3051280178457,7/26/2026 9:45:00 AM
JPM,19.4931489928847,15.0513468013468,-4.44180219153789,7/26/2026 6:00:00 AM
MRM,55.1136118772253,31.5776515151515,-23.5359603620738,7/26/2026 6:00:00 AM
JPM,21.7573705934035,15,-6.75737059340353,7/26/2026 6:15:00 AM
MRM,64.784929690504,32.2933758314856,-32.4915538590184,7/26/2026 6:15:00 AM
JPM,22.6027441546896,15,-7.6027441546896,7/26/2026 6:30:00 AM
MRM,68.5316424704782,31.8211462450593,-36.7104962254189,7/26/2026 6:30:00 AM
JPM,22.6217973107385,15,-7.62179731073853,7/26/2026 6:45:00 AM
MRM,68.5741494833854,31.4157754010695,-37.1583740823159,7/26/2026 6:45:00 AM
JPM,19.2885479261939,14.9622641509434,-4.32628377525053,7/26/2026 7:00:00 AM
MRM,70.6686525407864,30.4429674099486,-40.2256851308378,7/26/2026 7:00:00 AM
JPM,22.8467056795887,14.6551724137931,-8.19153326579558,7/26/2026 7:15:00 AM
MRM,63.0136338457682,29.6622257053291,-33.351408140439,7/26/2026 7:15:00 AM
JPM,21.9949428166476,14.219512195122,-7.7754306215256,7/26/2026 7:30:00 AM
MRM,51.3322564572367,29.1424611973393,-22.1897952598974,7/26/2026 7:30:00 AM
JPM,22.3683731702633,14.7407407407407,-7.62763242952261,7/26/2026 7:45:00 AM
MRM,51.5851226438008,28.3863636363636,-23.1987590074372,7/26/2026 7:45:00 AM
JPM,19.5507591534193,15,-4.55075915341928,7/26/2026 8:00:00 AM
MRM,52.1280880318427,28.3863636363636,-23.741724395479,7/26/2026 8:00:00 AM
JPM,14.3427167844727,15,0.657283215527325,7/26/2026 8:15:00 AM
MRM,52.8069012101374,29.1720779220779,-23.6348232880595,7/26/2026 8:15:00 AM
JPM,13.8215771942761,15,1.17842280572394,7/26/2026 8:30:00 AM
MRM,47.3737886498712,29.3863636363636,-17.9874250135076,7/26/2026 8:30:00 AM
JPM,16.6007514464853,15,-1.6007514464853,7/26/2026 8:45:00 AM
MRM,44.0395834099403,29.7419191919192,-14.2976642180211,7/26/2026 8:45:00 AM
JPM,18.5279040184256,15.2242288961039,-3.30367512232171,7/26/2026 9:00:00 AM
MRM,52.6085773164626,30.7700892857143,-21.8384880307483,7/26/2026 9:00:00 AM
JPM,17.6475788049351,14.6630434782609,-2.98453532667421,7/26/2026 9:15:00 AM
MRM,52.0748080158413,30.9925889328063,-21.082219083035,7/26/2026 9:15:00 AM
JPM,14.9452704171723,14.3465909090909,-0.598679508081368,7/26/2026 9:30:00 AM
MRM,51.943894475854,32.5239898989899,-19.4199045768641,7/26/2026 9:30:00 AM
JPM,14.9435250211511,14.4054144385027,-0.538110582648471,7/26/2026 9:45:00 AM
MRM,48.3470972158132,32.9030748663102,-15.444022349503,7/26/2026 9:45:00 AM
JPM,17.5484939634329,15.4422021943574,-2.10629176907556,7/26/2026 10:00:00 AM
MRM,41.0183040381089,32.0795454545455,-8.93875858356344,7/26/2026 10:00:00 AM
JPM,20.9785591324422,16.0397727272727,-4.93878640516942,7/26/2026 10:15:00 AM
MRM,35.5247481707545,32.0795454545455,-3.44520271620905,7/26/2026 10:15:00 AM
JPM,26.1632902169674,16.0397727272727,-10.1235174896947,7/26/2026 10:30:00 AM
MRM,34.1209073611673,30.8148395721925,-3.30606778897476,7/26/2026 10:30:00 AM
JPM,21.9141566365003,14.3896627565982,-7.52449387990201,7/26/2026 10:45:00 AM
MRM,44.7110264826362,31.0795454545455,-13.6314810280908,7/26/2026 10:45:00 AM
JPM,19.4931489928847,15.0513468013468,-4.44180219153789,7/26/2026 6:00:00 AM
MRM,55.1136118772253,31.5776515151515,-23.5359603620738,7/26/2026 6:00:00 AM
JPM,21.7573705934035,15,-6.75737059340353,7/26/2026 6:15:00 AM
MRM,64.784929690504,32.2933758314856,-32.4915538590184,7/26/2026 6:15:00 AM
JPM,22.6027441546896,15,-7.6027441546896,7/26/2026 6:30:00 AM
MRM,68.5316424704782,31.8211462450593,-36.710496225419,7/26/2026 6:30:00 AM
JPM,22.6217973107385,15,-7.62179731073852,7/26/2026 6:45:00 AM
MRM,68.5741494833854,31.4157754010695,-37.1583740823159,7/26/2026 6:45:00 AM
JPM,19.2885479261939,14.9622641509434,-4.32628377525053,7/26/2026 7:00:00 AM
MRM,70.6686525407864,30.4429674099486,-40.2256851308378,7/26/2026 7:00:00 AM
JPM,22.8467056795887,14.6551724137931,-8.19153326579558,7/26/2026 7:15:00 AM
MRM,63.0136338457681,29.6622257053291,-33.351408140439,7/26/2026 7:15:00 AM
JPM,21.9949428166476,14.219512195122,-7.7754306215256,7/26/2026 7:30:00 AM
MRM,51.3322564572367,29.1424611973393,-22.1897952598974,7/26/2026 7:30:00 AM
JPM,22.3683731702633,14.7407407407407,-7.62763242952261,7/26/2026 7:45:00 AM
MRM,51.5851226438008,28.3863636363636,-23.1987590074372,7/26/2026 7:45:00 AM
JPM,19.5507591534193,15,-4.55075915341928,7/26/2026 8:00:00 AM
MRM,52.1280880318426,28.3863636363636,-23.741724395479,7/26/2026 8:00:00 AM
JPM,14.3427167844727,15,0.657283215527324,7/26/2026 8:15:00 AM
MRM,52.8069012101374,29.1720779220779,-23.6348232880595,7/26/2026 8:15:00 AM
JPM,13.8215771942761,15,1.17842280572394,7/26/2026 8:30:00 AM
MRM,47.3737886498712,29.3863636363636,-17.9874250135076,7/26/2026 8:30:00 AM
JPM,16.6007514464853,15,-1.6007514464853,7/26/2026 8:45:00 AM
MRM,44.0395834099403,29.7419191919192,-14.2976642180211,7/26/2026 8:45:00 AM
JPM,18.5279040184256,15.2242288961039,-3.30367512232171,7/26/2026 9:00:00 AM
MRM,52.6085773164626,30.7700892857143,-21.8384880307484,7/26/2026 9:00:00 AM
JPM,17.6475788049351,14.6630434782609,-2.98453532667421,7/26/2026 9:15:00 AM
MRM,52.0748080158413,30.9925889328063,-21.082219083035,7/26/2026 9:15:00 AM
JPM,14.9452704171723,14.3465909090909,-0.598679508081364,7/26/2026 9:30:00 AM
MRM,51.943894475854,32.5239898989899,-19.4199045768641,7/26/2026 9:30:00 AM
JPM,14.9435250211511,14.4054144385027,-0.538110582648473,7/26/2026 9:45:00 AM
MRM,48.3470972158132,32.9030748663102,-15.444022349503,7/26/2026 9:45:00 AM
JPM,17.5484939634329,15.4422021943574,-2.10629176907556,7/26/2026 10:00:00 AM
MRM,41.0183040381089,32.0795454545455,-8.93875858356343,7/26/2026 10:00:00 AM
JPM,20.9785591324422,16.0397727272727,-4.93878640516942,7/26/2026 10:15:00 AM
MRM,35.5247481707545,32.0795454545455,-3.44520271620907,7/26/2026 10:15:00 AM
JPM,26.1632902169674,16.0397727272727,-10.1235174896947,7/26/2026 10:30:00 AM
MRM,34.1209073611673,30.8148395721925,-3.30606778897476,7/26/2026 10:30:00 AM
JPM,21.8895792399994,14.3774857954545,-7.51209344454487,7/26/2026 10:45:00 AM
MRM,44.4455003293812,31.0795454545455,-13.3659548748358,7/26/2026 10:45:00 AM
JPM,21.1306307945448,14,-7.13063079454478,7/26/2026 11:00:00 AM
MRM,38.433013692629,31.2045454545455,-7.22846823808354,7/26/2026 11:00:00 AM
JPM,21.9691910793192,14,-7.9691910793192,7/26/2026 11:15:00 AM
MRM,39.4316363345726,36.3353594080339,-3.09627692653871,7/26/2026 11:15:00 AM
JPM,22.091717281103,14.0722064393939,-8.0195108417091,7/26/2026 11:30:00 AM
MRM,38.4709830374021,37.6073232323233,-0.863659805078875,7/26/2026 11:30:00 AM
JPM,27.6294294654153,15.0397727272727,-12.5896567381426,7/26/2026 11:45:00 AM
MRM,39.1350733161534,37.1165824915825,-2.01849082457084,7/26/2026 11:45:00 AM
JPM,28.3767473026145,15.0397727272727,-13.3369745753417,7/26/2026 12:00:00 PM
MRM,34.3393215979709,36.3615967365968,2.02227513862591,7/26/2026 12:00:00 PM
JPM,30.5360334632712,14.9989973262032,-15.537036137068,7/26/2026 12:15:00 PM
MRM,42.5251895540326,35.0795454545455,-7.4456440994871,7/26/2026 12:15:00 PM
JPM,24.5762561809775,14.3305944055944,-10.2456617753831,7/26/2026 12:30:00 PM
MRM,34.4289419277019,35.0795454545455,0.650603526843533,7/26/2026 12:30:00 PM
JPM,17.4541854425762,14,-3.45418544257624,7/26/2026 12:45:00 PM
MRM,35.3455335640539,35.0795454545455,-0.265988109508449,7/26/2026 12:45:00 PM
JPM,18.5112250766567,14,-4.51122507665666,7/26/2026 1:15:00 PM
MRM,40.2802556414487,30.9886363636364,-9.29161927781228,7/26/2026 1:15:00 PM
JPM,20.3943352904829,14.7215909090909,-5.67274438139198,7/26/2026 1:30:00 PM
MRM,37.0173924673199,30.0795454545455,-6.93784701277438,7/26/2026 1:30:00 PM
JPM,15.811498299055,14.0397727272727,-1.77172557178222,7/26/2026 1:45:00 PM
MRM,37.914800020105,30.0545454545455,-7.86025456555957,7/26/2026 1:45:00 PM
JPM,19.4931489928847,15.0513468013468,-4.44180219153789,7/26/2026 6:00:00 AM
MRM,55.1136118772253,31.5776515151515,-23.5359603620738,7/26/2026 6:00:00 AM
JPM,21.7573705934035,15,-6.75737059340352,7/26/2026 6:15:00 AM
MRM,64.784929690504,32.2933758314856,-32.4915538590184,7/26/2026 6:15:00 AM
JPM,22.6027441546896,15,-7.6027441546896,7/26/2026 6:30:00 AM
MRM,68.5316424704782,31.8211462450593,-36.7104962254189,7/26/2026 6:30:00 AM
JPM,22.6217973107385,15,-7.62179731073853,7/26/2026 6:45:00 AM
MRM,68.5741494833854,31.4157754010695,-37.1583740823159,7/26/2026 6:45:00 AM
JPM,19.2885479261939,14.9622641509434,-4.32628377525054,7/26/2026 7:00:00 AM
MRM,70.6686525407864,30.4429674099486,-40.2256851308378,7/26/2026 7:00:00 AM
JPM,22.8467056795887,14.6551724137931,-8.19153326579558,7/26/2026 7:15:00 AM
MRM,63.0136338457681,29.6622257053291,-33.351408140439,7/26/2026 7:15:00 AM
JPM,21.9949428166476,14.219512195122,-7.7754306215256,7/26/2026 7:30:00 AM
MRM,51.3322564572367,29.1424611973393,-22.1897952598975,7/26/2026 7:30:00 AM
JPM,22.3683731702634,14.7407407407407,-7.62763242952261,7/26/2026 7:45:00 AM
MRM,51.5851226438008,28.3863636363636,-23.1987590074372,7/26/2026 7:45:00 AM
JPM,19.5507591534193,15,-4.55075915341928,7/26/2026 8:00:00 AM
MRM,52.1280880318427,28.3863636363636,-23.741724395479,7/26/2026 8:00:00 AM
JPM,14.3427167844727,15,0.657283215527325,7/26/2026 8:15:00 AM
MRM,52.8069012101374,29.1720779220779,-23.6348232880595,7/26/2026 8:15:00 AM
JPM,13.8215771942761,15,1.17842280572394,7/26/2026 8:30:00 AM
MRM,47.3737886498712,29.3863636363636,-17.9874250135076,7/26/2026 8:30:00 AM
JPM,16.6007514464853,15,-1.6007514464853,7/26/2026 8:45:00 AM
MRM,44.0395834099403,29.7419191919192,-14.2976642180211,7/26/2026 8:45:00 AM
JPM,18.5279040184256,15.2242288961039,-3.30367512232171,7/26/2026 9:00:00 AM
MRM,52.6085773164626,30.7700892857143,-21.8384880307484,7/26/2026 9:00:00 AM
JPM,17.6475788049351,14.6630434782609,-2.98453532667421,7/26/2026 9:15:00 AM
MRM,52.0748080158413,30.9925889328063,-21.082219083035,7/26/2026 9:15:00 AM
JPM,14.9452704171723,14.3465909090909,-0.598679508081368,7/26/2026 9:30:00 AM
MRM,51.943894475854,32.5239898989899,-19.4199045768641,7/26/2026 9:30:00 AM
JPM,14.9435250211511,14.4054144385027,-0.538110582648471,7/26/2026 9:45:00 AM
MRM,48.3470972158132,32.9030748663102,-15.444022349503,7/26/2026 9:45:00 AM
JPM,17.5484939634329,15.4422021943574,-2.10629176907556,7/26/2026 10:00:00 AM
MRM,41.0183040381089,32.0795454545455,-8.93875858356344,7/26/2026 10:00:00 AM
JPM,20.9785591324422,16.0397727272727,-4.93878640516942,7/26/2026 10:15:00 AM
MRM,35.5247481707545,32.0795454545455,-3.44520271620907,7/26/2026 10:15:00 AM
JPM,26.1632902169674,16.0397727272727,-10.1235174896947,7/26/2026 10:30:00 AM
MRM,34.1209073611673,30.8148395721925,-3.30606778897476,7/26/2026 10:30:00 AM
JPM,21.8895792399994,14.3774857954545,-7.51209344454487,7/26/2026 10:45:00 AM
MRM,44.4455003293812,31.0795454545455,-13.3659548748358,7/26/2026 10:45:00 AM
JPM,21.1306307945448,14,-7.13063079454479,7/26/2026 11:00:00 AM
MRM,38.433013692629,31.2045454545455,-7.22846823808354,7/26/2026 11:00:00 AM
JPM,21.9691910793192,14,-7.9691910793192,7/26/2026 11:15:00 AM
MRM,39.4316363345726,36.3353594080339,-3.09627692653871,7/26/2026 11:15:00 AM
JPM,22.091717281103,14.0722064393939,-8.0195108417091,7/26/2026 11:30:00 AM
MRM,38.4709830374021,37.6073232323233,-0.863659805078861,7/26/2026 11:30:00 AM
JPM,27.6294294654153,15.0397727272727,-12.5896567381426,7/26/2026 11:45:00 AM
MRM,39.1350733161534,37.1165824915825,-2.01849082457084,7/26/2026 11:45:00 AM
JPM,28.3767473026145,15.0397727272727,-13.3369745753417,7/26/2026 12:00:00 PM
MRM,34.3393215979709,36.3615967365968,2.02227513862589,7/26/2026 12:00:00 PM
JPM,30.5360334632712,14.9989973262032,-15.537036137068,7/26/2026 12:15:00 PM
MRM,42.5251895540326,35.0795454545455,-7.4456440994871,7/26/2026 12:15:00 PM
JPM,24.5762561809775,14.3305944055944,-10.2456617753831,7/26/2026 12:30:00 PM
MRM,34.4289419277019,35.0795454545455,0.650603526843533,7/26/2026 12:30:00 PM
JPM,17.3260982902463,14,-3.32609829024626,7/26/2026 12:45:00 PM
MRM,35.3197763881877,35.0795454545455,-0.240230933642223,7/26/2026 12:45:00 PM
JPM,17.0224942542957,14,-3.02249425429569,7/26/2026 1:00:00 PM
MRM,41.8787181113241,31.4941796008869,-10.3845385104372,7/26/2026 1:00:00 PM
JPM,18.5112250766567,14,-4.51122507665666,7/26/2026 1:15:00 PM
MRM,40.2802556414487,30.9886363636364,-9.29161927781228,7/26/2026 1:15:00 PM
JPM,20.3943352904829,14.7215909090909,-5.67274438139198,7/26/2026 1:30:00 PM
MRM,37.0173924673199,30.0795454545455,-6.93784701277438,7/26/2026 1:30:00 PM
JPM,15.7121337815911,14.0397727272727,-1.67236105431839,7/26/2026 1:45:00 PM
MRM,37.140152193354,30.0578063241107,-7.08234586924328,7/26/2026 1:45:00 PM
JPM,15.5755119863559,14.0397727272727,-1.53573925908313,7/26/2026 2:00:00 PM
MRM,34.3541084885864,31.1771064301552,-3.17700205843117,7/26/2026 2:00:00 PM
JPM,22.8023020589529,14.0397727272727,-8.76252933168015,7/26/2026 2:15:00 PM
MRM,41.3582463358721,31.055155210643,-10.303091125229,7/26/2026 2:15:00 PM
JPM,26.7302233973451,14.0397727272727,-12.6904506700724,7/26/2026 2:30:00 PM
MRM,34.0880242261422,31.0795454545455,-3.00847877159673,7/26/2026 2:30:00 PM
JPM,22.8719747390368,13.6931818181818,-9.17879292085498,7/26/2026 2:45:00 PM
MRM,30.1600945325171,35.8995454545455,5.73945092202839,7/26/2026 2:45:00 PM
JPM,19.4931489928847,15.0513468013468,-4.44180219153789,7/26/2026 6:00:00 AM
MRM,55.1136118772253,31.5776515151515,-23.5359603620738,7/26/2026 6:00:00 AM
JPM,21.7573705934035,15,-6.75737059340353,7/26/2026 6:15:00 AM
MRM,64.784929690504,32.2933758314856,-32.4915538590184,7/26/2026 6:15:00 AM
JPM,22.6027441546896,15,-7.6027441546896,7/26/2026 6:30:00 AM
MRM,68.5316424704782,31.8211462450593,-36.7104962254189,7/26/2026 6:30:00 AM
JPM,22.6217973107385,15,-7.62179731073853,7/26/2026 6:45:00 AM
MRM,68.5741494833854,31.4157754010695,-37.1583740823159,7/26/2026 6:45:00 AM
JPM,19.2885479261939,14.9622641509434,-4.32628377525054,7/26/2026 7:00:00 AM
MRM,70.6686525407864,30.4429674099486,-40.2256851308378,7/26/2026 7:00:00 AM
JPM,22.8467056795887,14.6551724137931,-8.19153326579558,7/26/2026 7:15:00 AM
MRM,63.0136338457681,29.6622257053291,-33.351408140439,7/26/2026 7:15:00 AM
JPM,21.9949428166476,14.219512195122,-7.7754306215256,7/26/2026 7:30:00 AM
MRM,51.3322564572367,29.1424611973393,-22.1897952598975,7/26/2026 7:30:00 AM
JPM,22.3683731702633,14.7407407407407,-7.62763242952261,7/26/2026 7:45:00 AM
MRM,51.5851226438008,28.3863636363636,-23.1987590074372,7/26/2026 7:45:00 AM
JPM,19.5507591534193,15,-4.55075915341928,7/26/2026 8:00:00 AM
MRM,52.1280880318426,28.3863636363636,-23.741724395479,7/26/2026 8:00:00 AM
JPM,14.3427167844727,15,0.657283215527325,7/26/2026 8:15:00 AM
MRM,52.8069012101374,29.1720779220779,-23.6348232880595,7/26/2026 8:15:00 AM
JPM,13.8215771942761,15,1.17842280572394,7/26/2026 8:30:00 AM
MRM,47.3737886498712,29.3863636363636,-17.9874250135076,7/26/2026 8:30:00 AM
JPM,16.6007514464853,15,-1.6007514464853,7/26/2026 8:45:00 AM
MRM,44.0395834099403,29.7419191919192,-14.2976642180211,7/26/2026 8:45:00 AM
JPM,18.5279040184256,15.2242288961039,-3.30367512232171,7/26/2026 9:00:00 AM
MRM,52.6085773164626,30.7700892857143,-21.8384880307484,7/26/2026 9:00:00 AM
JPM,17.6475788049351,14.6630434782609,-2.98453532667421,7/26/2026 9:15:00 AM
MRM,52.0748080158413,30.9925889328063,-21.082219083035,7/26/2026 9:15:00 AM
JPM,14.9452704171723,14.3465909090909,-0.598679508081364,7/26/2026 9:30:00 AM
MRM,51.943894475854,32.5239898989899,-19.4199045768641,7/26/2026 9:30:00 AM
JPM,14.9435250211511,14.4054144385027,-0.538110582648473,7/26/2026 9:45:00 AM
MRM,48.3470972158132,32.9030748663102,-15.444022349503,7/26/2026 9:45:00 AM
JPM,17.5484939634329,15.4422021943574,-2.10629176907556,7/26/2026 10:00:00 AM
MRM,41.0183040381089,32.0795454545455,-8.93875858356344,7/26/2026 10:00:00 AM
JPM,20.9785591324422,16.0397727272727,-4.93878640516942,7/26/2026 10:15:00 AM
MRM,35.5247481707545,32.0795454545455,-3.44520271620907,7/26/2026 10:15:00 AM
JPM,26.1632902169674,16.0397727272727,-10.1235174896947,7/26/2026 10:30:00 AM
MRM,34.1209073611673,30.8148395721925,-3.30606778897476,7/26/2026 10:30:00 AM
JPM,21.8895792399994,14.3774857954545,-7.51209344454487,7/26/2026 10:45:00 AM
MRM,44.4455003293812,31.0795454545455,-13.3659548748358,7/26/2026 10:45:00 AM
JPM,21.1306307945448,14,-7.13063079454478,7/26/2026 11:00:00 AM
MRM,38.433013692629,31.2045454545455,-7.22846823808354,7/26/2026 11:00:00 AM
JPM,21.9691910793192,14,-7.9691910793192,7/26/2026 11:15:00 AM
MRM,39.4316363345726,36.3353594080339,-3.09627692653871,7/26/2026 11:15:00 AM
JPM,22.091717281103,14.0722064393939,-8.0195108417091,7/26/2026 11:30:00 AM
MRM,38.4709830374021,37.6073232323233,-0.863659805078875,7/26/2026 11:30:00 AM
JPM,27.6294294654153,15.0397727272727,-12.5896567381426,7/26/2026 11:45:00 AM
MRM,39.1350733161534,37.1165824915825,-2.01849082457084,7/26/2026 11:45:00 AM
JPM,28.3767473026145,15.0397727272727,-13.3369745753417,7/26/2026 12:00:00 PM
MRM,34.3393215979709,36.3615967365968,2.02227513862591,7/26/2026 12:00:00 PM
JPM,30.5360334632712,14.9989973262032,-15.537036137068,7/26/2026 12:15:00 PM
MRM,42.5251895540326,35.0795454545455,-7.4456440994871,7/26/2026 12:15:00 PM
JPM,24.5762561809775,14.3305944055944,-10.2456617753831,7/26/2026 12:30:00 PM
MRM,34.4289419277019,35.0795454545455,0.650603526843533,7/26/2026 12:30:00 PM
JPM,17.3260982902463,14,-3.32609829024626,7/26/2026 12:45:00 PM
MRM,35.3197763881877,35.0795454545455,-0.240230933642223,7/26/2026 12:45:00 PM
JPM,17.0224942542957,14,-3.02249425429569,7/26/2026 1:00:00 PM
MRM,41.8787181113241,31.4941796008869,-10.3845385104372,7/26/2026 1:00:00 PM
JPM,18.5112250766567,14,-4.51122507665666,7/26/2026 1:15:00 PM
MRM,40.2802556414487,30.9886363636364,-9.29161927781228,7/26/2026 1:15:00 PM
JPM,20.3943352904829,14.7215909090909,-5.67274438139198,7/26/2026 1:30:00 PM
MRM,37.0173924673199,30.0795454545455,-6.93784701277439,7/26/2026 1:30:00 PM
JPM,15.7121337815911,14.0397727272727,-1.6723610543184,7/26/2026 1:45:00 PM
MRM,37.140152193354,30.0578063241107,-7.08234586924327,7/26/2026 1:45:00 PM
JPM,15.5755119863559,14.0397727272727,-1.53573925908313,7/26/2026 2:00:00 PM
MRM,34.3541084885864,31.1771064301552,-3.17700205843117,7/26/2026 2:00:00 PM
JPM,22.8023020589529,14.0397727272727,-8.76252933168015,7/26/2026 2:15:00 PM
MRM,41.3582463358721,31.055155210643,-10.303091125229,7/26/2026 2:15:00 PM
JPM,26.7302233973451,14.0397727272727,-12.6904506700724,7/26/2026 2:30:00 PM
MRM,34.0880242261422,31.0795454545455,-3.00847877159673,7/26/2026 2:30:00 PM
JPM,22.3626579036407,13.641835016835,-8.72082288680564,7/26/2026 2:45:00 PM
MRM,30.2740370433659,35.9869528619529,5.71291581858698,7/26/2026 2:45:00 PM
JPM,16.7783029380562,13,-3.77830293805623,7/26/2026 3:00:00 PM
MRM,22.4787827881802,35.0360671936759,12.5572844054957,7/26/2026 3:00:00 PM
JPM,17.1363393220975,13,-4.13633932209746,7/26/2026 3:15:00 PM
MRM,36.9305331010689,36.5195454545455,-0.410987646523445,7/26/2026 3:15:00 PM
JPM,16.559351054089,13,-3.559351054089,7/26/2026 3:30:00 PM
MRM,29.4514803008159,31.5517676767677,2.10028737595175,7/26/2026 3:30:00 PM
JPM,16.5717816551361,13,-3.57178165513606,7/26/2026 3:45:00 PM
MRM,40.7966653886501,34.1876535626536,-6.60901182599652,7/26/2026 3:45:00 PM
JPM,19.4931489928847,15.0513468013468,-4.44180219153789,7/26/2026 6:00:00 AM
MRM,55.1136118772253,31.5776515151515,-23.5359603620738,7/26/2026 6:00:00 AM
JPM,21.7573705934035,15,-6.75737059340353,7/26/2026 6:15:00 AM
MRM,64.784929690504,32.2933758314856,-32.4915538590184,7/26/2026 6:15:00 AM
JPM,22.6027441546896,15,-7.6027441546896,7/26/2026 6:30:00 AM
MRM,68.5316424704782,31.8211462450593,-36.7104962254189,7/26/2026 6:30:00 AM
JPM,22.6217973107385,15,-7.62179731073852,7/26/2026 6:45:00 AM
MRM,68.5741494833854,31.4157754010695,-37.1583740823159,7/26/2026 6:45:00 AM
JPM,19.2885479261939,14.9622641509434,-4.32628377525053,7/26/2026 7:00:00 AM
MRM,70.6686525407864,30.4429674099486,-40.2256851308378,7/26/2026 7:00:00 AM
JPM,22.8467056795887,14.6551724137931,-8.19153326579558,7/26/2026 7:15:00 AM
MRM,63.0136338457682,29.6622257053291,-33.351408140439,7/26/2026 7:15:00 AM
JPM,21.9949428166476,14.219512195122,-7.77543062152561,7/26/2026 7:30:00 AM
MRM,51.3322564572367,29.1424611973393,-22.1897952598975,7/26/2026 7:30:00 AM
JPM,22.3683731702634,14.7407407407407,-7.62763242952261,7/26/2026 7:45:00 AM
MRM,51.5851226438008,28.3863636363636,-23.1987590074372,7/26/2026 7:45:00 AM
JPM,19.5507591534193,15,-4.55075915341928,7/26/2026 8:00:00 AM
MRM,52.1280880318426,28.3863636363636,-23.741724395479,7/26/2026 8:00:00 AM
JPM,14.3427167844727,15,0.657283215527324,7/26/2026 8:15:00 AM
MRM,52.8069012101374,29.1720779220779,-23.6348232880595,7/26/2026 8:15:00 AM
JPM,13.8215771942761,15,1.17842280572394,7/26/2026 8:30:00 AM
MRM,47.3737886498712,29.3863636363636,-17.9874250135076,7/26/2026 8:30:00 AM
JPM,16.6007514464853,15,-1.6007514464853,7/26/2026 8:45:00 AM
MRM,44.0395834099403,29.7419191919192,-14.2976642180211,7/26/2026 8:45:00 AM
JPM,18.5279040184256,15.2242288961039,-3.30367512232171,7/26/2026 9:00:00 AM
MRM,52.6085773164626,30.7700892857143,-21.8384880307484,7/26/2026 9:00:00 AM
JPM,17.6475788049351,14.6630434782609,-2.98453532667421,7/26/2026 9:15:00 AM
MRM,52.0748080158413,30.9925889328063,-21.082219083035,7/26/2026 9:15:00 AM
JPM,14.9452704171723,14.3465909090909,-0.598679508081364,7/26/2026 9:30:00 AM
MRM,51.943894475854,32.5239898989899,-19.4199045768641,7/26/2026 9:30:00 AM
JPM,14.9435250211511,14.4054144385027,-0.538110582648471,7/26/2026 9:45:00 AM
MRM,48.3470972158132,32.9030748663102,-15.444022349503,7/26/2026 9:45:00 AM
JPM,17.5484939634329,15.4422021943574,-2.10629176907556,7/26/2026 10:00:00 AM
MRM,41.0183040381089,32.0795454545455,-8.93875858356344,7/26/2026 10:00:00 AM
JPM,20.9785591324422,16.0397727272727,-4.93878640516942,7/26/2026 10:15:00 AM
MRM,35.5247481707545,32.0795454545455,-3.44520271620907,7/26/2026 10:15:00 AM
JPM,26.1632902169674,16.0397727272727,-10.1235174896947,7/26/2026 10:30:00 AM
MRM,34.1209073611673,30.8148395721925,-3.30606778897476,7/26/2026 10:30:00 AM
JPM,21.8895792399994,14.3774857954545,-7.51209344454487,7/26/2026 10:45:00 AM
MRM,44.4455003293812,31.0795454545455,-13.3659548748358,7/26/2026 10:45:00 AM
JPM,21.1306307945448,14,-7.13063079454479,7/26/2026 11:00:00 AM
MRM,38.433013692629,31.2045454545455,-7.22846823808354,7/26/2026 11:00:00 AM
JPM,21.9691910793192,14,-7.9691910793192,7/26/2026 11:15:00 AM
MRM,39.4316363345726,36.3353594080339,-3.09627692653871,7/26/2026 11:15:00 AM
JPM,22.091717281103,14.0722064393939,-8.0195108417091,7/26/2026 11:30:00 AM
MRM,38.4709830374021,37.6073232323233,-0.863659805078875,7/26/2026 11:30:00 AM
JPM,27.6294294654153,15.0397727272727,-12.5896567381426,7/26/2026 11:45:00 AM
MRM,39.1350733161534,37.1165824915825,-2.01849082457084,7/26/2026 11:45:00 AM
JPM,28.3767473026145,15.0397727272727,-13.3369745753417,7/26/2026 12:00:00 PM
MRM,34.3393215979709,36.3615967365968,2.02227513862591,7/26/2026 12:00:00 PM
JPM,30.5360334632712,14.9989973262032,-15.537036137068,7/26/2026 12:15:00 PM
MRM,42.5251895540326,35.0795454545455,-7.4456440994871,7/26/2026 12:15:00 PM
JPM,24.5762561809775,14.3305944055944,-10.2456617753831,7/26/2026 12:30:00 PM
MRM,34.4289419277019,35.0795454545455,0.650603526843533,7/26/2026 12:30:00 PM
JPM,17.3260982902463,14,-3.32609829024625,7/26/2026 12:45:00 PM
MRM,35.3197763881877,35.0795454545455,-0.240230933642216,7/26/2026 12:45:00 PM
JPM,17.0224942542957,14,-3.02249425429569,7/26/2026 1:00:00 PM
MRM,41.8787181113241,31.4941796008869,-10.3845385104372,7/26/2026 1:00:00 PM
JPM,18.5112250766567,14,-4.51122507665666,7/26/2026 1:15:00 PM
MRM,40.2802556414487,30.9886363636364,-9.29161927781228,7/26/2026 1:15:00 PM
JPM,20.3943352904829,14.7215909090909,-5.67274438139198,7/26/2026 1:30:00 PM
MRM,37.0173924673199,30.0795454545455,-6.93784701277439,7/26/2026 1:30:00 PM
JPM,15.7121337815911,14.0397727272727,-1.67236105431839,7/26/2026 1:45:00 PM
MRM,37.140152193354,30.0578063241107,-7.08234586924328,7/26/2026 1:45:00 PM
JPM,15.5755119863559,14.0397727272727,-1.53573925908313,7/26/2026 2:00:00 PM
MRM,34.3541084885864,31.1771064301552,-3.17700205843117,7/26/2026 2:00:00 PM
JPM,22.8023020589529,14.0397727272727,-8.76252933168015,7/26/2026 2:15:00 PM
MRM,41.3582463358721,31.055155210643,-10.303091125229,7/26/2026 2:15:00 PM
JPM,26.7302233973451,14.0397727272727,-12.6904506700724,7/26/2026 2:30:00 PM
MRM,34.0880242261422,31.0795454545455,-3.00847877159673,7/26/2026 2:30:00 PM
JPM,22.3626579036407,13.641835016835,-8.72082288680564,7/26/2026 2:45:00 PM
MRM,30.2740370433659,35.9869528619529,5.71291581858697,7/26/2026 2:45:00 PM
JPM,16.7783029380562,13,-3.77830293805623,7/26/2026 3:00:00 PM
MRM,22.4787827881802,35.0360671936759,12.5572844054957,7/26/2026 3:00:00 PM
JPM,17.1363393220975,13,-4.13633932209746,7/26/2026 3:15:00 PM
MRM,36.9305331010689,36.5195454545455,-0.410987646523445,7/26/2026 3:15:00 PM
JPM,16.559351054089,13,-3.559351054089,7/26/2026 3:30:00 PM
MRM,29.4514803008159,31.5517676767677,2.10028737595175,7/26/2026 3:30:00 PM
JPM,16.5717816551361,13,-3.57178165513606,7/26/2026 3:45:00 PM
MRM,40.7966653886501,34.1876535626536,-6.60901182599652,7/26/2026 3:45:00 PM
JPM,17.2728643678232,13.8709677419355,-3.40189662588775,7/26/2026 4:00:00 PM
MRM,44.3187372118245,37.2829912023461,-7.03574600947847,7/26/2026 4:00:00 PM
JPM,17.5810610562516,14,-3.58106105625155,7/26/2026 4:15:00 PM
MRM,40.9249800134789,34.2129545454545,-6.71202546802438,7/26/2026 4:15:00 PM
JPM,16.9520026027851,14,-2.95200260278507,7/26/2026 4:30:00 PM
MRM,36.8977944009261,35.0487440191388,-1.84905038178731,7/26/2026 4:30:00 PM
JPM,16.7713939203923,14,-2.77139392039227,7/26/2026 4:45:00 PM
MRM,35.9117544254693,32.7329545454545,-3.17879988001474,7/26/2026 4:45:00 PM
JPM,16.7388089760087,14,-2.73880897600867,7/26/2026 5:00:00 PM
MRM,35.448968395891,32.4178719008264,-3.03109649506455,7/26/2026 5:00:00 PM
JPM,16.9886052670671,14,-2.98860526706711,7/26/2026 5:15:00 PM
MRM,38.2855734231498,31.4043560606061,-6.8812173625437,7/26/2026 5:15:00 PM
JPM,15.3180452590277,13.3366477272727,-1.98139753175499,7/26/2026 5:30:00 PM
MRM,39.2512254958951,31.3465909090909,-7.90463458680416,7/26/2026 5:30:00 PM
JPM,12.9901180099257,14,1.00988199007427,7/26/2026 5:45:00 PM
MRM,32.7832551915648,31.3465909090909,-1.43666428247387,7/26/2026 5:45:00 PM
JPM,12.8280599874621,14,1.17194001253793,7/26/2026 6:00:00 PM
MRM,27.8402501566545,31.6931818181818,3.85293166152731,7/26/2026 6:00:00 PM
JPM,27.4651485809749,15.0357954545455,-12.4293531264294,7/26/2026 6:15:00 PM
MRM,35.175420192687,32.2823863636364,-2.89303382905061,7/26/2026 6:15:00 PM
JPM,19.7791507769979,16.0397727272727,-3.73937804972519,7/26/2026 6:30:00 PM
MRM,34.8271056001013,33.0795454545455,-1.74756014555587,7/26/2026 6:30:00 PM
JPM,17.0899079348904,15.4786255411255,-1.61128239376483,7/26/2026 6:45:00 PM
MRM,36.0971837488047,32.9366883116883,-3.16049543711638,7/26/2026 6:45:00 PM
JPM,15.4254193551863,14.4117647058824,-1.01365464930393,7/26/2026 7:00:00 PM
MRM,39.5762450433421,36.5501336898396,-3.02611135350251,7/26/2026 7:00:00 PM
JPM,15.4178630896082,14,-1.41786308960817,7/26/2026 7:15:00 PM
MRM,33.0752736109177,35.7938311688312,2.71855755791349,7/26/2026 7:15:00 PM
JPM,14.6542844450315,14,-0.654284445031502,7/26/2026 7:30:00 PM
MRM,37.0130697847456,35.0795454545454,-1.93352433020014,7/26/2026 7:30:00 PM
JPM,14.8310184175295,14,-0.831018417529464,7/26/2026 7:45:00 PM
MRM,40.1373665183648,35.0795454545454,-5.05782106381935,7/26/2026 7:45:00 PM
JPM,14.8886267265825,14,-0.888626726582498,7/26/2026 8:00:00 PM
MRM,38.9681223360512,34.4641608391608,-4.50396149689037,7/26/2026 8:00:00 PM
JPM,16.7307565939367,14.3386363636364,-2.39212023030033,7/26/2026 8:15:00 PM
MRM,43.88756786892,34.0795454545455,-9.8080224143745,7/26/2026 8:15:00 PM
JPM,17.8604187559061,15.3465909090909,-2.51382784681522,7/26/2026 8:30:00 PM
MRM,41.2917897326502,34.0795454545454,-7.2122442781048,7/26/2026 8:30:00 PM
JPM,19.4479498750472,15.3465909090909,-4.10135896595627,7/26/2026 8:45:00 PM
MRM,36.3846476820541,34.0795454545454,-2.30510222750861,7/26/2026 8:45:00 PM
JPM,19.4931489928847,15.0513468013468,-4.44180219153789,7/26/2026 6:00:00 AM
MRM,55.1136118772253,31.5776515151515,-23.5359603620738,7/26/2026 6:00:00 AM
JPM,21.7573705934035,15,-6.75737059340353,7/26/2026 6:15:00 AM
MRM,64.784929690504,32.2933758314856,-32.4915538590184,7/26/2026 6:15:00 AM
JPM,22.6027441546896,15,-7.6027441546896,7/26/2026 6:30:00 AM
MRM,68.5316424704782,31.8211462450593,-36.7104962254189,7/26/2026 6:30:00 AM
JPM,22.6217973107385,15,-7.62179731073853,7/26/2026 6:45:00 AM
MRM,68.5741494833854,31.4157754010695,-37.1583740823159,7/26/2026 6:45:00 AM
JPM,19.2885479261939,14.9622641509434,-4.32628377525054,7/26/2026 7:00:00 AM
MRM,70.6686525407864,30.4429674099486,-40.2256851308378,7/26/2026 7:00:00 AM
JPM,22.8467056795887,14.6551724137931,-8.19153326579558,7/26/2026 7:15:00 AM
MRM,63.0136338457681,29.6622257053291,-33.351408140439,7/26/2026 7:15:00 AM
JPM,21.9949428166476,14.219512195122,-7.7754306215256,7/26/2026 7:30:00 AM
MRM,51.3322564572367,29.1424611973393,-22.1897952598975,7/26/2026 7:30:00 AM
JPM,22.3683731702633,14.7407407407407,-7.62763242952261,7/26/2026 7:45:00 AM
MRM,51.5851226438008,28.3863636363636,-23.1987590074372,7/26/2026 7:45:00 AM
JPM,19.5507591534193,15,-4.55075915341928,7/26/2026 8:00:00 AM
MRM,52.1280880318426,28.3863636363636,-23.741724395479,7/26/2026 8:00:00 AM
JPM,14.3427167844727,15,0.657283215527325,7/26/2026 8:15:00 AM
MRM,52.8069012101374,29.1720779220779,-23.6348232880595,7/26/2026 8:15:00 AM
JPM,13.8215771942761,15,1.17842280572394,7/26/2026 8:30:00 AM
MRM,47.3737886498712,29.3863636363636,-17.9874250135076,7/26/2026 8:30:00 AM
JPM,16.6007514464853,15,-1.6007514464853,7/26/2026 8:45:00 AM
MRM,44.0395834099403,29.7419191919192,-14.2976642180211,7/26/2026 8:45:00 AM
JPM,18.5279040184256,15.2242288961039,-3.30367512232171,7/26/2026 9:00:00 AM
MRM,52.6085773164626,30.7700892857143,-21.8384880307484,7/26/2026 9:00:00 AM
JPM,17.6475788049351,14.6630434782609,-2.98453532667421,7/26/2026 9:15:00 AM
MRM,52.0748080158413,30.9925889328063,-21.082219083035,7/26/2026 9:15:00 AM
JPM,14.9452704171723,14.3465909090909,-0.598679508081364,7/26/2026 9:30:00 AM
MRM,51.943894475854,32.5239898989899,-19.4199045768641,7/26/2026 9:30:00 AM
JPM,14.9435250211511,14.4054144385027,-0.538110582648473,7/26/2026 9:45:00 AM
MRM,48.3470972158132,32.9030748663102,-15.444022349503,7/26/2026 9:45:00 AM
JPM,17.5484939634329,15.4422021943574,-2.10629176907556,7/26/2026 10:00:00 AM
MRM,41.0183040381089,32.0795454545455,-8.93875858356343,7/26/2026 10:00:00 AM
JPM,20.9785591324422,16.0397727272727,-4.93878640516942,7/26/2026 10:15:00 AM
MRM,35.5247481707545,32.0795454545455,-3.44520271620905,7/26/2026 10:15:00 AM
JPM,26.1632902169674,16.0397727272727,-10.1235174896947,7/26/2026 10:30:00 AM
MRM,34.1209073611673,30.8148395721925,-3.30606778897476,7/26/2026 10:30:00 AM
JPM,21.8895792399994,14.3774857954545,-7.51209344454487,7/26/2026 10:45:00 AM
MRM,44.4455003293812,31.0795454545455,-13.3659548748358,7/26/2026 10:45:00 AM
JPM,21.1306307945448,14,-7.13063079454479,7/26/2026 11:00:00 AM
MRM,38.433013692629,31.2045454545455,-7.22846823808354,7/26/2026 11:00:00 AM
JPM,21.9691910793192,14,-7.9691910793192,7/26/2026 11:15:00 AM
MRM,39.4316363345726,36.3353594080339,-3.09627692653871,7/26/2026 11:15:00 AM
JPM,22.091717281103,14.0722064393939,-8.0195108417091,7/26/2026 11:30:00 AM
MRM,38.4709830374021,37.6073232323233,-0.863659805078875,7/26/2026 11:30:00 AM
JPM,27.6294294654153,15.0397727272727,-12.5896567381426,7/26/2026 11:45:00 AM
MRM,39.1350733161534,37.1165824915825,-2.01849082457084,7/26/2026 11:45:00 AM
JPM,28.3767473026145,15.0397727272727,-13.3369745753417,7/26/2026 12:00:00 PM
MRM,34.3393215979709,36.3615967365968,2.02227513862591,7/26/2026 12:00:00 PM
JPM,30.5360334632712,14.9989973262032,-15.537036137068,7/26/2026 12:15:00 PM
MRM,42.5251895540326,35.0795454545455,-7.4456440994871,7/26/2026 12:15:00 PM
JPM,24.5762561809775,14.3305944055944,-10.2456617753831,7/26/2026 12:30:00 PM
MRM,34.4289419277019,35.0795454545455,0.650603526843533,7/26/2026 12:30:00 PM
JPM,17.3260982902463,14,-3.32609829024626,7/26/2026 12:45:00 PM
MRM,35.3197763881877,35.0795454545455,-0.240230933642202,7/26/2026 12:45:00 PM
JPM,17.0224942542957,14,-3.02249425429568,7/26/2026 1:00:00 PM
MRM,41.8787181113241,31.4941796008869,-10.3845385104372,7/26/2026 1:00:00 PM
JPM,18.5112250766567,14,-4.51122507665666,7/26/2026 1:15:00 PM
MRM,40.2802556414487,30.9886363636364,-9.29161927781228,7/26/2026 1:15:00 PM
JPM,20.3943352904829,14.7215909090909,-5.67274438139198,7/26/2026 1:30:00 PM
MRM,37.0173924673199,30.0795454545455,-6.93784701277438,7/26/2026 1:30:00 PM
JPM,15.7121337815911,14.0397727272727,-1.67236105431839,7/26/2026 1:45:00 PM
MRM,37.140152193354,30.0578063241107,-7.08234586924327,7/26/2026 1:45:00 PM
JPM,15.5755119863559,14.0397727272727,-1.53573925908313,7/26/2026 2:00:00 PM
MRM,34.3541084885864,31.1771064301552,-3.17700205843117,7/26/2026 2:00:00 PM
JPM,22.8023020589529,14.0397727272727,-8.76252933168015,7/26/2026 2:15:00 PM
MRM,41.3582463358721,31.055155210643,-10.303091125229,7/26/2026 2:15:00 PM
JPM,26.7302233973451,14.0397727272727,-12.6904506700724,7/26/2026 2:30:00 PM
MRM,34.0880242261422,31.0795454545455,-3.00847877159673,7/26/2026 2:30:00 PM
JPM,22.3626579036407,13.641835016835,-8.72082288680564,7/26/2026 2:45:00 PM
MRM,30.2740370433659,35.9869528619529,5.71291581858697,7/26/2026 2:45:00 PM
JPM,16.7783029380562,13,-3.77830293805623,7/26/2026 3:00:00 PM
MRM,22.4787827881802,35.0360671936759,12.5572844054957,7/26/2026 3:00:00 PM
JPM,17.1363393220975,13,-4.13633932209746,7/26/2026 3:15:00 PM
MRM,36.9305331010689,36.5195454545455,-0.410987646523445,7/26/2026 3:15:00 PM
JPM,16.559351054089,13,-3.559351054089,7/26/2026 3:30:00 PM
MRM,29.4514803008159,31.5517676767677,2.10028737595175,7/26/2026 3:30:00 PM
JPM,16.5717816551361,13,-3.57178165513606,7/26/2026 3:45:00 PM
MRM,40.7966653886501,34.1876535626536,-6.60901182599652,7/26/2026 3:45:00 PM
JPM,17.2728643678232,13.8709677419355,-3.40189662588775,7/26/2026 4:00:00 PM
MRM,44.3187372118245,37.2829912023461,-7.03574600947849,7/26/2026 4:00:00 PM
JPM,17.5810610562516,14,-3.58106105625155,7/26/2026 4:15:00 PM
MRM,40.9249800134789,34.2129545454545,-6.71202546802438,7/26/2026 4:15:00 PM
JPM,16.9520026027851,14,-2.95200260278507,7/26/2026 4:30:00 PM
MRM,36.8977944009261,35.0487440191388,-1.84905038178731,7/26/2026 4:30:00 PM
JPM,16.7098439100734,14,-2.70984391007344,7/26/2026 4:45:00 PM
MRM,36.123014914814,32.7329545454545,-3.39006036935945,7/26/2026 4:45:00 PM
JPM,12.8280599874621,14,1.17194001253793,7/26/2026 6:00:00 PM
MRM,27.8402501566545,31.6931818181818,3.85293166152731,7/26/2026 6:00:00 PM
JPM,27.4651485809749,15.0357954545455,-12.4293531264294,7/26/2026 6:15:00 PM
MRM,35.175420192687,32.2823863636364,-2.8930338290506,7/26/2026 6:15:00 PM
JPM,19.7791507769979,16.0397727272727,-3.73937804972519,7/26/2026 6:30:00 PM
MRM,34.8271056001013,33.0795454545455,-1.74756014555587,7/26/2026 6:30:00 PM
JPM,17.0899079348904,15.4786255411255,-1.61128239376483,7/26/2026 6:45:00 PM
MRM,36.0971837488047,32.9366883116883,-3.16049543711639,7/26/2026 6:45:00 PM
JPM,15.4254193551863,14.4117647058824,-1.01365464930393,7/26/2026 7:00:00 PM
MRM,39.5762450433421,36.5501336898396,-3.02611135350251,7/26/2026 7:00:00 PM
JPM,15.4178630896082,14,-1.41786308960817,7/26/2026 7:15:00 PM
MRM,33.0752736109177,35.7938311688312,2.71855755791349,7/26/2026 7:15:00 PM
JPM,14.6542844450315,14,-0.654284445031502,7/26/2026 7:30:00 PM
MRM,37.0130697847456,35.0795454545454,-1.93352433020015,7/26/2026 7:30:00 PM
JPM,14.8310184175295,14,-0.831018417529465,7/26/2026 7:45:00 PM
MRM,40.1373665183648,35.0795454545454,-5.05782106381935,7/26/2026 7:45:00 PM
JPM,12.8280599874621,14,1.17194001253793,7/26/2026 6:00:00 PM
MRM,27.8402501566545,31.6931818181818,3.85293166152731,7/26/2026 6:00:00 PM
JPM,27.4651485809749,15.0357954545455,-12.4293531264294,7/26/2026 6:15:00 PM
MRM,35.175420192687,32.2823863636364,-2.8930338290506,7/26/2026 6:15:00 PM
JPM,19.7791507769979,16.0397727272727,-3.73937804972519,7/26/2026 6:30:00 PM
MRM,34.8271056001013,33.0795454545455,-1.74756014555587,7/26/2026 6:30:00 PM
JPM,17.0899079348904,15.4786255411255,-1.61128239376483,7/26/2026 6:45:00 PM
MRM,36.0971837488047,32.9366883116883,-3.16049543711638,7/26/2026 6:45:00 PM
JPM,15.4254193551863,14.4117647058824,-1.01365464930393,7/26/2026 7:00:00 PM
MRM,39.5762450433421,36.5501336898396,-3.02611135350251,7/26/2026 7:00:00 PM
JPM,15.4178630896082,14,-1.41786308960818,7/26/2026 7:15:00 PM
MRM,33.0752736109177,35.7938311688312,2.71855755791349,7/26/2026 7:15:00 PM
JPM,14.6542844450315,14,-0.654284445031506,7/26/2026 7:30:00 PM
MRM,37.0130697847456,35.0795454545454,-1.93352433020015,7/26/2026 7:30:00 PM
JPM,14.8310184175295,14,-0.831018417529465,7/26/2026 7:45:00 PM
MRM,40.1373665183648,35.0795454545454,-5.05782106381935,7/26/2026 7:45:00 PM
JPM,14.8886267265825,14,-0.888626726582498,7/26/2026 8:00:00 PM
MRM,38.9681223360512,34.4641608391608,-4.50396149689037,7/26/2026 8:00:00 PM
JPM,16.7307565939367,14.3386363636364,-2.39212023030033,7/26/2026 8:15:00 PM
MRM,43.88756786892,34.0795454545455,-9.8080224143745,7/26/2026 8:15:00 PM
JPM,17.8604187559061,15.3465909090909,-2.51382784681522,7/26/2026 8:30:00 PM
MRM,41.2917897326503,34.0795454545454,-7.21224427810481,7/26/2026 8:30:00 PM
JPM,19.4479498750472,15.3465909090909,-4.10135896595627,7/26/2026 8:45:00 PM
MRM,36.3846476820541,34.0795454545454,-2.30510222750861,7/26/2026 8:45:00 PM
JPM,22.4167401269424,15.3465909090909,-7.07014921785146,7/26/2026 9:00:00 PM
MRM,33.0195749638749,33.90625,0.886675036125126,7/26/2026 9:00:00 PM
JPM,22.1571749364408,15.3465909090909,-6.81058402734992,7/26/2026 9:15:00 PM
MRM,35.9476864490707,33.7329545454546,-2.2147319036161,7/26/2026 9:15:00 PM
JPM,13.812125118698,15.1333041958042,1.32117907710624,7/26/2026 9:30:00 PM
MRM,44.7770642197848,33.7329545454546,-11.0441096743302,7/26/2026 9:30:00 PM
JPM,12.5685196361004,15,2.43148036389961,7/26/2026 9:45:00 PM
MRM,43.2547028584241,33.2829545454545,-9.97174831296952,7/26/2026 9:45:00 PM
JPM,12.8280599874621,14,1.17194001253793,7/26/2026 6:00:00 PM
MRM,27.8402501566545,31.6931818181818,3.85293166152731,7/26/2026 6:00:00 PM
JPM,27.4651485809749,15.0357954545455,-12.4293531264294,7/26/2026 6:15:00 PM
MRM,35.175420192687,32.2823863636364,-2.89303382905061,7/26/2026 6:15:00 PM
JPM,19.7791507769979,16.0397727272727,-3.73937804972519,7/26/2026 6:30:00 PM
MRM,34.8271056001013,33.0795454545455,-1.74756014555587,7/26/2026 6:30:00 PM
JPM,17.1836089780764,15.5025568181818,-1.68105215989462,7/26/2026 6:45:00 PM
MRM,35.8276914039982,32.7295454545455,-3.09814594945271,7/26/2026 6:45:00 PM
JPM,12.8280599874621,14,1.17194001253793,7/26/2026 6:00:00 PM
MRM,27.8402501566545,31.6931818181818,3.85293166152731,7/26/2026 6:00:00 PM
JPM,27.4651485809749,15.0357954545455,-12.4293531264294,7/26/2026 6:15:00 PM
MRM,35.175420192687,32.2823863636364,-2.89303382905061,7/26/2026 6:15:00 PM
JPM,19.7791507769979,16.0397727272727,-3.73937804972519,7/26/2026 6:30:00 PM
MRM,34.8271056001013,33.0795454545455,-1.74756014555587,7/26/2026 6:30:00 PM
JPM,17.0899079348904,15.4786255411255,-1.61128239376483,7/26/2026 6:45:00 PM
MRM,36.0971837488047,32.9366883116883,-3.16049543711639,7/26/2026 6:45:00 PM
JPM,15.4254193551863,14.4117647058824,-1.01365464930393,7/26/2026 7:00:00 PM
MRM,39.5762450433421,36.5501336898396,-3.0261113535025,7/26/2026 7:00:00 PM
JPM,15.4178630896082,14,-1.41786308960818,7/26/2026 7:15:00 PM
MRM,33.0752736109177,35.7938311688312,2.71855755791348,7/26/2026 7:15:00 PM
JPM,14.6542844450315,14,-0.654284445031502,7/26/2026 7:30:00 PM
MRM,37.0130697847456,35.0795454545454,-1.93352433020014,7/26/2026 7:30:00 PM
JPM,14.8310184175295,14,-0.831018417529464,7/26/2026 7:45:00 PM
MRM,40.1373665183648,35.0795454545454,-5.05782106381935,7/26/2026 7:45:00 PM
JPM,14.8886267265825,14,-0.888626726582498,7/26/2026 8:00:00 PM
MRM,38.9681223360512,34.4641608391608,-4.50396149689037,7/26/2026 8:00:00 PM
JPM,16.7307565939367,14.3386363636364,-2.39212023030033,7/26/2026 8:15:00 PM
MRM,43.88756786892,34.0795454545455,-9.80802241437451,7/26/2026 8:15:00 PM
JPM,17.8604187559061,15.3465909090909,-2.51382784681522,7/26/2026 8:30:00 PM
MRM,41.2917897326502,34.0795454545454,-7.2122442781048,7/26/2026 8:30:00 PM
JPM,19.4479498750472,15.3465909090909,-4.10135896595627,7/26/2026 8:45:00 PM
MRM,36.3846476820541,34.0795454545454,-2.30510222750861,7/26/2026 8:45:00 PM
JPM,22.4167401269424,15.3465909090909,-7.07014921785146,7/26/2026 9:00:00 PM
MRM,33.0195749638749,33.90625,0.886675036125119,7/26/2026 9:00:00 PM
JPM,22.1571749364408,15.3465909090909,-6.81058402734992,7/26/2026 9:15:00 PM
MRM,35.9476864490707,33.7329545454546,-2.2147319036161,7/26/2026 9:15:00 PM
JPM,13.812125118698,15.1333041958042,1.32117907710624,7/26/2026 9:30:00 PM
MRM,44.7770642197848,33.7329545454546,-11.0441096743302,7/26/2026 9:30:00 PM
JPM,12.5651339693058,15,2.43486603069416,7/26/2026 9:45:00 PM
MRM,42.8512822767766,33.3520021645022,-9.49928011227443,7/26/2026 9:45:00 PM
JPM,14.9476166948267,15.3262032085561,0.378586513729452,7/26/2026 10:00:00 PM
MRM,37.5858521738549,37.8506016042781,0.264749430423173,7/26/2026 10:00:00 PM
JPM,12.9478437577932,15.3465909090909,2.39874715129766,7/26/2026 10:15:00 PM
MRM,47.0070119338627,39.3579545454545,-7.64905738840819,7/26/2026 10:15:00 PM
JPM,14.3014968854368,15.3465909090909,1.04509402365407,7/26/2026 10:30:00 PM
MRM,47.1657345149628,39.7329545454545,-7.43277996950822,7/26/2026 10:30:00 PM
JPM,6.9846549493573,12.6605113636364,5.67585641427907,7/26/2026 10:45:00 PM
MRM,48.9201872311303,39.9412878787879,-8.97889935234242,7/26/2026 10:45:00 PM
JPM,5.33116111663985,8,2.66883888336015,7/26/2026 11:00:00 PM
MRM,46.5085983132527,38.9710497835498,-7.53754852970294,7/26/2026 11:00:00 PM
JPM,4.82671642048954,8,3.17328357951046,7/26/2026 11:15:00 PM
MRM,43.6607909727142,36.0410353535353,-7.61975561917889,7/26/2026 11:15:00 PM
JPM,3.81491821656067,8.5,4.68508178343933,7/26/2026 11:30:00 PM
MRM,44.3725492690894,36.0795454545454,-8.293003814544,7/26/2026 11:30:00 PM
JPM,3.555461410554,8,4.444538589446,7/26/2026 11:45:00 PM
MRM,42.5251438892764,36.0795454545454,-6.44559843473092,7/26/2026 11:45:00 PM
MRM,25.0762935203374,12.4444444444444,-12.631849075893,8/2/2026 6:00:00 AM
MRM,24.9778439751033,13.1,-11.8778439751033,8/2/2026 6:15:00 AM
MRM,16.5949969522848,13,-3.59499695228484,8/2/2026 6:30:00 AM
MRM,15.8419456255771,13.2,-2.64194562557714,8/2/2026 6:45:00 AM
MRM,29.4126824511268,16.3397727272727,-13.0729097238541,8/2/2026 7:00:00 AM
MRM,27.4075524011772,16,-11.4075524011772,8/2/2026 7:15:00 AM
MRM,24.7119083142406,16.1428571428571,-8.56905117138348,8/2/2026 7:30:00 AM
MRM,25.4169089528478,17.1111111111111,-8.30579784173667,8/2/2026 7:45:00 AM
MRM,25.0762935203374,12.4444444444444,-12.631849075893,8/2/2026 6:00:00 AM
MRM,24.9778439751033,13.1,-11.8778439751033,8/2/2026 6:15:00 AM
MRM,16.5949969522848,13,-3.59499695228483,8/2/2026 6:30:00 AM
MRM,15.8419456255771,13.2,-2.64194562557715,8/2/2026 6:45:00 AM
MRM,29.4126824511268,16.3397727272727,-13.0729097238541,8/2/2026 7:00:00 AM
MRM,27.4075524011772,16,-11.4075524011772,8/2/2026 7:15:00 AM
MRM,24.7119083142406,16.1428571428571,-8.56905117138348,8/2/2026 7:30:00 AM
MRM,25.3989393130243,17.2,-8.19893931302431,8/2/2026 7:45:00 AM
MRM,25.8166905000476,18.6,-7.21669050004758,8/2/2026 8:00:00 AM
MRM,30.909906709497,20.7,-10.209906709497,8/2/2026 8:15:00 AM
MRM,32.8019396925948,21.75,-11.0519396925948,8/2/2026 8:30:00 AM
MRM,43.4855191496917,23.8571428571429,-19.6283762925489,8/2/2026 8:45:00 AM
MRM,25.0762935203374,12.4444444444444,-12.631849075893,8/2/2026 6:00:00 AM
MRM,24.9778439751033,13.1,-11.8778439751033,8/2/2026 6:15:00 AM
MRM,16.5949969522848,13,-3.59499695228483,8/2/2026 6:30:00 AM
MRM,15.8419456255771,13.2,-2.64194562557715,8/2/2026 6:45:00 AM
MRM,29.4126824511268,16.3397727272727,-13.0729097238541,8/2/2026 7:00:00 AM
MRM,27.4075524011772,16,-11.4075524011772,8/2/2026 7:15:00 AM
MRM,24.7119083142406,16.1428571428571,-8.56905117138348,8/2/2026 7:30:00 AM
MRM,25.3989393130243,17.2,-8.1989393130243,8/2/2026 7:45:00 AM
MRM,25.8166905000476,18.6,-7.21669050004758,8/2/2026 8:00:00 AM
MRM,30.909906709497,20.7,-10.209906709497,8/2/2026 8:15:00 AM
MRM,32.8019396925948,21.75,-11.0519396925948,8/2/2026 8:30:00 AM
MRM,43.2959482095936,23.875,-19.4209482095936,8/2/2026 8:45:00 AM
MRM,42.3723043280067,25.6,-16.7723043280067,8/2/2026 9:00:00 AM
MRM,46.7577346003741,28.1,-18.6577346003741,8/2/2026 9:15:00 AM
MRM,44.400549730314,31,-13.400549730314,8/2/2026 9:30:00 AM
MRM,34.6508285652343,30.3571428571429,-4.29368570809145,8/2/2026 9:45:00 AM
MRM,25.0762935203374,12.4444444444444,-12.631849075893,8/2/2026 6:00:00 AM
MRM,24.9778439751033,13.1,-11.8778439751033,8/2/2026 6:15:00 AM
MRM,16.5949969522848,13,-3.59499695228483,8/2/2026 6:30:00 AM
MRM,15.8419456255771,13.2,-2.64194562557715,8/2/2026 6:45:00 AM
MRM,29.4126824511268,16.3397727272727,-13.0729097238541,8/2/2026 7:00:00 AM
MRM,27.4075524011772,16,-11.4075524011772,8/2/2026 7:15:00 AM
MRM,24.7119083142406,16.1428571428571,-8.56905117138348,8/2/2026 7:30:00 AM
MRM,25.3989393130243,17.2,-8.19893931302431,8/2/2026 7:45:00 AM
MRM,25.8166905000476,18.6,-7.21669050004758,8/2/2026 8:00:00 AM
MRM,30.909906709497,20.7,-10.209906709497,8/2/2026 8:15:00 AM
MRM,32.8019396925948,21.75,-11.0519396925948,8/2/2026 8:30:00 AM
MRM,43.2959482095936,23.875,-19.4209482095936,8/2/2026 8:45:00 AM
MRM,42.3723043280067,25.6,-16.7723043280067,8/2/2026 9:00:00 AM
MRM,46.7577346003741,28.1,-18.6577346003741,8/2/2026 9:15:00 AM
MRM,44.400549730314,31,-13.400549730314,8/2/2026 9:30:00 AM
MRM,33.6536075880717,30.125,-3.52860758807172,8/2/2026 9:45:00 AM
MRM,28.1866762893216,27.3888888888889,-0.797787400432693,8/2/2026 10:00:00 AM
MRM,32.8504044871067,28,-4.85040448710674,8/2/2026 10:15:00 AM
MRM,43.2264193049537,27.2777777777778,-15.9486415271759,8/2/2026 10:30:00 AM
MRM,34.5735759377709,30.5882352941176,-3.98534064365322,8/2/2026 10:45:00 AM
MRM,39.602204186029,31,-8.60220418602904,8/2/2026 11:00:00 AM
MRM,41.9624882539203,32.1111111111111,-9.85137714280916,8/2/2026 11:15:00 AM
MRM,40.9381996548967,33,-7.93819965489672,8/2/2026 11:30:00 AM
JPM,4.88982172508705,3.22222222222222,-1.66759950286483,8/2/2026 11:45:00 AM
MRM,41.2242341248527,33.1998966942149,-8.0243374306378,8/2/2026 11:45:00 AM
MRM,25.0762935203374,12.4444444444444,-12.631849075893,8/2/2026 6:00:00 AM
MRM,24.9778439751033,13.1,-11.8778439751033,8/2/2026 6:15:00 AM
MRM,16.5949969522848,13,-3.59499695228483,8/2/2026 6:30:00 AM
MRM,15.8419456255771,13.2,-2.64194562557715,8/2/2026 6:45:00 AM
MRM,29.4126824511268,16.3397727272727,-13.0729097238541,8/2/2026 7:00:00 AM
MRM,27.4075524011772,16,-11.4075524011772,8/2/2026 7:15:00 AM
MRM,24.7119083142406,16.1428571428571,-8.56905117138348,8/2/2026 7:30:00 AM
MRM,25.3989393130243,17.2,-8.19893931302431,8/2/2026 7:45:00 AM
MRM,25.8166905000476,18.6,-7.21669050004758,8/2/2026 8:00:00 AM
MRM,30.909906709497,20.7,-10.209906709497,8/2/2026 8:15:00 AM
MRM,32.8019396925948,21.75,-11.0519396925948,8/2/2026 8:30:00 AM
MRM,43.2959482095936,23.875,-19.4209482095936,8/2/2026 8:45:00 AM
MRM,42.3723043280067,25.6,-16.7723043280067,8/2/2026 9:00:00 AM
MRM,46.7577346003741,28.1,-18.6577346003741,8/2/2026 9:15:00 AM
MRM,44.400549730314,31,-13.400549730314,8/2/2026 9:30:00 AM
MRM,33.6536075880717,30.125,-3.52860758807172,8/2/2026 9:45:00 AM
MRM,28.1866762893216,27.3888888888889,-0.797787400432696,8/2/2026 10:00:00 AM
MRM,32.8504044871067,28,-4.85040448710674,8/2/2026 10:15:00 AM
MRM,43.2264193049537,27.2777777777778,-15.9486415271759,8/2/2026 10:30:00 AM
MRM,34.5735759377709,30.5882352941176,-3.98534064365322,8/2/2026 10:45:00 AM
JPM,12.8280599874621,14,1.17194001253793,7/26/2026 6:00:00 PM
MRM,27.8402501566545,31.6931818181818,3.85293166152731,7/26/2026 6:00:00 PM
JPM,27.4651485809749,15.0357954545455,-12.4293531264294,7/26/2026 6:15:00 PM
MRM,35.175420192687,32.2823863636364,-2.89303382905059,7/26/2026 6:15:00 PM
JPM,19.7791507769979,16.0397727272727,-3.73937804972519,7/26/2026 6:30:00 PM
MRM,34.8271056001013,33.0795454545455,-1.74756014555587,7/26/2026 6:30:00 PM
JPM,17.0899079348904,15.4786255411255,-1.61128239376483,7/26/2026 6:45:00 PM
MRM,36.0971837488047,32.9366883116883,-3.16049543711639,7/26/2026 6:45:00 PM
JPM,15.4254193551863,14.4117647058824,-1.01365464930393,7/26/2026 7:00:00 PM
MRM,39.5762450433421,36.5501336898396,-3.02611135350251,7/26/2026 7:00:00 PM
JPM,15.4178630896082,14,-1.41786308960817,7/26/2026 7:15:00 PM
MRM,33.0752736109177,35.7938311688312,2.71855755791349,7/26/2026 7:15:00 PM
JPM,14.6542844450315,14,-0.654284445031506,7/26/2026 7:30:00 PM
MRM,37.0130697847456,35.0795454545454,-1.93352433020014,7/26/2026 7:30:00 PM
JPM,14.8310184175295,14,-0.831018417529465,7/26/2026 7:45:00 PM
MRM,40.1373665183648,35.0795454545454,-5.05782106381935,7/26/2026 7:45:00 PM
JPM,14.8886267265825,14,-0.888626726582499,7/26/2026 8:00:00 PM
MRM,38.9681223360512,34.4641608391608,-4.50396149689037,7/26/2026 8:00:00 PM
JPM,16.7307565939367,14.3386363636364,-2.39212023030033,7/26/2026 8:15:00 PM
MRM,43.88756786892,34.0795454545455,-9.80802241437451,7/26/2026 8:15:00 PM
JPM,17.8604187559061,15.3465909090909,-2.51382784681522,7/26/2026 8:30:00 PM
MRM,41.2917897326502,34.0795454545454,-7.2122442781048,7/26/2026 8:30:00 PM
JPM,19.4479498750472,15.3465909090909,-4.10135896595627,7/26/2026 8:45:00 PM
MRM,36.3846476820541,34.0795454545454,-2.30510222750861,7/26/2026 8:45:00 PM
JPM,22.4167401269424,15.3465909090909,-7.07014921785146,7/26/2026 9:00:00 PM
MRM,33.0195749638749,33.90625,0.886675036125126,7/26/2026 9:00:00 PM
JPM,22.1571749364408,15.3465909090909,-6.81058402734992,7/26/2026 9:15:00 PM
MRM,35.9476864490707,33.7329545454546,-2.2147319036161,7/26/2026 9:15:00 PM
JPM,13.812125118698,15.1333041958042,1.32117907710624,7/26/2026 9:30:00 PM
MRM,44.7770642197848,33.7329545454546,-11.0441096743302,7/26/2026 9:30:00 PM
JPM,12.5651339693058,15,2.43486603069416,7/26/2026 9:45:00 PM
MRM,42.8512822767766,33.3520021645022,-9.49928011227443,7/26/2026 9:45:00 PM
JPM,14.9476166948267,15.3262032085562,0.378586513729456,7/26/2026 10:00:00 PM
MRM,37.5858521738549,37.8506016042781,0.264749430423173,7/26/2026 10:00:00 PM
JPM,12.9478437577933,15.3465909090909,2.39874715129765,7/26/2026 10:15:00 PM
MRM,47.0070119338627,39.3579545454545,-7.64905738840817,7/26/2026 10:15:00 PM
JPM,14.3014968854368,15.3465909090909,1.04509402365407,7/26/2026 10:30:00 PM
MRM,47.1657345149628,39.7329545454545,-7.43277996950822,7/26/2026 10:30:00 PM
JPM,7.28038875673791,13.5926136363636,6.31222487962573,7/26/2026 10:45:00 PM
MRM,49.2293042181241,39.7829545454545,-9.44634967266961,7/26/2026 10:45:00 PM
MRM,39.602204186029,31,-8.60220418602904,8/2/2026 11:00:00 AM
MRM,41.9624882539203,32.1111111111111,-9.85137714280917,8/2/2026 11:15:00 AM
MRM,40.9381996548967,33,-7.93819965489672,8/2/2026 11:30:00 AM
JPM,4.88982172508705,3.22222222222222,-1.66759950286483,8/2/2026 11:45:00 AM
MRM,41.2242341248527,33.1998966942149,-8.0243374306378,8/2/2026 11:45:00 AM
JPM,7.15520707809891,5.88888888888889,-1.26631818921002,8/2/2026 12:00:00 PM
MRM,35.0100708900239,31.8888888888889,-3.121182001135,8/2/2026 12:00:00 PM
JPM,6.6474041390033,6.75878099173554,0.111376852732238,8/2/2026 12:15:00 PM
MRM,44.8976397988163,32.0909090909091,-12.8067307079072,8/2/2026 12:15:00 PM
JPM,6.83769448274358,7.33333333333333,0.495638850589751,8/2/2026 12:30:00 PM
MRM,53.9125641937268,33,-20.9125641937268,8/2/2026 12:30:00 PM
JPM,7.04199716461114,8.53846153846154,1.4964643738504,8/2/2026 12:45:00 PM
MRM,50.1267900938116,32.3846153846154,-17.7421747091962,8/2/2026 12:45:00 PM
MRM,25.0762935203374,12.4444444444444,-12.631849075893,8/2/2026 6:00:00 AM
MRM,24.9778439751033,13.1,-11.8778439751033,8/2/2026 6:15:00 AM
MRM,16.5949969522848,13,-3.59499695228483,8/2/2026 6:30:00 AM
MRM,15.8419456255771,13.2,-2.64194562557715,8/2/2026 6:45:00 AM
MRM,29.4126824511268,16.3397727272727,-13.0729097238541,8/2/2026 7:00:00 AM
MRM,27.4075524011772,16,-11.4075524011772,8/2/2026 7:15:00 AM
MRM,24.7119083142406,16.1428571428571,-8.56905117138348,8/2/2026 7:30:00 AM
MRM,25.3989393130243,17.2,-8.19893931302431,8/2/2026 7:45:00 AM
MRM,25.8166905000476,18.6,-7.21669050004758,8/2/2026 8:00:00 AM
MRM,30.909906709497,20.7,-10.209906709497,8/2/2026 8:15:00 AM
MRM,32.8019396925948,21.75,-11.0519396925948,8/2/2026 8:30:00 AM
MRM,43.2959482095936,23.875,-19.4209482095936,8/2/2026 8:45:00 AM
MRM,42.3723043280067,25.6,-16.7723043280067,8/2/2026 9:00:00 AM
MRM,46.7577346003741,28.1,-18.6577346003741,8/2/2026 9:15:00 AM
MRM,44.400549730314,31,-13.400549730314,8/2/2026 9:30:00 AM
MRM,33.6536075880717,30.125,-3.52860758807173,8/2/2026 9:45:00 AM
MRM,28.1866762893216,27.3888888888889,-0.797787400432693,8/2/2026 10:00:00 AM
MRM,32.8504044871067,28,-4.85040448710674,8/2/2026 10:15:00 AM
MRM,43.2264193049537,27.2777777777778,-15.9486415271759,8/2/2026 10:30:00 AM
MRM,34.5735759377709,30.5882352941176,-3.98534064365322,8/2/2026 10:45:00 AM
MRM,39.602204186029,31,-8.60220418602904,8/2/2026 11:00:00 AM
MRM,41.9624882539203,32.1111111111111,-9.85137714280916,8/2/2026 11:15:00 AM
MRM,40.9381996548967,33,-7.93819965489672,8/2/2026 11:30:00 AM
JPM,4.88982172508705,3.22222222222222,-1.66759950286483,8/2/2026 11:45:00 AM
MRM,41.2242341248527,33.1998966942149,-8.0243374306378,8/2/2026 11:45:00 AM
JPM,7.15520707809891,5.88888888888889,-1.26631818921002,8/2/2026 12:00:00 PM
MRM,35.0100708900239,31.8888888888889,-3.121182001135,8/2/2026 12:00:00 PM
JPM,6.6474041390033,6.75878099173554,0.111376852732238,8/2/2026 12:15:00 PM
MRM,44.8976397988163,32.0909090909091,-12.8067307079072,8/2/2026 12:15:00 PM
JPM,6.83769448274358,7.33333333333333,0.495638850589751,8/2/2026 12:30:00 PM
MRM,53.9125641937268,33,-20.9125641937268,8/2/2026 12:30:00 PM
JPM,7.04199716461114,8.53846153846154,1.4964643738504,8/2/2026 12:45:00 PM
MRM,50.1267900938116,32.3846153846154,-17.7421747091962,8/2/2026 12:45:00 PM
JPM,7.00823881066493,9,1.99176118933507,8/2/2026 1:00:00 PM
MRM,39.6269871604449,30.8333333333333,-8.79365382711156,8/2/2026 1:00:00 PM
JPM,2.43694427783479,8.30769230769231,5.87074802985752,8/2/2026 1:15:00 PM
MRM,41.8930646704628,32.0769230769231,-9.81614159353969,8/2/2026 1:15:00 PM
JPM,4.94548304675178,7.17647058823529,2.23098754148351,8/2/2026 1:30:00 PM
MRM,41.3355540762102,32.6470588235294,-8.68849525268076,8/2/2026 1:30:00 PM
JPM,6.88100434238273,8,1.11899565761727,8/2/2026 1:45:00 PM
MRM,44.6684085534386,32.625,-12.0434085534386,8/2/2026 1:45:00 PM
JPM,10.0334616722968,9.05882352941176,-0.974638142885064,8/2/2026 2:00:00 PM
MRM,41.3799990753611,33,-8.37999907536106,8/2/2026 2:00:00 PM
JPM,11.6367157798986,10.7142857142857,-0.922430065612847,8/2/2026 2:15:00 PM
MRM,44.4668605550838,32.7142857142857,-11.7525748407981,8/2/2026 2:15:00 PM
JPM,10.6972787453146,11,0.302721254685387,8/2/2026 2:30:00 PM
MRM,44.879912899789,32.3846153846154,-12.4952975151736,8/2/2026 2:30:00 PM
JPM,10.8539997886843,12.2,1.34600021131567,8/2/2026 2:45:00 PM
MRM,39.5110174287726,31.6666666666667,-7.84435076210589,8/2/2026 2:45:00 PM
MRM,25.0762935203374,12.4444444444444,-12.631849075893,8/2/2026 6:00:00 AM
MRM,24.9778439751033,13.1,-11.8778439751033,8/2/2026 6:15:00 AM
MRM,16.5949969522848,13,-3.59499695228483,8/2/2026 6:30:00 AM
MRM,15.8419456255771,13.2,-2.64194562557715,8/2/2026 6:45:00 AM
MRM,29.4126824511268,16.3397727272727,-13.0729097238541,8/2/2026 7:00:00 AM
MRM,27.4075524011772,16,-11.4075524011772,8/2/2026 7:15:00 AM
MRM,24.7119083142406,16.1428571428571,-8.56905117138348,8/2/2026 7:30:00 AM
MRM,25.3989393130243,17.2,-8.19893931302431,8/2/2026 7:45:00 AM
MRM,25.8166905000476,18.6,-7.21669050004758,8/2/2026 8:00:00 AM
MRM,30.909906709497,20.7,-10.209906709497,8/2/2026 8:15:00 AM
MRM,32.8019396925948,21.75,-11.0519396925948,8/2/2026 8:30:00 AM
MRM,43.2959482095936,23.875,-19.4209482095936,8/2/2026 8:45:00 AM
MRM,42.3723043280067,25.6,-16.7723043280067,8/2/2026 9:00:00 AM
MRM,46.7577346003741,28.1,-18.6577346003741,8/2/2026 9:15:00 AM
MRM,44.400549730314,31,-13.400549730314,8/2/2026 9:30:00 AM
MRM,33.6536075880717,30.125,-3.52860758807173,8/2/2026 9:45:00 AM
MRM,28.1866762893216,27.3888888888889,-0.797787400432696,8/2/2026 10:00:00 AM
MRM,32.8504044871067,28,-4.85040448710674,8/2/2026 10:15:00 AM
MRM,43.2264193049537,27.2777777777778,-15.9486415271759,8/2/2026 10:30:00 AM
MRM,34.5735759377709,30.5882352941176,-3.98534064365322,8/2/2026 10:45:00 AM
MRM,39.602204186029,31,-8.60220418602904,8/2/2026 11:00:00 AM
MRM,41.9624882539203,32.1111111111111,-9.85137714280916,8/2/2026 11:15:00 AM
MRM,40.9381996548967,33,-7.93819965489672,8/2/2026 11:30:00 AM
JPM,4.88982172508705,3.22222222222222,-1.66759950286483,8/2/2026 11:45:00 AM
MRM,41.2242341248527,33.1998966942149,-8.0243374306378,8/2/2026 11:45:00 AM
JPM,7.15520707809891,5.88888888888889,-1.26631818921002,8/2/2026 12:00:00 PM
MRM,35.0100708900239,31.8888888888889,-3.121182001135,8/2/2026 12:00:00 PM
JPM,6.6474041390033,6.75878099173554,0.111376852732238,8/2/2026 12:15:00 PM
MRM,44.8976397988163,32.0909090909091,-12.8067307079072,8/2/2026 12:15:00 PM
JPM,6.83769448274358,7.33333333333333,0.495638850589751,8/2/2026 12:30:00 PM
MRM,53.9125641937268,33,-20.9125641937268,8/2/2026 12:30:00 PM
JPM,7.04199716461114,8.53846153846154,1.4964643738504,8/2/2026 12:45:00 PM
MRM,50.1267900938116,32.3846153846154,-17.7421747091962,8/2/2026 12:45:00 PM
JPM,7.00823881066493,9,1.99176118933507,8/2/2026 1:00:00 PM
MRM,39.6269871604449,30.8333333333333,-8.79365382711156,8/2/2026 1:00:00 PM
JPM,16.3718309735882,11.6162587412587,-4.75557223232948,7/2/2026 4:15:00 AM
JPM,15.6098803116862,10.8931818181818,-4.7166984935044,7/2/2026 4:30:00 AM
JPM,15.2613243724771,11.6931818181818,-3.56814255429532,7/2/2026 4:45:00 AM
JPM,14.8693722180639,12.0503246753247,-2.81904754273923,7/2/2026 5:00:00 AM
JPM,13.9410632041468,12.4342532467532,-1.50680995739354,7/2/2026 5:15:00 AM
JPM,14.5216222769473,13,-1.52162227694733,7/2/2026 5:30:00 AM
JPM,14.1029633702045,11.9,-2.2029633702045,7/2/2026 5:45:00 AM
MRM,46.1802801697637,37.0743577075099,-9.10592246225382,7/1/2026 6:00:00 PM
MRM,57.3118416058352,37.9399038461538,-19.3719377596814,7/1/2026 6:15:00 PM
MRM,56.1165648035211,37.5880681818182,-18.5284966217029,7/1/2026 6:30:00 PM
MRM,50.1164665229847,38.2034527972028,-11.9130137257819,7/1/2026 6:45:00 PM
MRM,61.1250581008646,40.1880681818182,-20.9369899190465,7/1/2026 7:00:00 PM
MRM,58.7856318193718,38.9207386363636,-19.8648931830082,7/1/2026 7:15:00 PM
MRM,51.4991776289151,38.9994318181818,-12.4997458107333,7/1/2026 7:30:00 PM
MRM,45.4532946423632,36.8950757575758,-8.55821888478746,7/1/2026 7:45:00 PM
MRM,46.4270228932915,37.4263946280992,-9.00062826519236,7/1/2026 8:00:00 PM
MRM,42.0322254437789,37.2402597402597,-4.7919657035192,7/1/2026 8:15:00 PM
MRM,40.937266964147,38.7395104895105,-2.19775647463646,7/1/2026 8:30:00 PM
MRM,44.6697763391094,38.25,-6.4197763391094,7/1/2026 8:45:00 PM
MRM,46.3498739928328,36.4318181818182,-9.91805581101463,7/1/2026 9:00:00 PM
MRM,43.5327451112234,36.4318181818182,-7.10092692940528,7/1/2026 9:15:00 PM
MRM,45.3651677590145,34.5792613636363,-10.7859063953781,7/1/2026 9:30:00 PM
MRM,50.1769349451571,35.6623106060606,-14.5146243390965,7/1/2026 9:45:00 PM
MRM,48.2655476077679,35.6039438502674,-12.6616037575006,7/1/2026 10:00:00 PM
MRM,51.1629701795892,37.6511994949495,-13.5117706846397,7/1/2026 10:15:00 PM
MRM,52.0594332952194,39.9289772727273,-12.1304560224922,7/1/2026 10:30:00 PM
MRM,47.90791518554,39.65625,-8.25166518554002,7/1/2026 10:45:00 PM
MRM,45.7233506549064,36.9289772727273,-8.79437338217915,7/1/2026 11:00:00 PM
MRM,50.2018876873522,34.9261363636364,-15.2757513237158,7/1/2026 11:15:00 PM
MRM,47.6714887270183,35.0170454545455,-12.6544432724729,7/1/2026 11:30:00 PM
MRM,46.4458412945146,35.4261363636364,-11.0197049308782,7/1/2026 11:45:00 PM
MRM,48.2256241287289,35.5372474747475,-12.6883766539814,7/2/2026 12:00:00 AM
MRM,48.2699108668586,35.9715909090909,-12.2983199577677,7/2/2026 12:15:00 AM
MRM,44.0030702055046,33.8070887445887,-10.1959814609158,7/2/2026 12:30:00 AM
MRM,40.8656046767566,34.4261363636364,-6.43946831312022,7/2/2026 12:45:00 AM
MRM,33.1836353263857,34.4261363636364,1.2425010372507,7/2/2026 1:00:00 AM
MRM,40.8482348438976,34.1908422459893,-6.65739259790826,7/2/2026 1:15:00 AM
MRM,37.8612088308607,32.4261363636364,-5.43507246722432,7/2/2026 1:30:00 AM
MRM,39.016785658529,32.4261363636364,-6.59064929489264,7/2/2026 1:45:00 AM
MRM,41.3821467447555,33.2594696969697,-8.12267704778576,7/2/2026 2:00:00 AM
MRM,41.5195821928786,33.4261363636364,-8.09344582924219,7/2/2026 2:15:00 AM
MRM,49.9364195065823,33.4261363636364,-16.5102831429459,7/2/2026 2:30:00 AM
MRM,47.0246165230992,35.6079545454546,-11.4166619776447,7/2/2026 2:45:00 AM
MRM,46.5555134851002,36.4261363636364,-10.1293771214638,7/2/2026 3:00:00 AM
MRM,49.2850322392207,36.7727272727273,-12.5123049664934,7/2/2026 3:15:00 AM
MRM,49.1041409473714,36.487012987013,-12.6171279603584,7/2/2026 3:30:00 AM
MRM,44.209260077122,35.6151859504132,-8.5940741267088,7/2/2026 3:45:00 AM
MRM,47.8654176823304,35.4849598930481,-12.3804577892823,7/2/2026 4:00:00 AM
MRM,47.7834476591485,36.9289772727273,-10.8544703864212,7/2/2026 4:15:00 AM
MRM,48.2355485025567,37.1261363636364,-11.1094121389203,7/2/2026 4:30:00 AM
MRM,49.67074435402,36.3683712121212,-13.3023731418988,7/2/2026 4:45:00 AM
MRM,46.3972207675503,34.4703733766234,-11.9268473909269,7/2/2026 5:00:00 AM
MRM,45.4534250930041,34,-11.4534250930041,7/2/2026 5:15:00 AM
MRM,37.2040249860817,34,-3.2040249860817,7/2/2026 5:30:00 AM
MRM,35.0328864135509,34,-1.03288641355095,7/2/2026 5:45:00 AM
JPM,13.7282618141151,11,-2.72826181411513,7/2/2026 6:00:00 AM
JPM,13.585781036582,11.9090909090909,-1.67669012749113,7/2/2026 6:15:00 AM
JPM,13.7006507429788,11.7333333333333,-1.96731740964544,7/2/2026 6:30:00 AM
JPM,14.369830063753,10.0555555555556,-4.31427450819741,7/2/2026 6:45:00 AM
JPM,14.2866104074199,10,-4.28661040741992,7/2/2026 7:00:00 AM
JPM,14.1286290561348,10.6666666666667,-3.46196238946812,7/2/2026 7:15:00 AM
JPM,14.6815793747043,11,-3.68157937470433,7/2/2026 7:30:00 AM
JPM,14.4709248182345,11,-3.47092481823449,7/2/2026 7:45:00 AM
JPM,14.3067305632321,11.0869565217391,-3.21977404149301,7/2/2026 8:00:00 AM
JPM,13.9497508536593,12,-1.94975085365928,7/2/2026 8:15:00 AM
JPM,13.1429997379667,12.4166666666667,-0.726333071300033,7/2/2026 8:30:00 AM
JPM,13.2207956607033,11.625,-1.59579566070332,7/2/2026 8:45:00 AM
JPM,13.0753719734393,11,-2.07537197343929,7/2/2026 9:00:00 AM
JPM,13.1263914179995,11.7142857142857,-1.41210570371377,7/2/2026 9:15:00 AM
JPM,13.5592503951092,12,-1.55925039510917,7/2/2026 9:30:00 AM
JPM,13.953023150677,12,-1.95302315067696,7/2/2026 9:45:00 AM
JPM,14.2771629477991,10.3636363636364,-3.91352658416276,7/2/2026 10:00:00 AM
JPM,11.8251956181564,10.2380952380952,-1.58710038006115,7/2/2026 10:15:00 AM
JPM,10.4226343440705,11,0.577365655929468,7/2/2026 10:30:00 AM
JPM,13.1819414214089,11.0433238636364,-2.13861755777249,7/2/2026 10:45:00 AM
JPM,13.0487057775791,11.8571428571429,-1.19156292043628,7/2/2026 11:00:00 AM
JPM,13.3909359377454,12,-1.39093593774536,7/2/2026 11:15:00 AM
JPM,13.0069849648411,12,-1.00698496484107,7/2/2026 11:30:00 AM
JPM,13.2539568076259,12,-1.25395680762586,7/2/2026 11:45:00 AM
JPM,13.7290228713737,12,-1.72902287137374,7/2/2026 12:00:00 PM
JPM,13.941377315468,12,-1.94137731546798,7/2/2026 12:15:00 PM
JPM,14.2031429734574,12,-2.20314297345739,7/2/2026 12:30:00 PM
JPM,14.9457225620713,12.2038770053476,-2.74184555672376,7/2/2026 12:45:00 PM
JPM,15.0781921536236,11.5932765151515,-3.48491563847205,7/2/2026 1:00:00 PM
JPM,11.9863752702925,10.8,-1.18637527029246,7/2/2026 1:15:00 PM
JPM,10.7633657738567,11,0.236634226143268,7/2/2026 1:30:00 PM
JPM,9.6993236132803,10.4285714285714,0.729247815291126,7/2/2026 1:45:00 PM
JPM,9.44383891695025,10,0.556161083049751,7/2/2026 2:00:00 PM
JPM,9.35251732224393,9,-0.352517322243934,7/2/2026 2:15:00 PM
JPM,9.13795954699447,9,-0.137959546994475,7/2/2026 2:30:00 PM
JPM,9.8638688609495,9,-0.863868860949497,7/2/2026 2:45:00 PM
JPM,10.1660587110809,6.69230769230769,-3.47375101877321,7/2/2026 3:00:00 PM
JPM,12.5037855764661,8.30769230769231,-4.19609326877377,7/2/2026 3:15:00 PM
JPM,14.7282813731496,10.9166666666667,-3.81161470648289,7/2/2026 3:30:00 PM
JPM,13.9502663905619,10.7333333333333,-3.21693305722858,7/2/2026 3:45:00 PM
JPM,13.3362276139304,10.7272727272727,-2.60895488665769,7/2/2026 4:00:00 PM
JPM,12.5767965633038,12.7272727272727,0.150476163968921,7/2/2026 4:15:00 PM
JPM,11.6020781219998,13,1.39792187800023,7/2/2026 4:30:00 PM
JPM,14.1047680792823,13,-1.1047680792823,7/2/2026 4:45:00 PM
JPM,15.3244471251116,13,-2.3244471251116,7/2/2026 5:00:00 PM
JPM,14.9832883372453,13.4736842105263,-1.50960412671896,7/2/2026 5:15:00 PM
JPM,15.4511588795718,14,-1.4511588795718,7/2/2026 5:30:00 PM
JPM,13.4252770073811,13.4444444444444,0.0191674370633237,7/2/2026 5:45:00 PM
MRM,33.277078465052,34,0.722921534948,7/2/2026 6:00:00 AM
MRM,43.0857550875212,35.6069214876033,-7.47883359991788,7/2/2026 6:15:00 AM
MRM,55.795490530722,36.3462121212121,-19.4492784095099,7/2/2026 6:30:00 AM
MRM,49.9935436619138,36.2329545454545,-13.7605891164592,7/2/2026 6:45:00 AM
MRM,46.4513248075949,35.1175699300699,-11.3337548775249,7/2/2026 7:00:00 AM
MRM,55.7904611618812,35.5662878787879,-20.2241732830933,7/2/2026 7:15:00 AM
MRM,48.5991234232406,35.2885101010101,-13.3106133222305,7/2/2026 7:30:00 AM
MRM,48.1760238774788,35.4646260997067,-12.711397777772,7/2/2026 7:45:00 AM
MRM,52.1093874868909,34.7776679841897,-17.3317195027012,7/2/2026 8:00:00 AM
MRM,51.4045881606926,36.0863636363636,-15.318224524329,7/2/2026 8:15:00 AM
MRM,47.7730738245448,37.2651515151515,-10.5079223093933,7/2/2026 8:30:00 AM
MRM,50.2466360992523,38.7727272727273,-11.4739088265251,7/2/2026 8:45:00 AM
MRM,51.7940415399264,37.7727272727273,-14.0213142671991,7/2/2026 9:00:00 AM
MRM,47.0553633127905,35.9155844155844,-11.1397788972061,7/2/2026 9:15:00 AM
MRM,51.5884637426732,35.9155844155844,-15.6728793270887,7/2/2026 9:30:00 AM
MRM,53.2064040787638,37.5727272727273,-15.6336768060365,7/2/2026 9:45:00 AM
MRM,52.3007562440235,37.7727272727273,-14.5280289712962,7/2/2026 10:00:00 AM
MRM,52.3629101640467,38.534632034632,-13.8282781294147,7/2/2026 10:15:00 AM
MRM,52.7363617655458,38.7727272727273,-13.9636344928185,7/2/2026 10:30:00 AM
MRM,45.9704355915462,37.7994791666667,-8.17095642487954,7/2/2026 10:45:00 AM
MRM,36.7113701831594,34.7224025974026,-1.98896758575678,7/2/2026 11:00:00 AM
MRM,19.7931075558612,25.4952651515152,5.70215759565393,7/2/2026 11:15:00 AM
MRM,13.7605966534349,20.1292613636364,6.36866471020152,7/2/2026 11:30:00 AM
MRM,25.9811492276944,20,-5.98114922769442,7/2/2026 11:45:00 AM
MRM,25.9404581216388,21.1818181818182,-4.75863993982063,7/2/2026 12:00:00 PM
MRM,25.8431281881279,22.6666666666667,-3.17646152146125,7/2/2026 12:15:00 PM
MRM,29.8866523527195,24,-5.88665235271953,7/2/2026 12:30:00 PM
MRM,32.4154527068054,24.3529411764706,-8.0625115303348,7/2/2026 12:45:00 PM
MRM,33.753198441188,25.5355113636364,-8.21768707755167,7/2/2026 1:00:00 PM
MRM,33.5038100289174,26,-7.50381002891739,7/2/2026 1:15:00 PM
MRM,42.4091536612996,25.125,-17.2841536612996,7/2/2026 1:30:00 PM
MRM,43.4156403938935,27.1428571428571,-16.2727832510364,7/2/2026 1:45:00 PM
MRM,45.1190089348935,31.1586538461538,-13.9603550887396,7/2/2026 2:00:00 PM
MRM,50.3116844695964,34.4217171717172,-15.8899672978792,7/2/2026 2:15:00 PM
MRM,42.5907258945084,35.4393939393939,-7.1513319551145,7/2/2026 2:30:00 PM
MRM,22.8177590232628,35.3560606060606,12.5383015827978,7/2/2026 2:45:00 PM
MRM,45.5337032678949,32.1717657342657,-13.3619375336291,7/2/2026 3:00:00 PM
MRM,47.3178803379632,29.3103146853147,-18.0075656526486,7/2/2026 3:15:00 PM
MRM,49.0026212459727,31.7045454545455,-17.2980757914273,7/2/2026 3:30:00 PM
MRM,42.4030991835134,32.8128787878788,-9.59022039563462,7/2/2026 3:45:00 PM
MRM,53.8030854116643,35.3558884297521,-18.4471969819123,7/2/2026 4:00:00 PM
MRM,45.8403329011866,36.4261363636364,-9.41419653755021,7/2/2026 4:15:00 PM
MRM,45.4381083853857,38.9715909090909,-6.46651747629476,7/2/2026 4:30:00 PM
MRM,48.935329428261,37.7594696969697,-11.1758597312913,7/2/2026 4:45:00 PM
MRM,48.9013557996026,35.6988636363636,-13.2024921632389,7/2/2026 5:00:00 PM
MRM,46.5683143001111,37.9703947368421,-8.59791956326902,7/2/2026 5:15:00 PM
MRM,30.8653832032778,38.1818181818182,7.31643497854038,7/2/2026 5:30:00 PM
MRM,29.7536588351552,39,9.24634116484484,7/2/2026 5:45:00 PM
JPM,14.6654364233555,12.0717084639498,-2.59372795940569,7/2/2026 6:00:00 PM
JPM,16.6626091009124,12.5545454545455,-4.10806364636698,7/2/2026 6:15:00 PM
JPM,14.22824780486,12.3465909090909,-1.88165689576907,7/2/2026 6:30:00 PM
JPM,14.896510173287,12.0433238636364,-2.85318630965065,7/2/2026 6:45:00 PM
JPM,14.6723672279921,12,-2.67236722799205,7/2/2026 7:00:00 PM
JPM,15.0894154135762,12,-3.08941541357617,7/2/2026 7:15:00 PM
JPM,15.5484706423531,12,-3.5484706423531,7/2/2026 7:30:00 PM
JPM,16.3700683984097,12,-4.37006839840967,7/2/2026 7:45:00 PM
JPM,9.68214099013584,11.4666666666667,1.78452567653083,7/2/2026 8:00:00 PM
JPM,8.50643010871157,10.0833333333333,1.57690322462177,7/2/2026 8:15:00 PM
JPM,9.74528381814053,10,0.254716181859468,7/2/2026 8:30:00 PM
JPM,12.2205939209378,10.5555555555556,-1.66503836538226,7/2/2026 8:45:00 PM
JPM,12.9044405254589,10.6153846153846,-2.28905591007432,7/2/2026 9:00:00 PM
JPM,13.3582290400972,11,-2.35822904009722,7/2/2026 9:15:00 PM
JPM,13.7847229713271,11,-2.78472297132714,7/2/2026 9:30:00 PM
JPM,13.9685558188382,11,-2.96855581883825,7/2/2026 9:45:00 PM
JPM,13.130260018373,11,-2.13026001837296,7/2/2026 10:00:00 PM
JPM,13.2076368454857,11,-2.20763684548568,7/2/2026 10:15:00 PM
JPM,15.2237001002775,11,-4.22370010027746,7/2/2026 10:30:00 PM
JPM,11.206516286193,11,-0.206516286193008,7/2/2026 10:45:00 PM
JPM,13.7764664514842,11.5,-2.27646645148425,7/2/2026 11:00:00 PM
JPM,19.0634695022647,12,-7.06346950226469,7/2/2026 11:15:00 PM
JPM,19.9865415086207,12.9,-7.08654150862069,7/2/2026 11:30:00 PM
JPM,19.8986708932879,13.1066433566434,-6.79202753664457,7/2/2026 11:45:00 PM
JPM,18.7698138123836,13,-5.76981381238358,7/3/2026 12:00:00 AM
JPM,19.5262946152334,13,-6.52629461523345,7/3/2026 12:15:00 AM
JPM,17.2385832013145,12.8605371900826,-4.37804601123186,7/3/2026 12:30:00 AM
JPM,17.9997160458783,12.7453512396694,-5.25436480620886,7/3/2026 12:45:00 AM
JPM,17.9357887049387,12.695652173913,-5.24013653102568,7/3/2026 1:00:00 AM
JPM,11.7690804243561,12,0.230919575643904,7/3/2026 1:15:00 AM
JPM,11.8226639889214,12,0.177336011078554,7/3/2026 1:30:00 AM
JPM,11.8161545646592,11.3333333333333,-0.482821231325847,7/3/2026 1:45:00 AM
JPM,12.0247718260294,11.75,-0.274771826029381,7/3/2026 2:00:00 AM
JPM,12.2316538323024,12,-0.231653832302367,7/3/2026 2:15:00 AM
JPM,12.566818919402,13.375,0.808181080597974,7/3/2026 2:30:00 AM
JPM,13.530236472308,13.5,-0.0302364723080473,7/3/2026 2:45:00 AM
JPM,12.9525445128431,13.1666666666667,0.214122153823597,7/3/2026 3:00:00 AM
JPM,13.2448241645778,13,-0.244824164577846,7/3/2026 3:15:00 AM
JPM,10.0041218999833,13,2.99587810001673,7/3/2026 3:30:00 AM
JPM,7.34924570716453,13,5.65075429283547,7/3/2026 3:45:00 AM
JPM,10.0066133824163,13.1980519480519,3.19143856563566,7/3/2026 4:00:00 AM
JPM,11.6112673007693,13.6931818181818,2.08191451741256,7/3/2026 4:15:00 AM
JPM,11.431623488581,13.5301573426573,2.09853385407634,7/3/2026 4:30:00 AM
JPM,16.1885828584835,13.3465909090909,-2.84199194939255,7/3/2026 4:45:00 AM
JPM,18.0271126347119,13,-5.02711263471192,7/3/2026 5:00:00 AM
JPM,18.5675276206844,13,-5.56752762068438,7/3/2026 5:15:00 AM
JPM,18.0919524662406,13,-5.09195246624061,7/3/2026 5:30:00 AM
JPM,16.9614642797145,12.4615384615385,-4.49992581817609,7/3/2026 5:45:00 AM
MRM,30.7778041825382,38.0689655172414,7.29116133470316,7/2/2026 6:00:00 PM
MRM,31.1872875180324,35.0666666666667,3.87937914863431,7/2/2026 6:15:00 PM
MRM,34.0273320704435,32.6666666666667,-1.36066540377682,7/2/2026 6:30:00 PM
MRM,36.3339513781531,32,-4.3339513781531,7/2/2026 6:45:00 PM
MRM,43.6265728476217,32,-11.6265728476217,7/2/2026 7:00:00 PM
MRM,38.6182356408163,33.1538461538462,-5.46438948697011,7/2/2026 7:15:00 PM
MRM,37.7996273397773,33.8666666666667,-3.93296067311063,7/2/2026 7:30:00 PM
MRM,39.5912976709975,33,-6.59129767099752,7/2/2026 7:45:00 PM
MRM,42.6386775890981,36.1333333333333,-6.50534425576478,7/2/2026 8:00:00 PM
MRM,37.779274082615,34.0288825757576,-3.75039150685747,7/2/2026 8:15:00 PM
MRM,41.4105134471591,30.9,-10.5105134471591,7/2/2026 8:30:00 PM
MRM,36.7499103046082,28.5555555555556,-8.19435474905263,7/2/2026 8:45:00 PM
MRM,39.0922790666337,30.6398601398601,-8.45241892677355,7/2/2026 9:00:00 PM
MRM,37.885600067692,31.7971590909091,-6.08844097678288,7/2/2026 9:15:00 PM
MRM,38.6522898305391,33.4624125874126,-5.18987724312648,7/2/2026 9:30:00 PM
MRM,39.6839310826272,36.5693993506493,-3.11453173197784,7/2/2026 9:45:00 PM
MRM,44.2863647656339,36.0738636363636,-8.21250112927028,7/2/2026 10:00:00 PM
MRM,37.1266009452765,33.5878099173554,-3.53879102792114,7/2/2026 10:15:00 PM
MRM,39.113407575876,35.3598484848485,-3.75355909102747,7/2/2026 10:30:00 PM
MRM,42.2805625372383,35.6931818181818,-6.58738071905653,7/2/2026 10:45:00 PM
MRM,39.2898634062726,36.1931818181818,-3.09668158809073,7/2/2026 11:00:00 PM
MRM,42.25341890853,36.9331293706294,-5.32028953790065,7/2/2026 11:15:00 PM
MRM,48.5016090662814,36.4678977272727,-12.0337113390087,7/2/2026 11:30:00 PM
MRM,43.1225685477482,37.5423951048951,-5.58017344285312,7/2/2026 11:45:00 PM
MRM,44.0925205361046,37.5028409090909,-6.58967962701368,7/3/2026 12:00:00 AM
MRM,44.4593597307907,38.7878787878788,-5.67148094291195,7/3/2026 12:15:00 AM
MRM,38.8630608555309,39.0113636363636,0.148302780832765,7/3/2026 12:30:00 AM
MRM,42.6486891117331,36.6373966942149,-6.01129241751822,7/3/2026 12:45:00 AM
MRM,34.3011985980626,31.2655632411067,-3.03563535695592,7/3/2026 1:00:00 AM
MRM,32.1573281553746,23.8076073232323,-8.34972083214222,7/3/2026 1:15:00 AM
MRM,27.5721743206164,21.7142857142857,-5.85788860633067,7/3/2026 1:30:00 AM
MRM,29.6591558096163,25.3809523809524,-4.2782034286639,7/3/2026 1:45:00 AM
MRM,36.8869461535296,31.25,-5.63694615352958,7/3/2026 2:00:00 AM
MRM,38.8787292606066,32.8,-6.07872926060661,7/3/2026 2:15:00 AM
MRM,38.4308575768791,34.75,-3.68085757687909,7/3/2026 2:30:00 AM
MRM,41.7507823715916,35,-6.75078237159158,7/3/2026 2:45:00 AM
MRM,40.9737693512405,35.4166666666667,-5.55710268457383,7/3/2026 3:00:00 AM
MRM,41.5053761125391,35.3076923076923,-6.19768380484677,7/3/2026 3:15:00 AM
MRM,39.9920043019737,32.4,-7.59200430197372,7/3/2026 3:30:00 AM
MRM,39.4717897764795,30.7692307692308,-8.70255900724876,7/3/2026 3:45:00 AM
MRM,34.6813284520451,30,-4.68132845204511,7/3/2026 4:00:00 AM
MRM,34.4644703218382,31.1428571428571,-3.32161317898111,7/3/2026 4:15:00 AM
MRM,47.242083638559,35,-12.242083638559,7/3/2026 4:30:00 AM
MRM,38.5756678220212,35,-3.57566782202117,7/3/2026 4:45:00 AM
MRM,39.8154459322533,36,-3.81544593225327,7/3/2026 5:00:00 AM
MRM,50.2926080253757,36.2,-14.0926080253757,7/3/2026 5:15:00 AM
MRM,51.9053230338749,36,-15.9053230338749,7/3/2026 5:30:00 AM
MRM,51.185575074742,35.1538461538462,-16.0317289208959,7/3/2026 5:45:00 AM
JPM,14.7096374460942,13,-1.70963744609419,7/3/2026 6:00:00 AM
JPM,14.1048742880535,13.0385101010101,-1.06636418704335,7/3/2026 6:15:00 AM
JPM,14.0398209786195,13,-1.03982097861954,7/3/2026 6:30:00 AM
JPM,12.4725938146828,13,0.527406185317156,7/3/2026 6:45:00 AM
JPM,13.6265612789252,13,-0.626561278925189,7/3/2026 7:00:00 AM
JPM,13.9679884698551,13,-0.967988469855079,7/3/2026 7:15:00 AM
JPM,13.8064979980705,13,-0.806497998070478,7/3/2026 7:30:00 AM
JPM,15.0403604117556,13,-2.04036041175564,7/3/2026 7:45:00 AM
JPM,15.501417046721,13,-2.50141704672103,7/3/2026 8:00:00 AM
JPM,14.7583493154239,13,-1.75834931542393,7/3/2026 8:15:00 AM
JPM,15.782852127385,13,-2.78285212738504,7/3/2026 8:30:00 AM
JPM,14.8317716539343,11.4,-3.43177165393428,7/3/2026 8:45:00 AM
JPM,14.9761938352475,10.7272727272727,-4.24892110797481,7/3/2026 9:00:00 AM
JPM,15.0409377467125,10,-5.04093774671248,7/3/2026 9:15:00 AM
JPM,15.159972391561,11,-4.15997239156102,7/3/2026 9:30:00 AM
JPM,12.935239912717,11.8,-1.13523991271698,7/3/2026 9:45:00 AM
JPM,10.8614606739569,9,-1.86146067395691,7/3/2026 10:00:00 AM
JPM,11.6434628617786,8,-3.64346286177864,7/3/2026 10:15:00 AM
JPM,10.5649295393351,8,-2.56492953933514,7/3/2026 10:30:00 AM
JPM,7.62315853192145,7,-0.62315853192145,7/3/2026 10:45:00 AM
JPM,7.3363500301694,7,-0.336350030169402,7/3/2026 11:00:00 AM
JPM,7.33665532504252,7,-0.336655325042519,7/3/2026 11:15:00 AM
JPM,7.31179647025977,7,-0.311796470259766,7/3/2026 11:30:00 AM
JPM,7.46970560048553,7.16666666666667,-0.303038933818866,7/3/2026 11:45:00 AM
JPM,7.61901252166834,8,0.38098747833166,7/3/2026 12:00:00 PM
JPM,7.97192678656121,8,0.0280732134387929,7/3/2026 12:15:00 PM
JPM,7.97258522070079,8,0.0274147792992085,7/3/2026 12:30:00 PM
JPM,7.56123722176165,7.27272727272727,-0.288509949034378,7/3/2026 12:45:00 PM
JPM,7.34025974114682,6,-1.34025974114682,7/3/2026 1:00:00 PM
JPM,7.43890019647168,6,-1.43890019647168,7/3/2026 1:15:00 PM
JPM,7.65148330306194,6.21428571428571,-1.43719758877622,7/3/2026 1:30:00 PM
JPM,7.82619128535422,10.2222222222222,2.396030936868,7/3/2026 1:45:00 PM
JPM,7.83761160993366,8.33333333333333,0.495721723399672,7/3/2026 2:00:00 PM
JPM,4.14080448365827,3.73333333333333,-0.407471150324938,7/3/2026 2:15:00 PM
JPM,2.3699632446028,3,0.630036755397201,7/3/2026 2:30:00 PM
JPM,2.34490303767259,3.91666666666667,1.57176362899408,7/3/2026 2:45:00 PM
JPM,2.3165987682581,3,0.683401231741898,7/3/2026 3:00:00 PM
MRM,49.523892853399,35.2071678321678,-14.3167250212312,7/3/2026 6:00:00 AM
MRM,45.3134546633593,35,-10.3134546633593,7/3/2026 6:15:00 AM
MRM,46.8596714544339,35,-11.8596714544339,7/3/2026 6:30:00 AM
MRM,45.7709220042443,34.75,-11.0209220042443,7/3/2026 6:45:00 AM
MRM,41.6932013836767,34.8333333333333,-6.85986805034341,7/3/2026 7:00:00 AM
MRM,41.1308245720636,36,-5.13082457206361,7/3/2026 7:15:00 AM
MRM,42.1738564213238,37,-5.1738564213238,7/3/2026 7:30:00 AM
MRM,41.1565892906064,37,-4.15658929060641,7/3/2026 7:45:00 AM
MRM,46.0303615059383,36.6,-9.43036150593834,7/3/2026 8:00:00 AM
MRM,47.0225754385408,36,-11.0225754385408,7/3/2026 8:15:00 AM
MRM,47.5764804431379,36.3780991735537,-11.1983812695842,7/3/2026 8:30:00 AM
MRM,43.8628870911573,35.7333333333333,-8.12955375782398,7/3/2026 8:45:00 AM
MRM,51.8660634506344,36.4545454545455,-15.4115179960889,7/3/2026 9:00:00 AM
MRM,49.8856788968839,36.7142857142857,-13.1713931825982,7/3/2026 9:15:00 AM
MRM,46.4372322216217,36,-10.4372322216217,7/3/2026 9:30:00 AM
MRM,40.8402394272118,36,-4.84023942721181,7/3/2026 9:45:00 AM
MRM,38.6893158683577,36,-2.68931586835772,7/3/2026 10:00:00 AM
MRM,37.1966357401449,34,-3.19663574014493,7/3/2026 10:15:00 AM
MRM,38.7348474337068,34,-4.73484743370682,7/3/2026 10:30:00 AM
MRM,37.5007956852836,34,-3.50079568528359,7/3/2026 10:45:00 AM
MRM,37.9246501471048,33.9166666666667,-4.0079834804381,7/3/2026 11:00:00 AM
MRM,36.1938625021655,33,-3.19386250216553,7/3/2026 11:15:00 AM
MRM,40.0401782671795,32.9375,-7.10267826717953,7/3/2026 11:30:00 AM
MRM,38.1141415397751,32.6666666666667,-5.44747487310843,7/3/2026 11:45:00 AM
MRM,37.899364704194,32.6,-5.29936470419396,7/3/2026 12:00:00 PM
MRM,35.8817413280378,33,-2.88174132803776,7/3/2026 12:15:00 PM
MRM,34.2109483053751,33,-1.21094830537508,7/3/2026 12:30:00 PM
MRM,34.2920410683896,33,-1.29204106838962,7/3/2026 12:45:00 PM
MRM,35.1148680320424,32.5,-2.61486803204242,7/3/2026 1:00:00 PM
MRM,34.1363239653118,32.2857142857143,-1.85060967959752,7/3/2026 1:15:00 PM
MRM,41.3081738972924,32.9285714285714,-8.37960246872095,7/3/2026 1:30:00 PM
MRM,40.4075774879769,32.3333333333333,-8.07424415464358,7/3/2026 1:45:00 PM
MRM,41.3254931220859,30.306976010101,-11.0185171119848,7/3/2026 2:00:00 PM
MRM,37.8729805772608,27.8,-10.0729805772608,7/3/2026 2:15:00 PM
MRM,38.3448225516557,27.3333333333333,-11.0114892183224,7/3/2026 2:30:00 PM
MRM,38.606878809284,27.1685606060606,-11.4383182032234,7/3/2026 2:45:00 PM
MRM,35.8888766904335,26.1878551136364,-9.70102157679714,7/3/2026 3:00:00 PM
MRM,36.9313658835793,26.4,-10.5313658835793,7/3/2026 3:15:00 PM
MRM,34.6015591313745,25,-9.60155913137449,7/3/2026 3:30:00 PM
MRM,38.2580065528388,27.5833333333333,-10.6746732195055,7/3/2026 3:45:00 PM
MRM,37.7049333515443,29,-8.70493335154431,7/3/2026 4:00:00 PM
MRM,46.8674833115637,33,-13.8674833115637,7/3/2026 4:15:00 PM
MRM,47.2236563098473,36,-11.2236563098473,7/3/2026 4:30:00 PM
MRM,48.2652991297304,36,-12.2652991297304,7/3/2026 4:45:00 PM
MRM,34.9176034415928,36,1.08239655840724,7/3/2026 5:00:00 PM
MRM,39.9062485775849,34.3333333333333,-5.57291524425152,7/3/2026 5:15:00 PM
MRM,36.0186029117636,35.25,-0.768602911763573,7/3/2026 5:30:00 PM
MRM,40.071474571132,35.099025974026,-4.97244859710602,7/3/2026 5:45:00 PM
JPM,2.31846635064236,3.72727272727273,1.40880637663037,7/3/2026 7:15:00 PM
JPM,2.28326177528013,5.75,3.46673822471987,7/3/2026 7:30:00 PM
JPM,2.23025747611681,5,2.76974252388319,7/3/2026 7:45:00 PM
JPM,7.69176685782917,8.48,0.788233142170833,7/3/2026 8:00:00 PM
JPM,9.80892914164114,10,0.191070858358856,7/3/2026 8:15:00 PM
JPM,6.34147453247062,11,4.65852546752938,7/3/2026 8:30:00 PM
JPM,10.5143797996233,11,0.485620200376683,7/3/2026 8:45:00 PM
JPM,10.4354902271512,11,0.564509772848769,7/3/2026 9:00:00 PM
JPM,11.0915549296833,11,-0.0915549296833333,7/3/2026 9:15:00 PM
JPM,10.8400865041059,11,0.159913495894074,7/3/2026 9:30:00 PM
JPM,13.2003623823003,11,-2.20036238230026,7/3/2026 9:45:00 PM
JPM,13.7202310331621,11.3333333333333,-2.38689769982875,7/3/2026 10:00:00 PM
JPM,15.6135057676815,12,-3.61350576768147,7/3/2026 10:15:00 PM
JPM,17.123214417192,12,-5.12321441719202,7/3/2026 10:30:00 PM
JPM,14.4064387100511,12,-2.40643871005114,7/3/2026 10:45:00 PM
JPM,12.6783988845902,12,-0.678398884590154,7/3/2026 11:00:00 PM
JPM,12.121481865018,12,-0.121481865017994,7/3/2026 11:15:00 PM
JPM,11.5603188922987,12,0.439681107701285,7/3/2026 11:30:00 PM
JPM,11.4900574171348,12,0.509942582865152,7/3/2026 11:45:00 PM
JPM,15.7800409075917,12,-3.7800409075917,7/4/2026 12:00:00 AM
JPM,15.4868755322665,12,-3.48687553226647,7/4/2026 12:15:00 AM
JPM,16.2146294546626,12,-4.21462945466262,7/4/2026 12:30:00 AM
JPM,16.5866229436454,12,-4.58662294364544,7/4/2026 12:45:00 AM
JPM,17.5111505930786,12,-5.51115059307858,7/4/2026 1:00:00 AM
JPM,18.0553166801018,12,-6.05531668010182,7/4/2026 1:15:00 AM
JPM,18.6551255204544,12,-6.65512552045438,7/4/2026 1:30:00 AM
JPM,17.7638111258308,12,-5.76381112583081,7/4/2026 1:45:00 AM
JPM,18.0570790964108,12,-6.05707909641075,7/4/2026 2:00:00 AM
JPM,17.6587300270814,12,-5.65873002708144,7/4/2026 2:15:00 AM
JPM,17.7802543467829,12,-5.78025434678294,7/4/2026 2:30:00 AM
JPM,17.1602938387153,12,-5.16029383871532,7/4/2026 2:45:00 AM
JPM,17.380474706571,12,-5.38047470657095,7/4/2026 3:00:00 AM
JPM,18.8975365345862,12,-6.89753653458625,7/4/2026 3:15:00 AM
JPM,19.1900567073928,12,-7.19005670739278,7/4/2026 3:30:00 AM
JPM,20.1144511534973,12,-8.11445115349732,7/4/2026 3:45:00 AM
JPM,18.7264732866273,12,-6.72647328662729,7/4/2026 4:00:00 AM
JPM,17.4674812738533,12,-5.46748127385327,7/4/2026 4:15:00 AM
JPM,16.7375679805015,12,-4.73756798050155,7/4/2026 4:30:00 AM
JPM,16.2424839429886,12,-4.24248394298863,7/4/2026 4:45:00 AM
JPM,16.850824962308,12,-4.85082496230797,7/4/2026 5:00:00 AM
JPM,17.6438326719004,12.2520661157025,-5.39176655619795,7/4/2026 5:15:00 AM
JPM,17.4470004215734,12.2475649350649,-5.19943548650848,7/4/2026 5:30:00 AM
JPM,13.3420479772296,12.3,-1.04204797722962,7/4/2026 5:45:00 AM
MRM,42.1050334685251,34.854797979798,-7.25023548872707,7/3/2026 6:00:00 PM
MRM,42.8510369452261,35.0577651515151,-7.79327179371092,7/3/2026 6:15:00 PM
MRM,41.8763692183846,34.4615384615385,-7.41483075684618,7/3/2026 6:30:00 PM
MRM,44.3932701106615,31.6363636363636,-12.7569064742978,7/3/2026 6:45:00 PM
MRM,40.8721599801232,32,-8.87215998012316,7/3/2026 7:00:00 PM
MRM,44.1190500702407,32,-12.1190500702407,7/3/2026 7:15:00 PM
MRM,43.8927944962772,33.4480113636364,-10.4447831326408,7/3/2026 7:30:00 PM
MRM,30.5907660089647,32.5370670995671,1.94630109060241,7/3/2026 7:45:00 PM
MRM,15.4932660098108,21.3049242424243,5.8116582326135,7/3/2026 8:00:00 PM
MRM,13.2797599280581,13.0361201298701,-0.243639798187957,7/3/2026 8:15:00 PM
MRM,13.2573079215926,13.3339359504132,0.0766280288206218,7/3/2026 8:30:00 PM
MRM,18.2586873286671,19.7695075757576,1.51082024709049,7/3/2026 8:45:00 PM
MRM,22.9201994706506,22.3,-0.620199470650565,7/3/2026 9:00:00 PM
MRM,26.2673544683294,23,-3.26735446832936,7/3/2026 9:15:00 PM
MRM,35.4477173110851,22.4285714285714,-13.0191458825137,7/3/2026 9:30:00 PM
MRM,37.6262331080122,24.1160402097902,-13.510192898222,7/3/2026 9:45:00 PM
MRM,34.950347565811,24.75,-10.200347565811,7/3/2026 10:00:00 PM
MRM,41.1070107592873,27.1,-14.0070107592873,7/3/2026 10:15:00 PM
MRM,56.4982784137021,30.3333333333333,-26.1649450803687,7/3/2026 10:30:00 PM
MRM,56.5120470165402,32.6923076923077,-23.8197393242325,7/3/2026 10:45:00 PM
MRM,42.4683551947053,32.6676136363636,-9.80074155834161,7/3/2026 11:00:00 PM
MRM,53.5268116243064,31.6498579545454,-21.876953669761,7/3/2026 11:15:00 PM
MRM,47.7377621315404,32.0975378787879,-15.6402242527525,7/3/2026 11:30:00 PM
MRM,56.474729128795,32.0465909090909,-24.428138219704,7/3/2026 11:45:00 PM
MRM,58.0864255058411,32.4282670454545,-25.6581584603865,7/4/2026 12:00:00 AM
MRM,57.3563824048527,32,-25.3563824048527,7/4/2026 12:15:00 AM
MRM,55.4515658972577,32,-23.4515658972577,7/4/2026 12:30:00 AM
MRM,54.0581739404833,31.1538461538462,-22.9043277866372,7/4/2026 12:45:00 AM
MRM,55.7148862883968,30,-25.7148862883968,7/4/2026 1:00:00 AM
MRM,48.0983716322269,30.3598484848485,-17.7385231473784,7/4/2026 1:15:00 AM
MRM,45.7617019573888,32.9938016528926,-12.7679003044963,7/4/2026 1:30:00 AM
MRM,35.690970443069,32.4,-3.29097044306899,7/4/2026 1:45:00 AM
MRM,39.4154320511828,34.2,-5.21543205118279,7/4/2026 2:00:00 AM
MRM,44.7139883141945,35,-9.71398831419452,7/4/2026 2:15:00 AM
MRM,41.9468285026845,34,-7.9468285026845,7/4/2026 2:30:00 AM
MRM,41.1748875513239,34,-7.17488755132386,7/4/2026 2:45:00 AM
MRM,42.1246333214252,34.2840909090909,-7.84054241233431,7/4/2026 3:00:00 AM
MRM,37.9242844288116,35,-2.9242844288116,7/4/2026 3:15:00 AM
MRM,50.9691356064766,35.1666666666667,-15.8024689398099,7/4/2026 3:30:00 AM
MRM,44.2281127171359,35.5714285714286,-8.65668414570734,7/4/2026 3:45:00 AM
MRM,46.3473221667453,35,-11.3473221667453,7/4/2026 4:00:00 AM
MRM,50.1438982819279,35,-15.1438982819279,7/4/2026 4:15:00 AM
MRM,54.8311623938667,35.7272727272727,-19.1038896665939,7/4/2026 4:30:00 AM
MRM,56.0053808952225,38,-18.0053808952225,7/4/2026 4:45:00 AM
MRM,56.0375474397324,39,-17.0375474397324,7/4/2026 5:00:00 AM
MRM,45.6055764506592,38.7272727272727,-6.87830372338647,7/4/2026 5:15:00 AM
MRM,43.2450993230443,38.5714285714286,-4.67367075161571,7/4/2026 5:30:00 AM
MRM,55.6893427641195,39,-16.6893427641195,7/4/2026 5:45:00 AM
JPM,11.2963667637614,14,2.70363323623863,7/4/2026 6:00:00 AM
JPM,12.0983237638895,14,1.9016762361105,7/4/2026 6:15:00 AM
JPM,12.5023134082494,14,1.49768659175058,7/4/2026 6:30:00 AM
JPM,13.3171745749893,14,0.68282542501073,7/4/2026 6:45:00 AM
JPM,15.406500472413,14,-1.40650047241302,7/4/2026 7:00:00 AM
JPM,14.6827850836258,14,-0.682785083625765,7/4/2026 7:15:00 AM
JPM,13.6307281405829,14,0.36927185941706,7/4/2026 7:30:00 AM
JPM,14.3051494247942,14,-0.305149424794193,7/4/2026 7:45:00 AM
JPM,13.296972240068,14,0.703027759932008,7/4/2026 8:00:00 AM
JPM,13.3743715666716,14,0.625628433328423,7/4/2026 8:15:00 AM
JPM,13.4925987331869,14,0.507401266813067,7/4/2026 8:30:00 AM
JPM,12.9315226988542,13.9230769230769,0.991554224222682,7/4/2026 8:45:00 AM
JPM,14.7702881324402,13.375,-1.39528813244018,7/4/2026 9:00:00 AM
JPM,12.8355493735308,14,1.16445062646917,7/4/2026 9:15:00 AM
JPM,13.980382225104,13.9333333333333,-0.0470488917706824,7/4/2026 9:30:00 AM
JPM,14.8636658339676,12.7272727272727,-2.13639310669488,7/4/2026 9:45:00 AM
JPM,14.1084563808427,12,-2.10845638084268,7/4/2026 10:00:00 AM
JPM,13.6757165757725,12.0909090909091,-1.58480748486339,7/4/2026 10:15:00 AM
JPM,13.9857954650982,13.375,-0.610795465098171,7/4/2026 10:30:00 AM
JPM,14.725549680423,13,-1.725549680423,7/4/2026 10:45:00 AM
JPM,13.9134254913922,12,-1.91342549139224,7/4/2026 11:00:00 AM
JPM,14.0919922532149,12,-2.09199225321486,7/4/2026 11:15:00 AM
JPM,14.6854533644842,12,-2.68545336448422,7/4/2026 11:30:00 AM
JPM,15.2829495283124,12,-3.28294952831244,7/4/2026 11:45:00 AM
JPM,14.295111934176,11.875,-2.42011193417605,7/4/2026 12:00:00 PM
JPM,15.6485023944193,11,-4.6485023944193,7/4/2026 12:15:00 PM
JPM,15.8204997508556,11,-4.82049975085561,7/4/2026 12:30:00 PM
JPM,15.2311611203726,11,-4.23116112037259,7/4/2026 12:45:00 PM
JPM,15.2501029534101,11,-4.25010295341013,7/4/2026 1:00:00 PM
JPM,15.4332918045403,11,-4.43329180454026,7/4/2026 1:15:00 PM
JPM,14.3412670513648,12.0769230769231,-2.26434397444175,7/4/2026 1:30:00 PM
JPM,13.5176799584659,13,-0.517679958465877,7/4/2026 1:45:00 PM
JPM,13.0857671874188,13,-0.0857671874187815,7/4/2026 2:00:00 PM
JPM,12.8592811779736,13,0.140718822026409,7/4/2026 2:15:00 PM
JPM,12.7138434648727,13,0.286156535127281,7/4/2026 2:30:00 PM
JPM,12.1962781068339,13,0.803721893166109,7/4/2026 2:45:00 PM
JPM,12.7537330370834,12.4210526315789,-0.332680405504419,7/4/2026 3:00:00 PM
JPM,9.16741039956925,10.2777777777778,1.11036737820853,7/4/2026 3:15:00 PM
JPM,7.04488631362668,7.75,0.705113686373316,7/4/2026 3:30:00 PM
JPM,3.35709450405997,5.5,2.14290549594003,7/4/2026 3:45:00 PM
JPM,3.27829713828942,4,0.721702861710583,7/4/2026 4:00:00 PM
JPM,3.18263664050172,4,0.817363359498279,7/4/2026 4:15:00 PM
JPM,3.31415105452841,4,0.685848945471591,7/4/2026 4:30:00 PM
JPM,3.20721614283186,4,0.792783857168141,7/4/2026 4:45:00 PM
JPM,3.24742977097628,4,0.752570229023723,7/4/2026 5:00:00 PM
JPM,3.4261394880292,7.52631578947368,4.10017630144449,7/4/2026 5:15:00 PM
JPM,8.6769202331295,10.4642857142857,1.78736548115622,7/4/2026 5:30:00 PM
JPM,8.7819246927068,10,1.2180753072932,7/4/2026 5:45:00 PM
MRM,44.8354432206469,39,-5.83544322064685,7/4/2026 6:00:00 AM
MRM,42.8544084758614,38.6829268292683,-4.17148164659316,7/4/2026 6:15:00 AM
MRM,44.1716263526888,37.0056818181818,-7.16594453450701,7/4/2026 6:30:00 AM
MRM,40.5730912091674,36.3465909090909,-4.22650030007647,7/4/2026 6:45:00 AM
MRM,38.9520997087043,35.1224173553719,-3.82968235333239,7/4/2026 7:00:00 AM
MRM,42.2526913799233,35.5,-6.75269137992328,7/4/2026 7:15:00 AM
MRM,40.9010223412145,36,-4.90102234121451,7/4/2026 7:30:00 AM
MRM,41.6572234939595,36,-5.65722349395955,7/4/2026 7:45:00 AM
MRM,39.6351556578,36,-3.6351556578,7/4/2026 8:00:00 AM
MRM,38.7845634122029,35.7777777777778,-3.00678563442508,7/4/2026 8:15:00 AM
MRM,37.8746583507256,36,-1.87465835072562,7/4/2026 8:30:00 AM
MRM,49.3583540880878,36,-13.3583540880878,7/4/2026 8:45:00 AM
MRM,51.6090431575341,36,-15.6090431575341,7/4/2026 9:00:00 AM
MRM,48.8395231430502,35.5,-13.3395231430502,7/4/2026 9:15:00 AM
MRM,45.5747634173238,35.7333333333333,-9.84143008399051,7/4/2026 9:30:00 AM
MRM,39.9431874521513,36,-3.94318745215129,7/4/2026 9:45:00 AM
MRM,34.8977834805991,36.375,1.47721651940087,7/4/2026 10:00:00 AM
MRM,37.2197274482407,37.0909090909091,-0.128818357331632,7/4/2026 10:15:00 AM
MRM,40.2341548691987,35,-5.23415486919875,7/4/2026 10:30:00 AM
MRM,37.3438811774189,34.4117647058824,-2.93211647153659,7/4/2026 10:45:00 AM
MRM,42.5788540518683,34,-8.57885405186828,7/4/2026 11:00:00 AM
MRM,41.0940526651241,33.6875,-7.40655266512407,7/4/2026 11:15:00 AM
MRM,40.5238467945677,33,-7.5238467945677,7/4/2026 11:30:00 AM
MRM,39.461112099072,33.9375,-5.52361209907198,7/4/2026 11:45:00 AM
MRM,38.6972376890262,35.7144886363636,-2.98274905266254,7/4/2026 12:00:00 PM
MRM,38.9868439831911,35.9649621212121,-3.02188186197899,7/4/2026 12:15:00 PM
MRM,36.263405289697,34.6428571428571,-1.62054814683987,7/4/2026 12:30:00 PM
MRM,35.4351084876826,35.4285714285714,-0.00653705911120284,7/4/2026 12:45:00 PM
MRM,49.1596604180397,35.1764705882353,-13.9831898298044,7/4/2026 1:00:00 PM
MRM,34.045822513358,34.8235294117647,0.77770689840667,7/4/2026 1:15:00 PM
MRM,37.6978351070418,35.5384615384615,-2.15937356858023,7/4/2026 1:30:00 PM
MRM,35.4395845512581,36.2105263157895,0.770941764531379,7/4/2026 1:45:00 PM
MRM,45.3163190704458,38,-7.31631907044578,7/4/2026 2:00:00 PM
MRM,45.301850802395,38,-7.30185080239497,7/4/2026 2:15:00 PM
MRM,44.0062033698886,38,-6.00620336988863,7/4/2026 2:30:00 PM
MRM,38.1237944578976,37.6923076923077,-0.431486765589945,7/4/2026 2:45:00 PM
MRM,33.66181826638,35.9750299043062,2.31321163792624,7/4/2026 3:00:00 PM
MRM,39.6694924662346,35.0003156565657,-4.66917680966898,7/4/2026 3:15:00 PM
MRM,28.070192331615,34.25,6.17980766838505,7/4/2026 3:30:00 PM
MRM,32.4504369061248,34,1.54956309387521,7/4/2026 3:45:00 PM
MRM,31.8110480630779,33.8799715909091,2.06892352783116,7/4/2026 4:00:00 PM
MRM,30.0281045395859,31.9829545454546,1.95485000586869,7/4/2026 4:15:00 PM
MRM,17.458845883333,30.7256493506493,13.2668034673164,7/4/2026 4:30:00 PM
MRM,29.3421400721519,31.9023268398268,2.56018676767492,7/4/2026 4:45:00 PM
MRM,32.2237171496745,33.8155594405594,1.59184229088496,7/4/2026 5:00:00 PM
MRM,43.5102844709298,36.8670753588517,-6.6432091120781,7/4/2026 5:15:00 PM
MRM,39.1062389150215,35.5255681818182,-3.5806707332033,7/4/2026 5:30:00 PM
MRM,45.1233177495359,33.2,-11.9233177495359,7/4/2026 5:45:00 PM
JPM,8.92367371721893,10,1.07632628278107,7/4/2026 6:00:00 PM
JPM,8.95258902870795,10.3846153846154,1.43202635590744,7/4/2026 6:15:00 PM
JPM,9.6785332965997,11,1.3214667034003,7/4/2026 6:30:00 PM
JPM,9.27357422223943,11,1.72642577776057,7/4/2026 6:45:00 PM
JPM,9.01132447510231,11,1.98867552489769,7/4/2026 7:00:00 PM
JPM,9.08978511414756,11,1.91021488585244,7/4/2026 7:15:00 PM
JPM,12.614917031562,12.3333333333333,-0.281583698228641,7/4/2026 7:30:00 PM
JPM,14.1955485372459,13,-1.19554853724588,7/4/2026 7:45:00 PM
JPM,15.0706679899697,13,-2.07066798996972,7/4/2026 8:00:00 PM
JPM,16.4682929779175,13,-3.46829297791754,7/4/2026 8:15:00 PM
JPM,15.9328438730339,13,-2.93284387303393,7/4/2026 8:30:00 PM
JPM,15.028484240409,12.9090909090909,-2.11939333131809,7/4/2026 8:45:00 PM
JPM,11.5552410157839,12,0.44475898421612,7/4/2026 9:00:00 PM
JPM,10.0267331961958,12,1.97326680380423,7/4/2026 9:15:00 PM
JPM,15.3276808295367,10.2352941176471,-5.09238671188959,7/4/2026 9:30:00 PM
JPM,11.574842122279,10.5714285714286,-1.00341355085038,7/4/2026 9:45:00 PM
JPM,13.4300151320726,12,-1.43001513207258,7/4/2026 10:00:00 PM
JPM,14.8553963336751,12,-2.85539633367509,7/4/2026 10:15:00 PM
JPM,15.6895413233554,12,-3.6895413233554,7/4/2026 10:30:00 PM
JPM,16.3869861616071,13.0909090909091,-3.29607707069803,7/4/2026 10:45:00 PM
JPM,15.78069386149,12,-3.78069386149001,7/4/2026 11:00:00 PM
JPM,16.9218418218452,12,-4.9218418218452,7/4/2026 11:15:00 PM
JPM,17.1862621559884,12,-5.18626215598837,7/4/2026 11:30:00 PM
JPM,16.8824966682185,12,-4.8824966682185,7/4/2026 11:45:00 PM
JPM,17.1489618084491,13.4917929292929,-3.65716887915622,7/5/2026 12:00:00 AM
JPM,17.0411775608113,13,-4.04117756081132,7/5/2026 12:15:00 AM
JPM,16.9697247611795,13.1818181818182,-3.78790657936134,7/5/2026 12:30:00 AM
JPM,15.22611402299,14,-1.22611402298998,7/5/2026 12:45:00 AM
JPM,14.3495065613827,14,-0.349506561382732,7/5/2026 1:00:00 AM
JPM,13.9453526603644,13.9166666666667,-0.0286859936977333,7/5/2026 1:15:00 AM
JPM,9.79820783713781,12.8571428571429,3.05893502000505,7/5/2026 1:30:00 AM
JPM,13.5039007627314,12,-1.50390076273137,7/5/2026 1:45:00 AM
JPM,16.3229749773696,12,-4.32297497736964,7/5/2026 2:00:00 AM
JPM,17.9208957037906,12,-5.92089570379059,7/5/2026 2:15:00 AM
JPM,15.8780666795039,10.3333333333333,-5.54473334617056,7/5/2026 2:30:00 AM
JPM,13.4593051505768,10.0769230769231,-3.38238207365368,7/5/2026 2:45:00 AM
JPM,14.8546714670596,10.3333333333333,-4.52133813372622,7/5/2026 3:00:00 AM
JPM,17.9329983630063,13,-4.93299836300632,7/5/2026 3:15:00 AM
JPM,17.8765167271683,13,-4.87651672716834,7/5/2026 3:30:00 AM
JPM,16.355648882617,14,-2.35564888261703,7/5/2026 3:45:00 AM
JPM,16.142212824964,13.2,-2.94221282496395,7/5/2026 4:00:00 AM
JPM,16.3759814134455,13,-3.37598141344554,7/5/2026 4:15:00 AM
JPM,17.260954599656,13,-4.260954599656,7/5/2026 4:30:00 AM
JPM,16.4744389713492,13,-3.47443897134922,7/5/2026 4:45:00 AM
JPM,15.2418149158792,13,-2.24181491587918,7/5/2026 5:00:00 AM
JPM,15.4474134499795,13.25,-2.19741344997952,7/5/2026 5:15:00 AM
JPM,15.2668820713106,14.7,-0.566882071310609,7/5/2026 5:30:00 AM
JPM,15.5261436697427,13.8571428571429,-1.66900081259979,7/5/2026 5:45:00 AM
MRM,55.9034909016901,31.4166666666667,-24.4868242350235,7/4/2026 6:00:00 PM
MRM,55.7569131050621,31.159965034965,-24.5969480700971,7/4/2026 6:15:00 PM
MRM,50.9991060574229,32.9334415584416,-18.0656644989813,7/4/2026 6:30:00 PM
MRM,47.682430571343,33.3090909090909,-14.3733396622521,7/4/2026 6:45:00 PM
MRM,43.6700852242299,33.3851461038961,-10.2849391203338,7/4/2026 7:00:00 PM
MRM,49.7510197878545,33.5113636363636,-16.2396561514908,7/4/2026 7:15:00 PM
MRM,52.0703983517292,37,-15.0703983517292,7/4/2026 7:30:00 PM
MRM,57.5155646938413,37,-20.5155646938413,7/4/2026 7:45:00 PM
MRM,53.3802835990004,34.8333333333333,-18.5469502656671,7/4/2026 8:00:00 PM
MRM,58.7799443834617,35.2116477272727,-23.568296656189,7/4/2026 8:15:00 PM
MRM,54.699789815138,34.8333333333333,-19.8664564818047,7/4/2026 8:30:00 PM
MRM,55.0948299046494,34,-21.0948299046494,7/4/2026 8:45:00 PM
MRM,52.461866229464,34,-18.461866229464,7/4/2026 9:00:00 PM
MRM,41.514356318844,34.5625,-6.95185631884395,7/4/2026 9:15:00 PM
MRM,47.6662526306353,35.6589237967914,-12.0073288338438,7/4/2026 9:30:00 PM
MRM,52.1234724032872,36.5722402597403,-15.551232143547,7/4/2026 9:45:00 PM
MRM,54.1075498677679,37.4772727272727,-16.6302771404952,7/4/2026 10:00:00 PM
MRM,51.8189832027154,36.2212121212121,-15.5977710815033,7/4/2026 10:15:00 PM
MRM,48.5542702055966,35.5454545454545,-13.0088156601421,7/4/2026 10:30:00 PM
MRM,51.7155416366976,38.4545454545455,-13.2609961821522,7/4/2026 10:45:00 PM
MRM,56.7424316170078,38,-18.7424316170078,7/4/2026 11:00:00 PM
MRM,52.2677980935054,37.4120989304813,-14.8556991630241,7/4/2026 11:15:00 PM
MRM,43.8186552991899,33.5588235294118,-10.2598317697781,7/4/2026 11:30:00 PM
MRM,47.1027578329271,28.9545454545455,-18.1482123783816,7/4/2026 11:45:00 PM
MRM,43.2263778023872,26.5555555555556,-16.6708222468317,7/5/2026 12:00:00 AM
MRM,35.8606460841215,25.8181818181818,-10.0424642659396,7/5/2026 12:15:00 AM
MRM,42.1928392200162,27.0909090909091,-15.1019301291071,7/5/2026 12:30:00 AM
MRM,45.6545813938969,26.25,-19.4045813938969,7/5/2026 12:45:00 AM
MRM,48.1722122071657,26,-22.1722122071657,7/5/2026 1:00:00 AM
MRM,46.7094450813809,26.4166666666667,-20.2927784147143,7/5/2026 1:15:00 AM
MRM,41.1722841789617,23.4285714285714,-17.7437127503902,7/5/2026 1:30:00 AM
MRM,41.6111091346526,23,-18.6111091346526,7/5/2026 1:45:00 AM
MRM,41.8844138731153,23.6666666666667,-18.2177472064486,7/5/2026 2:00:00 AM
MRM,40.9298026787516,25.8,-15.1298026787516,7/5/2026 2:15:00 AM
MRM,41.208119307373,26.8333333333333,-14.3747859740396,7/5/2026 2:30:00 AM
MRM,39.6528313605584,33.6923076923077,-5.96052366825071,7/5/2026 2:45:00 AM
MRM,39.6798383282856,35.1695075757576,-4.51033075252808,7/5/2026 3:00:00 AM
MRM,39.4401818214673,35.4119318181818,-4.02825000328548,7/5/2026 3:15:00 AM
MRM,42.8169760954246,35,-7.81697609542465,7/5/2026 3:30:00 AM
MRM,46.732290204731,35,-11.732290204731,7/5/2026 3:45:00 AM
MRM,48.6934323431814,34.8235795454545,-13.8698527977269,7/5/2026 4:00:00 AM
MRM,47.0735398856398,34.3234848484848,-12.750055037155,7/5/2026 4:15:00 AM
MRM,48.1911732303454,34.6026515151515,-13.5885217151939,7/5/2026 4:30:00 AM
MRM,48.5869224755455,33.0385101010101,-15.5484123745355,7/5/2026 4:45:00 AM
MRM,51.1216554394428,34.5,-16.6216554394428,7/5/2026 5:00:00 AM
MRM,51.6304899373515,36.5,-15.1304899373515,7/5/2026 5:15:00 AM
MRM,50.4882026569916,36,-14.4882026569916,7/5/2026 5:30:00 AM
MRM,47.4523841559649,36,-11.4523841559649,7/5/2026 5:45:00 AM
JPM,15.6092822304759,13.0769230769231,-2.53235915355282,7/5/2026 6:00:00 AM
JPM,14.4187667421128,13.2,-1.21876674211281,7/5/2026 6:15:00 AM
JPM,13.4367008409637,13,-0.436700840963731,7/5/2026 6:30:00 AM
JPM,12.6146197348028,13,0.385380265197179,7/5/2026 6:45:00 AM
JPM,10.8733584383552,12.9285714285714,2.05521299021622,7/5/2026 7:00:00 AM
JPM,12.3533110813521,12,-0.353311081352134,7/5/2026 7:15:00 AM
JPM,12.3796914079411,12,-0.379691407941145,7/5/2026 7:30:00 AM
JPM,14.41442269215,12,-2.41442269215001,7/5/2026 7:45:00 AM
JPM,17.6245265073573,12,-5.62452650735728,7/5/2026 8:00:00 AM
JPM,15.5436937449648,12.8214285714286,-2.72226517353621,7/5/2026 8:15:00 AM
JPM,14.7202412446787,13,-1.72024124467873,7/5/2026 8:30:00 AM
JPM,14.9853876976282,13,-1.98538769762816,7/5/2026 8:45:00 AM
JPM,12.3633831352963,11.9090909090909,-0.454292226205409,7/5/2026 9:00:00 AM
JPM,12.0686545585348,11,-1.06865455853481,7/5/2026 9:15:00 AM
JPM,14.8335355123714,10.6428571428571,-4.19067836951427,7/5/2026 9:30:00 AM
JPM,15.0762039692679,11,-4.07620396926791,7/5/2026 9:45:00 AM
JPM,14.179502227184,12,-2.17950222718397,7/5/2026 10:00:00 AM
JPM,11.0565395866017,12,0.943460413398332,7/5/2026 10:15:00 AM
JPM,12.3068046811539,13,0.693195318846055,7/5/2026 10:30:00 AM
JPM,11.789973099248,13,1.21002690075199,7/5/2026 10:45:00 AM
JPM,11.2999285941967,13,1.70007140580326,7/5/2026 11:00:00 AM
JPM,11.9831664853635,13,1.01683351463648,7/5/2026 11:15:00 AM
JPM,11.4561820111679,13,1.54381798883211,7/5/2026 11:30:00 AM
JPM,13.0693115383556,13,-0.0693115383556417,7/5/2026 11:45:00 AM
JPM,11.3136488790515,13.6363636363636,2.3227147573121,7/5/2026 12:00:00 PM
JPM,12.8703144696541,14,1.12968553034586,7/5/2026 12:15:00 PM
JPM,13.559977412117,13.05,-0.509977412116982,7/5/2026 12:30:00 PM
JPM,15.2566910380286,13,-2.25669103802862,7/5/2026 12:45:00 PM
JPM,16.1086638293356,11.6666666666667,-4.44199716266898,7/5/2026 1:00:00 PM
JPM,15.331860585306,11.6315789473684,-3.7002816379376,7/5/2026 1:15:00 PM
JPM,15.1717353979581,11,-4.17173539795806,7/5/2026 1:30:00 PM
JPM,15.1265347479197,11,-4.12653474791969,7/5/2026 1:45:00 PM
JPM,15.2302355749444,11,-4.23023557494444,7/5/2026 2:00:00 PM
JPM,13.5093889901659,11,-2.50938899016588,7/5/2026 2:15:00 PM
JPM,13.65318557332,11,-2.65318557332004,7/5/2026 2:30:00 PM
JPM,10.9223356012282,11,0.0776643987717591,7/5/2026 2:45:00 PM
JPM,14.7920472638143,11,-3.79204726381432,7/5/2026 3:00:00 PM
JPM,14.3253233754193,11.125,-3.20032337541935,7/5/2026 3:15:00 PM
JPM,13.3202121338509,12,-1.32021213385092,7/5/2026 3:30:00 PM
JPM,15.0075675170826,11.5555555555556,-3.45201196152704,7/5/2026 3:45:00 PM
JPM,14.0179478923904,11,-3.01794789239042,7/5/2026 4:00:00 PM
JPM,13.5185032419817,11.5454545454545,-1.97304869652712,7/5/2026 4:15:00 PM
JPM,13.5930429764036,12,-1.59304297640362,7/5/2026 4:30:00 PM
JPM,13.697470797695,12,-1.69747079769499,7/5/2026 4:45:00 PM
JPM,13.7054826278385,12,-1.70548262783854,7/5/2026 5:00:00 PM
JPM,15.2622138084306,11.6428571428571,-3.61935666557347,7/5/2026 5:15:00 PM
JPM,11.5439976229658,9.55555555555556,-1.98844206741027,7/5/2026 5:30:00 PM
JPM,13.8596515058915,12,-1.85965150589145,7/5/2026 5:45:00 PM
MRM,41.3218940913225,36.5384615384615,-4.78343255286095,7/5/2026 6:00:00 AM
MRM,50.7480187248294,37,-13.7480187248294,7/5/2026 6:15:00 AM
MRM,46.2986932307274,37,-9.29869323072737,7/5/2026 6:30:00 AM
MRM,48.4087489102752,37,-11.4087489102752,7/5/2026 6:45:00 AM
MRM,38.9552837061653,37,-1.95528370616533,7/5/2026 7:00:00 AM
MRM,40.2848662221726,37.3465909090909,-2.93827531308168,7/5/2026 7:15:00 AM
MRM,44.485036069783,37.2205578512397,-7.26447821854338,7/5/2026 7:30:00 AM
MRM,48.9520914622168,37,-11.9520914622168,7/5/2026 7:45:00 AM
MRM,43.6481301591483,36.0714285714286,-7.57670158771975,7/5/2026 8:00:00 AM
MRM,43.3563704478437,34.8214285714286,-8.53494187641515,7/5/2026 8:15:00 AM
MRM,55.1069014626121,35,-20.1069014626121,7/5/2026 8:30:00 AM
MRM,43.8968653131541,35,-8.89686531315409,7/5/2026 8:45:00 AM
MRM,41.021786520352,35.1818181818182,-5.83996833853386,7/5/2026 9:00:00 AM
MRM,42.2881256836269,34.8,-7.48812568362694,7/5/2026 9:15:00 AM
MRM,39.4247517161042,33,-6.42475171610418,7/5/2026 9:30:00 AM
MRM,42.6302042292231,34,-8.63020422922311,7/5/2026 9:45:00 AM
MRM,38.7383027669866,33.4,-5.3383027669866,7/5/2026 10:00:00 AM
MRM,40.7867222698026,34,-6.78672226980263,7/5/2026 10:15:00 AM
MRM,41.3953269565671,35,-6.39532695656708,7/5/2026 10:30:00 AM
MRM,40.437079079353,35,-5.43707907935303,7/5/2026 10:45:00 AM
MRM,41.6917589508474,35,-6.69175895084736,7/5/2026 11:00:00 AM
MRM,45.3473735927158,34.6666666666667,-10.6807069260492,7/5/2026 11:15:00 AM
MRM,53.8952702945923,35.4444444444444,-18.4508258501478,7/5/2026 11:30:00 AM
MRM,53.3583013379908,36,-17.3583013379908,7/5/2026 11:45:00 AM
MRM,45.505100692033,35.7272727272727,-9.7778279647603,7/5/2026 12:00:00 PM
MRM,38.2787164087535,36.8636363636364,-1.41508004511716,7/5/2026 12:15:00 PM
MRM,40.5362014709104,35,-5.53620147091044,7/5/2026 12:30:00 PM
MRM,45.1061996852813,35,-10.1061996852813,7/5/2026 12:45:00 PM
MRM,42.7300098457351,35,-7.73000984573509,7/5/2026 1:00:00 PM
MRM,41.2255296057036,34.8947368421053,-6.33079276359833,7/5/2026 1:15:00 PM
MRM,48.0637994238899,33.0588235294118,-15.0049758944781,7/5/2026 1:30:00 PM
MRM,48.7108464800385,33.5294117647059,-15.1814347153327,7/5/2026 1:45:00 PM
MRM,41.9943807994655,34,-7.99438079946552,7/5/2026 2:00:00 PM
MRM,41.1967007815197,32.7857142857143,-8.41098649580537,7/5/2026 2:15:00 PM
MRM,40.1264588992358,34.0433238636364,-6.0831350355994,7/5/2026 2:30:00 PM
MRM,38.8827656389503,34.423513986014,-4.45925165293635,7/5/2026 2:45:00 PM
MRM,39.5875155986594,34.3180194805195,-5.26949611813993,7/5/2026 3:00:00 PM
MRM,38.5535327168227,35.2215909090909,-3.33194180773181,7/5/2026 3:15:00 PM
MRM,40.1683861687617,34.2517482517482,-5.9166379170135,7/5/2026 3:30:00 PM
MRM,40.0633992897345,34,-6.06339928973448,7/5/2026 3:45:00 PM
MRM,42.6923933589545,34,-8.69239335895453,7/5/2026 4:00:00 PM
MRM,39.6044981277182,34.5454545454545,-5.05904358226365,7/5/2026 4:15:00 PM
MRM,40.7792662579653,36,-4.77926625796525,7/5/2026 4:30:00 PM
MRM,37.8406576923997,36,-1.8406576923997,7/5/2026 4:45:00 PM
MRM,31.7814773194086,36,4.21852268059143,7/5/2026 5:00:00 PM
MRM,33.85264724245,33.7142857142857,-0.138361528164253,7/5/2026 5:15:00 PM
MRM,29.7584108579961,36,6.24158914200386,7/5/2026 5:30:00 PM
MRM,37.935429223945,36,-1.93542922394501,7/5/2026 5:45:00 PM
JPM,13.9677500490717,12,-1.96775004907175,7/5/2026 6:00:00 PM
JPM,13.166890699392,12,-1.16689069939199,7/5/2026 6:15:00 PM
JPM,12.3249747946877,12,-0.324974794687659,7/5/2026 6:30:00 PM
JPM,14.2916744204437,12,-2.29167442044367,7/5/2026 6:45:00 PM
JPM,16.2703270445866,12,-4.27032704458659,7/5/2026 7:00:00 PM
JPM,15.4792531523067,11.4,-4.07925315230669,7/5/2026 7:15:00 PM
JPM,12.1807379065537,11,-1.18073790655368,7/5/2026 7:30:00 PM
JPM,15.5253878258537,11.2,-4.32538782585367,7/5/2026 7:45:00 PM
JPM,17.3184605500092,12,-5.31846055000925,7/5/2026 8:00:00 PM
JPM,17.6527985619783,12,-5.65279856197834,7/5/2026 8:15:00 PM
JPM,17.1729980455265,12,-5.17299804552654,7/5/2026 8:30:00 PM
JPM,17.103280037799,12,-5.103280037799,7/5/2026 8:45:00 PM
JPM,16.378609619518,12,-4.37860961951796,7/5/2026 9:00:00 PM
JPM,16.9470140504413,12,-4.94701405044133,7/5/2026 9:15:00 PM
JPM,14.9449297894338,12.4285714285714,-2.5163583608624,7/5/2026 9:30:00 PM
JPM,14.1715158283296,13,-1.1715158283296,7/5/2026 9:45:00 PM
JPM,15.9755972955982,13,-2.97559729559817,7/5/2026 10:00:00 PM
JPM,14.8259363500809,13,-1.82593635008085,7/5/2026 10:15:00 PM
JPM,14.4689521504327,13,-1.46895215043267,7/5/2026 10:30:00 PM
JPM,14.846126956606,13,-1.84612695660605,7/5/2026 10:45:00 PM
JPM,15.3812705105388,13,-2.3812705105388,7/5/2026 11:00:00 PM
JPM,15.9118595214383,12.65,-3.26185952143829,7/5/2026 11:15:00 PM
JPM,16.7456059432752,12.4583333333333,-4.28727260994184,7/5/2026 11:30:00 PM
JPM,15.8441675721176,13,-2.84416757211761,7/5/2026 11:45:00 PM
JPM,14.3283976495946,13,-1.32839764959465,7/6/2026 12:00:00 AM
JPM,15.2302955462592,13.3846153846154,-1.84568016164384,7/6/2026 12:15:00 AM
JPM,16.638147565203,14,-2.63814756520301,7/6/2026 12:30:00 AM
JPM,20.0543607469169,14,-6.05436074691691,7/6/2026 12:45:00 AM
JPM,19.9350277113587,14,-5.93502771135875,7/6/2026 1:00:00 AM
JPM,20.1371543016007,14,-6.13715430160072,7/6/2026 1:15:00 AM
JPM,21.1133139824542,14,-7.11331398245418,7/6/2026 1:30:00 AM
JPM,17.5225647318546,14,-3.52256473185458,7/6/2026 1:45:00 AM
JPM,19.306344363077,14,-5.30634436307699,7/6/2026 2:00:00 AM
JPM,21.6417322997461,14,-7.64173229974609,7/6/2026 2:15:00 AM
JPM,21.6249713773819,14,-7.62497137738185,7/6/2026 2:30:00 AM
JPM,23.1494345432093,13.6666666666667,-9.48276787654265,7/6/2026 2:45:00 AM
JPM,23.261413790803,13,-10.261413790803,7/6/2026 3:00:00 AM
JPM,22.3266847767118,13,-9.3266847767118,7/6/2026 3:15:00 AM
JPM,21.3672810286611,13,-8.3672810286611,7/6/2026 3:30:00 AM
JPM,21.4305612418388,12.1111111111111,-9.31945013072773,7/6/2026 3:45:00 AM
JPM,20.7462628268347,11.3333333333333,-9.41292949350133,7/6/2026 4:00:00 AM
JPM,21.6272879348469,12.0909090909091,-9.53637884393779,7/6/2026 4:15:00 AM
JPM,20.8714661678944,13,-7.8714661678944,7/6/2026 4:30:00 AM
JPM,20.9242061943246,13,-7.92420619432457,7/6/2026 4:45:00 AM
JPM,21.1753834730616,14,-7.17538347306164,7/6/2026 5:00:00 AM
JPM,22.5315189061746,14,-8.53151890617463,7/6/2026 5:15:00 AM
JPM,23.3046703503024,13.9230769230769,-9.38159342722552,7/6/2026 5:30:00 AM
JPM,22.2570050472575,14,-8.2570050472575,7/6/2026 5:45:00 AM
MRM,40.8379270723391,36,-4.83792707233908,7/5/2026 6:00:00 PM
MRM,36.5115818999636,35.0833333333333,-1.42824856663028,7/5/2026 6:15:00 PM
MRM,49.9225997341459,34,-15.9225997341459,7/5/2026 6:30:00 PM
MRM,50.4339473986512,34,-16.4339473986512,7/5/2026 6:45:00 PM
MRM,52.4534204130202,34.0769230769231,-18.3764973360971,7/5/2026 7:00:00 PM
MRM,53.554619354247,34,-19.554619354247,7/5/2026 7:15:00 PM
MRM,42.3107803445368,34,-8.31078034453677,7/5/2026 7:30:00 PM
MRM,40.4214910689927,34,-6.42149106899274,7/5/2026 7:45:00 PM
MRM,37.904020690472,35.5294117647059,-2.37460892576613,7/5/2026 8:00:00 PM
MRM,33.0468278665939,36,2.95317213340607,7/5/2026 8:15:00 PM
MRM,38.2563981986915,36.3125,-1.94389819869146,7/5/2026 8:30:00 PM
MRM,49.503250878407,37,-12.503250878407,7/5/2026 8:45:00 PM
MRM,41.047204034043,36.4545454545455,-4.59265857949751,7/5/2026 9:00:00 PM
MRM,38.2166472089498,32.7857142857143,-5.43093292323553,7/5/2026 9:15:00 PM
MRM,37.2286232910902,32.5,-4.72862329109016,7/5/2026 9:30:00 PM
MRM,33.978131698769,32,-1.97813169876903,7/5/2026 9:45:00 PM
MRM,30.0780985908738,31.2307692307692,1.1526706398954,7/5/2026 10:00:00 PM
MRM,43.9795407465678,31.9047619047619,-12.0747788418059,7/5/2026 10:15:00 PM
MRM,41.4994190191242,31.1764705882353,-10.3229484308889,7/5/2026 10:30:00 PM
MRM,40.3072318019871,31.6111111111111,-8.69612069087595,7/5/2026 10:45:00 PM
MRM,42.3697987376272,33.0203877005348,-9.34941103709249,7/5/2026 11:00:00 PM
MRM,42.455511592632,32.75,-9.70551159263203,7/5/2026 11:15:00 PM
MRM,41.3880192530791,32,-9.38801925307909,7/5/2026 11:30:00 PM
MRM,42.2790658114323,32,-10.2790658114323,7/5/2026 11:45:00 PM
MRM,40.6238506163677,32.3076923076923,-8.31615830867541,7/6/2026 12:00:00 AM
MRM,36.5380518560373,36.3076923076923,-0.230359548345028,7/6/2026 12:15:00 AM
MRM,40.7148379915441,37,-3.7148379915441,7/6/2026 12:30:00 AM
MRM,33.1656340274104,37,3.83436597258962,7/6/2026 12:45:00 AM
MRM,38.7336950842079,38.2857142857143,-0.447980798493646,7/6/2026 1:00:00 AM
MRM,42.018917022631,35.1333333333333,-6.88558368929763,7/6/2026 1:15:00 AM
MRM,47.1732490070039,34,-13.1732490070039,7/6/2026 1:30:00 AM
MRM,44.4597054247935,33.2,-11.2597054247935,7/6/2026 1:45:00 AM
MRM,42.3599415481203,32.5833333333333,-9.776608214787,7/6/2026 2:00:00 AM
MRM,41.5830574908811,32,-9.5830574908811,7/6/2026 2:15:00 AM
MRM,37.5796617320618,31.7142857142857,-5.86537601777612,7/6/2026 2:30:00 AM
MRM,35.9981748443897,31,-4.99817484438967,7/6/2026 2:45:00 AM
MRM,38.6594684553042,31,-7.65946845530424,7/6/2026 3:00:00 AM
MRM,41.6407147250885,31,-10.6407147250885,7/6/2026 3:15:00 AM
MRM,38.3297975755144,30.7272727272727,-7.60252484824164,7/6/2026 3:30:00 AM
MRM,35.2566362834565,30,-5.25663628345648,7/6/2026 3:45:00 AM
MRM,35.5033716374023,30.5555555555556,-4.94781608184677,7/6/2026 4:00:00 AM
MRM,36.6648060568097,31,-5.6648060568097,7/6/2026 4:15:00 AM
MRM,40.4711242117981,31.5882352941176,-8.8828889176805,7/6/2026 4:30:00 AM
MRM,42.9571376478978,33,-9.95713764789782,7/6/2026 4:45:00 AM
MRM,48.6873966766855,33,-15.6873966766855,7/6/2026 5:00:00 AM
MRM,51.5277327466754,33.5384615384615,-17.9892712082138,7/6/2026 5:15:00 AM
MRM,43.3676801520102,36,-7.36768015201023,7/6/2026 5:30:00 AM
MRM,53.2392153133455,36.125,-17.1142153133455,7/6/2026 5:45:00 AM
JPM,21.348652273893,14,-7.34865227389302,7/6/2026 6:00:00 AM
JPM,21.4572199801369,12.2857142857143,-9.17150569442257,7/6/2026 6:15:00 AM
JPM,20.9884219830346,12,-8.98842198303459,7/6/2026 6:30:00 AM
JPM,20.4524247891258,12,-8.45242478912581,7/6/2026 6:45:00 AM
JPM,20.233478802178,12.375,-7.85847880217796,7/6/2026 7:00:00 AM
JPM,20.0152995698919,13,-7.01529956989193,7/6/2026 7:15:00 AM
JPM,19.4916053451994,13,-6.49160534519936,7/6/2026 7:30:00 AM
JPM,9.91716216315148,10.8823529411765,0.965190778024995,7/6/2026 7:45:00 AM
JPM,8.38350286468983,10,1.61649713531017,7/6/2026 8:00:00 AM
JPM,8.5494670332601,9.125,0.5755329667399,7/6/2026 8:15:00 AM
JPM,8.1734384673548,8.85714285714286,0.68370438978806,7/6/2026 8:30:00 AM
JPM,7.65633423525415,8.04621212121212,0.389877885957974,7/6/2026 8:45:00 AM
JPM,8.09503256715104,8.64285714285714,0.5478245757061,7/6/2026 9:00:00 AM
JPM,8.93077409210922,9.71428571428571,0.783511622176498,7/6/2026 9:15:00 AM
JPM,15.5768476545092,11,-4.57684765450918,7/6/2026 9:30:00 AM
JPM,18.8630941913873,12,-6.86309419138731,7/6/2026 9:45:00 AM
JPM,14.0035640509764,12,-2.00356405097641,7/6/2026 10:00:00 AM
JPM,14.1566276139034,12,-2.15662761390344,7/6/2026 10:15:00 AM
JPM,15.1532987715164,12,-3.15329877151641,7/6/2026 10:30:00 AM
JPM,15.6213292532258,12.0555555555556,-3.56577369767025,7/6/2026 10:45:00 AM
JPM,15.6664153144941,12,-3.66641531449406,7/6/2026 11:00:00 AM
JPM,15.0420498678589,12.5,-2.5420498678589,7/6/2026 11:15:00 AM
JPM,14.7410558883797,14.2727272727273,-0.468328615652462,7/6/2026 11:30:00 AM
JPM,14.8218503630505,14.2142857142857,-0.607564648764836,7/6/2026 11:45:00 AM
JPM,14.0892167645383,13,-1.08921676453826,7/6/2026 12:00:00 PM
JPM,21.1742712437689,13.0416666666667,-8.13260457710226,7/6/2026 12:15:00 PM
JPM,23.3364956059197,14,-9.33649560591968,7/6/2026 12:30:00 PM
JPM,21.0733664124155,12.7894736842105,-8.28389272820501,7/6/2026 12:45:00 PM
JPM,20.0956606907378,12,-8.09566069073778,7/6/2026 1:00:00 PM
JPM,14.7575633170486,13.4,-1.3575633170486,7/6/2026 1:15:00 PM
JPM,13.752870019472,12.4444444444444,-1.30842557502757,7/6/2026 1:30:00 PM
JPM,11.2549035113101,10.2727272727273,-0.982176238582788,7/6/2026 1:45:00 PM
JPM,10.3181964093784,9,-1.31819640937844,7/6/2026 2:00:00 PM
JPM,9.35655875518805,9,-0.356558755188052,7/6/2026 2:15:00 PM
JPM,8.8513166157399,9,0.148683384260103,7/6/2026 2:30:00 PM
JPM,8.96615991047809,9.72727272727273,0.761112816794636,7/6/2026 2:45:00 PM
JPM,7.56913306511152,9.07692307692308,1.50779001181155,7/6/2026 3:00:00 PM
JPM,8.29991383406325,8.55172413793103,0.25181030386778,7/6/2026 3:15:00 PM
JPM,17.0410474452484,11.3809523809524,-5.66009506429601,7/6/2026 3:30:00 PM
JPM,19.2994365091376,14,-5.29943650913761,7/6/2026 3:45:00 PM
JPM,20.3648038057441,13.9230769230769,-6.44172688266723,7/6/2026 4:00:00 PM
JPM,22.0372853982317,13,-9.03728539823173,7/6/2026 4:15:00 PM
JPM,21.051420630165,13.6153846153846,-7.43603601478038,7/6/2026 4:30:00 PM
JPM,21.7523290163896,14.3333333333333,-7.41899568305629,7/6/2026 4:45:00 PM
JPM,23.0290913518723,15.392803030303,-7.63628832156926,7/6/2026 5:00:00 PM
JPM,24.1539727599792,14.0182416267943,-10.135731133185,7/6/2026 5:15:00 PM
JPM,24.6247163377078,14.4049043062201,-10.2198120314877,7/6/2026 5:30:00 PM
JPM,25.3933416383287,13.2777777777778,-12.1155638605509,7/6/2026 5:45:00 PM
MRM,53.7276008079642,36,-17.7276008079642,7/6/2026 6:00:00 AM
MRM,50.8266620842812,36.1428571428571,-14.6838049414241,7/6/2026 6:15:00 AM
MRM,50.1111805935745,36,-14.1111805935745,7/6/2026 6:30:00 AM
MRM,50.4095273625633,36,-14.4095273625633,7/6/2026 6:45:00 AM
MRM,39.5740430849951,36,-3.57404308499507,7/6/2026 7:00:00 AM
MRM,39.3488302984763,35.875,-3.47383029847629,7/6/2026 7:15:00 AM
MRM,34.1825119757235,34.5,0.317488024276471,7/6/2026 7:30:00 AM
MRM,40.7155533882977,35.1176470588235,-5.59790632947416,7/6/2026 7:45:00 AM
MRM,39.5621094273555,34.9090909090909,-4.65301851826458,7/6/2026 8:00:00 AM
MRM,33.023277179466,34.25,1.22672282053398,7/6/2026 8:15:00 AM
MRM,40.2730736961046,35.2142857142857,-5.05878798181892,7/6/2026 8:30:00 AM
MRM,41.1729319918428,34.3333333333333,-6.83959865850944,7/6/2026 8:45:00 AM
MRM,37.1908965441865,33.8571428571429,-3.33375368704363,7/6/2026 9:00:00 AM
MRM,41.5433447672869,34.049512987013,-7.49383178027393,7/6/2026 9:15:00 AM
MRM,40.8148941520107,33.4166666666667,-7.39822748534401,7/6/2026 9:30:00 AM
MRM,35.8858254978991,33.2727272727273,-2.61309822517187,7/6/2026 9:45:00 AM
MRM,41.563822033235,33.3636363636364,-8.20018566959866,7/6/2026 10:00:00 AM
MRM,47.4880196713121,33.9,-13.5880196713121,7/6/2026 10:15:00 AM
MRM,47.9779791755156,35.9411764705882,-12.0368027049274,7/6/2026 10:30:00 AM
MRM,40.5952973535088,36,-4.59529735350876,7/6/2026 10:45:00 AM
MRM,41.3564482008104,35.5,-5.8564482008104,7/6/2026 11:00:00 AM
MRM,34.5719595995696,33.0714285714286,-1.50053102814105,7/6/2026 11:15:00 AM
MRM,36.9345270533068,33,-3.93452705330684,7/6/2026 11:30:00 AM
MRM,44.6937435892038,33,-11.6937435892038,7/6/2026 11:45:00 AM
MRM,35.081283088869,34,-1.08128308886897,7/6/2026 12:00:00 PM
MRM,36.9842931522467,35,-1.98429315224666,7/6/2026 12:15:00 PM
MRM,39.8205584004573,36.4666666666667,-3.35389173379066,7/6/2026 12:30:00 PM
MRM,52.0767328707237,36,-16.0767328707237,7/6/2026 12:45:00 PM
MRM,51.0944573697884,36,-15.0944573697884,7/6/2026 1:00:00 PM
MRM,42.885984954903,35.25,-7.63598495490295,7/6/2026 1:15:00 PM
MRM,40.461095886443,35.4444444444444,-5.01665144199852,7/6/2026 1:30:00 PM
MRM,37.4957884629574,34.7272727272727,-2.76851573568467,7/6/2026 1:45:00 PM
MRM,38.4992746822031,34,-4.49927468220312,7/6/2026 2:00:00 PM
MRM,40.7948529265868,33,-7.79485292658684,7/6/2026 2:15:00 PM
MRM,43.0812559900076,32.3333333333333,-10.7479226566742,7/6/2026 2:30:00 PM
MRM,42.7260918526522,32,-10.7260918526522,7/6/2026 2:45:00 PM
MRM,42.6956851939639,32.2958916083916,-10.3997935855723,7/6/2026 3:00:00 PM
MRM,45.6000671500083,31.3448275862069,-14.2552395638014,7/6/2026 3:15:00 PM
MRM,43.3650263621193,32.2380952380952,-11.126931124024,7/6/2026 3:30:00 PM
MRM,48.188247989251,33,-15.188247989251,7/6/2026 3:45:00 PM
MRM,37.3646857954614,33.9230769230769,-3.44160887238446,7/6/2026 4:00:00 PM
MRM,39.7814503748772,34.2693181818182,-5.51213219305899,7/6/2026 4:15:00 PM
MRM,44.8779792910878,34.5384615384615,-10.3395177526263,7/6/2026 4:30:00 PM
MRM,40.8548971308686,35,-5.85489713086857,7/6/2026 4:45:00 PM
MRM,43.5947580366007,34.8,-8.79475803660067,7/6/2026 5:00:00 PM
MRM,36.4817591666398,33.9473684210526,-2.5343907455872,7/6/2026 5:15:00 PM
MRM,37.8711533467563,33.3684210526316,-4.50273229412468,7/6/2026 5:30:00 PM
MRM,41.1976963715538,32.6095328282828,-8.58816354327098,7/6/2026 5:45:00 PM
JPM,24.3870901951787,12.3888888888889,-11.9982013062898,7/6/2026 6:00:00 PM
JPM,26.2822330477787,11,-15.2822330477787,7/6/2026 6:15:00 PM
JPM,26.5093151139421,11,-15.5093151139421,7/6/2026 6:30:00 PM
JPM,26.2525097011012,11,-15.2525097011012,7/6/2026 6:45:00 PM
JPM,25.1276628279279,11,-14.1276628279279,7/6/2026 7:00:00 PM
JPM,24.2905425279485,11.0866477272727,-13.2038948006758,7/6/2026 7:15:00 PM
JPM,24.5531355996294,11.1949573863636,-13.3581782132657,7/6/2026 7:30:00 PM
JPM,25.5939354872066,10.4375,-15.1564354872066,7/6/2026 7:45:00 PM
JPM,24.9500430560672,10,-14.9500430560672,7/6/2026 8:00:00 PM
JPM,20.5840666482869,10.7826086956522,-9.80145795263477,7/6/2026 8:15:00 PM
JPM,17.3276734377763,12,-5.32767343777626,7/6/2026 8:30:00 PM
JPM,16.7555855862865,12,-4.75558558628645,7/6/2026 8:45:00 PM
JPM,16.1664753307476,11.1538461538462,-5.01262917690147,7/6/2026 9:00:00 PM
JPM,17.1680667861716,10.7857142857143,-6.38235250045731,7/6/2026 9:15:00 PM
JPM,18.1689977834958,11.0714285714286,-7.09756921206726,7/6/2026 9:30:00 PM
JPM,16.3694314796253,12,-4.36943147962531,7/6/2026 9:45:00 PM
JPM,15.6050583427227,11.8,-3.80505834272272,7/6/2026 10:00:00 PM
JPM,16.2120229921944,11.5714285714286,-4.64059442076587,7/6/2026 10:15:00 PM
JPM,16.5601114110209,12,-4.56011141102086,7/6/2026 10:30:00 PM
JPM,22.2001649655562,11.9,-10.3001649655562,7/6/2026 10:45:00 PM
JPM,25.7246436217123,12,-13.7246436217123,7/6/2026 11:00:00 PM
JPM,26.2339677104123,12,-14.2339677104123,7/6/2026 11:15:00 PM
JPM,25.1066785391094,12,-13.1066785391094,7/6/2026 11:30:00 PM
JPM,22.5683866289613,12,-10.5683866289613,7/6/2026 11:45:00 PM
JPM,20.6985175110125,12.375,-8.32351751101253,7/7/2026 12:00:00 AM
JPM,23.9590393113928,13,-10.9590393113928,7/7/2026 12:15:00 AM
JPM,22.0049415169057,13,-9.00494151690572,7/7/2026 12:30:00 AM
JPM,18.4201499219768,12,-6.42014992197682,7/7/2026 12:45:00 AM
JPM,17.1399524995084,12.48,-4.65995249950844,7/7/2026 1:00:00 AM
JPM,15.8604150077597,13,-2.86041500775971,7/7/2026 1:15:00 AM
JPM,15.7480573334485,13.2142857142857,-2.53377161916279,7/7/2026 1:30:00 AM
JPM,15.58416031365,14,-1.58416031365003,7/7/2026 1:45:00 AM
JPM,15.4799232877213,13,-2.47992328772134,7/7/2026 2:00:00 AM
JPM,15.941661796803,13,-2.94166179680301,7/7/2026 2:15:00 AM
JPM,15.8214203662839,13,-2.82142036628387,7/7/2026 2:30:00 AM
JPM,15.8664966757533,13,-2.86649667575333,7/7/2026 2:45:00 AM
JPM,15.89878668426,13,-2.89878668425999,7/7/2026 3:00:00 AM
JPM,15.9901656760693,13,-2.99016567606934,7/7/2026 3:15:00 AM
JPM,17.8878040746781,15.4,-2.48780407467812,7/7/2026 3:30:00 AM
JPM,21.5648853481238,16,-5.5648853481238,7/7/2026 3:45:00 AM
JPM,21.8875826288783,16,-5.88758262887825,7/7/2026 4:00:00 AM
JPM,22.46760614902,15.7,-6.76760614901998,7/7/2026 4:15:00 AM
JPM,22.6717461875964,15,-7.67174618759637,7/7/2026 4:30:00 AM
JPM,22.7949457542969,15.2352941176471,-7.55965163664982,7/7/2026 4:45:00 AM
JPM,23.2613404305147,16,-7.2613404305147,7/7/2026 5:00:00 AM
JPM,22.2526231718566,16,-6.25262317185657,7/7/2026 5:15:00 AM
JPM,22.8465195918207,16,-6.84651959182074,7/7/2026 5:30:00 AM
JPM,20.2372736106684,16,-4.23727361066841,7/7/2026 5:45:00 AM
MRM,44.3600848388737,31.8184974747475,-12.5415873641262,7/6/2026 6:00:00 PM
MRM,41.2801593331223,32.5004370629371,-8.77972227018525,7/6/2026 6:15:00 PM
MRM,40.5271621444576,32.3465909090909,-8.18057123536674,7/6/2026 6:30:00 PM
MRM,36.8310247350033,31.1111111111111,-5.71991362389219,7/6/2026 6:45:00 PM
MRM,35.8923529014543,31.1111111111111,-4.78124179034322,7/6/2026 7:00:00 PM
MRM,42.9614351038983,32.5833333333333,-10.3781017705649,7/6/2026 7:15:00 PM
MRM,37.5325626338577,26.3125,-11.2200626338577,7/6/2026 7:30:00 PM
MRM,37.8726209204594,26.375,-11.4976209204594,7/6/2026 7:45:00 PM
MRM,38.0878653687029,28,-10.0878653687029,7/6/2026 8:00:00 PM
MRM,34.7420434731523,31.3478260869565,-3.39421738619583,7/6/2026 8:15:00 PM
MRM,35.8915896128991,31.9333333333333,-3.95825627956578,7/6/2026 8:30:00 PM
MRM,38.8902099882674,31,-7.89020998826737,7/6/2026 8:45:00 PM
MRM,41.4998688044928,30.3846153846154,-11.1152534198774,7/6/2026 9:00:00 PM
MRM,38.5153130336703,30.7142857142857,-7.80102731938454,7/6/2026 9:15:00 PM
MRM,43.2232621664735,30,-13.2232621664735,7/6/2026 9:30:00 PM
MRM,52.8323904110557,30.625,-22.2073904110557,7/6/2026 9:45:00 PM
MRM,41.1610607522772,30.5,-10.6610607522772,7/6/2026 10:00:00 PM
MRM,39.4398188406911,31,-8.43981884069111,7/6/2026 10:15:00 PM
MRM,41.2760616609648,33.5384615384615,-7.73760012250326,7/6/2026 10:30:00 PM
MRM,40.3329564702924,35,-5.3329564702924,7/6/2026 10:45:00 PM
MRM,40.0708738871609,35,-5.07087388716095,7/6/2026 11:00:00 PM
MRM,44.5317632373535,36,-8.53176323735351,7/6/2026 11:15:00 PM
MRM,44.0459397855886,35.7,-8.34593978558856,7/6/2026 11:30:00 PM
MRM,40.0213404593162,30.8888888888889,-9.13245157042732,7/6/2026 11:45:00 PM
MRM,37.4467429658286,30.6875,-6.75924296582858,7/7/2026 12:00:00 AM
MRM,40.0036509870352,30.25,-9.75365098703524,7/7/2026 12:15:00 AM
MRM,40.0477640382752,32.6153846153846,-7.43237942289061,7/7/2026 12:30:00 AM
MRM,39.423851633182,32.8888888888889,-6.53496274429316,7/7/2026 12:45:00 AM
MRM,41.688477254817,31.96,-9.72847725481695,7/7/2026 1:00:00 AM
MRM,41.7354432330105,29,-12.7354432330105,7/7/2026 1:15:00 AM
MRM,37.8928592934105,29.7857142857143,-8.1071450076962,7/7/2026 1:30:00 AM
MRM,43.6197982771226,30.3,-13.3197982771226,7/7/2026 1:45:00 AM
MRM,41.3298697017398,31,-10.3298697017398,7/7/2026 2:00:00 AM
MRM,40.9602542162872,30.3076923076923,-10.6525619085949,7/7/2026 2:15:00 AM
MRM,44.4820028065015,30.4210526315789,-14.0609501749226,7/7/2026 2:30:00 AM
MRM,41.1364476852757,32.8461538461538,-8.2902938391219,7/7/2026 2:45:00 AM
MRM,38.4528307826643,32.0714285714286,-6.38140221123577,7/7/2026 3:00:00 AM
MRM,39.7833871868343,32.1666666666667,-7.61672052016763,7/7/2026 3:15:00 AM
MRM,38.8288399086052,32.6,-6.22883990860522,7/7/2026 3:30:00 AM
MRM,37.8995266375218,33,-4.89952663752181,7/7/2026 3:45:00 AM
MRM,38.9945315040369,33.4,-5.59453150403686,7/7/2026 4:00:00 AM
MRM,41.9094934491206,33.4,-8.5094934491206,7/7/2026 4:15:00 AM
MRM,45.6149087829983,34,-11.6149087829983,7/7/2026 4:30:00 AM
MRM,44.2750341261008,34,-10.2750341261008,7/7/2026 4:45:00 AM
MRM,45.8556375349867,34,-11.8556375349867,7/7/2026 5:00:00 AM
MRM,44.1443846542787,34,-10.1443846542787,7/7/2026 5:15:00 AM
MRM,42.9637032387209,33.4079545454545,-9.5557486932664,7/7/2026 5:30:00 AM
MRM,43.041404909032,32.9619755244755,-10.0794293845565,7/7/2026 5:45:00 AM
JPM,24.3296819189065,16,-8.32968191890645,7/7/2026 6:00:00 AM
JPM,23.1460687920678,16,-7.14606879206784,7/7/2026 6:15:00 AM
JPM,21.4350898206932,15.4,-6.03508982069324,7/7/2026 6:30:00 AM
JPM,17.318148242184,14.5454545454545,-2.77269369672943,7/7/2026 6:45:00 AM
JPM,16.5506654578647,14,-2.55066545786467,7/7/2026 7:00:00 AM
JPM,15.3319863685035,14,-1.33198636850353,7/7/2026 7:15:00 AM
JPM,14.4577377007025,14,-0.457737700702461,7/7/2026 7:30:00 AM
JPM,13.8176272220112,14,0.182372777988753,7/7/2026 7:45:00 AM
JPM,13.6085516821847,14.6666666666667,1.05811498448201,7/7/2026 8:00:00 AM
JPM,14.0550280825026,15.5625,1.50747191749737,7/7/2026 8:15:00 AM
JPM,14.6158443007818,16,1.38415569921825,7/7/2026 8:30:00 AM
JPM,14.6145100514069,15.2,0.585489948593118,7/7/2026 8:45:00 AM
JPM,15.7299033425661,15.7857142857143,0.0558109431481792,7/7/2026 9:00:00 AM
JPM,13.6113180215324,14.3076923076923,0.696374286159918,7/7/2026 9:15:00 AM
JPM,10.2375097141604,12.8,2.56249028583959,7/7/2026 9:30:00 AM
JPM,12.5095161799003,12.1666666666667,-0.342849513233613,7/7/2026 9:45:00 AM
JPM,14.1892662185359,14.1035839160839,-0.0856823024519944,7/7/2026 10:00:00 AM
JPM,14.0345142164665,14,-0.0345142164664889,7/7/2026 10:15:00 AM
JPM,15.0147202996529,14,-1.01472029965289,7/7/2026 10:30:00 AM
JPM,15.291511658949,14,-1.29151165894897,7/7/2026 10:45:00 AM
JPM,15.4302667165279,13,-2.43026671652795,7/7/2026 11:00:00 AM
JPM,13.9766788550559,12.7272727272727,-1.24940612778314,7/7/2026 11:15:00 AM
JPM,14.4093422781594,13.2941176470588,-1.11522463110058,7/7/2026 11:30:00 AM
JPM,14.5060518133169,13,-1.50605181331692,7/7/2026 11:45:00 AM
JPM,15.1403170995694,13,-2.14031709956945,7/7/2026 12:00:00 PM
JPM,14.5141774102932,14.4285714285714,-0.0856059817217716,7/7/2026 12:15:00 PM
JPM,15.4580180998116,14,-1.45801809981162,7/7/2026 12:30:00 PM
JPM,14.9372271713068,14,-0.937227171306819,7/7/2026 12:45:00 PM
JPM,15.6831728703766,14,-1.68317287037665,7/7/2026 1:00:00 PM
JPM,15.2715916282377,13.5833333333333,-1.68825829490438,7/7/2026 1:15:00 PM
JPM,14.411925737938,13,-1.41192573793803,7/7/2026 1:30:00 PM
JPM,14.5533858215751,13,-1.55338582157508,7/7/2026 1:45:00 PM
JPM,14.2562900640666,13,-1.2562900640666,7/7/2026 2:00:00 PM
JPM,14.3668556741381,13,-1.3668556741381,7/7/2026 2:15:00 PM
JPM,14.4457022310815,13,-1.44570223108153,7/7/2026 2:30:00 PM
JPM,11.2689859407348,13,1.73101405926515,7/7/2026 2:45:00 PM
JPM,9.18562309245944,12.5,3.31437690754056,7/7/2026 3:00:00 PM
JPM,8.77777104873292,11.1,2.32222895126708,7/7/2026 3:15:00 PM
JPM,12.0175628122871,12,-0.0175628122871068,7/7/2026 3:30:00 PM
JPM,14.6157610766154,12.2307692307692,-2.3849918458462,7/7/2026 3:45:00 PM
JPM,14.7737261101634,14.9411764705882,0.167450360424819,7/7/2026 4:00:00 PM
JPM,15.2773101791459,15,-0.277310179145896,7/7/2026 4:15:00 PM
JPM,14.9993124062216,15.0625,0.0631875937783697,7/7/2026 4:30:00 PM
JPM,18.7738593627424,17,-1.7738593627424,7/7/2026 4:45:00 PM
JPM,15.5848437109143,16.4615384615385,0.876694750624129,7/7/2026 5:00:00 PM
JPM,17.4788280049551,15,-2.47882800495507,7/7/2026 5:15:00 PM
JPM,17.8056179878155,13.4090909090909,-4.39652707872459,7/7/2026 5:30:00 PM
JPM,15.8373875553602,15.7647058823529,-0.0726816730072617,7/7/2026 5:45:00 PM
MRM,38.5770000157974,32.3465909090909,-6.2304091067065,7/7/2026 6:00:00 AM
MRM,44.8831981912212,31.7240767045455,-13.1591214866758,7/7/2026 6:15:00 AM
MRM,45.7691418584617,32.2465909090909,-13.5225509493708,7/7/2026 6:30:00 AM
MRM,46.1689855782701,31.3465909090909,-14.8223946691792,7/7/2026 6:45:00 AM
MRM,42.6941312387077,31.2026515151515,-11.4914797235561,7/7/2026 7:00:00 AM
MRM,36.5742137721379,29.8055555555556,-6.76865821658237,7/7/2026 7:15:00 AM
MRM,37.6815972836981,28.9130434782609,-8.7685538054372,7/7/2026 7:30:00 AM
MRM,37.129856498442,30.25,-6.87985649844199,7/7/2026 7:45:00 AM
MRM,36.6132833057702,32,-4.61328330577018,7/7/2026 8:00:00 AM
MRM,38.400438987985,31.75,-6.65043898798496,7/7/2026 8:15:00 AM
MRM,38.0574592785276,27.6,-10.4574592785276,7/7/2026 8:30:00 AM
MRM,36.4599737901653,26,-10.4599737901653,7/7/2026 8:45:00 AM
MRM,37.5901885028475,28.0714285714286,-9.51875993141893,7/7/2026 9:00:00 AM
MRM,38.4080289738678,29,-9.40802897386784,7/7/2026 9:15:00 AM
MRM,40.9851586014516,28.2,-12.7851586014516,7/7/2026 9:30:00 AM
MRM,32.9770996682746,28,-4.97709966827456,7/7/2026 9:45:00 AM
MRM,35.1420080778114,27.3846153846154,-7.757392693196,7/7/2026 10:00:00 AM
MRM,37.6190889959052,30,-7.61908899590524,7/7/2026 10:15:00 AM
MRM,35.1986155195542,29.6564171122995,-5.54219840725469,7/7/2026 10:30:00 AM
MRM,39.1217619736648,28.7765151515152,-10.3452468221496,7/7/2026 10:45:00 AM
MRM,35.1296660878369,28.6931818181818,-6.43648426965505,7/7/2026 11:00:00 AM
MRM,33.2125488035952,29.4798553719008,-3.73269343169439,7/7/2026 11:15:00 AM
MRM,33.1003021282114,29.1764705882353,-3.92383153997612,7/7/2026 11:30:00 AM
MRM,33.4034533280418,29.8333333333333,-3.5701199947085,7/7/2026 11:45:00 AM
MRM,34.8332967420362,30,-4.83329674203622,7/7/2026 12:00:00 PM
MRM,34.244200663371,30,-4.24420066337104,7/7/2026 12:15:00 PM
MRM,35.9223241913405,29.7,-6.22232419134045,7/7/2026 12:30:00 PM
MRM,38.6724407134527,29,-9.67244071345269,7/7/2026 12:45:00 PM
MRM,21.2770826646446,27.2222222222222,5.94513955757764,7/7/2026 1:00:00 PM
MRM,26.0997512175505,27,0.900248782449523,7/7/2026 1:15:00 PM
MRM,35.1999725855733,26.6666666666667,-8.53330591890664,7/7/2026 1:30:00 PM
MRM,37.3165463731174,25.7142857142857,-11.6022606588317,7/7/2026 1:45:00 PM
MRM,37.2005877253193,28.6666666666667,-8.53392105865263,7/7/2026 2:00:00 PM
MRM,37.8861868441465,31,-6.88618684414649,7/7/2026 2:15:00 PM
MRM,37.5401654037501,31.0909090909091,-6.44925631284097,7/7/2026 2:30:00 PM
MRM,38.1148212098245,32,-6.11482120982455,7/7/2026 2:45:00 PM
MRM,35.8708423035105,33,-2.87084230351049,7/7/2026 3:00:00 PM
MRM,31.7728171294381,32,0.227182870561858,7/7/2026 3:15:00 PM
MRM,35.7888316155273,32.6875,-3.10133161552734,7/7/2026 3:30:00 PM
MRM,34.3169242194573,32,-2.31692421945734,7/7/2026 3:45:00 PM
MRM,36.4489734017965,33.1223262032086,-3.32664719858791,7/7/2026 4:00:00 PM
MRM,37.8316137732262,33.3465909090909,-4.48502286413525,7/7/2026 4:15:00 PM
MRM,33.1756373876439,34.4641335227273,1.28849613508341,7/7/2026 4:30:00 PM
MRM,33.7228898939423,35,1.27711010605768,7/7/2026 4:45:00 PM
MRM,27.9391404482393,35,7.06085955176074,7/7/2026 5:00:00 PM
MRM,31.4074258422981,33.5,2.09257415770189,7/7/2026 5:15:00 PM
MRM,37.8232483244154,33.1818181818182,-4.64143014259719,7/7/2026 5:30:00 PM
MRM,38.1091441525073,32.0588235294118,-6.05032062309549,7/7/2026 5:45:00 PM
JPM,15.4860587140391,16.0144412878788,0.528382573839682,7/7/2026 6:00:00 PM
JPM,20.6892534031036,15.6266571969697,-5.06259620613391,7/7/2026 6:15:00 PM
JPM,22.6873684342103,14,-8.68736843421029,7/7/2026 6:30:00 PM
JPM,25.8162806962968,14,-11.8162806962968,7/7/2026 6:45:00 PM
JPM,23.9321480304253,13.6,-10.3321480304253,7/7/2026 7:00:00 PM
JPM,22.501724679988,13,-9.50172467998798,7/7/2026 7:15:00 PM
JPM,22.2828935783559,13.1818181818182,-9.10107539653777,7/7/2026 7:30:00 PM
JPM,20.7000586396948,13,-7.70005863969485,7/7/2026 7:45:00 PM
JPM,19.1755203829953,12.4285714285714,-6.74694895442384,7/7/2026 8:00:00 PM
JPM,18.0299168066411,12,-6.02991680664115,7/7/2026 8:15:00 PM
JPM,21.6792095625388,12,-9.6792095625388,7/7/2026 8:30:00 PM
JPM,21.0483677454078,13,-8.0483677454078,7/7/2026 8:45:00 PM
JPM,21.9979165206731,13.9561688311688,-8.04174768950429,7/7/2026 9:00:00 PM
JPM,21.1840855388686,13.1683238636364,-8.01576167523224,7/7/2026 9:15:00 PM
JPM,20.6533087434343,13.2222222222222,-7.43108652121212,7/7/2026 9:30:00 PM
JPM,21.283664611541,14.1666666666667,-7.11699794487432,7/7/2026 9:45:00 PM
JPM,17.3595571500475,15,-2.35955715004748,7/7/2026 10:00:00 PM
JPM,17.3113515022117,15,-2.31135150221169,7/7/2026 10:15:00 PM
JPM,16.0817001984801,14.8571428571429,-1.22455734133726,7/7/2026 10:30:00 PM
JPM,23.5083084808602,14,-9.50830848086022,7/7/2026 10:45:00 PM
JPM,25.3477841348657,14,-11.3477841348657,7/7/2026 11:00:00 PM
JPM,24.6207591120871,14,-10.6207591120871,7/7/2026 11:15:00 PM
JPM,21.7430671472667,13.1818181818182,-8.56124896544849,7/7/2026 11:30:00 PM
JPM,16.8774194991351,11.125,-5.75241949913514,7/7/2026 11:45:00 PM
JPM,16.4462935360997,11,-5.44629353609971,7/8/2026 12:00:00 AM
JPM,14.7848439887681,11,-3.78484398876811,7/8/2026 12:15:00 AM
JPM,14.6699665961268,13.1794871794872,-1.49047941663959,7/8/2026 12:30:00 AM
JPM,15.2724249231002,16,0.727575076899832,7/8/2026 12:45:00 AM
JPM,15.2240155655037,16,0.775984434496317,7/8/2026 1:00:00 AM
JPM,16.1453828772599,16.0693181818182,-0.0760646954417297,7/8/2026 1:15:00 AM
JPM,17.3554725421278,16,-1.35547254212781,7/8/2026 1:30:00 AM
JPM,16.5310062636668,16,-0.531006263666775,7/8/2026 1:45:00 AM
JPM,17.9634508853455,15.1875,-2.77595088534549,7/8/2026 2:00:00 AM
JPM,20.6472665212571,15.5909090909091,-5.05635743034804,7/8/2026 2:15:00 AM
JPM,20.7627446786105,16,-4.76274467861052,7/8/2026 2:30:00 AM
JPM,21.4034221731064,16,-5.40342217310642,7/8/2026 2:45:00 AM
JPM,19.5449867243329,16.2352941176471,-3.3096926066858,7/8/2026 3:00:00 AM
JPM,17.3645258795378,17,-0.364525879537762,7/8/2026 3:15:00 AM
JPM,16.5867068577066,17,0.413293142293352,7/8/2026 3:30:00 AM
JPM,15.3884792444792,17.1540404040404,1.76556115956116,7/8/2026 3:45:00 AM
JPM,16.8342358904578,17.3465909090909,0.512355018633105,7/8/2026 4:00:00 AM
JPM,17.8552549896168,17.3465909090909,-0.50866408052585,7/8/2026 4:15:00 AM
JPM,17.6110405222882,17.3465909090909,-0.264449613197243,7/8/2026 4:30:00 AM
JPM,17.4139578158949,17.3465909090909,-0.0673669068039757,7/8/2026 4:45:00 AM
JPM,17.6222179288152,17.3465909090909,-0.275627019724272,7/8/2026 5:00:00 AM
JPM,18.9034709369426,17.3465909090909,-1.55688002785172,7/8/2026 5:15:00 AM
JPM,19.7613135528754,16.148538961039,-3.61277459183641,7/8/2026 5:30:00 AM
JPM,14.2883149121296,12.2727272727273,-2.01558763940232,7/8/2026 5:45:00 AM
MRM,32.5948897629296,30.3894412878788,-2.20544847505078,7/7/2026 6:00:00 PM
MRM,28.6456805600001,28.6876183712121,0.0419378112120512,7/7/2026 6:15:00 PM
MRM,29.5712352245691,28,-1.57123522456908,7/7/2026 6:30:00 PM
MRM,30.2513447828854,29.5,-0.751344782885429,7/7/2026 6:45:00 PM
MRM,29.8061160919836,29.7,-0.10611609198358,7/7/2026 7:00:00 PM
MRM,27.4321947294263,29.5833333333333,2.15113860390703,7/7/2026 7:15:00 PM
MRM,30.9368075445895,32,1.06319245541054,7/7/2026 7:30:00 PM
MRM,30.3642309413869,31.1428571428571,0.778626201470239,7/7/2026 7:45:00 PM
MRM,29.9919625741956,32,2.0080374258044,7/7/2026 8:00:00 PM
MRM,30.5914138857288,31.8461538461538,1.25473996042507,7/7/2026 8:15:00 PM
MRM,27.3054125865126,30.4166666666667,3.11125408015408,7/7/2026 8:30:00 PM
MRM,29.6557827872795,30,0.34421721272054,7/7/2026 8:45:00 PM
MRM,30.6964430202572,30.2857142857143,-0.410728734542953,7/7/2026 9:00:00 PM
MRM,31.8725559464249,30.875,-0.997555946424917,7/7/2026 9:15:00 PM
MRM,31.5018968477629,29.7777777777778,-1.72411906998511,7/7/2026 9:30:00 PM
MRM,31.510377555088,29,-2.51037755508797,7/7/2026 9:45:00 PM
MRM,30.6562391644593,28.75,-1.90623916445928,7/7/2026 10:00:00 PM
MRM,36.6250337272478,26.4545454545455,-10.1704882727024,7/7/2026 10:15:00 PM
MRM,38.7539090339353,26.2857142857143,-12.468194748221,7/7/2026 10:30:00 PM
MRM,39.5964891185777,26,-13.5964891185777,7/7/2026 10:45:00 PM
MRM,32.1202741457959,25.3846153846154,-6.73565876118048,7/7/2026 11:00:00 PM
MRM,29.7490686476485,25.4375,-4.31156864764853,7/7/2026 11:15:00 PM
MRM,35.073361277909,26.5454545454545,-8.52790673245441,7/7/2026 11:30:00 PM
MRM,34.9223928430166,27.875,-7.04739284301656,7/7/2026 11:45:00 PM
MRM,32.9174532952114,27.6666666666667,-5.25078662854471,7/8/2026 12:00:00 AM
MRM,34.2582403421776,28.75,-5.50824034217764,7/8/2026 12:15:00 AM
MRM,36.9515053525166,33,-3.95150535251664,7/8/2026 12:30:00 AM
MRM,37.3065346001951,31.6666666666667,-5.63986793352847,7/8/2026 12:45:00 AM
MRM,38.2992970221363,26.6666666666667,-11.6326303554696,7/8/2026 1:00:00 AM
MRM,40.3074619197949,26.4011363636364,-13.9063255561585,7/8/2026 1:15:00 AM
MRM,34.6567528528408,24.6666666666667,-9.99008618617416,7/8/2026 1:30:00 AM
MRM,31.4526140925792,23.1176470588235,-8.33496703375564,7/8/2026 1:45:00 AM
MRM,36.0843996751949,23.4375,-12.6468996751949,7/8/2026 2:00:00 AM
MRM,41.7047143422066,25.2727272727273,-16.4319870694793,7/8/2026 2:15:00 AM
MRM,41.1080336863185,25,-16.1080336863185,7/8/2026 2:30:00 AM
MRM,41.3321392145459,25.1,-16.2321392145459,7/8/2026 2:45:00 AM
MRM,38.5767268734187,25.9411764705882,-12.6355504028305,7/8/2026 3:00:00 AM
MRM,40.7873426033889,26.5018939393939,-14.2854486639949,7/8/2026 3:15:00 AM
MRM,39.3016123314519,25,-14.3016123314519,7/8/2026 3:30:00 AM
MRM,36.7908394205293,25.2222222222222,-11.5686171983071,7/8/2026 3:45:00 AM
MRM,37.5610972203945,25.2666666666667,-12.2944305537278,7/8/2026 4:00:00 AM
MRM,40.0227117696474,27,-13.0227117696474,7/8/2026 4:15:00 AM
MRM,40.2957348645231,29.9,-10.3957348645231,7/8/2026 4:30:00 AM
MRM,40.8219543696579,30,-10.8219543696579,7/8/2026 4:45:00 AM
MRM,40.521123202464,29.6666666666667,-10.8544565357974,7/8/2026 5:00:00 AM
MRM,38.9786855461831,30,-8.97868554618312,7/8/2026 5:15:00 AM
MRM,33.2364474588754,29.047619047619,-4.18882841125638,7/8/2026 5:30:00 AM
MRM,28.2216922497002,28.0909090909091,-0.130783158791075,7/8/2026 5:45:00 AM
JPM,14.1061112756407,12.1,-2.00611127564066,7/8/2026 6:00:00 AM
JPM,13.2119734779815,13.8571428571429,0.645169379161347,7/8/2026 6:15:00 AM
JPM,11.7812063082584,14.1066433566434,2.32543704838491,7/8/2026 6:30:00 AM
JPM,10.7541194455113,13.8235294117647,3.0694099662534,7/8/2026 6:45:00 AM
JPM,11.2804462666363,13.6666666666667,2.38622040003037,7/8/2026 7:00:00 AM
JPM,12.1324868231462,14.2568181818182,2.12433135867198,7/8/2026 7:15:00 AM
JPM,9.95283810959142,12.2777777777778,2.32493966818636,7/8/2026 7:30:00 AM
JPM,13.5090623640326,11,-2.50906236403259,7/8/2026 7:45:00 AM
JPM,13.0974169752726,11,-2.09741697527256,7/8/2026 8:00:00 AM
JPM,14.1800750055245,11.8666666666667,-2.31340833885779,7/8/2026 8:15:00 AM
JPM,15.2834735302257,16,0.71652646977426,7/8/2026 8:30:00 AM
JPM,15.550186505586,14.5833333333333,-0.966853172252657,7/8/2026 8:45:00 AM
JPM,16.3895255211866,14,-2.38952552118659,7/8/2026 9:00:00 AM
JPM,17.5815913119693,13.6666666666667,-3.91492464530265,7/8/2026 9:15:00 AM
JPM,17.2115076431467,12.4666666666667,-4.74484097648007,7/8/2026 9:30:00 AM
JPM,17.1912231798562,12,-5.19122317985618,7/8/2026 9:45:00 AM
JPM,17.8290970592849,12.1,-5.72909705928488,7/8/2026 10:00:00 AM
JPM,18.0704690549272,12.2,-5.87046905492721,7/8/2026 10:15:00 AM
JPM,18.7112128045448,15.7647058823529,-2.94650692219186,7/8/2026 10:30:00 AM
JPM,14.8656879079469,15.25,0.38431209205307,7/8/2026 10:45:00 AM
JPM,6.04983900525423,10.9333333333333,4.8834943280791,7/8/2026 11:00:00 AM
JPM,5.54792174749712,6.875,1.32707825250288,7/8/2026 11:15:00 AM
JPM,5.68416705492266,2.61538461538462,-3.06878243953805,7/8/2026 11:30:00 AM
JPM,5.87180798047191,2,-3.87180798047191,7/8/2026 11:45:00 AM
JPM,4.54721481282281,2,-2.54721481282281,7/8/2026 12:00:00 PM
JPM,4.79120615659261,2.1,-2.69120615659261,7/8/2026 12:15:00 PM
JPM,4.99293629440882,2.57142857142857,-2.42150772298025,7/8/2026 12:30:00 PM
JPM,5.17601331164804,2.22222222222222,-2.95379108942582,7/8/2026 12:45:00 PM
JPM,5.34530297215554,2,-3.34530297215554,7/8/2026 1:00:00 PM
JPM,5.52280485017476,2.18181818181818,-3.34098666835658,7/8/2026 1:15:00 PM
JPM,5.84071023710648,2.06666666666667,-3.77404357043981,7/8/2026 1:30:00 PM
JPM,10.8787338269863,3.83333333333333,-7.04540049365295,7/8/2026 1:45:00 PM
JPM,16.2530761988843,9.6,-6.65307619888428,7/8/2026 2:00:00 PM
JPM,15.3815228609202,13,-2.3815228609202,7/8/2026 2:15:00 PM
JPM,14.3856050364086,12.7647058823529,-1.62089915405565,7/8/2026 2:30:00 PM
JPM,13.6614805710392,12,-1.66148057103923,7/8/2026 2:45:00 PM
JPM,9.81697481941261,11.5714285714286,1.75445375201596,7/8/2026 3:00:00 PM
JPM,9.30315246602273,11.6,2.29684753397727,7/8/2026 3:15:00 PM
JPM,8.78301067619068,12,3.21698932380932,7/8/2026 3:30:00 PM
JPM,8.45422600765971,12,3.54577399234029,7/8/2026 3:45:00 PM
JPM,8.6458673277479,10.1666666666667,1.52079933891877,7/8/2026 4:00:00 PM
MRM,24.4347585736437,27.6,3.16524142635631,7/8/2026 6:00:00 AM
MRM,29.8517790452746,28,-1.85177904527459,7/8/2026 6:15:00 AM
MRM,30.2607719170721,28,-2.26077191707208,7/8/2026 6:30:00 AM
MRM,30.5435969053133,28,-2.54359690531333,7/8/2026 6:45:00 AM
MRM,34.2830672171209,29,-5.28306721712093,7/8/2026 7:00:00 AM
MRM,31.4266696948079,28.7412878787879,-2.68538181602001,7/8/2026 7:15:00 AM
MRM,31.563941533834,29.376893939394,-2.18704759444005,7/8/2026 7:30:00 AM
MRM,31.8275046284712,30.5943181818182,-1.23318644665303,7/8/2026 7:45:00 AM
MRM,30.4573491965708,30.402972027972,-0.0543771685987942,7/8/2026 8:00:00 AM
MRM,34.9446195284557,30.6,-4.34461952845567,7/8/2026 8:15:00 AM
MRM,41.4050984183519,31,-10.4050984183519,7/8/2026 8:30:00 AM
MRM,40.8603045136799,36,-4.86030451367986,7/8/2026 8:45:00 AM
MRM,39.6886758294941,36.3080808080808,-3.38059502141332,7/8/2026 9:00:00 AM
MRM,38.3450280525186,36.3465909090909,-1.99843714342767,7/8/2026 9:15:00 AM
MRM,37.6103306021533,36.0284090909091,-1.58192151124424,7/8/2026 9:30:00 AM
MRM,37.0877061591408,32,-5.08770615914075,7/8/2026 9:45:00 AM
MRM,33.887663537323,32.5198863636364,-1.3677771736866,7/8/2026 10:00:00 AM
MRM,34.8696450406354,33.2943181818182,-1.57532685881726,7/8/2026 10:15:00 AM
MRM,32.7064917364953,35.9839572192513,3.27746548275604,7/8/2026 10:30:00 AM
MRM,31.236304779873,30.4488636363636,-0.787441143509337,7/8/2026 10:45:00 AM
MRM,35.3176139379926,30.2015151515151,-5.11609878647749,7/8/2026 11:00:00 AM
MRM,35.9164981594359,29.7365056818182,-6.17999247761774,7/8/2026 11:15:00 AM
MRM,23.1541796052141,27.9015515734266,4.74737196821252,7/8/2026 11:30:00 AM
MRM,19.1654358929409,23.9122869318182,4.74685103887733,7/8/2026 11:45:00 AM
MRM,22.182690359224,20.435327540107,-1.74736281911707,7/8/2026 12:00:00 PM
MRM,21.6474991449885,18.1028409090909,-3.54465823589763,7/8/2026 12:15:00 PM
MRM,23.8356702177426,20.5028409090909,-3.33282930865174,7/8/2026 12:30:00 PM
MRM,25.8774018808111,23.4463383838384,-2.43106349697271,7/8/2026 12:45:00 PM
MRM,25.6430692683131,24.625,-1.01806926831313,7/8/2026 1:00:00 PM
MRM,35.722936456587,27.7272727272727,-7.99566372931427,7/8/2026 1:15:00 PM
MRM,36.4560272213022,31.4,-5.05602722130217,7/8/2026 1:30:00 PM
MRM,33.5095890197728,25.1434659090909,-8.36612311068186,7/8/2026 1:45:00 PM
MRM,32.7541096351446,27.7282196969697,-5.02588993817493,7/8/2026 2:00:00 PM
MRM,28.1519884925845,28.2914772727273,0.139488780142816,7/8/2026 2:15:00 PM
MRM,27.0934223328649,27.4522058823529,0.358783549488063,7/8/2026 2:30:00 PM
MRM,28.092382121234,26.5343491735537,-1.55803294768032,7/8/2026 2:45:00 PM
MRM,33.564169934913,29.4285714285714,-4.13559850634153,7/8/2026 3:00:00 PM
MRM,28.1822834244021,31,2.81771657559791,7/8/2026 3:15:00 PM
MRM,26.8261171435007,30.2307692307692,3.40465208726851,7/8/2026 3:30:00 PM
MRM,25.1979699113015,27.2173913043478,2.01942139304636,7/8/2026 3:45:00 PM
MRM,15.9432276684665,22.5217391304348,6.57851146196824,7/8/2026 4:00:00 PM
MRM,8.43164739201515,14.6086956521739,6.17704826015876,7/8/2026 4:15:00 PM
MRM,7.35934411929155,4.78571428571429,-2.57362983357727,7/8/2026 4:30:00 PM
MRM,7.73063014517842,4.42857142857143,-3.30205871660699,7/8/2026 4:45:00 PM
MRM,16.8756684799864,13.3,-3.57566847998643,7/8/2026 5:00:00 PM
MRM,14.8772667554182,12.4545454545455,-2.42272130087272,7/8/2026 5:15:00 PM
MRM,9.14100479533064,10.6,1.45899520466936,7/8/2026 5:30:00 PM
MRM,7.41181198534299,10,2.58818801465701,7/8/2026 5:45:00 PM
JPM,5.84376927741761,1,-4.84376927741761,7/8/2026 10:30:00 PM
JPM,5.48854940916612,1.63636363636364,-3.85218577280249,7/8/2026 10:45:00 PM
JPM,5.56866538973043,3.09090909090909,-2.47775629882134,7/8/2026 11:00:00 PM
JPM,6.10521521962058,3.66666666666667,-2.43854855295391,7/8/2026 11:15:00 PM
JPM,7.09113402934922,5,-2.09113402934922,7/8/2026 11:30:00 PM
JPM,7.23445903920142,5,-2.23445903920142,7/8/2026 11:45:00 PM
JPM,7.24268094395364,5,-2.24268094395364,7/9/2026 12:00:00 AM
JPM,7.93184883393038,5.77777777777778,-2.1540710561526,7/9/2026 12:15:00 AM
JPM,8.43276031011101,5,-3.43276031011101,7/9/2026 12:30:00 AM
JPM,8.64997613345455,5,-3.64997613345455,7/9/2026 12:45:00 AM
JPM,10.990229587238,5,-5.99022958723801,7/9/2026 1:00:00 AM
JPM,11.7691715729138,5.25,-6.51917157291383,7/9/2026 1:15:00 AM
JPM,12.8842517596354,7.28571428571429,-5.59853747392108,7/9/2026 1:30:00 AM
JPM,11.872987582382,10,-1.87298758238199,7/9/2026 1:45:00 AM
JPM,11.8892562553948,10,-1.8892562553948,7/9/2026 2:00:00 AM
JPM,11.9096949026671,10,-1.90969490266709,7/9/2026 2:15:00 AM
JPM,12.673517357968,10,-2.67351735796804,7/9/2026 2:30:00 AM
JPM,13.0806199808845,10,-3.08061998088447,7/9/2026 2:45:00 AM
JPM,12.2913136947422,10,-2.29131369474223,7/9/2026 3:00:00 AM
JPM,13.5407645933978,10,-3.54076459339781,7/9/2026 3:15:00 AM
JPM,15.6553137537489,12.125,-3.5303137537489,7/9/2026 3:30:00 AM
JPM,17.0903092752132,15,-2.09030927521318,7/9/2026 3:45:00 AM
JPM,18.3495911009242,15,-3.34959110092419,7/9/2026 4:00:00 AM
JPM,16.6696475435107,15,-1.66964754351073,7/9/2026 4:15:00 AM
JPM,14.5900428308912,15,0.40995716910879,7/9/2026 4:30:00 AM
JPM,14.3880545518215,15,0.611945448178533,7/9/2026 4:45:00 AM
JPM,14.2272363207056,14.9230769230769,0.695840602371334,7/9/2026 5:00:00 AM
JPM,11.5421370315305,15.2222222222222,3.68008519069174,7/9/2026 5:15:00 AM
JPM,12.1692899842468,15.2941176470588,3.12482766281202,7/9/2026 5:30:00 AM
JPM,9.0433590331234,13.3103448275862,4.2669857944628,7/9/2026 5:45:00 AM
MRM,6.51816190447338,9.11111111111111,2.59294920663773,7/8/2026 6:00:00 PM
MRM,6.946205993387,10,3.053794006613,7/8/2026 6:15:00 PM
MRM,7.01637969043758,9.66666666666667,2.65028697622909,7/8/2026 6:30:00 PM
MRM,7.15370750372988,10.9726239669421,3.81891646321227,7/8/2026 6:45:00 PM
MRM,7.62337936837973,10.8461538461538,3.22277447777411,7/8/2026 7:00:00 PM
MRM,7.13695740865799,12.3,5.16304259134201,7/8/2026 7:15:00 PM
MRM,6.41425251713955,11.8888888888889,5.47463637174933,7/8/2026 7:30:00 PM
MRM,11.8715488818314,11.8217975206612,-0.0497513611702853,7/8/2026 7:45:00 PM
MRM,13.1882523568566,14.8571428571429,1.6688905002863,7/8/2026 8:00:00 PM
MRM,19.3324336343692,16,-3.33243363436916,7/8/2026 8:15:00 PM
MRM,18.9824316727091,16,-2.98243167270912,7/8/2026 8:30:00 PM
MRM,16.3515732996115,16.148538961039,-0.203034338572511,7/8/2026 8:45:00 PM
MRM,26.1185708286193,16.6699810606061,-9.44858976801326,7/8/2026 9:00:00 PM
MRM,25.9374385961741,17.8333333333333,-8.10410526284075,7/8/2026 9:15:00 PM
MRM,25.6996173480558,19.5,-6.19961734805581,7/8/2026 9:30:00 PM
MRM,25.762003134091,20.8181818181818,-4.94382131590918,7/8/2026 9:45:00 PM
MRM,26.9959052465705,21.25,-5.7459052465705,7/8/2026 10:00:00 PM
MRM,26.5303662661087,21,-5.53036626610866,7/8/2026 10:15:00 PM
MRM,24.5061299109741,21.3333333333333,-3.17279657764075,7/8/2026 10:30:00 PM
MRM,26.4120520525625,25.5454545454545,-0.866597507107919,7/8/2026 10:45:00 PM
MRM,26.6661419679757,26.9090909090909,0.242948941115259,7/8/2026 11:00:00 PM
MRM,30.6343627155563,26.9166666666667,-3.71769604888967,7/8/2026 11:15:00 PM
MRM,33.7875520881869,28,-5.78755208818686,7/8/2026 11:30:00 PM
MRM,31.888291522781,28,-3.88829152278105,7/8/2026 11:45:00 PM
MRM,34.5157223339504,28.4285714285714,-6.08715090537893,7/9/2026 12:00:00 AM
MRM,34.9634048046073,28.5555555555556,-6.40784924905173,7/9/2026 12:15:00 AM
MRM,36.0044013547656,29,-7.00440135476561,7/9/2026 12:30:00 AM
MRM,37.8164621483739,28.5,-9.31646214837385,7/9/2026 12:45:00 AM
MRM,36.2554939410827,27.7272727272727,-8.52822121380994,7/9/2026 1:00:00 AM
MRM,32.4427161926202,29.4375,-3.0052161926202,7/9/2026 1:15:00 AM
MRM,29.482210061798,29.7142857142857,0.232075652487691,7/9/2026 1:30:00 AM
MRM,32.0627656476998,29,-3.06276564769983,7/9/2026 1:45:00 AM
MRM,31.5110179035536,31.1818181818182,-0.329199721735456,7/9/2026 2:00:00 AM
MRM,28.1778698613507,30.8095238095238,2.63165394817312,7/9/2026 2:15:00 AM
MRM,34.2213385514515,31.25,-2.97133855145146,7/9/2026 2:30:00 AM
MRM,29.6295086145516,33,3.3704913854484,7/9/2026 2:45:00 AM
MRM,33.6532859750523,33.2222222222222,-0.431063752830127,7/9/2026 3:00:00 AM
MRM,30.5397974072761,33,2.46020259272392,7/9/2026 3:15:00 AM
MRM,34.5647934193006,32.25,-2.31479341930059,7/9/2026 3:30:00 AM
MRM,29.0054054036886,32.5714285714286,3.56602316773999,7/9/2026 3:45:00 AM
MRM,24.8370710000875,34,9.16292899991251,7/9/2026 4:00:00 AM
MRM,27.5310495292312,34,6.46895047076879,7/9/2026 4:15:00 AM
MRM,28.009093635292,35,6.990906364708,7/9/2026 4:30:00 AM
MRM,19.2501226615189,32.7333333333333,13.4832106718145,7/9/2026 4:45:00 AM
MRM,14.2638291129447,28,13.7361708870553,7/9/2026 5:00:00 AM
MRM,20.0023002674358,24.5555555555556,4.55325528811977,7/9/2026 5:15:00 AM
MRM,22.7627036732428,23.2941176470588,0.531413973816022,7/9/2026 5:30:00 AM
MRM,26.977855421422,25.5419278996865,-1.43592752173551,7/9/2026 5:45:00 AM
JPM,7.05305385363377,8.5,1.44694614636623,7/9/2026 6:00:00 AM
JPM,6.20044302383949,5.66666666666667,-0.53377635717282,7/9/2026 6:15:00 AM
JPM,6.29753031815453,5.55555555555556,-0.741974762598976,7/9/2026 6:30:00 AM
JPM,6.27295919462379,7.41666666666667,1.14370747204288,7/9/2026 6:45:00 AM
JPM,4.31410708854856,5.46153846153846,1.1474313729899,7/9/2026 7:00:00 AM
JPM,4.06340655991725,3.35714285714286,-0.706263702774395,7/9/2026 7:15:00 AM
JPM,4.26007672797693,1,-3.26007672797693,7/9/2026 7:30:00 AM
JPM,3.99899730020156,1,-2.99899730020156,7/9/2026 7:45:00 AM
JPM,4.05947181068087,1,-3.05947181068087,7/9/2026 8:00:00 AM
JPM,3.86645682046427,1,-2.86645682046427,7/9/2026 8:15:00 AM
JPM,3.93987272016519,2,-1.93987272016519,7/9/2026 8:30:00 AM
JPM,3.82203333002957,4,0.177966669970434,7/9/2026 8:45:00 AM
JPM,3.72918836876902,6.75,3.02081163123098,7/9/2026 9:00:00 AM
JPM,3.77002809288068,7,3.22997190711932,7/9/2026 9:15:00 AM
JPM,3.76661944071345,5.7,1.93338055928655,7/9/2026 9:30:00 AM
JPM,3.98285792463366,3.85714285714286,-0.125715067490801,7/9/2026 9:45:00 AM
JPM,3.9628605575646,2.33333333333333,-1.62952722423127,7/9/2026 10:00:00 AM
JPM,3.90688456516884,4.88888888888889,0.982004323720048,7/9/2026 10:15:00 AM
JPM,3.88213132833018,6.18181818181818,2.29968685348801,7/9/2026 10:30:00 AM
JPM,3.77096236778851,6.55555555555556,2.78459318776705,7/9/2026 10:45:00 AM
JPM,3.81523736035139,7,3.18476263964861,7/9/2026 11:00:00 AM
JPM,4.00685811931459,5.46153846153846,1.45468034222387,7/9/2026 11:15:00 AM
JPM,3.59768145424572,4.22222222222222,0.624540767976501,7/9/2026 11:30:00 AM
JPM,7.81591133854251,6.41666666666667,-1.39924467187584,7/9/2026 11:45:00 AM
JPM,7.08447568823934,7.84615384615385,0.761678157914505,7/9/2026 12:00:00 PM
JPM,7.00871469569632,8.92857142857143,1.91985673287511,7/9/2026 12:15:00 PM
JPM,8.15404904067345,9.5,1.34595095932655,7/9/2026 12:30:00 PM
JPM,10.7262026880511,10.375,-0.351202688051096,7/9/2026 12:45:00 PM
JPM,8.0124121103184,9.60869565217391,1.59628354185551,7/9/2026 1:00:00 PM
JPM,10.319262099937,9,-1.319262099937,7/9/2026 1:15:00 PM
JPM,7.69951156922202,9,1.30048843077798,7/9/2026 1:30:00 PM
JPM,9.99963390359003,9,-0.999633903590025,7/9/2026 1:45:00 PM
JPM,10.5323882888265,9.47058823529412,-1.06180005353238,7/9/2026 2:00:00 PM
JPM,11.7898317551121,10.4117647058824,-1.37806704922974,7/9/2026 2:15:00 PM
JPM,12.119369242549,12,-0.119369242548995,7/9/2026 2:30:00 PM
JPM,11.538534514307,12,0.461465485692992,7/9/2026 2:45:00 PM
JPM,12.1508825405537,12,-0.150882540553662,7/9/2026 3:00:00 PM
JPM,12.1981469971802,12.0385101010101,-0.159636896170106,7/9/2026 3:15:00 PM
JPM,11.4548440632021,11.5384615384615,0.0836174752594818,7/9/2026 3:30:00 PM
JPM,11.9695895279138,12,0.0304104720861638,7/9/2026 3:45:00 PM
JPM,13.1061032111748,12,-1.1061032111748,7/9/2026 4:00:00 PM
JPM,12.6170496294091,12,-0.617049629409131,7/9/2026 4:15:00 PM
JPM,13.9463522274566,14,0.0536477725434032,7/9/2026 4:30:00 PM
JPM,14.2935083032217,13.2,-1.09350830322172,7/9/2026 4:45:00 PM
JPM,13.4800118746408,13,-0.480011874640821,7/9/2026 5:00:00 PM
JPM,12.5908985211775,13,0.409101478822494,7/9/2026 5:15:00 PM
JPM,10.9930180512921,13,2.00698194870789,7/9/2026 5:30:00 PM
JPM,16.5612480034619,13,-3.56124800346186,7/9/2026 5:45:00 PM
MRM,32.1349075459704,26,-6.13490754597037,7/9/2026 6:00:00 AM
MRM,25.3959245384943,25.5833333333333,0.187408794839005,7/9/2026 6:15:00 AM
MRM,25.1791012072772,25.1111111111111,-0.0679900961660884,7/9/2026 6:30:00 AM
MRM,25.293115092582,26.0833333333333,0.790218240751319,7/9/2026 6:45:00 AM
MRM,23.9907093612748,26.5769230769231,2.58621371564832,7/9/2026 7:00:00 AM
MRM,28.9305764120926,25.049512987013,-3.88106342507957,7/9/2026 7:15:00 AM
MRM,26.9135311810139,25.3636363636364,-1.54989481737752,7/9/2026 7:30:00 AM
MRM,33.7487907995657,28.7692307692308,-4.97956003033491,7/9/2026 7:45:00 AM
MRM,33.4287855279244,28.25,-5.17878552792441,7/9/2026 8:00:00 AM
MRM,36.7424103784095,32.5465909090909,-4.19581946931862,7/9/2026 8:15:00 AM
MRM,40.9416076096559,33.6666666666667,-7.27494094298925,7/9/2026 8:30:00 AM
MRM,45.1903451764599,34.4,-10.7903451764599,7/9/2026 8:45:00 AM
MRM,44.6371784560634,35.75,-8.88717845606344,7/9/2026 9:00:00 AM
MRM,45.927162747504,34,-11.927162747504,7/9/2026 9:15:00 AM
MRM,45.0921999614777,34.2,-10.8921999614777,7/9/2026 9:30:00 AM
MRM,42.9570403191728,36.7142857142857,-6.24275460488708,7/9/2026 9:45:00 AM
MRM,41.5335228475528,37.1666666666667,-4.36685618088612,7/9/2026 10:00:00 AM
MRM,45.5287467604791,37,-8.5287467604791,7/9/2026 10:15:00 AM
MRM,44.2755359645139,36.8181818181818,-7.45735414633209,7/9/2026 10:30:00 AM
MRM,32.7270973833688,34.6666666666667,1.93956928329789,7/9/2026 10:45:00 AM
MRM,35.0436018317523,32.2,-2.84360183175225,7/9/2026 11:00:00 AM
MRM,33.5655163821221,31,-2.56551638212213,7/9/2026 11:15:00 AM
MRM,33.4149098459086,30,-3.41490984590858,7/9/2026 11:30:00 AM
MRM,39.4368484400902,31.5833333333333,-7.85351510675686,7/9/2026 11:45:00 AM
MRM,50.9683291341904,35,-15.9683291341904,7/9/2026 12:00:00 PM
MRM,53.8315627482928,35.0714285714286,-18.7601341768643,7/9/2026 12:15:00 PM
MRM,54.4954909208993,35,-19.4954909208993,7/9/2026 12:30:00 PM
MRM,54.0547416763136,35.125,-18.9297416763136,7/9/2026 12:45:00 PM
MRM,53.8484981019518,36.695652173913,-17.1528459280388,7/9/2026 1:00:00 PM
MRM,50.971813184579,38,-12.971813184579,7/9/2026 1:15:00 PM
MRM,46.2134605309851,37.0909090909091,-9.122551440076,7/9/2026 1:30:00 PM
MRM,45.3160965467649,37.8,-7.51609654676493,7/9/2026 1:45:00 PM
MRM,48.1226520870135,38,-10.1226520870135,7/9/2026 2:00:00 PM
MRM,52.3319372820855,40.6470588235294,-11.6848784585561,7/9/2026 2:15:00 PM
MRM,46.3646631876444,38.7142857142857,-7.65037747335864,7/9/2026 2:30:00 PM
MRM,38.2532685810337,37,-1.25326858103367,7/9/2026 2:45:00 PM
MRM,36.8555730779211,36.1538461538462,-0.701726924074919,7/9/2026 3:00:00 PM
MRM,41.2527072816782,37.4444444444444,-3.80826283723373,7/9/2026 3:15:00 PM
MRM,45.2013933115478,38,-7.20139331154784,7/9/2026 3:30:00 PM
MRM,46.0545422863335,36.36,-9.69454228633347,7/9/2026 3:45:00 PM
MRM,43.1700119715171,36,-7.17001197151715,7/9/2026 4:00:00 PM
MRM,41.5574888982942,36.75,-4.80748889829425,7/9/2026 4:15:00 PM
MRM,40.5110761140372,37,-3.51107611403722,7/9/2026 4:30:00 PM
MRM,40.5013793868335,37,-3.50137938683351,7/9/2026 4:45:00 PM
MRM,39.6558780863271,37.4,-2.25587808632714,7/9/2026 5:00:00 PM
MRM,43.249894659508,38,-5.24989465950797,7/9/2026 5:15:00 PM
MRM,37.1684359669832,37.4190340909091,0.250598123925919,7/9/2026 5:30:00 PM
MRM,44.1155175003261,38.0729930351906,-6.04252446513552,7/9/2026 5:45:00 PM
JPM,19.8615640008509,13,-6.86156400085093,7/9/2026 6:00:00 PM
JPM,20.8467538669532,13,-7.8467538669532,7/9/2026 6:15:00 PM
JPM,21.526382362536,13,-8.52638236253604,7/9/2026 6:30:00 PM
JPM,22.5746595277796,13,-9.57465952777962,7/9/2026 6:45:00 PM
JPM,22.0513294427116,13.2777777777778,-8.77355166493377,7/9/2026 7:00:00 PM
JPM,20.6151889526647,13,-7.61518895266465,7/9/2026 7:15:00 PM
JPM,19.4503111957259,12.55,-6.90031119572587,7/9/2026 7:30:00 PM
JPM,17.7103523900215,12.1590909090909,-5.55126148093062,7/9/2026 7:45:00 PM
JPM,16.1313792609413,12,-4.1313792609413,7/9/2026 8:00:00 PM
JPM,16.2296581513329,12,-4.22965815133292,7/9/2026 8:15:00 PM
JPM,17.1327367685424,12.7441860465116,-4.38855072203074,7/9/2026 8:30:00 PM
JPM,16.2319709090579,13,-3.23197090905787,7/9/2026 8:45:00 PM
JPM,15.6122996438139,13,-2.61229964381391,7/9/2026 9:00:00 PM
JPM,15.7610401366442,13,-2.76104013664422,7/9/2026 9:15:00 PM
JPM,16.1681564299363,13,-3.16815642993628,7/9/2026 9:30:00 PM
JPM,19.3965151081897,13.0714285714286,-6.32508653676113,7/9/2026 9:45:00 PM
JPM,21.1917292398862,14,-7.19172923988617,7/9/2026 10:00:00 PM
JPM,22.1543814654405,14,-8.15438146544048,7/9/2026 10:15:00 PM
JPM,21.5815457369059,14,-7.58154573690587,7/9/2026 10:30:00 PM
JPM,20.8656104504089,14,-6.86561045040886,7/9/2026 10:45:00 PM
JPM,18.9656019605687,14,-4.96560196056873,7/9/2026 11:00:00 PM
JPM,20.6879673943499,14,-6.6879673943499,7/9/2026 11:15:00 PM
JPM,19.4405915113761,13.4736842105263,-5.96690730084981,7/9/2026 11:30:00 PM
JPM,16.8688262693829,13,-3.8688262693829,7/9/2026 11:45:00 PM
JPM,17.0408472017513,13,-4.04084720175133,7/10/2026 12:00:00 AM
JPM,16.3263693676267,13.0222222222222,-3.30414714540444,7/10/2026 12:15:00 AM
JPM,14.4279874106768,12.5,-1.92798741067683,7/10/2026 12:30:00 AM
JPM,16.5707086767992,12,-4.57070867679916,7/10/2026 12:45:00 AM
JPM,19.2879425352559,13,-6.28794253525594,7/10/2026 1:00:00 AM
JPM,20.2211143800688,13,-7.22111438006879,7/10/2026 1:15:00 AM
JPM,19.6136842759872,13,-6.61368427598722,7/10/2026 1:30:00 AM
JPM,19.5971740016881,13,-6.5971740016881,7/10/2026 1:45:00 AM
JPM,19.4228195318393,13.4230769230769,-5.99974260876235,7/10/2026 2:00:00 AM
JPM,19.5780697425893,14,-5.5780697425893,7/10/2026 2:15:00 AM
JPM,19.8548191770017,13.2727272727273,-6.58209190427438,7/10/2026 2:30:00 AM
JPM,20.9913500140266,13,-7.99135001402662,7/10/2026 2:45:00 AM
JPM,18.1543728887439,13.135593220339,-5.01877966840487,7/10/2026 3:00:00 AM
JPM,13.978280934745,13.9117647058824,-0.0665162288626071,7/10/2026 3:15:00 AM
JPM,14.7594874301445,13.1612903225806,-1.59819710756389,7/10/2026 3:30:00 AM
JPM,14.8137955800127,12.6764705882353,-2.13732499177739,7/10/2026 3:45:00 AM
JPM,15.1342156763228,12,-3.13421567632282,7/10/2026 4:00:00 AM
JPM,17.3323507714833,11.9354838709677,-5.39686690051556,7/10/2026 4:15:00 AM
JPM,16.1356519085825,12.8888888888889,-3.24676301969363,7/10/2026 4:30:00 AM
JPM,17.0173534616786,14,-3.01735346167863,7/10/2026 4:45:00 AM
JPM,17.1276786510788,14,-3.12767865107876,7/10/2026 5:00:00 AM
JPM,17.5514249152776,14,-3.5514249152776,7/10/2026 5:15:00 AM
JPM,13.4494127599356,12.1481481481481,-1.30126461178744,7/10/2026 5:30:00 AM
JPM,11.7316925494485,11.5,-0.231692549448486,7/10/2026 5:45:00 AM
MRM,37.0540488427954,37.1885653409091,0.134516498113726,7/9/2026 6:00:00 PM
MRM,44.5079266541842,32.1573322510823,-12.350594403102,7/9/2026 6:15:00 PM
MRM,53.2381056777362,32.5482954545455,-20.6898102231907,7/9/2026 6:30:00 PM
MRM,54.8610588217698,31.8399621212121,-23.0210967005577,7/9/2026 6:45:00 PM
MRM,54.6177696500958,30.9649621212121,-23.6528075288837,7/9/2026 7:00:00 PM
MRM,58.1832566116766,32.088835995086,-26.0944206165905,7/9/2026 7:15:00 PM
MRM,55.9531403381624,31.4149621212121,-24.5381782169502,7/9/2026 7:30:00 PM
MRM,48.9646752283018,29.7528409090909,-19.2118343192109,7/9/2026 7:45:00 PM
MRM,54.1796182485864,30.5482954545455,-23.6313227940409,7/9/2026 8:00:00 PM
MRM,52.6430883363439,31.5105596054889,-21.132528730855,7/9/2026 8:15:00 PM
MRM,56.226584615758,35.5482954545455,-20.6782891612126,7/9/2026 8:30:00 PM
MRM,57.6274081166525,33.9768668831169,-23.6505412335356,7/9/2026 8:45:00 PM
MRM,55.5709261137673,33.8816287878788,-21.6892973258885,7/9/2026 9:00:00 PM
MRM,55.7584050257737,34.5482954545455,-21.2101095712283,7/9/2026 9:15:00 PM
MRM,56.3010478565587,32.6911525974026,-23.6098952591561,7/9/2026 9:30:00 PM
MRM,50.8145415327878,34.7698863636363,-16.0446551691515,7/9/2026 9:45:00 PM
MRM,50.4769630245496,37.2412130021141,-13.2357500224354,7/9/2026 10:00:00 PM
MRM,57.6021528843303,36.3287168560606,-21.2734360282697,7/9/2026 10:15:00 PM
MRM,53.0591471235679,37.1998106060606,-15.8593365175073,7/9/2026 10:30:00 PM
MRM,54.7270987686575,36.2414772727273,-18.4856214959302,7/9/2026 10:45:00 PM
MRM,51.4268376930139,35.6462391774892,-15.7805985155247,7/9/2026 11:00:00 PM
MRM,54.8913683110329,35.1603961916462,-19.7309721193867,7/9/2026 11:15:00 PM
MRM,56.1583740501676,34.7808014354067,-21.3775726147609,7/9/2026 11:30:00 PM
MRM,51.2331953770459,34.2282196969697,-17.0049756800762,7/9/2026 11:45:00 PM
MRM,55.7681531989263,34.6088286713287,-21.1593245275976,7/10/2026 12:00:00 AM
MRM,58.7467912057847,34.7386363636363,-24.0081548421484,7/10/2026 12:15:00 AM
MRM,54.1301620953962,31.086709486166,-23.0434526092302,7/10/2026 12:30:00 AM
MRM,52.4742376046142,29.5634881422925,-22.9107494623217,7/10/2026 12:45:00 AM
MRM,53.4663134460641,29.0852272727273,-24.3810861733368,7/10/2026 1:00:00 AM
MRM,58.3034678834434,28.8862584175084,-29.417209465935,7/10/2026 1:15:00 AM
MRM,59.589946837315,28.8028198653199,-30.7871269719951,7/10/2026 1:30:00 AM
MRM,60.8466318876849,29.8295454545455,-31.0170864331395,7/10/2026 1:45:00 AM
MRM,64.659898251383,30.7904283216783,-33.8694699297047,7/10/2026 2:00:00 AM
MRM,62.4951855190899,32.1761363636364,-30.3190491554535,7/10/2026 2:15:00 AM
MRM,61.7141524542227,32.2585227272727,-29.45562972695,7/10/2026 2:30:00 AM
MRM,52.2257514575182,32.4318181818182,-19.7939332757,7/10/2026 2:45:00 AM
MRM,55.7599407200377,32.4318181818182,-23.3281225382195,7/10/2026 3:00:00 AM
MRM,63.8136167069005,32.0997660427808,-31.7138506641197,7/10/2026 3:15:00 AM
MRM,61.6153317501207,31.7816165689149,-29.8337151812058,7/10/2026 3:30:00 AM
MRM,64.1992557358091,31.052807486631,-33.1464482491781,7/10/2026 3:45:00 AM
MRM,63.0183433654739,31.6505681818182,-31.3677751836557,7/10/2026 4:00:00 AM
MRM,53.1404492722624,30.5963159824047,-22.5441332898577,7/10/2026 4:15:00 AM
MRM,65.3179117857543,31.7035984848485,-33.6143133009058,7/10/2026 4:30:00 AM
MRM,63.056354121244,33.2862861570248,-29.7700679642192,7/10/2026 4:45:00 AM
MRM,61.2577531727062,33.4094967532467,-27.8482564194594,7/10/2026 5:00:00 AM
MRM,61.9532118010192,33.7905564263323,-28.1626553746869,7/10/2026 5:15:00 AM
MRM,61.7450186432272,37.8848905723906,-23.8601280708366,7/10/2026 5:30:00 AM
MRM,50.7125664454914,35,-15.7125664454914,7/10/2026 5:45:00 AM
JPM,11.1051360561613,11.3333333333333,0.228197277171999,7/10/2026 6:00:00 AM
JPM,10.3680537958109,11,0.631946204189077,7/10/2026 6:15:00 AM
JPM,10.963068143208,11.6363636363636,0.673295493155676,7/10/2026 6:30:00 AM
JPM,10.7452870700425,12,1.25471292995751,7/10/2026 6:45:00 AM
JPM,10.493600707054,12,1.50639929294598,7/10/2026 7:00:00 AM
JPM,11.3826889445509,10.5714285714286,-0.811260373122364,7/10/2026 7:15:00 AM
JPM,8.58644614967803,10.1,1.51355385032197,7/10/2026 7:30:00 AM
JPM,8.18868172792634,9.90909090909091,1.72040918116457,7/10/2026 7:45:00 AM
JPM,10.418044734767,9.83333333333333,-0.584711401433712,7/10/2026 8:00:00 AM
JPM,13.0968863790883,14,0.903113620911698,7/10/2026 8:15:00 AM
JPM,12.8914347574721,14.0288825757576,1.13744781828551,7/10/2026 8:30:00 AM
JPM,12.1364396654853,14,1.86356033451475,7/10/2026 8:45:00 AM
JPM,11.5293443796167,11.88,0.350655620383284,7/10/2026 9:00:00 AM
JPM,11.618414861525,11,-0.618414861524958,7/10/2026 9:15:00 AM
JPM,11.6580690172147,11,-0.658069017214698,7/10/2026 9:30:00 AM
JPM,11.8633900400601,12,0.136609959939914,7/10/2026 9:45:00 AM
JPM,11.792576335029,12,0.207423664971003,7/10/2026 10:00:00 AM
JPM,12.8737216332676,13.0588235294118,0.185101896144182,7/10/2026 10:15:00 AM
JPM,14.5647295781495,12.8571428571429,-1.70758672100662,7/10/2026 10:30:00 AM
JPM,13.7694403710298,12,-1.76944037102976,7/10/2026 10:45:00 AM
JPM,13.159699852961,12.6666666666667,-0.493033186294383,7/10/2026 11:00:00 AM
JPM,12.1939743861915,13,0.806025613808547,7/10/2026 11:15:00 AM
JPM,11.6397008223549,13,1.36029917764512,7/10/2026 11:30:00 AM
JPM,11.1655598199558,12.125,0.959440180044231,7/10/2026 11:45:00 AM
JPM,12.3319588945313,12,-0.331958894531288,7/10/2026 12:00:00 PM
JPM,13.0308534560607,12,-1.03085345606066,7/10/2026 12:15:00 PM
JPM,12.49244969894,12,-0.492449698940026,7/10/2026 12:30:00 PM
JPM,13.1534981756051,13.1349431818182,-0.0185549937868768,7/10/2026 12:45:00 PM
JPM,16.0160815828941,15.0397727272727,-0.976308855621355,7/10/2026 1:00:00 PM
JPM,17.0056026596448,15.0397727272727,-1.96582993237205,7/10/2026 1:15:00 PM
JPM,17.0020766554678,14.9242424242424,-2.07783423122541,7/10/2026 1:30:00 PM
JPM,16.458232636734,14.6931818181818,-1.76505081855217,7/10/2026 1:45:00 PM
JPM,13.9449171418494,14.6931818181818,0.748264676332402,7/10/2026 2:00:00 PM
JPM,13.9696534117039,14.6161616161616,0.646508204457698,7/10/2026 2:15:00 PM
JPM,14.3153474637783,15.3863636363636,1.07101617258535,7/10/2026 2:30:00 PM
JPM,16.2020500061812,14.6720779220779,-1.52997208410323,7/10/2026 2:45:00 PM
JPM,14.2435223491649,14.3863636363636,0.142841287198705,7/10/2026 3:00:00 PM
JPM,14.311702233341,14.319696969697,0.0079947363559949,7/10/2026 3:15:00 PM
JPM,14.4216461140696,14.3863636363636,-0.0352824777059926,7/10/2026 3:30:00 PM
JPM,13.8485758820015,14.3863636363636,0.537787754362105,7/10/2026 3:45:00 PM
JPM,15.4274302873269,14.6216577540107,-0.805772533316251,7/10/2026 4:00:00 PM
JPM,14.1659466471456,15.3863636363636,1.22041698921804,7/10/2026 4:15:00 PM
JPM,15.4422768678243,15.3863636363636,-0.0559132314606874,7/10/2026 4:30:00 PM
JPM,17.0743539965576,15.3863636363636,-1.68799036019395,7/10/2026 4:45:00 PM
JPM,14.2486742666072,14.5941558441558,0.345481577548608,7/10/2026 5:00:00 PM
JPM,13.3912489753977,14,0.608751024602306,7/10/2026 5:15:00 PM
JPM,13.8919424700586,14,0.108057529941417,7/10/2026 5:30:00 PM
JPM,17.148414064507,14,-3.14841406450698,7/10/2026 5:45:00 PM
MRM,55.9652622965013,33.9640151515151,-22.0012471449861,7/10/2026 6:00:00 AM
MRM,63.6727630646553,37.9346590909091,-25.7381039737462,7/10/2026 6:15:00 AM
MRM,67.1204918423902,35.4801136363636,-31.6403782060265,7/10/2026 6:30:00 AM
MRM,60.2778156406036,36.3346590909091,-23.9431565496945,7/10/2026 6:45:00 AM
MRM,41.0244422177116,34.5346590909091,-6.48978312680252,7/10/2026 7:00:00 AM
MRM,60.815854905756,34.8269074675325,-25.9889474382235,7/10/2026 7:15:00 AM
MRM,58.3261721576306,33.0261363636364,-25.3000357939942,7/10/2026 7:30:00 AM
MRM,60.80700170909,31.7887396694215,-29.0182620396685,7/10/2026 7:45:00 AM
MRM,62.0998800147159,35.1392045454545,-26.9606754692614,7/10/2026 8:00:00 AM
MRM,64.2538680258478,37.8948863636364,-26.3589816622115,7/10/2026 8:15:00 AM
MRM,66.5382706032068,38.061553030303,-28.4767175729038,7/10/2026 8:30:00 AM
MRM,67.7994632786511,38.3948863636364,-29.4045769150147,7/10/2026 8:45:00 AM
MRM,60.8124630849739,38.8148863636364,-21.9975767213375,7/10/2026 9:00:00 AM
MRM,69.0142014933598,42.3316761363636,-26.6825253569962,7/10/2026 9:15:00 AM
MRM,64.6346758612269,42.2017045454546,-22.4329713157724,7/10/2026 9:30:00 AM
MRM,69.7212385711866,42.2017045454546,-27.519534025732,7/10/2026 9:45:00 AM
MRM,69.4789005234597,40.4683712121212,-29.0105293113385,7/10/2026 10:00:00 AM
MRM,66.3684484721217,38.3193516042781,-28.0490968678436,7/10/2026 10:15:00 AM
MRM,64.2418416149471,38.2017045454545,-26.0401370694925,7/10/2026 10:30:00 AM
MRM,66.2706904522541,38.7433712121212,-27.5273192401329,7/10/2026 10:45:00 AM
MRM,60.6711930076905,39.2017045454545,-21.469488462236,7/10/2026 11:00:00 AM
MRM,57.5011373926996,37.6931818181818,-19.8079555745178,7/10/2026 11:15:00 AM
MRM,60.4913188079223,37.5113636363636,-22.9799551715587,7/10/2026 11:30:00 AM
MRM,56.8416625078215,36.6931818181818,-20.1484806896397,7/10/2026 11:45:00 AM
MRM,55.2439727092486,37.4431818181818,-17.8007908910668,7/10/2026 12:00:00 PM
MRM,57.7920123170533,36.6931818181818,-21.0988304988715,7/10/2026 12:15:00 PM
MRM,61.8063724728374,36.6931818181818,-25.1131906546556,7/10/2026 12:30:00 PM
MRM,63.6881110626289,37.1624644886364,-26.5256465739926,7/10/2026 12:45:00 PM
MRM,63.6388838312017,41.9517045454545,-21.6871792857471,7/10/2026 1:00:00 PM
MRM,62.0071595937529,42.0630681818182,-19.9440914119347,7/10/2026 1:15:00 PM
MRM,63.1294953677137,41.8551136363636,-21.27438173135,7/10/2026 1:30:00 PM
MRM,61.2508318060595,41.6243444055944,-19.6264874004651,7/10/2026 1:45:00 PM
MRM,53.8764465919915,41.5217803030303,-12.3546662889612,7/10/2026 2:00:00 PM
MRM,51.6762682813124,40.8551136363636,-10.8211546449488,7/10/2026 2:15:00 PM
MRM,51.6959133309081,39.9662247474747,-11.7296885834333,7/10/2026 2:30:00 PM
MRM,52.9758920169115,39.4265422077922,-13.5493498091193,7/10/2026 2:45:00 PM
MRM,54.1201643757153,37.7642045454545,-16.3559598302607,7/10/2026 3:00:00 PM
MRM,57.6078984157958,38.6551136363636,-18.9527847794321,7/10/2026 3:15:00 PM
MRM,56.5697810306312,38.9253246753247,-17.6444563553065,7/10/2026 3:30:00 PM
MRM,54.8573890400218,37.566829004329,-17.2905600356928,7/10/2026 3:45:00 PM
MRM,57.7316362713049,37.0477941176471,-20.6838421536578,7/10/2026 4:00:00 PM
MRM,48.2044546914009,35.847027972028,-12.3574267193729,7/10/2026 4:15:00 PM
MRM,44.3677944093467,36.4375,-7.93029440934671,7/10/2026 4:30:00 PM
MRM,48.1491176390546,37.7751623376623,-10.3739553013923,7/10/2026 4:45:00 PM
MRM,47.5742222326229,38,-9.57422223262286,7/10/2026 5:00:00 PM
MRM,43.977167719603,38.3333333333333,-5.64383438626965,7/10/2026 5:15:00 PM
MRM,41.8480517179641,38.1557334710744,-3.69231824688972,7/10/2026 5:30:00 PM
MRM,45.2316180480299,38.0002144082333,-7.23140363979658,7/10/2026 5:45:00 PM
JPM,17.4768663429538,14,-3.47686634295376,7/10/2026 6:00:00 PM
JPM,18.900627647197,14,-4.90062764719697,7/10/2026 6:15:00 PM
JPM,17.8571849059229,13.5434782608696,-4.31370664505337,7/10/2026 6:30:00 PM
JPM,17.436135943451,13,-4.43613594345101,7/10/2026 6:45:00 PM
JPM,17.1542407871467,13,-4.15424078714673,7/10/2026 7:00:00 PM
JPM,15.7246337428925,13,-2.72463374289247,7/10/2026 7:15:00 PM
JPM,15.5390415343458,13,-2.53904153434575,7/10/2026 7:30:00 PM
JPM,13.4040693703478,13,-0.404069370347809,7/10/2026 7:45:00 PM
JPM,13.1830217728077,13,-0.183021772807681,7/10/2026 8:00:00 PM
JPM,15.7495592842405,13.8,-1.94955928424049,7/10/2026 8:15:00 PM
JPM,17.7303954372526,14,-3.73039543725263,7/10/2026 8:30:00 PM
JPM,17.3818684744037,14,-3.38186847440368,7/10/2026 8:45:00 PM
JPM,16.7681914524785,14,-2.76819145247848,7/10/2026 9:00:00 PM
JPM,18.2978686390406,14.6304347826087,-3.66743385643191,7/10/2026 9:15:00 PM
JPM,20.2681193708411,15.2918660287081,-4.97625334213292,7/10/2026 9:30:00 PM
JPM,24.8469234467035,15.6931818181818,-9.15374162852163,7/10/2026 9:45:00 PM
JPM,23.7271910157305,15.5649766899767,-8.1622143257538,7/10/2026 10:00:00 PM
JPM,24.3755278407274,14.6836861768369,-9.69184166389056,7/10/2026 10:15:00 PM
JPM,22.223074738165,14.6931818181818,-7.52989291998318,7/10/2026 10:30:00 PM
JPM,19.5433232538522,14.7897727272728,-4.75355052657944,7/10/2026 10:45:00 PM
JPM,19.5405185670846,15.0397727272727,-4.50074583981188,7/10/2026 11:00:00 PM
JPM,18.611978781447,15.0397727272727,-3.57220605417431,7/10/2026 11:15:00 PM
JPM,17.8941314701319,14.7028093434343,-3.19132212669756,7/10/2026 11:30:00 PM
JPM,20.0612358500956,15.210685483871,-4.85055036622461,7/10/2026 11:45:00 PM
JPM,17.2879942599484,14.804347826087,-2.48364643386146,7/11/2026 12:00:00 AM
JPM,17.4559000557696,14,-3.45590005576955,7/11/2026 12:15:00 AM
JPM,17.3847862060092,14,-3.38478620600924,7/11/2026 12:30:00 AM
JPM,17.3921269075119,14,-3.39212690751187,7/11/2026 12:45:00 AM
JPM,17.1636141641946,14,-3.16361416419464,7/11/2026 1:00:00 AM
JPM,19.0035154448965,14,-5.00351544489645,7/11/2026 1:15:00 AM
JPM,16.3143876792121,14.3870967741935,-1.92729090501858,7/11/2026 1:30:00 AM
JPM,18.5668737685082,15,-3.56687376850824,7/11/2026 1:45:00 AM
JPM,17.6726378034903,15,-2.67263780349034,7/11/2026 2:00:00 AM
JPM,16.6093550360875,15,-1.60935503608746,7/11/2026 2:15:00 AM
JPM,16.2901478845663,15,-1.29014788456632,7/11/2026 2:30:00 AM
JPM,17.2751536104384,15,-2.27515361043843,7/11/2026 2:45:00 AM
JPM,17.4981247287932,15,-2.49812472879317,7/11/2026 3:00:00 AM
JPM,20.2127511481688,15.318488943489,-4.89426220467982,7/11/2026 3:15:00 AM
JPM,22.6096490757076,15.5349555335968,-7.07469354211078,7/11/2026 3:30:00 AM
JPM,20.8498068668558,15.6931818181818,-5.15662504867392,7/11/2026 3:45:00 AM
JPM,18.6533151842456,15.6931818181818,-2.96013336606374,7/11/2026 4:00:00 AM
JPM,17.1739726905117,15.5372159090909,-1.6367567814208,7/11/2026 4:15:00 AM
JPM,20.6559357039006,15.4647469008265,-5.19118880307416,7/11/2026 4:30:00 AM
JPM,18.3620736342364,15.0385101010101,-3.3235635332263,7/11/2026 4:45:00 AM
JPM,19.3883813111427,15,-4.38838131114268,7/11/2026 5:00:00 AM
JPM,20.4034881054232,15.7894736842105,-4.61401442121267,7/11/2026 5:15:00 AM
JPM,18.5932703754904,16.2310606060606,-2.3622097694298,7/11/2026 5:30:00 AM
JPM,21.6728210615241,16.6931818181818,-4.97963924334228,7/11/2026 5:45:00 AM
MRM,63.2177412175061,38.6931818181818,-24.5245593993243,7/10/2026 6:00:00 PM
MRM,61.9080840073007,38.1751623376623,-23.7329216696383,7/10/2026 6:15:00 PM
MRM,64.2076431667761,34.3248517786561,-29.88279138812,7/10/2026 6:30:00 PM
MRM,68.5296924366816,34.9486363636363,-33.5810560730452,7/10/2026 6:45:00 PM
MRM,73.69197549732,35.3465909090909,-38.3453845882291,7/10/2026 7:00:00 PM
MRM,69.176123259912,34.7120655080214,-34.4640577518906,7/10/2026 7:15:00 PM
MRM,65.2621174853013,38.3720205099778,-26.8900969753235,7/10/2026 7:30:00 PM
MRM,48.5546285919486,39.3316761363636,-9.22295245558497,7/10/2026 7:45:00 PM
MRM,50.5444097039742,41.3612163299663,-9.18319337400786,7/10/2026 8:00:00 PM
MRM,44.368042004809,39.3107323232323,-5.05730968157669,7/10/2026 8:15:00 PM
MRM,51.373938258222,38.9436363636364,-12.4303018945857,7/10/2026 8:30:00 PM
MRM,32.3085901223868,35.7191558441559,3.41056572176909,7/10/2026 8:45:00 PM
MRM,39.7001584767082,35,-4.70015847670818,7/10/2026 9:00:00 PM
MRM,55.2618461379865,35,-20.2618461379865,7/10/2026 9:15:00 PM
MRM,46.7054947013679,35,-11.7054947013679,7/10/2026 9:30:00 PM
MRM,52.2020566307667,35.8,-16.4020566307667,7/10/2026 9:45:00 PM
MRM,43.8198016868383,37,-6.81980168683827,7/10/2026 10:00:00 PM
MRM,34.3879180596112,36.0958904109589,1.70797235134768,7/10/2026 10:15:00 PM
MRM,34.9798443025553,34.46875,-0.5110943025553,7/10/2026 10:30:00 PM
MRM,27.5115262122415,31.7377049180328,4.22617870579128,7/10/2026 10:45:00 PM
MRM,40.6399822697289,34.4626865671642,-6.17729570256473,7/10/2026 11:00:00 PM
MRM,39.2857174291067,35.6491228070175,-3.63659462208921,7/10/2026 11:15:00 PM
MRM,39.4631531500009,32.5555555555556,-6.90759759444531,7/10/2026 11:30:00 PM
MRM,35.9181019962005,31.8709677419355,-4.047134254265,7/10/2026 11:45:00 PM
MRM,37.0477817391299,31,-6.04778173912992,7/11/2026 12:00:00 AM
MRM,41.437053770501,32.6308441558442,-8.80620961465684,7/11/2026 12:15:00 AM
MRM,43.4276489843565,33.663770053476,-9.76387893088054,7/11/2026 12:30:00 AM
MRM,48.1977001563967,33.3199300699301,-14.8777700864666,7/11/2026 12:45:00 AM
MRM,44.556762730477,33,-11.556762730477,7/11/2026 1:00:00 AM
MRM,43.3351036889875,33.6515909090909,-9.68351277989656,7/11/2026 1:15:00 AM
MRM,45.5436614926902,33.6931818181818,-11.8504796745084,7/11/2026 1:30:00 AM
MRM,36.813005208645,33.5198863636364,-3.29311884500859,7/11/2026 1:45:00 AM
MRM,35.2868003680066,33.957702020202,-1.32909834780452,7/11/2026 2:00:00 AM
MRM,31.455688644929,33.2132575757576,1.75756893082854,7/11/2026 2:15:00 AM
MRM,26.4079377792349,31.6291996047431,5.22126182550824,7/11/2026 2:30:00 AM
MRM,35.6064723076893,31.6387221269297,-3.96775018075963,7/11/2026 2:45:00 AM
MRM,33.3817234198681,31.5,-1.88172341986806,7/11/2026 3:00:00 AM
MRM,29.4013967603331,31.1081081081081,1.70671134777497,7/11/2026 3:15:00 AM
MRM,47.4224547335427,30.9694911067194,-16.4529636268233,7/11/2026 3:30:00 AM
MRM,48.4078662255925,31.7055288461539,-16.7023373794386,7/11/2026 3:45:00 AM
MRM,47.6159756290466,31.5406818181818,-16.0752938108647,7/11/2026 4:00:00 AM
MRM,50.2314594119756,31.3465909090909,-18.8848685028847,7/11/2026 4:15:00 AM
MRM,42.1806945978854,31.9776601239669,-10.2030344739185,7/11/2026 4:30:00 AM
MRM,25.9831891063478,37.0050505050505,11.0218613987027,7/11/2026 4:45:00 AM
MRM,42.104244076974,36.444696969697,-5.65954710727706,7/11/2026 5:00:00 AM
MRM,41.4845498303246,35.7426734449761,-5.74187638534852,7/11/2026 5:15:00 AM
MRM,39.6325955138227,38.8333333333333,-0.799262180489343,7/11/2026 5:30:00 AM
MRM,42.9127820550153,38,-4.91278205501532,7/11/2026 5:45:00 AM
JPM,27.5435902908726,16.6931818181818,-10.8504084726907,7/11/2026 6:00:00 AM
JPM,28.0092233880777,17.0012626262626,-11.0079607618151,7/11/2026 6:15:00 AM
JPM,29.1593127864404,17.0397727272727,-12.1195400591677,7/11/2026 6:30:00 AM
JPM,30.3987887061782,16.6931818181818,-13.7056068879964,7/11/2026 6:45:00 AM
JPM,32.5334760571694,16.8192148760331,-15.7142611811363,7/11/2026 7:00:00 AM
JPM,31.8855113967763,17.2323232323232,-14.6531881644531,7/11/2026 7:15:00 AM
JPM,28.2718743811185,16.1574197860963,-12.1144545950222,7/11/2026 7:30:00 AM
JPM,29.1359121059715,16.0397727272727,-13.0961393786987,7/11/2026 7:45:00 AM
JPM,30.3135373946585,16.6761363636364,-13.6374010310221,7/11/2026 8:00:00 AM
JPM,30.881290870494,17.0397727272727,-13.8415181432213,7/11/2026 8:15:00 AM
JPM,35.6631388459585,17.0397727272727,-18.6233661186858,7/11/2026 8:30:00 AM
JPM,43.7596357667928,16.7064393939394,-27.0531963728534,7/11/2026 8:45:00 AM
JPM,38.1639131012116,17.0397727272727,-21.1241403739388,7/11/2026 9:00:00 AM
JPM,30.2643637032417,17.0397727272727,-13.224590975969,7/11/2026 9:15:00 AM
JPM,24.380875400897,17.0397727272727,-7.34110267362432,7/11/2026 9:30:00 AM
JPM,21.3370217833139,17.0397727272727,-4.29724905604118,7/11/2026 9:45:00 AM
JPM,20.2107808127815,17.0397727272727,-3.17100808550877,7/11/2026 10:00:00 AM
JPM,19.578365926051,17.0397727272727,-2.53859319877825,7/11/2026 10:15:00 AM
JPM,23.5230899205967,17.0397727272727,-6.48331719332393,7/11/2026 10:30:00 AM
JPM,25.2323687029165,16.9655032467532,-8.26686545616326,7/11/2026 10:45:00 AM
JPM,16.3340437086048,16,-0.334043708604781,7/11/2026 11:00:00 AM
JPM,15.6329670101624,16,0.367032989837556,7/11/2026 11:15:00 AM
JPM,15.3289882397673,16,0.671011760232668,7/11/2026 11:30:00 AM
JPM,15.235411674816,16,0.764588325183983,7/11/2026 11:45:00 AM
JPM,16.361572947408,16,-0.36157294740801,7/11/2026 12:00:00 PM
JPM,16.8372751446665,16,-0.837275144666474,7/11/2026 12:15:00 PM
JPM,17.0043899523658,16,-1.00438995236579,7/11/2026 12:30:00 PM
JPM,17.5454960538293,16,-1.5454960538293,7/11/2026 12:45:00 PM
JPM,17.0291958362976,16,-1.02919583629756,7/11/2026 1:00:00 PM
JPM,16.02450620055,15.8666666666667,-0.157839533883301,7/11/2026 1:15:00 PM
JPM,17.4843167195463,15.3,-2.18431671954631,7/11/2026 1:30:00 PM
JPM,17.6744470037677,15.2941176470588,-2.38032935670885,7/11/2026 1:45:00 PM
JPM,17.2448524346989,15.7142857142857,-1.53056672041315,7/11/2026 2:00:00 PM
JPM,16.4661105038144,16,-0.466110503814363,7/11/2026 2:15:00 PM
JPM,16.8336327545867,16,-0.83363275458667,7/11/2026 2:30:00 PM
JPM,16.8571698111681,16,-0.857169811168067,7/11/2026 2:45:00 PM
JPM,15.5321069345354,16,0.467893065464606,7/11/2026 3:00:00 PM
JPM,15.5671541248815,16,0.432845875118531,7/11/2026 3:15:00 PM
JPM,15.8557651745238,16,0.144234825476204,7/11/2026 3:30:00 PM
JPM,15.790542578111,16,0.209457421889024,7/11/2026 3:45:00 PM
JPM,15.6351659827821,16,0.364834017217891,7/11/2026 4:00:00 PM
JPM,18.2520774583828,16,-2.25207745838285,7/11/2026 4:15:00 PM
JPM,17.8298552568231,16,-1.8298552568231,7/11/2026 4:30:00 PM
JPM,17.7507222741368,16,-1.75072227413685,7/11/2026 4:45:00 PM
JPM,19.9910260943103,16.7,-3.29102609431026,7/11/2026 5:00:00 PM
JPM,18.8655197708566,15.9375,-2.92801977085657,7/11/2026 5:15:00 PM
JPM,20.0596296224658,15.9354838709677,-4.12414575149803,7/11/2026 5:30:00 PM
JPM,20.9890107976454,16,-4.98901079764536,7/11/2026 5:45:00 PM
MRM,42.5141633852556,34.0315082644628,-8.48265512079275,7/11/2026 6:00:00 AM
MRM,46.6261797518736,34.3080808080808,-12.3180989437928,7/11/2026 6:15:00 AM
MRM,47.5857003983202,36,-11.5857003983202,7/11/2026 6:30:00 AM
MRM,42.711885210606,36.7777777777778,-5.93410743282818,7/11/2026 6:45:00 AM
MRM,34.308033026957,37,2.69196697304299,7/11/2026 7:00:00 AM
MRM,30.5226218386114,37,6.47737816138864,7/11/2026 7:15:00 AM
MRM,38.3022891301979,37,-1.30228913019786,7/11/2026 7:30:00 AM
MRM,38.7567766052077,37,-1.7567766052077,7/11/2026 7:45:00 AM
MRM,42.0120794250679,37,-5.01207942506793,7/11/2026 8:00:00 AM
MRM,39.6161158515226,36.9411764705882,-2.67493938093438,7/11/2026 8:15:00 AM
MRM,37.1155179639603,36.3684210526316,-0.747096911328718,7/11/2026 8:30:00 AM
MRM,33.843936485321,34.4444444444444,0.60050795912349,7/11/2026 8:45:00 AM
MRM,40.7232148909936,35,-5.72321489099358,7/11/2026 9:00:00 AM
MRM,38.4082296728179,35.1176470588235,-3.2905826139944,7/11/2026 9:15:00 AM
MRM,35.3584043320175,34.6923076923077,-0.666096639709771,7/11/2026 9:30:00 AM
MRM,38.0263205457497,34,-4.02632054574973,7/11/2026 9:45:00 AM
MRM,42.6290557665131,33,-9.62905576651309,7/11/2026 10:00:00 AM
MRM,48.0133038642812,34,-14.0133038642812,7/11/2026 10:15:00 AM
MRM,38.7570563610902,35.5,-3.25705636109024,7/11/2026 10:30:00 AM
MRM,39.7503608783135,37,-2.75036087831347,7/11/2026 10:45:00 AM
MRM,38.3693881529979,37,-1.36938815299789,7/11/2026 11:00:00 AM
MRM,39.92591377147,38.625,-1.30091377146999,7/11/2026 11:15:00 AM
MRM,41.0944706409914,38.4,-2.69447064099137,7/11/2026 11:30:00 AM
MRM,42.401198036293,37.4285714285714,-4.97262660772154,7/11/2026 11:45:00 AM
MRM,38.8453687895172,37.004679144385,-1.84068964513221,7/11/2026 12:00:00 PM
MRM,41.4450653377412,36.7333333333333,-4.71173200440789,7/11/2026 12:15:00 PM
MRM,44.4738312348001,34.9090909090909,-9.56474032570917,7/11/2026 12:30:00 PM
MRM,44.6893633742747,35.1223262032086,-9.56703717106614,7/11/2026 12:45:00 PM
MRM,42.4051500988124,37.0693181818182,-5.33583191699417,7/11/2026 1:00:00 PM
MRM,43.1869637330359,36.6666666666667,-6.52029706636924,7/11/2026 1:15:00 PM
MRM,43.2646827523695,35.5,-7.76468275236954,7/11/2026 1:30:00 PM
MRM,36.0045934944715,34,-2.00459349447149,7/11/2026 1:45:00 PM
MRM,38.6229301431282,34,-4.62293014312824,7/11/2026 2:00:00 PM
MRM,42.3606294427761,34.6666666666667,-7.69396277610939,7/11/2026 2:15:00 PM
MRM,43.0115107893144,34.4285714285714,-8.58293936074293,7/11/2026 2:30:00 PM
MRM,45.7930172443459,35.099025974026,-10.69399127032,7/11/2026 2:45:00 PM
MRM,45.2055313520992,35.6931818181818,-9.51234953391734,7/11/2026 3:00:00 PM
MRM,40.0796763000272,35,-5.07967630002717,7/11/2026 3:15:00 PM
MRM,41.7223101743314,35.0869565217391,-6.63535365259228,7/11/2026 3:30:00 PM
MRM,48.9251384333527,35,-13.9251384333527,7/11/2026 3:45:00 PM
MRM,42.9934449896603,35,-7.9934449896603,7/11/2026 4:00:00 PM
MRM,41.567640540214,33.5714285714286,-7.99621196878542,7/11/2026 4:15:00 PM
MRM,37.649772159557,34,-3.64977215955704,7/11/2026 4:30:00 PM
MRM,42.5593705875089,34.6842105263158,-7.87516006119307,7/11/2026 4:45:00 PM
MRM,34.0008278612503,37,2.99917213874974,7/11/2026 5:00:00 PM
MRM,33.5282798699261,36.0625,2.53422013007386,7/11/2026 5:15:00 PM
MRM,45.9256483149713,36,-9.92564831497129,7/11/2026 5:30:00 PM
MRM,52.70090914847,35.5,-17.20090914847,7/11/2026 5:45:00 PM
JPM,18.3927243199552,16,-2.39272431995519,7/11/2026 6:00:00 PM
JPM,15.978570034255,16.072966507177,0.0943964729220426,7/11/2026 6:15:00 PM
JPM,18.0650966226111,16,-2.06509662261114,7/11/2026 6:30:00 PM
JPM,20.195033539124,16,-4.19503353912402,7/11/2026 6:45:00 PM
JPM,18.8099683816919,16,-2.80996838169194,7/11/2026 7:00:00 PM
JPM,19.3364314357795,16,-3.33643143577949,7/11/2026 7:15:00 PM
JPM,20.4159478976265,16,-4.41594789762652,7/11/2026 7:30:00 PM
JPM,21.2879613210331,16,-5.28796132103307,7/11/2026 7:45:00 PM
JPM,21.0676555636165,16,-5.06765556361649,7/11/2026 8:00:00 PM
JPM,21.2411289131371,16,-5.24112891313707,7/11/2026 8:15:00 PM
JPM,20.2201728268672,16,-4.22017282686717,7/11/2026 8:30:00 PM
JPM,19.4312677908016,16,-3.4312677908016,7/11/2026 8:45:00 PM
JPM,19.629258978494,16,-3.62925897849401,7/11/2026 9:00:00 PM
JPM,19.1349584700369,16,-3.13495847003694,7/11/2026 9:15:00 PM
JPM,19.4063148814562,16,-3.40631488145622,7/11/2026 9:30:00 PM
JPM,19.097150546439,16,-3.09715054643902,7/11/2026 9:45:00 PM
JPM,20.026528794448,16,-4.02652879444796,7/11/2026 10:00:00 PM
JPM,21.4826003691511,16,-5.48260036915105,7/11/2026 10:15:00 PM
JPM,19.2495259015474,16,-3.2495259015474,7/11/2026 10:30:00 PM
JPM,22.5782473893367,16,-6.57824738933673,7/11/2026 10:45:00 PM
JPM,22.528057289693,16,-6.52805728969305,7/11/2026 11:00:00 PM
JPM,20.9886998055301,16,-4.98869980553014,7/11/2026 11:15:00 PM
JPM,20.1559104813243,16,-4.15591048132426,7/11/2026 11:30:00 PM
JPM,20.7287276649749,16,-4.7287276649749,7/11/2026 11:45:00 PM
JPM,20.2619839140078,16,-4.26198391400776,7/12/2026 12:00:00 AM
JPM,18.0990671811833,16,-2.0990671811833,7/12/2026 12:15:00 AM
JPM,15.1063121997012,16,0.893687800298805,7/12/2026 12:30:00 AM
JPM,13.4747381007007,16,2.52526189929928,7/12/2026 12:45:00 AM
JPM,12.7906466475015,16,3.20935335249854,7/12/2026 1:00:00 AM
JPM,12.6237712359459,16,3.37622876405409,7/12/2026 1:15:00 AM
JPM,12.6742260382369,15.52,2.84577396176312,7/12/2026 1:30:00 AM
JPM,13.0667442296511,14.7692307692308,1.70248653957969,7/12/2026 1:45:00 AM
JPM,13.30790698422,13.6774193548387,0.369512370618706,7/12/2026 2:00:00 AM
JPM,13.0834012843636,14.6666666666667,1.58326538230305,7/12/2026 2:15:00 AM
JPM,12.6340175419672,15,2.36598245803277,7/12/2026 2:30:00 AM
JPM,15.7295901840436,14.9480519480519,-0.78153823599164,7/12/2026 2:45:00 AM
JPM,17.7192647854776,15.3465909090909,-2.37267387638663,7/12/2026 3:00:00 AM
JPM,17.7609623501541,15.2513528138528,-2.5096095363013,7/12/2026 3:15:00 AM
JPM,17.392374637862,15.3465909090909,-2.04578372877105,7/12/2026 3:30:00 AM
JPM,17.0051774858564,15.3465909090909,-1.65858657676544,7/12/2026 3:45:00 AM
JPM,24.6172378364499,15.6097488038278,-9.00748903262215,7/12/2026 4:00:00 AM
JPM,23.4043998684933,16.3465909090909,-7.05780895940243,7/12/2026 4:15:00 AM
JPM,19.2892372359563,16.3465909090909,-2.94264632686536,7/12/2026 4:30:00 AM
JPM,17.4098248354319,16.2028824833703,-1.20694235206165,7/12/2026 4:45:00 AM
JPM,15.2941023079389,15.2323747680891,-0.0617275398498904,7/12/2026 5:00:00 AM
JPM,18.6001124920329,15,-3.60011249203287,7/12/2026 5:15:00 AM
JPM,16.2638853131679,14.3571428571429,-1.90674245602508,7/12/2026 5:30:00 AM
JPM,15.8204346980313,14,-1.82043469803131,7/12/2026 5:45:00 AM
MRM,46.8737040942039,35,-11.8737040942039,7/11/2026 6:00:00 PM
MRM,52.6669920102369,35.1459330143541,-17.5210589958828,7/11/2026 6:15:00 PM
MRM,53.1402468687522,35.0256734006734,-18.1145734680788,7/11/2026 6:30:00 PM
MRM,47.6819188285912,35,-12.6819188285912,7/11/2026 6:45:00 PM
MRM,50.7122909114403,35,-15.7122909114403,7/11/2026 7:00:00 PM
MRM,43.0450902843999,35,-8.04509028439994,7/11/2026 7:15:00 PM
MRM,40.4994822379201,37.3713842975207,-3.12809794039941,7/11/2026 7:30:00 PM
MRM,42.3065317440258,39.5849431818182,-2.72158856220764,7/11/2026 7:45:00 PM
MRM,41.6593429136735,37.0957623106061,-4.56358060306746,7/11/2026 8:00:00 PM
MRM,50.3076080851666,41.4837901069519,-8.82381797821466,7/11/2026 8:15:00 PM
MRM,47.3524042707963,40.5248106060606,-6.82759366473574,7/11/2026 8:30:00 PM
MRM,36.6261176894842,40.8892045454545,4.26308685597033,7/11/2026 8:45:00 PM
MRM,44.2402075826509,40.7528409090909,-3.48736667356003,7/11/2026 9:00:00 PM
MRM,55.2902125942993,39.4089015151515,-15.8813110791478,7/11/2026 9:15:00 PM
MRM,45.8404071558969,37.9408735795455,-7.89953357635147,7/11/2026 9:30:00 PM
MRM,48.6863041096215,38.1794507575758,-10.5068533520457,7/11/2026 9:45:00 PM
MRM,46.6184789721123,37.9594155844156,-8.65906338769673,7/11/2026 10:00:00 PM
MRM,44.772833865331,37.7633006198347,-7.00953324549632,7/11/2026 10:15:00 PM
MRM,37.3152032163651,37.4117542613636,0.0965510449985203,7/11/2026 10:30:00 PM
MRM,39.9027438440277,38.234693877551,-1.66804996647667,7/11/2026 10:45:00 PM
MRM,38.2435107559482,38.3328598484849,0.0893490925366081,7/11/2026 11:00:00 PM
MRM,40.2124153370418,35.4722222222222,-4.7401931148196,7/11/2026 11:15:00 PM
MRM,38.8837283223746,36,-2.8837283223746,7/11/2026 11:30:00 PM
MRM,44.1110134854555,36.3333333333333,-7.77768015212212,7/11/2026 11:45:00 PM
MRM,48.9414480156924,37.6588541666667,-11.2825938490258,7/12/2026 12:00:00 AM
MRM,45.298151526631,37.6709152334152,-7.62723629321581,7/12/2026 12:15:00 AM
MRM,51.8614136253864,36.4657258064516,-15.3956878189348,7/12/2026 12:30:00 AM
MRM,50.7419042104214,36.8828316953317,-13.8590725150897,7/12/2026 12:45:00 AM
MRM,54.3814355398204,37.6,-16.7814355398204,7/12/2026 1:00:00 AM
MRM,49.0041920905864,37.3571428571429,-11.6470492334435,7/12/2026 1:15:00 AM
MRM,52.5722713160923,38,-14.5722713160923,7/12/2026 1:30:00 AM
MRM,55.4042230020699,38,-17.4042230020699,7/12/2026 1:45:00 AM
MRM,51.6848568140772,38,-13.6848568140772,7/12/2026 2:00:00 AM
MRM,48.0154240066035,37.0476190476191,-10.9678049589845,7/12/2026 2:15:00 AM
MRM,45.4076411176267,37.4117647058824,-7.99587641174436,7/12/2026 2:30:00 AM
MRM,48.951916712948,37.3214285714286,-11.6304881415195,7/12/2026 2:45:00 AM
MRM,38.6424260507372,36.4545454545455,-2.18788059619178,7/12/2026 3:00:00 AM
MRM,40.4719771464871,34.5714285714286,-5.90054857505855,7/12/2026 3:15:00 AM
MRM,42.7474142168071,34.6111111111111,-8.13630310569599,7/12/2026 3:30:00 AM
MRM,47.0855474123515,34,-13.0855474123515,7/12/2026 3:45:00 AM
MRM,48.8969574750584,35.2631578947368,-13.6337995803215,7/12/2026 4:00:00 AM
MRM,48.3407918473445,36.8918918918919,-11.4488999554527,7/12/2026 4:15:00 AM
MRM,50.1912336533373,37.3465909090909,-12.8446427442464,7/12/2026 4:30:00 AM
MRM,44.5899824156821,37.2705099778271,-7.31947243785505,7/12/2026 4:45:00 AM
MRM,51.8092345525503,37,-14.8092345525503,7/12/2026 5:00:00 AM
MRM,49.0864653127774,37,-12.0864653127774,7/12/2026 5:15:00 AM
MRM,48.733258832318,37,-11.733258832318,7/12/2026 5:30:00 AM
MRM,50.1747831723127,37.432224025974,-12.7425591463386,7/12/2026 5:45:00 AM
JPM,18.0475188380351,14.4096074380165,-3.6379114000186,7/12/2026 6:00:00 AM
JPM,20.5924512565144,15.0397727272727,-5.55267852924163,7/12/2026 6:15:00 AM
JPM,26.5891640449981,15.4877840909091,-11.101379954089,7/12/2026 6:30:00 AM
JPM,16.2159680808345,15,-1.21596808083449,7/12/2026 6:45:00 AM
JPM,15.0684457557861,15,-0.0684457557860512,7/12/2026 7:00:00 AM
JPM,14.436930942141,15,0.56306905785898,7/12/2026 7:15:00 AM
JPM,14.6758822920776,15.1538461538462,0.477963861768572,7/12/2026 7:30:00 AM
JPM,15.1675995714801,15.4059917355372,0.238392164057103,7/12/2026 7:45:00 AM
JPM,14.7626795678298,15.0714285714286,0.308749003598754,7/12/2026 8:00:00 AM
JPM,14.6745838470512,15,0.32541615294884,7/12/2026 8:15:00 AM
JPM,13.7525948955228,15,1.24740510447721,7/12/2026 8:30:00 AM
JPM,13.7708120545132,15,1.22918794548681,7/12/2026 8:45:00 AM
JPM,14.4442220257127,15.0666666666667,0.622444640953935,7/12/2026 9:00:00 AM
JPM,13.8690374355368,15,1.13096256446324,7/12/2026 9:15:00 AM
JPM,13.8227605014879,15.3157894736842,1.49302897219629,7/12/2026 9:30:00 AM
JPM,14.0980882652307,15.6363636363636,1.53827537113289,7/12/2026 9:45:00 AM
JPM,13.6662914407191,15.9230769230769,2.25678548235786,7/12/2026 10:00:00 AM
JPM,13.7357634373489,15,1.26423656265111,7/12/2026 10:15:00 AM
JPM,14.1666049118101,15,0.833395088189947,7/12/2026 10:30:00 AM
JPM,14.3306381542222,15,0.669361845777781,7/12/2026 10:45:00 AM
JPM,14.592056238352,15,0.407943761648042,7/12/2026 11:00:00 AM
JPM,14.5789141651389,15.4285714285714,0.84965726343254,7/12/2026 11:15:00 AM
JPM,14.3188160189091,16,1.68118398109091,7/12/2026 11:30:00 AM
JPM,13.2437975460791,16.3125,3.06870245392091,7/12/2026 11:45:00 AM
JPM,8.5641511195494,15.8125,7.2483488804506,7/12/2026 12:00:00 PM
JPM,8.23284455700472,14.8339359504132,6.60109139340851,7/12/2026 12:15:00 PM
JPM,8.08685050786779,13.0173295454545,4.93047903758676,7/12/2026 12:30:00 PM
JPM,8.63318392529268,13,4.36681607470732,7/12/2026 12:45:00 PM
JPM,8.78709996185874,13,4.21290003814126,7/12/2026 1:00:00 PM
JPM,9.41635780279582,13,3.58364219720418,7/12/2026 1:15:00 PM
JPM,9.67764728018505,13,3.32235271981495,7/12/2026 1:30:00 PM
JPM,10.907617261808,14,3.09238273819202,7/12/2026 1:45:00 PM
JPM,9.90598061297064,14.1980519480519,4.2920713350813,7/12/2026 2:00:00 PM
JPM,12.0977119012629,13.8515151515151,1.75380325025221,7/12/2026 2:15:00 PM
JPM,15.0056220226032,16.5632102272727,1.55758820466951,7/12/2026 2:30:00 PM
JPM,14.0437745021091,16.0385101010101,1.99473559890102,7/12/2026 2:45:00 PM
JPM,14.0167190537466,15.8341619318182,1.81744287807154,7/12/2026 3:00:00 PM
JPM,14.4268675861436,16,1.57313241385643,7/12/2026 3:15:00 PM
JPM,14.9208500708808,16,1.07914992911921,7/12/2026 3:30:00 PM
JPM,15.2120937495237,16,0.787906250476349,7/12/2026 3:45:00 PM
JPM,14.6092107037664,16,1.39078929623365,7/12/2026 4:00:00 PM
JPM,14.3714168134675,16,1.62858318653248,7/12/2026 4:15:00 PM
JPM,13.9292398621622,16,2.07076013783775,7/12/2026 4:30:00 PM
JPM,14.6195144021755,16,1.38048559782455,7/12/2026 4:45:00 PM
JPM,14.590897575061,15.5294117647059,0.938514189644923,7/12/2026 5:00:00 PM
JPM,14.6486343396849,16,1.35136566031513,7/12/2026 5:15:00 PM
JPM,14.3831375550288,16,1.61686244497118,7/12/2026 5:30:00 PM
JPM,14.549130234255,16,1.45086976574505,7/12/2026 5:45:00 PM
MRM,47.7676656292839,36.3465909090909,-11.421074720193,7/12/2026 6:00:00 AM
MRM,50.3258892250039,36.1732954545455,-14.1525937704585,7/12/2026 6:15:00 AM
MRM,45.947053425174,36,-9.94705342517403,7/12/2026 6:30:00 AM
MRM,42.7287360609823,35.8333333333333,-6.89540272764894,7/12/2026 6:45:00 AM
MRM,41.2816516833767,34.3888888888889,-6.89276279448782,7/12/2026 7:00:00 AM
MRM,39.1148316454404,34.5,-4.61483164544043,7/12/2026 7:15:00 AM
MRM,38.5416048485476,34.7692307692308,-3.77237407931679,7/12/2026 7:30:00 AM
MRM,39.0244984830662,35.9096074380165,-3.1148910450497,7/12/2026 7:45:00 AM
MRM,40.4329142127017,36.9285714285714,-3.50434278413027,7/12/2026 8:00:00 AM
MRM,41.2020976026591,37.5384615384615,-3.66363606419752,7/12/2026 8:15:00 AM
MRM,44.8450041804461,39,-5.84500418044614,7/12/2026 8:30:00 AM
MRM,43.7930945541143,39.2079545454545,-4.58514000865978,7/12/2026 8:45:00 AM
MRM,44.8157959987069,38.2621212121212,-6.55367478658574,7/12/2026 9:00:00 AM
MRM,51.3874633326456,38.2544191919192,-13.1330441407264,7/12/2026 9:15:00 AM
MRM,47.3919843137907,41.0170454545455,-6.3749388592452,7/12/2026 9:30:00 AM
MRM,47.966126552695,41.7471590909091,-6.21896746178587,7/12/2026 9:45:00 AM
MRM,47.0133696648302,40.8170891608392,-6.19628050399104,7/12/2026 10:00:00 AM
MRM,47.015250074061,40.9159902597403,-6.09925981432077,7/12/2026 10:15:00 AM
MRM,45.8603348901811,38.9517045454545,-6.90863034472656,7/12/2026 10:30:00 AM
MRM,43.6099418311468,39.2017045454546,-4.40823728569228,7/12/2026 10:45:00 AM
MRM,45.5428272515532,39.0034496753247,-6.53937757622854,7/12/2026 11:00:00 AM
MRM,44.7347719495859,40.1996753246753,-4.53509662491063,7/12/2026 11:15:00 AM
MRM,49.9100530816439,40.0371900826446,-9.87286299899925,7/12/2026 11:30:00 AM
MRM,49.9138758585683,39.9053622159091,-10.0085136426592,7/12/2026 11:45:00 AM
MRM,32.9896532356763,36.8020241477273,3.81237091205097,7/12/2026 12:00:00 PM
MRM,22.7979818563161,30.3744834710744,7.57650161475829,7/12/2026 12:15:00 PM
MRM,20.6903367736344,22.0849431818182,1.39460640818379,7/12/2026 12:30:00 PM
MRM,19.8464011446437,21.3329545454546,1.48655340081089,7/12/2026 12:45:00 PM
MRM,19.9758947405561,19.4829545454545,-0.492940195101539,7/12/2026 1:00:00 PM
MRM,19.427068919966,24.7528409090909,5.32577198912487,7/12/2026 1:15:00 PM
MRM,15.8808431194256,23.2727272727273,7.39188415330162,7/12/2026 1:30:00 PM
MRM,16.6183417411349,18.7171717171717,2.09882997603682,7/12/2026 1:45:00 PM
MRM,16.6488468518708,18.3441558441558,1.69530899228504,7/12/2026 2:00:00 PM
MRM,18.6856778231639,19.7060606060606,1.0203827828967,7/12/2026 2:15:00 PM
MRM,17.8670757053941,19.7727272727273,1.90565156733322,7/12/2026 2:30:00 PM
MRM,21.7470262805578,21.8838383838384,0.136812103280583,7/12/2026 2:45:00 PM
MRM,25.0990757576288,26.0227272727273,0.923651515098502,7/12/2026 3:00:00 PM
MRM,24.1095186313471,25.6893939393939,1.57987530804679,7/12/2026 3:15:00 PM
MRM,35.5835614629969,30.3060606060606,-5.27750085693632,7/12/2026 3:30:00 PM
MRM,37.0664931787525,34.6298701298701,-2.4366230488824,7/12/2026 3:45:00 PM
MRM,44.1812112848695,37.8261363636364,-6.35507492123309,7/12/2026 4:00:00 PM
MRM,44.5394638677783,37.9684343434343,-6.57102952434396,7/12/2026 4:15:00 PM
MRM,39.7839595472321,37.5101461038961,-2.273813443336,7/12/2026 4:30:00 PM
MRM,43.0996172490884,37.0975378787879,-6.00207937030053,7/12/2026 4:45:00 PM
MRM,43.8684681866521,37.6804812834225,-6.18798690322962,7/12/2026 5:00:00 PM
MRM,43.5118986233409,38.155303030303,-5.35659559303792,7/12/2026 5:15:00 PM
MRM,43.5998587382003,38.0397727272727,-5.56008601092761,7/12/2026 5:30:00 PM
MRM,37.2588404655699,38.7534584980237,1.49461803245381,7/12/2026 5:45:00 PM
JPM,14.7659546123783,16,1.23404538762168,7/12/2026 6:00:00 PM
JPM,13.6114592801928,16,2.38854071980721,7/12/2026 6:15:00 PM
JPM,12.7908925494587,16,3.20910745054131,7/12/2026 6:30:00 PM
JPM,13.1664415471597,16,2.83355845284026,7/12/2026 6:45:00 PM
JPM,13.8537703411384,16.0693181818182,2.21554784067981,7/12/2026 7:00:00 PM
JPM,13.6416773883132,16,2.35832261168683,7/12/2026 7:15:00 PM
JPM,13.9100061762149,16,2.08999382378507,7/12/2026 7:30:00 PM
JPM,13.2775125232266,16,2.7224874767734,7/12/2026 7:45:00 PM
JPM,12.962046356977,16,3.03795364302296,7/12/2026 8:00:00 PM
JPM,13.1746863212979,16,2.82531367870211,7/12/2026 8:15:00 PM
JPM,13.0711867126272,16,2.92881328737284,7/12/2026 8:30:00 PM
JPM,12.3039560703983,16,3.69604392960166,7/12/2026 8:45:00 PM
JPM,12.8642827619522,16,3.13571723804783,7/12/2026 9:00:00 PM
JPM,16.919971715185,15.8101604278075,-1.10981128737751,7/12/2026 9:15:00 PM
JPM,18.8262446733398,15.2159090909091,-3.61033558243076,7/12/2026 9:30:00 PM
JPM,19.1047216518828,16,-3.10472165188281,7/12/2026 9:45:00 PM
JPM,20.6731130798708,16.0649857954545,-4.60812728441626,7/12/2026 10:00:00 PM
JPM,29.8419688664526,16.6931818181818,-13.1487870482708,7/12/2026 10:15:00 PM
JPM,30.736023441227,16.6931818181818,-14.0428416230452,7/12/2026 10:30:00 PM
JPM,24.994927684707,16.6931818181818,-8.30174586652517,7/12/2026 10:45:00 PM
JPM,25.6733781563971,16.6931818181818,-8.98019633821532,7/12/2026 11:00:00 PM
JPM,22.3100253848222,16.6931818181818,-5.61684356664037,7/12/2026 11:15:00 PM
JPM,19.3409497157122,16.5545454545455,-2.78640426116672,7/12/2026 11:30:00 PM
JPM,18.9444943250477,16.3465909090909,-2.59790341595675,7/12/2026 11:45:00 PM
JPM,24.4334288981562,16.3465909090909,-8.08683798906528,7/13/2026 12:00:00 AM
JPM,23.7431690998806,16.3465909090909,-7.3965781907897,7/13/2026 12:15:00 AM
JPM,23.4869289550499,16.3465909090909,-7.14033804595901,7/13/2026 12:30:00 AM
JPM,23.6831419631074,16.3751623376623,-7.30797962544506,7/13/2026 12:45:00 AM
JPM,23.4519333708246,17.3465909090909,-6.10534246173373,7/13/2026 1:00:00 AM
JPM,23.1817863030376,17.3465909090909,-5.83519539394663,7/13/2026 1:15:00 AM
JPM,23.8142116713679,17.3465909090909,-6.46762076227704,7/13/2026 1:30:00 AM
JPM,24.5148281805222,17.3465909090909,-7.16823727143127,7/13/2026 1:45:00 AM
JPM,25.9405384351039,17.3465909090909,-8.59394752601301,7/13/2026 2:00:00 AM
JPM,23.4250440185989,17.3465909090909,-6.07845310950795,7/13/2026 2:15:00 AM
JPM,23.2932717318322,17.3465909090909,-5.94668082274132,7/13/2026 2:30:00 AM
JPM,23.7337484524686,17.3465909090909,-6.38715754337773,7/13/2026 2:45:00 AM
JPM,26.1377591770386,17.2167832167832,-8.92097596025534,7/13/2026 3:00:00 AM
JPM,26.3440256778699,16.6931818181818,-9.65084385968804,7/13/2026 3:15:00 AM
JPM,25.011881866842,17.4144932935917,-7.59738857325036,7/13/2026 3:30:00 AM
JPM,25.5935082182969,17.6415618955513,-7.95194632274559,7/13/2026 3:45:00 AM
JPM,25.9592332057874,17.3465909090909,-8.61264229669645,7/13/2026 4:00:00 AM
JPM,23.5386416008501,17.3465909090909,-6.1920506917592,7/13/2026 4:15:00 AM
JPM,20.3977628910027,17.3465909090909,-3.05117198191179,7/13/2026 4:30:00 AM
JPM,18.1708981535831,16.3638322884012,-1.80706586518183,7/13/2026 4:45:00 AM
JPM,18.0639869162,16.3224101479915,-1.74157676820848,7/13/2026 5:00:00 AM
JPM,18.1780208080296,15.3777680652681,-2.80025274276151,7/13/2026 5:15:00 AM
JPM,15.5208983675059,15.5416666666667,0.0207682991607641,7/13/2026 5:30:00 AM
JPM,14.1144277473979,16,1.88557225260205,7/13/2026 5:45:00 AM
MRM,47.331232809626,39.7105823863636,-7.62065042326238,7/12/2026 6:00:00 PM
MRM,48.6568283216518,39.6988636363636,-8.95796468528821,7/12/2026 6:15:00 PM
MRM,54.5950452401424,40.3863636363636,-14.2086816037788,7/12/2026 6:30:00 PM
MRM,51.7759777571626,40.6290584415585,-11.1469193156042,7/12/2026 6:45:00 PM
MRM,48.901776338797,41.0024621212121,-7.89931421758483,7/12/2026 7:00:00 PM
MRM,50.7761359728076,41.1107954545455,-9.6653405182621,7/12/2026 7:15:00 PM
MRM,54.4282308916457,40.0541267942584,-14.3741040973873,7/12/2026 7:30:00 PM
MRM,54.358738980389,40.4529220779221,-13.905816902467,7/12/2026 7:45:00 PM
MRM,54.0064999910104,41.3271943573668,-12.6793056336436,7/12/2026 8:00:00 PM
MRM,45.8942204171687,39.4177295918367,-6.47649082533198,7/12/2026 8:15:00 PM
MRM,43.9014079401191,39.661673553719,-4.23973438640008,7/12/2026 8:30:00 PM
MRM,44.340155546222,39.4227881493506,-4.9173673968714,7/12/2026 8:45:00 PM
MRM,60.1572677879403,41.5633646245059,-18.5939031634344,7/12/2026 9:00:00 PM
MRM,49.5332172602956,39.7824197860962,-9.75079747419935,7/12/2026 9:15:00 PM
MRM,53.7070065434539,40.0232771260997,-13.6837294173542,7/12/2026 9:30:00 PM
MRM,56.0195411606962,42.0539772727273,-13.9655638879689,7/12/2026 9:45:00 PM
MRM,48.4401993929322,41.9289772727273,-6.51122212020491,7/12/2026 10:00:00 PM
MRM,43.3103220513605,40.7414772727273,-2.56884477863321,7/12/2026 10:15:00 PM
MRM,44.4605482353308,37.6414772727273,-6.81907096260353,7/12/2026 10:30:00 PM
MRM,36.1079504445993,35.8129058441558,-0.295044600443475,7/12/2026 10:45:00 PM
MRM,42.0179260988858,34.7932014106583,-7.22472468822755,7/12/2026 11:00:00 PM
MRM,44.7004131444053,37.9525883838384,-6.74782476056694,7/12/2026 11:15:00 PM
MRM,49.296225883395,41.2414772727273,-8.05474861066772,7/12/2026 11:30:00 PM
MRM,42.7184656752836,38.8866385630498,-3.83182711223373,7/12/2026 11:45:00 PM
MRM,45.3422145149183,36.1758578431372,-9.16635667178109,7/13/2026 12:00:00 AM
MRM,50.991653763929,35.8617835968379,-15.129870167091,7/13/2026 12:15:00 AM
MRM,55.1098950392658,34.8948863636364,-20.2150086756295,7/13/2026 12:30:00 AM
MRM,45.304297628431,37.2206168831169,-8.08368074531409,7/13/2026 12:45:00 AM
MRM,53.5558415130922,39.2616106719368,-14.2942308411554,7/13/2026 1:00:00 AM
MRM,52.2045875142893,39.5843531468532,-12.6202343674362,7/13/2026 1:15:00 AM
MRM,57.2403589260575,37.6136363636363,-19.6267225624212,7/13/2026 1:30:00 AM
MRM,50.1777005861666,40.430944055944,-9.74675653022263,7/13/2026 1:45:00 AM
MRM,54.1122065511887,42.7386363636364,-11.3735701875523,7/13/2026 2:00:00 AM
MRM,55.7426015529481,42.7386363636363,-13.0039651893118,7/13/2026 2:15:00 AM
MRM,49.7799726634691,42.7386363636364,-7.04133629983276,7/13/2026 2:30:00 AM
MRM,53.5725485642062,42.7386363636363,-10.8339122005699,7/13/2026 2:45:00 AM
MRM,51.1151878792383,42.0135489510489,-9.1016389281894,7/13/2026 3:00:00 AM
MRM,52.4819513843466,42.5713569518716,-9.910594432475,7/13/2026 3:15:00 AM
MRM,48.5324459351185,42.8784929210134,-5.65395301410509,7/13/2026 3:30:00 AM
MRM,50.6637385316192,41.2778650870406,-9.38587344457858,7/13/2026 3:45:00 AM
MRM,59.9685686387947,41.3204182785299,-18.6481503602647,7/13/2026 4:00:00 AM
MRM,63.6394559001543,42.4172692837465,-21.2221866164078,7/13/2026 4:15:00 AM
MRM,60.6773426990761,42.2414772727273,-18.4358654263489,7/13/2026 4:30:00 AM
MRM,56.2476511104918,42.2414772727273,-14.0061738377645,7/13/2026 4:45:00 AM
MRM,59.774435431143,41.8062235729387,-17.9682118582044,7/13/2026 5:00:00 AM
MRM,65.6070973288111,40.9598630536131,-24.6472342751981,7/13/2026 5:15:00 AM
MRM,43.1416279015809,39.0144412878788,-4.12718661370207,7/13/2026 5:30:00 AM
MRM,48.8654753720968,39.8905573593074,-8.9749180127894,7/13/2026 5:45:00 AM
JPM,14.8200468781927,16,1.17995312180727,7/13/2026 6:00:00 AM
JPM,14.4912586689067,15.9066558441558,1.41539717524915,7/13/2026 6:15:00 AM
JPM,14.5522284200823,16.2215909090909,1.66936248900862,7/13/2026 6:30:00 AM
JPM,15.3720683766868,16.3465909090909,0.97452253240411,7/13/2026 6:45:00 AM
JPM,15.2114290242957,16.3465909090909,1.13516188479526,7/13/2026 7:00:00 AM
JPM,15.2467431516086,16.3465909090909,1.09984775748227,7/13/2026 7:15:00 AM
JPM,14.1642409211997,16.3465909090909,2.18234998789117,7/13/2026 7:30:00 AM
JPM,16.1841670256346,16.3465909090909,0.162423883456281,7/13/2026 7:45:00 AM
JPM,15.8002303824337,16.3465909090909,0.546360526657212,7/13/2026 8:00:00 AM
JPM,14.3208846901636,16.3465909090909,2.02570621892731,7/13/2026 8:15:00 AM
JPM,14.6069803576618,16.3465909090909,1.73961055142914,7/13/2026 8:30:00 AM
JPM,16.6692450500528,16.0132575757576,-0.655987474295252,7/13/2026 8:45:00 AM
JPM,16.6900319489597,15.3465909090909,-1.34344103986878,7/13/2026 9:00:00 AM
JPM,14.1395829340918,15.1260330578512,0.986450123759415,7/13/2026 9:15:00 AM
JPM,12.3758327299725,15,2.62416727002748,7/13/2026 9:30:00 AM
JPM,12.4813324448248,15,2.51866755517521,7/13/2026 9:45:00 AM
JPM,14.422785766346,15.1260330578512,0.703247291505265,7/13/2026 10:00:00 AM
JPM,17.1056657492825,15.3465909090909,-1.75907484019157,7/13/2026 10:15:00 AM
JPM,17.4331427588052,15.3465909090909,-2.08655184971431,7/13/2026 10:30:00 AM
JPM,15.8603319365408,15.3315217391304,-0.528810197410325,7/13/2026 10:45:00 AM
JPM,14.8752538554006,15.7272727272727,0.852018871872133,7/13/2026 11:00:00 AM
JPM,16.4330513610467,16,-0.433051361046683,7/13/2026 11:15:00 AM
JPM,14.6136794409037,16,1.38632055909629,7/13/2026 11:30:00 AM
JPM,15.6540764385849,16,0.345923561415077,7/13/2026 11:45:00 AM
JPM,15.736747426201,16,0.263252573798971,7/13/2026 12:00:00 PM
JPM,15.3597446045388,16,0.64025539546123,7/13/2026 12:15:00 PM
JPM,10.9431268764638,14.3965909090909,3.4534640326271,7/13/2026 12:30:00 PM
JPM,12.9747654335878,12.9465909090909,-0.0281745244968938,7/13/2026 12:45:00 PM
JPM,16.5441567212881,14.3465909090909,-2.19756581219719,7/13/2026 1:00:00 PM
JPM,20.0689200808521,15.6761363636364,-4.39278371721577,7/13/2026 1:15:00 PM
JPM,17.3764179219392,16,-1.3764179219392,7/13/2026 1:30:00 PM
JPM,18.1848279572752,16,-2.1848279572752,7/13/2026 1:45:00 PM
JPM,15.0816654976572,16,0.918334502342782,7/13/2026 2:00:00 PM
JPM,14.4344959239385,16,1.56550407606148,7/13/2026 2:15:00 PM
JPM,16.9144484012983,16.1808300395257,-0.733618361772596,7/13/2026 2:30:00 PM
JPM,17.055384632433,16.3465909090909,-0.708793723342129,7/13/2026 2:45:00 PM
JPM,16.2168772066045,16.1824162679426,-0.0344609386619297,7/13/2026 3:00:00 PM
JPM,14.6131670097411,16,1.38683299025891,7/13/2026 3:15:00 PM
JPM,16.2137730302783,15.4,-0.813773030278297,7/13/2026 3:30:00 PM
JPM,14.5691325293392,13.8484848484848,-0.720647680854309,7/13/2026 3:45:00 PM
JPM,7.73599391127793,11.3333333333333,3.5973394220554,7/13/2026 4:00:00 PM
JPM,5.90331152786875,7.1,1.19668847213125,7/13/2026 4:15:00 PM
JPM,6.03209582808354,7.16666666666667,1.13457083858312,7/13/2026 4:30:00 PM
JPM,6.45496237568292,6.25,-0.204962375682923,7/13/2026 4:45:00 PM
JPM,7.01650231842295,6.5,-0.516502318422948,7/13/2026 5:00:00 PM
JPM,6.5193776524049,5.27272727272727,-1.24665037967763,7/13/2026 5:15:00 PM
JPM,6.72351093530623,4.19148936170213,-2.53202157360411,7/13/2026 5:30:00 PM
JPM,6.71007974973737,1,-5.71007974973737,7/13/2026 5:45:00 PM
MRM,52.7486563012894,41.0003873966942,-11.7482689045952,7/13/2026 6:00:00 AM
MRM,62.4860679678113,39.3465909090909,-23.1394770587204,7/13/2026 6:15:00 AM
MRM,69.0264322727734,40.8039772727273,-28.2224550000462,7/13/2026 6:30:00 AM
MRM,66.7821267482218,40.0738636363636,-26.7082631118582,7/13/2026 6:45:00 AM
MRM,64.9149237123913,39.3357954545454,-25.5791282578459,7/13/2026 7:00:00 AM
MRM,65.8616036469165,38.1217532467533,-27.7398504001632,7/13/2026 7:15:00 AM
MRM,61.7543180494773,38.1090909090909,-23.6452271403864,7/13/2026 7:30:00 AM
MRM,61.631734924335,40.2530303030303,-21.3787046213047,7/13/2026 7:45:00 AM
MRM,48.6443989695032,38.3961038961039,-10.2482950733993,7/13/2026 8:00:00 AM
MRM,45.6865494494313,38,-7.68654944943125,7/13/2026 8:15:00 AM
MRM,42.797030962724,36.7692307692308,-6.02780019349323,7/13/2026 8:30:00 AM
MRM,42.2653446602294,36.3333333333333,-5.93201132689603,7/13/2026 8:45:00 AM
MRM,38.0070484561384,36.4444444444444,-1.56260401169398,7/13/2026 9:00:00 AM
MRM,39.1264228045819,36.0315082644628,-3.09491454011909,7/13/2026 9:15:00 AM
MRM,42.7544180600132,35.7333333333333,-7.02108472667982,7/13/2026 9:30:00 AM
MRM,44.9701168673615,36.1428571428571,-8.82725972450434,7/13/2026 9:45:00 AM
MRM,44.7877409525783,36.1363636363636,-8.65137731621465,7/13/2026 10:00:00 AM
MRM,44.7743205228228,36.5625,-8.21182052282279,7/13/2026 10:15:00 AM
MRM,43.3785542819832,36.5294117647059,-6.84914251727735,7/13/2026 10:30:00 AM
MRM,44.6648997317001,37,-7.6648997317001,7/13/2026 10:45:00 AM
MRM,44.8231464511437,37,-7.82314645114366,7/13/2026 11:00:00 AM
MRM,41.7095639516425,37,-4.7095639516425,7/13/2026 11:15:00 AM
MRM,43.315429495517,37.85,-5.46542949551696,7/13/2026 11:30:00 AM
MRM,43.8329604682624,37.625,-6.20796046826243,7/13/2026 11:45:00 AM
MRM,41.727972591835,37,-4.72797259183498,7/13/2026 12:00:00 PM
MRM,43.743892685502,36.0714285714286,-7.67246411407345,7/13/2026 12:15:00 PM
MRM,41.7414019911741,36.25,-5.49140199117414,7/13/2026 12:30:00 PM
MRM,44.0045985713471,35.2666666666667,-8.73793190468047,7/13/2026 12:45:00 PM
MRM,44.3973965909182,35,-9.39739659091818,7/13/2026 1:00:00 PM
MRM,40.4062563568247,35,-5.40625635682466,7/13/2026 1:15:00 PM
MRM,38.3025830398091,35.3,-3.00258303980909,7/13/2026 1:30:00 PM
MRM,33.4971627116861,32.9444444444444,-0.552718267241616,7/13/2026 1:45:00 PM
MRM,37.7232815638168,33.4117647058824,-4.31151685793448,7/13/2026 2:00:00 PM
MRM,38.5152120522867,33.4444444444444,-5.07076760784228,7/13/2026 2:15:00 PM
MRM,37.5478247135798,32.8369565217391,-4.7108681918406,7/13/2026 2:30:00 PM
MRM,36.3686221318083,36.5503246753247,0.181702543516415,7/13/2026 2:45:00 PM
MRM,37.5055620009892,35,-2.50556200098924,7/13/2026 3:00:00 PM
MRM,36.6532742240516,34.1111111111111,-2.54216311294053,7/13/2026 3:15:00 PM
MRM,24.1126376974303,35.0034090909091,10.8907713934788,7/13/2026 3:30:00 PM
MRM,23.3826146233088,30.6859504132232,7.30333578991435,7/13/2026 3:45:00 PM
MRM,24.1600017127864,24.9245580808081,0.764556368021662,7/13/2026 4:00:00 PM
MRM,20.1974210661172,24.5960227272727,4.39860166115549,7/13/2026 4:15:00 PM
MRM,15.5395803387089,22.1931818181818,6.65360147947291,7/13/2026 4:30:00 PM
MRM,15.3821675367374,20.125,4.74283246326263,7/13/2026 4:45:00 PM
MRM,22.8985529446061,21,-1.89855294460613,7/13/2026 5:00:00 PM
MRM,15.9599743064498,27.1212121212121,11.1612378147623,7/13/2026 5:15:00 PM
MRM,6.37339235981612,13.2272727272727,6.85388036745661,7/13/2026 5:30:00 PM
MRM,7.96762046048211,4.41524621212121,-3.55237424836089,7/13/2026 5:45:00 PM
JPM,6.73122702057734,1,-5.73122702057734,7/13/2026 6:00:00 PM
JPM,6.77049430850253,1,-5.77049430850253,7/13/2026 6:30:00 PM
JPM,6.69776713484299,2.99380165289256,-3.70396548195043,7/13/2026 7:45:00 PM
JPM,6.85370516173286,1,-5.85370516173286,7/13/2026 8:00:00 PM
JPM,6.81152946129471,1.27272727272727,-5.53880218856744,7/13/2026 8:15:00 PM
JPM,7.88645258414206,3.52840909090909,-4.35804349323297,7/13/2026 8:30:00 PM
JPM,7.25100879763631,2.15789473684211,-5.09311406079421,7/13/2026 8:45:00 PM
JPM,7.38761249626979,3.77166193181818,-3.61595056445161,7/13/2026 9:00:00 PM
JPM,7.7510195434821,4,-3.7510195434821,7/13/2026 9:15:00 PM
JPM,7.08840117001296,4.28571428571429,-2.80268688429868,7/13/2026 9:30:00 PM
JPM,6.84809501305144,3.73684210526316,-3.11125290778828,7/13/2026 9:45:00 PM
JPM,6.9612262632607,4.55555555555556,-2.40567070770514,7/13/2026 10:00:00 PM
JPM,7.38577776709183,6.83333333333333,-0.552444433758495,7/13/2026 10:15:00 PM
JPM,5.45584744554397,7,1.54415255445603,7/13/2026 10:30:00 PM
JPM,5.40515057917468,7.38888888888889,1.98373830971421,7/13/2026 10:45:00 PM
JPM,5.27147514585643,7.52941176470588,2.25793661884945,7/13/2026 11:00:00 PM
JPM,5.31603292797654,7,1.68396707202346,7/13/2026 11:15:00 PM
JPM,5.03288021273113,7,1.96711978726887,7/13/2026 11:30:00 PM
JPM,5.27476145705429,7,1.72523854294571,7/13/2026 11:45:00 PM
JPM,9.51031422625729,7,-2.51031422625729,7/14/2026 12:00:00 AM
JPM,12.7694338446836,7,-5.76943384468365,7/14/2026 12:15:00 AM
JPM,13.007945165424,7.9375,-5.07044516542405,7/14/2026 12:30:00 AM
JPM,12.1097515807741,8,-4.1097515807741,7/14/2026 12:45:00 AM
JPM,12.5330021164017,8,-4.53300211640168,7/14/2026 1:00:00 AM
JPM,12.831562972119,9.91666666666667,-2.91489630545232,7/14/2026 1:15:00 AM
JPM,12.6267259226981,11,-1.6267259226981,7/14/2026 1:30:00 AM
JPM,13.1447994383054,11.2058823529412,-1.93891708536418,7/14/2026 1:45:00 AM
JPM,14.1181914963336,12,-2.11819149633365,7/14/2026 2:00:00 AM
JPM,15.2575427300646,12,-3.25754273006457,7/14/2026 2:15:00 AM
JPM,18.2901817378364,12,-6.29018173783637,7/14/2026 2:30:00 AM
JPM,19.3420926058528,12,-7.34209260585284,7/14/2026 2:45:00 AM
JPM,17.5697053382421,12,-5.56970533824208,7/14/2026 3:00:00 AM
JPM,19.5277804406591,12,-7.52778044065912,7/14/2026 3:15:00 AM
JPM,20.4775991564324,12,-8.47759915643244,7/14/2026 3:30:00 AM
JPM,22.1115935463439,12,-10.1115935463439,7/14/2026 3:45:00 AM
JPM,21.7919118699685,12,-9.79191186996854,7/14/2026 4:00:00 AM
JPM,22.6529949818918,12,-10.6529949818918,7/14/2026 4:15:00 AM
JPM,22.1954500239158,12,-10.1954500239158,7/14/2026 4:30:00 AM
JPM,20.5036536341225,12,-8.50365363412254,7/14/2026 4:45:00 AM
JPM,19.445892725589,12,-7.44589272558896,7/14/2026 5:00:00 AM
JPM,20.2238043755235,12.1764705882353,-8.04733378728821,7/14/2026 5:15:00 AM
JPM,13.2444416517053,11.5454545454545,-1.69898710625078,7/14/2026 5:30:00 AM
JPM,9.90779799165102,11,1.09220200834898,7/14/2026 5:45:00 AM
MRM,8.35862813235198,4.02918388429752,-4.32944424805446,7/13/2026 6:00:00 PM
MRM,12.4677232227814,5.3342803030303,-7.13344291975106,7/13/2026 6:15:00 PM
MRM,15.8728798548029,8.17840909090909,-7.69447076389382,7/13/2026 6:30:00 PM
MRM,14.9831218991068,7.9363038277512,-7.04681807135557,7/13/2026 6:45:00 PM
MRM,23.1878297547386,15.5384090909091,-7.64942066382949,7/13/2026 7:00:00 PM
MRM,26.1611499721835,16.8784090909091,-9.28274088127445,7/13/2026 7:15:00 PM
MRM,21.1205390282351,16.2059659090909,-4.91457311914419,7/13/2026 7:30:00 PM
MRM,22.5549216790371,17.3106060606061,-5.24431561843102,7/13/2026 7:45:00 PM
MRM,22.0010313764016,18.0200534759358,-3.98097790046581,7/13/2026 8:00:00 PM
MRM,22.027907989382,17.4318181818182,-4.59608980756379,7/13/2026 8:15:00 PM
MRM,28.7410639302828,23.1892045454545,-5.55185938482832,7/13/2026 8:30:00 PM
MRM,28.8218745882096,24.190490430622,-4.63138415758761,7/13/2026 8:45:00 PM
MRM,28.0594926166442,22.0852272727273,-5.97426534391693,7/13/2026 9:00:00 PM
MRM,21.7686778017884,20.7386363636364,-1.030041438152,7/13/2026 9:15:00 PM
MRM,28.1834100294682,21.5957792207792,-6.58763080868897,7/13/2026 9:30:00 PM
MRM,23.4492543991539,21.5281100478469,-1.921144351307,7/13/2026 9:45:00 PM
MRM,30.1250881835736,21.8497474747475,-8.27534070882612,7/13/2026 10:00:00 PM
MRM,31.5243196204679,21.9886363636364,-9.53568325683153,7/13/2026 10:15:00 PM
MRM,29.7202716846752,24.1969696969697,-5.52330198770547,7/13/2026 10:30:00 PM
MRM,30.6964490244586,25.3497474747475,-5.34670154971107,7/13/2026 10:45:00 PM
MRM,30.0021063377992,25.5621657754011,-4.43994056239811,7/13/2026 11:00:00 PM
MRM,29.1025097907702,24.7386363636364,-4.36387342713384,7/13/2026 11:15:00 PM
MRM,27.4406006615196,24.7386363636364,-2.70196429788327,7/13/2026 11:30:00 PM
MRM,27.7033587957619,26.0386363636364,-1.66472243212557,7/13/2026 11:45:00 PM
MRM,27.8746594938995,26.0719696969697,-1.80268979692977,7/14/2026 12:00:00 AM
MRM,26.7347366046128,26.5386363636364,-0.196100240976392,7/14/2026 12:15:00 AM
MRM,25.8412365910643,27.8636363636364,2.02239977257208,7/14/2026 12:30:00 AM
MRM,29.4191623330551,29.030303030303,-0.388859302752106,7/14/2026 12:45:00 AM
MRM,29.7184876852725,32.9608585858586,3.24237090058609,7/14/2026 1:00:00 AM
MRM,29.0200097699279,32.3219696969697,3.30195992704179,7/14/2026 1:15:00 AM
MRM,27.1536778227809,29.5113636363636,2.35768581358269,7/14/2026 1:30:00 AM
MRM,31.7879232217926,31.5621657754011,-0.22575744639154,7/14/2026 1:45:00 AM
MRM,33.1486521896561,32.6931818181818,-0.455470371474235,7/14/2026 2:00:00 AM
MRM,36.1743139790409,30.205303030303,-5.96901094873785,7/14/2026 2:15:00 AM
MRM,34.5964568545356,29.7386363636364,-4.85782049089926,7/14/2026 2:30:00 AM
MRM,37.61431110342,29.7386363636364,-7.87567473978363,7/14/2026 2:45:00 AM
MRM,37.536840504724,29.8852982954545,-7.65154220926949,7/14/2026 3:00:00 AM
MRM,37.2035894559387,29.7386363636364,-7.46495309230231,7/14/2026 3:15:00 AM
MRM,44.9231701579313,29.7386363636364,-15.1845337942949,7/14/2026 3:30:00 AM
MRM,43.1413259522652,29.605303030303,-13.5360229219621,7/14/2026 3:45:00 AM
MRM,50.0821440320183,30.2732438016529,-19.8089002303654,7/14/2026 4:00:00 AM
MRM,47.9003578242496,33.3920454545455,-14.5083123697042,7/14/2026 4:15:00 AM
MRM,44.0273973433944,34.6454545454546,-9.38194279793987,7/14/2026 4:30:00 AM
MRM,46.7096042141375,35.0454545454546,-11.6641496686829,7/14/2026 4:45:00 AM
MRM,44.9143812662247,34.8071732954545,-10.1072079707702,7/14/2026 5:00:00 AM
MRM,43.3610932929539,34.6988636363636,-8.66222965659031,7/14/2026 5:15:00 AM
MRM,43.2515796741473,34.0686983471074,-9.18288132703984,7/14/2026 5:30:00 AM
MRM,40.4804386612289,33.2688397129187,-7.21159894831025,7/14/2026 5:45:00 AM
JPM,10.0777908076126,11,0.922209192387445,7/14/2026 6:00:00 AM
JPM,10.5679981463786,11,0.432001853621381,7/14/2026 6:15:00 AM
JPM,11.3165099976606,11.1578947368421,-0.158615260818516,7/14/2026 6:30:00 AM
JPM,11.6477044623863,13.4638157894737,1.81611132708742,7/14/2026 6:45:00 AM
JPM,11.8127723773097,11.2857142857143,-0.527058091595396,7/14/2026 7:00:00 AM
JPM,11.8644008597423,10.6303661616162,-1.23403469812612,7/14/2026 7:15:00 AM
JPM,12.6853766803929,12.0216619318182,-0.66371474857471,7/14/2026 7:30:00 AM
JPM,11.3579688597687,12,0.642031140231296,7/14/2026 7:45:00 AM
JPM,10.9421750418331,12.6875,1.74532495816688,7/14/2026 8:00:00 AM
JPM,11.360457453565,13.2857142857143,1.92525683214926,7/14/2026 8:15:00 AM
JPM,10.9093047274303,12,1.09069527256969,7/14/2026 8:30:00 AM
JPM,11.0095388550855,12,0.990461144914491,7/14/2026 8:45:00 AM
JPM,10.7133744205915,14.3076923076923,3.59431788710084,7/14/2026 9:00:00 AM
JPM,9.87668859068089,13.2666666666667,3.38997807598578,7/14/2026 9:15:00 AM
JPM,8.48789087829319,13,4.51210912170681,7/14/2026 9:30:00 AM
JPM,13.2826162222079,13.6666666666667,0.384050444458754,7/14/2026 9:45:00 AM
JPM,8.29511466541469,12.6666666666667,4.37155200125197,7/14/2026 10:00:00 AM
JPM,8.96724907164682,10.9444444444444,1.97719537279763,7/14/2026 10:15:00 AM
JPM,8.02312153214823,10.1333333333333,2.1102118011851,7/14/2026 10:30:00 AM
JPM,8.15845904198583,9.33333333333333,1.1748742913475,7/14/2026 10:45:00 AM
JPM,7.96233090168779,9.69230769230769,1.7299767906199,7/14/2026 11:00:00 AM
JPM,7.70562255476867,9.5,1.79437744523133,7/14/2026 11:15:00 AM
JPM,8.42627236506543,11.5714285714286,3.14515620636314,7/14/2026 11:30:00 AM
JPM,10.0464317563168,12,1.95356824368319,7/14/2026 11:45:00 AM
JPM,9.9215039859125,13.2173913043478,3.29588731843533,7/14/2026 12:00:00 PM
JPM,10.2704352810055,14.5,4.22956471899445,7/14/2026 12:15:00 PM
JPM,9.85701845316706,12.04,2.18298154683294,7/14/2026 12:30:00 PM
JPM,10.3199377770865,11.9,1.58006222291348,7/14/2026 12:45:00 PM
JPM,11.2549582380562,14.2222222222222,2.96726398416602,7/14/2026 1:00:00 PM
JPM,12.9233051420467,15.5333333333333,2.61002819128664,7/14/2026 1:15:00 PM
JPM,14.3105047033257,16,1.68949529667431,7/14/2026 1:30:00 PM
JPM,14.169828942775,16,1.83017105722497,7/14/2026 1:45:00 PM
JPM,14.1390830441399,16,1.86091695586014,7/14/2026 2:00:00 PM
JPM,14.5426456073732,16,1.45735439262682,7/14/2026 2:15:00 PM
JPM,14.4733630067508,16,1.52663699324924,7/14/2026 2:30:00 PM
JPM,15.1383636540066,15.8846153846154,0.746251730608783,7/14/2026 2:45:00 PM
JPM,15.6272781125722,15,-0.627278112572206,7/14/2026 3:00:00 PM
JPM,15.9921032587183,15,-0.992103258718272,7/14/2026 3:15:00 PM
JPM,15.7408737633833,15,-0.740873763383295,7/14/2026 3:30:00 PM
JPM,15.8824500605905,15,-0.882450060590516,7/14/2026 3:45:00 PM
JPM,16.3942745680232,15,-1.39427456802317,7/14/2026 4:00:00 PM
JPM,16.5597475344849,14.2,-2.35974753448488,7/14/2026 4:15:00 PM
JPM,14.7174814266498,13,-1.71748142664981,7/14/2026 4:30:00 PM
JPM,14.5352151362864,13,-1.53521513628644,7/14/2026 4:45:00 PM
JPM,14.6577374052824,15,0.342262594717623,7/14/2026 5:00:00 PM
JPM,14.6372522481307,15,0.362747751869266,7/14/2026 5:15:00 PM
JPM,16.3206563150897,15.0622086247086,-1.25844769038103,7/14/2026 5:30:00 PM
JPM,18.271315959506,15,-3.27131595950599,7/14/2026 5:45:00 PM
MRM,38.4387200825768,31.3844696969697,-7.05425038560711,7/14/2026 6:00:00 AM
MRM,40.4026052067578,31.9795454545455,-8.42305975221236,7/14/2026 6:15:00 AM
MRM,47.8729316461581,35.96875,-11.9041816461581,7/14/2026 6:30:00 AM
MRM,53.6454020706566,39.8434509569378,-13.8019511137188,7/14/2026 6:45:00 AM
MRM,42.839862634739,40.5823863636364,-2.25747627110263,7/14/2026 7:00:00 AM
MRM,32.8599343677925,40.6934974747475,7.83356310695502,7/14/2026 7:15:00 AM
MRM,34.992592578502,34.7270951704545,-0.26549740804748,7/14/2026 7:30:00 AM
MRM,36.0575068165229,35.2080965909091,-0.849410225613802,7/14/2026 7:45:00 AM
MRM,37.8028044577353,35.46484375,-2.33796070773532,7/14/2026 8:00:00 AM
MRM,40.7499369402871,37.148538961039,-3.60139797924818,7/14/2026 8:15:00 AM
MRM,36.2025774245521,38.1428571428571,1.94027971830507,7/14/2026 8:30:00 AM
MRM,34.918059972766,39,4.081940027234,7/14/2026 8:45:00 AM
MRM,40.2939664657799,39.8942307692308,-0.399735696549165,7/14/2026 9:00:00 AM
MRM,38.139957956158,41.4787878787879,3.33882992262989,7/14/2026 9:15:00 AM
MRM,41.3510544882442,39.4580965909091,-1.8929578973351,7/14/2026 9:30:00 AM
MRM,43.6314779258683,39.0397727272727,-4.59170519859557,7/14/2026 9:45:00 AM
MRM,49.5622700421668,39.4564393939394,-10.1058306482274,7/14/2026 10:00:00 AM
MRM,48.9802862917236,39.6931818181818,-9.2871044735418,7/14/2026 10:15:00 AM
MRM,48.114049517691,39.6931818181818,-8.42086769950915,7/14/2026 10:30:00 AM
MRM,47.3208251877717,39.6931818181818,-7.62764336958989,7/14/2026 10:45:00 AM
MRM,48.4757364810203,38.9300699300699,-9.54566655095034,7/14/2026 11:00:00 AM
MRM,47.3470355065971,38.8969155844156,-8.45011992218148,7/14/2026 11:15:00 AM
MRM,49.7782556743276,38.6931818181818,-11.0850738561458,7/14/2026 11:30:00 AM
MRM,53.4567040416139,38.6125541125541,-14.8441499290598,7/14/2026 11:45:00 AM
MRM,52.2448845191919,38.8683300395257,-13.3765544796662,7/14/2026 12:00:00 PM
MRM,51.3232509826579,39.2646103896104,-12.0586405930475,7/14/2026 12:15:00 PM
MRM,47.543862582136,39.8131818181818,-7.73068076395413,7/14/2026 12:30:00 PM
MRM,49.2926761681787,39.8318181818182,-9.46085798636048,7/14/2026 12:45:00 PM
MRM,44.177127016172,40.4539141414142,-3.72321287475786,7/14/2026 1:00:00 PM
MRM,46.1415715613225,38.7340909090909,-7.40748065223158,7/14/2026 1:15:00 PM
MRM,49.5393597077208,40.457702020202,-9.08165768751878,7/14/2026 1:30:00 PM
MRM,50.5373647383362,39.5773601398601,-10.960004598476,7/14/2026 1:45:00 PM
MRM,52.5536314008286,38.5132575757576,-14.0403738250711,7/14/2026 2:00:00 PM
MRM,51.3354807657183,38.8280723905724,-12.5074083751459,7/14/2026 2:15:00 PM
MRM,48.5892874173032,41.2037337662337,-7.38555365106942,7/14/2026 2:30:00 PM
MRM,48.9112739402033,41.8850524475524,-7.02622149265088,7/14/2026 2:45:00 PM
MRM,50.8382830904225,39.7215909090909,-11.1166921813316,7/14/2026 3:00:00 PM
MRM,48.6832826260656,37.3465909090909,-11.3366917169747,7/14/2026 3:15:00 PM
MRM,48.3679646249109,37.3465909090909,-11.02137371582,7/14/2026 3:30:00 PM
MRM,50.6421238428767,39.0255681818182,-11.6165556610585,7/14/2026 3:45:00 PM
MRM,54.4530531159328,38.5415669856459,-15.9114861302869,7/14/2026 4:00:00 PM
MRM,48.6535035880009,36.3465909090909,-12.30691267891,7/14/2026 4:15:00 PM
MRM,47.6162796103425,37.1465909090909,-10.4696887012516,7/14/2026 4:30:00 PM
MRM,43.988045971885,37.7910353535353,-6.19701061834966,7/14/2026 4:45:00 PM
MRM,50.9884925772045,37.7751623376623,-13.2133302395422,7/14/2026 5:00:00 PM
MRM,46.4055014744227,38.1799242424242,-8.22557723199841,7/14/2026 5:15:00 PM
MRM,26.9324291924097,36.2269813519814,9.2945521595717,7/14/2026 5:30:00 PM
MRM,40.1716864565511,37.421875,-2.74981145655111,7/14/2026 5:45:00 PM
JPM,19.9098891781159,15,-4.90988917811588,7/14/2026 6:00:00 PM
JPM,19.7947530559035,15,-4.79475305590353,7/14/2026 6:15:00 PM
JPM,19.4181208771691,15,-4.41812087716906,7/14/2026 6:30:00 PM
JPM,20.8137852565218,15,-5.8137852565218,7/14/2026 6:45:00 PM
JPM,21.0757938123951,15,-6.07579381239511,7/14/2026 7:00:00 PM
JPM,20.7971740685704,14.8787878787879,-5.91838618978248,7/14/2026 7:15:00 PM
JPM,18.9801300484,14.1216108452951,-4.85851920310496,7/14/2026 7:30:00 PM
JPM,21.2031125282314,14.1465909090909,-7.05652161914045,7/14/2026 7:45:00 PM
JPM,28.1676200767331,13.316247582205,-14.8513724945281,7/14/2026 8:00:00 PM
JPM,19.2510724334708,13,-6.25107243347082,7/14/2026 8:15:00 PM
JPM,18.5652165748217,13,-5.5652165748217,7/14/2026 8:30:00 PM
JPM,18.7026626179379,13,-5.7026626179379,7/14/2026 8:45:00 PM
JPM,21.3776404696753,13,-8.37764046967525,7/14/2026 9:00:00 PM
JPM,21.452119315709,13,-8.45211931570905,7/14/2026 9:15:00 PM
JPM,16.2913214039219,13,-3.29132140392189,7/14/2026 9:30:00 PM
JPM,19.8728895928869,13.5714285714286,-6.30146102145837,7/14/2026 9:45:00 PM
JPM,23.3444157150059,14,-9.34441571500591,7/14/2026 10:00:00 PM
JPM,22.7971295058697,14,-8.79712950586971,7/14/2026 10:15:00 PM
JPM,21.8474205826933,14,-7.84742058269329,7/14/2026 10:30:00 PM
JPM,21.7743514498604,14,-7.77435144986039,7/14/2026 10:45:00 PM
JPM,22.1905723878287,14,-8.19057238782868,7/14/2026 11:00:00 PM
JPM,22.4424788236518,14,-8.44247882365179,7/14/2026 11:15:00 PM
JPM,27.5335423401296,14,-13.5335423401296,7/14/2026 11:30:00 PM
JPM,21.6763171058417,14,-7.67631710584173,7/14/2026 11:45:00 PM
JPM,18.8137423138709,14,-4.81374231387086,7/15/2026 12:00:00 AM
JPM,17.8453176299288,14,-3.84531762992881,7/15/2026 12:15:00 AM
JPM,17.6042006916611,14,-3.60420069166115,7/15/2026 12:30:00 AM
JPM,18.5398648038723,14,-4.53986480387228,7/15/2026 12:45:00 AM
JPM,18.290643109758,14,-4.29064310975804,7/15/2026 1:00:00 AM
JPM,22.8828588544512,14,-8.88285885445125,7/15/2026 1:15:00 AM
JPM,24.8864177989739,14,-10.8864177989739,7/15/2026 1:30:00 AM
JPM,22.6954850987334,14,-8.6954850987334,7/15/2026 1:45:00 AM
JPM,22.0437694731392,14,-8.04376947313919,7/15/2026 2:00:00 AM
JPM,21.6243529469915,14,-7.62435294699146,7/15/2026 2:15:00 AM
JPM,18.1693761596959,14,-4.16937615969585,7/15/2026 2:30:00 AM
JPM,24.6786277273463,14.2835743801653,-10.395053347181,7/15/2026 2:45:00 AM
JPM,17.5544392698772,14,-3.55443926987715,7/15/2026 3:00:00 AM
JPM,16.5884826613359,14,-2.58848266133588,7/15/2026 3:15:00 AM
JPM,16.8089356825411,14,-2.8089356825411,7/15/2026 3:30:00 AM
JPM,17.6334373967237,14,-3.63343739672372,7/15/2026 3:45:00 AM
JPM,19.0577179601679,14,-5.05771796016794,7/15/2026 4:00:00 AM
JPM,17.3336723131333,14.304347826087,-3.02932448704638,7/15/2026 4:15:00 AM
JPM,17.6805967642108,15,-2.68059676421078,7/15/2026 4:30:00 AM
JPM,23.9911626956778,15.2777777777778,-8.7133849179,7/15/2026 4:45:00 AM
JPM,24.5013464855377,16,-8.50134648553773,7/15/2026 5:00:00 AM
JPM,23.4143956783334,16,-7.41439567833336,7/15/2026 5:15:00 AM
JPM,20.9485590799626,15.6842105263158,-5.26434855364678,7/15/2026 5:30:00 AM
JPM,12.8536089774522,11.4285714285714,-1.42503754888082,7/15/2026 5:45:00 AM
MRM,43.8007879368972,37.4242424242424,-6.37654551265477,7/14/2026 6:00:00 PM
MRM,40.7752623773187,36.6184826203208,-4.15677975699788,7/14/2026 6:15:00 PM
MRM,40.1854175440613,35.7352941176471,-4.45012342641424,7/14/2026 6:30:00 PM
MRM,40.0171036625828,34.75,-5.26710366258281,7/14/2026 6:45:00 PM
MRM,43.1698223098754,34,-9.16982230987539,7/14/2026 7:00:00 PM
MRM,40.11865687449,34.6969696969697,-5.42168717752028,7/14/2026 7:15:00 PM
MRM,37.892780068375,35.5789473684211,-2.31383269995392,7/14/2026 7:30:00 PM
MRM,35.2959270972572,36.9428571428571,1.64693004559994,7/14/2026 7:45:00 PM
MRM,39.0657124765928,40,0.934287523407185,7/14/2026 8:00:00 PM
MRM,40.6676196816264,40.5378134796238,-0.12980620200257,7/14/2026 8:15:00 PM
MRM,45.9040542909968,41.29625,-4.60780429099673,7/14/2026 8:30:00 PM
MRM,46.6972225464068,41.0536363636364,-5.64358618277043,7/14/2026 8:45:00 PM
MRM,45.1773907081749,40.5635822510823,-4.61380845709261,7/14/2026 9:00:00 PM
MRM,47.5847425448943,38.9962944664032,-8.58844807849115,7/14/2026 9:15:00 PM
MRM,44.2394183989654,36.0397727272727,-8.19964567169266,7/14/2026 9:30:00 PM
MRM,46.8110957381378,33.8969155844156,-12.9141801537222,7/14/2026 9:45:00 PM
MRM,48.6951535010385,35.4286616161616,-13.2664918848769,7/14/2026 10:00:00 PM
MRM,37.5606428486283,33.6280080213904,-3.93263482723795,7/14/2026 10:15:00 PM
MRM,35.4060409790947,34.9197727272727,-0.48626825182199,7/14/2026 10:30:00 PM
MRM,48.9230083060571,34.7171920821115,-14.2058162239457,7/14/2026 10:45:00 PM
MRM,50.9614941494813,35.0397727272727,-15.9217214222085,7/14/2026 11:00:00 PM
MRM,41.7509626393074,34.0731060606061,-7.67785657870128,7/14/2026 11:15:00 PM
MRM,40.3416386437638,34.0256261595547,-6.3160124842091,7/14/2026 11:30:00 PM
MRM,48.5675077057508,33.3931818181818,-15.174325887569,7/14/2026 11:45:00 PM
MRM,42.8768618705876,33.5207680250784,-9.35609384550925,7/15/2026 12:00:00 AM
MRM,45.0368027903187,33.6668660287081,-11.3699367616106,7/15/2026 12:15:00 AM
MRM,48.4095533813761,33.6931818181818,-14.7163715631943,7/15/2026 12:30:00 AM
MRM,51.8974506030634,37.5113636363636,-14.3860869666998,7/15/2026 12:45:00 AM
MRM,50.4190661942829,38.6566985645933,-11.7623676296896,7/15/2026 1:00:00 AM
MRM,38.4170792257456,37.9117647058824,-0.505314519863219,7/15/2026 1:15:00 AM
MRM,34.1955509144118,32.625,-1.57055091441176,7/15/2026 1:30:00 AM
MRM,43.946435321235,32.5294117647059,-11.4170235565291,7/15/2026 1:45:00 AM
MRM,43.9777292384297,33.5,-10.4777292384297,7/15/2026 2:00:00 AM
MRM,36.0218516705882,32.8589876033058,-3.16286406728238,7/15/2026 2:15:00 AM
MRM,38.656714056759,32.6931818181818,-5.96353223857714,7/15/2026 2:30:00 AM
MRM,43.4092481683844,33.6095041322314,-9.79974403615298,7/15/2026 2:45:00 AM
MRM,44.5638931130807,34.5613636363636,-10.002529476717,7/15/2026 3:00:00 AM
MRM,42.5717439967492,35.1282991202346,-7.44344487651457,7/15/2026 3:15:00 AM
MRM,43.3152463422236,35.3863636363636,-7.92888270586,7/15/2026 3:30:00 AM
MRM,42.726729578059,35.892199017199,-6.83453056086,7/15/2026 3:45:00 AM
MRM,44.0767959300378,36.2333916083916,-7.84340432164615,7/15/2026 4:00:00 AM
MRM,42.9114225549582,37.0795454545455,-5.83187710041278,7/15/2026 4:15:00 AM
MRM,41.326652072734,37.8934989429176,-3.43315312981639,7/15/2026 4:30:00 AM
MRM,38.8345862319937,38.688446969697,-0.1461392622967,7/15/2026 4:45:00 AM
MRM,42.7804641272523,38.3863636363636,-4.39410049088868,7/15/2026 5:00:00 AM
MRM,44.8328368457566,37.7109557109557,-7.1218811348009,7/15/2026 5:15:00 AM
MRM,39.7462636619643,37.3465909090909,-2.39967275287341,7/15/2026 5:30:00 AM
MRM,38.0331298205008,37.3300865800866,-0.703043240414253,7/15/2026 5:45:00 AM
JPM,12.5443128723417,12.5173295454545,-0.0269833268871995,7/15/2026 6:00:00 AM
JPM,11.8147702933588,13,1.18522970664124,7/15/2026 6:15:00 AM
JPM,13.2457517636354,13.6923076923077,0.4465559286723,7/15/2026 6:30:00 AM
JPM,17.7065877190817,16,-1.70658771908174,7/15/2026 6:45:00 AM
JPM,16.9328514911381,16,-0.932851491138056,7/15/2026 7:00:00 AM
JPM,17.589500710053,16.1155303030303,-1.47397040702268,7/15/2026 7:15:00 AM
JPM,17.6875670021426,16.4951298701299,-1.1924371320127,7/15/2026 7:30:00 AM
JPM,16.4822077552642,16,-0.482207755264199,7/15/2026 7:45:00 AM
JPM,15.9825831913989,15.7692307692308,-0.213352422168164,7/15/2026 8:00:00 AM
JPM,14.0149520942448,13,-1.01495209424476,7/15/2026 8:15:00 AM
JPM,14.3018541544142,13,-1.3018541544142,7/15/2026 8:30:00 AM
JPM,13.8926720254764,13,-0.892672025476363,7/15/2026 8:45:00 AM
JPM,14.2646212080253,13,-1.26462120802528,7/15/2026 9:00:00 AM
JPM,14.4600963873817,14,-0.460096387381672,7/15/2026 9:15:00 AM
JPM,14.2251310560282,15.3125,1.08736894397179,7/15/2026 9:30:00 AM
JPM,13.6016641882173,14,0.398335811782701,7/15/2026 9:45:00 AM
JPM,13.543982170256,14,0.456017829744003,7/15/2026 10:00:00 AM
JPM,13.1169904927728,14,0.883009507227211,7/15/2026 10:15:00 AM
JPM,13.1548076468051,14,0.845192353194895,7/15/2026 10:30:00 AM
JPM,13.0542515638302,14,0.945748436169771,7/15/2026 10:45:00 AM
JPM,15.6807981352894,13.4,-2.28079813528939,7/15/2026 11:00:00 AM
JPM,15.2353293837267,12.9411764705882,-2.29415291313849,7/15/2026 11:15:00 AM
JPM,15.5381186380182,13,-2.53811863801816,7/15/2026 11:30:00 AM
JPM,15.5620183538606,13,-2.56201835386056,7/15/2026 11:45:00 AM
JPM,13.5561834866954,13,-0.556183486695364,7/15/2026 12:00:00 PM
JPM,13.4752575016049,13,-0.47525750160486,7/15/2026 12:15:00 PM
JPM,13.8750067055212,12.7777777777778,-1.09722892774342,7/15/2026 12:30:00 PM
JPM,13.9750877466325,12.8888888888889,-1.08619885774365,7/15/2026 12:45:00 PM
JPM,13.6207273311206,13.8,0.17927266887942,7/15/2026 1:00:00 PM
JPM,13.8828401347989,14.7857142857143,0.902874150915428,7/15/2026 1:15:00 PM
JPM,14.145000342872,14.7619047619048,0.616904419032752,7/15/2026 1:30:00 PM
JPM,13.7787327929991,14.4285714285714,0.649838635572378,7/15/2026 1:45:00 PM
JPM,13.4852653322086,15,1.51473466779135,7/15/2026 2:00:00 PM
JPM,13.155276021014,14.4736842105263,1.31840818951228,7/15/2026 2:15:00 PM
JPM,13.4542837552354,14,0.545716244764625,7/15/2026 2:30:00 PM
JPM,14.2960957914372,14.25,-0.0460957914372369,7/15/2026 2:45:00 PM
JPM,13.7207343664132,14,0.279265633586801,7/15/2026 3:00:00 PM
JPM,14.5136127942002,13.5445574162679,-0.969055377932259,7/15/2026 3:15:00 PM
JPM,15.7315117636051,13.3636363636364,-2.36787539996875,7/15/2026 3:30:00 PM
JPM,15.3162585146267,14.3529411764706,-0.96331733815614,7/15/2026 3:45:00 PM
JPM,16.4647767173577,15,-1.46477671735767,7/15/2026 4:00:00 PM
JPM,16.3752061395202,15,-1.3752061395202,7/15/2026 4:15:00 PM
JPM,17.969301646749,15,-2.96930164674903,7/15/2026 4:30:00 PM
JPM,16.0260060422852,15,-1.0260060422852,7/15/2026 4:45:00 PM
JPM,15.6801077507142,14.3684210526316,-1.31168669808265,7/15/2026 5:00:00 PM
JPM,15.9620611025821,14.8655303030303,-1.0965307995518,7/15/2026 5:15:00 PM
JPM,16.9479393691126,14.6310975609756,-2.31684180813698,7/15/2026 5:30:00 PM
JPM,12.4979405442338,9.62857142857143,-2.86936911566239,7/15/2026 5:45:00 PM
MRM,38.6386355760847,36.7272727272727,-1.91136284881199,7/15/2026 6:00:00 AM
MRM,40.8256932066683,38.1697443181818,-2.65594888848646,7/15/2026 6:15:00 AM
MRM,43.7092980037119,38.8662587412587,-4.84303926245315,7/15/2026 6:30:00 AM
MRM,43.2204174838664,39.0081168831169,-4.21230060074955,7/15/2026 6:45:00 AM
MRM,42.6108680613742,38.4786931818182,-4.13217487955598,7/15/2026 7:00:00 AM
MRM,45.3119670994862,39.8304924242424,-5.48147467524383,7/15/2026 7:15:00 AM
MRM,55.7610282238436,38.9155844155844,-16.8454438082592,7/15/2026 7:30:00 AM
MRM,49.4271275523907,39.0127840909091,-10.4143434614816,7/15/2026 7:45:00 AM
MRM,51.1718732852256,39.8426573426573,-11.3292159425683,7/15/2026 8:00:00 AM
MRM,49.7412621445177,40.3483391608392,-9.39292298367855,7/15/2026 8:15:00 AM
MRM,62.3230386276604,42.0795454545455,-20.2434931731149,7/15/2026 8:30:00 AM
MRM,63.016183039616,41.5795454545454,-21.4366375850706,7/15/2026 8:45:00 AM
MRM,57.2602761587563,39.5410839160839,-17.7191922426724,7/15/2026 9:00:00 AM
MRM,48.5399680250505,39.0795454545455,-9.46042257050505,7/15/2026 9:15:00 AM
MRM,50.1373981251684,38.9836647727273,-11.1537333524411,7/15/2026 9:30:00 AM
MRM,48.5253628343227,38.2875,-10.2378628343227,7/15/2026 9:45:00 AM
MRM,49.7557817420865,38.8295454545455,-10.926236287541,7/15/2026 10:00:00 AM
MRM,48.2184310937709,37.5462121212121,-10.6722189725588,7/15/2026 10:15:00 AM
MRM,54.4230815227103,37.650974025974,-16.7721074967363,7/15/2026 10:30:00 AM
MRM,55.3397356384035,38.0217803030303,-17.3179553353732,7/15/2026 10:45:00 AM
MRM,48.3920589920247,38.0636363636364,-10.3284226283883,7/15/2026 11:00:00 AM
MRM,56.830489530365,38.0397727272727,-18.7907168030922,7/15/2026 11:15:00 AM
MRM,60.601797743074,38.825487012987,-21.7763107300869,7/15/2026 11:30:00 AM
MRM,42.1351374670742,39.5646306818182,-2.57050678525601,7/15/2026 11:45:00 AM
MRM,44.453928652497,39.7159090909091,-4.73801956158788,7/15/2026 12:00:00 PM
MRM,47.6198246533342,39.0132575757576,-8.60656707757666,7/15/2026 12:15:00 PM
MRM,52.3460151092264,40.8712121212121,-11.4748029880143,7/15/2026 12:30:00 PM
MRM,48.0565935012144,40.5956439393939,-7.46094956182042,7/15/2026 12:45:00 PM
MRM,58.1590211977897,39.9289772727273,-18.2300439250624,7/15/2026 1:00:00 PM
MRM,60.0412321400781,39.143262987013,-20.8979691530651,7/15/2026 1:15:00 PM
MRM,59.4035068164796,39.6235119047619,-19.7799949117177,7/15/2026 1:30:00 PM
MRM,58.3753911959234,39.2755681818182,-19.0998230141052,7/15/2026 1:45:00 PM
MRM,58.8696948077362,39.9005681818182,-18.9691266259181,7/15/2026 2:00:00 PM
MRM,53.0411495185344,39.9654605263158,-13.0756889922186,7/15/2026 2:15:00 PM
MRM,49.1196771830104,39.9289772727273,-9.19069991028316,7/15/2026 2:30:00 PM
MRM,63.8289445692345,39.3778409090909,-24.4511036601435,7/15/2026 2:45:00 PM
MRM,65.8637649893696,38.9119318181818,-26.9518331711878,7/15/2026 3:00:00 PM
MRM,64.1990429642227,39.2755681818182,-24.9234747824045,7/15/2026 3:15:00 PM
MRM,54.7750420567556,39.6392045454545,-15.135837511301,7/15/2026 3:30:00 PM
MRM,50.9231092740445,38.7227606951872,-12.2003485788573,7/15/2026 3:45:00 PM
MRM,43.5310318352147,37.1939935064935,-6.33703832872119,7/15/2026 4:00:00 PM
MRM,38.3164864675064,36.9596185064935,-1.35686796101283,7/15/2026 4:15:00 PM
MRM,35.3563214381319,38.5900974025974,3.2337759644655,7/15/2026 4:30:00 PM
MRM,35.2357758645916,37.4829545454546,2.24717868086297,7/15/2026 4:45:00 PM
MRM,45.1168439673252,40.2628588516746,-4.85398511565053,7/15/2026 5:00:00 PM
MRM,36.0733637952695,37.7810132575757,1.70764946230621,7/15/2026 5:15:00 PM
MRM,33.9132575920785,32.419623059867,-1.49363453221156,7/15/2026 5:30:00 PM
MRM,37.110787342122,28.8732142857143,-8.2375730564077,7/15/2026 5:45:00 PM
JPM,3.91396017402103,2.8125,-1.10146017402103,7/15/2026 6:00:00 PM
JPM,2.10623598543236,2,-0.10623598543236,7/15/2026 6:15:00 PM
JPM,2.12014306988864,2,-0.120143069888642,7/15/2026 6:30:00 PM
JPM,5.79457400282321,4.8,-0.994574002823206,7/15/2026 6:45:00 PM
JPM,6.15518548194979,5,-1.15518548194979,7/15/2026 7:00:00 PM
JPM,5.70538011505769,5.71875,0.0133698849423149,7/15/2026 7:15:00 PM
JPM,9.1450215797663,7.90322580645161,-1.24179577331468,7/15/2026 7:30:00 PM
JPM,8.37409510804613,7.67857142857143,-0.695523679474698,7/15/2026 7:45:00 PM
JPM,6.17123927200844,6.92307692307692,0.751837651068488,7/15/2026 8:00:00 PM
JPM,5.42567138464361,7.4,1.97432861535639,7/15/2026 8:15:00 PM
JPM,5.13423125698276,7.375,2.24076874301724,7/15/2026 8:30:00 PM
JPM,5.02259717236988,6.77777777777778,1.7551806054079,7/15/2026 8:45:00 PM
JPM,4.74564321781992,3.91666666666667,-0.828976551153251,7/15/2026 9:00:00 PM
JPM,4.59364892356032,1.54545454545455,-3.04819437810577,7/15/2026 9:15:00 PM
JPM,4.54635458885369,5.65,1.10364541114631,7/15/2026 9:30:00 PM
JPM,9.0773875573743,7.82352941176471,-1.2538581456096,7/15/2026 9:45:00 PM
JPM,9.56300300413326,8.21212121212121,-1.35088179201205,7/15/2026 10:00:00 PM
JPM,10.0794092803451,9,-1.07940928034509,7/15/2026 10:15:00 PM
JPM,10.0303496908528,8.94736842105263,-1.08298126980012,7/15/2026 10:30:00 PM
JPM,9.58794289459672,8.19512195121951,-1.39282094337721,7/15/2026 10:45:00 PM
JPM,8.7836527063588,8.85714285714286,0.0734901507840551,7/15/2026 11:00:00 PM
JPM,9.67727708495894,8.875,-0.80227708495894,7/15/2026 11:15:00 PM
JPM,11.3240803538288,6.88461538461539,-4.43946496921342,7/15/2026 11:30:00 PM
JPM,11.290686334738,4.69230769230769,-6.59837864243029,7/15/2026 11:45:00 PM
JPM,11.7888468949445,4,-7.78884689494446,7/16/2026 12:00:00 AM
JPM,11.1461012993256,5.25862068965517,-5.88748060967041,7/16/2026 12:15:00 AM
JPM,11.0061226834785,8.74418604651163,-2.26193663696692,7/16/2026 12:30:00 AM
JPM,10.0675921621381,9,-1.06759216213809,7/16/2026 12:45:00 AM
JPM,10.0856730821214,8.66666666666667,-1.41900641545474,7/16/2026 1:00:00 AM
JPM,4.90879926080676,7.23333333333333,2.32453407252657,7/16/2026 1:15:00 AM
JPM,4.22123646283479,5.54285714285714,1.32162068002235,7/16/2026 1:30:00 AM
JPM,4.55311942529513,5.66314935064935,1.11002992535422,7/16/2026 1:45:00 AM
JPM,7.14146189868448,6.75,-0.391461898684476,7/16/2026 2:00:00 AM
JPM,9.11464086533628,8.60714285714286,-0.507498008193418,7/16/2026 2:15:00 AM
JPM,8.81274059758907,9,0.187259402410927,7/16/2026 2:30:00 AM
JPM,8.99969365610899,9,0.000306343891013583,7/16/2026 2:45:00 AM
JPM,8.95043291433584,8.22222222222222,-0.72821069211362,7/16/2026 3:00:00 AM
JPM,9.80510631840028,8.16770527859237,-1.6374010398079,7/16/2026 3:15:00 AM
JPM,9.57140457898489,8.04347826086956,-1.52792631811533,7/16/2026 3:30:00 AM
JPM,10.4436728669467,8.25206611570248,-2.19160675124425,7/16/2026 3:45:00 AM
JPM,12.4071229907241,9.45614035087719,-2.95098263984692,7/16/2026 4:00:00 AM
JPM,17.2711086199838,12.4848484848485,-4.78626013513528,7/16/2026 4:15:00 AM
JPM,18.3095607675839,12.8604651162791,-5.44909565130488,7/16/2026 4:30:00 AM
JPM,18.6892169805447,13.3333333333333,-5.35588364721135,7/16/2026 4:45:00 AM
JPM,20.542638876855,14.26205654102,-6.280582335835,7/16/2026 5:00:00 AM
JPM,17.6039726071092,14.0808712121212,-3.52310139498797,7/16/2026 5:15:00 AM
JPM,19.0777936755258,13.6842105263158,-5.39358314921001,7/16/2026 5:30:00 AM
JPM,18.156942763697,13,-5.15694276369701,7/16/2026 5:45:00 AM
MRM,20.5101429188067,25.3794389204545,4.86929600164783,7/15/2026 6:00:00 PM
MRM,24.2534267191556,24.3441558441558,0.0907291250002054,7/15/2026 6:15:00 PM
MRM,27.57622285753,22.2989130434783,-5.27730981405178,7/15/2026 6:30:00 PM
MRM,37.0013229611345,23.8718181818182,-13.1295047793163,7/15/2026 6:45:00 PM
MRM,31.8858657982792,24.7298295454545,-7.15603625282461,7/15/2026 7:00:00 PM
MRM,27.9270638318732,25.6408913352273,-2.28617249664592,7/15/2026 7:15:00 PM
MRM,21.1107881274662,24.4992668621701,3.38847873470387,7/15/2026 7:30:00 PM
MRM,32.3061788367549,23.1857751623377,-9.12040367441728,7/15/2026 7:45:00 PM
MRM,27.6363997683366,22.2184222027972,-5.4179775655394,7/15/2026 8:00:00 PM
MRM,28.2405056974488,18.0629261363636,-10.1775795610851,7/15/2026 8:15:00 PM
MRM,27.9316247503241,17.0596590909091,-10.871965659415,7/15/2026 8:30:00 PM
MRM,33.5517688920284,17.9346590909091,-15.6171098011193,7/15/2026 8:45:00 PM
MRM,34.3312165764377,17.2807765151515,-17.0504400612862,7/15/2026 9:00:00 PM
MRM,19.2524656540206,15.9312005928854,-3.32126506113525,7/15/2026 9:15:00 PM
MRM,31.3731172378965,15.6750247035573,-15.6980925343392,7/15/2026 9:30:00 PM
MRM,38.7283474357777,18.8527740641711,-19.8755733716066,7/15/2026 9:45:00 PM
MRM,46.9893885432559,23.2547348484848,-23.7346536947711,7/15/2026 10:00:00 PM
MRM,52.5268339051756,29.5325126262626,-22.994321278913,7/15/2026 10:15:00 PM
MRM,44.2789403992284,31.3132476076555,-12.9656927915729,7/15/2026 10:30:00 PM
MRM,46.0632120690962,33.4699972283814,-12.5932148407148,7/15/2026 10:45:00 PM
MRM,50.5458222888999,35.6554383116883,-14.8903839772116,7/15/2026 11:00:00 PM
MRM,48.7314294065974,38.4737215909091,-10.2577078156883,7/15/2026 11:15:00 PM
MRM,58.5108191220322,39.5880681818182,-18.922750940214,7/15/2026 11:30:00 PM
MRM,60.5901057929376,39.434222027972,-21.1558837649656,7/15/2026 11:45:00 PM
MRM,63.1814146926759,39.5191026645768,-23.6623120280991,7/16/2026 12:00:00 AM
MRM,53.1782165899313,42.4891261755486,-10.6890904143827,7/16/2026 12:15:00 AM
MRM,55.9068649553533,42.8948863636363,-13.0119785917169,7/16/2026 12:30:00 AM
MRM,54.2786208629685,42.5739688552189,-11.7046520077496,7/16/2026 12:45:00 AM
MRM,46.8133826791245,42.389880952381,-4.42350172674348,7/16/2026 1:00:00 AM
MRM,48.5713638776723,42.5482954545455,-6.02306842312684,7/16/2026 1:15:00 AM
MRM,49.6655672305291,42.5482954545455,-7.11727177598359,7/16/2026 1:30:00 AM
MRM,49.6874753927322,42.0006764069264,-7.68679898580574,7/16/2026 1:45:00 AM
MRM,59.0608742428472,42.4764610389611,-16.5844132038862,7/16/2026 2:00:00 AM
MRM,59.6232598107451,42.0454545454545,-17.5778052652906,7/16/2026 2:15:00 AM
MRM,50.6027452093143,42.0454545454545,-8.55729066385977,7/16/2026 2:30:00 AM
MRM,50.3828146126015,42.0454545454545,-8.33736006714692,7/16/2026 2:45:00 AM
MRM,58.8964494719788,41.2676767676768,-17.628772704302,7/16/2026 3:00:00 AM
MRM,45.8106147809914,36.5107221407625,-9.2998926402289,7/16/2026 3:15:00 AM
MRM,50.8913826259315,36.5455780632411,-14.3458045626904,7/16/2026 3:30:00 AM
MRM,57.3129284051529,37.1054579889807,-20.2074704161722,7/16/2026 3:45:00 AM
MRM,53.2504957500981,36.6125897129187,-16.6379060371794,7/16/2026 4:00:00 AM
MRM,55.87796519639,36.3011363636364,-19.5768288327536,7/16/2026 4:15:00 AM
MRM,57.6213072659119,39.0664640591966,-18.5548432067153,7/16/2026 4:30:00 AM
MRM,58.5330926484057,41.3920454545455,-17.1410471938602,7/16/2026 4:45:00 AM
MRM,55.5149315410466,39.5665188470067,-15.9484126940399,7/16/2026 5:00:00 AM
MRM,47.7679332208577,39.6931818181818,-8.07475140267591,7/16/2026 5:15:00 AM
MRM,48.4679226485901,38.9563397129187,-9.51158293567139,7/16/2026 5:30:00 AM
MRM,42.8077227420401,35.8265151515152,-6.9812075905249,7/16/2026 5:45:00 AM
JPM,13.5693372005452,13,-0.569337200545245,7/16/2026 6:00:00 AM
JPM,9.76120613474471,13,3.23879386525529,7/16/2026 6:15:00 AM
JPM,9.6209246111486,12.1153846153846,2.49446000423601,7/16/2026 6:30:00 AM
JPM,9.5474888513181,12,2.4525111486819,7/16/2026 6:45:00 AM
JPM,9.75836842680837,12,2.24163157319163,7/16/2026 7:00:00 AM
JPM,9.17177561956076,12,2.82822438043924,7/16/2026 7:15:00 AM
JPM,8.36955336328325,12,3.63044663671675,7/16/2026 7:30:00 AM
JPM,8.8389392525696,12,3.1610607474304,7/16/2026 7:45:00 AM
JPM,8.93896304446574,12,3.06103695553426,7/16/2026 8:00:00 AM
JPM,9.49385265133962,12.9090909090909,3.41523825775129,7/16/2026 8:15:00 AM
JPM,14.0442741123858,13,-1.04427411238581,7/16/2026 8:30:00 AM
JPM,14.8302462867138,13,-1.83024628671377,7/16/2026 8:45:00 AM
JPM,14.95969761382,14.5454545454545,-0.414243068365446,7/16/2026 9:00:00 AM
JPM,16.2164408042984,16,-0.216440804298387,7/16/2026 9:15:00 AM
JPM,16.3987522658461,16,-0.398752265846099,7/16/2026 9:30:00 AM
JPM,14.858375425194,16,1.14162457480599,7/16/2026 9:45:00 AM
JPM,14.9293068117892,16,1.07069318821084,7/16/2026 10:00:00 AM
JPM,14.8759056740246,16,1.12409432597543,7/16/2026 10:15:00 AM
JPM,15.544453254922,15.4705882352941,-0.0738650196278403,7/16/2026 10:30:00 AM
JPM,15.9603495936257,14.25,-1.7103495936257,7/16/2026 10:45:00 AM
JPM,15.5443125964466,14,-1.54431259644659,7/16/2026 11:00:00 AM
JPM,15.0177233638437,14.3529411764706,-0.664782187373142,7/16/2026 11:15:00 AM
JPM,15.1787866833146,15.3636363636364,0.184849680321767,7/16/2026 11:30:00 AM
JPM,13.7414330415038,16.6761363636364,2.93470332213252,7/16/2026 11:45:00 AM
JPM,10.3613094935898,13.3076923076923,2.94638281410252,7/16/2026 12:00:00 PM
JPM,10.2966453168233,13,2.70335468317669,7/16/2026 12:15:00 PM
JPM,10.3882058855861,13,2.61179411441389,7/16/2026 12:30:00 PM
JPM,10.6664237185349,13,2.33357628146507,7/16/2026 12:45:00 PM
JPM,11.6249630158562,13,1.37503698414384,7/16/2026 1:00:00 PM
JPM,11.2757873086256,13,1.72421269137445,7/16/2026 1:15:00 PM
JPM,11.0856205572856,13.625,2.53937944271441,7/16/2026 1:30:00 PM
JPM,13.6179543800733,14.8979855371901,1.28003115711683,7/16/2026 1:45:00 PM
JPM,13.8424857419267,15.0397727272727,1.19728698534607,7/16/2026 2:00:00 PM
JPM,12.817227348266,14.3465909090909,1.52936356082492,7/16/2026 2:15:00 PM
JPM,13.2281378791756,14,0.771862120824425,7/16/2026 2:30:00 PM
JPM,12.9222576352393,14.3199300699301,1.39767243469075,7/16/2026 2:45:00 PM
JPM,12.0727329136685,14,1.92726708633155,7/16/2026 3:00:00 PM
JPM,11.6433897659879,14,2.35661023401212,7/16/2026 3:15:00 PM
JPM,11.2024437750441,14,2.79755622495588,7/16/2026 3:30:00 PM
JPM,10.9687674283937,14,3.03123257160625,7/16/2026 3:45:00 PM
JPM,13.3877067924135,14,0.612293207586543,7/16/2026 4:00:00 PM
JPM,14.7565375936022,14.5,-0.256537593602232,7/16/2026 4:15:00 PM
JPM,15.1459205762783,15,-0.145920576278344,7/16/2026 4:30:00 PM
JPM,15.4056864885898,15.3262032085561,-0.0794832800336369,7/16/2026 4:45:00 PM
JPM,15.9550439001078,15,-0.955043900107798,7/16/2026 5:00:00 PM
JPM,16.5768694169867,13.9230769230769,-2.65379249390976,7/16/2026 5:15:00 PM
JPM,17.197930804327,13,-4.19793080432702,7/16/2026 5:30:00 PM
JPM,16.2240407777852,12.8888888888889,-3.33515188889636,7/16/2026 5:45:00 PM
MRM,51.2875764045767,36.6931818181818,-14.5943945863949,7/16/2026 6:00:00 AM
MRM,48.8309277535005,37.1862373737374,-11.6446903797631,7/16/2026 6:15:00 AM
MRM,47.2679486670341,35.8494318181818,-11.4185168488523,7/16/2026 6:30:00 AM
MRM,39.1949195797634,34.25,-4.94491957976339,7/16/2026 6:45:00 AM
MRM,44.2139979927352,34.4,-9.81399799273519,7/16/2026 7:00:00 AM
MRM,40.1105152336311,35.3346590909091,-4.775856142722,7/16/2026 7:15:00 AM
MRM,42.0924509728182,36,-6.09245097281816,7/16/2026 7:30:00 AM
MRM,40.5499918261559,36,-4.54999182615586,7/16/2026 7:45:00 AM
MRM,42.8369684967007,35.6363636363636,-7.20060486033707,7/16/2026 8:00:00 AM
MRM,42.4803640753835,35,-7.48036407538348,7/16/2026 8:15:00 AM
MRM,40.6777990972874,35,-5.67779909728743,7/16/2026 8:30:00 AM
MRM,48.0173826459571,35.1117424242424,-12.9056402217147,7/16/2026 8:45:00 AM
MRM,48.8603552023998,35,-13.8603552023998,7/16/2026 9:00:00 AM
MRM,50.3903179291589,37.8571428571429,-12.5331750720161,7/16/2026 9:15:00 AM
MRM,41.3877890235719,37,-4.38778902357193,7/16/2026 9:30:00 AM
MRM,51.1552650309261,37.345703125,-13.809561905926,7/16/2026 9:45:00 AM
MRM,45.6842216364021,37.0026223776224,-8.68159925877974,7/16/2026 10:00:00 AM
MRM,46.2736836470693,35.1538461538462,-11.1198374932232,7/16/2026 10:15:00 AM
MRM,46.9043117072358,35.9411764705882,-10.9631352366476,7/16/2026 10:30:00 AM
MRM,44.2748149136081,36.1,-8.17481491360812,7/16/2026 10:45:00 AM
MRM,44.3051779252372,37,-7.30517792523719,7/16/2026 11:00:00 AM
MRM,44.7606514220791,36.7058823529412,-8.05476906913793,7/16/2026 11:15:00 AM
MRM,38.33303079183,34.9090909090909,-3.42393988273914,7/16/2026 11:30:00 AM
MRM,36.2699435176589,34,-2.2699435176589,7/16/2026 11:45:00 AM
MRM,35.7954199545998,34.2307692307692,-1.56465072383056,7/16/2026 12:00:00 PM
MRM,37.144463318759,34.5833333333333,-2.56112998542571,7/16/2026 12:15:00 PM
MRM,37.968500277519,35.8,-2.16850027751899,7/16/2026 12:30:00 PM
MRM,43.3586082807472,33.15,-10.2086082807472,7/16/2026 12:45:00 PM
MRM,46.3040576565031,35.6153846153846,-10.6886730411185,7/16/2026 1:00:00 PM
MRM,40.0671827649487,34.375,-5.69218276494869,7/16/2026 1:15:00 PM
MRM,37.6349472479007,34,-3.63494724790073,7/16/2026 1:30:00 PM
MRM,34.9992729779908,34.4090909090909,-0.590182068899914,7/16/2026 1:45:00 PM
MRM,44.8886986716619,34.5789473684211,-10.3097513032409,7/16/2026 2:00:00 PM
MRM,48.0331242613881,35,-13.0331242613881,7/16/2026 2:15:00 PM
MRM,40.1855754008508,35.1117424242424,-5.07383297660836,7/16/2026 2:30:00 PM
MRM,36.2395630496032,34,-2.23956304960324,7/16/2026 2:45:00 PM
MRM,34.3638522762276,34,-0.363852276227611,7/16/2026 3:00:00 PM
MRM,31.3457907167854,32.7,1.35420928321464,7/16/2026 3:15:00 PM
MRM,36.4882700188252,34,-2.48827001882523,7/16/2026 3:30:00 PM
MRM,37.5654774305307,33.1538461538462,-4.41163127668451,7/16/2026 3:45:00 PM
MRM,38.9566080962296,33.4147727272727,-5.54183536895692,7/16/2026 4:00:00 PM
MRM,46.4655252889258,34.3465909090909,-12.1189343798349,7/16/2026 4:15:00 PM
MRM,39.9867554863341,34.3465909090909,-5.64016457724319,7/16/2026 4:30:00 PM
MRM,36.2518765878451,33.3960561497326,-2.85582043811247,7/16/2026 4:45:00 PM
MRM,37.7061596808998,33,-4.70615968089984,7/16/2026 5:00:00 PM
MRM,39.5293770591124,33.7692307692308,-5.76014628988164,7/16/2026 5:15:00 PM
MRM,48.0172145501658,34,-14.0172145501658,7/16/2026 5:30:00 PM
MRM,49.5072291431301,34.0943813131313,-15.4128478299988,7/16/2026 5:45:00 PM
JPM,15.8857632151955,13.05,-2.83576321519545,7/16/2026 6:00:00 PM
JPM,15.5894468226445,14.3465909090909,-1.24285591355358,7/16/2026 6:15:00 PM
JPM,15.4363818639145,13.0952380952381,-2.34114376867644,7/16/2026 6:30:00 PM
JPM,15.2051386903648,13.304347826087,-1.90079086427781,7/16/2026 6:45:00 PM
JPM,15.6491872386707,14,-1.64918723867066,7/16/2026 7:00:00 PM
JPM,12.0017210081686,13.6875,1.68577899183136,7/16/2026 7:15:00 PM
JPM,11.3953384163876,14,2.60466158361237,7/16/2026 7:30:00 PM
JPM,11.5366177119078,14,2.46338228809217,7/16/2026 7:45:00 PM
JPM,11.0859636582322,10.8333333333333,-0.252630324898883,7/16/2026 8:00:00 PM
JPM,10.9840356819503,10,-0.984035681950337,7/16/2026 8:15:00 PM
JPM,10.5519383627071,10,-0.551938362707057,7/16/2026 8:30:00 PM
JPM,10.2068505120981,10.3571428571429,0.150292345044782,7/16/2026 8:45:00 PM
JPM,9.90354256895781,10.6666666666667,0.763124097708857,7/16/2026 9:00:00 PM
JPM,10.006522309568,10,-0.00652230956795208,7/16/2026 9:15:00 PM
JPM,10.3715004507457,10,-0.371500450745708,7/16/2026 9:30:00 PM
JPM,9.81750090644934,10,0.182499093550655,7/16/2026 9:45:00 PM
JPM,10.1275163522431,10,-0.127516352243136,7/16/2026 10:00:00 PM
JPM,10.3738066027246,10,-0.373806602724573,7/16/2026 10:15:00 PM
JPM,9.5888772936876,10,0.411122706312398,7/16/2026 10:30:00 PM
JPM,10.2299061656219,11,0.770093834378082,7/16/2026 10:45:00 PM
JPM,10.0695713582098,11,0.930428641790179,7/16/2026 11:00:00 PM
JPM,9.74250117073281,11,1.25749882926719,7/16/2026 11:15:00 PM
JPM,10.1309288521147,11,0.869071147885313,7/16/2026 11:30:00 PM
JPM,10.0770946902388,12,1.92290530976116,7/16/2026 11:45:00 PM
JPM,9.95938455503663,12.952380952381,2.99299639734432,7/17/2026 12:00:00 AM
JPM,10.1877242655611,12.9565217391304,2.76879747356932,7/17/2026 12:15:00 AM
JPM,10.3185647900995,13,2.68143520990045,7/17/2026 12:30:00 AM
JPM,10.1899332829679,13,2.81006671703211,7/17/2026 12:45:00 AM
JPM,10.4732021448686,13,2.52679785513137,7/17/2026 1:00:00 AM
JPM,11.068401458261,12,0.93159854173901,7/17/2026 1:15:00 AM
JPM,10.7565314637085,12,1.24346853629151,7/17/2026 1:30:00 AM
JPM,11.0341080731784,12,0.965891926821577,7/17/2026 1:45:00 AM
JPM,10.8736302916782,12,1.12636970832178,7/17/2026 2:00:00 AM
JPM,10.7560312203018,12,1.24396877969818,7/17/2026 2:15:00 AM
JPM,9.94301684311992,11.9,1.95698315688008,7/17/2026 2:30:00 AM
JPM,8.19253346129591,10.8571428571429,2.66460939584695,7/17/2026 2:45:00 AM
JPM,9.93145292212187,11,1.06854707787813,7/17/2026 3:00:00 AM
JPM,10.108225746987,11.4761904761905,1.36796472920349,7/17/2026 3:15:00 AM
JPM,10.1173287420264,12.4210526315789,2.3037238895525,7/17/2026 3:30:00 AM
JPM,14.0048233261448,12.9090909090909,-1.09573241705386,7/17/2026 3:45:00 AM
JPM,15.1922073957943,13.7,-1.49220739579429,7/17/2026 4:00:00 AM
JPM,15.1382864967021,13,-2.13828649670208,7/17/2026 4:15:00 AM
JPM,15.8943675848779,13,-2.89436758487792,7/17/2026 4:30:00 AM
JPM,16.4727742575855,12.8571428571429,-3.61563140044262,7/17/2026 4:45:00 AM
JPM,18.2617084552587,12,-6.2617084552587,7/17/2026 5:00:00 AM
JPM,20.3719111990889,12,-8.37191119908889,7/17/2026 5:15:00 AM
JPM,19.7433394667943,12,-7.74333946679427,7/17/2026 5:30:00 AM
JPM,18.272909654234,12,-6.272909654234,7/17/2026 5:45:00 AM
MRM,42.7839490543308,34.0039772727273,-8.77997178160356,7/16/2026 6:00:00 PM
MRM,39.032378696198,34.5833333333333,-4.44904536286467,7/16/2026 6:15:00 PM
MRM,51.0377141148258,35.3809523809524,-15.6567617338734,7/16/2026 6:30:00 PM
MRM,53.6900884863467,35.7826086956522,-17.9074797906946,7/16/2026 6:45:00 PM
MRM,52.624410188945,35,-17.624410188945,7/16/2026 7:00:00 PM
MRM,52.0133264354144,34.875,-17.1383264354144,7/16/2026 7:15:00 PM
MRM,49.432568651116,35.2708333333333,-14.1617353177827,7/16/2026 7:30:00 PM
MRM,63.391129056858,35.3863636363636,-28.0047654204944,7/16/2026 7:45:00 PM
MRM,50.6825402055303,34.6931818181818,-15.9893583873485,7/16/2026 8:00:00 PM
MRM,45.653723015015,34,-11.653723015015,7/16/2026 8:15:00 PM
MRM,41.3230954401593,34.0577651515151,-7.26533028864419,7/16/2026 8:30:00 PM
MRM,43.3653843736597,35.3863636363636,-7.97902073729603,7/16/2026 8:45:00 PM
MRM,51.0876793136433,35.3863636363636,-15.7013156772797,7/16/2026 9:00:00 PM
MRM,38.2157209214822,36.2954545454545,-1.92026637602768,7/16/2026 9:15:00 PM
MRM,42.6255827031293,36.3863636363636,-6.23921906676566,7/16/2026 9:30:00 PM
MRM,38.5275735380444,36.3863636363636,-2.14120990168078,7/16/2026 9:45:00 PM
MRM,47.662411666885,36.8547585227273,-10.8076531441578,7/16/2026 10:00:00 PM
MRM,48.9652385609721,37.0397727272727,-11.9254658336994,7/16/2026 10:15:00 PM
MRM,44.0556168200631,36.6469155844156,-7.40870123564753,7/16/2026 10:30:00 PM
MRM,50.2515482030866,36.0397727272727,-14.2117754758138,7/16/2026 10:45:00 PM
MRM,43.3354757170441,36.6647727272727,-6.6707029897714,7/16/2026 11:00:00 PM
MRM,39.5151688149134,36.6761363636364,-2.83903245127704,7/16/2026 11:15:00 PM
MRM,40.4544708518986,36.3731060606061,-4.08136479129254,7/16/2026 11:30:00 PM
MRM,39.9449881421539,36.7272727272727,-3.21771541488115,7/16/2026 11:45:00 PM
MRM,41.661455181613,37.2264610389611,-4.43499414265194,7/17/2026 12:00:00 AM
MRM,42.5452105812683,37.2764328063241,-5.26877777494423,7/17/2026 12:15:00 AM
MRM,42.8404587596815,37.8579545454546,-4.98250421422699,7/17/2026 12:30:00 AM
MRM,39.6681667722251,37.0397727272727,-2.6283940449524,7/17/2026 12:45:00 AM
MRM,38.5296901069037,36.0397727272727,-2.48991737963096,7/17/2026 1:00:00 AM
MRM,39.0699452588709,35.9488636363636,-3.12108162250721,7/17/2026 1:15:00 AM
MRM,40.9533258456339,37.2064393939394,-3.74688645169454,7/17/2026 1:30:00 AM
MRM,42.6782876509998,38.9147727272727,-3.76351492372712,7/17/2026 1:45:00 AM
MRM,43.2845285550088,38.0397727272727,-5.24475582773606,7/17/2026 2:00:00 AM
MRM,46.3633106969022,38.0397727272727,-8.32353796962944,7/17/2026 2:15:00 AM
MRM,45.7206922469156,38.0397727272727,-7.68091951964288,7/17/2026 2:30:00 AM
MRM,47.3956883342813,37.0397727272727,-10.3559156070086,7/17/2026 2:45:00 AM
MRM,31.6631501484431,36.8602272727273,5.19707712428413,7/17/2026 3:00:00 AM
MRM,39.4136807314002,36.9312770562771,-2.48240367512309,7/17/2026 3:15:00 AM
MRM,45.5206511374812,37.2721291866029,-8.24852195087826,7/17/2026 3:30:00 AM
MRM,45.007767268135,37.6931818181818,-7.31458544995312,7/17/2026 3:45:00 AM
MRM,45.2858395954062,37.6931818181818,-7.59265777722442,7/17/2026 4:00:00 AM
MRM,44.3625531444282,37.6931818181818,-6.66937132624633,7/17/2026 4:15:00 AM
MRM,54.3528161766719,37.6931818181818,-16.6596343584901,7/17/2026 4:30:00 AM
MRM,42.9977479856983,38.1217532467533,-4.87599473894505,7/17/2026 4:45:00 AM
MRM,45.4065397960668,38.6931818181818,-6.713357977885,7/17/2026 5:00:00 AM
MRM,43.8678717552563,39.1598484848485,-4.70802327040782,7/17/2026 5:15:00 AM
MRM,51.9386532940316,39.0866477272727,-12.8520055667588,7/17/2026 5:30:00 AM
MRM,54.6635121711863,38.3125,-16.3510121711863,7/17/2026 5:45:00 AM
JPM,18.2942337269346,12,-6.2942337269346,7/17/2026 6:00:00 AM
JPM,18.5564170043218,11.3333333333333,-7.22308367098848,7/17/2026 6:15:00 AM
JPM,18.5135795823121,11,-7.51357958231212,7/17/2026 6:30:00 AM
JPM,18.1174927626164,11.4736842105263,-6.64380855209011,7/17/2026 6:45:00 AM
JPM,18.0667345438711,12.5386363636364,-5.52809818023479,7/17/2026 7:00:00 AM
JPM,17.5448773489807,12.2533143939394,-5.29156295504127,7/17/2026 7:15:00 AM
JPM,20.0881002337573,12.8977272727273,-7.19037296102998,7/17/2026 7:30:00 AM
JPM,18.0585669610611,12.5710227272727,-5.48754423378837,7/17/2026 7:45:00 AM
JPM,19.7677805232685,12.5113636363636,-7.2564168869049,7/17/2026 8:00:00 AM
JPM,20.0549655159427,12.2931818181818,-7.76178369776088,7/17/2026 8:15:00 AM
JPM,21.7685502629926,11.6931818181818,-10.0753684448108,7/17/2026 8:30:00 AM
JPM,26.9661384247068,11.6931818181818,-15.272956606525,7/17/2026 8:45:00 AM
JPM,28.9926504862224,11.6931818181818,-17.2994686680406,7/17/2026 9:00:00 AM
JPM,29.3544856665523,12.4931818181818,-16.8613038483705,7/17/2026 9:15:00 AM
JPM,25.2863508164112,12.4431818181818,-12.8431689982294,7/17/2026 9:30:00 AM
JPM,23.7306318479369,12.2238636363636,-11.5067682115733,7/17/2026 9:45:00 AM
JPM,13.1060455606204,12,-1.10604556062039,7/17/2026 10:00:00 AM
JPM,13.2320008162976,12,-1.23200081629755,7/17/2026 10:15:00 AM
JPM,12.7948717251159,12.2166193181818,-0.578252406934048,7/17/2026 10:30:00 AM
JPM,12.2112559957664,13.0643939393939,0.853137943627551,7/17/2026 10:45:00 AM
JPM,12.3174718531954,14,1.68252814680456,7/17/2026 11:00:00 AM
JPM,16.8583653116064,13.8987299465241,-2.95963536508239,7/17/2026 11:15:00 AM
JPM,16.7019685341385,13.7840909090909,-2.91787762504755,7/17/2026 11:30:00 AM
JPM,16.674427249116,13.3465909090909,-3.32783634002505,7/17/2026 11:45:00 AM
JPM,15.9008749493431,12.4742822966507,-3.42659265269237,7/17/2026 12:00:00 PM
JPM,11.2383378597228,12,0.761662140277242,7/17/2026 12:15:00 PM
JPM,10.7389707840069,11.2777777777778,0.538806993770905,7/17/2026 12:30:00 PM
JPM,16.2197102505114,11.8991477272727,-4.32056252323864,7/17/2026 12:45:00 PM
JPM,16.2386765224899,12,-4.23867652248986,7/17/2026 1:00:00 PM
JPM,15.3987267679504,12,-3.39872676795041,7/17/2026 1:15:00 PM
JPM,13.5441958471681,11.3333333333333,-2.21086251383481,7/17/2026 1:30:00 PM
JPM,9.64956843752622,12.2854278074866,2.63585936996041,7/17/2026 1:45:00 PM
JPM,9.09024751446305,12,2.90975248553695,7/17/2026 2:00:00 PM
JPM,12.5661659367662,12.1333333333333,-0.432832603432848,7/17/2026 2:15:00 PM
JPM,16.7855721774583,13.8719696969697,-2.91360248048856,7/17/2026 2:30:00 PM
JPM,15.7379637414446,14.3,-1.43796374144463,7/17/2026 2:45:00 PM
JPM,16.4050196101806,15,-1.40501961018058,7/17/2026 3:00:00 PM
JPM,16.3585282661204,15,-1.35852826612036,7/17/2026 3:15:00 PM
JPM,16.0291357222593,15,-1.02913572225931,7/17/2026 3:30:00 PM
JPM,16.437843634777,15,-1.437843634777,7/17/2026 3:45:00 PM
JPM,16.2439869163937,14,-2.24398691639371,7/17/2026 4:00:00 PM
JPM,16.2444516324208,13,-3.24445163242083,7/17/2026 4:15:00 PM
JPM,18.7631860450048,12,-6.76318604500482,7/17/2026 4:30:00 PM
JPM,19.1486237128176,10.7632575757576,-8.38536613706001,7/17/2026 4:45:00 PM
JPM,19.7065905881606,11.3465909090909,-8.35999967906965,7/17/2026 5:00:00 PM
JPM,20.3992949809478,11.3465909090909,-9.05270407185692,7/17/2026 5:15:00 PM
JPM,21.5923343404494,11.1039772727273,-10.4883570677221,7/17/2026 5:30:00 PM
JPM,20.9712751972016,10.8897727272727,-10.0815024699289,7/17/2026 5:45:00 PM
MRM,43.9251806046035,35.3181818181818,-8.60699878642168,7/17/2026 6:00:00 AM
MRM,56.8847013892422,34.0833333333333,-22.8013680559088,7/17/2026 6:15:00 AM
MRM,57.2375336926052,33.9333333333333,-23.3042003592719,7/17/2026 6:30:00 AM
MRM,47.9803352823392,31.8947368421053,-16.085598440234,7/17/2026 6:45:00 AM
MRM,40.3627237125532,30,-10.3627237125532,7/17/2026 7:00:00 AM
MRM,38.6281965503467,31,-7.62819655034672,7/17/2026 7:15:00 AM
MRM,37.1831642639879,31,-6.18316426398792,7/17/2026 7:30:00 AM
MRM,40.5300738348003,31,-9.53007383480033,7/17/2026 7:45:00 AM
MRM,36.442666058642,31,-5.44266605864205,7/17/2026 8:00:00 AM
MRM,37.0083828562046,31,-6.00838285620465,7/17/2026 8:15:00 AM
MRM,35.5941151071853,31.4444444444444,-4.1496706627409,7/17/2026 8:30:00 AM
MRM,35.0673520470424,31.8888888888889,-3.17846315815352,7/17/2026 8:45:00 AM
MRM,37.453941354935,33.8181818181818,-3.63575953675316,7/17/2026 9:00:00 AM
MRM,41.5907398466894,36.4,-5.19073984668944,7/17/2026 9:15:00 AM
MRM,43.1446600171561,36,-7.14466001715611,7/17/2026 9:30:00 AM
MRM,45.5796678887211,35.8,-9.7796678887211,7/17/2026 9:45:00 AM
MRM,47.8464319784425,36,-11.8464319784425,7/17/2026 10:00:00 AM
MRM,44.2081234786609,35.8051948051948,-8.40292867346611,7/17/2026 10:15:00 AM
MRM,42.3229833710318,35.4776278409091,-6.84535553012275,7/17/2026 10:30:00 AM
MRM,40.8453991830105,35,-5.84539918301052,7/17/2026 10:45:00 AM
MRM,46.1206360119861,35,-11.1206360119861,7/17/2026 11:00:00 AM
MRM,43.1444491984242,35.1019385026738,-8.04251069575044,7/17/2026 11:15:00 AM
MRM,38.6310952169029,34.1875,-4.44359521690287,7/17/2026 11:30:00 AM
MRM,36.2003450594009,33,-3.20034505940086,7/17/2026 11:45:00 AM
MRM,34.8094753793739,33.0364832535885,-1.77299212578534,7/17/2026 12:00:00 PM
MRM,35.012429412641,31.9,-3.11242941264097,7/17/2026 12:15:00 PM
MRM,40.2142932655539,32.6111111111111,-7.60318215444277,7/17/2026 12:30:00 PM
MRM,42.5527928880006,32.9375,-9.61529288800058,7/17/2026 12:45:00 PM
MRM,39.7534481566746,33,-6.75344815667455,7/17/2026 1:00:00 PM
MRM,41.1738148852231,31.75,-9.42381488522309,7/17/2026 1:15:00 PM
MRM,43.2863867661946,30,-13.2863867661946,7/17/2026 1:30:00 PM
MRM,38.6252919864537,30.1176470588235,-8.5076449276302,7/17/2026 1:45:00 PM
MRM,42.1702932091308,30.5294117647059,-11.6408814444249,7/17/2026 2:00:00 PM
MRM,41.9557112047354,30,-11.9557112047354,7/17/2026 2:15:00 PM
MRM,45.1970215054882,30,-15.1970215054882,7/17/2026 2:30:00 PM
MRM,32.7319875554813,30.2,-2.53198755548135,7/17/2026 2:45:00 PM
MRM,33.6394986600019,30.1666666666667,-3.47283199333523,7/17/2026 3:00:00 PM
MRM,36.2825747656283,31,-5.28257476562825,7/17/2026 3:15:00 PM
MRM,34.0536102435131,30.6666666666667,-3.38694357684641,7/17/2026 3:30:00 PM
MRM,34.6093741276776,30.5294117647059,-4.07996236297172,7/17/2026 3:45:00 PM
MRM,36.0394592057699,30,-6.03945920576985,7/17/2026 4:00:00 PM
MRM,38.9517540668184,30.6,-8.35175406681843,7/17/2026 4:15:00 PM
MRM,37.7929280703052,31.875,-5.91792807030516,7/17/2026 4:30:00 PM
MRM,43.6443552085182,32.25,-11.3943552085182,7/17/2026 4:45:00 PM
MRM,39.5906130551519,33.0555555555556,-6.53505749959635,7/17/2026 5:00:00 PM
MRM,30.1124579071077,34.6428571428571,4.53039923574946,7/17/2026 5:15:00 PM
MRM,24.1172755434401,33.6333333333333,9.51605778989322,7/17/2026 5:30:00 PM
MRM,23.7239908743027,28.2,4.47600912569734,7/17/2026 5:45:00 PM
JPM,22.4364405372345,11.457702020202,-10.9787385170325,7/17/2026 6:00:00 PM
JPM,21.7459603145318,12.4182993730408,-9.32766094149109,7/17/2026 6:15:00 PM
JPM,22.0931958629051,12.5198863636364,-9.57330949926872,7/17/2026 6:30:00 PM
JPM,21.4942203779365,11.8235294117647,-9.67069096617177,7/17/2026 6:45:00 PM
JPM,18.4035876408502,11,-7.40358764085016,7/17/2026 7:00:00 PM
JPM,19.3569967822458,12.1818181818182,-7.17517860042757,7/17/2026 7:15:00 PM
JPM,20.6109327611101,13,-7.61093276111014,7/17/2026 7:30:00 PM
JPM,21.1601865656134,13,-8.16018656561342,7/17/2026 7:45:00 PM
JPM,17.9627136745548,13.6875,-4.27521367455484,7/17/2026 8:00:00 PM
JPM,15.8616351187081,14.3684210526316,-1.49321406607649,7/17/2026 8:15:00 PM
JPM,18.1819466601444,15,-3.18194666014437,7/17/2026 8:30:00 PM
JPM,16.7797359121983,15.3713474025974,-1.40838850960091,7/17/2026 8:45:00 PM
JPM,15.7972329247607,15.3465909090909,-0.45064201566978,7/17/2026 9:00:00 PM
JPM,13.1111939945995,15.3199300699301,2.20873607533053,7/17/2026 9:15:00 PM
JPM,12.8895411118824,15,2.11045888811758,7/17/2026 9:30:00 PM
JPM,13.2486449967314,15,1.75135500326864,7/17/2026 9:45:00 PM
JPM,16.2422263263125,15,-1.24222632631246,7/17/2026 10:00:00 PM
JPM,18.9487507567416,15,-3.94875075674158,7/17/2026 10:15:00 PM
JPM,19.3076469308207,15,-4.30764693082071,7/17/2026 10:30:00 PM
JPM,18.4100346610369,15,-3.41003466103691,7/17/2026 10:45:00 PM
JPM,19.050335631817,15,-4.050335631817,7/17/2026 11:00:00 PM
JPM,18.1606461209709,15,-3.16064612097091,7/17/2026 11:15:00 PM
JPM,16.6849504620119,15,-1.68495046201193,7/17/2026 11:30:00 PM
JPM,15.2244786371854,15,-0.224478637185447,7/17/2026 11:45:00 PM
JPM,12.1819376556283,14.2307692307692,2.04883157514098,7/18/2026 12:00:00 AM
JPM,13.2474220044983,14.6666666666667,1.41924466216835,7/18/2026 12:15:00 AM
JPM,13.9309560919641,15.3465909090909,1.41563481712684,7/18/2026 12:30:00 AM
JPM,14.1115260613165,15.0315082644628,0.919982203146294,7/18/2026 12:45:00 AM
JPM,15.7474001542252,15,-0.747400154225158,7/18/2026 1:00:00 AM
JPM,17.4350612488118,15,-2.43506124881178,7/18/2026 1:15:00 AM
JPM,18.5837205164259,15,-3.58372051642595,7/18/2026 1:30:00 AM
JPM,18.4178058300216,15,-3.41780583002155,7/18/2026 1:45:00 AM
JPM,17.7692353614635,15,-2.7692353614635,7/18/2026 2:00:00 AM
JPM,19.518726940012,15,-4.51872694001196,7/18/2026 2:15:00 AM
JPM,20.0806319207683,15,-5.08063192076831,7/18/2026 2:30:00 AM
JPM,20.3953557138368,15,-5.39535571383681,7/18/2026 2:45:00 AM
JPM,18.7926494029377,15,-3.79264940293766,7/18/2026 3:00:00 AM
JPM,20.1651738968325,15,-5.16517389683247,7/18/2026 3:15:00 AM
JPM,20.0373261697574,15,-5.03732616975736,7/18/2026 3:30:00 AM
JPM,20.7534824733536,15,-5.75348247335365,7/18/2026 3:45:00 AM
JPM,18.4202657898973,15,-3.42026578989732,7/18/2026 4:00:00 AM
JPM,17.3951625428505,15,-2.39516254285048,7/18/2026 4:15:00 AM
JPM,16.7547107520364,15,-1.75471075203645,7/18/2026 4:30:00 AM
JPM,16.7336878944883,13.3333333333333,-3.40035456115499,7/18/2026 4:45:00 AM
JPM,17.5662836620303,13,-4.56628366203027,7/18/2026 5:00:00 AM
JPM,18.448654290708,13,-5.448654290708,7/18/2026 5:15:00 AM
JPM,18.5296431274711,13.5113636363636,-5.01827949110749,7/18/2026 5:30:00 AM
JPM,17.7386117877216,12.7733253588517,-4.96528642886997,7/18/2026 5:45:00 AM
MRM,44.2405797242595,20.5555555555556,-23.685024168704,7/17/2026 6:00:00 PM
MRM,40.8565211467137,26.1724137931034,-14.6841073536102,7/17/2026 6:15:00 PM
MRM,37.1817374800959,30.5179195804196,-6.66381789967629,7/17/2026 6:30:00 PM
MRM,35.3501102684371,31.2289438502674,-4.12116641816968,7/17/2026 6:45:00 PM
MRM,30.2078775894578,31.1523268398268,0.944449250369058,7/17/2026 7:00:00 PM
MRM,34.27158253199,33,-1.27158253199001,7/17/2026 7:15:00 PM
MRM,38.0763672977946,34.0833333333333,-3.99303396446123,7/17/2026 7:30:00 PM
MRM,40.82752284962,35.9230769230769,-4.90444592654308,7/17/2026 7:45:00 PM
MRM,41.7980839496955,34.9375,-6.86058394969551,7/17/2026 8:00:00 PM
MRM,43.7961740451016,34.9473684210526,-8.84880562404898,7/17/2026 8:15:00 PM
MRM,37.5886868329189,32.25,-5.33868683291887,7/17/2026 8:30:00 PM
MRM,37.4079763937276,32,-5.40797639372762,7/17/2026 8:45:00 PM
MRM,40.4078590245993,33.4,-7.00785902459929,7/17/2026 9:00:00 PM
MRM,47.5657796226235,34,-13.5657796226235,7/17/2026 9:15:00 PM
MRM,44.1806923248005,34,-10.1806923248005,7/17/2026 9:30:00 PM
MRM,36.3139757345615,33.5714285714286,-2.74254716313295,7/17/2026 9:45:00 PM
MRM,36.9105826172089,33.125,-3.78558261720885,7/17/2026 10:00:00 PM
MRM,39.8277237462146,34.875,-4.95272374621458,7/17/2026 10:15:00 PM
MRM,41.3103472940317,35.3529411764706,-5.95740611756116,7/17/2026 10:30:00 PM
MRM,50.3001775072874,35.8823529411765,-14.4178245661109,7/17/2026 10:45:00 PM
MRM,54.1494005710951,35.2,-18.9494005710951,7/17/2026 11:00:00 PM
MRM,53.7495786928225,36,-17.7495786928225,7/17/2026 11:15:00 PM
MRM,51.9979560980924,36.1848484848485,-15.8131076132439,7/17/2026 11:30:00 PM
MRM,54.314911265597,36.1155303030303,-18.1993809625667,7/17/2026 11:45:00 PM
MRM,36.8127220509888,36,-0.812722050988832,7/18/2026 12:00:00 AM
MRM,38.9968512147075,36,-2.99685121470753,7/18/2026 12:15:00 AM
MRM,36.2991790356465,36,-0.29917903564651,7/18/2026 12:30:00 AM
MRM,37.0252351897661,35.3636363636364,-1.66159882612978,7/18/2026 12:45:00 AM
MRM,43.9003511328074,35.5833806818182,-8.31697045098917,7/18/2026 1:00:00 AM
MRM,46.8820203698193,36,-10.8820203698193,7/18/2026 1:15:00 AM
MRM,49.9028674850098,36,-13.9028674850098,7/18/2026 1:30:00 AM
MRM,51.0150811693719,36,-15.0150811693719,7/18/2026 1:45:00 AM
MRM,57.622148614334,36,-21.622148614334,7/18/2026 2:00:00 AM
MRM,56.4983671625138,36,-20.4983671625138,7/18/2026 2:15:00 AM
MRM,54.4701264242122,36,-18.4701264242122,7/18/2026 2:30:00 AM
MRM,54.3367349998771,36,-18.3367349998771,7/18/2026 2:45:00 AM
MRM,55.1450000752806,36.5,-18.6450000752806,7/18/2026 3:00:00 AM
MRM,58.8367180882359,36,-22.8367180882359,7/18/2026 3:15:00 AM
MRM,58.7635762141591,36,-22.7635762141591,7/18/2026 3:30:00 AM
MRM,54.3813826582768,35.95,-18.4313826582768,7/18/2026 3:45:00 AM
MRM,66.5699674934697,37,-29.5699674934697,7/18/2026 4:00:00 AM
MRM,65.7467556081428,37,-28.7467556081428,7/18/2026 4:15:00 AM
MRM,66.3403587296286,37,-29.3403587296286,7/18/2026 4:30:00 AM
MRM,59.6463718336935,37,-22.6463718336935,7/18/2026 4:45:00 AM
MRM,62.7004312250113,37,-25.7004312250113,7/18/2026 5:00:00 AM
MRM,63.133910147686,37,-26.133910147686,7/18/2026 5:15:00 AM
MRM,59.0743412117132,36.3529411764706,-22.7214000352426,7/18/2026 5:30:00 AM
MRM,51.0772570073379,35.4736842105263,-15.6035727968116,7/18/2026 5:45:00 AM
JPM,17.729760652028,12,-5.72976065202799,7/18/2026 6:00:00 AM
JPM,19.8357695250652,13.1471861471861,-6.68858337787904,7/18/2026 6:15:00 AM
JPM,19.1233852406953,13.148538961039,-5.97484627965636,7/18/2026 6:30:00 AM
JPM,18.951748900157,13,-5.95174890015699,7/18/2026 6:45:00 AM
JPM,17.4259604067207,13,-4.42596040672068,7/18/2026 7:00:00 AM
JPM,16.9303467451919,13,-3.93034674519194,7/18/2026 7:15:00 AM
JPM,16.7577177581021,13,-3.75771775810207,7/18/2026 7:30:00 AM
JPM,16.523600105886,13,-3.52360010588605,7/18/2026 7:45:00 AM
JPM,16.5738338518274,13,-3.57383385182743,7/18/2026 8:00:00 AM
JPM,12.87685387945,13.6,0.723146120549998,7/18/2026 8:15:00 AM
JPM,10.1697371438077,12.5714285714286,2.4016914276209,7/18/2026 8:30:00 AM
JPM,8.85271437132075,11.875,3.02228562867925,7/18/2026 8:45:00 AM
JPM,11.9738185599522,11.9,-0.0738185599522101,7/18/2026 9:00:00 AM
JPM,13.8297118238316,13.4210526315789,-0.408659192252694,7/18/2026 9:15:00 AM
JPM,19.5618838893842,15,-4.56188388938423,7/18/2026 9:30:00 AM
JPM,19.0621396551505,15,-4.0621396551505,7/18/2026 9:45:00 AM
JPM,19.2441554746903,15,-4.2441554746903,7/18/2026 10:00:00 AM
JPM,19.6735907367313,15,-4.67359073673128,7/18/2026 10:15:00 AM
JPM,17.6407170345305,15,-2.64071703453049,7/18/2026 10:30:00 AM
JPM,16.4159985555752,15,-1.41599855557523,7/18/2026 10:45:00 AM
JPM,16.9830328954875,15.0577651515152,-1.9252677439723,7/18/2026 11:00:00 AM
JPM,22.3496430525861,15.6931818181818,-6.65646123440426,7/18/2026 11:15:00 AM
JPM,22.0462324739162,15.6931818181818,-6.35305065573436,7/18/2026 11:30:00 AM
JPM,22.7306650269056,15.6931818181818,-7.03748320872375,7/18/2026 11:45:00 AM
JPM,20.1593733000896,15.6931818181818,-4.46619148190782,7/18/2026 12:00:00 PM
JPM,20.645201766324,15.6931818181818,-4.95201994814215,7/18/2026 12:15:00 PM
JPM,22.8036328868633,15.6931818181818,-7.11045106868147,7/18/2026 12:30:00 PM
JPM,21.5523664269746,15.6931818181818,-5.85918460879278,7/18/2026 12:45:00 PM
JPM,19.3264260425556,15.6931818181818,-3.63324422437383,7/18/2026 1:00:00 PM
JPM,19.6375299836044,15.6931818181818,-3.94434816542254,7/18/2026 1:15:00 PM
JPM,20.0841848903625,15.5290071770335,-4.55517771332896,7/18/2026 1:30:00 PM
JPM,19.0555594152004,15.1890495867769,-3.86650982842358,7/18/2026 1:45:00 PM
JPM,19.9668312071936,15,-4.96683120719356,7/18/2026 2:00:00 PM
JPM,20.4152423833362,15,-5.41524238333623,7/18/2026 2:15:00 PM
JPM,20.5034206945102,15,-5.50342069451021,7/18/2026 2:30:00 PM
JPM,20.2197796365556,15,-5.21977963655556,7/18/2026 2:45:00 PM
JPM,20.8999937151992,15,-5.89999371519921,7/18/2026 3:00:00 PM
JPM,17.0090082185745,14.95,-2.05900821857453,7/18/2026 3:15:00 PM
JPM,18.2728067561694,15,-3.27280675616944,7/18/2026 3:30:00 PM
JPM,17.3860749730038,14.3684210526316,-3.01765392037226,7/18/2026 3:45:00 PM
JPM,16.8597840019256,13.1538461538462,-3.70593784807949,7/18/2026 4:00:00 PM
JPM,17.4713817661788,11.3333333333333,-6.13804843284549,7/18/2026 4:15:00 PM
JPM,17.9748614725266,11.9940025252525,-5.98085894727408,7/18/2026 4:30:00 PM
JPM,17.3264284309087,11.457702020202,-5.86872641070664,7/18/2026 4:45:00 PM
JPM,16.4490567525986,12.1111111111111,-4.33794564148751,7/18/2026 5:00:00 PM
JPM,12.3659942914219,12.5,0.134005708578055,7/18/2026 5:15:00 PM
JPM,13.3073828188211,12.625,-0.682382818821132,7/18/2026 5:30:00 PM
JPM,13.2380905071837,14,0.761909492816333,7/18/2026 5:45:00 PM
MRM,45.4943179924909,34.1666666666667,-11.3276513258243,7/18/2026 6:00:00 AM
MRM,40.7865674108395,34.5714285714286,-6.21513883941093,7/18/2026 6:15:00 AM
MRM,44.4326549772605,33.0247564935065,-11.407898483754,7/18/2026 6:30:00 AM
MRM,47.3859222179012,34.4533279220779,-12.9325942958232,7/18/2026 6:45:00 AM
MRM,45.3126514774736,35,-10.3126514774736,7/18/2026 7:00:00 AM
MRM,48.3206192710942,35,-13.3206192710942,7/18/2026 7:15:00 AM
MRM,47.930303923482,35,-12.930303923482,7/18/2026 7:30:00 AM
MRM,47.0704362723501,35,-12.0704362723501,7/18/2026 7:45:00 AM
MRM,48.5011337338838,33.3846153846154,-15.1165183492685,7/18/2026 8:00:00 AM
MRM,47.0921128043565,31.7333333333333,-15.3587794710232,7/18/2026 8:15:00 AM
MRM,47.9514188531428,31.7142857142857,-16.237133138857,7/18/2026 8:30:00 AM
MRM,44.2533688391489,31.75,-12.5033688391489,7/18/2026 8:45:00 AM
MRM,45.0515299030889,32,-13.0515299030889,7/18/2026 9:00:00 AM
MRM,41.2627146256839,30,-11.2627146256839,7/18/2026 9:15:00 AM
MRM,33.2794373313007,28.9166666666667,-4.36277066463402,7/18/2026 9:30:00 AM
MRM,33.8468178356107,29,-4.84681783561069,7/18/2026 9:45:00 AM
MRM,45.3533492642798,29,-16.3533492642798,7/18/2026 10:00:00 AM
MRM,47.920708142907,29,-18.920708142907,7/18/2026 10:15:00 AM
MRM,37.7094417939085,29.4,-8.30944179390852,7/18/2026 10:30:00 AM
MRM,35.7270675616595,30.1666666666667,-5.56040089499279,7/18/2026 10:45:00 AM
MRM,39.2425281524943,31.5833333333333,-7.65919481916098,7/18/2026 11:00:00 AM
MRM,45.5661488449696,33.5,-12.0661488449696,7/18/2026 11:15:00 AM
MRM,47.7959406599191,35,-12.7959406599191,7/18/2026 11:30:00 AM
MRM,41.6708045542091,35,-6.67080455420906,7/18/2026 11:45:00 AM
MRM,40.5996234219593,34.7619047619048,-5.83771866005449,7/18/2026 12:00:00 PM
MRM,41.912115079896,34,-7.91211507989598,7/18/2026 12:15:00 PM
MRM,38.4741565886681,33.6111111111111,-4.86304547755703,7/18/2026 12:30:00 PM
MRM,38.0053341487381,34,-4.00533414873807,7/18/2026 12:45:00 PM
MRM,35.9924586118725,34,-1.9924586118725,7/18/2026 1:00:00 PM
MRM,36.2045443181939,34,-2.2045443181939,7/18/2026 1:15:00 PM
MRM,36.2669994021843,34,-2.26699940218431,7/18/2026 1:30:00 PM
MRM,35.2022391292802,33.9090909090909,-1.29314822018929,7/18/2026 1:45:00 PM
MRM,39.7625123376102,34.6931818181818,-5.06933051942834,7/18/2026 2:00:00 PM
MRM,40.6492186722494,33.4554924242424,-7.193726248007,7/18/2026 2:15:00 PM
MRM,40.6403113651473,34,-6.64031136514728,7/18/2026 2:30:00 PM
MRM,40.2813561688996,34,-6.28135616889964,7/18/2026 2:45:00 PM
MRM,42.3519181492497,34,-8.35191814924973,7/18/2026 3:00:00 PM
MRM,43.3862308109175,34,-9.38623081091755,7/18/2026 3:15:00 PM
MRM,40.6453553059556,31.3846153846154,-9.26073992134026,7/18/2026 3:30:00 PM
MRM,31.9376722636828,28.7959031100478,-3.14176915363498,7/18/2026 3:45:00 PM
MRM,12.0137116375431,17.7799388111888,5.76622717364577,7/18/2026 4:00:00 PM
MRM,9.68889691175199,11.4166666666667,1.72776975491468,7/18/2026 4:15:00 PM
MRM,14.0755129110559,13.1111111111111,-0.96440179994482,7/18/2026 4:30:00 PM
MRM,19.293440131188,14.4444444444444,-4.84899568674357,7/18/2026 4:45:00 PM
MRM,15.7952469379163,12.3333333333333,-3.46191360458302,7/18/2026 5:00:00 PM
MRM,21.5082337324013,17.5943813131313,-3.91385241926994,7/18/2026 5:15:00 PM
MRM,33.3050217180693,21.6202059659091,-11.6848157521603,7/18/2026 5:30:00 PM
MRM,16.1461621774009,20.2489177489178,4.1027555715169,7/18/2026 5:45:00 PM
JPM,12.4998902453076,14.1260330578512,1.62614281254362,7/18/2026 6:00:00 PM
JPM,12.8612755715633,14.5625,1.70122442843667,7/18/2026 6:15:00 PM
JPM,13.3271316913339,14.5,1.17286830866608,7/18/2026 6:30:00 PM
JPM,13.1023865728444,14,0.897613427155619,7/18/2026 6:45:00 PM
JPM,12.566591906736,14.9,2.33340809326398,7/18/2026 7:00:00 PM
JPM,12.0187996984592,15,2.9812003015408,7/18/2026 7:15:00 PM
JPM,12.5318075223231,14.1764705882353,1.64466306591215,7/18/2026 7:30:00 PM
JPM,12.5138306023278,14.1417871900826,1.62795658775481,7/18/2026 7:45:00 PM
JPM,11.9626101431358,14.2932692307692,2.33065908763347,7/18/2026 8:00:00 PM
JPM,12.4528454930538,14,1.54715450694624,7/18/2026 8:15:00 PM
JPM,13.8107036873033,14,0.189296312696674,7/18/2026 8:30:00 PM
JPM,14.7900979786242,14,-0.790097978624221,7/18/2026 8:45:00 PM
JPM,16.7563523993251,14,-2.75635239932513,7/18/2026 9:00:00 PM
JPM,16.306668510901,14,-2.30666851090099,7/18/2026 9:15:00 PM
JPM,15.4304076825464,14,-1.4304076825464,7/18/2026 9:30:00 PM
JPM,14.5603294306693,14,-0.560329430669327,7/18/2026 9:45:00 PM
JPM,14.9997586530669,14,-0.999758653066875,7/18/2026 10:00:00 PM
JPM,10.325583826022,14,3.67441617397804,7/18/2026 10:15:00 PM
JPM,14.5900423841423,14.25,-0.340042384142281,7/18/2026 10:30:00 PM
JPM,12.2254166536332,15,2.77458334636682,7/18/2026 10:45:00 PM
JPM,12.4850248383116,15,2.51497516168845,7/18/2026 11:00:00 PM
JPM,10.22458102558,15,4.77541897441997,7/18/2026 11:15:00 PM
JPM,9.20202567549608,15,5.79797432450392,7/18/2026 11:30:00 PM
JPM,10.5395158048985,15,4.46048419510153,7/18/2026 11:45:00 PM
JPM,10.4913858985893,15,4.50861410141067,7/19/2026 12:00:00 AM
JPM,11.8433751969372,15,3.15662480306282,7/19/2026 12:15:00 AM
JPM,12.8979327340936,15,2.10206726590641,7/19/2026 12:30:00 AM
JPM,10.6440054235747,15,4.35599457642531,7/19/2026 12:45:00 AM
JPM,14.6391350028106,15,0.36086499718936,7/19/2026 1:00:00 AM
JPM,15.1485515417186,15,-0.148551541718614,7/19/2026 1:15:00 AM
JPM,16.8875482994298,15,-1.88754829942978,7/19/2026 1:30:00 AM
JPM,17.1099759240578,15,-2.10997592405777,7/19/2026 1:45:00 AM
JPM,14.6002414039286,14.6666666666667,0.0664252627380399,7/19/2026 2:00:00 AM
JPM,13.4667986414165,15,1.5332013585835,7/19/2026 2:15:00 AM
JPM,12.4339884181409,14.3076923076923,1.87370388955145,7/19/2026 2:30:00 AM
JPM,14.3216333600983,15,0.67836663990175,7/19/2026 2:45:00 AM
JPM,16.0050896939273,15,-1.00508969392727,7/19/2026 3:00:00 AM
JPM,17.1364990925673,15,-2.13649909256732,7/19/2026 3:15:00 AM
JPM,16.8000350008696,14.7,-2.10003500086957,7/19/2026 3:30:00 AM
JPM,15.7220692755253,14,-1.72206927552525,7/19/2026 3:45:00 AM
JPM,15.6713398978879,14,-1.67133989788793,7/19/2026 4:00:00 AM
JPM,16.0370272038658,14.1818181818182,-1.85520902204758,7/19/2026 4:15:00 AM
JPM,15.9645857161022,15,-0.964585716102226,7/19/2026 4:30:00 AM
JPM,16.6952895510815,15,-1.69528955108153,7/19/2026 4:45:00 AM
JPM,17.9916840240525,15,-2.99168402405254,7/19/2026 5:00:00 AM
JPM,19.1948545288196,15,-4.19485452881964,7/19/2026 5:15:00 AM
JPM,18.2481393605759,14.3125,-3.93563936057588,7/19/2026 5:30:00 AM
JPM,16.6462176514694,14,-2.64621765146936,7/19/2026 5:45:00 AM
MRM,23.8982460620586,18.0909090909091,-5.80733697114954,7/18/2026 6:00:00 PM
MRM,32.9222823315619,18.75,-14.1722823315619,7/18/2026 6:15:00 PM
MRM,31.0431052351102,19,-12.0431052351102,7/18/2026 6:30:00 PM
MRM,31.0595099232474,22.875,-8.18450992324735,7/18/2026 6:45:00 PM
MRM,31.7399632155283,26.7,-5.03996321552831,7/18/2026 7:00:00 PM
MRM,35.0650805002872,30.45,-4.61508050028717,7/18/2026 7:15:00 PM
MRM,44.9785604060774,32.5882352941176,-12.3903251119598,7/18/2026 7:30:00 PM
MRM,38.6971371643721,32.3636363636364,-6.33350080073568,7/18/2026 7:45:00 PM
MRM,41.9267230887986,31.0799825174825,-10.8467405713161,7/18/2026 8:00:00 PM
MRM,43.7753747145402,31.1540404040404,-12.6213343104998,7/18/2026 8:15:00 PM
MRM,44.7315821180639,31.0666666666667,-13.6649154513972,7/18/2026 8:30:00 PM
MRM,38.6011411937281,33,-5.6011411937281,7/18/2026 8:45:00 PM
MRM,38.3657596709746,32.8461538461538,-5.51960582482076,7/18/2026 9:00:00 PM
MRM,34.7157170055596,29.4666666666667,-5.24905033889297,7/18/2026 9:15:00 PM
MRM,33.4624596239579,29.1111111111111,-4.35134851284682,7/18/2026 9:30:00 PM
MRM,35.3992073226759,30.7970328282828,-4.60217449439309,7/18/2026 9:45:00 PM
MRM,34.0032200146754,28.148538961039,-5.85468105363643,7/18/2026 10:00:00 PM
MRM,33.3908253141161,28.3465909090909,-5.04423440502524,7/18/2026 10:15:00 PM
MRM,32.2695301201881,31.2357954545455,-1.03373466564263,7/18/2026 10:30:00 PM
MRM,38.2617201082561,34,-4.26172010825608,7/18/2026 10:45:00 PM
MRM,37.5950472551379,34,-3.59504725513795,7/18/2026 11:00:00 PM
MRM,40.7785359689003,34.3333333333333,-6.445202635567,7/18/2026 11:15:00 PM
MRM,40.1066508878383,33.8,-6.30665088783826,7/18/2026 11:30:00 PM
MRM,39.501938164533,32.7368421052632,-6.76509605926983,7/18/2026 11:45:00 PM
MRM,34.7797560381532,32.1111111111111,-2.66864492704207,7/19/2026 12:00:00 AM
MRM,33.4457601792262,31,-2.44576017922624,7/19/2026 12:15:00 AM
MRM,32.8715158706657,31,-1.87151587066572,7/19/2026 12:30:00 AM
MRM,33.7730960795049,31,-2.77309607950486,7/19/2026 12:45:00 AM
MRM,33.5545268537143,31,-2.55452685371433,7/19/2026 1:00:00 AM
MRM,34.2289501430749,32,-2.22895014307495,7/19/2026 1:15:00 AM
MRM,40.8420070136756,32,-8.84200701367559,7/19/2026 1:30:00 AM
MRM,40.1499257293872,32,-8.14992572938719,7/19/2026 1:45:00 AM
MRM,15.7899752669959,32,16.2100247330041,7/19/2026 2:00:00 AM
MRM,35.5919152407442,33.8333333333333,-1.75858190741087,7/19/2026 2:15:00 AM
MRM,39.128653112567,35.0769230769231,-4.05173003564396,7/19/2026 2:30:00 AM
MRM,34.3647800898105,34.1052631578947,-0.25951693191579,7/19/2026 2:45:00 AM
MRM,38.8231460941871,34,-4.82314609418707,7/19/2026 3:00:00 AM
MRM,44.8584493310076,32.5,-12.3584493310076,7/19/2026 3:15:00 AM
MRM,38.0257025573201,32,-6.02570255732011,7/19/2026 3:30:00 AM
MRM,37.0380875844039,33.6666666666667,-3.37142091773727,7/19/2026 3:45:00 AM
MRM,34.2510525477614,35.8333333333333,1.58228078557189,7/19/2026 4:00:00 AM
MRM,32.4674792459989,36.2727272727273,3.80524802672839,7/19/2026 4:15:00 AM
MRM,39.1353181394255,37,-2.13531813942554,7/19/2026 4:30:00 AM
MRM,42.6698561161471,37,-5.66985611614707,7/19/2026 4:45:00 AM
MRM,41.076713261862,37,-4.076713261862,7/19/2026 5:00:00 AM
MRM,41.0584401027682,36.3888888888889,-4.66955121387927,7/19/2026 5:15:00 AM
MRM,42.6050555073832,37,-5.60505550738316,7/19/2026 5:30:00 AM
MRM,48.0486719759941,36.6666666666667,-11.3820053093275,7/19/2026 5:45:00 AM
JPM,16.4513559549007,14,-2.45135595490074,7/19/2026 6:00:00 AM
JPM,16.4922381425844,15.032196969697,-1.46004117288739,7/19/2026 6:15:00 AM
JPM,15.1743050854169,15.3465909090909,0.172285823674047,7/19/2026 6:30:00 AM
JPM,14.9786569232044,15.1540404040404,0.175383480836034,7/19/2026 6:45:00 AM
JPM,15.113820423706,15,-0.113820423706025,7/19/2026 7:00:00 AM
JPM,14.9557475530669,15,0.0442524469331236,7/19/2026 7:15:00 AM
JPM,15.2770667967358,15,-0.277066796735776,7/19/2026 7:30:00 AM
JPM,15.552652876538,14.6363636363636,-0.916289240174327,7/19/2026 7:45:00 AM
JPM,15.1830995773731,14.1525,-1.03059957737309,7/19/2026 8:00:00 AM
JPM,13.0020109393658,14.1540404040404,1.15202946467456,7/19/2026 8:15:00 AM
JPM,11.7863843939728,13.5384615384615,1.75207714448878,7/19/2026 8:30:00 AM
JPM,11.7647167094771,13,1.23528329052291,7/19/2026 8:45:00 AM
JPM,12.0147766780828,13,0.985223321917239,7/19/2026 9:00:00 AM
JPM,15.6029091663371,13.4375,-2.16540916633713,7/19/2026 9:15:00 AM
JPM,16.9710336031018,14.3032670454545,-2.66776655764727,7/19/2026 9:30:00 AM
JPM,16.0194604450099,14,-2.01946044500987,7/19/2026 9:45:00 AM
JPM,15.3045231578935,14,-1.30452315789353,7/19/2026 10:00:00 AM
JPM,14.4108687072229,14,-0.410868707222857,7/19/2026 10:15:00 AM
JPM,14.2772634883611,14,-0.277263488361111,7/19/2026 10:30:00 AM
JPM,15.5455861267627,14,-1.54558612676266,7/19/2026 10:45:00 AM
JPM,14.810581000097,14,-0.810581000097043,7/19/2026 11:00:00 AM
JPM,14.2334904346068,14,-0.233490434606836,7/19/2026 11:15:00 AM
JPM,13.1560008945425,13.695652173913,0.539651279370498,7/19/2026 11:30:00 AM
JPM,10.013878064814,12,1.98612193518599,7/19/2026 11:45:00 AM
JPM,10.6303566789079,12,1.36964332109213,7/19/2026 12:00:00 PM
JPM,12.3749804463342,12,-0.374980446334163,7/19/2026 12:15:00 PM
JPM,10.1800252080424,12,1.81997479195763,7/19/2026 12:30:00 PM
JPM,16.7590819439947,12,-4.75908194399467,7/19/2026 12:45:00 PM
JPM,17.9533889500072,12,-5.95338895000721,7/19/2026 1:00:00 PM
JPM,20.2002580750759,14,-6.20025807507589,7/19/2026 1:15:00 PM
JPM,16.6963369818873,14,-2.69633698188735,7/19/2026 1:30:00 PM
JPM,17.2822497386421,14,-3.28224973864213,7/19/2026 1:45:00 PM
JPM,17.5822352582905,14.0588235294118,-3.52341172887877,7/19/2026 2:00:00 PM
JPM,17.7238513188034,12.5,-5.22385131880339,7/19/2026 2:15:00 PM
JPM,17.694975375802,12,-5.69497537580199,7/19/2026 2:30:00 PM
JPM,18.0989175160483,11.3529411764706,-6.74597633957768,7/19/2026 2:45:00 PM
JPM,20.0571542654192,12,-8.05715426541917,7/19/2026 3:00:00 PM
JPM,18.9934039949214,12.5454545454545,-6.44794944946688,7/19/2026 3:15:00 PM
JPM,19.7063777368561,13,-6.7063777368561,7/19/2026 3:30:00 PM
JPM,18.8039553199294,13,-5.80395531992941,7/19/2026 3:45:00 PM
JPM,18.1359320142157,13,-5.13593201421566,7/19/2026 4:00:00 PM
JPM,19.8536832960007,13.4159090909091,-6.43777420509158,7/19/2026 4:15:00 PM
JPM,20.9149613702867,14.0397727272727,-6.87518864301394,7/19/2026 4:30:00 PM
JPM,21.5309555218175,14.0397727272727,-7.49118279454474,7/19/2026 4:45:00 PM
JPM,22.1562996781972,13.9098011363636,-8.24649854183361,7/19/2026 5:00:00 PM
JPM,20.4756673433169,13.0924242424242,-7.38324310089269,7/19/2026 5:15:00 PM
JPM,20.643771028045,12.7381198347107,-7.90565119333425,7/19/2026 5:30:00 PM
JPM,19.068512042588,11.0869565217391,-7.98155552084891,7/19/2026 5:45:00 PM
MRM,55.7306666144746,35.3529411764706,-20.377725438004,7/19/2026 6:00:00 AM
MRM,61.2741222532369,36.2464488636364,-25.0276733896006,7/19/2026 6:15:00 AM
MRM,55.3927796594528,36.0500897129186,-19.3426899465342,7/19/2026 6:30:00 AM
MRM,56.7404519196236,34.9736426767677,-21.7668092428559,7/19/2026 6:45:00 AM
MRM,45.2364463525489,31.9230769230769,-13.313369429472,7/19/2026 7:00:00 AM
MRM,41.498391095118,32.1333333333333,-9.3650577617847,7/19/2026 7:15:00 AM
MRM,48.6961193905827,35,-13.6961193905827,7/19/2026 7:30:00 AM
MRM,56.4449041338424,35,-21.4449041338424,7/19/2026 7:45:00 AM
MRM,61.7417077497046,35.0201136363636,-26.721594113341,7/19/2026 8:00:00 AM
MRM,48.2641170545576,34.8888888888889,-13.3752281656688,7/19/2026 8:15:00 AM
MRM,44.861646171183,33.9230769230769,-10.938569248106,7/19/2026 8:30:00 AM
MRM,40.5026053176989,33.4117647058824,-7.09084061181654,7/19/2026 8:45:00 AM
MRM,32.7714984315146,33,0.228501568485427,7/19/2026 9:00:00 AM
MRM,37.6308680990367,34.1875,-3.44336809903668,7/19/2026 9:15:00 AM
MRM,40.3767909049745,34,-6.37679090497453,7/19/2026 9:30:00 AM
MRM,35.9078849669983,33.0769230769231,-2.83096189007522,7/19/2026 9:45:00 AM
MRM,40.0630678686687,33,-7.06306786866867,7/19/2026 10:00:00 AM
MRM,40.1921943143658,32.25,-7.94219431436575,7/19/2026 10:15:00 AM
MRM,35.9883993579678,30.625,-5.36339935796777,7/19/2026 10:30:00 AM
MRM,31.3158950974911,31.1111111111111,-0.204783986379951,7/19/2026 10:45:00 AM
MRM,39.8342929592579,31.8571428571429,-7.977150102115,7/19/2026 11:00:00 AM
MRM,39.0407637521017,32.7272727272727,-6.31349102482901,7/19/2026 11:15:00 AM
MRM,40.8347518458929,31.9565217391304,-8.87823010676243,7/19/2026 11:30:00 AM
MRM,43.8894124860083,35.6398601398601,-8.24955234614821,7/19/2026 11:45:00 AM
MRM,40.7867472469851,35.6931818181818,-5.09356542880327,7/19/2026 12:00:00 PM
MRM,39.6697514596947,33.6182528409091,-6.05149861878564,7/19/2026 12:15:00 PM
MRM,43.0293685575176,32.7312062937063,-10.2981622638113,7/19/2026 12:30:00 PM
MRM,43.3182238654118,33.0770202020202,-10.2412036633916,7/19/2026 12:45:00 PM
MRM,43.9145151564027,35.4166666666667,-8.49784848973603,7/19/2026 1:00:00 PM
MRM,43.3669529019818,35.1428571428571,-8.22409575912464,7/19/2026 1:15:00 PM
MRM,43.4039131963244,36,-7.40391319632441,7/19/2026 1:30:00 PM
MRM,43.652352180845,36,-7.65235218084502,7/19/2026 1:45:00 PM
MRM,42.4652641827012,35.8235294117647,-6.64173477093654,7/19/2026 2:00:00 PM
MRM,45.8566703349555,34.7857142857143,-11.0709560492412,7/19/2026 2:15:00 PM
MRM,45.1840419201783,33.7,-11.4840419201783,7/19/2026 2:30:00 PM
MRM,37.4484988214067,32.5294117647059,-4.91908705670085,7/19/2026 2:45:00 PM
MRM,37.1688771254072,28.8461538461538,-8.32272327925335,7/19/2026 3:00:00 PM
MRM,33.3417844972198,26.9090909090909,-6.4326935881289,7/19/2026 3:15:00 PM
MRM,31.8541901258594,27,-4.85419012585945,7/19/2026 3:30:00 PM
MRM,40.3667513036178,29.2307692307692,-11.1359820728486,7/19/2026 3:45:00 PM
MRM,45.0505768850707,31,-14.0505768850707,7/19/2026 4:00:00 PM
MRM,46.6479608839603,31.6,-15.0479608839603,7/19/2026 4:15:00 PM
MRM,47.8653247246579,31.8571428571429,-16.008181867515,7/19/2026 4:30:00 PM
MRM,45.629957522331,32,-13.629957522331,7/19/2026 4:45:00 PM
MRM,47.5475939135804,32,-15.5475939135804,7/19/2026 5:00:00 PM
MRM,45.4897685568686,32.1005681818182,-13.3892003750504,7/19/2026 5:15:00 PM
MRM,45.3666557277441,33.0028409090909,-12.3638148186532,7/19/2026 5:30:00 PM
MRM,42.3249367089344,33.9489871541502,-8.37594955478417,7/19/2026 5:45:00 PM
JPM,19.116424918917,10.2,-8.91642491891705,7/19/2026 6:00:00 PM
JPM,17.4363830966064,10.8518518518519,-6.58453124475454,7/19/2026 6:15:00 PM
JPM,16.2778466944977,11,-5.27784669449769,7/19/2026 6:30:00 PM
JPM,16.4983304102897,11,-5.49833041028967,7/19/2026 6:45:00 PM
JPM,15.602805499412,10.7222222222222,-4.88058327718973,7/19/2026 7:00:00 PM
JPM,14.0922844508012,10.4444444444444,-3.6478400063568,7/19/2026 7:15:00 PM
JPM,14.4145471240623,11,-3.41454712406225,7/19/2026 7:30:00 PM
JPM,16.1044494162407,11.8666666666667,-4.23778274957405,7/19/2026 7:45:00 PM
JPM,15.5426653836517,12,-3.54266538365169,7/19/2026 8:00:00 PM
JPM,16.4382371103754,12,-4.43823711037537,7/19/2026 8:15:00 PM
JPM,16.0676782382067,12,-4.06767823820672,7/19/2026 8:30:00 PM
JPM,15.3471061455028,11.4166666666667,-3.93043947883615,7/19/2026 8:45:00 PM
JPM,15.4110653470124,10,-5.41106534701243,7/19/2026 9:00:00 PM
JPM,15.4319595728155,10,-5.43195957281547,7/19/2026 9:15:00 PM
JPM,15.2189876876411,10,-5.21898768764105,7/19/2026 9:30:00 PM
JPM,15.6995628906245,10.8333333333333,-4.86622955729119,7/19/2026 9:45:00 PM
JPM,16.6753406132678,13.2317193675889,-3.44362124567888,7/19/2026 10:00:00 PM
JPM,18.1906727856744,13.6218434343434,-4.56882935133101,7/19/2026 10:15:00 PM
JPM,19.6293430072899,13.7014462809917,-5.92789672629812,7/19/2026 10:30:00 PM
JPM,17.1869812628119,11.8818993506494,-5.30508191216254,7/19/2026 10:45:00 PM
JPM,18.1222696751149,12.25,-5.87226967511492,7/19/2026 11:00:00 PM
JPM,17.2856536283013,12.1363636363636,-5.14928999193769,7/19/2026 11:15:00 PM
JPM,16.4898973794799,12,-4.48989737947988,7/19/2026 11:30:00 PM
JPM,17.2798903492259,12.8206676136364,-4.45922273558949,7/19/2026 11:45:00 PM
JPM,18.6485106209048,12.5844155844156,-6.06409503648919,7/20/2026 12:00:00 AM
JPM,19.4746233577509,12.7329545454545,-6.74166881229632,7/20/2026 12:15:00 AM
JPM,19.3400435468295,12.7329545454545,-6.60708900137491,7/20/2026 12:30:00 AM
JPM,18.5253518559673,12.7329545454545,-5.79239731051273,7/20/2026 12:45:00 AM
JPM,19.515545795667,12.7329545454545,-6.78259125021248,7/20/2026 1:00:00 AM
JPM,19.2874203657666,13.411525974026,-5.87589439174065,7/20/2026 1:15:00 AM
JPM,16.9141248303842,12.6766774891775,-4.23744734120676,7/20/2026 1:30:00 AM
JPM,16.0380522737065,12.3,-3.7380522737065,7/20/2026 1:45:00 AM
JPM,15.8369729435317,12.6,-3.23697294353172,7/20/2026 2:00:00 AM
JPM,15.3342939756746,12,-3.33429397567456,7/20/2026 2:15:00 AM
JPM,15.0593335976632,12,-3.0593335976632,7/20/2026 2:30:00 AM
JPM,10.6913421011559,12,1.30865789884414,7/20/2026 2:45:00 AM
JPM,9.81111774508362,12.5079545454545,2.69683680037093,7/20/2026 3:00:00 AM
JPM,9.97457824574992,12.2599431818182,2.28536493606826,7/20/2026 3:15:00 AM
JPM,9.36977985870139,11.3333333333333,1.96355347463194,7/20/2026 3:30:00 AM
JPM,8.95128365678332,11,2.04871634321668,7/20/2026 3:45:00 AM
JPM,9.11376230181609,11,1.88623769818391,7/20/2026 4:00:00 AM
JPM,9.48904578436794,11.3571428571429,1.86809707277491,7/20/2026 4:15:00 AM
JPM,8.96006043282779,10.2222222222222,1.26216178939443,7/20/2026 4:30:00 AM
JPM,9.34792606667963,9.66666666666667,0.318740599987034,7/20/2026 4:45:00 AM
JPM,9.91364735521642,12,2.08635264478358,7/20/2026 5:00:00 AM
JPM,9.71590054993968,12,2.28409945006032,7/20/2026 5:15:00 AM
JPM,9.68524729970827,12,2.31475270029173,7/20/2026 5:30:00 AM
JPM,9.36349223484141,11.2352941176471,1.87180188280565,7/20/2026 5:45:00 AM
MRM,42.6583643421637,33,-9.65836434216374,7/19/2026 6:00:00 PM
MRM,42.4648479348927,33,-9.46484793489265,7/19/2026 6:15:00 PM
MRM,34.8205350793462,33.0364832535885,-1.78405182575767,7/19/2026 6:30:00 PM
MRM,39.9515252726711,32,-7.9515252726711,7/19/2026 6:45:00 PM
MRM,40.2403359061461,32.5555555555556,-7.68478035059059,7/19/2026 7:00:00 PM
MRM,39.6988646887568,32,-7.6988646887568,7/19/2026 7:15:00 PM
MRM,41.4255565672792,32,-9.42555656727919,7/19/2026 7:30:00 PM
MRM,40.336608440327,30.8,-9.53660844032702,7/19/2026 7:45:00 PM
MRM,44.6243995864461,32.0909090909091,-12.533490495537,7/19/2026 8:00:00 PM
MRM,36.2062887911873,33.5975935828877,-2.6086952082996,7/19/2026 8:15:00 PM
MRM,47.2644120652882,38.2897727272727,-8.97463933801549,7/19/2026 8:30:00 PM
MRM,49.7261478639383,38.6065340909091,-11.1196137730292,7/19/2026 8:45:00 PM
MRM,52.8767870099798,38,-14.8767870099798,7/19/2026 9:00:00 PM
MRM,58.2227364826555,37.3809523809524,-20.8417841017032,7/19/2026 9:15:00 PM
MRM,54.587039005356,36.9230769230769,-17.6639620822791,7/19/2026 9:30:00 PM
MRM,49.9758786182796,36.25,-13.7258786182796,7/19/2026 9:45:00 PM
MRM,52.7472467819251,37,-15.7472467819251,7/19/2026 10:00:00 PM
MRM,56.4317009300071,38.4444444444444,-17.9872564855627,7/19/2026 10:15:00 PM
MRM,50.0997023103163,39,-11.0997023103163,7/19/2026 10:30:00 PM
MRM,46.8897546474361,39,-7.88975464743613,7/19/2026 10:45:00 PM
MRM,40.0043525239548,39.2166193181818,-0.787733205772987,7/19/2026 11:00:00 PM
MRM,52.0808375994903,39.078770661157,-13.0020669383333,7/19/2026 11:15:00 PM
MRM,48.0881438752564,39,-9.0881438752564,7/19/2026 11:30:00 PM
MRM,49.2792458912828,39,-10.2792458912828,7/19/2026 11:45:00 PM
MRM,45.2176157518755,37.8571428571429,-7.36047289473267,7/20/2026 12:00:00 AM
MRM,47.3020533332309,37.2857142857143,-10.0163390475166,7/20/2026 12:15:00 AM
MRM,48.1858985135598,37.5625,-10.6233985135598,7/20/2026 12:30:00 AM
MRM,50.8362195826606,38,-12.8362195826606,7/20/2026 12:45:00 AM
MRM,55.6754022599546,37.5,-18.1754022599546,7/20/2026 1:00:00 AM
MRM,60.7629721389788,36.6785714285714,-24.0844007104074,7/20/2026 1:15:00 AM
MRM,60.1748563764025,37,-23.1748563764025,7/20/2026 1:30:00 AM
MRM,48.8259890669182,37,-11.8259890669182,7/20/2026 1:45:00 AM
MRM,55.2751120806193,37,-18.2751120806193,7/20/2026 2:00:00 AM
MRM,52.7543715754423,37,-15.7543715754423,7/20/2026 2:15:00 AM
MRM,56.2832935372689,37,-19.2832935372689,7/20/2026 2:30:00 AM
MRM,53.945205875558,36.8888888888889,-17.0563169866691,7/20/2026 2:45:00 AM
MRM,55.1365860981404,36,-19.1365860981404,7/20/2026 3:00:00 AM
MRM,55.2282798230411,36.75,-18.4782798230411,7/20/2026 3:15:00 AM
MRM,43.5762035599947,37.375,-6.20120355999467,7/20/2026 3:30:00 AM
MRM,38.8880820778076,37.2142857142857,-1.67379636352185,7/20/2026 3:45:00 AM
MRM,42.1657287878505,37.3333333333333,-4.83239545451718,7/20/2026 4:00:00 AM
MRM,48.5080575522333,38,-10.5080575522333,7/20/2026 4:15:00 AM
MRM,47.6053693371005,38,-9.60536933710055,7/20/2026 4:30:00 AM
MRM,46.6816607247249,38,-8.68166072472492,7/20/2026 4:45:00 AM
MRM,50.5409887624481,38.2205578512397,-12.3204309112085,7/20/2026 5:00:00 AM
MRM,47.5583295461632,37.5846861471861,-9.97364339897706,7/20/2026 5:15:00 AM
MRM,50.3308168070902,34.6732954545454,-15.6575213525448,7/20/2026 5:30:00 AM
MRM,51.0612076299415,32.8235294117647,-18.2376782181768,7/20/2026 5:45:00 AM
JPM,9.2163764787356,10.0526315789474,0.836255100211771,7/20/2026 6:00:00 AM
JPM,8.95148718249354,11.3671328671329,2.41564568463932,7/20/2026 6:15:00 AM
JPM,10.244833731972,11.6075487012987,1.3627149693267,7/20/2026 6:30:00 AM
JPM,9.77491112405047,10.8333333333333,1.05842220928286,7/20/2026 6:45:00 AM
JPM,10.7622070600322,10.049512987013,-0.712694073019241,7/20/2026 7:00:00 AM
JPM,11.3702242741755,10.6931818181818,-0.677042455993675,7/20/2026 7:15:00 AM
JPM,11.3581873332961,9.65909090909091,-1.69909642420524,7/20/2026 7:30:00 AM
JPM,10.3857725989145,10.3846153846154,-0.00115721429914473,7/20/2026 7:45:00 AM
JPM,9.71814128896277,11,1.28185871103723,7/20/2026 8:00:00 AM
JPM,9.5432338463773,10.8,1.2567661536227,7/20/2026 8:15:00 AM
JPM,10.081561020901,10.6363636363636,0.554802615462609,7/20/2026 8:30:00 AM
JPM,10.4027448762365,11.2142857142857,0.811540838049218,7/20/2026 8:45:00 AM
JPM,9.37190758804127,12.0364832535885,2.66457566554724,7/20/2026 9:00:00 AM
JPM,13.8847195274725,12.7418831168831,-1.14283641058942,7/20/2026 9:15:00 AM
JPM,15.3352184797552,11.125,-4.21021847975517,7/20/2026 9:30:00 AM
JPM,16.1619878456309,11.6666666666667,-4.49532117896422,7/20/2026 9:45:00 AM
JPM,18.0224326893878,15,-3.02243268938781,7/20/2026 10:00:00 AM
JPM,20.1349404592626,15,-5.13494045926263,7/20/2026 10:15:00 AM
JPM,19.8129554063833,15,-4.81295540638326,7/20/2026 10:30:00 AM
JPM,20.7704348921648,15,-5.77043489216478,7/20/2026 10:45:00 AM
JPM,20.0615426374388,15.1540404040404,-4.90750223339837,7/20/2026 11:00:00 AM
JPM,18.6525727198111,14,-4.6525727198111,7/20/2026 11:15:00 AM
JPM,15.8410596765201,14,-1.8410596765201,7/20/2026 11:30:00 AM
JPM,18.3088324835663,12.5714285714286,-5.73740391213775,7/20/2026 11:45:00 AM
JPM,16.0009900853757,12,-4.00099008537571,7/20/2026 12:00:00 PM
JPM,18.7169733379928,12.75,-5.96697333799284,7/20/2026 12:15:00 PM
JPM,18.5646795105008,14,-4.56467951050076,7/20/2026 12:30:00 PM
JPM,20.4862323349374,14,-6.4862323349374,7/20/2026 12:45:00 PM
JPM,19.3797326883442,14,-5.3797326883442,7/20/2026 1:00:00 PM
JPM,17.7955500692024,14,-3.79555006920237,7/20/2026 1:15:00 PM
JPM,14.3698581623825,13.3701923076923,-0.999665854690202,7/20/2026 1:30:00 PM
JPM,12.8071602002486,12.7910353535354,-0.0161248467132395,7/20/2026 1:45:00 PM
JPM,14.0617714337647,13.3465909090909,-0.7151805246738,7/20/2026 2:00:00 PM
JPM,14.716716128855,13.3465909090909,-1.37012521976408,7/20/2026 2:15:00 PM
JPM,12.0905005163473,13.1701203208556,1.07961980450832,7/20/2026 2:30:00 PM
JPM,7.7134640211588,12.0288825757576,4.31541855459877,7/20/2026 2:45:00 PM
JPM,10.4450758573976,12,1.55492414260238,7/20/2026 3:00:00 PM
JPM,12.9362670299225,13,0.063732970077492,7/20/2026 3:15:00 PM
JPM,13.4210894294368,15,1.5789105705632,7/20/2026 3:30:00 PM
JPM,12.9947810736807,15,2.0052189263193,7/20/2026 3:45:00 PM
JPM,12.8487129605261,13.3,0.451287039473895,7/20/2026 4:00:00 PM
JPM,13.4546293740921,14.0945247933884,0.639895419296343,7/20/2026 4:15:00 PM
JPM,13.3740734278413,13,-0.37407342784129,7/20/2026 4:30:00 PM
JPM,12.9047744105146,13,0.0952255894854499,7/20/2026 4:45:00 PM
JPM,13.3513895655363,13,-0.351389565536271,7/20/2026 5:00:00 PM
JPM,12.9218965845275,14.8333333333333,1.91143674880585,7/20/2026 5:15:00 PM
JPM,14.0149226919033,15,0.98507730809672,7/20/2026 5:30:00 PM
JPM,15.6537773373781,15,-0.653777337378092,7/20/2026 5:45:00 PM
MRM,46.5712370704456,32.6842105263158,-13.8870265441298,7/20/2026 6:00:00 AM
MRM,43.7984962810359,32.701486013986,-11.0970102670499,7/20/2026 6:15:00 AM
MRM,48.2467230869067,32.7142857142857,-15.532437372621,7/20/2026 6:30:00 AM
MRM,50.0293402836156,32.3806818181818,-17.6486584654337,7/20/2026 6:45:00 AM
MRM,46.2014063405982,31.5799512987013,-14.6214550418969,7/20/2026 7:00:00 AM
MRM,45.4696740266598,31.1818181818182,-14.2878558448416,7/20/2026 7:15:00 AM
MRM,35.2060429754824,31.5,-3.70604297548237,7/20/2026 7:30:00 AM
MRM,36.7819155652678,32,-4.78191556526782,7/20/2026 7:45:00 AM
MRM,37.9944266345679,31.6428571428571,-6.35156949171072,7/20/2026 8:00:00 AM
MRM,38.3424568068856,31,-7.34245680688564,7/20/2026 8:15:00 AM
MRM,38.3417904956784,32.6363636363636,-5.70542685931479,7/20/2026 8:30:00 AM
MRM,31.8419709265322,32.7142857142857,0.872314787753503,7/20/2026 8:45:00 AM
MRM,35.1291229159728,32.9473684210526,-2.18175449492021,7/20/2026 9:00:00 AM
MRM,39.3161592883033,32.6428571428571,-6.67330214544613,7/20/2026 9:15:00 AM
MRM,45.1061794565093,33,-12.1061794565093,7/20/2026 9:30:00 AM
MRM,40.0788400504634,32.6111111111111,-7.46772893935231,7/20/2026 9:45:00 AM
MRM,39.9158651647104,32,-7.91586516471039,7/20/2026 10:00:00 AM
MRM,38.5622594597762,32.0526315789474,-6.50962788082884,7/20/2026 10:15:00 AM
MRM,33.6835840857041,32.5714285714286,-1.11215551427555,7/20/2026 10:30:00 AM
MRM,45.064325598012,31.5384615384615,-13.5258640595505,7/20/2026 10:45:00 AM
MRM,44.4960585414372,31,-13.4960585414372,7/20/2026 11:00:00 AM
MRM,42.7743209210295,31,-11.7743209210295,7/20/2026 11:15:00 AM
MRM,40.9115468947706,29.875,-11.0365468947706,7/20/2026 11:30:00 AM
MRM,36.1451661030626,29,-7.14516610306259,7/20/2026 11:45:00 AM
MRM,35.4634047956166,29,-6.46340479561659,7/20/2026 12:00:00 PM
MRM,42.7593275922201,28.6875,-14.0718275922201,7/20/2026 12:15:00 PM
MRM,45.8645704918275,28.6,-17.2645704918275,7/20/2026 12:30:00 PM
MRM,44.9227028735761,28.7272727272727,-16.1954301463033,7/20/2026 12:45:00 PM
MRM,41.520277907606,27.8,-13.720277907606,7/20/2026 1:00:00 PM
MRM,42.1384768332132,28.0909090909091,-14.0475677423041,7/20/2026 1:15:00 PM
MRM,47.3693419827591,32.3076923076923,-15.0616496750668,7/20/2026 1:30:00 PM
MRM,50.5562845404917,35.8888888888889,-14.6673956516028,7/20/2026 1:45:00 PM
MRM,49.804217196329,35.8571428571429,-13.9470743391861,7/20/2026 2:00:00 PM
MRM,52.6462002179311,35.9230769230769,-16.7231232948542,7/20/2026 2:15:00 PM
MRM,46.5594147440178,32.8823529411765,-13.6770618028413,7/20/2026 2:30:00 PM
MRM,35.4995064882189,28.5,-6.99950648821891,7/20/2026 2:45:00 PM
MRM,35.4187015345324,30.2666666666667,-5.15203486786574,7/20/2026 3:00:00 PM
MRM,34.27825895861,31,-3.27825895860997,7/20/2026 3:15:00 PM
MRM,35.4426208616242,31,-4.44262086162424,7/20/2026 3:30:00 PM
MRM,41.9142727056154,31,-10.9142727056154,7/20/2026 3:45:00 PM
MRM,42.5416610925562,30.8,-11.7416610925562,7/20/2026 4:00:00 PM
MRM,41.764071146965,31,-10.764071146965,7/20/2026 4:15:00 PM
MRM,37.3876225405952,31.3,-6.08762254059523,7/20/2026 4:30:00 PM
MRM,49.219031127735,33,-16.219031127735,7/20/2026 4:45:00 PM
MRM,40.7798162882361,32.8,-7.97981628823609,7/20/2026 5:00:00 PM
MRM,39.6637522032354,35.1444128787879,-4.51933932444754,7/20/2026 5:15:00 PM
MRM,43.9114764035612,35.9991477272727,-7.9123286762885,7/20/2026 5:30:00 PM
MRM,46.0542549774389,35.8494318181818,-10.2048231592571,7/20/2026 5:45:00 PM
JPM,16.7592266657032,15,-1.75922666570315,7/20/2026 6:00:00 PM
JPM,17.327083437169,15,-2.32708343716901,7/20/2026 6:15:00 PM
JPM,15.3744584293656,15,-0.374458429365596,7/20/2026 6:30:00 PM
JPM,15.2364979598387,15,-0.236497959838683,7/20/2026 6:45:00 PM
JPM,14.9398665664559,15,0.0601334335440544,7/20/2026 7:00:00 PM
JPM,13.1465696051769,15,1.8534303948231,7/20/2026 7:15:00 PM
JPM,14.1096920871441,15,0.890307912855917,7/20/2026 7:30:00 PM
JPM,14.5625070012123,15,0.43749299878772,7/20/2026 7:45:00 PM
JPM,14.4423414569275,15,0.557658543072465,7/20/2026 8:00:00 PM
JPM,14.552658713214,14.8571428571429,0.304484143928887,7/20/2026 8:15:00 PM
JPM,14.4075825205401,14.8333333333333,0.425750812793193,7/20/2026 8:30:00 PM
JPM,14.1579302402754,15,0.84206975972465,7/20/2026 8:45:00 PM
JPM,14.4745131931378,14.7058823529412,0.2313691598034,7/20/2026 9:00:00 PM
JPM,14.0256456576717,14.0909090909091,0.0652634332373765,7/20/2026 9:15:00 PM
JPM,13.6343376036752,15,1.36566239632477,7/20/2026 9:30:00 PM
JPM,14.1452870898744,15,0.854712910125633,7/20/2026 9:45:00 PM
JPM,14.3650312993098,15,0.634968700690207,7/20/2026 10:00:00 PM
JPM,14.6369140093268,15,0.363085990673218,7/20/2026 10:15:00 PM
JPM,13.8840173091747,13.1666666666667,-0.717350642508022,7/20/2026 10:30:00 PM
JPM,13.850947650092,12,-1.85094765009197,7/20/2026 10:45:00 PM
JPM,14.9608383120201,11.4615384615385,-3.49929985048164,7/20/2026 11:00:00 PM
JPM,16.162414479773,11,-5.16241447977304,7/20/2026 11:15:00 PM
JPM,17.0271486944631,11.3,-5.7271486944631,7/20/2026 11:30:00 PM
JPM,16.2908674395602,13.3333333333333,-2.9575341062269,7/20/2026 11:45:00 PM
JPM,15.322023240482,14,-1.32202324048195,7/21/2026 12:00:00 AM
JPM,15.1502083925911,14,-1.15020839259111,7/21/2026 12:15:00 AM
JPM,14.7750790353208,14,-0.775079035320804,7/21/2026 12:30:00 AM
JPM,14.8123928597878,14,-0.812392859787776,7/21/2026 12:45:00 AM
JPM,15.2700293160614,14,-1.27002931606142,7/21/2026 1:00:00 AM
JPM,15.6973078891064,14,-1.69730788910638,7/21/2026 1:15:00 AM
JPM,15.4890114023429,14,-1.48901140234286,7/21/2026 1:30:00 AM
JPM,15.5165478849728,14,-1.51654788497279,7/21/2026 1:45:00 AM
JPM,15.0564895750581,14,-1.05648957505814,7/21/2026 2:00:00 AM
JPM,15.3268770760999,14,-1.32687707609989,7/21/2026 2:15:00 AM
JPM,14.8645890528974,14,-0.864589052897371,7/21/2026 2:30:00 AM
JPM,14.8790315477651,14,-0.879031547765083,7/21/2026 2:45:00 AM
JPM,15.2209984838426,14,-1.22099848384259,7/21/2026 3:00:00 AM
JPM,15.5901417104694,14,-1.59014171046944,7/21/2026 3:15:00 AM
JPM,15.8103606681119,14,-1.81036066811192,7/21/2026 3:30:00 AM
JPM,16.2545938200425,14,-2.25459382004254,7/21/2026 3:45:00 AM
JPM,16.9506364588295,14.1764705882353,-2.7741658705942,7/21/2026 4:00:00 AM
JPM,15.5833045356041,15,-0.583304535604105,7/21/2026 4:15:00 AM
JPM,15.2214419056177,15,-0.221441905617739,7/21/2026 4:30:00 AM
JPM,16.195234025437,15,-1.19523402543703,7/21/2026 4:45:00 AM
JPM,16.1861149493387,15.2228084415584,-0.963306507780237,7/21/2026 5:00:00 AM
JPM,17.2782096178454,15,-2.27820961784538,7/21/2026 5:15:00 AM
JPM,18.843542515549,15.1848484848485,-3.65869403070055,7/21/2026 5:30:00 AM
JPM,15.6001051531648,13.4424715909091,-2.1576335622557,7/21/2026 5:45:00 AM
MRM,44.090627112447,35.7989639037433,-8.29166320870372,7/20/2026 6:00:00 PM
MRM,44.7614747052396,36,-8.76147470523961,7/20/2026 6:15:00 PM
MRM,40.3623220392599,36,-4.36232203925986,7/20/2026 6:30:00 PM
MRM,34.6598662530464,36,1.34013374695357,7/20/2026 6:45:00 PM
MRM,40.8213987147992,35.4375,-5.38389871479922,7/20/2026 7:00:00 PM
MRM,48.7606350380886,34.9,-13.8606350380886,7/20/2026 7:15:00 PM
MRM,43.5574333907225,34,-9.5574333907225,7/20/2026 7:30:00 PM
MRM,37.887988965891,34,-3.88798896589096,7/20/2026 7:45:00 PM
MRM,33.8790574954792,34,0.120942504520819,7/20/2026 8:00:00 PM
MRM,45.0180178044402,34,-11.0180178044402,7/20/2026 8:15:00 PM
MRM,40.6083690007458,34,-6.60836900074578,7/20/2026 8:30:00 PM
MRM,37.4270067313073,34,-3.42700673130731,7/20/2026 8:45:00 PM
MRM,46.5804867153975,34.8823529411765,-11.698133774221,7/20/2026 9:00:00 PM
MRM,47.8673880229671,35.5454545454545,-12.3219334775125,7/20/2026 9:15:00 PM
MRM,54.9048016932001,36,-18.9048016932001,7/20/2026 9:30:00 PM
MRM,53.9474560941218,36,-17.9474560941218,7/20/2026 9:45:00 PM
MRM,51.6851909577182,36,-15.6851909577182,7/20/2026 10:00:00 PM
MRM,57.9116110190707,36,-21.9116110190707,7/20/2026 10:15:00 PM
MRM,58.9849563816432,35.6666666666667,-23.3182897149766,7/20/2026 10:30:00 PM
MRM,62.228446443114,36,-26.228446443114,7/20/2026 10:45:00 PM
MRM,50.1873141785594,36,-14.1873141785594,7/20/2026 11:00:00 PM
MRM,54.2829968064628,36,-18.2829968064628,7/20/2026 11:15:00 PM
MRM,56.0574581033479,34.8,-21.257458103348,7/20/2026 11:30:00 PM
MRM,55.571656890589,33.9047619047619,-21.6668949858271,7/20/2026 11:45:00 PM
MRM,49.0086624219917,35,-14.0086624219917,7/21/2026 12:00:00 AM
MRM,48.0403431917667,34.5,-13.5403431917667,7/21/2026 12:15:00 AM
MRM,44.4713750611723,34.5,-9.97137506117226,7/21/2026 12:30:00 AM
MRM,44.447801958617,34,-10.447801958617,7/21/2026 12:45:00 AM
MRM,49.391826790039,34.5714285714286,-14.8203982186104,7/21/2026 1:00:00 AM
MRM,44.4694242244774,34.5714285714286,-9.89799565304887,7/21/2026 1:15:00 AM
MRM,44.5133648152893,33.6470588235294,-10.8663059917599,7/21/2026 1:30:00 AM
MRM,43.4568216615887,32.7272727272727,-10.729548934316,7/21/2026 1:45:00 AM
MRM,44.6875378672828,33.5,-11.1875378672828,7/21/2026 2:00:00 AM
MRM,41.5037619229779,34.8,-6.70376192297795,7/21/2026 2:15:00 AM
MRM,41.0801550370667,37,-4.08015503706672,7/21/2026 2:30:00 AM
MRM,44.4012344692964,36.3888888888889,-8.0123455804075,7/21/2026 2:45:00 AM
MRM,42.8623059124744,35.7894736842105,-7.07283222826388,7/21/2026 3:00:00 AM
MRM,41.3529784824261,35.6363636363636,-5.71661484606243,7/21/2026 3:15:00 AM
MRM,39.6958497016602,33.7857142857143,-5.91013541594587,7/21/2026 3:30:00 AM
MRM,42.3979068015662,34.75,-7.64790680156617,7/21/2026 3:45:00 AM
MRM,45.520326298742,37.8235294117647,-7.69679688697731,7/21/2026 4:00:00 AM
MRM,51.6828531589637,38,-13.6828531589637,7/21/2026 4:15:00 AM
MRM,50.8214264549865,38.927398989899,-11.8940274650875,7/21/2026 4:30:00 AM
MRM,40.1455000527349,37.8333333333333,-2.31216671940152,7/21/2026 4:45:00 AM
MRM,23.9816966731774,34.4285714285714,10.4468747553941,7/21/2026 5:00:00 AM
MRM,30.4811770329132,34,3.51882296708678,7/21/2026 5:15:00 AM
MRM,45.1280622739465,33.8950757575758,-11.2329865163708,7/21/2026 5:30:00 AM
MRM,42.8434619312537,32.7531960227273,-10.0902659085264,7/21/2026 5:45:00 AM
JPM,14.407187582513,12.9333333333333,-1.47385424917969,7/21/2026 6:00:00 AM
JPM,15.7246813234815,12,-3.72468132348151,7/21/2026 6:15:00 AM
JPM,17.2234841768986,13.3181818181818,-3.90530235871683,7/21/2026 6:30:00 AM
JPM,17.0584024333325,13.0769230769231,-3.98147935640945,7/21/2026 6:45:00 AM
JPM,18.2622847343316,13,-5.26228473433163,7/21/2026 7:00:00 AM
JPM,19.579096505267,13.2666083916084,-6.31248811365859,7/21/2026 7:15:00 AM
JPM,21.1040867489841,13.6931818181818,-7.41090493080229,7/21/2026 7:30:00 AM
JPM,21.1953393229642,14.2159090909091,-6.9794302320551,7/21/2026 7:45:00 AM
JPM,20.1602695819952,14,-6.16026958199521,7/21/2026 8:00:00 AM
JPM,19.8832274910734,14,-5.88322749107339,7/21/2026 8:15:00 AM
JPM,20.9557568396868,14,-6.95575683968682,7/21/2026 8:30:00 AM
JPM,19.0990111080085,13.6,-5.49901110800854,7/21/2026 8:45:00 AM
JPM,20.7274253604905,13.04,-7.68742536049055,7/21/2026 9:00:00 AM
JPM,18.6548083996513,13.565490430622,-5.08931796902934,7/21/2026 9:15:00 AM
JPM,19.0281676877481,13.4852272727273,-5.54294041502085,7/21/2026 9:30:00 AM
JPM,16.7607138245754,13.1155303030303,-3.64518352154505,7/21/2026 9:45:00 AM
JPM,16.9433981866918,13.4285714285714,-3.51482675812033,7/21/2026 10:00:00 AM
JPM,17.0690377605224,13,-4.06903776052241,7/21/2026 10:15:00 AM
JPM,17.5412407870067,13,-4.54124078700672,7/21/2026 10:30:00 AM
JPM,17.4935988854243,13,-4.4935988854243,7/21/2026 10:45:00 AM
JPM,17.3548135534385,13,-4.35481355343848,7/21/2026 11:00:00 AM
JPM,16.996683054395,13,-3.99668305439504,7/21/2026 11:15:00 AM
JPM,17.9444433215449,13,-4.94444332154493,7/21/2026 11:30:00 AM
JPM,16.4093520014025,13,-3.40935200140246,7/21/2026 11:45:00 AM
JPM,12.9563451552425,12.0454545454545,-0.910890609787911,7/21/2026 12:00:00 PM
JPM,14.9182760824187,12.7333333333333,-2.18494274908533,7/21/2026 12:15:00 PM
JPM,15.2349279138309,12.9130434782609,-2.32188443557002,7/21/2026 12:30:00 PM
JPM,16.122943471123,12.0666666666667,-4.05627680445633,7/21/2026 12:45:00 PM
JPM,14.7310027808307,12,-2.73100278083075,7/21/2026 1:00:00 PM
JPM,14.0076729651209,11.0833333333333,-2.92433963178761,7/21/2026 1:15:00 PM
JPM,14.0871675194718,10.25,-3.83716751947179,7/21/2026 1:30:00 PM
JPM,14.0345070376591,10,-4.03450703765911,7/21/2026 1:45:00 PM
JPM,14.3921343159112,10,-4.39213431591122,7/21/2026 2:00:00 PM
JPM,16.9389746881594,10.625,-6.31397468815939,7/21/2026 2:15:00 PM
JPM,18.9034313206255,13.2857142857143,-5.61771703491125,7/21/2026 2:30:00 PM
JPM,17.4078620434838,14,-3.40786204348381,7/21/2026 2:45:00 PM
JPM,17.3525959216673,14,-3.35259592166729,7/21/2026 3:00:00 PM
JPM,17.528237012122,14.8666666666667,-2.6615703454553,7/21/2026 3:15:00 PM
JPM,17.1235924788186,15,-2.12359247881862,7/21/2026 3:30:00 PM
JPM,17.6341184160092,15,-2.63411841600924,7/21/2026 3:45:00 PM
JPM,16.4021005493673,15,-1.40210054936734,7/21/2026 4:00:00 PM
JPM,18.1199849865284,15,-3.11998498652837,7/21/2026 4:15:00 PM
JPM,17.5613977867474,15,-2.56139778674736,7/21/2026 4:30:00 PM
JPM,19.0902966027401,15,-4.09029660274015,7/21/2026 4:45:00 PM
JPM,19.7436491474879,15,-4.74364914748791,7/21/2026 5:00:00 PM
JPM,20.6874680356717,15.3150826446281,-5.37238539104356,7/21/2026 5:15:00 PM
JPM,21.2715566209822,15.1102789256198,-6.16127769536237,7/21/2026 5:30:00 PM
JPM,17.6715173059945,14.2592592592593,-3.41225804673528,7/21/2026 5:45:00 PM
MRM,31.2449736868041,32.6700757575758,1.4251020707717,7/21/2026 6:00:00 AM
MRM,34.5485431662928,31.250946969697,-3.29759619659583,7/21/2026 6:15:00 AM
MRM,38.4299354145665,32,-6.42993541456647,7/21/2026 6:30:00 AM
MRM,31.4371644365083,31.7692307692308,0.33206633272248,7/21/2026 6:45:00 AM
MRM,35.3848369473962,30.0666666666667,-5.31817028072951,7/21/2026 7:00:00 AM
MRM,38.5988047092969,30.7692307692308,-7.82957394006617,7/21/2026 7:15:00 AM
MRM,38.7326789392487,31.25,-7.4826789392487,7/21/2026 7:30:00 AM
MRM,39.124889717741,31.8,-7.32488971774103,7/21/2026 7:45:00 AM
MRM,39.4877126493612,33,-6.48771264936124,7/21/2026 8:00:00 AM
MRM,38.2117201086582,34.125,-4.08672010865819,7/21/2026 8:15:00 AM
MRM,40.4826557625582,34.1428571428571,-6.33979861970108,7/21/2026 8:30:00 AM
MRM,36.8561865713484,31.2,-5.6561865713484,7/21/2026 8:45:00 AM
MRM,25.4724403629963,25.76,0.287559637003707,7/21/2026 9:00:00 AM
MRM,24.4878359757123,23.9473684210526,-0.540467554659639,7/21/2026 9:15:00 AM
MRM,33.4328064194837,29.1333333333333,-4.29947308615037,7/21/2026 9:30:00 AM
MRM,35.1151160547193,30.5333333333333,-4.58178272138592,7/21/2026 9:45:00 AM
MRM,37.9031968519436,30.0714285714286,-7.83176828051503,7/21/2026 10:00:00 AM
MRM,36.3490773849719,30,-6.34907738497193,7/21/2026 10:15:00 AM
MRM,34.8279413774816,30,-4.82794137748156,7/21/2026 10:30:00 AM
MRM,33.1791972559268,29.5454545454545,-3.63374271047225,7/21/2026 10:45:00 AM
MRM,30.487738514965,30.7058823529412,0.218143837976175,7/21/2026 11:00:00 AM
MRM,34.4261285606658,32.2,-2.22612856066584,7/21/2026 11:15:00 AM
MRM,35.5712389476047,31.5568181818182,-4.01442076578648,7/21/2026 11:30:00 AM
MRM,35.7985596929992,32.75,-3.04855969299921,7/21/2026 11:45:00 AM
MRM,37.4327756426979,33.8181818181818,-3.61459382451606,7/21/2026 12:00:00 PM
MRM,38.391306404336,34.5333333333333,-3.85797307100268,7/21/2026 12:15:00 PM
MRM,34.0011006993182,36.3913043478261,2.39020364850786,7/21/2026 12:30:00 PM
MRM,23.6672516662343,36.8666666666667,13.1994150004323,7/21/2026 12:45:00 PM
MRM,39.8460124585353,35.1818181818182,-4.66419427671713,7/21/2026 1:00:00 PM
MRM,44.3256991902018,34.25,-10.0756991902018,7/21/2026 1:15:00 PM
MRM,41.8918128655516,34.75,-7.14181286555161,7/21/2026 1:30:00 PM
MRM,41.859426696345,35.45,-6.40942669634498,7/21/2026 1:45:00 PM
MRM,43.8973005539633,35.9565217391304,-7.94077881483286,7/21/2026 2:00:00 PM
MRM,35.8937716018656,34.5625,-1.33127160186564,7/21/2026 2:15:00 PM
MRM,34.1821903605744,32.1851851851852,-1.99700517538926,7/21/2026 2:30:00 PM
MRM,32.1330572764425,32,-0.133057276442521,7/21/2026 2:45:00 PM
MRM,38.0232791651267,32.1111111111111,-5.91216805401562,7/21/2026 3:00:00 PM
MRM,36.0769915496357,32.4,-3.67699154963566,7/21/2026 3:15:00 PM
MRM,39.3397338871421,31.8,-7.53973388714209,7/21/2026 3:30:00 PM
MRM,41.6987027298939,32.7333333333333,-8.9653693965606,7/21/2026 3:45:00 PM
MRM,41.8359728775432,34.032196969697,-7.80377590784621,7/21/2026 4:00:00 PM
MRM,39.1576106212615,34.081550802139,-5.07605981912251,7/21/2026 4:15:00 PM
MRM,36.9986345951948,34,-2.99863459519477,7/21/2026 4:30:00 PM
MRM,38.5658185317052,34,-4.56581853170521,7/21/2026 4:45:00 PM
MRM,45.9175925590103,34.2,-11.7175925590103,7/21/2026 5:00:00 PM
MRM,46.512912550045,36,-10.512912550045,7/21/2026 5:15:00 PM
MRM,47.375199466748,36,-11.375199466748,7/21/2026 5:30:00 PM
MRM,46.521958243462,36.8472222222222,-9.67473602123977,7/21/2026 5:45:00 PM
JPM,20.212409920828,14.952380952381,-5.26002896844703,7/21/2026 6:00:00 PM
JPM,20.5225750526082,14,-6.52257505260815,7/21/2026 6:15:00 PM
JPM,20.4732375777765,14,-6.47323757777646,7/21/2026 6:30:00 PM
JPM,16.8470928894642,15,-1.84709288946425,7/21/2026 6:45:00 PM
JPM,15.8797917956506,15,-0.879791795650583,7/21/2026 7:00:00 PM
JPM,17.6292141904669,15.375,-2.25421419046685,7/21/2026 7:15:00 PM
JPM,19.6643918630857,15.8823529411765,-3.78203892190927,7/21/2026 7:30:00 PM
JPM,19.4473828658654,15,-4.44738286586543,7/21/2026 7:45:00 PM
JPM,18.0607723134798,15,-3.06077231347982,7/21/2026 8:00:00 PM
JPM,15.2098330065081,15,-0.209833006508092,7/21/2026 8:15:00 PM
JPM,16.2517022696586,15,-1.25170226965858,7/21/2026 8:30:00 PM
JPM,18.0378691550014,15,-3.03786915500136,7/21/2026 8:45:00 PM
JPM,14.5876850268021,15,0.412314973197903,7/21/2026 9:00:00 PM
JPM,15.0546404496923,15,-0.054640449692295,7/21/2026 9:15:00 PM
JPM,15.164309386589,15,-0.164309386588997,7/21/2026 9:30:00 PM
JPM,15.2454398616671,14.7333333333333,-0.512106528333732,7/21/2026 9:45:00 PM
JPM,15.3260077899058,13,-2.3260077899058,7/21/2026 10:00:00 PM
JPM,14.8603908280487,13,-1.86039082804868,7/21/2026 10:15:00 PM
JPM,15.2046961644268,13,-2.20469616442681,7/21/2026 10:30:00 PM
JPM,15.3162833733869,13.1732954545455,-2.14298791884141,7/21/2026 10:45:00 PM
JPM,15.2184249315491,13.0182416267943,-2.20018330475489,7/21/2026 11:00:00 PM
JPM,16.2986128308645,13,-3.29861283086447,7/21/2026 11:15:00 PM
JPM,15.9054090956159,13,-2.90540909561595,7/21/2026 11:30:00 PM
JPM,16.4360095208405,13,-3.43600952084051,7/21/2026 11:45:00 PM
JPM,16.1289402992016,13,-3.12894029920164,7/22/2026 12:00:00 AM
JPM,16.5587927011812,13,-3.55879270118124,7/22/2026 12:15:00 AM
JPM,15.8935730328487,13,-2.89357303284865,7/22/2026 12:30:00 AM
JPM,15.4044667038578,13,-2.40446670385782,7/22/2026 12:45:00 AM
JPM,14.3083228266513,13.4615384615385,-0.84678436511286,7/22/2026 1:00:00 AM
JPM,14.2647288130206,13,-1.26472881302064,7/22/2026 1:15:00 AM
JPM,14.4559757384697,12.7857142857143,-1.67026145275543,7/22/2026 1:30:00 AM
JPM,14.2156532122473,13,-1.21565321224735,7/22/2026 1:45:00 AM
JPM,15.6463254471813,13,-2.64632544718132,7/22/2026 2:00:00 AM
JPM,15.4640561665897,13,-2.46405616658971,7/22/2026 2:15:00 AM
JPM,15.9943485003665,13,-2.99434850036653,7/22/2026 2:30:00 AM
JPM,15.7239550161095,13,-2.72395501610949,7/22/2026 2:45:00 AM
JPM,16.3255259513418,13,-3.32552595134178,7/22/2026 3:00:00 AM
JPM,15.7643782240931,13,-2.76437822409312,7/22/2026 3:15:00 AM
JPM,15.2469279713836,13,-2.24692797138359,7/22/2026 3:30:00 AM
JPM,14.6903025803309,13,-1.6903025803309,7/22/2026 3:45:00 AM
JPM,13.8559509718578,13,-0.855950971857849,7/22/2026 4:00:00 AM
JPM,14.1407094224669,13,-1.1407094224669,7/22/2026 4:15:00 AM
JPM,13.6614399359543,13,-0.6614399359543,7/22/2026 4:30:00 AM
JPM,13.2331167091912,13,-0.233116709191204,7/22/2026 4:45:00 AM
JPM,13.4978623409604,13,-0.497862340960436,7/22/2026 5:00:00 AM
JPM,15.7546603132184,14.7,-1.05466031321842,7/22/2026 5:15:00 AM
JPM,15.862514179383,15.3333333333333,-0.5291808460497,7/22/2026 5:30:00 AM
JPM,13.9949763256036,13.6,-0.394976325603597,7/22/2026 5:45:00 AM
MRM,32.4063520794897,34.5714285714286,2.16507649193883,7/21/2026 6:00:00 PM
MRM,32.3464779724692,34.7142857142857,2.36780774181647,7/21/2026 6:15:00 PM
MRM,39.9529284649887,35,-4.9529284649887,7/21/2026 6:30:00 PM
MRM,46.4074329449476,35.2,-11.2074329449476,7/21/2026 6:45:00 PM
MRM,46.3793915469888,34.7058823529412,-11.6735091940476,7/21/2026 7:00:00 PM
MRM,46.0678790792624,34,-12.0678790792624,7/21/2026 7:15:00 PM
MRM,47.466660115465,34.5294117647059,-12.9372483507591,7/21/2026 7:30:00 PM
MRM,51.0230363132033,35,-16.0230363132033,7/21/2026 7:45:00 PM
MRM,47.5028255318451,35,-12.5028255318451,7/21/2026 8:00:00 PM
MRM,50.3456865235639,35,-15.3456865235639,7/21/2026 8:15:00 PM
MRM,48.1165468967717,34.2222222222222,-13.8943246745494,7/21/2026 8:30:00 PM
MRM,37.9924642695812,34.0740740740741,-3.91839019550709,7/21/2026 8:45:00 PM
MRM,38.1006784799482,36,-2.10067847994821,7/21/2026 9:00:00 PM
MRM,51.3728862979319,36,-15.3728862979319,7/21/2026 9:15:00 PM
MRM,50.2861038355406,35.9375,-14.3486038355406,7/21/2026 9:30:00 PM
MRM,53.2689274486591,35.9333333333333,-17.3355941153257,7/21/2026 9:45:00 PM
MRM,46.6242218842338,35.2142857142857,-11.4099361699481,7/21/2026 10:00:00 PM
MRM,51.112344968269,35.3529411764706,-15.7594037917984,7/21/2026 10:15:00 PM
MRM,54.3833631648088,35.4399350649351,-18.9434280998737,7/21/2026 10:30:00 PM
MRM,56.8092495741626,33.8571428571429,-22.9521067170198,7/21/2026 10:45:00 PM
MRM,53.1916474592885,30.7368421052632,-22.4548053540254,7/21/2026 11:00:00 PM
MRM,44.4404076391296,32.2777777777778,-12.1626298613518,7/21/2026 11:15:00 PM
MRM,39.8779762846229,33,-6.87797628462285,7/21/2026 11:30:00 PM
MRM,29.2896831329632,31.6333333333333,2.34365020037011,7/21/2026 11:45:00 PM
MRM,27.8994794490138,31,3.10052055098621,7/22/2026 12:00:00 AM
MRM,30.5121450379671,32.6564275568182,2.1442825188511,7/22/2026 12:15:00 AM
MRM,27.3614962920144,34.3846153846154,7.023119092601,7/22/2026 12:30:00 AM
MRM,44.2466953356921,35,-9.24669533569213,7/22/2026 12:45:00 AM
MRM,46.8331111251085,35,-11.8331111251085,7/22/2026 1:00:00 AM
MRM,51.0827189207948,35.0909090909091,-15.9918098298857,7/22/2026 1:15:00 AM
MRM,54.7989287024297,35,-19.7989287024297,7/22/2026 1:30:00 AM
MRM,55.8752046291778,34.8,-21.0752046291778,7/22/2026 1:45:00 AM
MRM,50.5179345858456,32.5722402597403,-17.9456943261054,7/22/2026 2:00:00 AM
MRM,51.2746139236953,32.2,-19.0746139236953,7/22/2026 2:15:00 AM
MRM,52.2999323991388,33,-19.2999323991388,7/22/2026 2:30:00 AM
MRM,50.4903061266561,33.5,-16.9903061266561,7/22/2026 2:45:00 AM
MRM,41.7076050900971,36,-5.70760509009715,7/22/2026 3:00:00 AM
MRM,49.1881124169356,36.75,-12.4381124169356,7/22/2026 3:15:00 AM
MRM,57.5560590080122,38,-19.5560590080122,7/22/2026 3:30:00 AM
MRM,55.1804825786044,38,-17.1804825786044,7/22/2026 3:45:00 AM
MRM,61.4750094840745,38,-23.4750094840745,7/22/2026 4:00:00 AM
MRM,66.8295444045026,38,-28.8295444045026,7/22/2026 4:15:00 AM
MRM,63.6883589464212,38,-25.6883589464212,7/22/2026 4:30:00 AM
MRM,54.1977490448206,35.8181818181818,-18.3795672266388,7/22/2026 4:45:00 AM
MRM,39.3421174301955,35,-4.34211743019551,7/22/2026 5:00:00 AM
MRM,38.738123871242,34.4,-4.33812387124203,7/22/2026 5:15:00 AM
MRM,41.9086862516044,32.2222222222222,-9.68646402938214,7/22/2026 5:30:00 AM
MRM,39.0611743216128,33,-6.0611743216128,7/22/2026 5:45:00 AM
JPM,13.7310181474096,13.1538461538462,-0.57717199356345,7/22/2026 6:00:00 AM
JPM,14.2086847987707,14.55,0.341315201229264,7/22/2026 6:15:00 AM
JPM,14.1200549808499,14,-0.120054980849902,7/22/2026 6:30:00 AM
JPM,15.8987246037498,13.3333333333333,-2.56539127041647,7/22/2026 6:45:00 AM
JPM,16.1633825332112,14,-2.16338253321122,7/22/2026 7:00:00 AM
JPM,17.054222884029,14,-3.05422288402904,7/22/2026 7:15:00 AM
JPM,16.4994524620129,13.7692307692308,-2.73022169278217,7/22/2026 7:30:00 AM
JPM,16.4929798657547,14.1818181818182,-2.3111616839365,7/22/2026 7:45:00 AM
JPM,15.6342529148356,15,-0.634252914835598,7/22/2026 8:00:00 AM
JPM,15.7647316637169,14.3846153846154,-1.38011627910152,7/22/2026 8:15:00 AM
JPM,15.4162901330452,14,-1.41629013304517,7/22/2026 8:30:00 AM
JPM,15.4609531420215,14.8,-0.660953142021526,7/22/2026 8:45:00 AM
JPM,14.756981300484,16,1.24301869951597,7/22/2026 9:00:00 AM
JPM,13.898015235605,14.875,0.976984764395006,7/22/2026 9:15:00 AM
JPM,13.8016324356676,14,0.198367564332386,7/22/2026 9:30:00 AM
JPM,14.6920993797831,14,-0.692099379783125,7/22/2026 9:45:00 AM
JPM,15.5140564828197,14,-1.51405648281967,7/22/2026 10:00:00 AM
JPM,15.2441138849762,14,-1.24411388497621,7/22/2026 10:15:00 AM
JPM,16.691327487209,14,-2.69132748720897,7/22/2026 10:30:00 AM
JPM,16.3835190058907,14,-2.38351900589074,7/22/2026 10:45:00 AM
JPM,16.1337928891143,13.2857142857143,-2.84807860339998,7/22/2026 11:00:00 AM
JPM,15.6060577426125,13,-2.60605774261253,7/22/2026 11:15:00 AM
JPM,16.2736860829844,13,-3.27368608298442,7/22/2026 11:30:00 AM
JPM,16.9565608005561,13,-3.95656080055607,7/22/2026 11:45:00 AM
JPM,17.9500091294297,13.6923076923077,-4.25770143712196,7/22/2026 12:00:00 PM
JPM,16.909723351559,14,-2.90972335155898,7/22/2026 12:15:00 PM
JPM,15.5565539285652,14.3333333333333,-1.22322059523182,7/22/2026 12:30:00 PM
JPM,15.5883703848662,15,-0.588370384866188,7/22/2026 12:45:00 PM
JPM,15.6204953038919,15,-0.62049530389187,7/22/2026 1:00:00 PM
JPM,17.2859235719949,15,-2.28592357199495,7/22/2026 1:15:00 PM
JPM,17.4702880033548,15,-2.47028800335476,7/22/2026 1:30:00 PM
JPM,17.4381816762973,15.5198863636364,-1.91829531266094,7/22/2026 1:45:00 PM
JPM,17.9998861264793,15.2520661157025,-2.74782001077684,7/22/2026 2:00:00 PM
JPM,17.5470245799991,14.0833333333333,-3.46369124666577,7/22/2026 2:15:00 PM
JPM,16.8579070847304,14,-2.85790708473037,7/22/2026 2:30:00 PM
JPM,18.693109212783,14.7857142857143,-3.90739492706875,7/22/2026 2:45:00 PM
JPM,17.6721117178776,15,-2.67211171787761,7/22/2026 3:00:00 PM
JPM,17.7113838986467,15,-2.71138389864672,7/22/2026 3:15:00 PM
JPM,18.5569948434558,15,-3.55699484345584,7/22/2026 3:30:00 PM
JPM,16.7734006257301,15,-1.7734006257301,7/22/2026 3:45:00 PM
JPM,18.7263995957643,15,-3.72639959576432,7/22/2026 4:00:00 PM
JPM,21.07467349357,15.9098011363636,-5.16487235720639,7/22/2026 4:15:00 PM
JPM,20.0769149013428,15.2520661157025,-4.82484878564032,7/22/2026 4:30:00 PM
JPM,18.9905845719415,15,-3.99058457194148,7/22/2026 4:45:00 PM
JPM,19.6301405125088,15,-4.63014051250881,7/22/2026 5:00:00 PM
JPM,20.0404693206573,15,-5.04046932065731,7/22/2026 5:15:00 PM
JPM,19.08170112386,15,-4.08170112386003,7/22/2026 5:30:00 PM
JPM,16.1854232044787,15,-1.18542320447868,7/22/2026 5:45:00 PM
MRM,32.5373772107193,33,0.46262278928068,7/22/2026 6:00:00 AM
MRM,38.8721245423749,32.65,-6.22212454237492,7/22/2026 6:15:00 AM
MRM,43.2215052728972,32.4615384615385,-10.7599668113587,7/22/2026 6:30:00 AM
MRM,42.5125413834039,33,-9.51254138340389,7/22/2026 6:45:00 AM
MRM,42.2859398932279,33,-9.28593989322788,7/22/2026 7:00:00 AM
MRM,40.3080967147839,32.0909090909091,-8.21718762387483,7/22/2026 7:15:00 AM
MRM,41.531098430189,32.6923076923077,-8.8387907378813,7/22/2026 7:30:00 AM
MRM,37.8447131125795,32.2727272727273,-5.57198583985219,7/22/2026 7:45:00 AM
MRM,38.5595282019186,32.5,-6.05952820191861,7/22/2026 8:00:00 AM
MRM,36.2337542881472,32.4615384615385,-3.77221582660875,7/22/2026 8:15:00 AM
MRM,37.8750700743291,34.1176470588235,-3.7574230155056,7/22/2026 8:30:00 AM
MRM,42.0937930684711,34.3,-7.7937930684711,7/22/2026 8:45:00 AM
MRM,42.0864354235578,34.1904761904762,-7.89595923308163,7/22/2026 9:00:00 AM
MRM,43.7940118807146,34.5,-9.29401188071462,7/22/2026 9:15:00 AM
MRM,43.9894080496312,33,-10.9894080496312,7/22/2026 9:30:00 AM
MRM,43.5539154756184,32.4666666666667,-11.0872488089517,7/22/2026 9:45:00 AM
MRM,43.4342157857243,32,-11.4342157857243,7/22/2026 10:00:00 AM
MRM,43.5919411349099,32,-11.5919411349099,7/22/2026 10:15:00 AM
MRM,42.4208420955906,32,-10.4208420955906,7/22/2026 10:30:00 AM
MRM,46.4774488845576,32.125,-14.3524488845576,7/22/2026 10:45:00 AM
MRM,45.0066556207745,30.7142857142857,-14.2923699064887,7/22/2026 11:00:00 AM
MRM,45.9071945687363,32.1,-13.8071945687363,7/22/2026 11:15:00 AM
MRM,45.244398929868,34.088736631016,-11.1556622988519,7/22/2026 11:30:00 AM
MRM,38.2490169108254,30.9301948051948,-7.31882210563063,7/22/2026 11:45:00 AM
MRM,36.6137527322355,31.1538461538462,-5.45990657838932,7/22/2026 12:00:00 PM
MRM,33.694108128912,29.75,-3.94410812891203,7/22/2026 12:15:00 PM
MRM,35.6933711453543,28.8666666666667,-6.82670447868762,7/22/2026 12:30:00 PM
MRM,37.6216642080873,29.8461538461538,-7.77551036193343,7/22/2026 12:45:00 PM
MRM,37.2032659093593,32.8888888888889,-4.31437702047037,7/22/2026 1:00:00 PM
MRM,46.3145611016886,34.5714285714286,-11.7431325302601,7/22/2026 1:15:00 PM
MRM,46.3455173202477,35,-11.3455173202477,7/22/2026 1:30:00 PM
MRM,49.348893782914,34.625,-14.723893782914,7/22/2026 1:45:00 PM
MRM,48.8594527301625,33,-15.8594527301625,7/22/2026 2:00:00 PM
MRM,41.7899641321525,32.6666666666667,-9.12329746548584,7/22/2026 2:15:00 PM
MRM,42.0053136936419,33,-9.00531369364187,7/22/2026 2:30:00 PM
MRM,44.6799090150425,33,-11.6799090150425,7/22/2026 2:45:00 PM
MRM,40.3455821660163,33.9757231404959,-6.36985902552041,7/22/2026 3:00:00 PM
MRM,33.7278156553916,36.5329545454546,2.80513889006297,7/22/2026 3:15:00 PM
MRM,35.43186265951,34.6382575757576,-0.793605083752439,7/22/2026 3:30:00 PM
MRM,36.0709972490483,34.9431818181818,-1.12781543086651,7/22/2026 3:45:00 PM
MRM,36.3432760912005,35.2556818181818,-1.08759427301872,7/22/2026 4:00:00 PM
MRM,33.4347022457723,33.25,-0.184702245772343,7/22/2026 4:15:00 PM
MRM,40.4391391809772,36,-4.43913918097716,7/22/2026 4:30:00 PM
MRM,41.9813490942058,35.1,-6.88134909420581,7/22/2026 4:45:00 PM
MRM,48.1921808179509,35.4545454545455,-12.7376353634054,7/22/2026 5:00:00 PM
MRM,39.8907082613076,36,-3.89070826130757,7/22/2026 5:15:00 PM
MRM,36.2869731576768,37.4821428571429,1.19516969946601,7/22/2026 5:30:00 PM
MRM,65.0123337811594,39.3920454545455,-25.6202883266139,7/22/2026 5:45:00 PM
JPM,18.4925620637339,15,-3.49256206373387,7/22/2026 6:00:00 PM
JPM,18.8228634166903,15,-3.82286341669026,7/22/2026 6:15:00 PM
JPM,19.4593649720013,15,-4.45936497200126,7/22/2026 6:30:00 PM
JPM,21.0798689911867,15.1732954545455,-5.90657353664123,7/22/2026 6:45:00 PM
JPM,21.6845464405247,14.9346590909091,-6.74988734961563,7/22/2026 7:00:00 PM
JPM,22.058326401161,14.0945247933884,-7.96380160777258,7/22/2026 7:15:00 PM
JPM,21.2167854480025,14,-7.21678544800249,7/22/2026 7:30:00 PM
JPM,20.8978021920116,13.2222222222222,-7.67557996978942,7/22/2026 7:45:00 PM
JPM,21.2031404801312,13,-8.20314048013124,7/22/2026 8:00:00 PM
JPM,21.5894133190382,13.1260330578512,-8.46338026118701,7/22/2026 8:15:00 PM
JPM,20.0172021598387,13.1155303030303,-6.90167185680839,7/22/2026 8:30:00 PM
JPM,17.7320583122498,14.2592592592593,-3.47279905299051,7/22/2026 8:45:00 PM
JPM,17.5863827281607,15,-2.58638272816069,7/22/2026 9:00:00 PM
JPM,17.2476733238788,15,-2.24767332387881,7/22/2026 9:15:00 PM
JPM,15.9326957826261,15,-0.932695782626144,7/22/2026 9:30:00 PM
JPM,15.3427462627747,15,-0.342746262774666,7/22/2026 9:45:00 PM
JPM,16.149784047285,14.3076923076923,-1.84209173959268,7/22/2026 10:00:00 PM
JPM,15.6942472283095,12,-3.69424722830948,7/22/2026 10:15:00 PM
JPM,16.7258640890848,13,-3.72586408908483,7/22/2026 10:30:00 PM
JPM,18.1889686486103,14,-4.18896864861029,7/22/2026 10:45:00 PM
JPM,17.1677982650243,14,-3.16779826502431,7/22/2026 11:00:00 PM
JPM,17.4703833330669,14,-3.47038333306685,7/22/2026 11:15:00 PM
JPM,17.8835625426387,14,-3.88356254263871,7/22/2026 11:30:00 PM
JPM,15.3831737603979,14,-1.38317376039786,7/22/2026 11:45:00 PM
JPM,10.7493225583035,14,3.25067744169655,7/23/2026 12:00:00 AM
JPM,13.4734353884511,14,0.526564611548871,7/23/2026 12:15:00 AM
JPM,15.4811900141395,14.4615384615385,-1.01965155260104,7/23/2026 12:30:00 AM
JPM,15.7494493177769,14.125,-1.62444931777687,7/23/2026 12:45:00 AM
JPM,15.5923666791229,14.125,-1.46736667912287,7/23/2026 1:00:00 AM
JPM,15.3516248373098,15,-0.351624837309755,7/23/2026 1:15:00 AM
JPM,15.5592938078361,15,-0.559293807836134,7/23/2026 1:30:00 AM
JPM,15.9755809873373,15,-0.975580987337276,7/23/2026 1:45:00 AM
JPM,15.4813846060818,15,-0.481384606081791,7/23/2026 2:00:00 AM
JPM,13.594655916088,15,1.40534408391202,7/23/2026 2:15:00 AM
JPM,15.3530229219113,15,-0.353022921911304,7/23/2026 2:30:00 AM
JPM,14.4004856145443,15,0.599514385455704,7/23/2026 2:45:00 AM
JPM,15.3911656346125,15.5632102272727,0.172044592660196,7/23/2026 3:00:00 AM
JPM,17.7183889350561,15.0693181818182,-2.64907075323794,7/23/2026 3:15:00 AM
JPM,16.5381897728608,15.5632102272727,-0.974979545588086,7/23/2026 3:30:00 AM
JPM,12.9244175469329,15.3961038961039,2.47168634917099,7/23/2026 3:45:00 AM
JPM,12.7615866146793,15,2.23841338532074,7/23/2026 4:00:00 AM
JPM,16.3953095290893,15,-1.39530952908925,7/23/2026 4:15:00 AM
JPM,17.0214703556104,15,-2.0214703556104,7/23/2026 4:30:00 AM
JPM,17.2320424981925,15,-2.23204249819249,7/23/2026 4:45:00 AM
JPM,16.3261195352039,15,-1.32611953520394,7/23/2026 5:00:00 AM
JPM,18.7239449532934,15,-3.72394495329343,7/23/2026 5:15:00 AM
JPM,17.1245436108842,14.7647058823529,-2.35983772853122,7/23/2026 5:30:00 AM
JPM,19.520001235842,15,-4.52000123584199,7/23/2026 5:45:00 AM
MRM,67.8434339878928,39.280303030303,-28.5631309575898,7/22/2026 6:00:00 PM
MRM,68.4449317186016,39.3920454545455,-29.0528862640561,7/22/2026 6:15:00 PM
MRM,68.065836580095,38.1920454545455,-29.8737911255496,7/22/2026 6:30:00 PM
MRM,69.7534819161607,37.3227272727273,-32.4307546434335,7/22/2026 6:45:00 PM
MRM,59.7871084598698,36.6988636363636,-23.0882448235062,7/22/2026 7:00:00 PM
MRM,64.6326924484835,37.0625,-27.5701924484835,7/22/2026 7:15:00 PM
MRM,63.1829672181124,37.265625,-25.9173422181124,7/22/2026 7:30:00 PM
MRM,64.6360498271688,37.0056818181818,-27.630368008987,7/22/2026 7:45:00 PM
MRM,60.9642808760522,36.7834595959596,-24.1808212800926,7/22/2026 8:00:00 PM
MRM,50.8803668510241,36.0056818181818,-14.8746850328423,7/22/2026 8:15:00 PM
MRM,56.1113921256045,37.5390151515152,-18.5723769740894,7/22/2026 8:30:00 PM
MRM,52.132212121034,37.5982744107744,-14.5339377102596,7/22/2026 8:45:00 PM
MRM,53.3148755442615,37.1208479020979,-16.1940276421636,7/22/2026 9:00:00 PM
MRM,53.7767553614554,37.5028409090909,-16.2739144523645,7/22/2026 9:15:00 PM
MRM,53.9051982029529,38.7528409090909,-15.152357293862,7/22/2026 9:30:00 PM
MRM,56.6312085753229,39.5028409090909,-17.128367666232,7/22/2026 9:45:00 PM
MRM,61.6324136649452,39.5028409090909,-22.1295727558543,7/22/2026 10:00:00 PM
MRM,64.8120019541861,39.5028409090909,-25.3091610450952,7/22/2026 10:15:00 PM
MRM,60.8681099702886,39.5028409090909,-21.3652690611977,7/22/2026 10:30:00 PM
MRM,61.3061768683649,39.5028409090909,-21.803335959274,7/22/2026 10:45:00 PM
MRM,60.6482010454757,39.5028409090909,-21.1453601363848,7/22/2026 11:00:00 PM
MRM,60.7708207878145,39.5028409090909,-21.2679798787236,7/22/2026 11:15:00 PM
MRM,70.5952907417791,39.5028409090909,-31.0924498326882,7/22/2026 11:30:00 PM
MRM,71.079194413089,40.0742694805195,-31.0049249325696,7/22/2026 11:45:00 PM
MRM,69.8658805476704,40.5606060606061,-29.3052744870643,7/23/2026 12:00:00 AM
MRM,69.253530539712,40.8494318181818,-28.4040987215302,7/23/2026 12:15:00 AM
MRM,66.7149676993953,40.2340472027972,-26.4809204965981,7/23/2026 12:30:00 AM
MRM,62.7025908825269,39.8494318181818,-22.8531590643451,7/23/2026 12:45:00 AM
MRM,67.445462792541,39.5994318181818,-27.8460309743592,7/23/2026 1:00:00 AM
MRM,62.5861546311083,39.2340472027972,-23.3521074283111,7/23/2026 1:15:00 AM
MRM,66.003473806834,39.3827651515152,-26.6207086553189,7/23/2026 1:30:00 AM
MRM,67.7432104108133,39.8494318181818,-27.8937785926315,7/23/2026 1:45:00 AM
MRM,58.1613348549566,39.8494318181818,-18.3119030367748,7/23/2026 2:00:00 AM
MRM,65.8770891853853,39.8494318181818,-26.0276573672035,7/23/2026 2:15:00 AM
MRM,68.0054436123338,39.8494318181818,-28.156011794152,7/23/2026 2:30:00 AM
MRM,69.6987511068409,39.3494318181818,-30.3493192886591,7/23/2026 2:45:00 AM
MRM,71.2691650873028,39.2244318181818,-32.044733269121,7/23/2026 3:00:00 AM
MRM,66.9231105957012,39.3494318181818,-27.5736787775193,7/23/2026 3:15:00 AM
MRM,63.2160362754703,38.8494318181818,-24.3666044572884,7/23/2026 3:30:00 AM
MRM,71.0092983968564,39.4435876623377,-31.5657107345187,7/23/2026 3:45:00 AM
MRM,60.7050426956658,38.5375,-22.1675426956659,7/23/2026 4:00:00 AM
MRM,67.407252506276,38.5028409090909,-28.9044115971851,7/23/2026 4:15:00 AM
MRM,59.5010361991551,37.7528409090909,-21.7481952900642,7/23/2026 4:30:00 AM
MRM,66.3046870522327,36.51875,-29.7859370522327,7/23/2026 4:45:00 AM
MRM,66.0486128495724,37.142701048951,-28.9059118006213,7/23/2026 5:00:00 AM
MRM,65.2445811216855,37.1575126262626,-28.0870684954229,7/23/2026 5:15:00 AM
MRM,50.6234406465415,36.1013118315508,-14.5221288149907,7/23/2026 5:30:00 AM
MRM,48.199755441096,34.3092008797654,-13.8905545613306,7/23/2026 5:45:00 AM
JPM,15.1297622820533,15,-0.129762282053266,7/23/2026 6:00:00 AM
JPM,14.8966315571704,14.8387096774194,-0.0579218797510244,7/23/2026 6:15:00 AM
JPM,13.8268355681841,14,0.173164431815946,7/23/2026 6:30:00 AM
JPM,13.6104424743175,14,0.38955752568247,7/23/2026 6:45:00 AM
JPM,13.5912843267306,14,0.408715673269423,7/23/2026 7:00:00 AM
JPM,13.6849329745973,14,0.315067025402683,7/23/2026 7:15:00 AM
JPM,13.2202762750244,14,0.77972372497557,7/23/2026 7:30:00 AM
JPM,12.6198584296839,14,1.38014157031607,7/23/2026 7:45:00 AM
JPM,12.5126002749799,14,1.48739972502009,7/23/2026 8:00:00 AM
JPM,12.5033189967764,14,1.49668100322359,7/23/2026 8:15:00 AM
JPM,13.1200252240609,14,0.879974775939061,7/23/2026 8:30:00 AM
JPM,13.202084931554,14,0.797915068445976,7/23/2026 8:45:00 AM
JPM,13.5464794180519,13.2352941176471,-0.311185300404805,7/23/2026 9:00:00 AM
JPM,15.4198569606117,13,-2.4198569606117,7/23/2026 9:15:00 AM
JPM,18.4443243157362,13,-5.4443243157362,7/23/2026 9:30:00 AM
JPM,17.9743867458561,13,-4.97438674585611,7/23/2026 9:45:00 AM
JPM,19.2731289080608,13,-6.27312890806077,7/23/2026 10:00:00 AM
JPM,15.7827064700414,13,-2.78270647004136,7/23/2026 10:15:00 AM
JPM,15.5800740025052,13.859375,-1.72069900250521,7/23/2026 10:30:00 AM
JPM,14.9333263937102,14,-0.933326393710162,7/23/2026 10:45:00 AM
JPM,10.7055505506183,13.6666666666667,2.96111611604841,7/23/2026 11:00:00 AM
JPM,13.7937354936451,14,0.206264506354902,7/23/2026 11:15:00 AM
JPM,12.4085324097614,13.9166666666667,1.50813425690528,7/23/2026 11:30:00 AM
JPM,12.1547787519241,14,1.84522124807594,7/23/2026 11:45:00 AM
JPM,12.3210561975738,13.8888888888889,1.56783269131512,7/23/2026 12:00:00 PM
JPM,12.5942584029499,14,1.40574159705007,7/23/2026 12:15:00 PM
JPM,15.4210241353612,13.4871794871795,-1.93384464818172,7/23/2026 12:30:00 PM
JPM,13.6105756013476,13,-0.610575601347634,7/23/2026 12:45:00 PM
JPM,14.7003328456534,13.7272727272727,-0.973060118380628,7/23/2026 1:00:00 PM
JPM,16.5187160306238,14,-2.51871603062384,7/23/2026 1:15:00 PM
JPM,14.8108355878885,14,-0.8108355878885,7/23/2026 1:30:00 PM
JPM,15.1891831698987,14,-1.18918316989873,7/23/2026 1:45:00 PM
JPM,12.1753660754484,14,1.82463392455163,7/23/2026 2:00:00 PM
JPM,16.2613983188818,14,-2.2613983188818,7/23/2026 2:15:00 PM
JPM,17.1293177199608,14,-3.12931771996081,7/23/2026 2:30:00 PM
JPM,15.083378463406,14,-1.08337846340603,7/23/2026 2:45:00 PM
JPM,20.1988945117171,14.3094561688312,-5.88943834288592,7/23/2026 3:00:00 PM
JPM,25.2679326321249,14.6931818181818,-10.5747508139431,7/23/2026 3:15:00 PM
JPM,25.7758324109662,14.6931818181818,-11.0826505927844,7/23/2026 3:30:00 PM
JPM,18.1075013389673,14.4583944281525,-3.64910691081476,7/23/2026 3:45:00 PM
JPM,15.0522377132958,14,-1.05223771329581,7/23/2026 4:00:00 PM
JPM,12.5947607359093,12.6060606060606,0.0112998701513423,7/23/2026 4:15:00 PM
JPM,13.1172852890506,11.0238095238095,-2.09347576524103,7/23/2026 4:30:00 PM
JPM,14.046874057634,10.8461538461538,-3.20072021148011,7/23/2026 4:45:00 PM
JPM,15.7760755620488,11,-4.77607556204883,7/23/2026 5:00:00 PM
JPM,19.4007544036625,12.5652173913043,-6.83553701235819,7/23/2026 5:15:00 PM
JPM,14.461393818846,12.5882352941176,-1.87315852472835,7/23/2026 5:30:00 PM
JPM,13.7315714904979,12,-1.73157149049791,7/23/2026 5:45:00 PM
MRM,53.234621671775,35.0367542613636,-18.1978674104113,7/23/2026 6:00:00 AM
MRM,45.6837086026146,34.2158174486804,-11.4678911539342,7/23/2026 6:15:00 AM
MRM,46.2302726072652,33.8783143939394,-12.3519582133258,7/23/2026 6:30:00 AM
MRM,44.2350758599231,33.5028409090909,-10.7322349508322,7/23/2026 6:45:00 AM
MRM,40.1333028807914,31.738135026738,-8.39516785405346,7/23/2026 7:00:00 AM
MRM,34.7241551480482,30.1802602639296,-4.54389488411859,7/23/2026 7:15:00 AM
MRM,39.9351850427631,30.10125,-9.83393504276312,7/23/2026 7:30:00 AM
MRM,36.9840010317858,31.96875,-5.01525103178579,7/23/2026 7:45:00 AM
MRM,45.1870291018558,31.68,-13.5070291018558,7/23/2026 8:00:00 AM
MRM,44.1055065482051,31.1190476190476,-12.9864589291575,7/23/2026 8:15:00 AM
MRM,48.056488240911,35.95,-12.106488240911,7/23/2026 8:30:00 AM
MRM,48.5432560628391,35,-13.5432560628391,7/23/2026 8:45:00 AM
MRM,46.9125453357697,34.4117647058824,-12.5007806298874,7/23/2026 9:00:00 AM
MRM,39.2223888079719,32.7272727272727,-6.49511608069917,7/23/2026 9:15:00 AM
MRM,35.1970248055205,31.2857142857143,-3.91131051980619,7/23/2026 9:30:00 AM
MRM,38.1216004888204,32.59375,-5.52785048882038,7/23/2026 9:45:00 AM
MRM,38.1464933796637,34.7692307692308,-3.37726261043292,7/23/2026 10:00:00 AM
MRM,37.6831692185467,32.2707741477273,-5.41239507081946,7/23/2026 10:15:00 AM
MRM,22.6316577931677,33.4416281960228,10.8099704028551,7/23/2026 10:30:00 AM
MRM,37.4928915668983,34.8444831378299,-2.64840842906839,7/23/2026 10:45:00 AM
MRM,37.9479143454755,35.3799242424242,-2.56799010305125,7/23/2026 11:00:00 AM
MRM,28.4613759234927,34.455281986532,5.9939060630393,7/23/2026 11:15:00 AM
MRM,43.3531332480671,34.1960227272727,-9.15711052079431,7/23/2026 11:30:00 AM
MRM,42.5469351335894,34.1960227272727,-8.35091240631664,7/23/2026 11:45:00 AM
MRM,35.1232786306326,34.1960227272727,-0.927255903359836,7/23/2026 12:00:00 PM
MRM,35.381844800489,34.1484036796537,-1.23344112083529,7/23/2026 12:15:00 PM
MRM,38.3371699941165,33.503715034965,-4.83345495915149,7/23/2026 12:30:00 PM
MRM,36.1521874470408,35.1525444664032,-0.999642980637624,7/23/2026 12:45:00 PM
MRM,36.1709873143426,34.2869318181818,-1.88405549616079,7/23/2026 1:00:00 PM
MRM,34.8182833652549,34.5393356643357,-0.278947700919247,7/23/2026 1:15:00 PM
MRM,34.0835948172141,34.6523654916512,0.568770674437062,7/23/2026 1:30:00 PM
MRM,41.0710053062858,34.6379419191919,-6.43306338709385,7/23/2026 1:45:00 PM
MRM,36.863158431766,36.1778675426136,-0.685290889152398,7/23/2026 2:00:00 PM
MRM,32.0640996573192,35.3614267676768,3.29732711035752,7/23/2026 2:15:00 PM
MRM,40.852028099654,35.1587752525253,-5.69325284712876,7/23/2026 2:30:00 PM
MRM,37.4311397880434,35.4901559196618,-1.94098386838164,7/23/2026 2:45:00 PM
MRM,40.599362109408,35.7329545454545,-4.86640756395342,7/23/2026 3:00:00 PM
MRM,41.6323588689723,35.7329545454545,-5.89940432351774,7/23/2026 3:15:00 PM
MRM,37.7526344057999,35.7329545454546,-2.01967986034533,7/23/2026 3:30:00 PM
MRM,33.712312233316,35.341642228739,1.629329995423,7/23/2026 3:45:00 PM
MRM,43.9203565705225,33.52,-10.4003565705225,7/23/2026 4:00:00 PM
MRM,45.1804951747557,34,-11.1804951747557,7/23/2026 4:15:00 PM
MRM,44.4478771845578,33,-11.4478771845578,7/23/2026 4:30:00 PM
MRM,36.2333595413833,33.4871794871795,-2.7461800542038,7/23/2026 4:45:00 PM
MRM,33.9509322376008,34,0.04906776239919,7/23/2026 5:00:00 PM
MRM,39.8763884715732,34.7685276679842,-5.10786080358899,7/23/2026 5:15:00 PM
MRM,38.5716771341687,33.6610962566845,-4.91058087748421,7/23/2026 5:30:00 PM
MRM,37.1419734500433,32.8308367768595,-4.3111366731838,7/23/2026 5:45:00 PM
JPM,14.4403578931889,12.8391335227273,-1.60122437046165,7/23/2026 6:00:00 PM
JPM,15.2422833343983,13.3465909090909,-1.89569242530739,7/23/2026 6:15:00 PM
JPM,15.6147299214724,13.3465909090909,-2.26813901238147,7/23/2026 6:30:00 PM
JPM,14.1554959670354,13.3465909090909,-0.808905057944456,7/23/2026 6:45:00 PM
JPM,13.5381327938574,13.7465909090909,0.208458115233519,7/23/2026 7:00:00 PM
JPM,16.7287508741666,14.3465909090909,-2.38215996507574,7/23/2026 7:15:00 PM
JPM,14.7444537029346,13.6395596590909,-1.10489404384366,7/23/2026 7:30:00 PM
JPM,12.9652312341194,13,0.0347687658805782,7/23/2026 7:45:00 PM
JPM,11.4654865324264,13.1293449197861,1.6638583873597,7/23/2026 8:00:00 PM
JPM,11.2776249088503,14.3465909090909,3.0689660002406,7/23/2026 8:15:00 PM
JPM,15.4727227141923,13.423513986014,-2.04920872817829,7/23/2026 8:30:00 PM
JPM,15.2479229463836,13.8465909090909,-1.40133203729266,7/23/2026 8:45:00 PM
JPM,16.1178621723204,14.3465909090909,-1.77127126322946,7/23/2026 9:00:00 PM
JPM,17.6111922849241,14.3465909090909,-3.26460137583321,7/23/2026 9:15:00 PM
JPM,16.3449938313697,14.3465909090909,-1.99840292227876,7/23/2026 9:30:00 PM
JPM,16.2195029945446,14.3465909090909,-1.87291208545365,7/23/2026 9:45:00 PM
JPM,15.3501046439626,14.3465909090909,-1.0035137348717,7/23/2026 10:00:00 PM
JPM,13.4372270177976,14.1260330578512,0.68880604005367,7/23/2026 10:15:00 PM
JPM,12.6162354266715,14,1.38376457332852,7/23/2026 10:30:00 PM
JPM,15.5603515010027,14.1155303030303,-1.44482119797238,7/23/2026 10:45:00 PM
JPM,14.7256009466289,13.4642857142857,-1.26131523234321,7/23/2026 11:00:00 PM
JPM,17.0357322726886,14,-3.03573227268863,7/23/2026 11:15:00 PM
JPM,16.4351972560288,14,-2.43519725602877,7/23/2026 11:30:00 PM
JPM,15.7817676465637,14,-1.78176764656373,7/23/2026 11:45:00 PM
JPM,15.9122803088508,14,-1.9122803088508,7/24/2026 12:00:00 AM
JPM,15.3770095384288,14,-1.37700953842881,7/24/2026 12:15:00 AM
JPM,14.4742293127877,14.3465909090909,-0.127638403696826,7/24/2026 12:30:00 AM
JPM,12.6977181061472,14.3465909090909,1.64887280294375,7/24/2026 12:45:00 AM
JPM,13.2034904832738,14,0.796509516726184,7/24/2026 1:00:00 AM
JPM,14.4212169757575,14,-0.421216975757542,7/24/2026 1:15:00 AM
JPM,15.2619597799802,14.5241477272727,-0.737812052707522,7/24/2026 1:30:00 AM
JPM,14.3304474179646,15,0.669552582035395,7/24/2026 1:45:00 AM
JPM,14.2510249463048,15,0.748975053695201,7/24/2026 2:00:00 AM
JPM,13.9426947902447,15,1.05730520975528,7/24/2026 2:15:00 AM
JPM,13.058154171889,14.4,1.34184582811102,7/24/2026 2:30:00 AM
JPM,13.729530437022,14,0.270469562978024,7/24/2026 2:45:00 AM
JPM,13.898050666491,14,0.101949333508996,7/24/2026 3:00:00 AM
JPM,13.9750450946015,14,0.0249549053984897,7/24/2026 3:15:00 AM
JPM,13.3121063844469,14,0.687893615553136,7/24/2026 3:30:00 AM
JPM,12.5103869759558,14,1.48961302404419,7/24/2026 3:45:00 AM
JPM,13.6277235354599,14,0.372276464540089,7/24/2026 4:00:00 AM
JPM,13.8642390612103,14,0.135760938789682,7/24/2026 4:15:00 AM
JPM,14.5467832176939,14,-0.546783217693928,7/24/2026 4:30:00 AM
JPM,15.6988375397789,15,-0.698837539778912,7/24/2026 4:45:00 AM
JPM,16.2741454540743,15,-1.27414545407426,7/24/2026 5:00:00 AM
JPM,17.7799326287041,15.0630165289256,-2.71691609977844,7/24/2026 5:15:00 AM
JPM,16.6108329201318,15.0547248803828,-1.55610803974902,7/24/2026 5:30:00 AM
JPM,16.0761075072665,15,-1.07610750726654,7/24/2026 5:45:00 AM
MRM,37.3560825859872,31.6949573863636,-5.66112519962359,7/23/2026 6:00:00 PM
MRM,39.2601887128216,32.2064393939394,-7.05374931888221,7/23/2026 6:15:00 PM
MRM,43.5474089348926,31.4166666666667,-12.130742268226,7/23/2026 6:30:00 PM
MRM,42.6968328194207,32.8461538461538,-9.85067897326689,7/23/2026 6:45:00 PM
MRM,43.4423475067978,32,-11.4423475067978,7/23/2026 7:00:00 PM
MRM,42.5577719244266,32.5263157894737,-10.0314561349529,7/23/2026 7:15:00 PM
MRM,41.9378980006162,33.1624644886364,-8.77543351197988,7/23/2026 7:30:00 PM
MRM,42.6572751928563,33.2599431818182,-9.39733201103813,7/23/2026 7:45:00 PM
MRM,43.1601621593905,32.6470588235294,-10.5131033358611,7/23/2026 8:00:00 PM
MRM,43.9806709508551,32.2857142857143,-11.6949566651408,7/23/2026 8:15:00 PM
MRM,40.277709972411,33,-7.277709972411,7/23/2026 8:30:00 PM
MRM,36.2522117926741,33,-3.25221179267412,7/23/2026 8:45:00 PM
MRM,37.4676980697185,33,-4.46769806971846,7/23/2026 9:00:00 PM
MRM,38.7510092582347,33,-5.75100925823467,7/23/2026 9:15:00 PM
MRM,35.6668344222283,33.3465909090909,-2.32024351313739,7/23/2026 9:30:00 PM
MRM,41.677452424777,32.2666666666667,-9.41078575811036,7/23/2026 9:45:00 PM
MRM,44.2298191439408,31.8666666666667,-12.3631524772742,7/23/2026 10:00:00 PM
MRM,45.0962550674896,32,-13.0962550674896,7/23/2026 10:15:00 PM
MRM,44.957273448429,32,-12.957273448429,7/23/2026 10:30:00 PM
MRM,48.6292964917324,34.7777777777778,-13.8515187139546,7/23/2026 10:45:00 PM
MRM,55.8230171503808,37.0618912337662,-18.7611259166146,7/23/2026 11:00:00 PM
MRM,55.848562143043,37.3465909090909,-18.5019712339521,7/23/2026 11:15:00 PM
MRM,54.6740840291943,36.3465909090909,-18.3274931201034,7/23/2026 11:30:00 PM
MRM,47.7512867074709,36.3465909090909,-11.40469579838,7/23/2026 11:45:00 PM
MRM,53.9367494585458,36.1960227272727,-17.7407267312731,7/24/2026 12:00:00 AM
MRM,54.7659687387536,36.481737012987,-18.2842317257665,7/24/2026 12:15:00 AM
MRM,55.1138346522351,37.1960227272727,-17.9178119249624,7/24/2026 12:30:00 AM
MRM,51.2919695892172,37.3071338383838,-13.9848357508333,7/24/2026 12:45:00 AM
MRM,50.4854246917135,38.1960227272727,-12.2894019644408,7/24/2026 1:00:00 AM
MRM,48.8748381458003,38.1960227272727,-10.6788154185276,7/24/2026 1:15:00 AM
MRM,48.1928184629705,38.1960227272727,-9.99679573569782,7/24/2026 1:30:00 AM
MRM,49.1038877719373,38.1960227272727,-10.9078650446646,7/24/2026 1:45:00 AM
MRM,43.2811050301913,38.1960227272727,-5.08508230291853,7/24/2026 2:00:00 AM
MRM,50.3179556264105,38.1960227272727,-12.1219328991378,7/24/2026 2:15:00 AM
MRM,52.2615027512351,38.6960227272727,-13.5654800239624,7/24/2026 2:30:00 AM
MRM,48.3670903458612,37.3203125,-11.0467778458612,7/24/2026 2:45:00 AM
MRM,34.7325817234722,33.6931818181818,-1.03939990529035,7/24/2026 3:00:00 AM
MRM,35.5528710013486,34.2765151515151,-1.27635584983341,7/24/2026 3:15:00 AM
MRM,42.9829025600545,34.4431818181818,-8.53972074187264,7/24/2026 3:30:00 AM
MRM,37.1157355195412,33.8598484848485,-3.2558870346927,7/24/2026 3:45:00 AM
MRM,44.467079737617,34.8798076923077,-9.58727204530929,7/24/2026 4:00:00 AM
MRM,43.9700042256268,35.325487012987,-8.64451721263976,7/24/2026 4:15:00 AM
MRM,41.8013642337563,36.0397727272727,-5.76159150648354,7/24/2026 4:30:00 AM
MRM,39.9374915880162,35.9357954545455,-4.00169613347079,7/24/2026 4:45:00 AM
MRM,39.1096023453665,35.0866477272727,-4.02295461809378,7/24/2026 5:00:00 AM
MRM,43.7481694451847,35,-8.74816944518472,7/24/2026 5:15:00 AM
MRM,37.8734983522196,35,-2.87349835221958,7/24/2026 5:30:00 AM
MRM,37.2982093049987,34.3343531468531,-2.96385615814557,7/24/2026 5:45:00 AM
JPM,15.885156642191,15,-0.885156642191005,7/24/2026 6:00:00 AM
JPM,12.998135734969,15,2.00186426503097,7/24/2026 6:15:00 AM
JPM,14.6420889415037,15,0.357911058496303,7/24/2026 6:30:00 AM
JPM,14.4007938725474,14.6206896551724,0.219895782625036,7/24/2026 6:45:00 AM
JPM,13.7053159292093,14,0.294684070790749,7/24/2026 7:00:00 AM
JPM,19.973606194348,14,-5.97360619434795,7/24/2026 7:15:00 AM
JPM,14.3512960893675,14,-0.351296089367528,7/24/2026 7:30:00 AM
JPM,14.3372046292107,14.4375,0.100295370789315,7/24/2026 7:45:00 AM
JPM,12.9776500114089,15,2.02234998859109,7/24/2026 8:00:00 AM
JPM,11.9031379599309,15,3.09686204006907,7/24/2026 8:15:00 AM
JPM,12.322788986235,15,2.67721101376496,7/24/2026 8:30:00 AM
JPM,12.5145660071127,15,2.48543399288731,7/24/2026 8:45:00 AM
JPM,13.8765856902175,15,1.12341430978253,7/24/2026 9:00:00 AM
JPM,14.5802008706178,15.2805735930736,0.700372722455828,7/24/2026 9:15:00 AM
JPM,14.9949670745327,15.3465909090909,0.351623834558184,7/24/2026 9:30:00 AM
JPM,17.7024044921236,15.2952441077441,-2.40716038437944,7/24/2026 9:45:00 AM
JPM,19.6929815429141,15,-4.69298154291409,7/24/2026 10:00:00 AM
JPM,18.1708985508287,15,-3.17089855082875,7/24/2026 10:15:00 AM
JPM,18.6024264884384,14.8260869565217,-3.77633953191665,7/24/2026 10:30:00 AM
JPM,11.6580092179063,14,2.34199078209374,7/24/2026 10:45:00 AM
JPM,8.48918138738653,14.9411764705882,6.4519950832017,7/24/2026 11:00:00 AM
JPM,10.944942927119,14.7221407624633,3.77719783534437,7/24/2026 11:15:00 AM
JPM,11.8448716669867,15.0462121212121,3.2013404542254,7/24/2026 11:30:00 AM
JPM,11.8653182422251,15,3.13468175777494,7/24/2026 11:45:00 AM
JPM,12.8297313948217,14.6666666666667,1.83693527184497,7/24/2026 12:00:00 PM
JPM,13.1235685951256,14,0.876431404874381,7/24/2026 12:15:00 PM
JPM,12.7210247245153,14,1.27897527548467,7/24/2026 12:30:00 PM
JPM,12.2826114171019,14,1.7173885828981,7/24/2026 12:45:00 PM
JPM,12.764114853184,14,1.23588514681602,7/24/2026 1:00:00 PM
JPM,12.1834525489846,14,1.81654745101544,7/24/2026 1:15:00 PM
JPM,11.8013785694513,14,2.19862143054869,7/24/2026 1:30:00 PM
JPM,11.4671215121967,14,2.53287848780333,7/24/2026 1:45:00 PM
JPM,11.112949181536,14,2.88705081846401,7/24/2026 2:00:00 PM
JPM,11.4523418768409,14,2.54765812315909,7/24/2026 2:15:00 PM
JPM,12.2057400622049,14,1.79425993779511,7/24/2026 2:30:00 PM
JPM,12.3912022565523,14,1.60879774344771,7/24/2026 2:45:00 PM
JPM,12.0884394686366,14,1.91156053136337,7/24/2026 3:00:00 PM
JPM,12.4561299418589,13.88,1.42387005814111,7/24/2026 3:15:00 PM
JPM,13.9444293292297,13,-0.944429329229688,7/24/2026 3:30:00 PM
JPM,15.1351834474745,13,-2.13518344747453,7/24/2026 3:45:00 PM
JPM,15.6057508065991,13,-2.60575080659914,7/24/2026 4:00:00 PM
JPM,15.5702314844477,13,-2.57023148444772,7/24/2026 4:15:00 PM
JPM,17.4166959462714,13.7058823529412,-3.71081359333025,7/24/2026 4:30:00 PM
JPM,18.3261826736089,14.4375,-3.88868267360892,7/24/2026 4:45:00 PM
JPM,18.4419128804233,15,-3.44191288042331,7/24/2026 5:00:00 PM
JPM,17.6136249612259,14.6666666666667,-2.94695829455928,7/24/2026 5:15:00 PM
JPM,11.9006315646637,13.9047619047619,2.00413034009823,7/24/2026 5:30:00 PM
JPM,8.05356189996095,10.1818181818182,2.12825628185724,7/24/2026 5:45:00 PM
MRM,25.5166485058409,34.7375541125541,9.22090560671323,7/24/2026 6:00:00 AM
MRM,27.6035170241707,34.0397727272727,6.43625570310207,7/24/2026 6:15:00 AM
MRM,35.0889170438738,34.0397727272727,-1.04914431660104,7/24/2026 6:30:00 AM
MRM,34.146461046632,33.3156347962383,-0.830826250393727,7/24/2026 6:45:00 AM
MRM,41.7496689321607,32.480949197861,-9.26871973429969,7/24/2026 7:00:00 AM
MRM,41.1642286531102,32.5217004381161,-8.64252821499417,7/24/2026 7:15:00 AM
MRM,40.8756666724644,32.8181818181818,-8.05748485428261,7/24/2026 7:30:00 AM
MRM,38.5919791787419,31.8023792613636,-6.7895999173783,7/24/2026 7:45:00 AM
MRM,38.8889327207977,32.1034482758621,-6.78548444493558,7/24/2026 8:00:00 AM
MRM,37.3710140353291,33.1724137931034,-4.19860024222569,7/24/2026 8:15:00 AM
MRM,39.4230036622796,38.6470588235294,-0.775944838750213,7/24/2026 8:30:00 AM
MRM,42.0831226258401,36.6896551724138,-5.3934674534263,7/24/2026 8:45:00 AM
MRM,39.0954762830401,35,-4.09547628304014,7/24/2026 9:00:00 AM
MRM,38.0455441769027,32.1904761904762,-5.85506798642647,7/24/2026 9:15:00 AM
MRM,34.8644947456871,35.8421052631579,0.977610517470843,7/24/2026 9:30:00 AM
MRM,39.4161378966204,36.2695707070707,-3.14656718954971,7/24/2026 9:45:00 AM
MRM,37.836396623538,34.5688131313131,-3.26758349222488,7/24/2026 10:00:00 AM
MRM,35.456777030844,30.0132575757576,-5.44351945508641,7/24/2026 10:15:00 AM
MRM,33.2108321405071,29.3599308300395,-3.85090131046757,7/24/2026 10:30:00 AM
MRM,33.6634710300461,30.2958096590909,-3.36766137095518,7/24/2026 10:45:00 AM
MRM,35.5616111869912,29.1176470588235,-6.44396412816764,7/24/2026 11:00:00 AM
MRM,39.8771108609645,30.8064516129032,-9.07065924806127,7/24/2026 11:15:00 AM
MRM,41.9393574981446,31.8666666666667,-10.072690831478,7/24/2026 11:30:00 AM
MRM,41.0518399121638,32.8208732057416,-8.23096670642213,7/24/2026 11:45:00 AM
MRM,37.4799527298105,33.7329545454545,-3.74699818435593,7/24/2026 12:00:00 PM
MRM,35.517578769608,34.8483391608392,-0.669239608768855,7/24/2026 12:15:00 PM
MRM,37.1130855004259,34.238474025974,-2.87461147445184,7/24/2026 12:30:00 PM
MRM,38.7735318986851,35.3052272727273,-3.46830462595786,7/24/2026 12:45:00 PM
MRM,35.8350753743817,35.0628787878788,-0.772196586502865,7/24/2026 1:00:00 PM
MRM,36.6427029358125,34.6931818181818,-1.94952111763062,7/24/2026 1:15:00 PM
MRM,39.74942809122,34.7384178321678,-5.01101025905215,7/24/2026 1:30:00 PM
MRM,31.9759857572893,36.3630865102639,4.38710075297466,7/24/2026 1:45:00 PM
MRM,38.278152078452,36.5329545454545,-1.74519753299747,7/24/2026 2:00:00 PM
MRM,31.6167202865147,36.235628342246,4.61890805573126,7/24/2026 2:15:00 PM
MRM,39.0739985377335,32.9478754940711,-6.12612304366235,7/24/2026 2:30:00 PM
MRM,36.3014548050148,32.4261363636364,-3.87531844137846,7/24/2026 2:45:00 PM
MRM,28.0062270846728,32.4261363636364,4.4199092789636,7/24/2026 3:00:00 PM
MRM,25.4288298660638,31.3061363636364,5.87730649757253,7/24/2026 3:15:00 PM
MRM,25.8890311673274,29.4261363636364,3.53710519630892,7/24/2026 3:30:00 PM
MRM,30.3620658748596,29.4261363636364,-0.935929511223232,7/24/2026 3:45:00 PM
MRM,30.7716468620377,28.3844696969697,-2.38717716506797,7/24/2026 4:00:00 PM
MRM,35.5182993156419,29.1908422459893,-6.3274570696526,7/24/2026 4:15:00 PM
MRM,36.3703438170449,29.6026069518717,-6.76773686517321,7/24/2026 4:30:00 PM
MRM,41.0800423268601,30.8419744318182,-10.2380678950419,7/24/2026 4:45:00 PM
MRM,37.9965557206341,30.3686363636364,-7.6279193569977,7/24/2026 5:00:00 PM
MRM,38.641226850458,29.3712121212121,-9.27001472924593,7/24/2026 5:15:00 PM
MRM,37.8476341796035,28.7426948051948,-9.10493937440867,7/24/2026 5:30:00 PM
MRM,37.3799817832455,28.6301652892562,-8.74981649398926,7/24/2026 5:45:00 PM
JPM,7.86391805721483,11,3.13608194278517,7/24/2026 6:00:00 PM
JPM,6.96703251202008,10.2,3.23296748797992,7/24/2026 6:15:00 PM
JPM,7.35840901347786,10,2.64159098652214,7/24/2026 6:30:00 PM
JPM,7.58075595965536,8.90909090909091,1.32833494943555,7/24/2026 6:45:00 PM
JPM,7.55016462896483,8,0.449835371035173,7/24/2026 7:00:00 PM
JPM,7.1400242745848,8,0.8599757254152,7/24/2026 7:15:00 PM
JPM,7.23882943117622,8,0.761170568823778,7/24/2026 7:30:00 PM
JPM,6.78779165682504,8,1.21220834317496,7/24/2026 7:45:00 PM
JPM,5.42696130232694,8,2.57303869767306,7/24/2026 8:00:00 PM
JPM,6.5792802302424,9.9375,3.3582197697576,7/24/2026 8:15:00 PM
JPM,8.42630083253775,12,3.57369916746225,7/24/2026 8:30:00 PM
JPM,11.3211354121059,12,0.678864587894124,7/24/2026 8:45:00 PM
JPM,13.4195557707364,12.9473684210526,-0.472187349683745,7/24/2026 9:00:00 PM
JPM,9.87450779326266,12.6842105263158,2.80970273305313,7/24/2026 9:15:00 PM
JPM,10.4876784645607,12,1.5123215354393,7/24/2026 9:30:00 PM
JPM,12.2680951316105,11.7692307692308,-0.498864362379702,7/24/2026 9:45:00 PM
JPM,12.6456601281404,11.3333333333333,-1.31232679480703,7/24/2026 10:00:00 PM
JPM,13.5011081197701,13.047619047619,-0.453489072151079,7/24/2026 10:15:00 PM
JPM,13.0546521359906,12.4,-0.65465213599056,7/24/2026 10:30:00 PM
JPM,12.1641335814485,12,-0.164133581448516,7/24/2026 10:45:00 PM
JPM,11.7104583687472,12,0.28954163125284,7/24/2026 11:00:00 PM
JPM,11.7394019902473,12,0.260598009752735,7/24/2026 11:15:00 PM
JPM,11.939644465661,12,0.0603555343390436,7/24/2026 11:30:00 PM
JPM,10.2379682993141,12,1.7620317006859,7/24/2026 11:45:00 PM
JPM,9.75722183695286,12,2.24277816304714,7/25/2026 12:00:00 AM
JPM,11.6873659809962,12,0.312634019003765,7/25/2026 12:15:00 AM
JPM,13.6962334573189,12,-1.69623345731887,7/25/2026 12:30:00 AM
JPM,14.0704734950617,12.1538461538462,-1.9166273412155,7/25/2026 12:45:00 AM
JPM,13.594748912608,13.4285714285714,-0.166177484036551,7/25/2026 1:00:00 AM
JPM,13.6768143623944,14.2352941176471,0.558479755252618,7/25/2026 1:15:00 AM
JPM,12.9638636627733,15,2.03613633722665,7/25/2026 1:30:00 AM
JPM,13.063311644354,14.0666666666667,1.00335502231269,7/25/2026 1:45:00 AM
JPM,13.2686606634362,14,0.731339336563751,7/25/2026 2:00:00 AM
JPM,13.695487465433,14,0.304512534566985,7/25/2026 2:15:00 AM
JPM,14.661263166925,13.1333333333333,-1.52792983359165,7/25/2026 2:30:00 AM
JPM,14.943397677609,13.8333333333333,-1.11006434427562,7/25/2026 2:45:00 AM
JPM,13.1229280502522,14.1052631578947,0.982335107642525,7/25/2026 3:00:00 AM
JPM,13.482891405761,14,0.51710859423903,7/25/2026 3:15:00 AM
JPM,14.3406496088242,14,-0.340649608824208,7/25/2026 3:30:00 AM
JPM,15.3121909693127,14,-1.31219096931272,7/25/2026 3:45:00 AM
JPM,15.4633334379087,14.0666666666667,-1.39666677124203,7/25/2026 4:00:00 AM
JPM,14.0803527684586,14.75,0.669647231541427,7/25/2026 4:15:00 AM
JPM,13.6236928761941,13.4210526315789,-0.20264024461518,7/25/2026 4:30:00 AM
JPM,14.0928721907131,13,-1.09287219071314,7/25/2026 4:45:00 AM
JPM,13.6003168276735,14.0231060606061,0.422789232932553,7/25/2026 5:00:00 AM
JPM,13.4006759207804,14,0.599324079219569,7/25/2026 5:15:00 AM
JPM,13.2761385830838,14,0.723861416916241,7/25/2026 5:30:00 AM
JPM,14.1708474979454,14,-0.170847497945374,7/25/2026 5:45:00 AM
MRM,38.858072900477,29.9755681818182,-8.88250471865886,7/24/2026 6:00:00 PM
MRM,43.8777138079077,30.7261363636364,-13.1515774442713,7/24/2026 6:15:00 PM
MRM,42.0890352111034,32.2128496503496,-9.8761855607537,7/24/2026 6:30:00 PM
MRM,35.803275025208,31.7959710743802,-4.0073039508278,7/24/2026 6:45:00 PM
MRM,34.4690899047219,31.7329545454546,-2.73613535926737,7/24/2026 7:00:00 PM
MRM,34.6566289762678,30.8866978609626,-3.7699311153052,7/24/2026 7:15:00 PM
MRM,38.8737409248698,30.5227272727273,-8.35101365214255,7/24/2026 7:30:00 PM
MRM,36.7205504047077,31.2954545454545,-5.42509585925318,7/24/2026 7:45:00 PM
MRM,39.3518188510375,31.7544466403162,-7.59737221072127,7/24/2026 8:00:00 PM
MRM,34.6004475273349,30.0113636363636,-4.58908389097125,7/24/2026 8:15:00 PM
MRM,32.9158572830041,30.1090909090909,-2.80676637391322,7/24/2026 8:30:00 PM
MRM,35.0494085353011,31.0397727272727,-4.00963580802839,7/24/2026 8:45:00 PM
MRM,38.9004536528698,31.4264354066986,-7.47401824617118,7/24/2026 9:00:00 PM
MRM,36.3091372152836,31.3863636363636,-4.92277357892,7/24/2026 9:15:00 PM
MRM,36.8132151761351,32.756734006734,-4.0564811694011,7/24/2026 9:30:00 PM
MRM,34.6391228672185,33.3863636363636,-1.25275923085484,7/24/2026 9:45:00 PM
MRM,37.4636695335117,34.2530303030303,-3.21063923048141,7/24/2026 10:00:00 PM
MRM,39.4681558186011,35.3095238095238,-4.15863200907729,7/24/2026 10:15:00 PM
MRM,36.9156821344694,34.6329545454546,-2.28272758901486,7/24/2026 10:30:00 PM
MRM,33.270633566093,34.5982954545455,1.32766188845248,7/24/2026 10:45:00 PM
MRM,38.8557632626666,34.3863636363636,-4.46939962630292,7/24/2026 11:00:00 PM
MRM,35.8742734543162,34.3863636363636,-1.48790981795261,7/24/2026 11:15:00 PM
MRM,41.4599616908155,33.8724173553719,-7.58754433544359,7/24/2026 11:30:00 PM
MRM,43.207853225052,33.7329545454546,-9.47489867959741,7/24/2026 11:45:00 PM
MRM,43.1944456615088,37.2329545454546,-5.96149111605428,7/25/2026 12:00:00 AM
MRM,38.3167748751902,38.7329545454546,0.416179670264356,7/25/2026 12:15:00 AM
MRM,37.7665958992158,38.4388368983957,0.672240999179898,7/25/2026 12:30:00 AM
MRM,39.6571775666801,37.7329545454546,-1.92422302122556,7/25/2026 12:45:00 AM
MRM,44.7727278857731,37.661525974026,-7.11120191174714,7/25/2026 1:00:00 AM
MRM,40.9723855908239,33.380013368984,-7.59237222183999,7/25/2026 1:15:00 AM
MRM,41.2547905223253,32.7329545454545,-8.52183597687077,7/25/2026 1:30:00 AM
MRM,40.7499844975618,34.5996212121212,-6.15036328544053,7/25/2026 1:45:00 AM
MRM,40.3742861378913,33.5107323232323,-6.86355381465898,7/25/2026 2:00:00 AM
MRM,41.1881392001565,34.161525974026,-7.02661322613047,7/25/2026 2:15:00 AM
MRM,35.6422017786314,33.9996212121212,-1.64258056651016,7/25/2026 2:30:00 AM
MRM,39.3075650453256,35.0885416666667,-4.21902337865897,7/25/2026 2:45:00 AM
MRM,37.9938605535603,35.7547846889952,-2.23907586456507,7/25/2026 3:00:00 AM
MRM,39.0352610020882,37.2613636363636,-1.77389736572453,7/25/2026 3:15:00 AM
MRM,41.4920519322638,37.6863636363636,-3.80568829590016,7/25/2026 3:30:00 AM
MRM,44.5343060081323,38.3863636363636,-6.14794237176868,7/25/2026 3:45:00 AM
MRM,43.6310369503125,38.6405303030303,-4.99050664728219,7/25/2026 4:00:00 AM
MRM,36.501205685277,37.7329545454546,1.2317488601776,7/25/2026 4:15:00 AM
MRM,36.4507476283334,37.7329545454545,1.28220691712109,7/25/2026 4:30:00 AM
MRM,41.4800781199464,37.7329545454546,-3.74712357449181,7/25/2026 4:45:00 AM
MRM,30.6450383076558,38.5329545454546,7.88791623779872,7/25/2026 5:00:00 AM
MRM,35.668241681678,37.6390374331551,1.97079575147706,7/25/2026 5:15:00 AM
MRM,30.8014417658265,35.4117647058824,4.61032294005586,7/25/2026 5:30:00 AM
MRM,34.7962142638026,31.8571428571429,-2.93907140665976,7/25/2026 5:45:00 AM
JPM,14.3415828623951,14,-0.341582862395102,7/25/2026 6:00:00 AM
JPM,14.9987840618879,14,-0.998784061887932,7/25/2026 6:15:00 AM
JPM,14.49646958855,14,-0.49646958854998,7/25/2026 6:30:00 AM
JPM,16.6217872984212,14,-2.62178729842118,7/25/2026 6:45:00 AM
JPM,16.6909745705484,14,-2.69097457054835,7/25/2026 7:00:00 AM
JPM,15.9781703352612,14,-1.97817033526116,7/25/2026 7:15:00 AM
JPM,16.2486388773703,14,-2.24863887737028,7/25/2026 7:30:00 AM
JPM,15.5019323233349,14,-1.50193232333488,7/25/2026 7:45:00 AM
JPM,15.0408742080724,14,-1.04087420807238,7/25/2026 8:00:00 AM
JPM,15.5455487607917,13.9666666666667,-1.57888209412507,7/25/2026 8:15:00 AM
JPM,16.6949271066203,13,-3.6949271066203,7/25/2026 8:30:00 AM
JPM,15.1608334953161,13,-2.16083349531614,7/25/2026 8:45:00 AM
JPM,17.8517547188932,13,-4.85175471889317,7/25/2026 9:00:00 AM
JPM,20.6697106413505,13,-7.66971064135053,7/25/2026 9:15:00 AM
JPM,17.7538027210776,13,-4.75380272107759,7/25/2026 9:30:00 AM
JPM,15.8129465654815,13.0588235294118,-2.75412303606974,7/25/2026 9:45:00 AM
JPM,15.1742356756235,14.0433238636364,-1.13091181198717,7/25/2026 10:00:00 AM
JPM,14.443423602121,14,-0.443423602120957,7/25/2026 10:15:00 AM
JPM,14.6822129363728,14,-0.682212936372803,7/25/2026 10:30:00 AM
JPM,14.9853247648863,14,-0.985324764886336,7/25/2026 10:45:00 AM
JPM,15.0510524021383,14,-1.05105240213828,7/25/2026 11:00:00 AM
JPM,14.7158146716971,14,-0.715814671697148,7/25/2026 11:15:00 AM
JPM,17.2512543991222,14,-3.25125439912217,7/25/2026 11:30:00 AM
JPM,16.0299067359772,14,-2.02990673597718,7/25/2026 11:45:00 AM
JPM,17.1672630499009,14,-3.16726304990092,7/25/2026 12:00:00 PM
JPM,17.97834565068,14,-3.97834565067998,7/25/2026 12:15:00 PM
JPM,18.2958304062269,13.9117647058824,-4.38406570034454,7/25/2026 12:30:00 PM
JPM,17.8300370104859,14,-3.8300370104859,7/25/2026 12:45:00 PM
JPM,18.5402942353806,14,-4.54029423538056,7/25/2026 1:00:00 PM
JPM,18.1100156888144,14.1237824675325,-3.98623322128194,7/25/2026 1:15:00 PM
JPM,18.216830777124,14.0936732186732,-4.12315755845074,7/25/2026 1:30:00 PM
JPM,17.9576382197956,14,-3.95763821979557,7/25/2026 1:45:00 PM
JPM,19.6273603945011,14,-5.62736039450109,7/25/2026 2:00:00 PM
JPM,20.8214491817515,14,-6.82144918175153,7/25/2026 2:15:00 PM
JPM,21.0472552174756,14.5609756097561,-6.48627960771948,7/25/2026 2:30:00 PM
JPM,20.7099913862059,15,-5.70999138620589,7/25/2026 2:45:00 PM
JPM,20.5591139989418,15,-5.55911399894183,7/25/2026 3:00:00 PM
JPM,21.3120784842939,14.7547169811321,-6.5573615031618,7/25/2026 3:15:00 PM
JPM,19.243292878671,14,-5.24329287867105,7/25/2026 3:30:00 PM
JPM,18.6622613508332,14,-4.66226135083322,7/25/2026 3:45:00 PM
JPM,15.8117225651418,13.75,-2.06172256514182,7/25/2026 4:00:00 PM
JPM,16.7196156678197,13.2093023255814,-3.51031334223829,7/25/2026 4:15:00 PM
JPM,15.1525455910977,13.0288825757576,-2.12366301534012,7/25/2026 4:30:00 PM
JPM,14.2510411292617,13.3666666666667,-0.884374462595034,7/25/2026 4:45:00 PM
JPM,14.1916578440083,14.8636363636364,0.671978519628022,7/25/2026 5:00:00 PM
JPM,17.1761415776487,15.2599431818182,-1.91619839583051,7/25/2026 5:15:00 PM
JPM,15.9630558334554,14.9943181818182,-0.968737651637184,7/25/2026 5:30:00 PM
JPM,13.0539808112619,14.4379058441558,1.38392503289396,7/25/2026 5:45:00 PM
MRM,36.7407682940858,36.0706168831169,-0.670151410968884,7/25/2026 6:00:00 AM
MRM,35.8848844124536,36.3271103896104,0.442225977156767,7/25/2026 6:15:00 AM
MRM,37.0205753944837,36.1440274841438,-0.876547910339994,7/25/2026 6:30:00 AM
MRM,40.9795551220313,36.0795454545455,-4.90000966748585,7/25/2026 6:45:00 AM
MRM,38.2254669294297,36.1081168831169,-2.11735004631277,7/25/2026 7:00:00 AM
MRM,33.155826462883,35.8196022727273,2.66377580984424,7/25/2026 7:15:00 AM
MRM,34.4120341073273,35.7329545454545,1.32092043812726,7/25/2026 7:30:00 AM
MRM,34.5437630491721,35.7329545454545,1.18919149628244,7/25/2026 7:45:00 AM
MRM,35.1875800477183,34.8433857808858,-0.34419426683251,7/25/2026 8:00:00 AM
MRM,31.251750334494,35.1320075757576,3.88025724126356,7/25/2026 8:15:00 AM
MRM,28.8424549531922,36.0798701298701,7.23741517667792,7/25/2026 8:30:00 AM
MRM,27.4093728842055,35.0795454545455,7.67017257033993,7/25/2026 8:45:00 AM
MRM,38.6579289897732,33.7765151515152,-4.88141383825805,7/25/2026 9:00:00 AM
MRM,34.758810495031,30.4308968058968,-4.32791368913423,7/25/2026 9:15:00 AM
MRM,35.3785420863004,28.5634164222874,-6.81512566401299,7/25/2026 9:30:00 AM
MRM,41.2728146839633,29.7451537433155,-11.5276609406478,7/25/2026 9:45:00 AM
MRM,34.608129324721,29.4147727272727,-5.19335659744821,7/25/2026 10:00:00 AM
MRM,37.1562489487211,28.9681818181818,-8.18806713053928,7/25/2026 10:15:00 AM
MRM,42.878491475399,29.7331818181818,-13.1453096572171,7/25/2026 10:30:00 AM
MRM,40.4553980219463,30.2840909090909,-10.1713071128554,7/25/2026 10:45:00 AM
MRM,34.5142745921358,30.0166666666667,-4.4976079254691,7/25/2026 11:00:00 AM
MRM,39.0622114501869,31.0795454545455,-7.98266599564149,7/25/2026 11:15:00 AM
MRM,41.9934926598425,30.0795454545454,-11.913947205297,7/25/2026 11:30:00 AM
MRM,40.8037794842026,30.355407523511,-10.4483719606916,7/25/2026 11:45:00 AM
MRM,37.151712607267,30.1802685950413,-6.97144401222572,7/25/2026 12:00:00 PM
MRM,38.5271838757628,31.2431818181818,-7.28400205758096,7/25/2026 12:15:00 PM
MRM,34.5019207493481,30.2814171122995,-4.22050363704864,7/25/2026 12:30:00 PM
MRM,31.7278022442996,29.6931818181818,-2.03462042611774,7/25/2026 12:45:00 PM
MRM,32.5429452532259,31.5931818181818,-0.949763435044112,7/25/2026 1:00:00 PM
MRM,33.721039097293,34.1217532467532,0.400714149460249,7/25/2026 1:15:00 PM
MRM,38.2749473070932,35.5580466830467,-2.71690062404654,7/25/2026 1:30:00 PM
MRM,36.7271350750795,35.5743006993007,-1.15283437577877,7/25/2026 1:45:00 PM
MRM,30.7005371990399,33.4285714285714,2.72803422953158,7/25/2026 2:00:00 PM
MRM,34.8252085983274,33.0208333333333,-1.80437526499409,7/25/2026 2:15:00 PM
MRM,36.3850300606754,35.6341463414634,-0.750883719211963,7/25/2026 2:30:00 PM
MRM,34.1078098361775,35.45,1.34219016382248,7/25/2026 2:45:00 PM
MRM,30.509185670236,34.64,4.13081432976398,7/25/2026 3:00:00 PM
MRM,31.7859901905554,32.7737993138937,0.987809123338227,7/25/2026 3:15:00 PM
MRM,37.9755015627282,32.1803613053613,-5.79514025736687,7/25/2026 3:30:00 PM
MRM,36.5370465985292,30.3977272727273,-6.1393193258019,7/25/2026 3:45:00 PM
MRM,41.4561702028581,31.4528093434344,-10.0033608594237,7/25/2026 4:00:00 PM
MRM,38.6568301004088,30.7647991543341,-7.89203094607475,7/25/2026 4:15:00 PM
MRM,40.5866292169115,30.6931818181818,-9.89344739872962,7/25/2026 4:30:00 PM
MRM,45.5823202752551,30.5265151515152,-15.05580512374,7/25/2026 4:45:00 PM
MRM,45.4773328971555,32.5113636363636,-12.9659692607919,7/25/2026 5:00:00 PM
MRM,48.4780684116241,31.4431818181818,-17.0348865934423,7/25/2026 5:15:00 PM
MRM,40.6143621456274,31.2132352941176,-9.40112685150975,7/25/2026 5:30:00 PM
MRM,26.269140994475,28.1704545454545,1.90131355097957,7/25/2026 5:45:00 PM
JPM,12.5423601786927,14.6931818181818,2.15082163948908,7/25/2026 6:00:00 PM
JPM,12.8040566056645,13.3961038961039,0.592047290439394,7/25/2026 6:15:00 PM
JPM,13.8676207020736,13,-0.867620702073607,7/25/2026 6:30:00 PM
JPM,16.3982093475746,13,-3.3982093475746,7/25/2026 6:45:00 PM
JPM,17.6801126235253,13,-4.68011262352525,7/25/2026 7:00:00 PM
JPM,16.3456087811176,13,-3.34560878111758,7/25/2026 7:15:00 PM
JPM,16.2293079886426,13,-3.22930798864259,7/25/2026 7:30:00 PM
JPM,14.752723403544,13,-1.75272340354399,7/25/2026 7:45:00 PM
JPM,13.5585813309714,13.9704545454545,0.41187321448316,7/25/2026 8:00:00 PM
JPM,13.2646160582608,14.0397727272727,0.77515666901194,7/25/2026 8:15:00 PM
JPM,12.8455677773712,14.7731060606061,1.92753828323486,7/25/2026 8:30:00 PM
JPM,12.3136434520299,15.0397727272727,2.72612927524279,7/25/2026 8:45:00 PM
JPM,12.0053926723051,14.6931818181818,2.68778914587671,7/25/2026 9:00:00 PM
JPM,12.018934114076,14.1732954545455,2.15436134046942,7/25/2026 9:15:00 PM
JPM,10.8200477439685,14,3.17995225603152,7/25/2026 9:30:00 PM
JPM,10.3899372183407,14,3.61006278165935,7/25/2026 9:45:00 PM
JPM,12.0600812203699,14,1.93991877963008,7/25/2026 10:00:00 PM
JPM,13.2521986741202,14,0.747801325879836,7/25/2026 10:15:00 PM
JPM,14.5417035451854,14,-0.541703545185413,7/25/2026 10:30:00 PM
JPM,15.1741158035117,14.3846153846154,-0.789500418896296,7/25/2026 10:45:00 PM
JPM,14.8483328748137,15,0.15166712518633,7/25/2026 11:00:00 PM
JPM,14.0559442969326,15.375,1.3190557030674,7/25/2026 11:15:00 PM
JPM,14.1608276112886,15.2,1.03917238871136,7/25/2026 11:30:00 PM
JPM,15.3386731367473,14.875,-0.463673136747319,7/25/2026 11:45:00 PM
JPM,15.227158672764,14,-1.22715867276399,7/26/2026 12:00:00 AM
JPM,15.0299289700347,13.7692307692308,-1.2606982008039,7/26/2026 12:15:00 AM
JPM,14.6030753993387,13,-1.60307539933872,7/26/2026 12:30:00 AM
JPM,14.6726970850609,13,-1.67269708506087,7/26/2026 12:45:00 AM
JPM,15.9252196377464,13,-2.9252196377464,7/26/2026 1:00:00 AM
JPM,15.9970896037751,13,-2.99708960377514,7/26/2026 1:15:00 AM
JPM,16.3181002473374,13,-3.31810024733744,7/26/2026 1:30:00 AM
JPM,16.900228495638,13,-3.90022849563805,7/26/2026 1:45:00 AM
JPM,17.256887464137,13,-4.25688746413704,7/26/2026 2:00:00 AM
JPM,16.5844291677158,13,-3.58442916771583,7/26/2026 2:15:00 AM
JPM,16.1201467496583,13.5,-2.62014674965826,7/26/2026 2:30:00 AM
JPM,16.0287473085246,14,-2.02874730852464,7/26/2026 2:45:00 AM
JPM,15.9515791922927,14,-1.9515791922927,7/26/2026 3:00:00 AM
JPM,15.6523627314627,13.625,-2.02736273146267,7/26/2026 3:15:00 AM
JPM,16.269606520056,13,-3.26960652005597,7/26/2026 3:30:00 AM
JPM,15.5712097637435,13,-2.57120976374349,7/26/2026 3:45:00 AM
JPM,14.6114297495652,13,-1.61142974956523,7/26/2026 4:00:00 AM
JPM,15.9439545928517,13.4,-2.54395459285174,7/26/2026 4:15:00 AM
JPM,14.3069493892492,14,-0.306949389249219,7/26/2026 4:30:00 AM
JPM,13.6487239256901,14,0.351276074309915,7/26/2026 4:45:00 AM
JPM,14.8764145967763,14.2520661157025,-0.624348481073778,7/26/2026 5:00:00 AM
JPM,14.6060724047548,14.5198863636364,-0.0861860411184772,7/26/2026 5:15:00 AM
JPM,14.8277790228859,14.3465909090909,-0.481188113794941,7/26/2026 5:30:00 AM
JPM,17.0559621220947,14.7659457478006,-2.29001637429409,7/26/2026 5:45:00 AM
MRM,26.4556681558044,27.0278409090909,0.572172753286512,7/25/2026 6:00:00 PM
MRM,40.3327378182491,30.0186688311688,-10.3140689870802,7/25/2026 6:15:00 PM
MRM,40.0576521673809,29.8238636363636,-10.2337885310172,7/25/2026 6:30:00 PM
MRM,44.3241785974492,29.3996212121212,-14.9245573853279,7/25/2026 6:45:00 PM
MRM,46.0303619787882,30.7329545454546,-15.2974074333337,7/25/2026 7:00:00 PM
MRM,44.5479424942183,30.7329545454546,-13.8149879487638,7/25/2026 7:15:00 PM
MRM,43.3120881405261,30.4111201298701,-12.900968010656,7/25/2026 7:30:00 PM
MRM,40.4204076974717,30.3863636363636,-10.0340440611081,7/25/2026 7:45:00 PM
MRM,41.776042619568,29.3090909090909,-12.4669517104771,7/25/2026 8:00:00 PM
MRM,47.3674654178516,29.0397727272727,-18.3276926905789,7/25/2026 8:15:00 PM
MRM,45.8812120357741,29.0397727272727,-16.8414393085013,7/25/2026 8:30:00 PM
MRM,41.4278552411181,30.0397727272727,-11.3880825138453,7/25/2026 8:45:00 PM
MRM,37.5114855627692,30.0397727272727,-7.47171283549643,7/25/2026 9:00:00 PM
MRM,43.2733237733185,30.4147727272727,-12.8585510460457,7/25/2026 9:15:00 PM
MRM,47.3846977803492,31.1166958041958,-16.2680019761534,7/25/2026 9:30:00 PM
MRM,46.5165592559588,29.4943181818182,-17.0222410741406,7/25/2026 9:45:00 PM
MRM,41.8842963330833,30.1700174825175,-11.7142788505658,7/25/2026 10:00:00 PM
MRM,42.6328411909935,31.3863636363636,-11.2464775546298,7/25/2026 10:15:00 PM
MRM,47.2364674626347,31.3863636363636,-15.8501038262711,7/25/2026 10:30:00 PM
MRM,48.4213993637733,29.2325174825175,-19.1888818812559,7/25/2026 10:45:00 PM
MRM,47.5800291665386,28.3863636363636,-19.193665530175,7/25/2026 11:00:00 PM
MRM,47.1430550784665,28.8813920454545,-18.2616630330119,7/25/2026 11:15:00 PM
MRM,48.3275713883172,28.8397727272727,-19.4877986610445,7/25/2026 11:30:00 PM
MRM,44.7489379982837,27.7897727272727,-16.959165271011,7/25/2026 11:45:00 PM
MRM,42.0536058459883,27.719696969697,-14.3339088762914,7/26/2026 12:00:00 AM
MRM,39.2137453922335,29.0017482517482,-10.2119971404853,7/26/2026 12:15:00 AM
MRM,48.756576722319,29.6804812834225,-19.0760954388965,7/26/2026 12:30:00 AM
MRM,45.8378052043382,30.3863636363636,-15.4514415679746,7/26/2026 12:45:00 AM
MRM,46.4612736561917,32.5863636363636,-13.8749100198281,7/26/2026 1:00:00 AM
MRM,48.2068867991169,36.1342975206612,-12.0725892784557,7/26/2026 1:15:00 AM
MRM,46.9145105853392,36.0397727272727,-10.8747378580665,7/26/2026 1:30:00 AM
MRM,44.4593743561419,36.0397727272727,-8.41960162886919,7/26/2026 1:45:00 AM
MRM,44.7022950738638,32.1826298701299,-12.519665203734,7/26/2026 2:00:00 AM
MRM,52.9045021804268,31.729020979021,-21.1754812014058,7/26/2026 2:15:00 AM
MRM,52.6618332293194,31.6931818181818,-20.9686514111375,7/26/2026 2:30:00 AM
MRM,40.9839072987856,31.6931818181818,-9.29072548060376,7/26/2026 2:45:00 AM
MRM,40.7134583613371,30.6931818181818,-10.0202765431553,7/26/2026 3:00:00 AM
MRM,40.0099797324822,30.6931818181818,-9.31679791430038,7/26/2026 3:15:00 AM
MRM,44.8206619049707,30.6931818181818,-14.1274800867889,7/26/2026 3:30:00 AM
MRM,47.6630217464664,30.6931818181818,-16.9698399282845,7/26/2026 3:45:00 AM
MRM,48.5844932846184,30.8181818181818,-17.7663114664365,7/26/2026 4:00:00 AM
MRM,46.9461666800901,31.6931818181818,-15.2529848619082,7/26/2026 4:15:00 AM
MRM,44.2279996994238,32.399064171123,-11.8289355283008,7/26/2026 4:30:00 AM
MRM,48.1229503420291,32.6931818181818,-15.4297685238473,7/26/2026 4:45:00 AM
MRM,54.7553999808692,32.5113636363636,-22.2440363445056,7/26/2026 5:00:00 AM
MRM,54.0166647858675,32.1799242424242,-21.8367405434433,7/26/2026 5:15:00 AM
MRM,40.2653678017866,31.5639822134387,-8.70138558834789,7/26/2026 5:30:00 AM
MRM,43.7205712116394,31,-12.7205712116394,7/26/2026 5:45:00 AM
JPM,19.4931489928847,15.0513468013468,-4.44180219153789,7/26/2026 6:00:00 AM
MRM,55.1136118772253,31.5776515151515,-23.5359603620738,7/26/2026 6:00:00 AM
JPM,21.7573705934035,15,-6.75737059340353,7/26/2026 6:15:00 AM
MRM,64.784929690504,32.2933758314856,-32.4915538590184,7/26/2026 6:15:00 AM
JPM,22.6027441546896,15,-7.6027441546896,7/26/2026 6:30:00 AM
MRM,68.5316424704782,31.8211462450593,-36.710496225419,7/26/2026 6:30:00 AM
JPM,22.6027441546896,15,-7.6027441546896,7/26/2026 6:30:00 AM
MRM,68.5741494833854,31.4157754010695,-37.1583740823159,7/26/2026 6:45:00 AM
JPM,19.2885479261939,14.9622641509434,-4.32628377525053,7/26/2026 7:00:00 AM
JPM,22.6217973107385,15,-7.62179731073851,7/26/2026 6:45:00 AM
JPM,22.8467056795887,14.6551724137931,-8.19153326579559,7/26/2026 7:15:00 AM
JPM,21.9949428166476,14.219512195122,-7.7754306215256,7/26/2026 7:30:00 AM
MRM,64.784929690504,32.2933758314856,-32.4915538590184,7/26/2026 6:15:00 AM
JPM,21.7573705934035,15,-6.75737059340353,7/26/2026 6:15:00 AM
MRM,68.5316424704782,31.8211462450593,-36.710496225419,7/26/2026 6:30:00 AM
MRM,70.6686525407864,30.4429674099486,-40.2256851308378,7/26/2026 7:00:00 AM
MRM,63.0136338457682,29.6622257053291,-33.351408140439,7/26/2026 7:15:00 AM
MRM,51.2327933804216,28.3863636363636,-22.846429744058,7/26/2026 7:45:00 AM
MRM,51.3322564572367,29.1424611973393,-22.1897952598975,7/26/2026 7:30:00 AM
JPM,19.4931489928847,15.0513468013468,-4.44180219153788,7/26/2026 6:00:00 AM
MRM,55.1136118772253,31.5776515151515,-23.5359603620738,7/26/2026 6:00:00 AM
JPM,22.3945062960167,15,-7.39450629601671,7/26/2026 7:45:00 AM
JPM,22.6027441546896,15,-7.6027441546896,7/26/2026 6:30:00 AM
MRM,68.5741494833854,31.4157754010695,-37.1583740823159,7/26/2026 6:45:00 AM
JPM,19.2885479261939,14.9622641509434,-4.32628377525053,7/26/2026 7:00:00 AM
JPM,22.6217973107385,15,-7.62179731073851,7/26/2026 6:45:00 AM
JPM,22.8467056795887,14.6551724137931,-8.19153326579559,7/26/2026 7:15:00 AM
JPM,21.9949428166476,14.219512195122,-7.7754306215256,7/26/2026 7:30:00 AM
MRM,64.784929690504,32.2933758314856,-32.4915538590184,7/26/2026 6:15:00 AM
JPM,21.7573705934035,15,-6.75737059340353,7/26/2026 6:15:00 AM
MRM,68.5316424704782,31.8211462450593,-36.710496225419,7/26/2026 6:30:00 AM
MRM,70.6686525407864,30.4429674099486,-40.2256851308378,7/26/2026 7:00:00 AM
MRM,63.0136338457682,29.6622257053291,-33.351408140439,7/26/2026 7:15:00 AM
MRM,51.417314783062,28.3863636363636,-23.0309511466984,7/26/2026 7:45:00 AM
MRM,51.3322564572367,29.1424611973393,-22.1897952598975,7/26/2026 7:30:00 AM
JPM,19.4931489928847,15.0513468013468,-4.44180219153788,7/26/2026 6:00:00 AM
MRM,55.1136118772253,31.5776515151515,-23.5359603620738,7/26/2026 6:00:00 AM
JPM,22.416091095289,14.8571428571429,-7.55894823814619,7/26/2026 7:45:00 AM
JPM,22.6217973107385,15,-7.62179731073852,7/26/2026 6:45:00 AM
MRM,68.5741494833854,31.4157754010695,-37.1583740823159,7/26/2026 6:45:00 AM
JPM,19.2885479261939,14.9622641509434,-4.32628377525053,7/26/2026 7:00:00 AM
MRM,25.0762935203374,12.4444444444444,-12.631849075893,8/2/2026 6:00:00 AM
MRM,24.9778439751033,13.1,-11.8778439751033,8/2/2026 6:15:00 AM
MRM,16.5949969522848,13,-3.59499695228483,8/2/2026 6:30:00 AM
MRM,15.8419456255771,13.2,-2.64194562557715,8/2/2026 6:45:00 AM
MRM,29.4126824511268,16.3397727272727,-13.0729097238541,8/2/2026 7:00:00 AM
MRM,27.4075524011772,16,-11.4075524011772,8/2/2026 7:15:00 AM
MRM,24.7119083142406,16.1428571428571,-8.56905117138348,8/2/2026 7:30:00 AM
MRM,25.3989393130243,17.2,-8.19893931302431,8/2/2026 7:45:00 AM
MRM,25.8166905000476,18.6,-7.21669050004758,8/2/2026 8:00:00 AM
MRM,30.909906709497,20.7,-10.209906709497,8/2/2026 8:15:00 AM
MRM,32.8019396925948,21.75,-11.0519396925948,8/2/2026 8:30:00 AM
MRM,43.2959482095936,23.875,-19.4209482095936,8/2/2026 8:45:00 AM
MRM,42.3723043280067,25.6,-16.7723043280067,8/2/2026 9:00:00 AM
MRM,46.7577346003741,28.1,-18.6577346003741,8/2/2026 9:15:00 AM
MRM,44.400549730314,31,-13.400549730314,8/2/2026 9:30:00 AM
MRM,33.6536075880717,30.125,-3.52860758807173,8/2/2026 9:45:00 AM
MRM,28.1866762893216,27.3888888888889,-0.797787400432689,8/2/2026 10:00:00 AM
MRM,32.8504044871067,28,-4.85040448710672,8/2/2026 10:15:00 AM
MRM,43.2264193049537,27.2777777777778,-15.9486415271759,8/2/2026 10:30:00 AM
MRM,35.9467809321912,30.5,-5.44678093219122,8/2/2026 10:45:00 AM
JPM,2.43694427783479,8.30769230769231,5.87074802985752,8/2/2026 1:15:00 PM
MRM,41.8930646704628,32.0769230769231,-9.81614159353969,8/2/2026 1:15:00 PM
JPM,4.94548304675178,7.17647058823529,2.23098754148351,8/2/2026 1:30:00 PM
MRM,41.3355540762102,32.6470588235294,-8.68849525268076,8/2/2026 1:30:00 PM
JPM,6.88100434238273,8,1.11899565761727,8/2/2026 1:45:00 PM
MRM,44.6684085534386,32.625,-12.0434085534386,8/2/2026 1:45:00 PM
JPM,10.0334616722968,9.05882352941176,-0.974638142885064,8/2/2026 2:00:00 PM
MRM,41.3799990753611,33,-8.37999907536106,8/2/2026 2:00:00 PM
JPM,11.6367157798986,10.7142857142857,-0.922430065612847,8/2/2026 2:15:00 PM
MRM,44.4668605550838,32.7142857142857,-11.7525748407981,8/2/2026 2:15:00 PM
JPM,10.6972787453146,11,0.302721254685387,8/2/2026 2:30:00 PM
MRM,44.879912899789,32.3846153846154,-12.4952975151736,8/2/2026 2:30:00 PM
JPM,11.0834242015408,12.1875,1.10407579845922,8/2/2026 2:45:00 PM
MRM,39.801811057739,31.6875,-8.11431105773897,8/2/2026 2:45:00 PM
JPM,13.8598627981401,12,-1.85986279814014,8/2/2026 3:00:00 PM
MRM,43.0377278607361,32.6086956521739,-10.4290322085622,8/2/2026 3:00:00 PM
JPM,13.5635325489028,12,-1.56353254890283,8/2/2026 3:15:00 PM
MRM,55.8473823593538,33,-22.8473823593538,8/2/2026 3:15:00 PM
JPM,13.1861746696467,12.6666666666667,-0.519508002980009,8/2/2026 3:30:00 PM
MRM,61.1597936070264,33,-28.1597936070264,8/2/2026 3:30:00 PM
JPM,12.9915370673104,12.6428571428571,-0.348679924453238,8/2/2026 3:45:00 PM
MRM,52.8166010105237,33.9285714285714,-18.8880295819523,8/2/2026 3:45:00 PM
MRM,25.0762935203374,12.4444444444444,-12.631849075893,8/2/2026 6:00:00 AM
MRM,24.9778439751033,13.1,-11.8778439751033,8/2/2026 6:15:00 AM
MRM,16.5949969522848,13,-3.59499695228483,8/2/2026 6:30:00 AM
MRM,15.8419456255771,13.2,-2.64194562557715,8/2/2026 6:45:00 AM
MRM,29.4126824511268,16.3397727272727,-13.0729097238541,8/2/2026 7:00:00 AM
MRM,27.4075524011772,16,-11.4075524011772,8/2/2026 7:15:00 AM
MRM,24.7119083142406,16.1428571428571,-8.56905117138348,8/2/2026 7:30:00 AM
MRM,25.3989393130243,17.2,-8.1989393130243,8/2/2026 7:45:00 AM
MRM,25.8166905000476,18.6,-7.21669050004758,8/2/2026 8:00:00 AM
MRM,30.909906709497,20.7,-10.209906709497,8/2/2026 8:15:00 AM
MRM,32.8019396925948,21.75,-11.0519396925948,8/2/2026 8:30:00 AM
MRM,43.2959482095936,23.875,-19.4209482095936,8/2/2026 8:45:00 AM
MRM,42.3723043280067,25.6,-16.7723043280067,8/2/2026 9:00:00 AM
MRM,46.7577346003741,28.1,-18.6577346003741,8/2/2026 9:15:00 AM
MRM,44.400549730314,31,-13.400549730314,8/2/2026 9:30:00 AM
MRM,33.6536075880717,30.125,-3.52860758807172,8/2/2026 9:45:00 AM
MRM,28.1866762893216,27.3888888888889,-0.797787400432696,8/2/2026 10:00:00 AM
MRM,32.8504044871067,28,-4.85040448710672,8/2/2026 10:15:00 AM
MRM,43.2264193049537,27.2777777777778,-15.9486415271759,8/2/2026 10:30:00 AM
MRM,34.5735759377709,30.5882352941176,-3.98534064365322,8/2/2026 10:45:00 AM
MRM,39.602204186029,31,-8.60220418602904,8/2/2026 11:00:00 AM
MRM,41.9624882539203,32.1111111111111,-9.85137714280917,8/2/2026 11:15:00 AM
MRM,40.9381996548967,33,-7.93819965489671,8/2/2026 11:30:00 AM
JPM,4.88982172508705,3.22222222222222,-1.66759950286483,8/2/2026 11:45:00 AM
MRM,41.2242341248527,33.1998966942149,-8.0243374306378,8/2/2026 11:45:00 AM
JPM,7.15520707809891,5.88888888888889,-1.26631818921002,8/2/2026 12:00:00 PM
MRM,35.0100708900239,31.8888888888889,-3.121182001135,8/2/2026 12:00:00 PM
JPM,6.6474041390033,6.75878099173554,0.111376852732238,8/2/2026 12:15:00 PM
MRM,44.8976397988163,32.0909090909091,-12.8067307079072,8/2/2026 12:15:00 PM
JPM,6.83769448274358,7.33333333333333,0.495638850589751,8/2/2026 12:30:00 PM
MRM,53.9125641937268,33,-20.9125641937268,8/2/2026 12:30:00 PM
JPM,7.04199716461114,8.53846153846154,1.4964643738504,8/2/2026 12:45:00 PM
MRM,50.1267900938116,32.3846153846154,-17.7421747091962,8/2/2026 12:45:00 PM
JPM,7.00823881066493,9,1.99176118933507,8/2/2026 1:00:00 PM
MRM,39.6269871604449,30.8333333333333,-8.79365382711156,8/2/2026 1:00:00 PM
JPM,2.43694427783479,8.30769230769231,5.87074802985752,8/2/2026 1:15:00 PM
MRM,41.8930646704628,32.0769230769231,-9.81614159353969,8/2/2026 1:15:00 PM
JPM,4.94548304675178,7.17647058823529,2.23098754148351,8/2/2026 1:30:00 PM
MRM,41.3355540762102,32.6470588235294,-8.68849525268076,8/2/2026 1:30:00 PM
JPM,6.88100434238273,8,1.11899565761727,8/2/2026 1:45:00 PM
MRM,44.6684085534386,32.625,-12.0434085534386,8/2/2026 1:45:00 PM
JPM,10.0334616722968,9.05882352941176,-0.974638142885064,8/2/2026 2:00:00 PM
MRM,41.3799990753611,33,-8.37999907536106,8/2/2026 2:00:00 PM
JPM,11.6367157798986,10.7142857142857,-0.922430065612847,8/2/2026 2:15:00 PM
MRM,44.4668605550838,32.7142857142857,-11.7525748407981,8/2/2026 2:15:00 PM
JPM,10.6972787453146,11,0.302721254685387,8/2/2026 2:30:00 PM
MRM,44.879912899789,32.3846153846154,-12.4952975151736,8/2/2026 2:30:00 PM
JPM,11.0834242015408,12.1875,1.10407579845922,8/2/2026 2:45:00 PM
MRM,39.801811057739,31.6875,-8.11431105773897,8/2/2026 2:45:00 PM
JPM,13.8598627981401,12,-1.85986279814014,8/2/2026 3:00:00 PM
MRM,43.0377278607361,32.6086956521739,-10.4290322085622,8/2/2026 3:00:00 PM
JPM,13.5635325489028,12,-1.56353254890283,8/2/2026 3:15:00 PM
MRM,55.8473823593538,33,-22.8473823593538,8/2/2026 3:15:00 PM
JPM,13.1861746696467,12.6666666666667,-0.519508002980007,8/2/2026 3:30:00 PM
MRM,61.1597936070264,33,-28.1597936070264,8/2/2026 3:30:00 PM
JPM,13.259930787968,12.5,-0.759930787968013,8/2/2026 3:45:00 PM
MRM,49.6571947749242,33.9444444444444,-15.7127503304798,8/2/2026 3:45:00 PM
JPM,13.6629923397917,12.6315789473684,-1.03141339242326,8/2/2026 4:00:00 PM
MRM,43.9883219316605,33.1578947368421,-10.8304271948184,8/2/2026 4:00:00 PM
JPM,8.93592073439024,13,4.06407926560976,8/2/2026 4:15:00 PM
MRM,50.6007924360209,34,-16.6007924360209,8/2/2026 4:15:00 PM
JPM,8.38356610088357,12.2857142857143,3.90214818483072,8/2/2026 4:30:00 PM
MRM,47.7087997388381,35.8571428571429,-11.8516568816952,8/2/2026 4:30:00 PM
JPM,9.14791190808405,12.1047077922078,2.95679588412374,8/2/2026 4:45:00 PM
MRM,51.4472886514052,36.8571428571429,-14.5901457942624,8/2/2026 4:45:00 PM
JPM,16.5065693228623,12.1223262032086,-4.38424311965376,8/2/2026 6:00:00 PM
MRM,50.5184850808129,35.5294117647059,-14.989073316107,8/2/2026 6:00:00 PM
JPM,16.5108836652678,12.0742694805195,-4.43661418474835,8/2/2026 6:15:00 PM
MRM,49.8937945413536,35,-14.8937945413536,8/2/2026 6:15:00 PM
JPM,16.3770458971419,12,-4.37704589714188,8/2/2026 6:30:00 PM
MRM,47.2939287793844,35.9565217391304,-11.337407040254,8/2/2026 6:30:00 PM
JPM,17.0447752699312,12.7692307692308,-4.27554450070044,8/2/2026 6:45:00 PM
MRM,49.8338833546752,35.8461538461538,-13.9877295085213,8/2/2026 6:45:00 PM
JPM,16.5065693228623,12.1223262032086,-4.38424311965376,8/2/2026 6:00:00 PM
MRM,50.5184850808129,35.5294117647059,-14.989073316107,8/2/2026 6:00:00 PM
JPM,16.5108836652678,12.0742694805195,-4.43661418474835,8/2/2026 6:15:00 PM
MRM,49.8937945413536,35,-14.8937945413536,8/2/2026 6:15:00 PM
JPM,16.3770458971419,12,-4.37704589714188,8/2/2026 6:30:00 PM
MRM,47.2939287793844,35.9565217391304,-11.337407040254,8/2/2026 6:30:00 PM
JPM,17.0593879294751,13.0588235294118,-4.00056440006338,8/2/2026 6:45:00 PM
MRM,50.3562718139777,35.6470588235294,-14.7092129904483,8/2/2026 6:45:00 PM
JPM,17.1486996491528,14,-3.14869964915282,8/2/2026 7:00:00 PM
MRM,46.787203196461,33.8,-12.987203196461,8/2/2026 7:00:00 PM
JPM,16.7923123701873,14,-2.79231237018729,8/2/2026 7:15:00 PM
MRM,43.2971965311947,32.8,-10.4971965311947,8/2/2026 7:15:00 PM
JPM,12.4206567805767,14,1.57934321942335,8/2/2026 7:30:00 PM
MRM,41.429916794949,32.25,-9.17991679494897,8/2/2026 7:30:00 PM
JPM,9.97151571347184,13.5555555555556,3.58403984208372,8/2/2026 7:45:00 PM
MRM,40.3964020796995,32,-8.39640207969952,8/2/2026 7:45:00 PM
JPM,10.0573633598576,13.8125,3.75513664014238,8/2/2026 8:00:00 PM
MRM,46.2312200574367,31.6875,-14.5437200574367,8/2/2026 8:00:00 PM
JPM,9.40069873637789,13,3.59930126362211,8/2/2026 8:15:00 PM
MRM,46.0995820760667,31.5,-14.5995820760667,8/2/2026 8:15:00 PM
JPM,9.62995995278173,13,3.37004004721827,8/2/2026 8:30:00 PM
MRM,48.4898211250171,31,-17.4898211250171,8/2/2026 8:30:00 PM
MRM,25.0762935203374,12.4444444444444,-12.631849075893,8/2/2026 6:00:00 AM
MRM,24.9778439751033,13.1,-11.8778439751033,8/2/2026 6:15:00 AM
MRM,16.5949969522848,13,-3.59499695228483,8/2/2026 6:30:00 AM
MRM,15.8419456255771,13.2,-2.64194562557715,8/2/2026 6:45:00 AM
MRM,29.4126824511268,16.3397727272727,-13.0729097238541,8/2/2026 7:00:00 AM
MRM,27.4075524011772,16,-11.4075524011772,8/2/2026 7:15:00 AM
MRM,24.7119083142406,16.1428571428571,-8.56905117138348,8/2/2026 7:30:00 AM
MRM,25.3989393130243,17.2,-8.19893931302431,8/2/2026 7:45:00 AM
MRM,25.8166905000476,18.6,-7.21669050004758,8/2/2026 8:00:00 AM
MRM,30.909906709497,20.7,-10.209906709497,8/2/2026 8:15:00 AM
MRM,32.8019396925948,21.75,-11.0519396925948,8/2/2026 8:30:00 AM
MRM,43.2959482095936,23.875,-19.4209482095936,8/2/2026 8:45:00 AM
MRM,42.3723043280067,25.6,-16.7723043280067,8/2/2026 9:00:00 AM
MRM,46.7577346003741,28.1,-18.6577346003741,8/2/2026 9:15:00 AM
MRM,44.400549730314,31,-13.400549730314,8/2/2026 9:30:00 AM
MRM,33.6536075880717,30.125,-3.52860758807173,8/2/2026 9:45:00 AM
MRM,28.1866762893216,27.3888888888889,-0.797787400432696,8/2/2026 10:00:00 AM
MRM,32.8504044871067,28,-4.85040448710672,8/2/2026 10:15:00 AM
MRM,43.2264193049537,27.2777777777778,-15.9486415271759,8/2/2026 10:30:00 AM
MRM,34.5735759377709,30.5882352941176,-3.98534064365322,8/2/2026 10:45:00 AM
MRM,39.602204186029,31,-8.60220418602904,8/2/2026 11:00:00 AM
MRM,41.9624882539203,32.1111111111111,-9.85137714280917,8/2/2026 11:15:00 AM
MRM,40.9381996548967,33,-7.93819965489672,8/2/2026 11:30:00 AM
JPM,4.88982172508705,3.22222222222222,-1.66759950286483,8/2/2026 11:45:00 AM
MRM,41.2242341248527,33.1998966942149,-8.02433743063779,8/2/2026 11:45:00 AM
JPM,7.15520707809891,5.88888888888889,-1.26631818921002,8/2/2026 12:00:00 PM
MRM,35.0100708900239,31.8888888888889,-3.12118200113499,8/2/2026 12:00:00 PM
JPM,6.6474041390033,6.75878099173554,0.111376852732238,8/2/2026 12:15:00 PM
MRM,44.8976397988163,32.0909090909091,-12.8067307079072,8/2/2026 12:15:00 PM
JPM,6.83769448274358,7.33333333333333,0.495638850589751,8/2/2026 12:30:00 PM
MRM,53.9125641937268,33,-20.9125641937268,8/2/2026 12:30:00 PM
JPM,7.04199716461114,8.53846153846154,1.4964643738504,8/2/2026 12:45:00 PM
MRM,50.1267900938116,32.3846153846154,-17.7421747091962,8/2/2026 12:45:00 PM
JPM,7.00823881066493,9,1.99176118933507,8/2/2026 1:00:00 PM
MRM,39.6269871604449,30.8333333333333,-8.79365382711156,8/2/2026 1:00:00 PM
JPM,2.43694427783479,8.30769230769231,5.87074802985752,8/2/2026 1:15:00 PM
MRM,41.8930646704628,32.0769230769231,-9.81614159353969,8/2/2026 1:15:00 PM
JPM,4.94548304675178,7.17647058823529,2.23098754148351,8/2/2026 1:30:00 PM
MRM,41.3355540762102,32.6470588235294,-8.68849525268076,8/2/2026 1:30:00 PM
JPM,6.88100434238273,8,1.11899565761727,8/2/2026 1:45:00 PM
MRM,44.6684085534386,32.625,-12.0434085534386,8/2/2026 1:45:00 PM
MRM,25.0762935203374,12.4444444444444,-12.631849075893,8/2/2026 6:00:00 AM
MRM,24.9778439751033,13.1,-11.8778439751033,8/2/2026 6:15:00 AM
MRM,16.5949969522848,13,-3.59499695228483,8/2/2026 6:30:00 AM
MRM,15.8419456255771,13.2,-2.64194562557715,8/2/2026 6:45:00 AM
MRM,29.4126824511268,16.3397727272727,-13.0729097238541,8/2/2026 7:00:00 AM
MRM,27.4075524011772,16,-11.4075524011772,8/2/2026 7:15:00 AM
MRM,24.7119083142406,16.1428571428571,-8.56905117138348,8/2/2026 7:30:00 AM
MRM,25.3989393130243,17.2,-8.19893931302431,8/2/2026 7:45:00 AM
MRM,25.8166905000476,18.6,-7.21669050004758,8/2/2026 8:00:00 AM
MRM,30.909906709497,20.7,-10.209906709497,8/2/2026 8:15:00 AM
MRM,32.8019396925948,21.75,-11.0519396925948,8/2/2026 8:30:00 AM
MRM,43.2959482095936,23.875,-19.4209482095936,8/2/2026 8:45:00 AM
MRM,42.3723043280067,25.6,-16.7723043280067,8/2/2026 9:00:00 AM
MRM,46.7577346003741,28.1,-18.6577346003741,8/2/2026 9:15:00 AM
MRM,44.400549730314,31,-13.400549730314,8/2/2026 9:30:00 AM
MRM,33.6536075880717,30.125,-3.52860758807172,8/2/2026 9:45:00 AM
MRM,28.1866762893216,27.3888888888889,-0.797787400432696,8/2/2026 10:00:00 AM
MRM,32.8504044871067,28,-4.85040448710672,8/2/2026 10:15:00 AM
MRM,43.2264193049537,27.2777777777778,-15.9486415271759,8/2/2026 10:30:00 AM
MRM,34.5735759377709,30.5882352941176,-3.98534064365322,8/2/2026 10:45:00 AM
MRM,39.602204186029,31,-8.60220418602904,8/2/2026 11:00:00 AM
MRM,41.9624882539203,32.1111111111111,-9.85137714280916,8/2/2026 11:15:00 AM
MRM,40.9381996548967,33,-7.93819965489671,8/2/2026 11:30:00 AM
JPM,4.88982172508705,3.22222222222222,-1.66759950286483,8/2/2026 11:45:00 AM
MRM,41.2242341248527,33.1998966942149,-8.0243374306378,8/2/2026 11:45:00 AM
JPM,7.15520707809891,5.88888888888889,-1.26631818921002,8/2/2026 12:00:00 PM
MRM,35.0100708900239,31.8888888888889,-3.12118200113499,8/2/2026 12:00:00 PM
JPM,6.6474041390033,6.75878099173554,0.111376852732238,8/2/2026 12:15:00 PM
MRM,44.8976397988163,32.0909090909091,-12.8067307079072,8/2/2026 12:15:00 PM
JPM,6.83769448274358,7.33333333333333,0.495638850589751,8/2/2026 12:30:00 PM
MRM,53.9125641937268,33,-20.9125641937268,8/2/2026 12:30:00 PM
JPM,7.04199716461114,8.53846153846154,1.4964643738504,8/2/2026 12:45:00 PM
MRM,50.1267900938116,32.3846153846154,-17.7421747091962,8/2/2026 12:45:00 PM
JPM,7.00823881066493,9,1.99176118933507,8/2/2026 1:00:00 PM
MRM,39.6269871604449,30.8333333333333,-8.79365382711156,8/2/2026 1:00:00 PM
JPM,2.43694427783479,8.30769230769231,5.87074802985752,8/2/2026 1:15:00 PM
MRM,41.8930646704628,32.0769230769231,-9.81614159353969,8/2/2026 1:15:00 PM
JPM,4.94548304675178,7.17647058823529,2.23098754148351,8/2/2026 1:30:00 PM
MRM,41.3355540762102,32.6470588235294,-8.68849525268076,8/2/2026 1:30:00 PM
JPM,6.88100434238273,8,1.11899565761727,8/2/2026 1:45:00 PM
MRM,44.6684085534386,32.625,-12.0434085534386,8/2/2026 1:45:00 PM
JPM,10.0334616722968,9.05882352941176,-0.974638142885066,8/2/2026 2:00:00 PM
MRM,41.379999075361,33,-8.37999907536104,8/2/2026 2:00:00 PM
JPM,11.6367157798986,10.7142857142857,-0.922430065612849,8/2/2026 2:15:00 PM
MRM,44.4668605550838,32.7142857142857,-11.7525748407981,8/2/2026 2:15:00 PM
JPM,10.6972787453146,11,0.302721254685387,8/2/2026 2:30:00 PM
MRM,44.879912899789,32.3846153846154,-12.4952975151736,8/2/2026 2:30:00 PM
JPM,11.0834242015408,12.1875,1.10407579845922,8/2/2026 2:45:00 PM
MRM,39.801811057739,31.6875,-8.11431105773896,8/2/2026 2:45:00 PM
JPM,13.8598627981401,12,-1.85986279814014,8/2/2026 3:00:00 PM
MRM,43.0377278607361,32.6086956521739,-10.4290322085622,8/2/2026 3:00:00 PM
JPM,13.5635325489028,12,-1.56353254890283,8/2/2026 3:15:00 PM
MRM,55.8473823593538,33,-22.8473823593538,8/2/2026 3:15:00 PM
JPM,13.1861746696467,12.6666666666667,-0.519508002980009,8/2/2026 3:30:00 PM
MRM,61.1597936070264,33,-28.1597936070264,8/2/2026 3:30:00 PM
JPM,13.259930787968,12.5,-0.759930787968015,8/2/2026 3:45:00 PM
MRM,49.6571947749242,33.9444444444444,-15.7127503304798,8/2/2026 3:45:00 PM
JPM,13.6629923397917,12.6315789473684,-1.03141339242326,8/2/2026 4:00:00 PM
MRM,43.9883219316605,33.1578947368421,-10.8304271948184,8/2/2026 4:00:00 PM
JPM,8.93592073439024,13,4.06407926560976,8/2/2026 4:15:00 PM
MRM,50.6007924360209,34,-16.6007924360209,8/2/2026 4:15:00 PM
JPM,8.38356610088357,12.2857142857143,3.90214818483072,8/2/2026 4:30:00 PM
MRM,47.7087997388381,35.8571428571429,-11.8516568816952,8/2/2026 4:30:00 PM
JPM,9.14791190808405,12.1047077922078,2.95679588412374,8/2/2026 4:45:00 PM
MRM,51.4472886514052,36.8571428571429,-14.5901457942624,8/2/2026 4:45:00 PM
JPM,12.6741949270201,11,-1.67419492702011,8/2/2026 5:00:00 PM
MRM,55.0262017418463,35.5714285714286,-19.4547731704177,8/2/2026 5:00:00 PM
JPM,15.8807681745857,11.025641025641,-4.85512714894472,8/2/2026 5:15:00 PM
MRM,52.9001145799822,32.9487179487179,-19.9513966312643,8/2/2026 5:15:00 PM
JPM,15.4985934686157,12,-3.49859346861572,8/2/2026 5:30:00 PM
MRM,59.8188746684943,35.0346590909091,-24.7842155775852,8/2/2026 5:30:00 PM
JPM,15.469886848565,12,-3.46988684856502,8/2/2026 5:45:00 PM
MRM,53.4555639514153,35.2666666666667,-18.1888972847486,8/2/2026 5:45:00 PM
JPM,16.5065693228623,12.1223262032086,-4.38424311965376,8/2/2026 6:00:00 PM
MRM,50.5184850808129,35.5294117647059,-14.989073316107,8/2/2026 6:00:00 PM
JPM,16.5108836652678,12.0742694805195,-4.43661418474835,8/2/2026 6:15:00 PM
MRM,49.8937945413536,35,-14.8937945413536,8/2/2026 6:15:00 PM
JPM,16.3770458971419,12,-4.37704589714188,8/2/2026 6:30:00 PM
MRM,47.2939287793844,35.9565217391304,-11.337407040254,8/2/2026 6:30:00 PM
JPM,17.0593879294751,13.0588235294118,-4.00056440006338,8/2/2026 6:45:00 PM
MRM,50.3562718139777,35.6470588235294,-14.7092129904483,8/2/2026 6:45:00 PM
JPM,17.1486996491528,14,-3.14869964915282,8/2/2026 7:00:00 PM
MRM,46.787203196461,33.8,-12.987203196461,8/2/2026 7:00:00 PM
JPM,16.7923123701873,14,-2.79231237018729,8/2/2026 7:15:00 PM
MRM,43.2971965311947,32.8,-10.4971965311947,8/2/2026 7:15:00 PM
JPM,12.4206567805767,14,1.57934321942335,8/2/2026 7:30:00 PM
MRM,41.429916794949,32.25,-9.17991679494897,8/2/2026 7:30:00 PM
JPM,9.97392632311328,13.5,3.52607367688672,8/2/2026 7:45:00 PM
MRM,38.7348208327832,32,-6.73482083278319,8/2/2026 7:45:00 PM
JPM,16.5065693228623,12.1223262032086,-4.38424311965376,8/2/2026 6:00:00 PM
MRM,50.5184850808129,35.5294117647059,-14.989073316107,8/2/2026 6:00:00 PM
JPM,16.5108836652678,12.0742694805195,-4.43661418474835,8/2/2026 6:15:00 PM
MRM,49.8937945413536,35,-14.8937945413536,8/2/2026 6:15:00 PM
JPM,16.3770458971419,12,-4.37704589714188,8/2/2026 6:30:00 PM
MRM,47.2939287793844,35.9565217391304,-11.337407040254,8/2/2026 6:30:00 PM
JPM,17.0593879294751,13.0588235294118,-4.00056440006338,8/2/2026 6:45:00 PM
MRM,50.3562718139777,35.6470588235294,-14.7092129904483,8/2/2026 6:45:00 PM
JPM,17.1486996491528,14,-3.14869964915282,8/2/2026 7:00:00 PM
MRM,46.787203196461,33.8,-12.987203196461,8/2/2026 7:00:00 PM
JPM,16.7923123701873,14,-2.79231237018729,8/2/2026 7:15:00 PM
MRM,43.2971965311947,32.8,-10.4971965311947,8/2/2026 7:15:00 PM
JPM,12.4206567805766,14,1.57934321942335,8/2/2026 7:30:00 PM
MRM,41.429916794949,32.25,-9.17991679494897,8/2/2026 7:30:00 PM
JPM,9.97151571347184,13.5555555555556,3.58403984208372,8/2/2026 7:45:00 PM
MRM,40.3964020796995,32,-8.39640207969952,8/2/2026 7:45:00 PM
JPM,10.0573633598576,13.8125,3.75513664014238,8/2/2026 8:00:00 PM
MRM,46.2312200574367,31.6875,-14.5437200574367,8/2/2026 8:00:00 PM
JPM,9.40069873637789,13,3.59930126362211,8/2/2026 8:15:00 PM
MRM,46.0995820760667,31.5,-14.5995820760667,8/2/2026 8:15:00 PM
JPM,9.62995995278172,13,3.37004004721828,8/2/2026 8:30:00 PM
MRM,48.4898211250171,31,-17.4898211250171,8/2/2026 8:30:00 PM
JPM,9.46951328566534,13,3.53048671433466,8/2/2026 8:45:00 PM
MRM,39.5337205185684,32,-7.5337205185684,8/2/2026 8:45:00 PM
JPM,9.45247642707254,13,3.54752357292746,8/2/2026 8:45:00 PM
MRM,39.2034250211582,32,-7.2034250211582,8/2/2026 8:45:00 PM
JPM,9.33673492986464,13,3.66326507013536,8/2/2026 9:00:00 PM
MRM,32.5331522819807,32.375,-0.158152281980662,8/2/2026 9:00:00 PM
JPM,8.90873687024662,13,4.09126312975338,8/2/2026 9:15:00 PM
MRM,38.3344628501259,30.8,-7.53446285012586,8/2/2026 9:15:00 PM
JPM,8.77442482299909,13,4.22557517700091,8/2/2026 9:30:00 PM
MRM,35.6182075291826,29,-6.61820752918263,8/2/2026 9:30:00 PM
JPM,8.66041696361868,13,4.33958303638132,8/2/2026 9:45:00 PM
MRM,33.5380260474689,30.3,-3.23802604746891,8/2/2026 9:45:00 PM
JPM,16.5065693228623,12.1223262032086,-4.38424311965376,8/2/2026 6:00:00 PM
MRM,50.5184850808129,35.5294117647059,-14.989073316107,8/2/2026 6:00:00 PM
JPM,16.5108836652678,12.0742694805195,-4.43661418474835,8/2/2026 6:15:00 PM
MRM,49.8937945413536,35,-14.8937945413536,8/2/2026 6:15:00 PM
JPM,16.3770458971419,12,-4.37704589714188,8/2/2026 6:30:00 PM
MRM,47.2939287793844,35.9565217391304,-11.337407040254,8/2/2026 6:30:00 PM
JPM,17.0593879294751,13.0588235294118,-4.00056440006338,8/2/2026 6:45:00 PM
MRM,50.3562718139777,35.6470588235294,-14.7092129904483,8/2/2026 6:45:00 PM
JPM,17.1486996491528,14,-3.14869964915282,8/2/2026 7:00:00 PM
MRM,46.787203196461,33.8,-12.987203196461,8/2/2026 7:00:00 PM
JPM,16.7923123701873,14,-2.79231237018729,8/2/2026 7:15:00 PM
MRM,43.2971965311947,32.8,-10.4971965311947,8/2/2026 7:15:00 PM
JPM,12.4206567805767,14,1.57934321942335,8/2/2026 7:30:00 PM
MRM,41.429916794949,32.25,-9.17991679494897,8/2/2026 7:30:00 PM
JPM,9.97151571347184,13.5555555555556,3.58403984208372,8/2/2026 7:45:00 PM
MRM,40.3964020796995,32,-8.39640207969953,8/2/2026 7:45:00 PM
JPM,10.0573633598576,13.8125,3.75513664014238,8/2/2026 8:00:00 PM
MRM,46.2312200574367,31.6875,-14.5437200574367,8/2/2026 8:00:00 PM
JPM,9.40069873637789,13,3.59930126362211,8/2/2026 8:15:00 PM
MRM,46.0995820760667,31.5,-14.5995820760667,8/2/2026 8:15:00 PM
JPM,9.62995995278173,13,3.37004004721827,8/2/2026 8:30:00 PM
MRM,48.4898211250171,31,-17.4898211250171,8/2/2026 8:30:00 PM
JPM,9.45247642707254,13,3.54752357292746,8/2/2026 8:45:00 PM
MRM,39.2034250211582,32,-7.2034250211582,8/2/2026 8:45:00 PM
JPM,9.33673492986464,13,3.66326507013536,8/2/2026 9:00:00 PM
MRM,32.5331522819807,32.375,-0.158152281980662,8/2/2026 9:00:00 PM
JPM,8.90873687024662,13,4.09126312975338,8/2/2026 9:15:00 PM
MRM,38.3344628501259,30.8,-7.53446285012585,8/2/2026 9:15:00 PM
JPM,8.77442482299909,13,4.22557517700091,8/2/2026 9:30:00 PM
MRM,35.6182075291826,29,-6.61820752918263,8/2/2026 9:30:00 PM
JPM,8.66041696361869,13,4.33958303638131,8/2/2026 9:45:00 PM
MRM,33.5380260474689,30.3,-3.23802604746891,8/2/2026 9:45:00 PM
JPM,8.43924871056907,12.6363636363636,4.19711492579457,8/2/2026 10:00:00 PM
MRM,36.8221165637453,32,-4.82211656374525,8/2/2026 10:00:00 PM
JPM,7.96841919583126,12,4.03158080416874,8/2/2026 10:15:00 PM
MRM,38.8520724500982,33.1111111111111,-5.74096133898705,8/2/2026 10:15:00 PM
JPM,8.299516295491,12,3.700483704509,8/2/2026 10:30:00 PM
MRM,31.190430160766,37,5.80956983923402,8/2/2026 10:30:00 PM
JPM,7.98842887978082,12,4.01157112021918,8/2/2026 10:45:00 PM
MRM,39.8281086244049,35.875,-3.95310862440489,8/2/2026 10:45:00 PM
JPM,16.5065693228623,12.1223262032086,-4.38424311965376,8/2/2026 6:00:00 PM
MRM,50.5184850808129,35.5294117647059,-14.989073316107,8/2/2026 6:00:00 PM
JPM,16.5108836652678,12.0742694805195,-4.43661418474835,8/2/2026 6:15:00 PM
MRM,49.8937945413536,35,-14.8937945413536,8/2/2026 6:15:00 PM
JPM,16.3770458971419,12,-4.37704589714188,8/2/2026 6:30:00 PM
MRM,47.2939287793844,35.9565217391304,-11.337407040254,8/2/2026 6:30:00 PM
JPM,17.0593879294751,13.0588235294118,-4.00056440006338,8/2/2026 6:45:00 PM
MRM,50.3562718139777,35.6470588235294,-14.7092129904483,8/2/2026 6:45:00 PM
JPM,17.1486996491528,14,-3.14869964915282,8/2/2026 7:00:00 PM
MRM,46.787203196461,33.8,-12.987203196461,8/2/2026 7:00:00 PM
JPM,16.7923123701873,14,-2.79231237018729,8/2/2026 7:15:00 PM
MRM,43.2971965311947,32.8,-10.4971965311947,8/2/2026 7:15:00 PM
JPM,12.4206567805767,14,1.57934321942335,8/2/2026 7:30:00 PM
MRM,41.429916794949,32.25,-9.17991679494897,8/2/2026 7:30:00 PM
JPM,9.97151571347184,13.5555555555556,3.58403984208372,8/2/2026 7:45:00 PM
MRM,40.3964020796995,32,-8.39640207969952,8/2/2026 7:45:00 PM
JPM,10.0573633598576,13.8125,3.75513664014238,8/2/2026 8:00:00 PM
MRM,46.2312200574367,31.6875,-14.5437200574367,8/2/2026 8:00:00 PM
JPM,9.40069873637789,13,3.59930126362211,8/2/2026 8:15:00 PM
MRM,46.0995820760667,31.5,-14.5995820760667,8/2/2026 8:15:00 PM
JPM,9.62995995278172,13,3.37004004721828,8/2/2026 8:30:00 PM
MRM,48.4898211250171,31,-17.4898211250171,8/2/2026 8:30:00 PM
JPM,9.45247642707254,13,3.54752357292746,8/2/2026 8:45:00 PM
MRM,39.2034250211582,32,-7.2034250211582,8/2/2026 8:45:00 PM
JPM,9.33673492986464,13,3.66326507013536,8/2/2026 9:00:00 PM
MRM,32.5331522819807,32.375,-0.158152281980662,8/2/2026 9:00:00 PM
JPM,8.90873687024662,13,4.09126312975338,8/2/2026 9:15:00 PM
MRM,38.3344628501259,30.8,-7.53446285012585,8/2/2026 9:15:00 PM
JPM,8.77442482299909,13,4.22557517700091,8/2/2026 9:30:00 PM
MRM,35.6182075291826,29,-6.61820752918263,8/2/2026 9:30:00 PM
JPM,8.66041696361868,13,4.33958303638132,8/2/2026 9:45:00 PM
MRM,33.5380260474689,30.3,-3.2380260474689,8/2/2026 9:45:00 PM
JPM,8.43924871056907,12.6363636363636,4.19711492579457,8/2/2026 10:00:00 PM
MRM,36.8221165637452,32,-4.82211656374525,8/2/2026 10:00:00 PM
JPM,7.96841919583126,12,4.03158080416874,8/2/2026 10:15:00 PM
MRM,38.8520724500982,33.1111111111111,-5.74096133898704,8/2/2026 10:15:00 PM
JPM,8.299516295491,12,3.700483704509,8/2/2026 10:30:00 PM
MRM,31.190430160766,37,5.80956983923402,8/2/2026 10:30:00 PM
JPM,7.98842887978082,12,4.01157112021918,8/2/2026 10:45:00 PM
MRM,39.8281086244049,35.875,-3.9531086244049,8/2/2026 10:45:00 PM
JPM,7.92874125285814,12,4.07125874714186,8/2/2026 11:00:00 PM
MRM,40.8000888103441,32,-8.80008881034414,8/2/2026 11:00:00 PM
JPM,8.00094795870593,12,3.99905204129407,8/2/2026 11:15:00 PM
MRM,42.6179503369246,32,-10.6179503369246,8/2/2026 11:15:00 PM
JPM,8.32829801580542,12,3.67170198419458,8/2/2026 11:30:00 PM
MRM,41.2451175546852,31.2857142857143,-9.95940326897087,8/2/2026 11:30:00 PM
JPM,8.67826465869533,12,3.32173534130467,8/2/2026 11:45:00 PM
MRM,43.1254462983009,32,-11.1254462983009,8/2/2026 11:45:00 PM

