Dtl_ShiftID_1,Dtl_TimeStamp_2,Dtl_Eqmt_3,Dtl_Eqmttype_4,Dtl_Duration_5,Dtl_ExpectedDuration_6,Dtl_Pit_7,Dtl_Reason_8,Dtl_FuelLevel_9
260701001,7/1/2026 6:00:00 AM,T151,Cat 797,276,780,MRM,FUEL&LUBE,16.445
260701001,7/1/2026 6:20:04 AM,T103,Cat 797,65,780,MRM,FUEL&LUBE,19.65
260701001,7/1/2026 6:21:09 AM,T103,Cat 797,900,300,MRM,WAIT FOR FUEL BAY,19.65
260701001,7/1/2026 6:26:02 AM,T137,Cat 797,806,780,MRM,FUEL&LUBE,17.515
260701001,7/1/2026 6:36:09 AM,T103,Cat 797,62,780,MRM,FUEL&LUBE,66.9
260701001,7/1/2026 6:37:57 AM,T138,Cat 797,892,780,MRM,FUEL&LUBE,18.465
260701001,7/1/2026 6:47:59 AM,T133,Cat 797,48,780,MRM,FUEL&LUBE,22.38
260701001,7/1/2026 6:48:47 AM,T133,Cat 797,543,300,MRM,WAIT FOR FUEL BAY,22.38
260701001,7/1/2026 6:50:32 AM,T164,Cat 797,3,780,MRM,FUEL&LUBE,52.11
260701001,7/1/2026 6:50:35 AM,T164,Cat 797,173,300,MRM,WAIT FOR FUEL BAY,52.11
260701001,7/1/2026 6:53:28 AM,T164,Cat 797,988,780,MRM,FUEL&LUBE,51.07
260701001,7/1/2026 6:55:46 AM,T470,Cat 785,865,300,MRM,WAIT FOR FUEL BAY,39.48
260701001,7/1/2026 7:00:45 AM,T166,Cat 797,4,780,MRM,FUEL&LUBE,20.365
260701001,7/1/2026 7:00:49 AM,T166,Cat 797,400,300,MRM,WAIT FOR FUEL BAY,20.365
260701001,7/1/2026 7:02:53 AM,T133,Cat 797,499,780,MRM,FUEL&LUBE,21.79
260701001,7/1/2026 7:10:14 AM,T470,Cat 785,831,780,MRM,FUEL&LUBE,38.68
260701001,7/1/2026 7:13:45 AM,T166,Cat 797,722,780,MRM,FUEL&LUBE,18.82
260701001,7/1/2026 7:54:49 AM,T117,Cat 797,891,780,MRM,FUEL&LUBE,163.85
260701001,7/1/2026 8:23:05 AM,T165,Cat 797,870,780,JPM,FUEL&LUBE,22.38
260701001,7/1/2026 8:42:02 AM,T130,Cat 797,4,780,MRM,FUEL&LUBE,20.6
260701001,7/1/2026 8:42:06 AM,T130,Cat 797,105,300,MRM,WAIT FOR FUEL BAY,20.6
260701001,7/1/2026 8:43:51 AM,T130,Cat 797,703,780,MRM,FUEL&LUBE,20.6
260701001,7/1/2026 8:44:02 AM,T141,Cat 797,895,780,JPM,FUEL&LUBE,22.5
260701001,7/1/2026 9:11:14 AM,T118,Cat 797,734,780,MRM,FUEL&LUBE,1.505
260701001,7/1/2026 9:12:10 AM,T157,Cat 797,2,780,MRM,FUEL&LUBE,22.755
260701001,7/1/2026 9:12:12 AM,T157,Cat 797,158,300,MRM,WAIT FOR FUEL BAY,22.755
260701001,7/1/2026 9:14:50 AM,T157,Cat 797,863,780,MRM,FUEL&LUBE,22.755
260701001,7/1/2026 9:16:01 AM,T461,Cat 785,594,780,JPM,FUEL&LUBE,35.655
260701001,7/1/2026 9:22:16 AM,T453,Cat 789,6,780,MRM,FUEL&LUBE,163.855
260701001,7/1/2026 9:22:22 AM,T453,Cat 789,112,300,MRM,WAIT FOR FUEL BAY,163.855
260701001,7/1/2026 9:24:17 AM,T453,Cat 789,759,780,MRM,FUEL&LUBE,163.855
260701001,7/1/2026 9:35:42 AM,T452,Cat 789,740,780,MRM,FUEL&LUBE,163.86
260701001,7/1/2026 9:53:37 AM,T154,Cat 797,1031,780,JPM,FUEL&LUBE,22.755
260701001,7/1/2026 10:10:20 AM,T140,Cat 797,1063,780,MRM,FUEL&LUBE,20.125
260701001,7/1/2026 10:20:43 AM,T114,Cat 797,902,780,MRM,FUEL&LUBE,24.27
260701001,7/1/2026 10:32:23 AM,T127,Cat 797,917,780,MRM,FUEL&LUBE,18.345
260701001,7/1/2026 10:43:40 AM,T112,Cat 797,847,780,MRM,FUEL&LUBE,19.175
260701001,7/1/2026 10:51:38 AM,T123,Cat 797,1050,780,MRM,FUEL&LUBE,15.615
260701001,7/1/2026 10:56:29 AM,T153,Cat 797,935,780,MRM,FUEL&LUBE,163.85
260701001,7/1/2026 11:26:14 AM,T163,Cat 797,851,780,MRM,FUEL&LUBE,23.765
260701001,7/1/2026 11:26:44 AM,T102,Cat 797,844,780,MRM,FUEL&LUBE,23.385
260701001,7/1/2026 11:29:27 AM,T134,Cat 797,30,780,JPM,FUEL&LUBE,25.915
260701001,7/1/2026 11:36:35 AM,T113,Cat 797,1150,780,MRM,FUEL&LUBE,16.8
260701001,7/1/2026 11:44:14 AM,T169,Cat 797,14,780,JPM,FUEL&LUBE,
260701001,7/1/2026 11:44:28 AM,T169,Cat 797,307,300,JPM,WAIT FOR FUEL BAY,
260701001,7/1/2026 11:47:09 AM,T119,Cat 797,832,780,MRM,FUEL&LUBE,22.025
260701001,7/1/2026 11:49:39 AM,T169,Cat 797,1048,780,JPM,FUEL&LUBE,
260701001,7/1/2026 12:07:18 PM,T150,Cat 797,695,780,JPM,FUEL&LUBE,35.38
260701001,7/1/2026 12:08:38 PM,T135,Cat 797,798,780,MRM,FUEL&LUBE,18.94
260701001,7/1/2026 12:20:32 PM,T129,Cat 797,717,780,MRM,FUEL&LUBE,17.275
260701001,7/1/2026 12:34:09 PM,T136,Cat 797,1104,780,MRM,FUEL&LUBE,24.65
260701001,7/1/2026 12:58:54 PM,T124,Cat 797,878,780,MRM,FUEL&LUBE,17.275
260701001,7/1/2026 1:07:28 PM,T171,Cat 797,1015,780,JPM,FUEL&LUBE,
260701001,7/1/2026 1:08:31 PM,T108,Cat 797,853,780,MRM,FUEL&LUBE,16.205
260701001,7/1/2026 1:09:15 PM,T116,Cat 797,3,780,MRM,FUEL&LUBE,18.94
260701001,7/1/2026 1:09:18 PM,T116,Cat 797,290,300,MRM,WAIT FOR FUEL BAY,18.94
260701001,7/1/2026 1:14:08 PM,T116,Cat 797,779,780,MRM,FUEL&LUBE,19.89
260701001,7/1/2026 1:26:52 PM,T115,Cat 797,987,780,MRM,FUEL&LUBE,16.68
260701001,7/1/2026 1:42:37 PM,T161,Cat 797,782,780,JPM,FUEL&LUBE,23.64
260701001,7/1/2026 1:52:20 PM,T122,Cat 797,1051,780,MRM,FUEL&LUBE,14.8
260701001,7/1/2026 1:57:26 PM,T106,Cat 797,1200,780,MRM,FUEL&LUBE,45.29
260701001,7/1/2026 2:07:25 PM,T160,Cat 797,10,780,MRM,FUEL&LUBE,19.89
260701001,7/1/2026 2:07:35 PM,T160,Cat 797,164,300,MRM,WAIT FOR FUEL BAY,19.89
260701001,7/1/2026 2:10:19 PM,T160,Cat 797,775,780,MRM,FUEL&LUBE,19.055
260701001,7/1/2026 2:16:53 PM,T132,Cat 797,716,780,MRM,FUEL&LUBE,163.85
260701001,7/1/2026 2:24:23 PM,T149,Cat 797,764,780,JPM,FUEL&LUBE,
260701001,7/1/2026 2:36:47 PM,T170,Cat 797,51,780,JPM,FUEL&LUBE,
260701001,7/1/2026 2:41:28 PM,T110,Cat 797,869,780,MRM,FUEL&LUBE,21.195
260701001,7/1/2026 2:42:20 PM,T475,Cat 793,1316,780,MRM,FUEL&LUBE,73.705
260701001,7/1/2026 2:59:46 PM,T144,Cat 797,722,780,JPM,FUEL&LUBE,
260701001,7/1/2026 3:12:21 PM,T139,Cat 797,863,780,JPM,FUEL&LUBE,20.125
260701001,7/1/2026 3:13:24 PM,T126,Cat 797,858,780,MRM,FUEL&LUBE,25.03
260701001,7/1/2026 3:29:36 PM,T457,Cat 785,723,780,MRM,FUEL&LUBE,24.105
260701001,7/1/2026 3:54:16 PM,T117,Cat 797,741,780,MRM,FUEL&LUBE,163.85
260701001,7/1/2026 4:16:49 PM,T466,Cat 785,224,780,MRM,FUEL&LUBE,26.405
260701001,7/1/2026 4:20:37 PM,T466,Cat 785,2,780,MRM,FUEL&LUBE,84.365
260701001,7/1/2026 4:37:49 PM,T156,Cat 797,825,780,JPM,FUEL&LUBE,23.765
260726001,7/26/2026 6:00:00 AM,T114,Cat 797,624,780,MRM,FUEL&LUBE,15.85
260726001,7/26/2026 6:02:39 AM,T102,Cat 797,867,780,MRM,FUEL&LUBE,14.83
260726001,7/26/2026 6:03:40 AM,T474,Cat 785,450,300,JPM,WAIT FOR FUEL BAY,31.83
260726001,7/26/2026 6:11:13 AM,T474,Cat 785,852,780,JPM,FUEL&LUBE,31.83
260726001,7/26/2026 6:28:00 AM,T118,Cat 797,953,780,MRM,FUEL&LUBE,2.31
260726001,7/26/2026 6:28:42 AM,T472,Cat 785,556,780,MRM,FUEL&LUBE,28.855
260726001,7/26/2026 6:32:58 AM,T131,Cat 797,24,300,MRM,WAIT FOR FUEL BAY,18.465
260726001,7/26/2026 6:33:22 AM,T131,Cat 797,76,300,MRM,WAIT FOR FUEL BAY,18.465
260726001,7/26/2026 6:34:02 AM,T128,Cat 797,1044,780,MRM,FUEL&LUBE,22.265
260726001,7/26/2026 6:55:35 AM,T139,Cat 797,6,780,JPM,FUEL&LUBE,59.85
260726001,7/26/2026 7:05:32 AM,T121,Cat 797,760,780,MRM,FUEL&LUBE,163.85
260726001,7/26/2026 7:15:27 AM,T131,Cat 797,889,780,MRM,FUEL&LUBE,14.565
260726001,7/26/2026 7:23:42 AM,T134,Cat 797,2,780,JPM,FUEL&LUBE,22.755
260726001,7/26/2026 7:38:23 AM,T167,Cat 797,1012,780,MRM,FUEL&LUBE,22.625
260726001,7/26/2026 7:44:14 AM,T109,Cat 797,783,780,MRM,FUEL&LUBE,18.345
260726001,7/26/2026 7:50:52 AM,T461,Cat 785,12,780,JPM,FUEL&LUBE,35.015
260726001,7/26/2026 8:03:50 AM,T104,Cat 797,848,780,MRM,FUEL&LUBE,14.575
260726001,7/26/2026 8:11:22 AM,T122,Cat 797,4,780,MRM,FUEL&LUBE,14.705
260726001,7/26/2026 8:11:26 AM,T122,Cat 797,426,300,MRM,WAIT FOR FUEL BAY,14.705
260726001,7/26/2026 8:11:49 AM,T120,Cat 797,876,780,MRM,FUEL&LUBE,16.445
260726001,7/26/2026 8:18:32 AM,T122,Cat 797,716,780,MRM,FUEL&LUBE,14.565
260726001,7/26/2026 8:22:01 AM,T158,Cat 797,680,780,JPM,FUEL&LUBE,23.515
260726001,7/26/2026 8:37:12 AM,T117,Cat 797,790,780,MRM,FUEL&LUBE,17.63
260726001,7/26/2026 9:14:20 AM,T129,Cat 797,926,780,MRM,FUEL&LUBE,19.295
260726001,7/26/2026 9:36:39 AM,T101,Cat 797,740,780,MRM,FUEL&LUBE,20.125
260726001,7/26/2026 9:44:44 AM,T112,Cat 797,923,780,MRM,FUEL&LUBE,163.85
260726001,7/26/2026 10:04:19 AM,T168,Cat 797,731,780,JPM,FUEL&LUBE,
260726001,7/26/2026 10:17:09 AM,T168,Cat 797,23,780,JPM,FUEL&LUBE,
260726001,7/26/2026 10:27:30 AM,T124,Cat 797,766,780,MRM,FUEL&LUBE,15.375
260726001,7/26/2026 10:31:23 AM,T105,Cat 797,113,300,MRM,WAIT FOR FUEL BAY,14.73
260726001,7/26/2026 10:32:42 AM,T141,Cat 797,861,780,JPM,FUEL&LUBE,19.295
260726001,7/26/2026 10:33:16 AM,T105,Cat 797,771,780,MRM,FUEL&LUBE,14.745
260726001,7/26/2026 10:42:05 AM,T162,Cat 797,788,780,MRM,FUEL&LUBE,77.65
260726001,7/26/2026 10:56:31 AM,T156,Cat 797,774,780,JPM,FUEL&LUBE,22.88
260726001,7/26/2026 11:02:16 AM,T126,Cat 797,723,780,MRM,FUEL&LUBE,20.365
260726001,7/26/2026 11:06:15 AM,T136,Cat 797,879,780,MRM,FUEL&LUBE,19.055
260726001,7/26/2026 11:09:27 AM,T156,Cat 797,5,780,JPM,FUEL&LUBE,44.02
260726001,7/26/2026 11:24:08 AM,T458,Cat 785,482,780,JPM,FUEL&LUBE,28.705
260726001,7/26/2026 11:32:29 AM,T111,Cat 797,5,780,MRM,FUEL&LUBE,21.55
260726001,7/26/2026 11:32:34 AM,T111,Cat 797,123,300,MRM,WAIT FOR FUEL BAY,21.55
260726001,7/26/2026 11:34:37 AM,T111,Cat 797,857,780,MRM,FUEL&LUBE,21.55
260726001,7/26/2026 11:57:48 AM,T160,Cat 797,1063,780,MRM,FUEL&LUBE,23.765
260726001,7/26/2026 11:58:19 AM,T154,Cat 797,777,780,JPM,FUEL&LUBE,19.055
260726001,7/26/2026 12:34:02 PM,T151,Cat 797,945,780,MRM,FUEL&LUBE,23.005
260726001,7/26/2026 12:43:02 PM,T157,Cat 797,7,780,MRM,FUEL&LUBE,15.85
260726001,7/26/2026 12:43:09 PM,T157,Cat 797,190,300,MRM,WAIT FOR FUEL BAY,15.85
260726001,7/26/2026 12:45:05 PM,T470,Cat 785,23,780,MRM,FUEL&LUBE,163.855
260726001,7/26/2026 12:46:19 PM,T157,Cat 797,747,780,MRM,FUEL&LUBE,14.83
260726001,7/26/2026 12:54:54 PM,T152,Cat 797,584,780,JPM,FUEL&LUBE,22.625
260726001,7/26/2026 1:02:56 PM,T171,Cat 797,149,300,JPM,WAIT FOR FUEL BAY,
260726001,7/26/2026 1:03:05 PM,T135,Cat 797,811,780,MRM,FUEL&LUBE,20.125
260726001,7/26/2026 1:05:25 PM,T171,Cat 797,960,780,JPM,FUEL&LUBE,
260726001,7/26/2026 1:21:36 PM,T171,Cat 797,66,780,JPM,FUEL&LUBE,
260726001,7/26/2026 1:35:43 PM,T123,Cat 797,805,780,MRM,FUEL&LUBE,14
260726001,7/26/2026 1:44:39 PM,T161,Cat 797,794,780,JPM,FUEL&LUBE,20.6
260726001,7/26/2026 1:53:55 PM,T162,Cat 797,1309,780,MRM,FUEL&LUBE,90.215
260726001,7/26/2026 2:16:47 PM,T153,Cat 797,682,780,MRM,FUEL&LUBE,15.615
260726001,7/26/2026 2:28:11 PM,T153,Cat 797,1,780,MRM,FUEL&LUBE,19.415
260726001,7/26/2026 2:36:17 PM,T127,Cat 797,910,780,MRM,FUEL&LUBE,16.445
260726001,7/26/2026 2:50:23 PM,T113,Cat 797,735,780,MRM,FUEL&LUBE,14.34
260726001,7/26/2026 2:55:19 PM,T125,Cat 797,859,780,MRM,FUEL&LUBE,17.87
260726001,7/26/2026 2:59:01 PM,T169,Cat 797,776,780,JPM,FUEL&LUBE,
260726001,7/26/2026 3:11:08 PM,T115,Cat 797,771,780,MRM,FUEL&LUBE,22.625
260726001,7/26/2026 3:17:29 PM,T106,Cat 797,815,300,MRM,WAIT FOR FUEL BAY,19.055
260726001,7/26/2026 3:31:05 PM,T106,Cat 797,16,780,MRM,FUEL&LUBE,26.805
260726001,7/26/2026 3:32:58 PM,T149,Cat 797,730,780,JPM,FUEL&LUBE,
260726001,7/26/2026 3:44:11 PM,T164,Cat 797,819,780,MRM,FUEL&LUBE,21.195
260726001,7/26/2026 3:45:12 PM,T149,Cat 797,2,780,JPM,FUEL&LUBE,
260726001,7/26/2026 4:04:30 PM,T132,Cat 797,743,780,MRM,FUEL&LUBE,163.85
260726001,7/26/2026 4:15:43 PM,T134,Cat 797,26,780,JPM,FUEL&LUBE,29.21
260726001,7/26/2026 4:19:39 PM,T163,Cat 797,823,780,MRM,FUEL&LUBE,17.155
260726001,7/26/2026 4:39:32 PM,T102,Cat 797,828,780,MRM,FUEL&LUBE,16.92
260726001,7/26/2026 4:42:10 PM,T119,Cat 797,867,780,MRM,FUEL&LUBE,19.77
260726001,7/26/2026 4:48:59 PM,T147,Cat 797,8,780,JPM,FUEL&LUBE,
260726001,7/26/2026 4:59:58 PM,T118,Cat 797,765,780,MRM,FUEL&LUBE,14.87
260726001,7/26/2026 5:03:49 PM,T165,Cat 797,45,300,JPM,WAIT FOR FUEL BAY,20.955
260726001,7/26/2026 5:04:34 PM,T165,Cat 797,847,780,JPM,FUEL&LUBE,20.955
260802002,8/2/2026 6:05:07 PM,T110,Cat 797,956,780,MRM,FUEL&LUBE,23.64
260802002,8/2/2026 6:26:02 PM,T160,Cat 797,927,780,MRM,FUEL&LUBE,16.68
260802002,8/2/2026 6:47:34 PM,T101,Cat 797,675,780,MRM,FUEL&LUBE,15.85
260802002,8/2/2026 6:53:39 PM,T152,Cat 797,883,780,JPM,FUEL&LUBE,19.89
260802002,8/2/2026 7:03:08 PM,T114,Cat 797,1232,780,MRM,FUEL&LUBE,14.705
260802002,8/2/2026 7:14:51 PM,T455,Cat 785,627,780,MRM,FUEL&LUBE,25.18
260802002,8/2/2026 7:16:53 PM,T105,Cat 797,5,780,MRM,FUEL&LUBE,20.125
260802002,8/2/2026 7:16:58 PM,T105,Cat 797,550,300,MRM,WAIT FOR FUEL BAY,20.125
260802002,8/2/2026 7:18:16 PM,T459,Cat 785,671,780,JPM,FUEL&LUBE,30.875
260802002,8/2/2026 7:26:08 PM,T105,Cat 797,796,780,MRM,FUEL&LUBE,19.295
260802002,8/2/2026 7:36:49 PM,T165,Cat 797,1174,780,JPM,FUEL&LUBE,16.205
260802002,8/2/2026 7:36:56 PM,T103,Cat 797,146,780,MRM,FUEL&LUBE,14.635
260802002,8/2/2026 7:38:52 PM,T458,Cat 785,2,780,JPM,FUEL&LUBE,24.105
260802002,8/2/2026 7:39:22 PM,T103,Cat 797,97,300,MRM,WAIT FOR FUEL BAY,14.62
260802002,8/2/2026 7:40:59 PM,T103,Cat 797,794,780,MRM,FUEL&LUBE,14.845
260802002,8/2/2026 7:44:48 PM,T469,Cat 785,2,780,MRM,FUEL&LUBE,24.565
260802002,8/2/2026 7:44:50 PM,T469,Cat 785,266,300,MRM,WAIT FOR FUEL BAY,24.565
260802002,8/2/2026 7:46:38 PM,T119,Cat 797,542,300,MRM,WAIT FOR FUEL BAY,14.675
260802002,8/2/2026 7:49:16 PM,T469,Cat 785,523,780,MRM,FUEL&LUBE,24.72
260802002,8/2/2026 7:53:43 PM,T132,Cat 797,1239,780,MRM,FUEL&LUBE,163.85
260802002,8/2/2026 7:55:42 PM,T119,Cat 797,870,780,MRM,FUEL&LUBE,14.62
260802002,8/2/2026 8:11:25 PM,T127,Cat 797,4,780,MRM,FUEL&LUBE,15.14
260802002,8/2/2026 8:11:29 PM,T127,Cat 797,160,300,MRM,WAIT FOR FUEL BAY,15.14
260802002,8/2/2026 8:14:09 PM,T127,Cat 797,1167,780,MRM,FUEL&LUBE,15.14
260802002,8/2/2026 8:18:16 PM,T117,Cat 797,998,780,MRM,FUEL&LUBE,15.14
260802002,8/2/2026 8:34:08 PM,T128,Cat 797,3,780,MRM,FUEL&LUBE,15.255
260802002,8/2/2026 8:34:11 PM,T128,Cat 797,46,300,MRM,WAIT FOR FUEL BAY,15.255
260802002,8/2/2026 8:34:57 PM,T128,Cat 797,823,780,MRM,FUEL&LUBE,15.255
260802002,8/2/2026 8:37:16 PM,T133,Cat 797,677,300,MRM,WAIT FOR FUEL BAY,163.85
260802002,8/2/2026 8:37:23 PM,T106,Cat 797,865,780,MRM,FUEL&LUBE,14.565
260802002,8/2/2026 8:49:16 PM,T133,Cat 797,745,780,MRM,FUEL&LUBE,163.85
260802002,8/2/2026 9:06:23 PM,T470,Cat 785,979,780,MRM,FUEL&LUBE,163.855
260802002,8/2/2026 9:12:37 PM,T140,Cat 797,867,780,MRM,FUEL&LUBE,20.005
260802002,8/2/2026 9:19:11 PM,T167,Cat 797,9,300,MRM,WAIT FOR FUEL BAY,23.26
260802002,8/2/2026 9:39:21 PM,T153,Cat 797,652,780,MRM,FUEL&LUBE,22.145
260802002,8/2/2026 10:02:11 PM,T462,Cat 785,791,780,JPM,FUEL&LUBE,35.495
260802002,8/2/2026 10:03:39 PM,T465,Cat 785,1001,780,MRM,FUEL&LUBE,30.235
260802002,8/2/2026 10:04:12 PM,T109,Cat 797,939,780,MRM,FUEL&LUBE,15.14
260802002,8/2/2026 10:17:04 PM,T108,Cat 797,15,780,MRM,FUEL&LUBE,21.195
260802002,8/2/2026 10:17:19 PM,T108,Cat 797,170,300,MRM,WAIT FOR FUEL BAY,21.195
260802002,8/2/2026 10:20:09 PM,T108,Cat 797,735,780,MRM,FUEL&LUBE,20.48
260802002,8/2/2026 10:28:01 PM,T167,Cat 797,941,780,MRM,FUEL&LUBE,17.515
260802002,8/2/2026 10:56:09 PM,T168,Cat 797,837,780,JPM,FUEL&LUBE,
260802002,8/2/2026 10:56:42 PM,T121,Cat 797,1108,780,MRM,FUEL&LUBE,163.85
260802002,8/2/2026 11:35:57 PM,T123,Cat 797,648,780,MRM,FUEL&LUBE,22.625
260802002,8/2/2026 11:40:14 PM,T144,Cat 797,2,780,JPM,FUEL&LUBE,
260802002,8/2/2026 11:44:28 PM,T135,Cat 797,780,780,MRM,FUEL&LUBE,17.155
260726001,7/26/2026 5:41:51 PM,T122,Cat 797,635,780,MRM,FUEL&LUBE,19.77
260726001,7/26/2026 5:58:00 PM,T466,Cat 785,,780,MRM,FUEL&LUBE,
260726002,7/26/2026 6:00:00 PM,T466,Cat 785,638,780,MRM,FUEL&LUBE,
260726002,7/26/2026 6:13:51 PM,T138,Cat 797,880,780,MRM,FUEL&LUBE,14.87
260726002,7/26/2026 6:28:55 PM,T147,Cat 797,564,780,JPM,FUEL&LUBE,
260726002,7/26/2026 6:35:47 PM,T460,Cat 785,586,780,MRM,FUEL&LUBE,27.02
260726002,7/26/2026 6:43:05 PM,T106,Cat 797,610,780,MRM,FUEL&LUBE,88.405
260726002,7/26/2026 6:44:21 PM,T468,Cat 785,1180,780,MRM,FUEL&LUBE,24.26
260726002,7/26/2026 6:46:18 PM,T121,Cat 797,1149,780,MRM,FUEL&LUBE,163.85
260726002,7/26/2026 6:59:53 PM,T150,Cat 797,21,780,JPM,FUEL&LUBE,14.83
260726002,7/26/2026 7:00:14 PM,T150,Cat 797,900,780,JPM,FUEL&LUBE,14.83
260726002,7/26/2026 7:11:38 PM,T104,Cat 797,1044,780,MRM,FUEL&LUBE,15.14
260726002,7/26/2026 7:16:51 PM,T158,Cat 797,893,780,JPM,FUEL&LUBE,27.565
260726002,7/26/2026 7:18:24 PM,T101,Cat 797,768,780,MRM,FUEL&LUBE,16.445
260726002,7/26/2026 7:25:36 PM,T139,Cat 797,305,300,JPM,WAIT FOR FUEL BAY,23.515
260726002,7/26/2026 7:31:06 PM,T139,Cat 797,794,780,JPM,FUEL&LUBE,21.905
260726002,7/26/2026 7:32:54 PM,T137,Cat 797,901,780,MRM,FUEL&LUBE,16.325
260726002,7/26/2026 7:36:06 PM,T114,Cat 797,57,780,MRM,FUEL&LUBE,15.495
260726002,7/26/2026 7:37:03 PM,T114,Cat 797,717,780,MRM,FUEL&LUBE,15.495
260726002,7/26/2026 7:38:24 PM,T109,Cat 797,551,300,MRM,WAIT FOR FUEL BAY,29.965
260726002,7/26/2026 7:45:32 PM,T462,Cat 785,533,780,JPM,FUEL&LUBE,27.63
260726002,7/26/2026 7:49:11 PM,T109,Cat 797,1,780,MRM,FUEL&LUBE,31.265
260726002,7/26/2026 7:58:50 PM,T129,Cat 797,945,780,MRM,FUEL&LUBE,14.87
260726002,7/26/2026 8:11:23 PM,T469,Cat 785,569,780,MRM,FUEL&LUBE,23.955
260726002,7/26/2026 8:11:24 PM,T130,Cat 797,1140,780,MRM,FUEL&LUBE,14.49
260726002,7/26/2026 8:11:52 PM,T463,Cat 785,745,780,JPM,FUEL&LUBE,21.655
260726002,7/26/2026 8:29:30 PM,T140,Cat 797,102,780,MRM,FUEL&LUBE,15.615
260726002,7/26/2026 8:31:12 PM,T140,Cat 797,881,780,MRM,FUEL&LUBE,15.97
260726002,7/26/2026 8:31:19 PM,T170,Cat 797,840,780,JPM,FUEL&LUBE,
260726002,7/26/2026 8:35:22 PM,T152,Cat 797,656,300,JPM,WAIT FOR FUEL BAY,43.74
260726002,7/26/2026 8:38:26 PM,T112,Cat 797,691,780,MRM,FUEL&LUBE,163.85
260726002,7/26/2026 8:46:21 PM,T152,Cat 797,720,780,JPM,FUEL&LUBE,43.18
260726002,7/26/2026 8:59:24 PM,T167,Cat 797,5,780,MRM,FUEL&LUBE,16.8
260726002,7/26/2026 8:59:29 PM,T167,Cat 797,69,300,MRM,WAIT FOR FUEL BAY,16.8
260726002,7/26/2026 9:00:38 PM,T167,Cat 797,895,780,MRM,FUEL&LUBE,16.8
260726002,7/26/2026 9:00:46 PM,T472,Cat 785,872,780,MRM,FUEL&LUBE,36.45
260726002,7/26/2026 9:14:33 PM,T474,Cat 785,534,780,JPM,FUEL&LUBE,23.955
260726002,7/26/2026 9:28:00 PM,T461,Cat 785,10,780,JPM,FUEL&LUBE,33.74
260726002,7/26/2026 9:28:10 PM,T461,Cat 785,28,300,JPM,WAIT FOR FUEL BAY,33.74
260726002,7/26/2026 9:28:49 PM,T461,Cat 785,617,780,JPM,FUEL&LUBE,33.74
260726002,7/26/2026 9:45:37 PM,T117,Cat 797,820,780,MRM,FUEL&LUBE,16.445
260726002,7/26/2026 9:46:50 PM,T168,Cat 797,795,780,JPM,FUEL&LUBE,
260726002,7/26/2026 10:01:28 PM,T459,Cat 785,617,780,JPM,FUEL&LUBE,31.67
260726002,7/26/2026 10:18:30 PM,T120,Cat 797,952,780,MRM,FUEL&LUBE,24.78
260726002,7/26/2026 10:26:04 PM,T126,Cat 797,11,780,MRM,FUEL&LUBE,14.9
260726002,7/26/2026 10:26:38 PM,T126,Cat 797,733,780,MRM,FUEL&LUBE,14.775
260726002,7/26/2026 10:50:35 PM,T458,Cat 785,307,780,JPM,FUEL&LUBE,24.72
260726002,7/26/2026 10:55:42 PM,T458,Cat 785,325,300,JPM,WAIT FOR FUEL BAY,24.72
260726002,7/26/2026 10:56:23 PM,T156,Cat 797,218,780,JPM,FUEL&LUBE,36.045
260726002,7/26/2026 10:58:47 PM,T124,Cat 797,945,780,MRM,FUEL&LUBE,28.575
260726002,7/26/2026 11:00:02 PM,T156,Cat 797,1,780,JPM,FUEL&LUBE,36.045
260726002,7/26/2026 11:01:16 PM,T458,Cat 785,617,780,JPM,FUEL&LUBE,24.105
260726002,7/26/2026 11:02:47 PM,T131,Cat 797,955,780,MRM,FUEL&LUBE,24.525
260726002,7/26/2026 11:03:11 PM,T162,Cat 797,3,780,MRM,FUEL&LUBE,95.145
260726002,7/26/2026 11:03:14 PM,T162,Cat 797,694,300,MRM,WAIT FOR FUEL BAY,95.145
260726002,7/26/2026 11:14:48 PM,T162,Cat 797,1381,780,MRM,FUEL&LUBE,94.45
260726002,7/26/2026 11:24:36 PM,T154,Cat 797,102,780,JPM,FUEL&LUBE,67.505
260726002,7/26/2026 11:37:13 PM,T134,Cat 797,912,780,JPM,FUEL&LUBE,32.725
260726002,7/26/2026 11:52:05 PM,T136,Cat 797,279,780,MRM,FUEL&LUBE,25.665
260802001,8/2/2026 6:00:00 AM,T118,Cat 797,194,780,MRM,FUEL&LUBE,81.55
260802001,8/2/2026 6:00:00 AM,T466,Cat 785,457,300,MRM,WAIT FOR FUEL BAY,31.35
260802001,8/2/2026 6:07:52 AM,T466,Cat 785,5,780,MRM,FUEL&LUBE,86.25
260802001,8/2/2026 6:08:01 AM,T126,Cat 797,765,780,MRM,FUEL&LUBE,24.65
260802001,8/2/2026 6:22:18 AM,T126,Cat 797,3,780,MRM,FUEL&LUBE,50.92
260802001,8/2/2026 6:25:24 AM,T133,Cat 797,11,780,MRM,FUEL&LUBE,163.85
260802001,8/2/2026 6:25:35 AM,T133,Cat 797,110,300,MRM,WAIT FOR FUEL BAY,163.85
260802001,8/2/2026 6:27:25 AM,T133,Cat 797,714,780,MRM,FUEL&LUBE,163.85
260802001,8/2/2026 6:33:30 AM,T106,Cat 797,389,300,MRM,WAIT FOR FUEL BAY,26.93
260802001,8/2/2026 6:33:47 AM,T114,Cat 797,588,780,MRM,FUEL&LUBE,56.56
260802001,8/2/2026 6:36:34 AM,T105,Cat 797,1032,300,MRM,WAIT FOR FUEL BAY,23.005
260802001,8/2/2026 6:38:02 AM,T160,Cat 797,1245,780,MRM,FUEL&LUBE,21.79
260802001,8/2/2026 6:40:00 AM,T106,Cat 797,779,780,MRM,FUEL&LUBE,27.69
260802001,8/2/2026 6:40:32 AM,T452,Cat 789,1687,300,MRM,WAIT FOR FUEL BAY,163.86
260802001,8/2/2026 6:42:29 AM,T470,Cat 785,2,780,MRM,FUEL&LUBE,163.855
260802001,8/2/2026 6:53:46 AM,T105,Cat 797,901,780,MRM,FUEL&LUBE,23.385
260802001,8/2/2026 7:00:54 AM,T158,Cat 797,973,780,JPM,FUEL&LUBE,22.625
260802001,8/2/2026 7:08:40 AM,T452,Cat 789,4,780,MRM,FUEL&LUBE,163.86
260802001,8/2/2026 7:08:49 AM,T105,Cat 797,1,780,MRM,FUEL&LUBE,48.1
260802001,8/2/2026 7:14:50 AM,T128,Cat 797,952,780,MRM,FUEL&LUBE,20.245
260802001,8/2/2026 7:17:09 AM,T158,Cat 797,1,780,JPM,FUEL&LUBE,96.645
260802001,8/2/2026 7:20:51 AM,T144,Cat 797,887,780,JPM,FUEL&LUBE,
260802001,8/2/2026 7:34:06 AM,T118,Cat 797,79,780,MRM,FUEL&LUBE,2.11
260802001,8/2/2026 7:35:08 AM,T470,Cat 785,542,780,MRM,FUEL&LUBE,163.855
260802001,8/2/2026 7:35:22 AM,T161,Cat 797,747,780,JPM,FUEL&LUBE,16.09
260802001,8/2/2026 7:48:49 AM,T140,Cat 797,1081,780,MRM,FUEL&LUBE,38.305
260802001,8/2/2026 7:58:10 AM,T168,Cat 797,175,300,JPM,WAIT FOR FUEL BAY,
260802001,8/2/2026 7:59:47 AM,T474,Cat 785,782,300,JPM,WAIT FOR FUEL BAY,33.74
260802001,8/2/2026 8:01:05 AM,T168,Cat 797,879,780,JPM,FUEL&LUBE,
260802001,8/2/2026 8:12:49 AM,T474,Cat 785,44,780,JPM,FUEL&LUBE,33.74
260802001,8/2/2026 8:13:33 AM,T474,Cat 785,165,780,JPM,FUEL&LUBE,33.74
260802001,8/2/2026 8:15:45 AM,T168,Cat 797,3,780,JPM,FUEL&LUBE,
260802001,8/2/2026 8:16:18 AM,T474,Cat 785,525,780,JPM,FUEL&LUBE,33.74
260802001,8/2/2026 8:18:44 AM,T132,Cat 797,650,780,MRM,FUEL&LUBE,163.85
260802001,8/2/2026 8:25:19 AM,T474,Cat 785,1,780,JPM,FUEL&LUBE,33.74
260802001,8/2/2026 8:30:50 AM,T460,Cat 785,716,780,MRM,FUEL&LUBE,24.565
260802001,8/2/2026 8:36:56 AM,T101,Cat 797,760,780,MRM,FUEL&LUBE,14.605
260802001,8/2/2026 9:04:04 AM,T463,Cat 785,711,780,JPM,FUEL&LUBE,39.955
260802001,8/2/2026 9:14:26 AM,T111,Cat 797,1034,780,MRM,FUEL&LUBE,22.88
260802001,8/2/2026 9:16:02 AM,T463,Cat 785,2,780,JPM,FUEL&LUBE,40.6
260802001,8/2/2026 9:19:00 AM,T117,Cat 797,808,780,MRM,FUEL&LUBE,15.85
260802001,8/2/2026 9:48:57 AM,T471,Cat 785,509,780,MRM,FUEL&LUBE,34.7
260802001,8/2/2026 10:04:56 AM,T461,Cat 785,604,780,JPM,FUEL&LUBE,38.525
260802001,8/2/2026 10:16:00 AM,T154,Cat 797,718,780,JPM,FUEL&LUBE,41.07
260802001,8/2/2026 10:24:28 AM,T112,Cat 797,782,780,MRM,FUEL&LUBE,91.075
260802001,8/2/2026 10:29:13 AM,T167,Cat 797,1084,780,MRM,FUEL&LUBE,19.77
260802001,8/2/2026 10:44:57 AM,T121,Cat 797,106,300,MRM,WAIT FOR FUEL BAY,163.85
260802001,8/2/2026 10:46:43 AM,T121,Cat 797,632,780,MRM,FUEL&LUBE,163.85
260802001,8/2/2026 11:23:02 AM,T135,Cat 797,1257,780,MRM,FUEL&LUBE,21.075
260802001,8/2/2026 12:02:12 PM,T451,Cat 789,906,780,MRM,FUEL&LUBE,
260802001,8/2/2026 12:15:05 PM,T138,Cat 797,1143,780,MRM,FUEL&LUBE,61.8
260802001,8/2/2026 12:58:46 PM,T157,Cat 797,862,780,MRM,FUEL&LUBE,22.145
260802001,8/2/2026 1:02:52 PM,T169,Cat 797,795,780,JPM,FUEL&LUBE,
260802001,8/2/2026 1:23:36 PM,T116,Cat 797,1962,780,MRM,FUEL&LUBE,19.65
260802001,8/2/2026 1:25:48 PM,T153,Cat 797,727,780,MRM,FUEL&LUBE,16.445
260802001,8/2/2026 1:31:25 PM,T170,Cat 797,4,780,JPM,FUEL&LUBE,
260802001,8/2/2026 1:31:29 PM,T170,Cat 797,149,300,JPM,WAIT FOR FUEL BAY,
260802001,8/2/2026 1:33:58 PM,T170,Cat 797,733,780,JPM,FUEL&LUBE,
260802001,8/2/2026 1:37:05 PM,T132,Cat 797,928,780,MRM,FUEL&LUBE,163.85
260802001,8/2/2026 1:47:41 PM,T171,Cat 797,846,780,JPM,FUEL&LUBE,
260802001,8/2/2026 2:01:51 PM,T171,Cat 797,1,780,JPM,FUEL&LUBE,
260802001,8/2/2026 2:03:45 PM,T104,Cat 797,927,780,MRM,FUEL&LUBE,14.885
260802001,8/2/2026 2:15:19 PM,T131,Cat 797,854,780,MRM,FUEL&LUBE,163.85
260802001,8/2/2026 2:26:24 PM,T123,Cat 797,902,780,MRM,FUEL&LUBE,16.205
260802001,8/2/2026 2:29:31 PM,T107,Cat 797,810,780,MRM,FUEL&LUBE,15.495
260802001,8/2/2026 2:31:19 PM,T108,Cat 797,756,300,MRM,WAIT FOR FUEL BAY,14.42
260802001,8/2/2026 2:31:41 PM,T467,Cat 785,301,780,MRM,FUEL&LUBE,22.115
260802001,8/2/2026 2:36:42 PM,T467,Cat 785,915,300,MRM,WAIT FOR FUEL BAY,20.89
260802001,8/2/2026 2:43:57 PM,T108,Cat 797,818,780,MRM,FUEL&LUBE,14.34
260802001,8/2/2026 3:00:43 PM,T125,Cat 797,12,780,MRM,FUEL&LUBE,16.09
260802001,8/2/2026 3:00:55 PM,T125,Cat 797,960,780,MRM,FUEL&LUBE,16.09
260802001,8/2/2026 3:19:00 PM,T156,Cat 797,750,780,JPM,FUEL&LUBE,50.625
260802001,8/2/2026 3:25:10 PM,T120,Cat 797,840,780,MRM,FUEL&LUBE,24.525
260802001,8/2/2026 3:29:57 PM,T163,Cat 797,1024,780,MRM,FUEL&LUBE,14.845
260802001,8/2/2026 3:30:02 PM,T115,Cat 797,544,300,MRM,WAIT FOR FUEL BAY,16.205
260802001,8/2/2026 3:39:18 PM,T115,Cat 797,804,780,MRM,FUEL&LUBE,16.09
260802001,8/2/2026 3:47:53 PM,T113,Cat 797,699,780,MRM,FUEL&LUBE,15.73
260802001,8/2/2026 3:48:22 PM,T102,Cat 797,3,780,MRM,FUEL&LUBE,34.85
260802001,8/2/2026 3:48:25 PM,T102,Cat 797,267,300,MRM,WAIT FOR FUEL BAY,34.85
260802001,8/2/2026 3:52:52 PM,T102,Cat 797,606,780,MRM,FUEL&LUBE,34.585
260802001,8/2/2026 4:16:00 PM,T164,Cat 797,1099,780,MRM,FUEL&LUBE,14.41
260802001,8/2/2026 4:21:11 PM,T126,Cat 797,1052,780,MRM,FUEL&LUBE,14.87
260802001,8/2/2026 4:23:00 PM,T118,Cat 797,59,780,MRM,FUEL&LUBE,14.635
260802001,8/2/2026 4:23:59 PM,T118,Cat 797,678,300,MRM,WAIT FOR FUEL BAY,14.635
260802001,8/2/2026 4:35:17 PM,T118,Cat 797,10,780,MRM,FUEL&LUBE,14.565
260802001,8/2/2026 4:36:07 PM,T472,Cat 785,137,780,MRM,FUEL&LUBE,24.415
260802001,8/2/2026 4:38:24 PM,T472,Cat 785,851,780,MRM,FUEL&LUBE,24.415
260802001,8/2/2026 4:47:42 PM,T130,Cat 797,892,780,MRM,FUEL&LUBE,12.185
260802001,8/2/2026 5:18:48 PM,T151,Cat 797,1089,780,MRM,FUEL&LUBE,12.39
260802001,8/2/2026 5:43:16 PM,T118,Cat 797,618,780,MRM,FUEL&LUBE,163.85
260701001,7/1/2026 4:40:05 PM,T451,Cat 789,782,780,MRM,FUEL&LUBE,
260701001,7/1/2026 5:41:00 PM,T133,Cat 797,810,780,MRM,FUEL&LUBE,20.245
260701001,7/1/2026 5:46:57 PM,T128,Cat 797,79,780,MRM,FUEL&LUBE,28.83
260701001,7/1/2026 5:48:16 PM,T128,Cat 797,704,780,MRM,FUEL&LUBE,28.83
260701001,7/1/2026 5:50:30 PM,T120,Cat 797,13,780,MRM,FUEL&LUBE,163.85
260701001,7/1/2026 5:50:43 PM,T120,Cat 797,8,300,MRM,WAIT FOR FUEL BAY,163.85
260701001,7/1/2026 5:50:51 PM,T120,Cat 797,317,300,MRM,WAIT FOR FUEL BAY,163.85
260701001,7/1/2026 5:51:51 PM,T125,Cat 797,3,780,MRM,FUEL&LUBE,15.14
260701001,7/1/2026 5:51:54 PM,T125,Cat 797,486,300,MRM,WAIT FOR FUEL BAY,15.14
260701001,7/1/2026 5:56:08 PM,T120,Cat 797,232,780,MRM,FUEL&LUBE,163.85
260701002,7/1/2026 6:00:00 PM,T120,Cat 797,489,780,MRM,FUEL&LUBE,163.85
260701002,7/1/2026 6:00:00 PM,T125,Cat 797,106,300,MRM,WAIT FOR FUEL BAY,14.86
260701002,7/1/2026 6:00:00 PM,T128,Cat 797,65,780,MRM,FUEL&LUBE,25.16
260701002,7/1/2026 6:01:46 PM,T125,Cat 797,884,780,MRM,FUEL&LUBE,14.83
260701002,7/1/2026 6:28:50 PM,T456,Cat 785,624,780,MRM,FUEL&LUBE,31.03
260701002,7/1/2026 6:42:55 PM,T459,Cat 785,517,780,JPM,FUEL&LUBE,29.62
260701002,7/1/2026 7:01:27 PM,T162,Cat 797,833,780,MRM,FUEL&LUBE,18.345
260701002,7/1/2026 7:08:04 PM,T458,Cat 785,509,780,JPM,FUEL&LUBE,28.855
260701002,7/1/2026 7:08:22 PM,T465,Cat 785,620,780,MRM,FUEL&LUBE,163.86
260701002,7/1/2026 7:17:05 PM,T118,Cat 797,87,780,MRM,FUEL&LUBE,15.495
260701002,7/1/2026 7:18:32 PM,T118,Cat 797,686,780,MRM,FUEL&LUBE,14.76
260701002,7/1/2026 7:29:44 PM,T463,Cat 785,20,780,JPM,FUEL&LUBE,38.525
260701002,7/1/2026 7:30:15 PM,T463,Cat 785,1,780,JPM,FUEL&LUBE,37.885
260701002,7/1/2026 7:30:16 PM,T463,Cat 785,547,780,JPM,FUEL&LUBE,37.885
260701002,7/1/2026 7:34:30 PM,T105,Cat 797,818,780,MRM,FUEL&LUBE,19.415
260701002,7/1/2026 7:38:29 PM,T103,Cat 797,107,780,MRM,FUEL&LUBE,15.85
260701002,7/1/2026 7:40:16 PM,T103,Cat 797,743,780,MRM,FUEL&LUBE,15.85
260701002,7/1/2026 7:48:24 PM,T141,Cat 797,635,780,JPM,FUEL&LUBE,30.345
260701002,7/1/2026 7:50:41 PM,T101,Cat 797,873,780,MRM,FUEL&LUBE,17.04
260701002,7/1/2026 7:51:05 PM,T137,Cat 797,723,780,MRM,FUEL&LUBE,14.675
260701002,7/1/2026 8:03:47 PM,T141,Cat 797,575,780,JPM,FUEL&LUBE,30.095
260701002,7/1/2026 8:13:29 PM,T141,Cat 797,2,780,JPM,FUEL&LUBE,163.85
260701002,7/1/2026 8:19:58 PM,T453,Cat 789,529,780,MRM,FUEL&LUBE,163.855
260701002,7/1/2026 8:20:00 PM,T117,Cat 797,840,780,MRM,FUEL&LUBE,163.85
260701002,7/1/2026 8:35:23 PM,T165,Cat 797,832,780,JPM,FUEL&LUBE,27.055
260701002,7/1/2026 8:36:17 PM,T166,Cat 797,991,780,MRM,FUEL&LUBE,17.75
260701002,7/1/2026 8:36:32 PM,T164,Cat 797,819,780,MRM,FUEL&LUBE,15.85
260701002,7/1/2026 8:38:48 PM,T471,Cat 785,697,300,JPM,WAIT FOR FUEL BAY,27.325
260701002,7/1/2026 8:50:25 PM,T471,Cat 785,415,780,JPM,FUEL&LUBE,26.405
260701002,7/1/2026 8:57:23 PM,T471,Cat 785,30,780,JPM,FUEL&LUBE,27.935
260701002,7/1/2026 9:01:59 PM,T452,Cat 789,504,780,MRM,FUEL&LUBE,28.21
260701002,7/1/2026 9:10:54 PM,T102,Cat 797,745,780,MRM,FUEL&LUBE,22.88
260701002,7/1/2026 9:15:38 PM,T130,Cat 797,1187,780,MRM,FUEL&LUBE,16.92
260701002,7/1/2026 9:21:58 PM,T134,Cat 797,832,780,JPM,FUEL&LUBE,22.5
260701002,7/1/2026 9:25:20 PM,T460,Cat 785,323,780,MRM,FUEL&LUBE,22.88
260701002,7/1/2026 9:44:18 PM,T153,Cat 797,14,780,MRM,FUEL&LUBE,163.85
260701002,7/1/2026 9:44:32 PM,T153,Cat 797,108,300,MRM,WAIT FOR FUEL BAY,163.85
260701002,7/1/2026 9:46:20 PM,T153,Cat 797,695,780,MRM,FUEL&LUBE,163.85
260701002,7/1/2026 9:48:31 PM,T169,Cat 797,715,780,JPM,FUEL&LUBE,
260701002,7/1/2026 9:51:54 PM,T129,Cat 797,41,780,MRM,FUEL&LUBE,26.295
260701002,7/1/2026 9:52:35 PM,T129,Cat 797,643,780,MRM,FUEL&LUBE,26.295
260701002,7/1/2026 10:07:18 PM,T468,Cat 785,508,780,MRM,FUEL&LUBE,35.815
260701002,7/1/2026 10:20:10 PM,T154,Cat 797,774,780,JPM,FUEL&LUBE,25.41
260701002,7/1/2026 10:32:04 PM,T151,Cat 797,862,780,MRM,FUEL&LUBE,15.73
260701002,7/1/2026 10:45:52 PM,T461,Cat 785,856,780,JPM,FUEL&LUBE,67.42
260701002,7/1/2026 10:50:23 PM,T163,Cat 797,890,780,MRM,FUEL&LUBE,34.055
260701002,7/1/2026 11:06:30 PM,T140,Cat 797,1026,780,MRM,FUEL&LUBE,23.765
260701002,7/1/2026 11:10:16 PM,T466,Cat 785,7,780,MRM,FUEL&LUBE,63.925
260701002,7/1/2026 11:37:33 PM,T114,Cat 797,858,780,MRM,FUEL&LUBE,16.92
260701002,7/1/2026 11:44:40 PM,T108,Cat 797,760,780,MRM,FUEL&LUBE,15.73
260701002,7/2/2026 12:08:41 AM,T150,Cat 797,757,780,JPM,FUEL&LUBE,27.31
260701002,7/2/2026 12:09:14 AM,T112,Cat 797,964,780,MRM,FUEL&LUBE,22.38
260701002,7/2/2026 12:10:21 AM,T123,Cat 797,837,780,MRM,FUEL&LUBE,17.04
260701002,7/2/2026 12:12:40 AM,T113,Cat 797,1424,780,MRM,FUEL&LUBE,16.68
260701002,7/2/2026 12:17:07 AM,T135,Cat 797,6,780,MRM,FUEL&LUBE,14.715
260701002,7/2/2026 12:17:13 AM,T135,Cat 797,493,300,MRM,WAIT FOR FUEL BAY,14.715
260701002,7/2/2026 12:25:26 AM,T135,Cat 797,828,780,MRM,FUEL&LUBE,14.76
260701002,7/2/2026 12:26:23 AM,T144,Cat 797,4,780,JPM,FUEL&LUBE,
260701002,7/2/2026 12:26:27 AM,T144,Cat 797,42,300,JPM,WAIT FOR FUEL BAY,
260701002,7/2/2026 12:27:09 AM,T144,Cat 797,634,780,JPM,FUEL&LUBE,
260701002,7/2/2026 12:37:37 AM,T122,Cat 797,715,780,MRM,FUEL&LUBE,14.86
260701002,7/2/2026 12:50:47 AM,T149,Cat 797,74,780,JPM,FUEL&LUBE,
260701002,7/2/2026 12:52:01 AM,T149,Cat 797,688,780,JPM,FUEL&LUBE,
260701002,7/2/2026 1:03:18 AM,T161,Cat 797,739,780,JPM,FUEL&LUBE,26.045
260701002,7/2/2026 1:14:26 AM,T127,Cat 797,796,780,MRM,FUEL&LUBE,18.7
260701002,7/2/2026 1:39:21 AM,T132,Cat 797,684,780,MRM,FUEL&LUBE,163.85
260701002,7/2/2026 1:52:44 AM,T126,Cat 797,116,780,MRM,FUEL&LUBE,36.575
260701002,7/2/2026 1:54:40 AM,T126,Cat 797,586,780,MRM,FUEL&LUBE,35.915
260701002,7/2/2026 2:13:52 AM,T124,Cat 797,856,780,MRM,FUEL&LUBE,18.105
260701002,7/2/2026 2:20:13 AM,T470,Cat 785,541,780,MRM,FUEL&LUBE,22.73
260701002,7/2/2026 2:33:41 AM,T116,Cat 797,25,780,MRM,FUEL&LUBE,23.89
260701002,7/2/2026 2:34:06 AM,T116,Cat 797,312,300,MRM,WAIT FOR FUEL BAY,23.89
260701002,7/2/2026 2:39:18 AM,T116,Cat 797,713,780,MRM,FUEL&LUBE,23.005
260701002,7/2/2026 2:41:27 AM,T462,Cat 785,96,780,JPM,FUEL&LUBE,163.855
260701002,7/2/2026 2:43:03 AM,T462,Cat 785,270,780,JPM,FUEL&LUBE,163.855
260701002,7/2/2026 2:49:15 AM,T136,Cat 797,893,780,MRM,FUEL&LUBE,17.395
260701002,7/2/2026 2:55:20 AM,T107,Cat 797,847,780,MRM,FUEL&LUBE,17.04
260701002,7/2/2026 2:59:28 AM,T171,Cat 797,996,780,JPM,FUEL&LUBE,
260701002,7/2/2026 3:14:42 AM,T106,Cat 797,822,780,MRM,FUEL&LUBE,18.345
260701002,7/2/2026 3:48:59 AM,T133,Cat 797,903,780,MRM,FUEL&LUBE,16.325
260701002,7/2/2026 3:58:24 AM,T170,Cat 797,918,780,JPM,FUEL&LUBE,
260701002,7/2/2026 4:05:05 AM,T119,Cat 797,593,780,MRM,FUEL&LUBE,14.62
260701002,7/2/2026 4:14:32 AM,T156,Cat 797,802,780,JPM,FUEL&LUBE,27.815
260701002,7/2/2026 4:33:04 AM,T118,Cat 797,796,780,MRM,FUEL&LUBE,21.67
260701002,7/2/2026 5:07:56 AM,T110,Cat 797,745,780,MRM,FUEL&LUBE,23.26
260701002,7/2/2026 5:32:17 AM,T128,Cat 797,7,780,MRM,FUEL&LUBE,15.615
260701002,7/2/2026 5:32:24 AM,T128,Cat 797,87,300,MRM,WAIT FOR FUEL BAY,15.615
260701002,7/2/2026 5:33:51 AM,T128,Cat 797,735,780,MRM,FUEL&LUBE,16.68
260701002,7/2/2026 5:45:55 AM,T160,Cat 797,141,780,MRM,FUEL&LUBE,14.675
260701002,7/2/2026 5:48:16 AM,T160,Cat 797,104,300,MRM,WAIT FOR FUEL BAY,14.675
260701002,7/2/2026 5:50:00 AM,T160,Cat 797,600,780,MRM,FUEL&LUBE,14.715
260702001,7/2/2026 6:00:00 AM,T160,Cat 797,188,780,MRM,FUEL&LUBE,31.665
260702001,7/2/2026 6:07:08 AM,T451,Cat 789,27,780,MRM,FUEL&LUBE,
260702001,7/2/2026 6:07:35 AM,T451,Cat 789,125,300,MRM,WAIT FOR FUEL BAY,
260702001,7/2/2026 6:09:40 AM,T451,Cat 789,632,780,MRM,FUEL&LUBE,
260702001,7/2/2026 6:15:34 AM,T452,Cat 789,749,780,MRM,FUEL&LUBE,163.86
260702001,7/2/2026 6:19:17 AM,T118,Cat 797,623,780,MRM,FUEL&LUBE,163.85
260702001,7/2/2026 6:22:13 AM,T134,Cat 797,13,780,JPM,FUEL&LUBE,20.72
260702001,7/2/2026 6:22:26 AM,T134,Cat 797,147,300,JPM,WAIT FOR FUEL BAY,20.72
260702001,7/2/2026 6:24:53 AM,T134,Cat 797,634,780,JPM,FUEL&LUBE,20.72
260702001,7/2/2026 6:29:40 AM,T118,Cat 797,535,780,MRM,FUEL&LUBE,163.85
260702001,7/2/2026 6:54:10 AM,T139,Cat 797,771,780,JPM,FUEL&LUBE,24.27
260702001,7/2/2026 7:14:39 AM,T115,Cat 797,809,780,MRM,FUEL&LUBE,22.88
260702001,7/2/2026 7:17:10 AM,T463,Cat 785,629,780,JPM,FUEL&LUBE,49.62
260702001,7/2/2026 7:28:10 AM,T115,Cat 797,1,780,MRM,FUEL&LUBE,54.185
260702001,7/2/2026 7:37:30 AM,T129,Cat 797,790,780,MRM,FUEL&LUBE,18.94
260702001,7/2/2026 7:44:54 AM,T102,Cat 797,787,780,MRM,FUEL&LUBE,22.755
260702001,7/2/2026 7:48:46 AM,T141,Cat 797,93,780,JPM,FUEL&LUBE,23.89
260702001,7/2/2026 7:50:19 AM,T141,Cat 797,893,780,JPM,FUEL&LUBE,23.89
260702001,7/2/2026 7:53:07 AM,T453,Cat 789,11,780,MRM,FUEL&LUBE,163.855
260702001,7/2/2026 7:53:18 AM,T453,Cat 789,55,300,MRM,WAIT FOR FUEL BAY,163.855
260702001,7/2/2026 7:54:13 AM,T453,Cat 789,576,780,MRM,FUEL&LUBE,163.855
260702001,7/2/2026 7:58:47 AM,T103,Cat 797,1029,780,MRM,FUEL&LUBE,17.87
260702001,7/2/2026 8:05:05 AM,T105,Cat 797,12,780,MRM,FUEL&LUBE,14.76
260702001,7/2/2026 8:05:17 AM,T105,Cat 797,72,300,MRM,WAIT FOR FUEL BAY,14.76
260702001,7/2/2026 8:06:00 AM,T164,Cat 797,1454,780,MRM,FUEL&LUBE,34.185
260702001,7/2/2026 8:06:29 AM,T105,Cat 797,1047,780,MRM,FUEL&LUBE,14.76
260702001,7/2/2026 8:12:32 AM,T101,Cat 797,681,300,MRM,WAIT FOR FUEL BAY,14.86
260702001,7/2/2026 8:20:00 AM,T165,Cat 797,787,780,JPM,FUEL&LUBE,25.915
260702001,7/2/2026 8:24:54 AM,T101,Cat 797,783,780,MRM,FUEL&LUBE,14.745
260702001,7/2/2026 8:44:45 AM,T466,Cat 785,14,780,MRM,FUEL&LUBE,24.72
260702001,7/2/2026 8:44:59 AM,T466,Cat 785,45,300,MRM,WAIT FOR FUEL BAY,24.72
260702001,7/2/2026 8:45:44 AM,T466,Cat 785,632,780,MRM,FUEL&LUBE,24.72
260702001,7/2/2026 8:53:58 AM,T169,Cat 797,101,780,JPM,FUEL&LUBE,
260702001,7/2/2026 8:55:39 AM,T169,Cat 797,745,780,JPM,FUEL&LUBE,
260702001,7/2/2026 9:01:22 AM,T120,Cat 797,747,780,MRM,FUEL&LUBE,163.85
260702001,7/2/2026 9:01:41 AM,T125,Cat 797,10,780,MRM,FUEL&LUBE,14.87
260702001,7/2/2026 9:01:51 AM,T125,Cat 797,30,300,MRM,WAIT FOR FUEL BAY,14.87
260702001,7/2/2026 9:02:21 AM,T125,Cat 797,877,780,MRM,FUEL&LUBE,14.87
260702001,7/2/2026 9:08:30 AM,T108,Cat 797,4,780,MRM,FUEL&LUBE,16.325
260702001,7/2/2026 9:08:34 AM,T108,Cat 797,569,300,MRM,WAIT FOR FUEL BAY,16.325
260702001,7/2/2026 9:12:16 AM,T153,Cat 797,3,780,MRM,FUEL&LUBE,163.85
260702001,7/2/2026 9:12:19 AM,T153,Cat 797,147,300,MRM,WAIT FOR FUEL BAY,163.85
260702001,7/2/2026 9:14:46 AM,T153,Cat 797,730,780,MRM,FUEL&LUBE,163.85
260702001,7/2/2026 9:18:05 AM,T108,Cat 797,831,780,MRM,FUEL&LUBE,14.87
260702001,7/2/2026 9:21:54 AM,T144,Cat 797,56,780,JPM,FUEL&LUBE,
260702001,7/2/2026 9:22:54 AM,T144,Cat 797,34,300,JPM,WAIT FOR FUEL BAY,
260702001,7/2/2026 9:23:35 AM,T144,Cat 797,41,780,JPM,FUEL&LUBE,
260702001,7/2/2026 9:24:16 AM,T144,Cat 797,661,780,JPM,FUEL&LUBE,
260702001,7/2/2026 9:40:09 AM,T137,Cat 797,54,300,MRM,WAIT FOR FUEL BAY,14.885
260702001,7/2/2026 9:41:04 AM,T137,Cat 797,810,780,MRM,FUEL&LUBE,14.885
260702001,7/2/2026 9:43:16 AM,T162,Cat 797,10,780,MRM,FUEL&LUBE,18.345
260702001,7/2/2026 9:43:26 AM,T162,Cat 797,114,300,MRM,WAIT FOR FUEL BAY,18.345
260702001,7/2/2026 9:45:23 AM,T162,Cat 797,2,300,MRM,WAIT FOR FUEL BAY,18.345
260702001,7/2/2026 9:45:25 AM,T162,Cat 797,843,780,MRM,FUEL&LUBE,18.345
260702001,7/2/2026 9:46:40 AM,T154,Cat 797,869,780,JPM,FUEL&LUBE,28.83
260702001,7/2/2026 9:54:29 AM,T138,Cat 797,18,780,MRM,FUEL&LUBE,14.745
260702001,7/2/2026 9:54:47 AM,T138,Cat 797,304,300,MRM,WAIT FOR FUEL BAY,14.745
260702001,7/2/2026 9:59:22 AM,T457,Cat 785,848,780,MRM,FUEL&LUBE,25.485
260702001,7/2/2026 10:00:21 AM,T138,Cat 797,894,780,MRM,FUEL&LUBE,14.675
260702001,7/2/2026 10:19:22 AM,T467,Cat 785,751,780,MRM,FUEL&LUBE,24.565
260702001,7/2/2026 10:24:11 AM,T151,Cat 797,736,780,MRM,FUEL&LUBE,37.64
260702001,7/2/2026 10:26:46 AM,T150,Cat 797,790,780,JPM,FUEL&LUBE,30.095
260702001,7/2/2026 10:38:12 AM,T475,Cat 793,1064,780,MRM,FUEL&LUBE,34.79
260702001,7/2/2026 10:44:21 AM,T163,Cat 797,93,780,MRM,FUEL&LUBE,31.53
260702001,7/2/2026 11:16:11 AM,T161,Cat 797,762,780,JPM,FUEL&LUBE,30.345
260702001,7/2/2026 11:35:57 AM,T149,Cat 797,837,780,JPM,FUEL&LUBE,
260702001,7/2/2026 11:49:03 AM,T166,Cat 797,4,780,MRM,FUEL&LUBE,22.625
260702001,7/2/2026 11:49:07 AM,T166,Cat 797,579,300,MRM,WAIT FOR FUEL BAY,20.84
260702001,7/2/2026 11:58:46 AM,T166,Cat 797,856,780,MRM,FUEL&LUBE,21.67
260702001,7/2/2026 12:01:25 PM,T471,Cat 785,548,780,JPM,FUEL&LUBE,36.77
260702001,7/2/2026 12:21:29 PM,T130,Cat 797,102,780,MRM,FUEL&LUBE,16.09
260702001,7/2/2026 12:23:11 PM,T130,Cat 797,844,780,MRM,FUEL&LUBE,16.09
260702001,7/2/2026 12:35:16 PM,T106,Cat 797,1537,780,MRM,FUEL&LUBE,47.96
260702001,7/2/2026 1:10:46 PM,T460,Cat 785,557,780,MRM,FUEL&LUBE,28.09
260702001,7/2/2026 1:12:54 PM,T126,Cat 797,1188,780,MRM,FUEL&LUBE,39.945
260702001,7/2/2026 1:45:35 PM,T134,Cat 797,883,780,JPM,FUEL&LUBE,35.915
260702001,7/2/2026 1:55:58 PM,T465,Cat 785,636,780,MRM,FUEL&LUBE,24.105
260702001,7/2/2026 2:00:31 PM,T112,Cat 797,372,300,MRM,WAIT FOR FUEL BAY,19.89
260702001,7/2/2026 2:02:09 PM,T114,Cat 797,3,780,MRM,FUEL&LUBE,14.87
260702001,7/2/2026 2:02:12 PM,T114,Cat 797,745,300,MRM,WAIT FOR FUEL BAY,14.87
260702001,7/2/2026 2:02:28 PM,T456,Cat 785,732,780,MRM,FUEL&LUBE,22.42
260702001,7/2/2026 2:04:26 PM,T135,Cat 797,945,300,MRM,WAIT FOR FUEL BAY,17.63
260702001,7/2/2026 2:07:12 PM,T112,Cat 797,710,780,MRM,FUEL&LUBE,20.005
260702001,7/2/2026 2:11:09 PM,T132,Cat 797,1061,300,MRM,WAIT FOR FUEL BAY,163.85
260702001,7/2/2026 2:14:39 PM,T114,Cat 797,862,780,MRM,FUEL&LUBE,14.9
260702001,7/2/2026 2:14:42 PM,T456,Cat 785,4,780,MRM,FUEL&LUBE,163.86
260702001,7/2/2026 2:20:16 PM,T135,Cat 797,817,780,MRM,FUEL&LUBE,18.225
260702001,7/2/2026 2:29:35 PM,T132,Cat 797,692,780,MRM,FUEL&LUBE,163.85
260702001,7/2/2026 2:33:56 PM,T135,Cat 797,1,780,MRM,FUEL&LUBE,63
260702001,7/2/2026 2:46:21 PM,T124,Cat 797,771,780,MRM,FUEL&LUBE,22.755
260702001,7/2/2026 2:58:35 PM,T472,Cat 785,40,780,JPM,FUEL&LUBE,35.175
260702001,7/2/2026 2:59:15 PM,T472,Cat 785,454,780,JPM,FUEL&LUBE,35.175
260702001,7/2/2026 3:03:33 PM,T127,Cat 797,384,780,MRM,FUEL&LUBE,23.005
260702001,7/2/2026 3:29:56 PM,T133,Cat 797,763,780,MRM,FUEL&LUBE,14.86
260702001,7/2/2026 3:36:13 PM,T171,Cat 797,43,780,JPM,FUEL&LUBE,
260702001,7/2/2026 3:36:56 PM,T171,Cat 797,98,300,JPM,WAIT FOR FUEL BAY,
260702001,7/2/2026 3:38:34 PM,T171,Cat 797,786,780,JPM,FUEL&LUBE,
260702001,7/2/2026 3:46:50 PM,T140,Cat 797,814,780,MRM,FUEL&LUBE,23.89
260702001,7/2/2026 3:51:07 PM,T127,Cat 797,14,780,MRM,FUEL&LUBE,21.315
260702001,7/2/2026 3:51:21 PM,T127,Cat 797,56,300,MRM,WAIT FOR FUEL BAY,21.315
260702001,7/2/2026 3:52:17 PM,T127,Cat 797,974,780,MRM,FUEL&LUBE,19.415
260702001,7/2/2026 4:07:37 PM,T170,Cat 797,108,780,JPM,FUEL&LUBE,
260702001,7/2/2026 4:09:25 PM,T170,Cat 797,837,780,JPM,FUEL&LUBE,
260702001,7/2/2026 4:15:46 PM,T123,Cat 797,741,780,MRM,FUEL&LUBE,21.905
260702001,7/2/2026 4:41:42 PM,T116,Cat 797,986,780,MRM,FUEL&LUBE,25.03
260702001,7/2/2026 4:47:00 PM,T461,Cat 785,579,780,JPM,FUEL&LUBE,33.58
260702001,7/2/2026 4:55:18 PM,T165,Cat 797,922,780,JPM,FUEL&LUBE,43.32
260702001,7/2/2026 4:56:47 PM,T136,Cat 797,801,780,MRM,FUEL&LUBE,16.325
260702001,7/2/2026 5:31:59 PM,T126,Cat 797,798,780,MRM,FUEL&LUBE,25.03
260702001,7/2/2026 5:51:46 PM,T107,Cat 797,494,780,MRM,FUEL&LUBE,17.99
260702001,7/2/2026 5:54:50 PM,T118,Cat 797,310,780,MRM,FUEL&LUBE,21.315
260702001,7/2/2026 5:59:54 PM,T454,Cat 789,6,300,MRM,WAIT FOR FUEL BAY,26.94
260702002,7/2/2026 6:00:00 PM,T107,Cat 797,409,780,MRM,FUEL&LUBE,16.92
260702002,7/2/2026 6:00:00 PM,T118,Cat 797,511,780,MRM,FUEL&LUBE,20.84
260702002,7/2/2026 6:00:00 PM,T454,Cat 789,417,300,MRM,WAIT FOR FUEL BAY,26.94
260702002,7/2/2026 6:00:31 PM,T453,Cat 789,13,780,MRM,FUEL&LUBE,163.855
260702002,7/2/2026 6:00:44 PM,T453,Cat 789,370,300,MRM,WAIT FOR FUEL BAY,163.855
260702002,7/2/2026 6:06:54 PM,T453,Cat 789,500,780,MRM,FUEL&LUBE,163.855
260702002,7/2/2026 6:07:08 PM,T454,Cat 789,639,780,MRM,FUEL&LUBE,26.605
260702002,7/2/2026 6:14:27 PM,T452,Cat 789,591,780,MRM,FUEL&LUBE,163.86
260702002,7/2/2026 6:33:35 PM,T156,Cat 797,1256,780,JPM,FUEL&LUBE,15.97
260702002,7/2/2026 6:41:13 PM,T468,Cat 785,594,780,MRM,FUEL&LUBE,31.03
260702002,7/2/2026 6:49:01 PM,T128,Cat 797,777,780,MRM,FUEL&LUBE,23.64
260702002,7/2/2026 6:51:05 PM,T144,Cat 797,643,780,JPM,FUEL&LUBE,
260702002,7/2/2026 7:23:44 PM,T141,Cat 797,799,780,JPM,FUEL&LUBE,25.03
260702002,7/2/2026 7:29:31 PM,T139,Cat 797,495,780,JPM,FUEL&LUBE,25.54
260702002,7/2/2026 7:36:05 PM,T153,Cat 797,1061,780,MRM,FUEL&LUBE,163.85
260702002,7/2/2026 7:37:46 PM,T139,Cat 797,663,780,JPM,FUEL&LUBE,23.64
260702002,7/2/2026 7:44:09 PM,T458,Cat 785,903,780,JPM,FUEL&LUBE,11.02
260702002,7/2/2026 7:55:55 PM,T152,Cat 797,807,780,JPM,FUEL&LUBE,19.89
260702002,7/2/2026 8:03:09 PM,T102,Cat 797,688,780,MRM,FUEL&LUBE,25.03
260702002,7/2/2026 8:10:33 PM,T120,Cat 797,11,780,MRM,FUEL&LUBE,163.85
260702002,7/2/2026 8:10:44 PM,T120,Cat 797,73,300,MRM,WAIT FOR FUEL BAY,163.85
260702002,7/2/2026 8:11:57 PM,T120,Cat 797,676,780,MRM,FUEL&LUBE,163.85
260702002,7/2/2026 8:38:48 PM,T169,Cat 797,936,780,JPM,FUEL&LUBE,
260702002,7/2/2026 8:39:57 PM,T119,Cat 797,919,780,MRM,FUEL&LUBE,17.99
260702002,7/2/2026 9:03:10 PM,T101,Cat 797,911,780,MRM,FUEL&LUBE,21.55
260702002,7/2/2026 9:20:57 PM,T129,Cat 797,880,780,MRM,FUEL&LUBE,22.265
260702002,7/2/2026 9:37:26 PM,T463,Cat 785,525,780,JPM,FUEL&LUBE,39.16
260702002,7/2/2026 10:14:38 PM,T110,Cat 797,775,780,MRM,FUEL&LUBE,20.72
260702002,7/2/2026 10:34:01 PM,T122,Cat 797,719,780,MRM,FUEL&LUBE,21.67
260702002,7/2/2026 10:39:08 PM,T150,Cat 797,1267,780,JPM,FUEL&LUBE,25.915
260702002,7/2/2026 10:39:50 PM,T105,Cat 797,852,780,MRM,FUEL&LUBE,17.04
260702002,7/2/2026 11:01:13 PM,T134,Cat 797,109,780,JPM,FUEL&LUBE,25.16
260702002,7/2/2026 11:03:02 PM,T134,Cat 797,149,300,JPM,WAIT FOR FUEL BAY,25.16
260702002,7/2/2026 11:05:31 PM,T134,Cat 797,805,780,JPM,FUEL&LUBE,24.905
260702002,7/2/2026 11:13:04 PM,T164,Cat 797,835,780,MRM,FUEL&LUBE,18.225
260702002,7/2/2026 11:18:36 PM,T103,Cat 797,4,780,MRM,FUEL&LUBE,15.615
260702002,7/2/2026 11:18:40 PM,T103,Cat 797,180,300,MRM,WAIT FOR FUEL BAY,15.615
260702002,7/2/2026 11:21:40 PM,T103,Cat 797,793,780,MRM,FUEL&LUBE,15.615
260702002,7/2/2026 11:29:07 PM,T163,Cat 797,881,780,MRM,FUEL&LUBE,39.805
260702002,7/2/2026 11:31:12 PM,T154,Cat 797,794,780,JPM,FUEL&LUBE,21.55
260702002,7/2/2026 11:43:44 PM,T115,Cat 797,81,780,MRM,FUEL&LUBE,16.565
260702002,7/2/2026 11:46:25 PM,T115,Cat 797,711,780,MRM,FUEL&LUBE,16.565
260702002,7/2/2026 11:58:44 PM,T162,Cat 797,761,780,MRM,FUEL&LUBE,23.135
260702002,7/3/2026 12:02:53 AM,T161,Cat 797,909,780,JPM,FUEL&LUBE,22.5
260702002,7/3/2026 12:05:20 AM,T133,Cat 797,895,780,MRM,FUEL&LUBE,26.93
260702002,7/3/2026 12:43:16 AM,T125,Cat 797,918,780,MRM,FUEL&LUBE,17.63
260702002,7/3/2026 1:01:41 AM,T113,Cat 797,705,780,MRM,FUEL&LUBE,16.205
260702002,7/3/2026 1:07:25 AM,T451,Cat 789,815,780,MRM,FUEL&LUBE,
260702002,7/3/2026 1:15:18 AM,T137,Cat 797,839,780,MRM,FUEL&LUBE,23.135
260702002,7/3/2026 1:46:30 AM,T138,Cat 797,801,780,MRM,FUEL&LUBE,19.89
260702002,7/3/2026 2:15:06 AM,T132,Cat 797,908,780,MRM,FUEL&LUBE,163.85
260702002,7/3/2026 2:38:39 AM,T108,Cat 797,721,780,MRM,FUEL&LUBE,15.85
260702002,7/3/2026 2:47:03 AM,T166,Cat 797,911,780,MRM,FUEL&LUBE,16.68
260702002,7/3/2026 2:57:22 AM,T149,Cat 797,833,780,JPM,FUEL&LUBE,
260702002,7/3/2026 3:06:32 AM,T112,Cat 797,711,780,MRM,FUEL&LUBE,23.135
260702002,7/3/2026 3:20:28 AM,T130,Cat 797,1383,780,MRM,FUEL&LUBE,19.415
260702002,7/3/2026 3:28:29 AM,T151,Cat 797,1172,780,MRM,FUEL&LUBE,20.48
260702002,7/3/2026 3:30:50 AM,T461,Cat 785,785,780,JPM,FUEL&LUBE,67.93999
260702002,7/3/2026 4:06:04 AM,T135,Cat 797,795,780,MRM,FUEL&LUBE,30.735
260702002,7/3/2026 4:38:20 AM,T118,Cat 797,877,780,MRM,FUEL&LUBE,21.315
260702002,7/3/2026 4:40:18 AM,T467,Cat 785,575,780,MRM,FUEL&LUBE,30.235
260702002,7/3/2026 4:55:11 AM,T127,Cat 797,910,780,MRM,FUEL&LUBE,16.565
260702002,7/3/2026 4:55:11 AM,T144,Cat 797,696,780,JPM,FUEL&LUBE,
260702002,7/3/2026 5:04:00 AM,T470,Cat 785,689,780,MRM,FUEL&LUBE,26.405
260702002,7/3/2026 5:29:31 AM,T106,Cat 797,4,780,MRM,FUEL&LUBE,21.315
260702002,7/3/2026 5:29:35 AM,T106,Cat 797,151,300,MRM,WAIT FOR FUEL BAY,21.315
260702002,7/3/2026 5:32:06 AM,T106,Cat 797,651,780,MRM,FUEL&LUBE,21.315
260702002,7/3/2026 5:37:20 AM,T471,Cat 785,2,780,JPM,FUEL&LUBE,31.99
260702002,7/3/2026 5:52:17 AM,T453,Cat 789,463,780,MRM,FUEL&LUBE,163.855
260702002,7/3/2026 5:52:56 AM,T452,Cat 789,8,780,MRM,FUEL&LUBE,163.86
260702002,7/3/2026 5:53:04 AM,T452,Cat 789,109,300,MRM,WAIT FOR FUEL BAY,163.86
260702002,7/3/2026 5:54:53 AM,T452,Cat 789,307,780,MRM,FUEL&LUBE,163.86
260702002,7/3/2026 5:55:06 AM,T471,Cat 785,13,780,JPM,FUEL&LUBE,29.775
260703001,7/3/2026 6:00:00 AM,T452,Cat 789,468,780,MRM,FUEL&LUBE,163.86
260703001,7/3/2026 6:00:00 AM,T453,Cat 789,153,780,MRM,FUEL&LUBE,163.855
260703001,7/3/2026 6:04:30 AM,T471,Cat 785,45,780,JPM,FUEL&LUBE,30.08
260703001,7/3/2026 6:08:33 AM,T114,Cat 797,1714,780,MRM,FUEL&LUBE,14.69
260703001,7/3/2026 6:13:53 AM,T104,Cat 797,120,780,MRM,FUEL&LUBE,15.615
260703001,7/3/2026 6:15:53 AM,T104,Cat 797,175,300,MRM,WAIT FOR FUEL BAY,15.615
260703001,7/3/2026 6:18:48 AM,T104,Cat 797,1034,780,MRM,FUEL&LUBE,15.615
260703001,7/3/2026 6:29:53 AM,T152,Cat 797,132,300,JPM,WAIT FOR FUEL BAY,19.295
260703001,7/3/2026 6:32:05 AM,T152,Cat 797,629,780,JPM,FUEL&LUBE,19.295
260703001,7/3/2026 6:43:02 AM,T152,Cat 797,4,780,JPM,FUEL&LUBE,19.175
260703001,7/3/2026 6:48:51 AM,T124,Cat 797,3,780,MRM,FUEL&LUBE,21.315
260703001,7/3/2026 6:48:54 AM,T124,Cat 797,65,300,MRM,WAIT FOR FUEL BAY,21.315
260703001,7/3/2026 6:49:59 AM,T124,Cat 797,830,780,MRM,FUEL&LUBE,21.315
260703001,7/3/2026 6:50:19 AM,T471,Cat 785,597,780,JPM,FUEL&LUBE,27.63
260703001,7/3/2026 7:00:29 AM,T153,Cat 797,779,780,MRM,FUEL&LUBE,163.85
260703001,7/3/2026 7:09:47 AM,T128,Cat 797,58,780,MRM,FUEL&LUBE,20.005
260703001,7/3/2026 7:10:45 AM,T128,Cat 797,766,780,MRM,FUEL&LUBE,20.005
260703001,7/3/2026 7:21:03 AM,T454,Cat 789,660,780,MRM,FUEL&LUBE,39.75
260703001,7/3/2026 7:21:46 AM,T116,Cat 797,4,780,MRM,FUEL&LUBE,14.885
260703001,7/3/2026 7:21:50 AM,T116,Cat 797,187,300,MRM,WAIT FOR FUEL BAY,14.885
260703001,7/3/2026 7:23:31 AM,T102,Cat 797,7,780,MRM,FUEL&LUBE,14.745
260703001,7/3/2026 7:23:38 AM,T102,Cat 797,533,300,MRM,WAIT FOR FUEL BAY,14.745
260703001,7/3/2026 7:25:01 AM,T116,Cat 797,817,780,MRM,FUEL&LUBE,14.885
260703001,7/3/2026 7:25:13 AM,T463,Cat 785,574,780,JPM,FUEL&LUBE,51.815
260703001,7/3/2026 7:32:31 AM,T102,Cat 797,25,780,MRM,FUEL&LUBE,14.575
260703001,7/3/2026 7:32:56 AM,T102,Cat 797,903,780,MRM,FUEL&LUBE,14.575
260703001,7/3/2026 7:40:01 AM,T140,Cat 797,881,780,MRM,FUEL&LUBE,14.79
260703001,7/3/2026 7:41:56 AM,T162,Cat 797,4,780,MRM,FUEL&LUBE,67.05
260703001,7/3/2026 7:54:10 AM,T136,Cat 797,906,780,MRM,FUEL&LUBE,14.715
260703001,7/3/2026 7:55:16 AM,T107,Cat 797,903,780,MRM,FUEL&LUBE,14.79
260703001,7/3/2026 7:59:56 AM,T120,Cat 797,5,780,MRM,FUEL&LUBE,163.85
260703001,7/3/2026 8:00:01 AM,T120,Cat 797,521,300,MRM,WAIT FOR FUEL BAY,163.85
260703001,7/3/2026 8:02:15 AM,T139,Cat 797,725,780,JPM,FUEL&LUBE,31.795
260703001,7/3/2026 8:08:42 AM,T120,Cat 797,798,780,MRM,FUEL&LUBE,163.85
260703001,7/3/2026 8:09:20 AM,T136,Cat 797,2,780,MRM,FUEL&LUBE,41.915
260703001,7/3/2026 8:15:38 AM,T457,Cat 785,906,780,MRM,FUEL&LUBE,25.64
260703001,7/3/2026 8:15:48 AM,T171,Cat 797,831,780,JPM,FUEL&LUBE,
260703001,7/3/2026 8:45:59 AM,T156,Cat 797,6,780,JPM,FUEL&LUBE,25.41
260703001,7/3/2026 8:46:05 AM,T156,Cat 797,35,300,JPM,WAIT FOR FUEL BAY,25.41
260703001,7/3/2026 8:46:40 AM,T156,Cat 797,702,780,JPM,FUEL&LUBE,25.41
260703001,7/3/2026 8:56:18 AM,T101,Cat 797,758,780,MRM,FUEL&LUBE,14.645
260703001,7/3/2026 8:57:19 AM,T460,Cat 785,547,780,MRM,FUEL&LUBE,28.395
260703001,7/3/2026 9:01:37 AM,T169,Cat 797,783,780,JPM,FUEL&LUBE,
260703001,7/3/2026 9:02:13 AM,T162,Cat 797,32,780,MRM,FUEL&LUBE,63
260703001,7/3/2026 9:02:45 AM,T162,Cat 797,279,300,MRM,WAIT FOR FUEL BAY,63
260703001,7/3/2026 9:03:04 AM,T456,Cat 785,361,300,MRM,WAIT FOR FUEL BAY,25.64
260703001,7/3/2026 9:07:24 AM,T162,Cat 797,1172,780,MRM,FUEL&LUBE,61.2
260703001,7/3/2026 9:09:05 AM,T456,Cat 785,664,780,MRM,FUEL&LUBE,24.72
260703001,7/3/2026 9:11:23 AM,T129,Cat 797,6,780,MRM,FUEL&LUBE,15.97
260703001,7/3/2026 9:11:29 AM,T129,Cat 797,1219,300,MRM,WAIT FOR FUEL BAY,15.97
260703001,7/3/2026 9:20:10 AM,T456,Cat 785,2,780,MRM,FUEL&LUBE,24.875
260703001,7/3/2026 9:27:55 AM,T134,Cat 797,104,780,JPM,FUEL&LUBE,20.84
260703001,7/3/2026 9:29:39 AM,T134,Cat 797,617,780,JPM,FUEL&LUBE,20.84
260703001,7/3/2026 9:43:07 AM,T141,Cat 797,839,780,JPM,FUEL&LUBE,23.89
260703001,7/3/2026 9:56:40 AM,T133,Cat 797,1,780,MRM,FUEL&LUBE,19.77
260703001,7/3/2026 9:56:46 AM,T133,Cat 797,2,300,MRM,WAIT FOR FUEL BAY,19.77
260703001,7/3/2026 9:56:48 AM,T133,Cat 797,764,780,MRM,FUEL&LUBE,19.77
260703001,7/3/2026 9:57:51 AM,T122,Cat 797,79,780,MRM,FUEL&LUBE,14.76
260703001,7/3/2026 10:11:14 AM,T170,Cat 797,1022,780,JPM,FUEL&LUBE,
260703001,7/3/2026 10:23:29 AM,T163,Cat 797,764,780,MRM,FUEL&LUBE,40.93
260703001,7/3/2026 10:34:32 AM,T458,Cat 785,452,780,JPM,FUEL&LUBE,34.38
260703001,7/3/2026 10:52:23 AM,T474,Cat 785,523,780,JPM,FUEL&LUBE,36.29
260703001,7/3/2026 10:54:03 AM,T119,Cat 797,968,780,MRM,FUEL&LUBE,21.79
260703001,7/3/2026 11:18:25 AM,T472,Cat 785,58,780,JPM,FUEL&LUBE,32.625
260703001,7/3/2026 11:19:23 AM,T472,Cat 785,534,780,JPM,FUEL&LUBE,32.625
260703001,7/3/2026 11:30:25 AM,T466,Cat 785,636,780,MRM,FUEL&LUBE,24.875
260703001,7/3/2026 11:36:00 AM,T110,Cat 797,1207,780,MRM,FUEL&LUBE,23.135
260703001,7/3/2026 11:41:41 AM,T150,Cat 797,765,780,JPM,FUEL&LUBE,31.395
260703001,7/3/2026 11:42:44 AM,T105,Cat 797,608,780,MRM,FUEL&LUBE,14.83
260703001,7/3/2026 12:07:18 PM,T103,Cat 797,782,780,MRM,FUEL&LUBE,21.075
260703001,7/3/2026 12:35:01 PM,T108,Cat 797,781,780,MRM,FUEL&LUBE,16.92
260703001,7/3/2026 12:39:11 PM,T113,Cat 797,823,780,MRM,FUEL&LUBE,19.53
260703001,7/3/2026 12:41:32 PM,T161,Cat 797,715,780,JPM,FUEL&LUBE,34.45
260703001,7/3/2026 12:57:47 PM,T164,Cat 797,110,780,MRM,FUEL&LUBE,18.58
260703001,7/3/2026 12:59:37 PM,T164,Cat 797,823,780,MRM,FUEL&LUBE,18.58
260703001,7/3/2026 1:28:18 PM,T118,Cat 797,610,780,MRM,FUEL&LUBE,163.85
260703001,7/3/2026 1:41:48 PM,T115,Cat 797,892,780,MRM,FUEL&LUBE,20.005
260703001,7/3/2026 3:02:17 PM,T125,Cat 797,64,780,MRM,FUEL&LUBE,18.7
260703001,7/3/2026 3:03:21 PM,T125,Cat 797,792,780,MRM,FUEL&LUBE,18.7
260703001,7/3/2026 3:11:46 PM,T118,Cat 797,40,780,MRM,FUEL&LUBE,92.505
260703001,7/3/2026 3:20:06 PM,T137,Cat 797,930,780,MRM,FUEL&LUBE,25.54
260703001,7/3/2026 3:27:31 PM,T465,Cat 785,559,780,MRM,FUEL&LUBE,25.79
260703001,7/3/2026 3:38:44 PM,T118,Cat 797,5,780,MRM,FUEL&LUBE,91.55
260703001,7/3/2026 3:48:11 PM,T138,Cat 797,917,780,MRM,FUEL&LUBE,21.315
260703001,7/3/2026 4:07:12 PM,T130,Cat 797,851,780,MRM,FUEL&LUBE,22.145
260703001,7/3/2026 4:25:52 PM,T112,Cat 797,24,780,MRM,FUEL&LUBE,18.82
260703001,7/3/2026 4:26:16 PM,T112,Cat 797,7,780,MRM,FUEL&LUBE,18.82
260703001,7/3/2026 4:26:23 PM,T112,Cat 797,111,300,MRM,WAIT FOR FUEL BAY,18.82
260703001,7/3/2026 4:28:14 PM,T112,Cat 797,776,780,MRM,FUEL&LUBE,18.82
260703001,7/3/2026 4:29:08 PM,T166,Cat 797,845,780,MRM,FUEL&LUBE,14.8
260703001,7/3/2026 5:14:14 PM,T135,Cat 797,1128,780,MRM,FUEL&LUBE,22.5
260703001,7/3/2026 5:45:44 PM,T102,Cat 797,8,780,MRM,FUEL&LUBE,19.295
260703001,7/3/2026 5:45:52 PM,T102,Cat 797,48,300,MRM,WAIT FOR FUEL BAY,19.295
260703001,7/3/2026 5:46:40 PM,T102,Cat 797,3,780,MRM,FUEL&LUBE,19.295
260703001,7/3/2026 5:46:46 PM,T102,Cat 797,636,780,MRM,FUEL&LUBE,19.295
260703001,7/3/2026 5:51:47 PM,T127,Cat 797,493,780,MRM,FUEL&LUBE,25.16
260703002,7/3/2026 6:00:00 PM,T127,Cat 797,390,780,MRM,FUEL&LUBE,23.26
260703002,7/3/2026 6:11:39 PM,T151,Cat 797,835,780,MRM,FUEL&LUBE,23.64
260703002,7/3/2026 6:24:18 PM,T153,Cat 797,10,780,MRM,FUEL&LUBE,163.85
260703002,7/3/2026 6:24:28 PM,T153,Cat 797,235,300,MRM,WAIT FOR FUEL BAY,163.85
260703002,7/3/2026 6:28:23 PM,T153,Cat 797,652,780,MRM,FUEL&LUBE,163.85
260703002,7/3/2026 6:48:05 PM,T120,Cat 797,776,780,MRM,FUEL&LUBE,163.85
260703002,7/3/2026 6:48:48 PM,T104,Cat 797,1143,780,MRM,FUEL&LUBE,16.68
260703002,7/3/2026 7:21:09 PM,T114,Cat 797,789,780,MRM,FUEL&LUBE,15.97
260703002,7/3/2026 7:21:24 PM,T124,Cat 797,805,780,MRM,FUEL&LUBE,26.045
260703002,7/3/2026 7:22:00 PM,T154,Cat 797,996,780,JPM,FUEL&LUBE,23.64
260703002,7/3/2026 7:46:50 PM,T468,Cat 785,636,780,MRM,FUEL&LUBE,35.815
260703002,7/3/2026 8:12:00 PM,T106,Cat 797,1013,780,MRM,FUEL&LUBE,17.87
260703002,7/3/2026 8:17:55 PM,T128,Cat 797,95,780,MRM,FUEL&LUBE,20.245
260703002,7/3/2026 8:19:30 PM,T128,Cat 797,762,780,MRM,FUEL&LUBE,20.245
260703002,7/3/2026 8:40:17 PM,T452,Cat 789,620,780,MRM,FUEL&LUBE,163.86
260703002,7/3/2026 9:07:38 PM,T129,Cat 797,1090,780,MRM,FUEL&LUBE,25.03
260703002,7/3/2026 9:11:11 PM,T463,Cat 785,151,780,JPM,FUEL&LUBE,51.99
260703002,7/3/2026 9:47:51 PM,T116,Cat 797,983,780,MRM,FUEL&LUBE,15.14
260703002,7/3/2026 10:00:52 PM,T149,Cat 797,3187,780,JPM,FUEL&LUBE,
260703002,7/3/2026 10:11:10 PM,T152,Cat 797,1126,780,JPM,FUEL&LUBE,15.73
260703002,7/3/2026 10:16:37 PM,T466,Cat 785,566,780,MRM,FUEL&LUBE,30.715
260703002,7/3/2026 10:26:48 PM,T132,Cat 797,711,780,MRM,FUEL&LUBE,163.85
260703002,7/3/2026 10:36:43 PM,T140,Cat 797,71,780,MRM,FUEL&LUBE,18.82
260703002,7/3/2026 10:37:28 PM,T163,Cat 797,57,780,MRM,FUEL&LUBE,35.915
260703002,7/3/2026 10:37:54 PM,T140,Cat 797,881,780,MRM,FUEL&LUBE,18.82
260703002,7/3/2026 10:38:25 PM,T163,Cat 797,746,780,MRM,FUEL&LUBE,35.915
260703002,7/3/2026 10:46:05 PM,T168,Cat 797,23,780,JPM,FUEL&LUBE,
260703002,7/3/2026 10:46:28 PM,T168,Cat 797,1304,300,JPM,WAIT FOR FUEL BAY,
260703002,7/3/2026 11:02:17 PM,T144,Cat 797,4,780,JPM,FUEL&LUBE,
260703002,7/3/2026 11:02:21 PM,T144,Cat 797,446,300,JPM,WAIT FOR FUEL BAY,
260703002,7/3/2026 11:09:47 PM,T144,Cat 797,856,780,JPM,FUEL&LUBE,
260703002,7/3/2026 11:10:22 PM,T133,Cat 797,674,780,MRM,FUEL&LUBE,20.6
260703002,7/3/2026 11:26:55 PM,T470,Cat 785,561,780,MRM,FUEL&LUBE,35.975
260703002,7/3/2026 11:52:08 PM,T107,Cat 797,1044,780,MRM,FUEL&LUBE,20.84
260703002,7/4/2026 12:07:41 AM,T471,Cat 785,840,780,JPM,FUEL&LUBE,41.605
260703002,7/4/2026 12:13:42 AM,T451,Cat 789,823,780,MRM,FUEL&LUBE,
260703002,7/4/2026 12:27:55 AM,T101,Cat 797,911,780,MRM,FUEL&LUBE,18.94
260703002,7/4/2026 12:31:42 AM,T122,Cat 797,620,780,MRM,FUEL&LUBE,18.345
260703002,7/4/2026 12:42:27 AM,T453,Cat 789,1001,780,MRM,FUEL&LUBE,163.855
260703002,7/4/2026 12:56:15 AM,T118,Cat 797,66,780,MRM,FUEL&LUBE,16.445
260703002,7/4/2026 12:57:21 AM,T118,Cat 797,642,780,MRM,FUEL&LUBE,16.445
260703002,7/4/2026 1:05:43 AM,T108,Cat 797,1445,300,MRM,WAIT FOR FUEL BAY,26.045
260703002,7/4/2026 1:29:53 AM,T108,Cat 797,27,780,MRM,FUEL&LUBE,59.1
260703002,7/4/2026 1:33:15 AM,T134,Cat 797,1129,780,JPM,FUEL&LUBE,22.265
260703002,7/4/2026 1:35:14 AM,T113,Cat 797,977,780,MRM,FUEL&LUBE,17.515
260703002,7/4/2026 1:41:05 AM,T457,Cat 785,646,780,MRM,FUEL&LUBE,34.54
260703002,7/4/2026 2:05:05 AM,T136,Cat 797,810,780,MRM,FUEL&LUBE,18.94
260703002,7/4/2026 2:33:46 AM,T456,Cat 785,2,780,MRM,FUEL&LUBE,29.775
260703002,7/4/2026 2:58:15 AM,T103,Cat 797,1191,780,MRM,FUEL&LUBE,14.87
260703002,7/4/2026 3:17:17 AM,T463,Cat 785,548,780,JPM,FUEL&LUBE,32.785
260703002,7/4/2026 3:29:30 AM,T156,Cat 797,936,780,JPM,FUEL&LUBE,24.905
260703002,7/4/2026 3:37:29 AM,T110,Cat 797,995,780,MRM,FUEL&LUBE,17.63
260703002,7/4/2026 3:48:21 AM,T131,Cat 797,107,780,MRM,FUEL&LUBE,16.8
260703002,7/4/2026 3:50:08 AM,T131,Cat 797,207,300,MRM,WAIT FOR FUEL BAY,16.8
260703002,7/4/2026 3:53:35 AM,T131,Cat 797,783,780,MRM,FUEL&LUBE,16.09
260703002,7/4/2026 3:54:53 AM,T119,Cat 797,905,780,MRM,FUEL&LUBE,15.02
260703002,7/4/2026 4:11:05 AM,T465,Cat 785,561,780,MRM,FUEL&LUBE,54.58
260703002,7/4/2026 4:18:10 AM,T164,Cat 797,792,780,MRM,FUEL&LUBE,20.72
260703002,7/4/2026 4:31:58 AM,T139,Cat 797,965,780,JPM,FUEL&LUBE,22.755
260703002,7/4/2026 4:48:12 AM,T162,Cat 797,893,780,MRM,FUEL&LUBE,22.265
260703002,7/4/2026 5:31:54 AM,T105,Cat 797,149,780,MRM,FUEL&LUBE,14.69
260703002,7/4/2026 5:34:23 AM,T105,Cat 797,1353,780,MRM,FUEL&LUBE,14.69
260703002,7/4/2026 5:57:33 AM,T141,Cat 797,1,780,JPM,FUEL&LUBE,23.515
260704001,7/4/2026 6:10:33 AM,T170,Cat 797,76,780,JPM,FUEL&LUBE,
260704001,7/4/2026 6:11:49 AM,T170,Cat 797,207,300,JPM,WAIT FOR FUEL BAY,
260704001,7/4/2026 6:12:15 AM,T135,Cat 797,8,780,MRM,FUEL&LUBE,22.265
260704001,7/4/2026 6:12:23 AM,T135,Cat 797,452,300,MRM,WAIT FOR FUEL BAY,22.265
260704001,7/4/2026 6:15:16 AM,T170,Cat 797,904,780,JPM,FUEL&LUBE,
260704001,7/4/2026 6:16:30 AM,T153,Cat 797,18,780,MRM,FUEL&LUBE,163.85
260704001,7/4/2026 6:16:48 AM,T153,Cat 797,228,300,MRM,WAIT FOR FUEL BAY,163.85
260704001,7/4/2026 6:19:55 AM,T135,Cat 797,698,780,MRM,FUEL&LUBE,21.195
260704001,7/4/2026 6:20:36 AM,T153,Cat 797,681,780,MRM,FUEL&LUBE,163.85
260704001,7/4/2026 6:28:42 AM,T126,Cat 797,276,300,MRM,WAIT FOR FUEL BAY,17.515
260704001,7/4/2026 6:28:49 AM,T104,Cat 797,32,780,MRM,FUEL&LUBE,14.62
260704001,7/4/2026 6:29:21 AM,T104,Cat 797,270,300,MRM,WAIT FOR FUEL BAY,14.62
260704001,7/4/2026 6:33:19 AM,T126,Cat 797,878,780,MRM,FUEL&LUBE,17.04
260704001,7/4/2026 6:33:51 AM,T104,Cat 797,1447,780,MRM,FUEL&LUBE,14.565
260704001,7/4/2026 6:35:18 AM,T454,Cat 789,3,780,MRM,FUEL&LUBE,25.93
260704001,7/4/2026 6:35:21 AM,T454,Cat 789,770,300,MRM,WAIT FOR FUEL BAY,25.93
260704001,7/4/2026 6:42:03 AM,T141,Cat 797,872,780,JPM,FUEL&LUBE,21.905
260704001,7/4/2026 6:45:33 AM,T460,Cat 785,660,300,MRM,WAIT FOR FUEL BAY,28.245
260704001,7/4/2026 6:48:11 AM,T454,Cat 789,705,780,MRM,FUEL&LUBE,25.34
260704001,7/4/2026 7:00:31 AM,T152,Cat 797,694,780,JPM,FUEL&LUBE,32.86
260704001,7/4/2026 7:06:51 AM,T460,Cat 785,3,780,MRM,FUEL&LUBE,61.49
260704001,7/4/2026 7:13:10 AM,T138,Cat 797,881,780,MRM,FUEL&LUBE,19.295
260704001,7/4/2026 7:19:05 AM,T120,Cat 797,783,780,MRM,FUEL&LUBE,163.85
260704001,7/4/2026 7:20:15 AM,T102,Cat 797,19,780,MRM,FUEL&LUBE,14.845
260704001,7/4/2026 7:20:34 AM,T102,Cat 797,472,300,MRM,WAIT FOR FUEL BAY,14.845
260704001,7/4/2026 7:33:01 AM,T115,Cat 797,3,780,MRM,FUEL&LUBE,14.86
260704001,7/4/2026 7:33:04 AM,T115,Cat 797,49,300,MRM,WAIT FOR FUEL BAY,14.86
260704001,7/4/2026 7:33:20 AM,T125,Cat 797,1244,780,MRM,FUEL&LUBE,17.87
260704001,7/4/2026 7:33:53 AM,T115,Cat 797,946,780,MRM,FUEL&LUBE,14.86
260704001,7/4/2026 7:43:34 AM,T171,Cat 797,985,780,JPM,FUEL&LUBE,
260704001,7/4/2026 7:51:37 AM,T137,Cat 797,50,780,MRM,FUEL&LUBE,16.325
260704001,7/4/2026 7:53:08 AM,T137,Cat 797,792,780,MRM,FUEL&LUBE,15.97
260704001,7/4/2026 8:14:54 AM,T164,Cat 797,854,780,MRM,FUEL&LUBE,90.79
260704001,7/4/2026 8:15:14 AM,T130,Cat 797,871,780,MRM,FUEL&LUBE,18.58
260704001,7/4/2026 8:15:57 AM,T150,Cat 797,882,780,JPM,FUEL&LUBE,31.53
260704001,7/4/2026 8:43:29 AM,T106,Cat 797,832,780,MRM,FUEL&LUBE,26.045
260704001,7/4/2026 8:44:48 AM,T128,Cat 797,3,780,MRM,FUEL&LUBE,26.805
260704001,7/4/2026 8:44:51 AM,T128,Cat 797,730,780,MRM,FUEL&LUBE,26.805
260704001,7/4/2026 8:50:48 AM,T474,Cat 785,498,780,JPM,FUEL&LUBE,34.54
260704001,7/4/2026 9:05:42 AM,T161,Cat 797,732,780,JPM,FUEL&LUBE,22.625
260704001,7/4/2026 9:11:40 AM,T452,Cat 789,561,780,MRM,FUEL&LUBE,163.86
260704001,7/4/2026 9:12:40 AM,T166,Cat 797,453,300,MRM,WAIT FOR FUEL BAY,14.815
260704001,7/4/2026 9:15:44 AM,T129,Cat 797,1847,780,MRM,FUEL&LUBE,14.535
260704001,7/4/2026 9:20:26 AM,T166,Cat 797,782,780,MRM,FUEL&LUBE,14.675
260704001,7/4/2026 9:21:58 AM,T112,Cat 797,739,780,MRM,FUEL&LUBE,16.445
260704001,7/4/2026 9:46:26 AM,T133,Cat 797,820,780,MRM,FUEL&LUBE,14.845
260704001,7/4/2026 10:04:12 AM,T147,Cat 797,903,780,JPM,FUEL&LUBE,
260704001,7/4/2026 10:05:54 AM,T116,Cat 797,731,780,MRM,FUEL&LUBE,25.285
260704001,7/4/2026 10:19:15 AM,T151,Cat 797,974,780,MRM,FUEL&LUBE,16.09
260704001,7/4/2026 10:26:00 AM,T132,Cat 797,810,780,MRM,FUEL&LUBE,163.85
260704001,7/4/2026 10:30:09 AM,T128,Cat 797,11,300,MRM,WAIT FOR FUEL BAY,91.265
260704001,7/4/2026 10:34:10 AM,T144,Cat 797,982,780,JPM,FUEL&LUBE,
260704001,7/4/2026 10:43:52 AM,T122,Cat 797,665,780,MRM,FUEL&LUBE,16.565
260704001,7/4/2026 10:55:17 AM,T114,Cat 797,942,780,MRM,FUEL&LUBE,14.815
260704001,7/4/2026 10:59:16 AM,T163,Cat 797,764,780,MRM,FUEL&LUBE,29.59
260704001,7/4/2026 11:00:40 AM,T124,Cat 797,731,300,MRM,WAIT FOR FUEL BAY,18.94
260704001,7/4/2026 11:08:52 AM,T127,Cat 797,782,300,MRM,WAIT FOR FUEL BAY,17.04
260704001,7/4/2026 11:12:51 AM,T124,Cat 797,790,780,MRM,FUEL&LUBE,16.92
260704001,7/4/2026 11:14:13 AM,T168,Cat 797,6,780,JPM,FUEL&LUBE,
260704001,7/4/2026 11:14:19 AM,T168,Cat 797,110,300,JPM,WAIT FOR FUEL BAY,
260704001,7/4/2026 11:16:09 AM,T168,Cat 797,749,780,JPM,FUEL&LUBE,
260704001,7/4/2026 11:26:03 AM,T124,Cat 797,3,780,MRM,FUEL&LUBE,7.35
260704001,7/4/2026 11:34:38 AM,T149,Cat 797,923,780,JPM,FUEL&LUBE,
260704001,7/4/2026 11:46:44 AM,T113,Cat 797,649,780,MRM,FUEL&LUBE,25.54
260704001,7/4/2026 11:53:09 AM,T154,Cat 797,822,780,JPM,FUEL&LUBE,44.02
260704001,7/4/2026 12:03:39 PM,T127,Cat 797,845,780,MRM,FUEL&LUBE,16.325
260704001,7/4/2026 12:12:51 PM,T108,Cat 797,805,780,MRM,FUEL&LUBE,14.62
260704001,7/4/2026 12:23:09 PM,T101,Cat 797,892,780,MRM,FUEL&LUBE,14.605
260704001,7/4/2026 12:24:37 PM,T134,Cat 797,80,780,JPM,FUEL&LUBE,26.55
260704001,7/4/2026 12:25:57 PM,T134,Cat 797,693,780,JPM,FUEL&LUBE,25.41
260704001,7/4/2026 12:31:07 PM,T118,Cat 797,760,780,MRM,FUEL&LUBE,9.365
260704001,7/4/2026 12:44:59 PM,T472,Cat 785,620,780,JPM,FUEL&LUBE,27.325
260704001,7/4/2026 12:56:41 PM,T453,Cat 789,616,780,MRM,FUEL&LUBE,163.855
260704001,7/4/2026 1:52:41 PM,T140,Cat 797,1013,780,MRM,FUEL&LUBE,14.535
260704001,7/4/2026 2:10:51 PM,T462,Cat 785,108,780,JPM,FUEL&LUBE,163.855
260704001,7/4/2026 2:12:21 PM,T164,Cat 797,583,780,MRM,FUEL&LUBE,82.75
260704001,7/4/2026 2:12:39 PM,T462,Cat 785,275,300,JPM,WAIT FOR FUEL BAY,163.855
260704001,7/4/2026 2:17:14 PM,T462,Cat 785,540,780,JPM,FUEL&LUBE,163.855
260704001,7/4/2026 2:54:02 PM,T103,Cat 797,830,780,MRM,FUEL&LUBE,21.55
260704001,7/4/2026 3:16:40 PM,T471,Cat 785,629,780,JPM,FUEL&LUBE,35.815
260704001,7/4/2026 3:35:20 PM,T152,Cat 797,807,780,JPM,FUEL&LUBE,30.865
260704001,7/4/2026 3:50:11 PM,T152,Cat 797,9,780,JPM,FUEL&LUBE,77.8
260704001,7/4/2026 4:14:41 PM,T467,Cat 785,701,780,MRM,FUEL&LUBE,31.67
260704001,7/4/2026 4:46:38 PM,T470,Cat 785,492,780,MRM,FUEL&LUBE,33.425
260704001,7/4/2026 5:24:31 PM,T136,Cat 797,910,780,MRM,FUEL&LUBE,17.275
260704001,7/4/2026 5:48:05 PM,T153,Cat 797,98,780,MRM,FUEL&LUBE,163.85
260704001,7/4/2026 5:49:43 PM,T153,Cat 797,617,780,MRM,FUEL&LUBE,163.85
260704002,7/4/2026 6:00:00 PM,T153,Cat 797,145,780,MRM,FUEL&LUBE,163.85
260704002,7/4/2026 6:02:29 PM,T167,Cat 797,195,780,MRM,FUEL&LUBE,22.88
260704002,7/4/2026 6:20:04 PM,T126,Cat 797,153,780,MRM,FUEL&LUBE,26.55
260704002,7/4/2026 6:22:37 PM,T126,Cat 797,479,300,MRM,WAIT FOR FUEL BAY,26.55
260704002,7/4/2026 6:30:36 PM,T126,Cat 797,728,780,MRM,FUEL&LUBE,26.425
260704002,7/4/2026 6:34:14 PM,T131,Cat 797,6,780,MRM,FUEL&LUBE,24.525
260704002,7/4/2026 6:34:20 PM,T131,Cat 797,75,300,MRM,WAIT FOR FUEL BAY,24.525
260704002,7/4/2026 6:35:35 PM,T131,Cat 797,726,780,MRM,FUEL&LUBE,24.525
260704002,7/4/2026 6:45:16 PM,T110,Cat 797,115,780,MRM,FUEL&LUBE,16.68
260704002,7/4/2026 6:47:11 PM,T110,Cat 797,56,300,MRM,WAIT FOR FUEL BAY,16.68
260704002,7/4/2026 6:48:07 PM,T110,Cat 797,813,780,MRM,FUEL&LUBE,16.68
260704002,7/4/2026 6:54:06 PM,T104,Cat 797,49,780,MRM,FUEL&LUBE,16.445
260704002,7/4/2026 6:54:55 PM,T104,Cat 797,111,300,MRM,WAIT FOR FUEL BAY,16.445
260704002,7/4/2026 6:56:46 PM,T104,Cat 797,903,780,MRM,FUEL&LUBE,16.445
260704002,7/4/2026 7:05:05 PM,T451,Cat 789,11,780,MRM,FUEL&LUBE,
260704002,7/4/2026 7:05:16 PM,T451,Cat 789,307,300,MRM,WAIT FOR FUEL BAY,
260704002,7/4/2026 7:13:41 PM,T119,Cat 797,918,780,MRM,FUEL&LUBE,15.73
260704002,7/4/2026 7:35:24 PM,T167,Cat 797,772,780,MRM,FUEL&LUBE,17.04
260704002,7/4/2026 7:36:48 PM,T102,Cat 797,7,780,MRM,FUEL&LUBE,18.345
260704002,7/4/2026 7:36:55 PM,T102,Cat 797,21,300,MRM,WAIT FOR FUEL BAY,18.345
260704002,7/4/2026 7:37:16 PM,T102,Cat 797,825,780,MRM,FUEL&LUBE,18.345
260704002,7/4/2026 7:46:47 PM,T141,Cat 797,789,780,JPM,FUEL&LUBE,25.41
260704002,7/4/2026 7:51:17 PM,T133,Cat 797,611,780,MRM,FUEL&LUBE,23.515
260704002,7/4/2026 8:03:40 PM,T104,Cat 797,638,780,MRM,FUEL&LUBE,96.765
260704002,7/4/2026 8:37:02 PM,T456,Cat 785,821,780,MRM,FUEL&LUBE,23.645
260704002,7/4/2026 8:43:49 PM,T129,Cat 797,188,780,MRM,FUEL&LUBE,14.465
260704002,7/4/2026 8:45:22 PM,T137,Cat 797,359,300,MRM,WAIT FOR FUEL BAY,18.7
260704002,7/4/2026 8:45:31 PM,T139,Cat 797,1159,780,JPM,FUEL&LUBE,22.88
260704002,7/4/2026 8:46:57 PM,T129,Cat 797,129,300,MRM,WAIT FOR FUEL BAY,14.465
260704002,7/4/2026 8:49:06 PM,T129,Cat 797,1,780,MRM,FUEL&LUBE,14.41
260704002,7/4/2026 8:49:07 PM,T129,Cat 797,852,780,MRM,FUEL&LUBE,14.41
260704002,7/4/2026 8:51:21 PM,T137,Cat 797,848,780,MRM,FUEL&LUBE,18.345
260704002,7/4/2026 9:05:03 PM,T122,Cat 797,628,780,MRM,FUEL&LUBE,16.68
260704002,7/4/2026 9:05:34 PM,T137,Cat 797,2,780,MRM,FUEL&LUBE,50.03
260704002,7/4/2026 9:07:15 PM,T125,Cat 797,965,780,MRM,FUEL&LUBE,15.85
260704002,7/4/2026 9:19:05 PM,T107,Cat 797,722,780,MRM,FUEL&LUBE,93.525
260704002,7/4/2026 9:29:38 PM,T130,Cat 797,909,780,MRM,FUEL&LUBE,17.63
260704002,7/4/2026 9:37:33 PM,T138,Cat 797,59,780,MRM,FUEL&LUBE,17.155
260704002,7/4/2026 9:38:32 PM,T138,Cat 797,55,300,MRM,WAIT FOR FUEL BAY,17.63
260704002,7/4/2026 9:39:27 PM,T138,Cat 797,779,780,MRM,FUEL&LUBE,17.63
260704002,7/4/2026 9:48:29 PM,T457,Cat 785,604,780,MRM,FUEL&LUBE,17.635
260704002,7/4/2026 9:49:36 PM,T128,Cat 797,6,780,MRM,FUEL&LUBE,15.97
260704002,7/4/2026 9:49:42 PM,T128,Cat 797,205,300,MRM,WAIT FOR FUEL BAY,15.97
260704002,7/4/2026 9:53:07 PM,T128,Cat 797,785,780,MRM,FUEL&LUBE,14.9
260704002,7/4/2026 10:02:31 PM,T170,Cat 797,13,780,JPM,FUEL&LUBE,
260704002,7/4/2026 10:02:44 PM,T170,Cat 797,34,300,JPM,WAIT FOR FUEL BAY,
260704002,7/4/2026 10:03:18 PM,T170,Cat 797,1092,780,JPM,FUEL&LUBE,
260704002,7/4/2026 10:10:16 PM,T120,Cat 797,971,780,MRM,FUEL&LUBE,163.85
260704002,7/4/2026 10:15:50 PM,T113,Cat 797,68,780,MRM,FUEL&LUBE,15.615
260704002,7/4/2026 10:16:58 PM,T113,Cat 797,93,300,MRM,WAIT FOR FUEL BAY,15.615
260704002,7/4/2026 10:18:31 PM,T113,Cat 797,664,780,MRM,FUEL&LUBE,15.97
260704002,7/4/2026 10:31:33 PM,T115,Cat 797,812,780,MRM,FUEL&LUBE,20.125
260704002,7/4/2026 10:32:06 PM,T460,Cat 785,474,780,MRM,FUEL&LUBE,21.35
260704002,7/4/2026 10:39:48 PM,T135,Cat 797,838,780,MRM,FUEL&LUBE,17.99
260704002,7/4/2026 10:54:38 PM,T162,Cat 797,880,780,MRM,FUEL&LUBE,30.22
260704002,7/4/2026 10:57:55 PM,T108,Cat 797,767,780,MRM,FUEL&LUBE,15.85
260704002,7/4/2026 11:13:29 PM,T166,Cat 797,943,780,MRM,FUEL&LUBE,18.225
260704002,7/4/2026 11:19:02 PM,T112,Cat 797,1223,780,MRM,FUEL&LUBE,20.245
260704002,7/4/2026 11:25:08 PM,T452,Cat 789,890,780,MRM,FUEL&LUBE,163.86
260704002,7/4/2026 11:31:44 PM,T132,Cat 797,1385,780,MRM,FUEL&LUBE,163.85
260704002,7/4/2026 11:56:36 PM,T144,Cat 797,779,780,JPM,FUEL&LUBE,
260704002,7/4/2026 11:58:23 PM,T164,Cat 797,116,780,MRM,FUEL&LUBE,25.41
260704002,7/5/2026 12:00:19 AM,T164,Cat 797,843,780,MRM,FUEL&LUBE,24.78
260704002,7/5/2026 12:00:24 AM,T114,Cat 797,66,780,MRM,FUEL&LUBE,19.89
260704002,7/5/2026 12:01:30 AM,T114,Cat 797,114,300,MRM,WAIT FOR FUEL BAY,19.89
260704002,7/5/2026 12:03:28 AM,T114,Cat 797,831,780,MRM,FUEL&LUBE,19.415
260704002,7/5/2026 12:15:37 AM,T134,Cat 797,1182,780,JPM,FUEL&LUBE,16.8
260704002,7/5/2026 12:22:31 AM,T151,Cat 797,1026,780,MRM,FUEL&LUBE,23.005
260704002,7/5/2026 12:31:54 AM,T116,Cat 797,1071,780,MRM,FUEL&LUBE,17.515
260704002,7/5/2026 12:56:03 AM,T461,Cat 785,37,780,JPM,FUEL&LUBE,34.54
260704002,7/5/2026 12:59:29 AM,T468,Cat 785,656,780,MRM,FUEL&LUBE,29.01
260704002,7/5/2026 1:01:16 AM,T124,Cat 797,812,780,MRM,FUEL&LUBE,20.6
260704002,7/5/2026 1:08:47 AM,T150,Cat 797,1002,780,JPM,FUEL&LUBE,19.53
260704002,7/5/2026 1:34:23 AM,T171,Cat 797,1089,780,JPM,FUEL&LUBE,
260704002,7/5/2026 2:11:06 AM,T149,Cat 797,902,780,JPM,FUEL&LUBE,
260704002,7/5/2026 2:11:54 AM,T466,Cat 785,622,780,MRM,FUEL&LUBE,28.705
260704002,7/5/2026 2:12:01 AM,T118,Cat 797,971,780,MRM,FUEL&LUBE,163.85
260704002,7/5/2026 2:35:02 AM,T111,Cat 797,47,780,MRM,FUEL&LUBE,19.295
260704002,7/5/2026 2:35:49 AM,T111,Cat 797,44,300,MRM,WAIT FOR FUEL BAY,19.295
260704002,7/5/2026 2:36:33 AM,T111,Cat 797,760,780,MRM,FUEL&LUBE,20.005
260704002,7/5/2026 2:53:43 AM,T465,Cat 785,349,780,MRM,FUEL&LUBE,50.79
260704002,7/5/2026 3:02:19 AM,T168,Cat 797,712,780,JPM,FUEL&LUBE,
260704002,7/5/2026 3:08:40 AM,T127,Cat 797,1073,780,MRM,FUEL&LUBE,24.78
260704002,7/5/2026 3:13:44 AM,T453,Cat 789,834,780,MRM,FUEL&LUBE,163.855
260704002,7/5/2026 3:21:09 AM,T161,Cat 797,924,780,JPM,FUEL&LUBE,22.145
260704002,7/5/2026 3:55:24 AM,T463,Cat 785,556,780,JPM,FUEL&LUBE,27.63
260704002,7/5/2026 4:07:27 AM,T106,Cat 797,1161,780,MRM,FUEL&LUBE,14.775
260704002,7/5/2026 4:07:41 AM,T465,Cat 785,601,780,MRM,FUEL&LUBE,49.79
260704002,7/5/2026 4:08:08 AM,T454,Cat 789,1228,780,MRM,FUEL&LUBE,26.185
260704002,7/5/2026 4:29:33 AM,T152,Cat 797,647,780,JPM,FUEL&LUBE,22.025
260704002,7/5/2026 4:38:04 AM,T101,Cat 797,791,780,MRM,FUEL&LUBE,15.375
260704002,7/5/2026 4:41:45 AM,T140,Cat 797,863,780,MRM,FUEL&LUBE,23.765
260704002,7/5/2026 4:57:19 AM,T147,Cat 797,957,780,JPM,FUEL&LUBE,
260704002,7/5/2026 5:25:42 AM,T103,Cat 797,4,780,MRM,FUEL&LUBE,15.85
260704002,7/5/2026 5:25:46 AM,T103,Cat 797,76,300,MRM,WAIT FOR FUEL BAY,15.85
260704002,7/5/2026 5:27:02 AM,T103,Cat 797,841,780,MRM,FUEL&LUBE,15.85
260704002,7/5/2026 5:56:20 AM,T133,Cat 797,220,780,MRM,FUEL&LUBE,22.88
260705001,7/5/2026 6:00:00 AM,T133,Cat 797,578,780,MRM,FUEL&LUBE,22.88
260705001,7/5/2026 6:22:44 AM,T153,Cat 797,764,780,MRM,FUEL&LUBE,163.85
260705001,7/5/2026 6:50:01 AM,T156,Cat 797,2,780,JPM,FUEL&LUBE,28.575
260705001,7/5/2026 6:50:03 AM,T156,Cat 797,155,300,JPM,WAIT FOR FUEL BAY,28.575
260705001,7/5/2026 6:52:38 AM,T156,Cat 797,815,780,JPM,FUEL&LUBE,28.575
260705001,7/5/2026 6:56:05 AM,T122,Cat 797,139,780,MRM,FUEL&LUBE,24.4
260705001,7/5/2026 6:58:24 AM,T122,Cat 797,750,780,MRM,FUEL&LUBE,24.4
260705001,7/5/2026 7:03:43 AM,T102,Cat 797,14,780,MRM,FUEL&LUBE,14.845
260705001,7/5/2026 7:03:57 AM,T102,Cat 797,46,300,MRM,WAIT FOR FUEL BAY,14.845
260705001,7/5/2026 7:04:43 AM,T102,Cat 797,743,780,MRM,FUEL&LUBE,14.73
260705001,7/5/2026 7:28:33 AM,T126,Cat 797,753,780,MRM,FUEL&LUBE,18.105
260705001,7/5/2026 7:30:57 AM,T462,Cat 785,90,780,JPM,FUEL&LUBE,163.855
260705001,7/5/2026 7:38:34 AM,T471,Cat 785,433,780,JPM,FUEL&LUBE,36.77
260705001,7/5/2026 7:53:20 AM,T136,Cat 797,776,780,MRM,FUEL&LUBE,20.6
260705001,7/5/2026 7:57:18 AM,T154,Cat 797,770,780,JPM,FUEL&LUBE,28.7
260705001,7/5/2026 8:05:24 AM,T470,Cat 785,782,780,MRM,FUEL&LUBE,43.61
260705001,7/5/2026 8:08:22 AM,T136,Cat 797,15,780,MRM,FUEL&LUBE,59.85
260705001,7/5/2026 8:10:10 AM,T154,Cat 797,4,780,JPM,FUEL&LUBE,29.08
260705001,7/5/2026 8:43:42 AM,T131,Cat 797,1042,780,MRM,FUEL&LUBE,15.615
260705001,7/5/2026 8:57:06 AM,T129,Cat 797,1085,780,MRM,FUEL&LUBE,15.73
260705001,7/5/2026 8:58:40 AM,T133,Cat 797,693,780,MRM,FUEL&LUBE,83.5
260705001,7/5/2026 9:12:07 AM,T144,Cat 797,101,780,JPM,FUEL&LUBE,
260705001,7/5/2026 9:13:48 AM,T144,Cat 797,299,300,JPM,WAIT FOR FUEL BAY,
260705001,7/5/2026 9:15:18 AM,T104,Cat 797,715,780,MRM,FUEL&LUBE,14.49
260705001,7/5/2026 9:18:47 AM,T144,Cat 797,594,780,JPM,FUEL&LUBE,
260705001,7/5/2026 9:46:55 AM,T125,Cat 797,30,300,MRM,WAIT FOR FUEL BAY,25.915
260705001,7/5/2026 9:47:26 AM,T125,Cat 797,670,780,MRM,FUEL&LUBE,25.915
260705001,7/5/2026 9:47:27 AM,T141,Cat 797,733,780,JPM,FUEL&LUBE,27.565
260705001,7/5/2026 10:04:56 AM,T149,Cat 797,594,780,JPM,FUEL&LUBE,
260705001,7/5/2026 10:07:05 AM,T113,Cat 797,756,780,MRM,FUEL&LUBE,21.195
260705001,7/5/2026 10:09:27 AM,T472,Cat 785,325,300,JPM,WAIT FOR FUEL BAY,25.335
260705001,7/5/2026 10:23:34 AM,T472,Cat 785,34,780,JPM,FUEL&LUBE,88.535
260705001,7/5/2026 10:24:11 AM,T472,Cat 785,80,780,JPM,FUEL&LUBE,88.535
260705001,7/5/2026 10:25:35 AM,T120,Cat 797,669,780,MRM,FUEL&LUBE,163.85
260705001,7/5/2026 10:26:41 AM,T128,Cat 797,74,780,MRM,FUEL&LUBE,54.485
260705001,7/5/2026 10:27:55 AM,T128,Cat 797,592,780,MRM,FUEL&LUBE,54.485
260705001,7/5/2026 10:30:01 AM,T139,Cat 797,888,780,JPM,FUEL&LUBE,30.865
260705001,7/5/2026 10:48:20 AM,T134,Cat 797,1513,780,JPM,FUEL&LUBE,27.055
260705001,7/5/2026 11:13:33 AM,T134,Cat 797,939,780,JPM,FUEL&LUBE,28.45
260705001,7/5/2026 11:30:41 AM,T467,Cat 785,688,780,MRM,FUEL&LUBE,30.08
260705001,7/5/2026 11:37:49 AM,T158,Cat 797,694,780,JPM,FUEL&LUBE,30.475
260705001,7/5/2026 11:44:55 AM,T132,Cat 797,745,780,MRM,FUEL&LUBE,163.85
260705001,7/5/2026 11:48:01 AM,T107,Cat 797,879,780,MRM,FUEL&LUBE,14.775
260705001,7/5/2026 11:59:58 AM,T119,Cat 797,54,300,MRM,WAIT FOR FUEL BAY,16.325
260705001,7/5/2026 12:00:52 PM,T119,Cat 797,1025,780,MRM,FUEL&LUBE,15.85
260705001,7/5/2026 12:04:04 PM,T115,Cat 797,778,780,MRM,FUEL&LUBE,16.445
260705001,7/5/2026 12:09:04 PM,T452,Cat 789,24,780,MRM,FUEL&LUBE,163.86
260705001,7/5/2026 12:09:28 PM,T452,Cat 789,546,300,MRM,WAIT FOR FUEL BAY,163.86
260705001,7/5/2026 12:12:44 PM,T170,Cat 797,67,300,JPM,WAIT FOR FUEL BAY,
260705001,7/5/2026 12:13:51 PM,T170,Cat 797,842,780,JPM,FUEL&LUBE,
260705001,7/5/2026 12:17:58 PM,T119,Cat 797,2,780,MRM,FUEL&LUBE,163.85
260705001,7/5/2026 12:18:34 PM,T452,Cat 789,552,780,MRM,FUEL&LUBE,163.86
260705001,7/5/2026 12:27:57 PM,T170,Cat 797,1,780,JPM,FUEL&LUBE,
260705001,7/5/2026 12:30:51 PM,T138,Cat 797,823,780,MRM,FUEL&LUBE,19.295
260705001,7/5/2026 12:44:44 PM,T108,Cat 797,5,780,MRM,FUEL&LUBE,14.535
260705001,7/5/2026 12:44:49 PM,T108,Cat 797,95,300,MRM,WAIT FOR FUEL BAY,14.535
260705001,7/5/2026 12:46:24 PM,T108,Cat 797,824,780,MRM,FUEL&LUBE,14.535
260705001,7/5/2026 12:46:27 PM,T152,Cat 797,559,780,JPM,FUEL&LUBE,33.125
260705001,7/5/2026 12:50:07 PM,T162,Cat 797,905,780,MRM,FUEL&LUBE,18.94
260705001,7/5/2026 1:11:32 PM,T118,Cat 797,775,780,MRM,FUEL&LUBE,16.8
260705001,7/5/2026 1:12:54 PM,T110,Cat 797,3,780,MRM,FUEL&LUBE,16.09
260705001,7/5/2026 1:12:57 PM,T110,Cat 797,284,300,MRM,WAIT FOR FUEL BAY,16.09
260705001,7/5/2026 1:17:41 PM,T110,Cat 797,873,780,MRM,FUEL&LUBE,15.615
260705001,7/5/2026 1:37:23 PM,T112,Cat 797,20,780,MRM,FUEL&LUBE,14.775
260705001,7/5/2026 1:37:43 PM,T112,Cat 797,45,300,MRM,WAIT FOR FUEL BAY,14.775
260705001,7/5/2026 1:38:28 PM,T112,Cat 797,808,780,MRM,FUEL&LUBE,14.775
260705001,7/5/2026 1:45:50 PM,T135,Cat 797,854,780,MRM,FUEL&LUBE,16.565
260705001,7/5/2026 1:50:59 PM,T150,Cat 797,33,780,JPM,FUEL&LUBE,28.07
260705001,7/5/2026 1:51:26 PM,T166,Cat 797,4,780,MRM,FUEL&LUBE,15.85
260705001,7/5/2026 1:51:30 PM,T166,Cat 797,239,300,MRM,WAIT FOR FUEL BAY,15.85
260705001,7/5/2026 1:51:32 PM,T150,Cat 797,721,780,JPM,FUEL&LUBE,28.07
260705001,7/5/2026 1:55:31 PM,T166,Cat 797,776,780,MRM,FUEL&LUBE,14.86
260705001,7/5/2026 1:57:01 PM,T167,Cat 797,184,300,MRM,WAIT FOR FUEL BAY,20.955
260705001,7/5/2026 1:57:53 PM,T114,Cat 797,1818,780,MRM,FUEL&LUBE,16.205
260705001,7/5/2026 2:00:05 PM,T167,Cat 797,742,780,MRM,FUEL&LUBE,20.955
260705001,7/5/2026 2:16:13 PM,T124,Cat 797,57,780,MRM,FUEL&LUBE,14.52
260705001,7/5/2026 2:17:10 PM,T124,Cat 797,784,780,MRM,FUEL&LUBE,14.52
260705001,7/5/2026 2:23:22 PM,T118,Cat 797,15,780,MRM,FUEL&LUBE,163.85
260705001,7/5/2026 2:24:00 PM,T161,Cat 797,661,780,JPM,FUEL&LUBE,33.79
260705001,7/5/2026 2:51:07 PM,T167,Cat 797,35,780,MRM,FUEL&LUBE,100
260705001,7/5/2026 2:59:59 PM,T101,Cat 797,678,780,MRM,FUEL&LUBE,16.205
260705001,7/5/2026 3:10:38 PM,T130,Cat 797,9,780,MRM,FUEL&LUBE,14.83
260705001,7/5/2026 3:10:47 PM,T130,Cat 797,64,300,MRM,WAIT FOR FUEL BAY,14.83
260705001,7/5/2026 3:11:51 PM,T130,Cat 797,1303,780,MRM,FUEL&LUBE,14.83
260705001,7/5/2026 3:13:18 PM,T456,Cat 785,7,780,MRM,FUEL&LUBE,25.945
260705001,7/5/2026 3:13:25 PM,T456,Cat 785,1258,300,MRM,WAIT FOR FUEL BAY,25.945
260705001,7/5/2026 3:22:15 PM,T453,Cat 789,1319,780,MRM,FUEL&LUBE,163.855
260705001,7/5/2026 3:24:22 PM,T164,Cat 797,73,780,MRM,FUEL&LUBE,29.965
260705001,7/5/2026 3:34:23 PM,T456,Cat 785,556,780,MRM,FUEL&LUBE,25.18
260705001,7/5/2026 3:40:49 PM,T451,Cat 789,645,300,MRM,WAIT FOR FUEL BAY,
260705001,7/5/2026 3:46:56 PM,T137,Cat 797,1386,300,MRM,WAIT FOR FUEL BAY,14.83
260705001,7/5/2026 3:51:34 PM,T451,Cat 789,944,780,MRM,FUEL&LUBE,
260705001,7/5/2026 4:01:14 PM,T151,Cat 797,62,780,MRM,FUEL&LUBE,15.02
260705001,7/5/2026 4:02:16 PM,T151,Cat 797,2970,300,MRM,WAIT FOR FUEL BAY,15.14
260705001,7/5/2026 4:10:04 PM,T137,Cat 797,48,780,MRM,FUEL&LUBE,35.915
260705001,7/5/2026 4:23:34 PM,T164,Cat 797,898,780,MRM,FUEL&LUBE,97.34
260705001,7/5/2026 4:38:18 PM,T116,Cat 797,1132,780,MRM,FUEL&LUBE,14.31
260705001,7/5/2026 4:38:36 PM,T171,Cat 797,759,780,JPM,FUEL&LUBE,
260705001,7/5/2026 4:51:16 PM,T171,Cat 797,3,780,JPM,FUEL&LUBE,
260705001,7/5/2026 5:13:03 PM,T122,Cat 797,989,780,MRM,FUEL&LUBE,17.515
260705001,7/5/2026 5:26:17 PM,T153,Cat 797,12,780,MRM,FUEL&LUBE,163.85
260705001,7/5/2026 5:26:29 PM,T153,Cat 797,785,300,MRM,WAIT FOR FUEL BAY,163.85
260705001,7/5/2026 5:39:34 PM,T153,Cat 797,125,780,MRM,FUEL&LUBE,163.85
260705001,7/5/2026 5:53:15 PM,T103,Cat 797,405,780,MRM,FUEL&LUBE,22.145
260705001,7/5/2026 5:59:54 PM,T133,Cat 797,6,780,MRM,FUEL&LUBE,31
260705002,7/5/2026 6:00:00 PM,T103,Cat 797,660,780,MRM,FUEL&LUBE,22.625
260705002,7/5/2026 6:00:00 PM,T133,Cat 797,806,780,MRM,FUEL&LUBE,31
260705002,7/5/2026 6:16:23 PM,T102,Cat 797,811,780,MRM,FUEL&LUBE,15.255
260705002,7/5/2026 6:22:25 PM,T111,Cat 797,978,780,MRM,FUEL&LUBE,16.68
260705002,7/5/2026 6:44:37 PM,T127,Cat 797,150,780,MRM,FUEL&LUBE,16.92
260705002,7/5/2026 6:47:07 PM,T127,Cat 797,831,780,MRM,FUEL&LUBE,17.04
260705002,7/5/2026 6:54:37 PM,T106,Cat 797,945,780,MRM,FUEL&LUBE,14.745
260705002,7/5/2026 7:04:10 PM,T457,Cat 785,1021,780,MRM,FUEL&LUBE,22.73
260705002,7/5/2026 7:11:49 PM,T144,Cat 797,889,780,JPM,FUEL&LUBE,
260705002,7/5/2026 7:23:21 PM,T104,Cat 797,915,780,MRM,FUEL&LUBE,16.68
260705002,7/5/2026 7:51:25 PM,T120,Cat 797,1039,780,MRM,FUEL&LUBE,163.85
260705002,7/5/2026 8:20:18 PM,T126,Cat 797,784,780,MRM,FUEL&LUBE,15.14
260705002,7/5/2026 8:24:29 PM,T156,Cat 797,3,780,JPM,FUEL&LUBE,27.565
260705002,7/5/2026 8:55:54 PM,T140,Cat 797,843,780,MRM,FUEL&LUBE,16.68
260705002,7/5/2026 8:57:18 PM,T154,Cat 797,1065,780,JPM,FUEL&LUBE,14.575
260705002,7/5/2026 8:58:21 PM,T454,Cat 789,834,780,MRM,FUEL&LUBE,23.575
260705002,7/5/2026 9:07:33 PM,T149,Cat 797,426,300,JPM,WAIT FOR FUEL BAY,
260705002,7/5/2026 9:14:48 PM,T149,Cat 797,893,780,JPM,FUEL&LUBE,
260705002,7/5/2026 9:15:31 PM,T154,Cat 797,1,780,JPM,FUEL&LUBE,42.615
260705002,7/5/2026 9:16:46 PM,T129,Cat 797,790,780,MRM,FUEL&LUBE,14.76
260705002,7/5/2026 9:47:21 PM,T152,Cat 797,758,780,JPM,FUEL&LUBE,15.97
260705002,7/5/2026 9:51:14 PM,T136,Cat 797,886,780,MRM,FUEL&LUBE,16.68
260705002,7/5/2026 10:16:27 PM,T466,Cat 785,498,780,MRM,FUEL&LUBE,25.945
260705002,7/5/2026 10:35:51 PM,T132,Cat 797,776,780,MRM,FUEL&LUBE,163.85
260705002,7/5/2026 10:36:06 PM,T468,Cat 785,772,780,MRM,FUEL&LUBE,25.18
260705002,7/5/2026 10:57:46 PM,T141,Cat 797,808,780,JPM,FUEL&LUBE,16.68
260705002,7/5/2026 11:00:32 PM,T128,Cat 797,823,780,MRM,FUEL&LUBE,19.77
260705002,7/5/2026 11:05:51 PM,T118,Cat 797,804,780,MRM,FUEL&LUBE,14.9
260705002,7/5/2026 11:22:47 PM,T113,Cat 797,839,780,MRM,FUEL&LUBE,15.02
260705002,7/5/2026 11:27:49 PM,T125,Cat 797,8,780,MRM,FUEL&LUBE,16.68
260705002,7/5/2026 11:27:57 PM,T125,Cat 797,82,300,MRM,WAIT FOR FUEL BAY,16.68
260705002,7/5/2026 11:29:19 PM,T125,Cat 797,816,780,MRM,FUEL&LUBE,14.885
260705002,7/5/2026 11:52:47 PM,T465,Cat 785,685,780,MRM,FUEL&LUBE,24.72
260705002,7/5/2026 11:58:54 PM,T109,Cat 797,794,780,MRM,FUEL&LUBE,48.695
260705002,7/6/2026 12:09:42 AM,T108,Cat 797,800,780,MRM,FUEL&LUBE,14.21
260705002,7/6/2026 12:15:31 AM,T452,Cat 789,841,780,MRM,FUEL&LUBE,163.86
260705002,7/6/2026 12:32:36 AM,T158,Cat 797,1042,300,JPM,WAIT FOR FUEL BAY,14.83
260705002,7/6/2026 12:36:51 AM,T139,Cat 797,2,780,JPM,FUEL&LUBE,163.85
260705002,7/6/2026 12:49:59 AM,T158,Cat 797,128,780,JPM,FUEL&LUBE,45.145
260705002,7/6/2026 1:07:02 AM,T112,Cat 797,854,780,MRM,FUEL&LUBE,163.85
260705002,7/6/2026 1:11:12 AM,T131,Cat 797,891,780,MRM,FUEL&LUBE,15.73
260705002,7/6/2026 1:20:04 AM,T471,Cat 785,786,780,JPM,FUEL&LUBE,26.405
260705002,7/6/2026 1:28:54 AM,T101,Cat 797,764,780,MRM,FUEL&LUBE,16.205
260705002,7/6/2026 1:34:06 AM,T138,Cat 797,959,780,MRM,FUEL&LUBE,24.78
260705002,7/6/2026 1:35:43 AM,T134,Cat 797,690,780,JPM,FUEL&LUBE,16.92
260705002,7/6/2026 1:44:39 AM,T115,Cat 797,87,780,MRM,FUEL&LUBE,15.85
260705002,7/6/2026 1:46:06 AM,T115,Cat 797,214,300,MRM,WAIT FOR FUEL BAY,15.85
260705002,7/6/2026 1:47:20 AM,T134,Cat 797,3,780,JPM,FUEL&LUBE,163.85
260705002,7/6/2026 1:49:40 AM,T115,Cat 797,768,780,MRM,FUEL&LUBE,15.73
260705002,7/6/2026 2:09:42 AM,T467,Cat 785,686,780,MRM,FUEL&LUBE,20.285
260705002,7/6/2026 2:10:09 AM,T170,Cat 797,186,780,JPM,FUEL&LUBE,
260705002,7/6/2026 2:11:51 AM,T162,Cat 797,901,780,MRM,FUEL&LUBE,16.445
260705002,7/6/2026 2:31:57 AM,T119,Cat 797,15,780,MRM,FUEL&LUBE,18.82
260705002,7/6/2026 2:32:12 AM,T119,Cat 797,81,300,MRM,WAIT FOR FUEL BAY,18.82
260705002,7/6/2026 2:32:47 AM,T166,Cat 797,919,780,MRM,FUEL&LUBE,23.64
260705002,7/6/2026 2:33:33 AM,T119,Cat 797,879,780,MRM,FUEL&LUBE,18.82
260705002,7/6/2026 2:36:33 AM,T455,Cat 785,57,780,MRM,FUEL&LUBE,18.37
260705002,7/6/2026 2:37:30 AM,T455,Cat 785,1095,300,MRM,WAIT FOR FUEL BAY,18.37
260705002,7/6/2026 2:52:23 AM,T135,Cat 797,182,780,MRM,FUEL&LUBE,14.845
260705002,7/6/2026 2:55:25 AM,T135,Cat 797,781,780,MRM,FUEL&LUBE,14.845
260705002,7/6/2026 3:13:43 AM,T114,Cat 797,774,780,MRM,FUEL&LUBE,21.79
260705002,7/6/2026 3:18:42 AM,T150,Cat 797,896,780,JPM,FUEL&LUBE,15.14
260705002,7/6/2026 3:22:23 AM,T110,Cat 797,951,780,MRM,FUEL&LUBE,16.325
260705002,7/6/2026 3:31:48 AM,T137,Cat 797,19,780,MRM,FUEL&LUBE,29.965
260705002,7/6/2026 3:32:07 AM,T137,Cat 797,84,300,MRM,WAIT FOR FUEL BAY,30.22
260705002,7/6/2026 3:33:31 AM,T137,Cat 797,724,780,MRM,FUEL&LUBE,30.22
260705002,7/6/2026 3:36:13 AM,T144,Cat 797,782,780,JPM,FUEL&LUBE,
260705002,7/6/2026 3:39:13 AM,T167,Cat 797,979,780,MRM,FUEL&LUBE,14.745
260705002,7/6/2026 3:57:55 AM,T453,Cat 789,717,780,MRM,FUEL&LUBE,163.855
260705002,7/6/2026 4:01:17 AM,T130,Cat 797,21,780,MRM,FUEL&LUBE,26.805
260705002,7/6/2026 4:01:38 AM,T130,Cat 797,1149,300,MRM,WAIT FOR FUEL BAY,26.805
260705002,7/6/2026 4:11:35 AM,T161,Cat 797,961,780,JPM,FUEL&LUBE,15.615
260705002,7/6/2026 4:20:47 AM,T130,Cat 797,28,780,MRM,FUEL&LUBE,55.375
260705002,7/6/2026 4:30:12 AM,T124,Cat 797,13,780,MRM,FUEL&LUBE,22.88
260705002,7/6/2026 4:30:25 AM,T124,Cat 797,118,300,MRM,WAIT FOR FUEL BAY,22.88
260705002,7/6/2026 4:32:23 AM,T124,Cat 797,862,780,MRM,FUEL&LUBE,22.88
260705002,7/6/2026 4:38:56 AM,T470,Cat 785,625,780,MRM,FUEL&LUBE,23.645
260705002,7/6/2026 4:40:11 AM,T451,Cat 789,413,300,MRM,WAIT FOR FUEL BAY,
260705002,7/6/2026 4:47:04 AM,T451,Cat 789,569,780,MRM,FUEL&LUBE,
260705002,7/6/2026 4:50:12 AM,T472,Cat 785,527,780,JPM,FUEL&LUBE,24.72
260705002,7/6/2026 4:56:36 AM,T451,Cat 789,1,780,MRM,FUEL&LUBE,
260705002,7/6/2026 5:31:45 AM,T122,Cat 797,777,780,MRM,FUEL&LUBE,16.8
260705002,7/6/2026 5:39:21 AM,T153,Cat 797,5,780,MRM,FUEL&LUBE,163.85
260705002,7/6/2026 5:39:26 AM,T153,Cat 797,861,300,MRM,WAIT FOR FUEL BAY,163.85
260705002,7/6/2026 5:53:47 AM,T153,Cat 797,57,780,MRM,FUEL&LUBE,163.85
260706001,7/6/2026 6:07:15 AM,T104,Cat 797,7,780,MRM,FUEL&LUBE,18.105
260706001,7/6/2026 6:07:22 AM,T104,Cat 797,1146,300,MRM,WAIT FOR FUEL BAY,18.105
260706001,7/6/2026 6:26:28 AM,T104,Cat 797,835,780,MRM,FUEL&LUBE,17.395
260706001,7/6/2026 6:40:48 AM,T171,Cat 797,864,780,JPM,FUEL&LUBE,
260706001,7/6/2026 6:50:14 AM,T133,Cat 797,757,780,MRM,FUEL&LUBE,18.345
260706001,7/6/2026 6:50:20 AM,T102,Cat 797,4,780,MRM,FUEL&LUBE,14.83
260706001,7/6/2026 6:50:24 AM,T102,Cat 797,82,300,MRM,WAIT FOR FUEL BAY,14.83
260706001,7/6/2026 6:51:46 AM,T102,Cat 797,630,780,MRM,FUEL&LUBE,14.83
260706001,7/6/2026 6:51:51 AM,T116,Cat 797,6,780,MRM,FUEL&LUBE,14.86
260706001,7/6/2026 6:51:57 AM,T116,Cat 797,692,300,MRM,WAIT FOR FUEL BAY,14.86
260706001,7/6/2026 6:54:20 AM,T164,Cat 797,26,780,MRM,FUEL&LUBE,15.14
260706001,7/6/2026 6:54:46 AM,T164,Cat 797,511,300,MRM,WAIT FOR FUEL BAY,15.14
260706001,7/6/2026 7:03:17 AM,T164,Cat 797,797,780,MRM,FUEL&LUBE,14.86
260706001,7/6/2026 7:03:29 AM,T116,Cat 797,746,780,MRM,FUEL&LUBE,14.675
260706001,7/6/2026 7:27:56 AM,T152,Cat 797,924,780,JPM,FUEL&LUBE,16.68
260706001,7/6/2026 7:28:16 AM,T127,Cat 797,770,780,MRM,FUEL&LUBE,24.4
260706001,7/6/2026 7:45:01 AM,T151,Cat 797,5,780,MRM,FUEL&LUBE,16.565
260706001,7/6/2026 7:45:06 AM,T151,Cat 797,408,300,MRM,WAIT FOR FUEL BAY,16.565
260706001,7/6/2026 7:46:58 AM,T154,Cat 797,45,780,JPM,FUEL&LUBE,22.38
260706001,7/6/2026 7:47:43 AM,T154,Cat 797,271,300,JPM,WAIT FOR FUEL BAY,22.38
260706001,7/6/2026 7:51:54 AM,T151,Cat 797,816,780,MRM,FUEL&LUBE,15.73
260706001,7/6/2026 7:52:14 AM,T154,Cat 797,759,780,JPM,FUEL&LUBE,22.265
260706001,7/6/2026 7:57:41 AM,T120,Cat 797,883,780,MRM,FUEL&LUBE,163.85
260706001,7/6/2026 8:03:59 AM,T456,Cat 785,4,780,MRM,FUEL&LUBE,24.565
260706001,7/6/2026 8:04:03 AM,T456,Cat 785,358,300,MRM,WAIT FOR FUEL BAY,24.565
260706001,7/6/2026 8:10:01 AM,T456,Cat 785,443,780,MRM,FUEL&LUBE,23.955
260706001,7/6/2026 8:26:23 AM,T103,Cat 797,805,780,MRM,FUEL&LUBE,17.99
260706001,7/6/2026 8:27:52 AM,T156,Cat 797,69,780,JPM,FUEL&LUBE,21.195
260706001,7/6/2026 8:29:01 AM,T156,Cat 797,808,780,JPM,FUEL&LUBE,21.195
260706001,7/6/2026 8:44:03 AM,T111,Cat 797,777,780,MRM,FUEL&LUBE,23.64
260706001,7/6/2026 8:48:49 AM,T126,Cat 797,803,780,MRM,FUEL&LUBE,44.445
260706001,7/6/2026 9:08:59 AM,T165,Cat 797,783,780,JPM,FUEL&LUBE,17.155
260706001,7/6/2026 9:14:26 AM,T117,Cat 797,610,780,MRM,FUEL&LUBE,47.395
260706001,7/6/2026 9:25:17 AM,T129,Cat 797,897,780,MRM,FUEL&LUBE,14.24
260706001,7/6/2026 9:37:19 AM,T454,Cat 789,734,780,MRM,FUEL&LUBE,43.375
260706001,7/6/2026 9:44:52 AM,T134,Cat 797,539,780,JPM,FUEL&LUBE,29.84
260706001,7/6/2026 9:54:47 AM,T463,Cat 785,14,780,JPM,FUEL&LUBE,163.855
260706001,7/6/2026 9:55:01 AM,T463,Cat 785,743,780,JPM,FUEL&LUBE,163.855
260706001,7/6/2026 10:12:41 AM,T113,Cat 797,746,780,MRM,FUEL&LUBE,20.365
260706001,7/6/2026 10:14:18 AM,T462,Cat 785,174,780,JPM,FUEL&LUBE,163.855
260706001,7/6/2026 10:15:44 AM,T149,Cat 797,888,780,JPM,FUEL&LUBE,
260706001,7/6/2026 10:17:12 AM,T462,Cat 785,444,300,JPM,WAIT FOR FUEL BAY,163.855
260706001,7/6/2026 10:27:13 AM,T128,Cat 797,17,780,MRM,FUEL&LUBE,30.6
260706001,7/6/2026 10:27:30 AM,T128,Cat 797,58,300,MRM,WAIT FOR FUEL BAY,30.6
260706001,7/6/2026 10:28:28 AM,T128,Cat 797,714,780,MRM,FUEL&LUBE,30.6
260706001,7/6/2026 10:39:13 AM,T132,Cat 797,688,780,MRM,FUEL&LUBE,163.85
260706001,7/6/2026 10:53:54 AM,T141,Cat 797,705,780,JPM,FUEL&LUBE,28.32
260706001,7/6/2026 10:54:25 AM,T107,Cat 797,816,780,MRM,FUEL&LUBE,15.615
260706001,7/6/2026 11:25:57 AM,T108,Cat 797,53,780,MRM,FUEL&LUBE,20.955
260706001,7/6/2026 11:26:50 AM,T108,Cat 797,655,780,MRM,FUEL&LUBE,20.955
260706001,7/6/2026 11:28:53 AM,T139,Cat 797,815,780,JPM,FUEL&LUBE,30.865
260706001,7/6/2026 11:43:48 AM,T106,Cat 797,753,780,MRM,FUEL&LUBE,14.86
260706001,7/6/2026 11:44:44 AM,T140,Cat 797,873,780,MRM,FUEL&LUBE,18.7
260706001,7/6/2026 11:53:06 AM,T147,Cat 797,844,780,JPM,FUEL&LUBE,
260706001,7/6/2026 12:02:01 PM,T452,Cat 789,599,780,MRM,FUEL&LUBE,163.86
260706001,7/6/2026 12:25:47 PM,T457,Cat 785,55,780,MRM,FUEL&LUBE,20.135
260706001,7/6/2026 12:26:42 PM,T457,Cat 785,717,780,MRM,FUEL&LUBE,20.135
260706001,7/6/2026 12:54:32 PM,T164,Cat 797,668,780,MRM,FUEL&LUBE,74.93
260706001,7/6/2026 1:01:24 PM,T101,Cat 797,849,780,MRM,FUEL&LUBE,14.815
260706001,7/6/2026 1:04:52 PM,T144,Cat 797,3,780,JPM,FUEL&LUBE,
260706001,7/6/2026 1:04:55 PM,T144,Cat 797,38,300,JPM,WAIT FOR FUEL BAY,
260706001,7/6/2026 1:05:33 PM,T144,Cat 797,744,780,JPM,FUEL&LUBE,
260706001,7/6/2026 1:25:37 PM,T467,Cat 785,655,780,MRM,FUEL&LUBE,31.35
260706001,7/6/2026 1:43:09 PM,T158,Cat 797,774,780,JPM,FUEL&LUBE,27.69
260706001,7/6/2026 1:56:58 PM,T136,Cat 797,80,780,MRM,FUEL&LUBE,16.8
260706001,7/6/2026 1:58:18 PM,T136,Cat 797,866,780,MRM,FUEL&LUBE,16.8
260706001,7/6/2026 2:20:23 PM,T112,Cat 797,766,780,MRM,FUEL&LUBE,19.65
260706001,7/6/2026 2:26:57 PM,T150,Cat 797,804,780,JPM,FUEL&LUBE,31.13
260706001,7/6/2026 2:56:32 PM,T459,Cat 785,4,780,JPM,FUEL&LUBE,36.13
260706001,7/6/2026 2:56:36 PM,T459,Cat 785,35,300,JPM,WAIT FOR FUEL BAY,36.13
260706001,7/6/2026 2:57:05 PM,T138,Cat 797,819,780,MRM,FUEL&LUBE,23.26
260706001,7/6/2026 2:57:11 PM,T459,Cat 785,506,780,JPM,FUEL&LUBE,36.13
260706001,7/6/2026 3:28:26 PM,T162,Cat 797,769,780,MRM,FUEL&LUBE,24.65
260706001,7/6/2026 3:40:06 PM,T161,Cat 797,750,780,JPM,FUEL&LUBE,29.965
260706001,7/6/2026 3:47:07 PM,T111,Cat 797,475,780,MRM,FUEL&LUBE,80.2
260706001,7/6/2026 3:48:14 PM,T453,Cat 789,71,780,MRM,FUEL&LUBE,163.855
260706001,7/6/2026 3:49:25 PM,T453,Cat 789,499,780,MRM,FUEL&LUBE,163.855
260706001,7/6/2026 4:01:20 PM,T471,Cat 785,427,780,JPM,FUEL&LUBE,34.855
260706001,7/6/2026 4:02:39 PM,T131,Cat 797,827,780,MRM,FUEL&LUBE,15.02
260706001,7/6/2026 4:06:38 PM,T109,Cat 797,920,780,MRM,FUEL&LUBE,18.94
260706001,7/6/2026 4:16:49 PM,T124,Cat 797,794,780,MRM,FUEL&LUBE,29.59
260706001,7/6/2026 4:21:16 PM,T122,Cat 797,3,780,MRM,FUEL&LUBE,14.705
260706001,7/6/2026 4:21:19 PM,T122,Cat 797,73,300,MRM,WAIT FOR FUEL BAY,14.705
260706001,7/6/2026 4:22:32 PM,T122,Cat 797,655,780,MRM,FUEL&LUBE,14.705
260706001,7/6/2026 4:23:55 PM,T152,Cat 797,4,780,JPM,FUEL&LUBE,31.53
260706001,7/6/2026 4:23:59 PM,T152,Cat 797,138,300,JPM,WAIT FOR FUEL BAY,31.53
260706001,7/6/2026 4:26:17 PM,T152,Cat 797,578,780,JPM,FUEL&LUBE,31.53
260706001,7/6/2026 4:36:42 PM,T166,Cat 797,804,780,MRM,FUEL&LUBE,22.88
260706001,7/6/2026 4:39:46 PM,T157,Cat 797,4,780,MRM,FUEL&LUBE,26.675
260706001,7/6/2026 4:39:50 PM,T157,Cat 797,50,300,MRM,WAIT FOR FUEL BAY,26.675
260706001,7/6/2026 4:40:43 PM,T157,Cat 797,1107,780,MRM,FUEL&LUBE,26.675
260706001,7/6/2026 5:10:05 PM,T119,Cat 797,850,780,MRM,FUEL&LUBE,16.92
260706001,7/6/2026 5:20:42 PM,T135,Cat 797,915,780,MRM,FUEL&LUBE,14.705
260706001,7/6/2026 5:30:21 PM,T104,Cat 797,145,300,MRM,WAIT FOR FUEL BAY,14.9
260706001,7/6/2026 5:32:47 PM,T104,Cat 797,753,780,MRM,FUEL&LUBE,14.9
260706001,7/6/2026 5:32:51 PM,T114,Cat 797,6,780,MRM,FUEL&LUBE,16.8
260706001,7/6/2026 5:32:57 PM,T114,Cat 797,182,300,MRM,WAIT FOR FUEL BAY,16.8
260706001,7/6/2026 5:35:59 PM,T114,Cat 797,847,780,MRM,FUEL&LUBE,15.255
260706001,7/6/2026 5:55:41 PM,T153,Cat 797,259,780,MRM,FUEL&LUBE,163.85
260706002,7/6/2026 6:00:00 PM,T153,Cat 797,525,780,MRM,FUEL&LUBE,163.85
260706002,7/6/2026 6:04:30 PM,T137,Cat 797,871,780,MRM,FUEL&LUBE,18.7
260706002,7/6/2026 6:12:28 PM,T110,Cat 797,48,780,MRM,FUEL&LUBE,15.375
260706002,7/6/2026 6:13:16 PM,T110,Cat 797,1446,780,MRM,FUEL&LUBE,15.375
260706002,7/6/2026 6:19:50 PM,T468,Cat 785,475,780,MRM,FUEL&LUBE,31.83
260706002,7/6/2026 6:20:16 PM,T130,Cat 797,120,780,MRM,FUEL&LUBE,21.075
260706002,7/6/2026 6:22:16 PM,T130,Cat 797,1279,300,MRM,WAIT FOR FUEL BAY,21.075
260706002,7/6/2026 6:45:46 PM,T170,Cat 797,877,780,JPM,FUEL&LUBE,
260706002,7/6/2026 6:47:37 PM,T456,Cat 785,459,780,MRM,FUEL&LUBE,36.13
260706002,7/6/2026 7:22:34 PM,T462,Cat 785,6,780,JPM,FUEL&LUBE,163.855
260706002,7/6/2026 7:22:36 PM,T111,Cat 797,755,780,MRM,FUEL&LUBE,57.305
260706002,7/6/2026 7:22:40 PM,T462,Cat 785,192,300,JPM,WAIT FOR FUEL BAY,163.855
260706002,7/6/2026 7:24:05 PM,T133,Cat 797,843,780,MRM,FUEL&LUBE,16.565
260706002,7/6/2026 7:25:52 PM,T462,Cat 785,506,780,JPM,FUEL&LUBE,163.855
260706002,7/6/2026 7:36:06 PM,T102,Cat 797,1093,780,MRM,FUEL&LUBE,44.865
260706002,7/6/2026 7:45:24 PM,T156,Cat 797,847,780,JPM,FUEL&LUBE,28.83
260706002,7/6/2026 8:05:21 PM,T472,Cat 785,578,780,JPM,FUEL&LUBE,30.875
260706002,7/6/2026 8:11:48 PM,T129,Cat 797,867,780,MRM,FUEL&LUBE,17.275
260706002,7/6/2026 8:11:51 PM,T167,Cat 797,1165,780,MRM,FUEL&LUBE,17.155
260706002,7/6/2026 8:15:23 PM,T476,Cat 793,751,780,JPM,FUEL&LUBE,32
260706002,7/6/2026 8:19:10 PM,T134,Cat 797,1262,780,JPM,FUEL&LUBE,16.205
260706002,7/6/2026 8:27:35 PM,T116,Cat 797,865,780,MRM,FUEL&LUBE,20.72
260706002,7/6/2026 8:52:51 PM,T154,Cat 797,1052,780,JPM,FUEL&LUBE,21.67
260706002,7/6/2026 8:58:13 PM,T452,Cat 789,936,780,MRM,FUEL&LUBE,163.86
260706002,7/6/2026 9:08:26 PM,T103,Cat 797,839,780,MRM,FUEL&LUBE,17.75
260706002,7/6/2026 9:12:35 PM,T113,Cat 797,792,780,MRM,FUEL&LUBE,16.92
260706002,7/6/2026 9:24:31 PM,T171,Cat 797,107,780,JPM,FUEL&LUBE,
260706002,7/6/2026 9:26:18 PM,T171,Cat 797,877,780,JPM,FUEL&LUBE,
260706002,7/6/2026 9:35:44 PM,T455,Cat 785,201,780,MRM,FUEL&LUBE,31.51
260706002,7/6/2026 9:39:05 PM,T455,Cat 785,663,300,MRM,WAIT FOR FUEL BAY,32.465
260706002,7/6/2026 9:40:44 PM,T125,Cat 797,872,780,MRM,FUEL&LUBE,15.495
260706002,7/6/2026 9:51:17 PM,T126,Cat 797,818,780,MRM,FUEL&LUBE,16.68
260706002,7/6/2026 9:55:27 PM,T149,Cat 797,834,780,JPM,FUEL&LUBE,
260706002,7/6/2026 10:04:00 PM,T466,Cat 785,568,780,MRM,FUEL&LUBE,86.06
260706002,7/6/2026 10:16:50 PM,T128,Cat 797,25,780,MRM,FUEL&LUBE,16.09
260706002,7/6/2026 10:17:15 PM,T128,Cat 797,55,300,MRM,WAIT FOR FUEL BAY,16.09
260706002,7/6/2026 10:18:10 PM,T128,Cat 797,726,780,MRM,FUEL&LUBE,16.09
260706002,7/6/2026 10:22:18 PM,T108,Cat 797,855,780,MRM,FUEL&LUBE,14.645
260706002,7/6/2026 10:28:29 PM,T120,Cat 797,347,300,MRM,WAIT FOR FUEL BAY,163.85
260706002,7/6/2026 10:32:59 PM,T463,Cat 785,368,780,JPM,FUEL&LUBE,163.855
260706002,7/6/2026 10:34:16 PM,T120,Cat 797,733,780,MRM,FUEL&LUBE,163.85
260706002,7/6/2026 10:46:31 PM,T120,Cat 797,1,780,MRM,FUEL&LUBE,163.85
260706002,7/6/2026 10:53:37 PM,T144,Cat 797,697,780,JPM,FUEL&LUBE,
260706002,7/6/2026 10:59:01 PM,T151,Cat 797,44,780,MRM,FUEL&LUBE,15.02
260706002,7/6/2026 11:01:34 PM,T151,Cat 797,994,780,MRM,FUEL&LUBE,15.02
260706002,7/6/2026 11:04:26 PM,T470,Cat 785,717,780,MRM,FUEL&LUBE,27.935
260706002,7/6/2026 11:11:52 PM,T139,Cat 797,910,780,JPM,FUEL&LUBE,22.88
260706002,7/6/2026 11:22:21 PM,T465,Cat 785,549,780,MRM,FUEL&LUBE,22.73
260706002,7/6/2026 11:24:05 PM,T132,Cat 797,1186,780,MRM,FUEL&LUBE,163.85
260706002,7/6/2026 11:32:06 PM,T101,Cat 797,776,780,MRM,FUEL&LUBE,50.92
260706002,7/6/2026 11:44:08 PM,T141,Cat 797,814,780,JPM,FUEL&LUBE,18.82
260706002,7/6/2026 11:55:39 PM,T117,Cat 797,9,780,MRM,FUEL&LUBE,18.82
260706002,7/6/2026 11:55:48 PM,T117,Cat 797,17,300,MRM,WAIT FOR FUEL BAY,18.82
260706002,7/6/2026 11:56:05 PM,T117,Cat 797,942,780,MRM,FUEL&LUBE,18.82
260706002,7/7/2026 12:09:25 AM,T107,Cat 797,841,780,MRM,FUEL&LUBE,21.075
260706002,7/7/2026 12:11:31 AM,T106,Cat 797,1172,780,MRM,FUEL&LUBE,19.53
260706002,7/7/2026 12:42:26 AM,T458,Cat 785,737,780,JPM,FUEL&LUBE,29.93
260706002,7/7/2026 1:02:50 AM,T165,Cat 797,841,780,JPM,FUEL&LUBE,22.625
260706002,7/7/2026 1:05:59 AM,T140,Cat 797,793,780,MRM,FUEL&LUBE,24.78
260706002,7/7/2026 1:37:48 AM,T152,Cat 797,706,780,JPM,FUEL&LUBE,23.385
260706002,7/7/2026 1:44:57 AM,T454,Cat 789,799,780,MRM,FUEL&LUBE,34.075
260706002,7/7/2026 1:50:18 AM,T104,Cat 797,980,780,MRM,FUEL&LUBE,36.975
260706002,7/7/2026 2:01:59 AM,T158,Cat 797,46,300,JPM,WAIT FOR FUEL BAY,16.565
260706002,7/7/2026 2:03:05 AM,T158,Cat 797,973,780,JPM,FUEL&LUBE,16.565
260706002,7/7/2026 2:07:21 AM,T104,Cat 797,2,780,MRM,FUEL&LUBE,96.645
260706002,7/7/2026 2:28:23 AM,T150,Cat 797,724,780,JPM,FUEL&LUBE,25.41
260706002,7/7/2026 2:46:40 AM,T112,Cat 797,923,780,MRM,FUEL&LUBE,14.87
260706002,7/7/2026 2:49:34 AM,T163,Cat 797,1066,780,MRM,FUEL&LUBE,21.195
260706002,7/7/2026 3:05:33 AM,T122,Cat 797,782,780,MRM,FUEL&LUBE,21.075
260706002,7/7/2026 3:15:36 AM,T451,Cat 789,817,780,MRM,FUEL&LUBE,
260706002,7/7/2026 3:22:36 AM,T113,Cat 797,855,780,MRM,FUEL&LUBE,14.535
260706002,7/7/2026 3:29:08 AM,T136,Cat 797,1378,300,MRM,WAIT FOR FUEL BAY,14.9
260706002,7/7/2026 3:30:27 AM,T104,Cat 797,3,780,MRM,FUEL&LUBE,93.99
260706002,7/7/2026 3:30:30 AM,T104,Cat 797,85,300,MRM,WAIT FOR FUEL BAY,93.99
260706002,7/7/2026 3:31:55 AM,T104,Cat 797,613,780,MRM,FUEL&LUBE,93.99
260706002,7/7/2026 3:52:07 AM,T136,Cat 797,18,780,MRM,FUEL&LUBE,58.05
260706002,7/7/2026 3:53:31 AM,T453,Cat 789,589,780,MRM,FUEL&LUBE,163.855
260706002,7/7/2026 4:06:01 AM,T115,Cat 797,40,780,MRM,FUEL&LUBE,100
260706002,7/7/2026 4:13:16 AM,T164,Cat 797,1033,780,MRM,FUEL&LUBE,18.94
260706002,7/7/2026 4:17:04 AM,T135,Cat 797,769,780,MRM,FUEL&LUBE,20.005
260706002,7/7/2026 4:20:43 AM,T138,Cat 797,10,780,MRM,FUEL&LUBE,23.515
260706002,7/7/2026 4:20:53 AM,T138,Cat 797,606,300,MRM,WAIT FOR FUEL BAY,23.515
260706002,7/7/2026 4:22:40 AM,T161,Cat 797,906,780,JPM,FUEL&LUBE,24.4
260706002,7/7/2026 4:30:59 AM,T138,Cat 797,741,780,MRM,FUEL&LUBE,23.005
260706002,7/7/2026 4:36:14 AM,T133,Cat 797,795,780,MRM,FUEL&LUBE,16.445
260706002,7/7/2026 4:55:21 AM,T162,Cat 797,882,780,MRM,FUEL&LUBE,18.7
260706002,7/7/2026 5:05:05 AM,T157,Cat 797,163,780,MRM,FUEL&LUBE,33.125
260706002,7/7/2026 5:35:23 AM,T168,Cat 797,47,780,JPM,FUEL&LUBE,
260707001,7/7/2026 6:01:29 AM,T168,Cat 797,2,780,JPM,FUEL&LUBE,
260707001,7/7/2026 6:09:47 AM,T153,Cat 797,965,780,MRM,FUEL&LUBE,74.02
260707001,7/7/2026 6:23:39 AM,T147,Cat 797,1055,780,JPM,FUEL&LUBE,
260707001,7/7/2026 6:38:19 AM,T124,Cat 797,812,780,MRM,FUEL&LUBE,16.92
260707001,7/7/2026 6:43:50 AM,T138,Cat 797,5,780,MRM,FUEL&LUBE,95.49
260707001,7/7/2026 6:43:55 AM,T138,Cat 797,851,300,MRM,WAIT FOR FUEL BAY,95.49
260707001,7/7/2026 6:44:48 AM,T471,Cat 785,481,780,JPM,FUEL&LUBE,34.855
260707001,7/7/2026 6:49:14 AM,T166,Cat 797,4,780,MRM,FUEL&LUBE,14.125
260707001,7/7/2026 6:49:18 AM,T166,Cat 797,513,300,MRM,WAIT FOR FUEL BAY,14.125
260707001,7/7/2026 6:50:10 AM,T168,Cat 797,12,780,JPM,FUEL&LUBE,
260707001,7/7/2026 6:50:22 AM,T168,Cat 797,498,300,JPM,WAIT FOR FUEL BAY,
260707001,7/7/2026 6:57:51 AM,T166,Cat 797,783,780,MRM,FUEL&LUBE,14.125
260707001,7/7/2026 6:58:40 AM,T168,Cat 797,399,780,JPM,FUEL&LUBE,
260707001,7/7/2026 7:04:58 AM,T129,Cat 797,731,780,MRM,FUEL&LUBE,14.86
260707001,7/7/2026 7:21:36 AM,T462,Cat 785,485,780,JPM,FUEL&LUBE,163.855
260707001,7/7/2026 7:22:25 AM,T110,Cat 797,1563,780,MRM,FUEL&LUBE,21.075
260707001,7/7/2026 7:22:55 AM,T134,Cat 797,4,780,JPM,FUEL&LUBE,20.365
260707001,7/7/2026 7:22:59 AM,T134,Cat 797,549,300,JPM,WAIT FOR FUEL BAY,20.365
260707001,7/7/2026 7:32:08 AM,T134,Cat 797,600,780,JPM,FUEL&LUBE,18.82
260707001,7/7/2026 7:54:57 AM,T460,Cat 785,535,780,MRM,FUEL&LUBE,44.445
260707001,7/7/2026 7:58:32 AM,T114,Cat 797,7,780,MRM,FUEL&LUBE,14.535
260707001,7/7/2026 7:58:39 AM,T114,Cat 797,362,300,MRM,WAIT FOR FUEL BAY,14.535
260707001,7/7/2026 7:59:57 AM,T130,Cat 797,54,780,MRM,FUEL&LUBE,14.675
260707001,7/7/2026 8:00:51 AM,T130,Cat 797,1395,300,MRM,WAIT FOR FUEL BAY,14.675
260707001,7/7/2026 8:04:41 AM,T114,Cat 797,810,780,MRM,FUEL&LUBE,14.435
260707001,7/7/2026 8:06:09 AM,T170,Cat 797,942,780,JPM,FUEL&LUBE,
260707001,7/7/2026 8:06:59 AM,T467,Cat 785,720,300,MRM,WAIT FOR FUEL BAY,18.08
260707001,7/7/2026 8:17:45 AM,T144,Cat 797,1043,780,JPM,FUEL&LUBE,
260707001,7/7/2026 8:18:59 AM,T467,Cat 785,484,780,MRM,FUEL&LUBE,17.635
260707001,7/7/2026 8:26:30 AM,T108,Cat 797,1050,780,MRM,FUEL&LUBE,14.645
260707001,7/7/2026 8:27:33 AM,T467,Cat 785,1,780,MRM,FUEL&LUBE,17.05
260707001,7/7/2026 8:34:41 AM,T119,Cat 797,971,780,MRM,FUEL&LUBE,14.79
260707001,7/7/2026 8:38:11 AM,T463,Cat 785,56,780,JPM,FUEL&LUBE,163.855
260707001,7/7/2026 8:39:07 AM,T463,Cat 785,436,780,JPM,FUEL&LUBE,163.855
260707001,7/7/2026 8:43:49 AM,T131,Cat 797,1263,300,MRM,WAIT FOR FUEL BAY,14.49
260707001,7/7/2026 8:50:54 AM,T137,Cat 797,798,780,MRM,FUEL&LUBE,14.83
260707001,7/7/2026 8:53:33 AM,T149,Cat 797,888,780,JPM,FUEL&LUBE,
260707001,7/7/2026 9:05:16 AM,T131,Cat 797,2,780,MRM,FUEL&LUBE,88.5
260707001,7/7/2026 9:10:42 AM,T103,Cat 797,922,780,MRM,FUEL&LUBE,15.255
260707001,7/7/2026 9:20:50 AM,T162,Cat 797,871,780,MRM,FUEL&LUBE,85.6
260707001,7/7/2026 9:30:20 AM,T156,Cat 797,43,780,JPM,FUEL&LUBE,20.84
260707001,7/7/2026 9:31:03 AM,T156,Cat 797,752,780,JPM,FUEL&LUBE,20.84
260707001,7/7/2026 9:39:20 AM,T456,Cat 785,651,780,MRM,FUEL&LUBE,22.575
260707001,7/7/2026 10:12:06 AM,T154,Cat 797,731,780,JPM,FUEL&LUBE,25.285
260707001,7/7/2026 10:19:39 AM,T128,Cat 797,726,780,MRM,FUEL&LUBE,23.005
260707001,7/7/2026 10:24:23 AM,T117,Cat 797,1255,780,MRM,FUEL&LUBE,20.125
260707001,7/7/2026 10:24:24 AM,T116,Cat 797,170,780,MRM,FUEL&LUBE,14.885
260707001,7/7/2026 10:27:14 AM,T116,Cat 797,823,780,MRM,FUEL&LUBE,14.815
260707001,7/7/2026 10:31:04 AM,T160,Cat 797,12,780,MRM,FUEL&LUBE,16.205
260707001,7/7/2026 10:31:16 AM,T160,Cat 797,593,300,MRM,WAIT FOR FUEL BAY,16.205
260707001,7/7/2026 10:31:24 AM,T125,Cat 797,893,780,MRM,FUEL&LUBE,19.295
260707001,7/7/2026 10:33:10 AM,T152,Cat 797,581,780,JPM,FUEL&LUBE,27.815
260707001,7/7/2026 10:40:08 AM,T454,Cat 789,6,780,MRM,FUEL&LUBE,63.92
260707001,7/7/2026 10:40:14 AM,T454,Cat 789,891,300,MRM,WAIT FOR FUEL BAY,63.92
260707001,7/7/2026 10:41:09 AM,T160,Cat 797,835,780,MRM,FUEL&LUBE,15.85
260707001,7/7/2026 10:46:17 AM,T125,Cat 797,927,780,MRM,FUEL&LUBE,17.63
260707001,7/7/2026 10:55:05 AM,T454,Cat 789,657,780,MRM,FUEL&LUBE,63.005
260707001,7/7/2026 11:06:46 AM,T466,Cat 785,599,780,MRM,FUEL&LUBE,56.655
260707001,7/7/2026 11:09:54 AM,T126,Cat 797,1033,780,MRM,FUEL&LUBE,16.8
260707001,7/7/2026 11:11:28 AM,T141,Cat 797,788,780,JPM,FUEL&LUBE,26.55
260707001,7/7/2026 11:19:19 AM,T120,Cat 797,117,300,MRM,WAIT FOR FUEL BAY,163.85
260707001,7/7/2026 11:21:16 AM,T120,Cat 797,782,780,MRM,FUEL&LUBE,163.85
260707001,7/7/2026 11:34:19 AM,T120,Cat 797,2,780,MRM,FUEL&LUBE,163.85
260707001,7/7/2026 11:36:30 AM,T132,Cat 797,817,780,MRM,FUEL&LUBE,163.85
260707001,7/7/2026 11:42:54 AM,T171,Cat 797,841,780,JPM,FUEL&LUBE,
260707001,7/7/2026 11:55:11 AM,T104,Cat 797,9,780,MRM,FUEL&LUBE,24.02
260707001,7/7/2026 11:55:20 AM,T104,Cat 797,40,300,MRM,WAIT FOR FUEL BAY,24.02
260707001,7/7/2026 11:56:00 AM,T104,Cat 797,638,780,MRM,FUEL&LUBE,24.02
260707001,7/7/2026 12:09:12 PM,T139,Cat 797,897,780,JPM,FUEL&LUBE,20.72
260707001,7/7/2026 12:11:02 PM,T468,Cat 785,555,780,MRM,FUEL&LUBE,26.56
260707001,7/7/2026 12:34:58 PM,T465,Cat 785,53,780,MRM,FUEL&LUBE,24.415
260707001,7/7/2026 12:35:05 PM,T169,Cat 797,731,780,JPM,FUEL&LUBE,
260707001,7/7/2026 12:35:51 PM,T465,Cat 785,353,300,MRM,WAIT FOR FUEL BAY,24.415
260707001,7/7/2026 12:41:44 PM,T465,Cat 785,536,780,MRM,FUEL&LUBE,23.645
260707001,7/7/2026 12:48:20 PM,T107,Cat 797,782,780,MRM,FUEL&LUBE,20.005
260707001,7/7/2026 1:03:05 PM,T165,Cat 797,84,300,JPM,WAIT FOR FUEL BAY,25.915
260707001,7/7/2026 1:03:10 PM,T109,Cat 797,889,780,MRM,FUEL&LUBE,14.645
260707001,7/7/2026 1:04:29 PM,T165,Cat 797,759,780,JPM,FUEL&LUBE,25.915
260707001,7/7/2026 1:17:40 PM,T165,Cat 797,1,780,JPM,FUEL&LUBE,163.85
260707001,7/7/2026 1:21:04 PM,T136,Cat 797,994,780,MRM,FUEL&LUBE,44.445
260707001,7/7/2026 1:22:35 PM,T158,Cat 797,797,780,JPM,FUEL&LUBE,33.39
260707001,7/7/2026 1:26:54 PM,T106,Cat 797,902,780,MRM,FUEL&LUBE,14.55
260707001,7/7/2026 1:39:42 PM,T102,Cat 797,29,780,MRM,FUEL&LUBE,14.565
260707001,7/7/2026 2:03:23 PM,T150,Cat 797,702,780,JPM,FUEL&LUBE,28.07
260707001,7/7/2026 2:11:40 PM,T102,Cat 797,658,780,MRM,FUEL&LUBE,39.665
260707001,7/7/2026 2:17:27 PM,T113,Cat 797,776,780,MRM,FUEL&LUBE,15.14
260707001,7/7/2026 2:20:43 PM,T133,Cat 797,9,780,MRM,FUEL&LUBE,5.735
260707001,7/7/2026 2:20:52 PM,T133,Cat 797,199,300,MRM,WAIT FOR FUEL BAY,5.735
260707001,7/7/2026 2:24:11 PM,T133,Cat 797,783,780,MRM,FUEL&LUBE,3.115
260707001,7/7/2026 2:28:02 PM,T151,Cat 797,10,780,MRM,FUEL&LUBE,14.605
260707001,7/7/2026 2:28:12 PM,T151,Cat 797,249,300,MRM,WAIT FOR FUEL BAY,14.605
260707001,7/7/2026 2:32:21 PM,T151,Cat 797,857,780,MRM,FUEL&LUBE,14.505
260707001,7/7/2026 2:38:19 PM,T167,Cat 797,975,780,MRM,FUEL&LUBE,14.195
260707001,7/7/2026 2:39:02 PM,T458,Cat 785,455,780,JPM,FUEL&LUBE,32.305
260707001,7/7/2026 3:04:46 PM,T163,Cat 797,872,780,MRM,FUEL&LUBE,21.905
260707001,7/7/2026 3:22:30 PM,T161,Cat 797,795,780,JPM,FUEL&LUBE,33.92
260707001,7/7/2026 3:27:55 PM,T123,Cat 797,760,780,MRM,FUEL&LUBE,85.75
260707001,7/7/2026 3:52:42 PM,T168,Cat 797,804,780,JPM,FUEL&LUBE,
260707001,7/7/2026 3:53:27 PM,T453,Cat 789,662,780,MRM,FUEL&LUBE,163.855
260707001,7/7/2026 4:02:01 PM,T140,Cat 797,909,780,MRM,FUEL&LUBE,14.86
260707001,7/7/2026 4:14:58 PM,T134,Cat 797,700,780,JPM,FUEL&LUBE,24.905
260707001,7/7/2026 4:20:58 PM,T115,Cat 797,834,780,MRM,FUEL&LUBE,17.275
260707001,7/7/2026 4:42:07 PM,T164,Cat 797,88,300,MRM,WAIT FOR FUEL BAY,20.365
260707001,7/7/2026 4:43:36 PM,T164,Cat 797,732,780,MRM,FUEL&LUBE,20.365
260707001,7/7/2026 5:00:14 PM,T129,Cat 797,719,780,MRM,FUEL&LUBE,14.745
260707001,7/7/2026 5:22:58 PM,T171,Cat 797,160,780,JPM,FUEL&LUBE,
260707001,7/7/2026 5:25:09 PM,T135,Cat 797,141,300,MRM,WAIT FOR FUEL BAY,17.99
260707001,7/7/2026 5:26:58 PM,T101,Cat 797,782,780,MRM,FUEL&LUBE,15.495
260707001,7/7/2026 5:27:31 PM,T135,Cat 797,783,780,MRM,FUEL&LUBE,17.99
260707001,7/7/2026 5:28:16 PM,T153,Cat 797,5,780,MRM,FUEL&LUBE,14.845
260707001,7/7/2026 5:28:21 PM,T153,Cat 797,792,300,MRM,WAIT FOR FUEL BAY,14.845
260707001,7/7/2026 5:41:33 PM,T153,Cat 797,807,780,MRM,FUEL&LUBE,14.69
260707001,7/7/2026 5:57:28 PM,T462,Cat 785,152,780,JPM,FUEL&LUBE,163.855
260707002,7/7/2026 6:00:00 PM,T462,Cat 785,135,780,JPM,FUEL&LUBE,163.855
260707002,7/7/2026 6:29:19 PM,T144,Cat 797,1089,780,JPM,FUEL&LUBE,
260707002,7/7/2026 6:29:57 PM,T157,Cat 797,819,780,MRM,FUEL&LUBE,17.04
260707002,7/7/2026 6:33:13 PM,T108,Cat 797,832,780,MRM,FUEL&LUBE,22.5
260707002,7/7/2026 6:53:02 PM,T455,Cat 785,79,780,MRM,FUEL&LUBE,19.255
260707002,7/7/2026 6:54:21 PM,T455,Cat 785,35,300,MRM,WAIT FOR FUEL BAY,18.37
260707002,7/7/2026 6:54:56 PM,T455,Cat 785,509,780,MRM,FUEL&LUBE,18.37
260707002,7/7/2026 7:00:11 PM,T462,Cat 785,491,780,JPM,FUEL&LUBE,163.855
260707002,7/7/2026 7:15:19 PM,T138,Cat 797,718,780,MRM,FUEL&LUBE,27.185
260707002,7/7/2026 7:26:48 PM,T147,Cat 797,1177,780,JPM,FUEL&LUBE,
260707002,7/7/2026 7:39:53 PM,T470,Cat 785,581,780,MRM,FUEL&LUBE,32.625
260707002,7/7/2026 7:57:44 PM,T114,Cat 797,1006,780,MRM,FUEL&LUBE,23.135
260707002,7/7/2026 8:23:55 PM,T110,Cat 797,877,780,MRM,FUEL&LUBE,82
260707002,7/7/2026 8:31:45 PM,T152,Cat 797,818,780,JPM,FUEL&LUBE,17.99
260707002,7/7/2026 8:44:28 PM,T149,Cat 797,2,780,JPM,FUEL&LUBE,
260707002,7/7/2026 8:44:30 PM,T149,Cat 797,89,300,JPM,WAIT FOR FUEL BAY,
260707002,7/7/2026 8:46:13 PM,T149,Cat 797,943,780,JPM,FUEL&LUBE,
260707002,7/7/2026 8:54:07 PM,T165,Cat 797,8,780,JPM,FUEL&LUBE,61.35
260707002,7/7/2026 8:54:15 PM,T165,Cat 797,419,300,JPM,WAIT FOR FUEL BAY,61.35
260707002,7/7/2026 9:00:05 PM,T456,Cat 785,156,780,MRM,FUEL&LUBE,31.03
260707002,7/7/2026 9:01:14 PM,T165,Cat 797,958,780,JPM,FUEL&LUBE,60.6
260707002,7/7/2026 9:02:41 PM,T456,Cat 785,614,780,MRM,FUEL&LUBE,30.555
260707002,7/7/2026 9:23:46 PM,T130,Cat 797,775,780,MRM,FUEL&LUBE,14.31
260707002,7/7/2026 9:30:55 PM,T166,Cat 797,8,780,MRM,FUEL&LUBE,14.885
260707002,7/7/2026 9:31:03 PM,T166,Cat 797,77,300,MRM,WAIT FOR FUEL BAY,14.885
260707002,7/7/2026 9:32:04 PM,T156,Cat 797,896,780,JPM,FUEL&LUBE,21.905
260707002,7/7/2026 9:32:20 PM,T166,Cat 797,1148,780,MRM,FUEL&LUBE,14.885
260707002,7/7/2026 9:48:22 PM,T124,Cat 797,1050,780,MRM,FUEL&LUBE,17.63
260707002,7/7/2026 9:48:59 PM,T119,Cat 797,844,780,MRM,FUEL&LUBE,24.905
260707002,7/7/2026 10:09:49 PM,T137,Cat 797,41,780,MRM,FUEL&LUBE,16.68
260707002,7/7/2026 10:10:10 PM,T103,Cat 797,889,780,MRM,FUEL&LUBE,16.68
260707002,7/7/2026 10:10:30 PM,T137,Cat 797,75,300,MRM,WAIT FOR FUEL BAY,16.8
260707002,7/7/2026 10:11:45 PM,T137,Cat 797,963,780,MRM,FUEL&LUBE,16.8
260707002,7/7/2026 10:13:31 PM,T170,Cat 797,105,780,JPM,FUEL&LUBE,
260707002,7/7/2026 10:25:09 PM,T117,Cat 797,732,780,MRM,FUEL&LUBE,14.845
260707002,7/7/2026 10:32:47 PM,T104,Cat 797,1025,780,MRM,FUEL&LUBE,14.325
260707002,7/7/2026 10:36:03 PM,T128,Cat 797,962,780,MRM,FUEL&LUBE,16.68
260707002,7/7/2026 10:41:45 PM,T154,Cat 797,876,780,JPM,FUEL&LUBE,20.84
260707002,7/7/2026 10:45:31 PM,T116,Cat 797,10,780,MRM,FUEL&LUBE,20.245
260707002,7/7/2026 10:45:41 PM,T116,Cat 797,232,300,MRM,WAIT FOR FUEL BAY,20.245
260707002,7/7/2026 10:49:33 PM,T116,Cat 797,904,780,MRM,FUEL&LUBE,19.89
260707002,7/7/2026 10:56:37 PM,T102,Cat 797,876,780,MRM,FUEL&LUBE,28.07
260707002,7/7/2026 11:05:33 PM,T139,Cat 797,7,780,JPM,FUEL&LUBE,31.665
260707002,7/7/2026 11:05:40 PM,T139,Cat 797,142,300,JPM,WAIT FOR FUEL BAY,31.665
260707002,7/7/2026 11:05:49 PM,T463,Cat 785,1297,780,JPM,FUEL&LUBE,163.855
260707002,7/7/2026 11:08:02 PM,T139,Cat 797,745,780,JPM,FUEL&LUBE,31.665
260707002,7/7/2026 11:08:56 PM,T467,Cat 785,541,780,MRM,FUEL&LUBE,18.96
260707002,7/7/2026 11:11:49 PM,T132,Cat 797,999,780,MRM,FUEL&LUBE,163.85
260707002,7/7/2026 11:33:10 PM,T133,Cat 797,803,780,MRM,FUEL&LUBE,20.005
260707002,7/7/2026 11:42:25 PM,T169,Cat 797,994,780,JPM,FUEL&LUBE,
260707002,7/7/2026 11:48:25 PM,T141,Cat 797,6,780,JPM,FUEL&LUBE,16.09
260707002,7/7/2026 11:48:31 PM,T141,Cat 797,605,300,JPM,WAIT FOR FUEL BAY,16.09
260707002,7/7/2026 11:49:18 PM,T112,Cat 797,20,780,MRM,FUEL&LUBE,20.125
260707002,7/7/2026 11:49:38 PM,T112,Cat 797,38,300,MRM,WAIT FOR FUEL BAY,20.125
260707002,7/7/2026 11:50:16 PM,T112,Cat 797,967,780,MRM,FUEL&LUBE,20.125
260707002,7/7/2026 11:58:36 PM,T141,Cat 797,822,780,JPM,FUEL&LUBE,14.815
260707002,7/8/2026 12:06:44 AM,T125,Cat 797,131,300,MRM,WAIT FOR FUEL BAY,21.315
260707002,7/8/2026 12:07:31 AM,T131,Cat 797,894,780,MRM,FUEL&LUBE,15.85
260707002,7/8/2026 12:08:56 AM,T125,Cat 797,700,780,MRM,FUEL&LUBE,21.315
260707002,7/8/2026 12:35:30 AM,T126,Cat 797,824,780,MRM,FUEL&LUBE,17.99
260707002,7/8/2026 12:52:08 AM,T158,Cat 797,856,780,JPM,FUEL&LUBE,22.38
260707002,7/8/2026 12:57:59 AM,T162,Cat 797,1022,780,MRM,FUEL&LUBE,17.04
260707002,7/8/2026 12:59:52 AM,T123,Cat 797,607,780,MRM,FUEL&LUBE,48.1
260707002,7/8/2026 1:02:52 AM,T151,Cat 797,20,780,MRM,FUEL&LUBE,42.475
260707002,7/8/2026 1:03:12 AM,T151,Cat 797,1741,300,MRM,WAIT FOR FUEL BAY,42.475
260707002,7/8/2026 1:08:29 AM,T113,Cat 797,899,780,MRM,FUEL&LUBE,14.41
260707002,7/8/2026 1:10:04 AM,T123,Cat 797,1,780,MRM,FUEL&LUBE,46.695
260707002,7/8/2026 1:10:50 AM,T171,Cat 797,48,300,JPM,WAIT FOR FUEL BAY,
260707002,7/8/2026 1:27:02 AM,T171,Cat 797,167,780,JPM,FUEL&LUBE,
260707002,7/8/2026 1:30:47 AM,T452,Cat 789,87,780,MRM,FUEL&LUBE,79.54
260707002,7/8/2026 1:32:14 AM,T452,Cat 789,539,780,MRM,FUEL&LUBE,79.54
260707002,7/8/2026 1:47:03 AM,T109,Cat 797,6,780,MRM,FUEL&LUBE,18.465
260707002,7/8/2026 1:47:09 AM,T109,Cat 797,98,300,MRM,WAIT FOR FUEL BAY,18.465
260707002,7/8/2026 1:48:47 AM,T109,Cat 797,898,780,MRM,FUEL&LUBE,18.225
260707002,7/8/2026 1:53:10 AM,T106,Cat 797,654,300,MRM,WAIT FOR FUEL BAY,15.255
260707002,7/8/2026 2:00:17 AM,T471,Cat 785,740,780,MRM,FUEL&LUBE,15.58
260707002,7/8/2026 2:04:04 AM,T106,Cat 797,896,780,MRM,FUEL&LUBE,14.745
260707002,7/8/2026 2:12:02 AM,T107,Cat 797,993,780,MRM,FUEL&LUBE,19.055
260707002,7/8/2026 2:19:01 AM,T106,Cat 797,2,780,MRM,FUEL&LUBE,73.715
260707002,7/8/2026 3:04:11 AM,T165,Cat 797,715,780,JPM,FUEL&LUBE,71.595
260707002,7/8/2026 3:08:58 AM,T451,Cat 789,854,780,MRM,FUEL&LUBE,
260707002,7/8/2026 3:21:14 AM,T460,Cat 785,3,780,MRM,FUEL&LUBE,24.105
260707002,7/8/2026 3:29:32 AM,T453,Cat 789,708,780,MRM,FUEL&LUBE,163.855
260707002,7/8/2026 3:37:30 AM,T168,Cat 797,960,780,JPM,FUEL&LUBE,
260707002,7/8/2026 3:38:47 AM,T460,Cat 785,2,780,MRM,FUEL&LUBE,22.73
260707002,7/8/2026 3:50:50 AM,T460,Cat 785,4,780,MRM,FUEL&LUBE,22.42
260707002,7/8/2026 3:57:05 AM,T167,Cat 797,910,780,MRM,FUEL&LUBE,14.87
260707002,7/8/2026 4:02:58 AM,T460,Cat 785,3,780,MRM,FUEL&LUBE,22.42
260707002,7/8/2026 4:05:34 AM,T161,Cat 797,902,780,JPM,FUEL&LUBE,21.79
260707002,7/8/2026 4:12:02 AM,T129,Cat 797,116,780,MRM,FUEL&LUBE,14.645
260707002,7/8/2026 4:13:58 AM,T129,Cat 797,788,300,MRM,WAIT FOR FUEL BAY,14.66
260707002,7/8/2026 4:16:30 AM,T163,Cat 797,933,780,MRM,FUEL&LUBE,17.99
260707002,7/8/2026 4:19:06 AM,T153,Cat 797,41,780,MRM,FUEL&LUBE,50.03
260707002,7/8/2026 4:19:47 AM,T153,Cat 797,1043,300,MRM,WAIT FOR FUEL BAY,50.03
260707002,7/8/2026 4:25:07 AM,T460,Cat 785,845,780,MRM,FUEL&LUBE,20.585
260707002,7/8/2026 4:27:06 AM,T129,Cat 797,61,780,MRM,FUEL&LUBE,14.59
260707002,7/8/2026 4:48:31 AM,T144,Cat 797,904,780,JPM,FUEL&LUBE,
260707002,7/8/2026 5:20:28 AM,T164,Cat 797,866,780,MRM,FUEL&LUBE,18.225
260707002,7/8/2026 5:31:03 AM,T135,Cat 797,803,780,MRM,FUEL&LUBE,16.325
260707002,7/8/2026 5:34:50 AM,T160,Cat 797,68,300,MRM,WAIT FOR FUEL BAY,16.325
260707002,7/8/2026 5:35:58 AM,T160,Cat 797,905,780,MRM,FUEL&LUBE,16.325
260707002,7/8/2026 5:49:06 AM,T150,Cat 797,3,780,JPM,FUEL&LUBE,21.79
260707002,7/8/2026 5:51:06 AM,T160,Cat 797,4,780,MRM,FUEL&LUBE,36.975
260707002,7/8/2026 5:56:27 AM,T134,Cat 797,33,780,JPM,FUEL&LUBE,18.7
260707002,7/8/2026 5:57:00 AM,T134,Cat 797,180,300,JPM,WAIT FOR FUEL BAY,18.7
260708001,7/8/2026 6:00:00 AM,T134,Cat 797,685,300,JPM,WAIT FOR FUEL BAY,17.87
260708001,7/8/2026 6:02:43 AM,T115,Cat 797,743,780,MRM,FUEL&LUBE,20.125
260708001,7/8/2026 6:11:25 AM,T134,Cat 797,420,300,JPM,WAIT FOR FUEL BAY,17.63
260708001,7/8/2026 6:15:08 AM,T115,Cat 797,2,780,MRM,FUEL&LUBE,19.415
260708001,7/8/2026 6:18:25 AM,T134,Cat 797,624,780,JPM,FUEL&LUBE,17.63
260708001,7/8/2026 6:23:52 AM,T140,Cat 797,130,780,MRM,FUEL&LUBE,19.175
260708001,7/8/2026 6:26:02 AM,T140,Cat 797,36,300,MRM,WAIT FOR FUEL BAY,19.89
260708001,7/8/2026 6:26:27 AM,T149,Cat 797,955,780,JPM,FUEL&LUBE,
260708001,7/8/2026 6:48:26 AM,T475,Cat 793,1390,780,MRM,FUEL&LUBE,100
260708001,7/8/2026 6:52:08 AM,T150,Cat 797,936,780,JPM,FUEL&LUBE,14.87
260708001,7/8/2026 6:56:02 AM,T101,Cat 797,10,780,MRM,FUEL&LUBE,22.625
260708001,7/8/2026 6:56:12 AM,T101,Cat 797,60,300,MRM,WAIT FOR FUEL BAY,22.625
260708001,7/8/2026 6:57:14 AM,T101,Cat 797,925,780,MRM,FUEL&LUBE,22.625
260708001,7/8/2026 7:05:32 AM,T152,Cat 797,845,780,JPM,FUEL&LUBE,15.73
260708001,7/8/2026 7:15:26 AM,T122,Cat 797,716,780,MRM,FUEL&LUBE,14.38
260708001,7/8/2026 7:19:41 AM,T152,Cat 797,3,780,JPM,FUEL&LUBE,15.14
260708001,7/8/2026 7:24:09 AM,T462,Cat 785,667,780,JPM,FUEL&LUBE,163.855
260708001,7/8/2026 7:31:56 AM,T455,Cat 785,601,780,MRM,FUEL&LUBE,25.025
260708001,7/8/2026 7:39:10 AM,T108,Cat 797,867,780,MRM,FUEL&LUBE,70.685
260708001,7/8/2026 7:48:10 AM,T470,Cat 785,678,780,MRM,FUEL&LUBE,56.655
260708001,7/8/2026 7:59:39 AM,T139,Cat 797,61,300,JPM,WAIT FOR FUEL BAY,56.265
260708001,7/8/2026 8:00:40 AM,T139,Cat 797,523,780,JPM,FUEL&LUBE,56.265
260708001,7/8/2026 8:02:23 AM,T157,Cat 797,780,780,MRM,FUEL&LUBE,15.495
260708001,7/8/2026 8:03:42 AM,T474,Cat 785,950,300,JPM,WAIT FOR FUEL BAY,27.325
260708001,7/8/2026 8:09:23 AM,T139,Cat 797,1,780,JPM,FUEL&LUBE,54.04
260708001,7/8/2026 8:16:06 AM,T157,Cat 797,30,780,MRM,FUEL&LUBE,28.07
260708001,7/8/2026 8:19:33 AM,T474,Cat 785,2,780,JPM,FUEL&LUBE,28.55
260708001,7/8/2026 8:36:05 AM,T454,Cat 789,887,780,MRM,FUEL&LUBE,29.39
260708001,7/8/2026 8:44:09 AM,T451,Cat 789,578,780,MRM,FUEL&LUBE,
260708001,7/8/2026 8:51:29 AM,T147,Cat 797,875,780,JPM,FUEL&LUBE,
260708001,7/8/2026 8:53:32 AM,T138,Cat 797,864,780,MRM,FUEL&LUBE,15.85
260708001,7/8/2026 9:20:44 AM,T133,Cat 797,784,780,MRM,FUEL&LUBE,15.02
260708001,7/8/2026 9:52:43 AM,T102,Cat 797,785,780,MRM,FUEL&LUBE,14.79
260708001,7/8/2026 9:57:04 AM,T166,Cat 797,45,780,MRM,FUEL&LUBE,19.53
260708001,7/8/2026 9:57:49 AM,T166,Cat 797,772,780,MRM,FUEL&LUBE,19.53
260708001,7/8/2026 9:59:34 AM,T456,Cat 785,883,780,MRM,FUEL&LUBE,25.485
260708001,7/8/2026 10:26:32 AM,T458,Cat 785,542,780,JPM,FUEL&LUBE,36.29
260708001,7/8/2026 10:26:38 AM,T128,Cat 797,845,780,MRM,FUEL&LUBE,16.8
260708001,7/8/2026 10:28:41 AM,T467,Cat 785,4,780,MRM,FUEL&LUBE,37.725
260708001,7/8/2026 10:34:13 AM,T165,Cat 797,834,780,JPM,FUEL&LUBE,24.525
260708001,7/8/2026 10:34:54 AM,T130,Cat 797,743,780,MRM,FUEL&LUBE,25.54
260708001,7/8/2026 10:41:45 AM,T463,Cat 785,390,300,JPM,WAIT FOR FUEL BAY,163.855
260708001,7/8/2026 10:45:01 AM,T114,Cat 797,827,780,MRM,FUEL&LUBE,14.465
260708001,7/8/2026 10:48:15 AM,T463,Cat 785,575,780,JPM,FUEL&LUBE,163.855
260708001,7/8/2026 10:51:34 AM,T156,Cat 797,1,780,JPM,FUEL&LUBE,21.67
260708001,7/8/2026 10:51:35 AM,T156,Cat 797,379,300,JPM,WAIT FOR FUEL BAY,21.67
260708001,7/8/2026 10:57:00 AM,T132,Cat 797,799,780,MRM,FUEL&LUBE,163.85
260708001,7/8/2026 10:57:54 AM,T156,Cat 797,716,780,JPM,FUEL&LUBE,21.43
260708001,7/8/2026 11:09:22 AM,T104,Cat 797,656,780,MRM,FUEL&LUBE,16.565
260708001,7/8/2026 11:23:26 AM,T117,Cat 797,137,780,MRM,FUEL&LUBE,17.63
260708001,7/8/2026 12:09:46 PM,T468,Cat 785,46,780,MRM,FUEL&LUBE,32.465
260708001,7/8/2026 12:11:21 PM,T170,Cat 797,927,780,JPM,FUEL&LUBE,
260708001,7/8/2026 12:18:33 PM,T154,Cat 797,25,300,JPM,WAIT FOR FUEL BAY,28.07
260708001,7/8/2026 12:35:43 PM,T467,Cat 785,74,780,MRM,FUEL&LUBE,33.74
260708001,7/8/2026 12:36:57 PM,T467,Cat 785,585,780,MRM,FUEL&LUBE,33.74
260708001,7/8/2026 12:44:34 PM,T461,Cat 785,1,780,JPM,FUEL&LUBE,35.335
260708001,7/8/2026 12:44:39 PM,T461,Cat 785,584,780,JPM,FUEL&LUBE,35.335
260708001,7/8/2026 1:33:17 PM,T465,Cat 785,637,780,MRM,FUEL&LUBE,24.565
260708001,7/8/2026 1:44:24 PM,T466,Cat 785,939,780,MRM,FUEL&LUBE,17.49
260708001,7/8/2026 1:44:59 PM,T123,Cat 797,747,780,MRM,FUEL&LUBE,14.73
260708001,7/8/2026 1:51:30 PM,T124,Cat 797,1293,780,MRM,FUEL&LUBE,14.55
260708001,7/8/2026 2:38:59 PM,T158,Cat 797,753,780,JPM,FUEL&LUBE,27.565
260708001,7/8/2026 2:40:35 PM,T109,Cat 797,769,780,MRM,FUEL&LUBE,39.52
260708001,7/8/2026 2:44:51 PM,T125,Cat 797,846,780,MRM,FUEL&LUBE,16.09
260708001,7/8/2026 2:47:42 PM,T116,Cat 797,9,780,MRM,FUEL&LUBE,16.205
260708001,7/8/2026 2:47:51 PM,T116,Cat 797,612,300,MRM,WAIT FOR FUEL BAY,16.205
260708001,7/8/2026 2:50:37 PM,T129,Cat 797,1,300,MRM,WAIT FOR FUEL BAY,14.52
260708001,7/8/2026 2:50:39 PM,T129,Cat 797,5,780,MRM,FUEL&LUBE,14.52
260708001,7/8/2026 2:50:44 PM,T129,Cat 797,1441,300,MRM,WAIT FOR FUEL BAY,14.52
260708001,7/8/2026 2:54:39 PM,T149,Cat 797,87,780,JPM,FUEL&LUBE,
260708001,7/8/2026 2:54:44 PM,T468,Cat 785,7,780,MRM,FUEL&LUBE,23.495
260708001,7/8/2026 2:54:51 PM,T468,Cat 785,955,300,MRM,WAIT FOR FUEL BAY,23.495
260708001,7/8/2026 2:56:06 PM,T149,Cat 797,668,780,JPM,FUEL&LUBE,
260708001,7/8/2026 2:58:06 PM,T116,Cat 797,902,780,MRM,FUEL&LUBE,15.73
260708001,7/8/2026 3:02:32 PM,T126,Cat 797,1042,300,MRM,WAIT FOR FUEL BAY,16.68
260708001,7/8/2026 3:03:29 PM,T112,Cat 797,2219,780,MRM,FUEL&LUBE,15.73
260708001,7/8/2026 3:10:46 PM,T468,Cat 785,552,780,MRM,FUEL&LUBE,22.88
260708001,7/8/2026 3:14:45 PM,T129,Cat 797,715,780,MRM,FUEL&LUBE,14.395
260708001,7/8/2026 3:19:56 PM,T126,Cat 797,856,780,MRM,FUEL&LUBE,15.255
260708001,7/8/2026 3:23:02 PM,T110,Cat 797,671,300,MRM,WAIT FOR FUEL BAY,15.615
260708001,7/8/2026 3:34:13 PM,T110,Cat 797,535,780,MRM,FUEL&LUBE,15.615
260708001,7/8/2026 3:39:18 PM,T103,Cat 797,147,780,MRM,FUEL&LUBE,14.885
260708001,7/8/2026 3:44:20 PM,T110,Cat 797,2,780,MRM,FUEL&LUBE,15.615
260708001,7/8/2026 4:38:20 PM,T165,Cat 797,626,780,JPM,FUEL&LUBE,76.75
260708001,7/8/2026 5:21:44 PM,T153,Cat 797,889,780,MRM,FUEL&LUBE,14.45
260708001,7/8/2026 5:24:42 PM,T163,Cat 797,1,780,MRM,FUEL&LUBE,40.93
260708001,7/8/2026 5:32:10 PM,T163,Cat 797,273,300,MRM,WAIT FOR FUEL BAY,40.79
260708001,7/8/2026 5:37:30 PM,T131,Cat 797,824,780,MRM,FUEL&LUBE,20.245
260708001,7/8/2026 5:45:46 PM,T137,Cat 797,854,780,MRM,FUEL&LUBE,15.255
260708002,7/8/2026 6:00:00 PM,T137,Cat 797,144,780,MRM,FUEL&LUBE,27.815
260708002,7/8/2026 6:11:21 PM,T111,Cat 797,986,780,MRM,FUEL&LUBE,21.315
260708002,7/8/2026 6:24:14 PM,T119,Cat 797,1056,780,MRM,FUEL&LUBE,14.62
260708002,7/8/2026 6:31:23 PM,T107,Cat 797,867,780,MRM,FUEL&LUBE,14.59
260708002,7/8/2026 6:53:10 PM,T462,Cat 785,587,780,JPM,FUEL&LUBE,163.855
260708002,7/8/2026 6:54:29 PM,T128,Cat 797,936,780,MRM,FUEL&LUBE,64.8
260708002,7/8/2026 6:56:20 PM,T162,Cat 797,994,780,MRM,FUEL&LUBE,14.73
260708002,7/8/2026 7:38:04 PM,T168,Cat 797,896,780,JPM,FUEL&LUBE,
260708002,7/8/2026 7:43:32 PM,T108,Cat 797,724,780,MRM,FUEL&LUBE,17.395
260708002,7/8/2026 7:51:07 PM,T103,Cat 797,1202,780,MRM,FUEL&LUBE,14.705
260708002,7/8/2026 8:40:05 PM,T161,Cat 797,903,780,JPM,FUEL&LUBE,25.79
260708002,7/8/2026 8:40:37 PM,T164,Cat 797,993,780,MRM,FUEL&LUBE,24.145
260708002,7/8/2026 9:19:56 PM,T135,Cat 797,903,780,MRM,FUEL&LUBE,24.02
260708002,7/8/2026 9:45:26 PM,T160,Cat 797,732,780,MRM,FUEL&LUBE,23.89
260708002,7/8/2026 10:24:53 PM,T134,Cat 797,73,780,JPM,FUEL&LUBE,26.425
260708002,7/8/2026 10:26:06 PM,T134,Cat 797,706,780,JPM,FUEL&LUBE,26.425
260708002,7/8/2026 10:33:40 PM,T106,Cat 797,949,780,MRM,FUEL&LUBE,14.815
260708002,7/8/2026 11:13:51 PM,T463,Cat 785,736,780,JPM,FUEL&LUBE,163.855
260708002,7/8/2026 11:33:03 PM,T132,Cat 797,702,780,MRM,FUEL&LUBE,163.85
260708002,7/8/2026 11:58:22 PM,T167,Cat 797,902,780,MRM,FUEL&LUBE,22.625
260708002,7/9/2026 12:25:26 AM,T157,Cat 797,846,780,MRM,FUEL&LUBE,21.315
260708002,7/9/2026 12:42:09 AM,T113,Cat 797,934,780,MRM,FUEL&LUBE,19.175
260708002,7/9/2026 1:08:57 AM,T462,Cat 785,659,780,JPM,FUEL&LUBE,163.855
260708002,7/9/2026 1:19:22 AM,T471,Cat 785,705,780,MRM,FUEL&LUBE,29.775
260708002,7/9/2026 1:27:42 AM,T135,Cat 797,7,780,MRM,FUEL&LUBE,87.265
260708002,7/9/2026 1:30:27 AM,T135,Cat 797,293,780,MRM,FUEL&LUBE,86.88
260708002,7/9/2026 1:31:26 AM,T122,Cat 797,7,780,MRM,FUEL&LUBE,14.8
260708002,7/9/2026 1:31:33 AM,T122,Cat 797,162,300,MRM,WAIT FOR FUEL BAY,14.8
260708002,7/9/2026 1:34:15 AM,T122,Cat 797,732,780,MRM,FUEL&LUBE,14.83
260708002,7/9/2026 1:35:17 AM,T152,Cat 797,654,780,JPM,FUEL&LUBE,24.27
260708002,7/9/2026 1:35:29 AM,T135,Cat 797,2,780,MRM,FUEL&LUBE,87.165
260708002,7/9/2026 1:53:23 AM,T101,Cat 797,752,780,MRM,FUEL&LUBE,16.8
260708002,7/9/2026 1:58:11 AM,T460,Cat 785,1035,780,MRM,FUEL&LUBE,30.08
260708002,7/9/2026 2:22:31 AM,T459,Cat 785,450,780,JPM,FUEL&LUBE,34.855
260708002,7/9/2026 2:24:50 AM,T452,Cat 789,636,780,MRM,FUEL&LUBE,163.86
260708002,7/9/2026 2:40:32 AM,T474,Cat 785,4,780,JPM,FUEL&LUBE,30.875
260708002,7/9/2026 2:40:36 AM,T474,Cat 785,123,300,JPM,WAIT FOR FUEL BAY,30.875
260708002,7/9/2026 2:42:39 AM,T474,Cat 785,479,780,JPM,FUEL&LUBE,30.875
260708002,7/9/2026 2:43:27 AM,T140,Cat 797,41,780,MRM,FUEL&LUBE,19.53
260708002,7/9/2026 2:44:08 AM,T140,Cat 797,728,780,MRM,FUEL&LUBE,19.53
260708002,7/9/2026 2:48:38 AM,T453,Cat 789,649,780,MRM,FUEL&LUBE,163.855
260708002,7/9/2026 2:50:06 AM,T151,Cat 797,430,300,MRM,WAIT FOR FUEL BAY,18.105
260708002,7/9/2026 2:58:31 AM,T151,Cat 797,754,780,MRM,FUEL&LUBE,18.225
260708002,7/9/2026 3:07:13 AM,T115,Cat 797,1039,780,MRM,FUEL&LUBE,16.565
260708002,7/9/2026 3:25:57 AM,T106,Cat 797,730,780,MRM,FUEL&LUBE,79.15
260708002,7/9/2026 3:36:01 AM,T133,Cat 797,991,780,MRM,FUEL&LUBE,17.87
260708002,7/9/2026 3:52:57 AM,T144,Cat 797,952,780,JPM,FUEL&LUBE,
260708002,7/9/2026 4:05:33 AM,T114,Cat 797,867,780,MRM,FUEL&LUBE,20.6
260708002,7/9/2026 4:11:54 AM,T102,Cat 797,858,780,MRM,FUEL&LUBE,20.005
260708002,7/9/2026 4:32:50 AM,T104,Cat 797,713,780,MRM,FUEL&LUBE,18.225
260708002,7/9/2026 4:51:04 AM,T110,Cat 797,110,300,MRM,WAIT FOR FUEL BAY,19.65
260708002,7/9/2026 4:52:55 AM,T110,Cat 797,704,780,MRM,FUEL&LUBE,19.65
260708002,7/9/2026 5:50:37 AM,T163,Cat 797,563,780,MRM,FUEL&LUBE,53.295
260708002,7/9/2026 5:51:03 AM,T149,Cat 797,30,780,JPM,FUEL&LUBE,
260709001,7/9/2026 6:00:00 AM,T163,Cat 797,148,780,MRM,FUEL&LUBE,53.145
260709001,7/9/2026 6:30:24 AM,T150,Cat 797,137,780,JPM,FUEL&LUBE,25.16
260709001,7/9/2026 6:30:46 AM,T138,Cat 797,1154,780,MRM,FUEL&LUBE,16.8
260709001,7/9/2026 6:45:23 AM,T125,Cat 797,932,780,MRM,FUEL&LUBE,24.02
260709001,7/9/2026 7:06:02 AM,T117,Cat 797,3,780,MRM,FUEL&LUBE,22.5
260709001,7/9/2026 7:06:05 AM,T117,Cat 797,94,300,MRM,WAIT FOR FUEL BAY,22.5
260709001,7/9/2026 7:07:39 AM,T117,Cat 797,657,780,MRM,FUEL&LUBE,22.5
260709001,7/9/2026 7:09:13 AM,T108,Cat 797,104,780,MRM,FUEL&LUBE,15.85
260709001,7/9/2026 7:10:57 AM,T108,Cat 797,761,780,MRM,FUEL&LUBE,15.85
260709001,7/9/2026 7:22:14 AM,T128,Cat 797,775,780,MRM,FUEL&LUBE,34.45
260709001,7/9/2026 7:50:21 AM,T129,Cat 797,1845,780,MRM,FUEL&LUBE,48.99
260709001,7/9/2026 8:01:08 AM,T112,Cat 797,722,780,MRM,FUEL&LUBE,17.395
260709001,7/9/2026 8:06:53 AM,T463,Cat 785,69,780,JPM,FUEL&LUBE,163.855
260709001,7/9/2026 8:08:02 AM,T463,Cat 785,132,300,JPM,WAIT FOR FUEL BAY,163.855
260709001,7/9/2026 8:10:14 AM,T463,Cat 785,492,780,JPM,FUEL&LUBE,163.855
260709001,7/9/2026 8:37:08 AM,T132,Cat 797,112,780,MRM,FUEL&LUBE,163.85
260709001,7/9/2026 8:43:52 AM,T470,Cat 785,631,780,MRM,FUEL&LUBE,31.51
260709001,7/9/2026 9:00:40 AM,T134,Cat 797,51,780,JPM,FUEL&LUBE,40.505
260709001,7/9/2026 9:05:28 AM,T134,Cat 797,363,780,JPM,FUEL&LUBE,39.24
260709001,7/9/2026 9:06:21 AM,T109,Cat 797,1015,780,MRM,FUEL&LUBE,23.64
260709001,7/9/2026 9:14:07 AM,T165,Cat 797,1103,780,JPM,FUEL&LUBE,46.975
260709001,7/9/2026 9:38:25 AM,T136,Cat 797,798,780,MRM,FUEL&LUBE,18.345
260709001,7/9/2026 9:49:57 AM,T134,Cat 797,29,780,JPM,FUEL&LUBE,94.105
260709001,7/9/2026 10:11:31 AM,T162,Cat 797,1017,780,MRM,FUEL&LUBE,22.145
260709001,7/9/2026 10:12:51 AM,T168,Cat 797,46,780,JPM,FUEL&LUBE,
260709001,7/9/2026 10:13:37 AM,T168,Cat 797,614,780,JPM,FUEL&LUBE,
260709001,7/9/2026 10:29:51 AM,T169,Cat 797,827,780,JPM,FUEL&LUBE,
260709001,7/9/2026 10:45:11 AM,T130,Cat 797,863,780,MRM,FUEL&LUBE,16.68
260709001,7/9/2026 11:05:33 AM,T123,Cat 797,810,780,MRM,FUEL&LUBE,17.75
260709001,7/9/2026 11:13:23 AM,T455,Cat 785,975,780,MRM,FUEL&LUBE,24.72
260709001,7/9/2026 11:19:24 AM,T161,Cat 797,895,780,JPM,FUEL&LUBE,37.24
260709001,7/9/2026 11:20:23 AM,T111,Cat 797,784,780,MRM,FUEL&LUBE,21.905
260709001,7/9/2026 11:31:32 AM,T137,Cat 797,906,780,MRM,FUEL&LUBE,21.43
260709001,7/9/2026 11:34:56 AM,T132,Cat 797,103,780,MRM,FUEL&LUBE,163.85
260709001,7/9/2026 11:36:39 AM,T132,Cat 797,766,780,MRM,FUEL&LUBE,163.85
260709001,7/9/2026 11:54:26 AM,T456,Cat 785,532,780,MRM,FUEL&LUBE,23.34
260709001,7/9/2026 11:57:14 AM,T152,Cat 797,652,780,JPM,FUEL&LUBE,30.22
260709001,7/9/2026 12:24:10 PM,T131,Cat 797,926,780,MRM,FUEL&LUBE,16.565
260709001,7/9/2026 12:31:45 PM,T164,Cat 797,902,780,MRM,FUEL&LUBE,17.395
260709001,7/9/2026 12:35:14 PM,T101,Cat 797,6,780,MRM,FUEL&LUBE,23.26
260709001,7/9/2026 12:35:20 PM,T101,Cat 797,332,300,MRM,WAIT FOR FUEL BAY,23.26
260709001,7/9/2026 12:40:52 PM,T101,Cat 797,629,780,MRM,FUEL&LUBE,22.145
260709001,7/9/2026 12:46:02 PM,T467,Cat 785,6,780,MRM,FUEL&LUBE,30.235
260709001,7/9/2026 12:46:08 PM,T467,Cat 785,307,300,MRM,WAIT FOR FUEL BAY,30.235
260709001,7/9/2026 12:50:25 PM,T160,Cat 797,1236,780,MRM,FUEL&LUBE,14.565
260709001,7/9/2026 12:51:15 PM,T467,Cat 785,451,780,MRM,FUEL&LUBE,29.165
260709001,7/9/2026 1:01:46 PM,T166,Cat 797,74,780,MRM,FUEL&LUBE,14.635
260709001,7/9/2026 1:03:00 PM,T166,Cat 797,828,780,MRM,FUEL&LUBE,14.635
260709001,7/9/2026 1:04:04 PM,T113,Cat 797,426,300,MRM,WAIT FOR FUEL BAY,21.55
260709001,7/9/2026 1:11:44 PM,T113,Cat 797,742,780,MRM,FUEL&LUBE,20.84
260709001,7/9/2026 1:11:55 PM,T116,Cat 797,1184,780,MRM,FUEL&LUBE,24.905
260709001,7/9/2026 1:24:52 PM,T170,Cat 797,740,780,JPM,FUEL&LUBE,
260709001,7/9/2026 1:57:12 PM,T454,Cat 789,662,780,MRM,FUEL&LUBE,34.575
260709001,7/9/2026 2:07:34 PM,T147,Cat 797,768,780,JPM,FUEL&LUBE,
260709001,7/9/2026 2:14:07 PM,T452,Cat 789,556,780,MRM,FUEL&LUBE,65.155
260709001,7/9/2026 2:17:08 PM,T157,Cat 797,745,780,MRM,FUEL&LUBE,15.02
260709001,7/9/2026 2:18:36 PM,T107,Cat 797,311,300,MRM,WAIT FOR FUEL BAY,18.58
260709001,7/9/2026 2:23:47 PM,T107,Cat 797,745,780,MRM,FUEL&LUBE,18.105
260709001,7/9/2026 2:36:44 PM,T107,Cat 797,1,780,MRM,FUEL&LUBE,163.85
260709001,7/9/2026 2:42:28 PM,T122,Cat 797,778,780,MRM,FUEL&LUBE,15.73
260709001,7/9/2026 2:42:29 PM,T453,Cat 789,599,780,MRM,FUEL&LUBE,163.855
260709001,7/9/2026 3:09:57 PM,T133,Cat 797,826,780,MRM,FUEL&LUBE,23.64
260709001,7/9/2026 3:20:21 PM,T140,Cat 797,1185,780,MRM,FUEL&LUBE,29.46
260709001,7/9/2026 3:22:35 PM,T102,Cat 797,6,780,MRM,FUEL&LUBE,16.8
260709001,7/9/2026 3:22:41 PM,T102,Cat 797,132,300,MRM,WAIT FOR FUEL BAY,16.8
260709001,7/9/2026 3:24:53 PM,T102,Cat 797,745,780,MRM,FUEL&LUBE,16.205
260709001,7/9/2026 3:44:39 PM,T167,Cat 797,989,780,MRM,FUEL&LUBE,22.145
260709001,7/9/2026 3:51:24 PM,T462,Cat 785,733,780,JPM,FUEL&LUBE,163.855
260709001,7/9/2026 3:59:32 PM,T103,Cat 797,801,780,MRM,FUEL&LUBE,17.395
260709001,7/9/2026 4:21:56 PM,T135,Cat 797,797,780,MRM,FUEL&LUBE,20.6
260709001,7/9/2026 4:32:56 PM,T144,Cat 797,849,780,JPM,FUEL&LUBE,
260709001,7/9/2026 4:34:03 PM,T119,Cat 797,1012,780,MRM,FUEL&LUBE,14.76
260709001,7/9/2026 4:58:28 PM,T471,Cat 785,570,780,MRM,FUEL&LUBE,28.855
260709001,7/9/2026 5:17:15 PM,T140,Cat 797,754,780,MRM,FUEL&LUBE,100
260709001,7/9/2026 5:38:12 PM,T104,Cat 797,785,780,MRM,FUEL&LUBE,14.715
260709001,7/9/2026 5:47:05 PM,T106,Cat 797,775,780,MRM,FUEL&LUBE,14.885
260709002,7/9/2026 6:00:00 PM,T106,Cat 797,325,780,MRM,FUEL&LUBE,14.69
260709002,7/9/2026 6:02:40 PM,T115,Cat 797,777,780,MRM,FUEL&LUBE,18.82
260709002,7/9/2026 6:14:41 PM,T114,Cat 797,930,780,MRM,FUEL&LUBE,19.77
260709002,7/9/2026 6:19:58 PM,T153,Cat 797,794,780,MRM,FUEL&LUBE,14.79
260709002,7/9/2026 6:29:44 PM,T150,Cat 797,50,780,JPM,FUEL&LUBE,44.445
260709002,7/9/2026 6:31:50 PM,T150,Cat 797,610,780,JPM,FUEL&LUBE,44.445
260709002,7/9/2026 6:32:03 PM,T163,Cat 797,867,780,MRM,FUEL&LUBE,31.395
260709002,7/9/2026 6:44:42 PM,T124,Cat 797,796,780,MRM,FUEL&LUBE,20.48
260709002,7/9/2026 6:50:09 PM,T134,Cat 797,845,780,JPM,FUEL&LUBE,25.665
260709002,7/9/2026 6:55:53 PM,T151,Cat 797,826,780,MRM,FUEL&LUBE,16.565
260709002,7/9/2026 7:13:21 PM,T129,Cat 797,840,780,MRM,FUEL&LUBE,17.155
260709002,7/9/2026 7:16:43 PM,T128,Cat 797,777,780,MRM,FUEL&LUBE,21.79
260709002,7/9/2026 7:37:51 PM,T156,Cat 797,773,780,JPM,FUEL&LUBE,27.055
260709002,7/9/2026 7:40:49 PM,T460,Cat 785,443,300,MRM,WAIT FOR FUEL BAY,23.955
260709002,7/9/2026 7:48:11 PM,T117,Cat 797,15,300,MRM,WAIT FOR FUEL BAY,21.67
260709002,7/9/2026 7:48:12 PM,T460,Cat 785,209,780,MRM,FUEL&LUBE,23.34
260709002,7/9/2026 7:48:26 PM,T117,Cat 797,943,780,MRM,FUEL&LUBE,21.67
260709002,7/9/2026 7:51:42 PM,T460,Cat 785,5,780,MRM,FUEL&LUBE,23.8
260709002,7/9/2026 8:04:10 PM,T117,Cat 797,2,780,MRM,FUEL&LUBE,42.475
260709002,7/9/2026 8:09:25 PM,T138,Cat 797,937,780,MRM,FUEL&LUBE,23.515
260709002,7/9/2026 8:18:30 PM,T112,Cat 797,870,780,MRM,FUEL&LUBE,18.94
260709002,7/9/2026 8:29:53 PM,T152,Cat 797,636,780,JPM,FUEL&LUBE,30.095
260709002,7/9/2026 8:56:56 PM,T154,Cat 797,48,300,JPM,WAIT FOR FUEL BAY,25.54
260709002,7/9/2026 8:58:04 PM,T154,Cat 797,6,780,JPM,FUEL&LUBE,25.54
260709002,7/9/2026 8:58:10 PM,T154,Cat 797,849,780,JPM,FUEL&LUBE,25.54
260709002,7/9/2026 8:58:21 PM,T107,Cat 797,27,300,MRM,WAIT FOR FUEL BAY,60.45
260709002,7/9/2026 9:01:00 PM,T470,Cat 785,721,780,MRM,FUEL&LUBE,26.71
260709002,7/9/2026 9:14:58 PM,T461,Cat 785,614,780,JPM,FUEL&LUBE,35.335
260709002,7/9/2026 9:20:55 PM,T168,Cat 797,1087,780,JPM,FUEL&LUBE,
260709002,7/9/2026 9:44:45 PM,T165,Cat 797,959,780,JPM,FUEL&LUBE,22.025
260709002,7/9/2026 9:56:22 PM,T169,Cat 797,1085,780,JPM,FUEL&LUBE,
260709002,7/9/2026 9:58:21 PM,T123,Cat 797,695,780,MRM,FUEL&LUBE,20.005
260709002,7/9/2026 10:01:39 PM,T110,Cat 797,801,780,MRM,FUEL&LUBE,19.175
260709002,7/9/2026 10:21:08 PM,T108,Cat 797,818,780,MRM,FUEL&LUBE,16.8
260709002,7/9/2026 10:32:10 PM,T162,Cat 797,367,780,MRM,FUEL&LUBE,24.02
260709002,7/9/2026 10:35:35 PM,T158,Cat 797,684,780,JPM,FUEL&LUBE,24.145
260709002,7/9/2026 10:39:37 PM,T109,Cat 797,740,780,MRM,FUEL&LUBE,20.6
260709002,7/9/2026 11:01:09 PM,T139,Cat 797,785,780,JPM,FUEL&LUBE,23.64
260709002,7/9/2026 11:09:00 PM,T132,Cat 797,946,780,MRM,FUEL&LUBE,163.85
260709002,7/9/2026 11:21:09 PM,T113,Cat 797,681,780,MRM,FUEL&LUBE,18.58
260709002,7/9/2026 11:24:19 PM,T101,Cat 797,21,780,MRM,FUEL&LUBE,18.7
260709002,7/9/2026 11:24:40 PM,T101,Cat 797,126,300,MRM,WAIT FOR FUEL BAY,18.7
260709002,7/9/2026 11:26:46 PM,T101,Cat 797,897,780,MRM,FUEL&LUBE,18.7
260709002,7/9/2026 11:46:46 PM,T456,Cat 785,552,780,MRM,FUEL&LUBE,24.105
260709002,7/10/2026 12:04:09 AM,T136,Cat 797,932,780,MRM,FUEL&LUBE,21.67
260709002,7/10/2026 12:32:27 AM,T130,Cat 797,976,780,MRM,FUEL&LUBE,16.8
260709002,7/10/2026 12:33:16 AM,T125,Cat 797,994,780,MRM,FUEL&LUBE,20.72
260709002,7/10/2026 12:50:43 AM,T166,Cat 797,841,780,MRM,FUEL&LUBE,18.82
260709002,7/10/2026 1:00:59 AM,T137,Cat 797,913,780,MRM,FUEL&LUBE,20.84
260709002,7/10/2026 1:05:53 AM,T122,Cat 797,913,780,MRM,FUEL&LUBE,15.615
260709002,7/10/2026 1:15:11 AM,T102,Cat 797,785,780,MRM,FUEL&LUBE,20.955
260709002,7/10/2026 1:38:55 AM,T164,Cat 797,829,780,MRM,FUEL&LUBE,23.515
260709002,7/10/2026 1:57:51 AM,T160,Cat 797,848,780,MRM,FUEL&LUBE,22.625
260709002,7/10/2026 2:20:35 AM,T162,Cat 797,965,780,MRM,FUEL&LUBE,100
260709002,7/10/2026 2:29:04 AM,T133,Cat 797,1183,780,MRM,FUEL&LUBE,14.52
260709002,7/10/2026 2:30:40 AM,T452,Cat 789,17,780,MRM,FUEL&LUBE,38.915
260709002,7/10/2026 2:30:57 AM,T452,Cat 789,365,300,MRM,WAIT FOR FUEL BAY,36.745
260709002,7/10/2026 2:41:04 AM,T463,Cat 785,632,780,JPM,FUEL&LUBE,163.855
260709002,7/10/2026 2:44:44 AM,T452,Cat 789,96,780,MRM,FUEL&LUBE,37.08
260709002,7/10/2026 2:49:21 AM,T131,Cat 797,1027,780,MRM,FUEL&LUBE,18.7
260709002,7/10/2026 2:57:34 AM,T144,Cat 797,781,780,JPM,FUEL&LUBE,
260709002,7/10/2026 3:17:40 AM,T107,Cat 797,1123,780,MRM,FUEL&LUBE,19.77
260709002,7/10/2026 3:22:44 AM,T170,Cat 797,915,780,JPM,FUEL&LUBE,
260709002,7/10/2026 3:28:10 AM,T111,Cat 797,979,780,MRM,FUEL&LUBE,17.395
260709002,7/10/2026 3:52:07 AM,T134,Cat 797,657,780,JPM,FUEL&LUBE,22.265
260709002,7/10/2026 3:58:24 AM,T453,Cat 789,605,780,MRM,FUEL&LUBE,163.855
260709002,7/10/2026 4:00:07 AM,T116,Cat 797,1084,780,MRM,FUEL&LUBE,18.58
260709002,7/10/2026 4:06:20 AM,T466,Cat 785,182,300,MRM,WAIT FOR FUEL BAY,23.645
260709002,7/10/2026 4:10:06 AM,T466,Cat 785,535,780,MRM,FUEL&LUBE,23.645
260709002,7/10/2026 4:16:52 AM,T157,Cat 797,58,300,MRM,WAIT FOR FUEL BAY,17.275
260709002,7/10/2026 4:18:00 AM,T153,Cat 797,400,300,MRM,WAIT FOR FUEL BAY,20.005
260709002,7/10/2026 4:18:44 AM,T157,Cat 797,823,780,MRM,FUEL&LUBE,17.275
260709002,7/10/2026 4:23:46 AM,T474,Cat 785,503,780,JPM,FUEL&LUBE,31.51
260709002,7/10/2026 4:25:23 AM,T153,Cat 797,821,780,MRM,FUEL&LUBE,18.82
260709002,7/10/2026 4:38:02 AM,T103,Cat 797,952,780,MRM,FUEL&LUBE,17.155
260709002,7/10/2026 4:47:42 AM,T147,Cat 797,850,780,JPM,FUEL&LUBE,
260709002,7/10/2026 4:50:59 AM,T472,Cat 785,739,780,MRM,FUEL&LUBE,21.195
260709002,7/10/2026 5:01:39 AM,T104,Cat 797,708,780,MRM,FUEL&LUBE,17.99
260709002,7/10/2026 5:48:26 AM,T119,Cat 797,694,780,MRM,FUEL&LUBE,20.72
260710001,7/10/2026 6:00:00 AM,T119,Cat 797,182,780,MRM,FUEL&LUBE,20.125
260710001,7/10/2026 6:02:38 AM,T135,Cat 797,988,780,MRM,FUEL&LUBE,15.615
260710001,7/10/2026 6:07:35 AM,T163,Cat 797,297,780,MRM,FUEL&LUBE,32.59
260710001,7/10/2026 6:12:32 AM,T163,Cat 797,47,300,MRM,WAIT FOR FUEL BAY,33.39
260710001,7/10/2026 6:13:19 AM,T163,Cat 797,722,780,MRM,FUEL&LUBE,33.39
260710001,7/10/2026 6:24:31 AM,T152,Cat 797,928,780,JPM,FUEL&LUBE,18.105
260710001,7/10/2026 6:24:52 AM,T129,Cat 797,5,780,MRM,FUEL&LUBE,14.9
260710001,7/10/2026 6:24:57 AM,T129,Cat 797,86,300,MRM,WAIT FOR FUEL BAY,14.9
260710001,7/10/2026 6:26:23 AM,T129,Cat 797,687,780,MRM,FUEL&LUBE,14.9
260710001,7/10/2026 6:49:36 AM,T149,Cat 797,751,780,JPM,FUEL&LUBE,
260710001,7/10/2026 7:01:37 AM,T106,Cat 797,122,780,MRM,FUEL&LUBE,14.86
260710001,7/10/2026 7:03:39 AM,T106,Cat 797,944,780,MRM,FUEL&LUBE,14.745
260710001,7/10/2026 7:05:46 AM,T114,Cat 797,73,780,MRM,FUEL&LUBE,14.9
260710001,7/10/2026 7:06:59 AM,T114,Cat 797,769,780,MRM,FUEL&LUBE,14.9
260710001,7/10/2026 7:08:07 AM,T150,Cat 797,729,780,JPM,FUEL&LUBE,28.83
260710001,7/10/2026 7:10:07 AM,T128,Cat 797,363,780,MRM,FUEL&LUBE,27.815
260710001,7/10/2026 7:14:26 AM,T462,Cat 785,429,300,JPM,WAIT FOR FUEL BAY,163.855
260710001,7/10/2026 7:16:10 AM,T128,Cat 797,229,300,MRM,WAIT FOR FUEL BAY,27.565
260710001,7/10/2026 7:20:03 AM,T128,Cat 797,774,780,MRM,FUEL&LUBE,24.78
260710001,7/10/2026 7:21:35 AM,T462,Cat 785,499,780,JPM,FUEL&LUBE,163.855
260710001,7/10/2026 7:29:55 AM,T462,Cat 785,1,780,JPM,FUEL&LUBE,163.855
260710001,7/10/2026 7:30:36 AM,T168,Cat 797,766,780,JPM,FUEL&LUBE,
260710001,7/10/2026 7:48:17 AM,T156,Cat 797,894,780,JPM,FUEL&LUBE,27.94
260710001,7/10/2026 7:49:42 AM,T140,Cat 797,3,780,MRM,FUEL&LUBE,16.445
260710001,7/10/2026 7:49:45 AM,T140,Cat 797,63,300,MRM,WAIT FOR FUEL BAY,16.445
260710001,7/10/2026 7:50:51 AM,T140,Cat 797,854,780,MRM,FUEL&LUBE,14.9
260710001,7/10/2026 8:03:32 AM,T165,Cat 797,765,780,JPM,FUEL&LUBE,28.83
260710001,7/10/2026 8:12:32 AM,T467,Cat 785,18,780,MRM,FUEL&LUBE,33.105
260710001,7/10/2026 8:12:50 AM,T467,Cat 785,66,300,MRM,WAIT FOR FUEL BAY,33.105
260710001,7/10/2026 8:13:56 AM,T467,Cat 785,501,780,MRM,FUEL&LUBE,33.105
260710001,7/10/2026 8:15:06 AM,T115,Cat 797,917,780,MRM,FUEL&LUBE,14.675
260710001,7/10/2026 8:19:17 AM,T154,Cat 797,696,780,JPM,FUEL&LUBE,31.13
260710001,7/10/2026 8:19:28 AM,T167,Cat 797,263,780,MRM,FUEL&LUBE,14.815
260710001,7/10/2026 8:23:51 AM,T167,Cat 797,97,300,MRM,WAIT FOR FUEL BAY,14.815
260710001,7/10/2026 8:25:28 AM,T167,Cat 797,935,780,MRM,FUEL&LUBE,16.565
260710001,7/10/2026 8:30:57 AM,T154,Cat 797,1,780,JPM,FUEL&LUBE,71.745
260710001,7/10/2026 8:35:27 AM,T123,Cat 797,687,780,MRM,FUEL&LUBE,14.845
260710001,7/10/2026 8:55:16 AM,T112,Cat 797,843,780,MRM,FUEL&LUBE,17.515
260710001,7/10/2026 9:12:58 AM,T117,Cat 797,918,780,MRM,FUEL&LUBE,14.69
260710001,7/10/2026 9:21:05 AM,T162,Cat 797,674,780,MRM,FUEL&LUBE,64.5
260710001,7/10/2026 9:26:02 AM,T169,Cat 797,57,780,JPM,FUEL&LUBE,
260710001,7/10/2026 9:26:59 AM,T169,Cat 797,726,780,JPM,FUEL&LUBE,
260710001,7/10/2026 9:52:21 AM,T108,Cat 797,1021,780,MRM,FUEL&LUBE,14.59
260710001,7/10/2026 9:53:10 AM,T124,Cat 797,989,780,MRM,FUEL&LUBE,14.745
260710001,7/10/2026 10:10:37 AM,T158,Cat 797,782,780,JPM,FUEL&LUBE,26.55
260710001,7/10/2026 10:22:23 AM,T113,Cat 797,895,780,MRM,FUEL&LUBE,14.49
260710001,7/10/2026 10:30:25 AM,T139,Cat 797,229,780,JPM,FUEL&LUBE,29.59
260710001,7/10/2026 10:39:44 AM,T461,Cat 785,481,780,JPM,FUEL&LUBE,44.945
260710001,7/10/2026 10:58:46 AM,T458,Cat 785,564,780,JPM,FUEL&LUBE,49.79
260710001,7/10/2026 10:59:43 AM,T471,Cat 785,570,780,MRM,FUEL&LUBE,20.43
260710001,7/10/2026 10:59:51 AM,T136,Cat 797,735,780,MRM,FUEL&LUBE,34.85
260710001,7/10/2026 11:10:52 AM,T132,Cat 797,148,780,MRM,FUEL&LUBE,163.85
260710001,7/10/2026 11:21:29 AM,T132,Cat 797,99,780,MRM,FUEL&LUBE,163.85
260710001,7/10/2026 11:25:55 AM,T138,Cat 797,1063,780,MRM,FUEL&LUBE,14.535
260710001,7/10/2026 11:26:16 AM,T139,Cat 797,760,780,JPM,FUEL&LUBE,26.675
260710001,7/10/2026 11:27:10 AM,T470,Cat 785,723,780,MRM,FUEL&LUBE,25.485
260710001,7/10/2026 11:30:02 AM,T101,Cat 797,69,780,MRM,FUEL&LUBE,14.38
260710001,7/10/2026 11:31:11 AM,T101,Cat 797,437,300,MRM,WAIT FOR FUEL BAY,14.38
260710001,7/10/2026 11:38:28 AM,T101,Cat 797,708,780,MRM,FUEL&LUBE,14.38
260710001,7/10/2026 11:53:27 AM,T102,Cat 797,47,780,MRM,FUEL&LUBE,15.255
260710001,7/10/2026 11:55:16 AM,T102,Cat 797,720,780,MRM,FUEL&LUBE,14.79
260710001,7/10/2026 12:00:34 PM,T460,Cat 785,6,780,MRM,FUEL&LUBE,30.555
260710001,7/10/2026 12:00:40 PM,T460,Cat 785,7,300,MRM,WAIT FOR FUEL BAY,30.555
260710001,7/10/2026 12:00:47 PM,T460,Cat 785,99,300,MRM,WAIT FOR FUEL BAY,30.555
260710001,7/10/2026 12:02:26 PM,T460,Cat 785,665,780,MRM,FUEL&LUBE,30.555
260710001,7/10/2026 12:18:41 PM,T122,Cat 797,631,780,MRM,FUEL&LUBE,22.625
260710001,7/10/2026 12:20:58 PM,T144,Cat 797,50,780,JPM,FUEL&LUBE,
260710001,7/10/2026 12:21:48 PM,T144,Cat 797,606,780,JPM,FUEL&LUBE,
260710001,7/10/2026 12:38:57 PM,T166,Cat 797,5,780,MRM,FUEL&LUBE,24.02
260710001,7/10/2026 12:39:02 PM,T166,Cat 797,40,300,MRM,WAIT FOR FUEL BAY,24.02
260710001,7/10/2026 12:39:42 PM,T166,Cat 797,803,780,MRM,FUEL&LUBE,22.625
260710001,7/10/2026 1:12:48 PM,T134,Cat 797,658,780,JPM,FUEL&LUBE,25.16
260710001,7/10/2026 1:22:36 PM,T109,Cat 797,972,780,MRM,FUEL&LUBE,14.845
260710001,7/10/2026 1:49:28 PM,T454,Cat 789,70,780,MRM,FUEL&LUBE,23.755
260710001,7/10/2026 1:50:38 PM,T454,Cat 789,708,780,MRM,FUEL&LUBE,23.755
260710001,7/10/2026 1:52:22 PM,T109,Cat 797,878,780,MRM,FUEL&LUBE,99.88499
260710001,7/10/2026 2:05:06 PM,T118,Cat 797,916,780,MRM,FUEL&LUBE,1.705
260710001,7/10/2026 2:10:36 PM,T104,Cat 797,752,780,MRM,FUEL&LUBE,16.92
260710001,7/10/2026 2:25:03 PM,T152,Cat 797,733,780,JPM,FUEL&LUBE,29.21
260710001,7/10/2026 2:32:13 PM,T133,Cat 797,788,780,MRM,FUEL&LUBE,19.89
260710001,7/10/2026 2:50:56 PM,T137,Cat 797,1045,780,MRM,FUEL&LUBE,19.77
260710001,7/10/2026 2:57:46 PM,T463,Cat 785,586,780,JPM,FUEL&LUBE,163.855
260710001,7/10/2026 3:02:11 PM,T164,Cat 797,845,780,MRM,FUEL&LUBE,14.86
260710001,7/10/2026 3:28:57 PM,T129,Cat 797,695,780,MRM,FUEL&LUBE,22.755
260710001,7/10/2026 3:37:10 PM,T456,Cat 785,531,780,MRM,FUEL&LUBE,24.875
260710001,7/10/2026 3:49:22 PM,T130,Cat 797,849,780,MRM,FUEL&LUBE,17.395
260710001,7/10/2026 4:01:20 PM,T107,Cat 797,1253,780,MRM,FUEL&LUBE,14.83
260710001,7/10/2026 4:04:50 PM,T160,Cat 797,887,780,MRM,FUEL&LUBE,16.325
260710001,7/10/2026 4:11:29 PM,T452,Cat 789,1009,780,MRM,FUEL&LUBE,44.15
260710001,7/10/2026 4:19:56 PM,T453,Cat 789,1035,780,MRM,FUEL&LUBE,163.855
260710001,7/10/2026 4:34:00 PM,T149,Cat 797,730,780,JPM,FUEL&LUBE,
260710001,7/10/2026 4:34:45 PM,T153,Cat 797,7,780,MRM,FUEL&LUBE,14.48
260710001,7/10/2026 4:34:52 PM,T153,Cat 797,40,300,MRM,WAIT FOR FUEL BAY,14.48
260710001,7/10/2026 4:35:32 PM,T153,Cat 797,694,780,MRM,FUEL&LUBE,14.35
260710001,7/10/2026 4:41:11 PM,T170,Cat 797,303,300,JPM,WAIT FOR FUEL BAY,
260710001,7/10/2026 4:46:34 PM,T170,Cat 797,863,780,JPM,FUEL&LUBE,
260710001,7/10/2026 4:47:12 PM,T116,Cat 797,917,780,MRM,FUEL&LUBE,15.02
260710001,7/10/2026 5:01:42 PM,T147,Cat 797,61,780,JPM,FUEL&LUBE,
260710001,7/10/2026 5:02:43 PM,T147,Cat 797,786,780,JPM,FUEL&LUBE,
260710001,7/10/2026 5:56:09 PM,T474,Cat 785,231,300,JPM,WAIT FOR FUEL BAY,32.465
260710001,7/10/2026 5:57:50 PM,T135,Cat 797,130,780,MRM,FUEL&LUBE,19.295
260710002,7/10/2026 6:00:00 PM,T135,Cat 797,760,780,MRM,FUEL&LUBE,19.295
260710002,7/10/2026 6:00:00 PM,T474,Cat 785,198,300,JPM,WAIT FOR FUEL BAY,32.305
260710002,7/10/2026 6:03:20 PM,T103,Cat 797,828,780,MRM,FUEL&LUBE,19.055
260710002,7/10/2026 6:03:50 PM,T474,Cat 785,3,780,JPM,FUEL&LUBE,32.305
260710002,7/10/2026 6:03:53 PM,T474,Cat 785,569,780,JPM,FUEL&LUBE,32.305
260710002,7/10/2026 6:08:38 PM,T131,Cat 797,7,780,MRM,FUEL&LUBE,19.415
260710002,7/10/2026 6:08:45 PM,T131,Cat 797,519,300,MRM,WAIT FOR FUEL BAY,19.415
260710002,7/10/2026 6:17:24 PM,T131,Cat 797,891,780,MRM,FUEL&LUBE,19.175
260710002,7/10/2026 6:20:20 PM,T157,Cat 797,8,780,MRM,FUEL&LUBE,17.155
260710002,7/10/2026 6:20:28 PM,T157,Cat 797,830,780,MRM,FUEL&LUBE,17.155
260710002,7/10/2026 6:25:19 PM,T465,Cat 785,466,780,JPM,FUEL&LUBE,25.18
260710002,7/10/2026 6:33:45 PM,T168,Cat 797,28,780,JPM,FUEL&LUBE,
260710002,7/10/2026 6:34:01 PM,T461,Cat 785,435,780,JPM,FUEL&LUBE,60.97
260710002,7/10/2026 6:36:04 PM,T114,Cat 797,841,780,MRM,FUEL&LUBE,23.89
260710002,7/10/2026 6:56:09 PM,T163,Cat 797,923,780,MRM,FUEL&LUBE,33.125
260710002,7/10/2026 7:03:37 PM,T123,Cat 797,719,780,MRM,FUEL&LUBE,19.77
260710002,7/10/2026 7:14:13 PM,T111,Cat 797,882,780,MRM,FUEL&LUBE,17.99
260710002,7/10/2026 7:16:02 PM,T156,Cat 797,838,780,JPM,FUEL&LUBE,22.5
260710002,7/10/2026 7:31:13 PM,T469,Cat 785,598,780,MRM,FUEL&LUBE,25.485
260710002,7/10/2026 7:33:33 PM,T128,Cat 797,769,780,MRM,FUEL&LUBE,35.78
260710002,7/10/2026 7:36:23 PM,T472,Cat 785,311,300,MRM,WAIT FOR FUEL BAY,14.99
260710002,7/10/2026 7:41:53 PM,T472,Cat 785,647,780,MRM,FUEL&LUBE,14.99
260710002,7/10/2026 8:01:31 PM,T165,Cat 797,738,780,JPM,FUEL&LUBE,24.27
260710002,7/10/2026 8:05:15 PM,T468,Cat 785,548,780,MRM,FUEL&LUBE,29.93
260710002,7/10/2026 8:18:15 PM,T119,Cat 797,828,780,MRM,FUEL&LUBE,21.55
260710002,7/10/2026 8:24:16 PM,T106,Cat 797,806,780,MRM,FUEL&LUBE,22.5
260710002,7/10/2026 8:28:05 PM,T152,Cat 797,622,780,JPM,FUEL&LUBE,63.45
260710002,7/10/2026 8:37:39 PM,T108,Cat 797,844,780,MRM,FUEL&LUBE,19.295
260710002,7/10/2026 8:42:05 PM,T150,Cat 797,782,780,JPM,FUEL&LUBE,19.055
260710002,7/10/2026 8:54:37 PM,T169,Cat 797,769,780,JPM,FUEL&LUBE,
260710002,7/10/2026 9:11:13 PM,T112,Cat 797,805,780,MRM,FUEL&LUBE,20.005
260710002,7/10/2026 9:16:42 PM,T110,Cat 797,840,780,MRM,FUEL&LUBE,24.65
260710002,7/10/2026 9:18:21 PM,T154,Cat 797,821,780,JPM,FUEL&LUBE,14.845
260710002,7/10/2026 9:33:48 PM,T113,Cat 797,1022,780,MRM,FUEL&LUBE,17.63
260710002,7/10/2026 9:55:31 PM,T144,Cat 797,735,780,JPM,FUEL&LUBE,
260710002,7/10/2026 9:59:24 PM,T115,Cat 797,902,780,MRM,FUEL&LUBE,22.265
260710002,7/10/2026 10:07:25 PM,T140,Cat 797,793,780,MRM,FUEL&LUBE,21.55
260710002,7/10/2026 10:12:41 PM,T470,Cat 785,5,780,MRM,FUEL&LUBE,51.99
260710002,7/10/2026 10:12:46 PM,T470,Cat 785,73,300,MRM,WAIT FOR FUEL BAY,51.99
260710002,7/10/2026 10:14:05 PM,T470,Cat 785,889,780,MRM,FUEL&LUBE,51.99
260710002,7/10/2026 10:21:50 PM,T476,Cat 793,2544,780,JPM,FUEL&LUBE,97.345
260710002,7/10/2026 10:22:20 PM,T134,Cat 797,668,780,JPM,FUEL&LUBE,22.265
260710002,7/10/2026 10:31:39 PM,T117,Cat 797,843,780,MRM,FUEL&LUBE,17.155
260710002,7/10/2026 10:51:31 PM,T458,Cat 785,722,780,JPM,FUEL&LUBE,35.495
260710002,7/10/2026 11:07:19 PM,T122,Cat 797,726,780,MRM,FUEL&LUBE,14.745
260710002,7/10/2026 11:12:06 PM,T102,Cat 797,853,780,MRM,FUEL&LUBE,24.27
260710002,7/10/2026 11:20:14 PM,T158,Cat 797,827,780,JPM,FUEL&LUBE,23.005
260710002,7/10/2026 11:40:08 PM,T130,Cat 797,787,780,MRM,FUEL&LUBE,59.1
260710002,7/10/2026 11:41:27 PM,T139,Cat 797,32,780,JPM,FUEL&LUBE,24.02
260710002,7/10/2026 11:41:32 PM,T132,Cat 797,937,780,MRM,FUEL&LUBE,163.85
260710002,7/11/2026 12:19:06 AM,T118,Cat 797,732,780,MRM,FUEL&LUBE,24.905
260710002,7/11/2026 12:22:00 AM,T162,Cat 797,823,780,MRM,FUEL&LUBE,19.89
260710002,7/11/2026 12:33:42 AM,T101,Cat 797,834,780,MRM,FUEL&LUBE,17.87
260710002,7/11/2026 12:52:56 AM,T153,Cat 797,49,780,MRM,FUEL&LUBE,36.71
260710002,7/11/2026 12:53:45 AM,T153,Cat 797,141,300,MRM,WAIT FOR FUEL BAY,36.71
260710002,7/11/2026 12:56:06 AM,T153,Cat 797,730,780,MRM,FUEL&LUBE,36.045
260710002,7/11/2026 1:03:00 AM,T133,Cat 797,967,780,MRM,FUEL&LUBE,15.375
260710002,7/11/2026 1:14:15 AM,T164,Cat 797,845,780,MRM,FUEL&LUBE,39.1
260710002,7/11/2026 1:46:15 AM,T129,Cat 797,862,780,MRM,FUEL&LUBE,22.265
260710002,7/11/2026 2:14:17 AM,T167,Cat 797,23,780,MRM,FUEL&LUBE,18.94
260710002,7/11/2026 2:14:40 AM,T167,Cat 797,843,780,MRM,FUEL&LUBE,18.94
260710002,7/11/2026 2:39:47 AM,T166,Cat 797,61,780,MRM,FUEL&LUBE,16.445
260710002,7/11/2026 2:40:48 AM,T166,Cat 797,37,300,MRM,WAIT FOR FUEL BAY,16.445
260710002,7/11/2026 2:41:25 AM,T166,Cat 797,782,780,MRM,FUEL&LUBE,16.445
260710002,7/11/2026 2:42:42 AM,T136,Cat 797,979,780,MRM,FUEL&LUBE,16.325
260710002,7/11/2026 2:59:25 AM,T471,Cat 785,574,780,MRM,FUEL&LUBE,34.54
260710002,7/11/2026 3:25:05 AM,T467,Cat 785,535,780,MRM,FUEL&LUBE,34.22
260710002,7/11/2026 3:39:02 AM,T452,Cat 789,683,780,MRM,FUEL&LUBE,163.86
260710002,7/11/2026 3:48:17 AM,T453,Cat 789,6,780,MRM,FUEL&LUBE,163.855
260710002,7/11/2026 3:48:23 AM,T453,Cat 789,312,300,MRM,WAIT FOR FUEL BAY,163.855
260710002,7/11/2026 3:49:36 AM,T167,Cat 797,777,780,MRM,FUEL&LUBE,100
260710002,7/11/2026 3:53:35 AM,T453,Cat 789,606,780,MRM,FUEL&LUBE,163.855
260710002,7/11/2026 4:02:21 AM,T459,Cat 785,467,780,JPM,FUEL&LUBE,30.08
260710002,7/11/2026 4:06:50 AM,T461,Cat 785,252,300,JPM,WAIT FOR FUEL BAY,25.485
260710002,7/11/2026 4:11:03 AM,T461,Cat 785,696,780,JPM,FUEL&LUBE,24.72
260710002,7/11/2026 4:17:19 AM,T104,Cat 797,686,780,MRM,FUEL&LUBE,15.375
260710002,7/11/2026 4:18:50 AM,T109,Cat 797,905,780,MRM,FUEL&LUBE,21.79
260710002,7/11/2026 4:32:30 AM,T149,Cat 797,701,780,JPM,FUEL&LUBE,
260710002,7/11/2026 4:48:20 AM,T124,Cat 797,891,780,MRM,FUEL&LUBE,17.155
260710002,7/11/2026 4:54:29 AM,T137,Cat 797,818,780,MRM,FUEL&LUBE,23.89
260710002,7/11/2026 4:55:25 AM,T127,Cat 797,5,780,MRM,FUEL&LUBE,21.67
260710002,7/11/2026 4:55:30 AM,T127,Cat 797,452,300,MRM,WAIT FOR FUEL BAY,21.67
260710002,7/11/2026 5:02:32 AM,T138,Cat 797,1049,780,MRM,FUEL&LUBE,16.8
260710002,7/11/2026 5:03:02 AM,T127,Cat 797,742,780,MRM,FUEL&LUBE,20.365
260710002,7/11/2026 5:33:28 AM,T123,Cat 797,756,780,MRM,FUEL&LUBE,24.525
260711001,7/11/2026 6:12:18 AM,T160,Cat 797,1295,780,MRM,FUEL&LUBE,19.415
260711001,7/11/2026 6:22:13 AM,T168,Cat 797,46,780,JPM,FUEL&LUBE,
260711001,7/11/2026 6:22:59 AM,T168,Cat 797,711,780,JPM,FUEL&LUBE,
260711001,7/11/2026 6:32:27 AM,T463,Cat 785,144,300,JPM,WAIT FOR FUEL BAY,163.855
260711001,7/11/2026 6:35:44 AM,T463,Cat 785,589,780,JPM,FUEL&LUBE,163.855
260711001,7/11/2026 6:43:23 AM,T460,Cat 785,1,780,MRM,FUEL&LUBE,36.61
260711001,7/11/2026 6:50:25 AM,T107,Cat 797,1170,780,MRM,FUEL&LUBE,17.75
260711001,7/11/2026 6:54:33 AM,T152,Cat 797,643,780,JPM,FUEL&LUBE,20.6
260711001,7/11/2026 6:57:17 AM,T128,Cat 797,35,780,MRM,FUEL&LUBE,30.22
260711001,7/11/2026 6:57:52 AM,T128,Cat 797,645,780,MRM,FUEL&LUBE,30.22
260711001,7/11/2026 7:03:26 AM,T462,Cat 785,718,780,JPM,FUEL&LUBE,163.855
260711001,7/11/2026 7:18:48 AM,T454,Cat 789,876,780,MRM,FUEL&LUBE,32.575
260711001,7/11/2026 7:20:23 AM,T170,Cat 797,906,780,JPM,FUEL&LUBE,
260711001,7/11/2026 7:42:11 AM,T147,Cat 797,876,780,JPM,FUEL&LUBE,
260711001,7/11/2026 7:45:47 AM,T135,Cat 797,833,780,MRM,FUEL&LUBE,16.325
260711001,7/11/2026 7:54:21 AM,T163,Cat 797,796,780,MRM,FUEL&LUBE,32.06
260711001,7/11/2026 8:00:01 AM,T144,Cat 797,678,780,JPM,FUEL&LUBE,
260711001,7/11/2026 8:00:12 AM,T456,Cat 785,16,780,MRM,FUEL&LUBE,26.405
260711001,7/11/2026 8:00:28 AM,T456,Cat 785,16,300,MRM,WAIT FOR FUEL BAY,26.405
260711001,7/11/2026 8:00:44 AM,T456,Cat 785,541,780,MRM,FUEL&LUBE,26.405
260711001,7/11/2026 8:01:11 AM,T116,Cat 797,1446,780,MRM,FUEL&LUBE,17.515
260711001,7/11/2026 8:09:59 AM,T456,Cat 785,6,780,MRM,FUEL&LUBE,25.18
260711001,7/11/2026 8:12:55 AM,T108,Cat 797,897,780,MRM,FUEL&LUBE,14.49
260711001,7/11/2026 8:20:03 AM,T134,Cat 797,669,780,JPM,FUEL&LUBE,19.77
260711001,7/11/2026 8:29:14 AM,T131,Cat 797,866,780,MRM,FUEL&LUBE,15.375
260711001,7/11/2026 8:45:20 AM,T156,Cat 797,970,780,JPM,FUEL&LUBE,19.77
260711001,7/11/2026 8:49:18 AM,T106,Cat 797,714,780,MRM,FUEL&LUBE,24.27
260711001,7/11/2026 8:58:38 AM,T169,Cat 797,1014,780,JPM,FUEL&LUBE,
260711001,7/11/2026 9:06:05 AM,T122,Cat 797,803,780,MRM,FUEL&LUBE,24.4
260711001,7/11/2026 9:31:20 AM,T113,Cat 797,741,780,MRM,FUEL&LUBE,21.315
260711001,7/11/2026 9:31:56 AM,T165,Cat 797,835,780,JPM,FUEL&LUBE,23.385
260711001,7/11/2026 9:33:24 AM,T103,Cat 797,956,780,MRM,FUEL&LUBE,14.9
260711001,7/11/2026 9:35:14 AM,T157,Cat 797,547,300,MRM,WAIT FOR FUEL BAY,16.325
260711001,7/11/2026 9:44:21 AM,T157,Cat 797,782,780,MRM,FUEL&LUBE,15.85
260711001,7/11/2026 9:56:47 AM,T161,Cat 797,121,300,JPM,WAIT FOR FUEL BAY,14.9
260711001,7/11/2026 9:57:26 AM,T157,Cat 797,5,780,MRM,FUEL&LUBE,49.14
260711001,7/11/2026 9:58:50 AM,T161,Cat 797,878,780,JPM,FUEL&LUBE,14.9
260711001,7/11/2026 10:12:25 AM,T112,Cat 797,862,780,MRM,FUEL&LUBE,17.395
260711001,7/11/2026 10:17:31 AM,T154,Cat 797,782,780,JPM,FUEL&LUBE,18.105
260711001,7/11/2026 10:17:39 AM,T118,Cat 797,734,780,MRM,FUEL&LUBE,163.85
260711001,7/11/2026 10:20:28 AM,T119,Cat 797,1269,780,MRM,FUEL&LUBE,16.09
260711001,7/11/2026 10:32:30 AM,T102,Cat 797,4,780,MRM,FUEL&LUBE,20.84
260711001,7/11/2026 10:32:34 AM,T102,Cat 797,316,300,MRM,WAIT FOR FUEL BAY,20.84
260711001,7/11/2026 10:33:55 AM,T114,Cat 797,357,780,MRM,FUEL&LUBE,16.565
260711001,7/11/2026 10:37:50 AM,T102,Cat 797,734,780,MRM,FUEL&LUBE,20.245
260711001,7/11/2026 10:39:52 AM,T114,Cat 797,158,300,MRM,WAIT FOR FUEL BAY,17.63
260711001,7/11/2026 10:40:32 AM,T150,Cat 797,785,780,JPM,FUEL&LUBE,17.395
260711001,7/11/2026 10:42:30 AM,T114,Cat 797,823,780,MRM,FUEL&LUBE,17.63
260711001,7/11/2026 10:52:59 AM,T130,Cat 797,992,780,MRM,FUEL&LUBE,32.06
260711001,7/11/2026 10:57:45 AM,T158,Cat 797,8,780,JPM,FUEL&LUBE,28.955
260711001,7/11/2026 10:57:53 AM,T158,Cat 797,748,780,JPM,FUEL&LUBE,28.955
260711001,7/11/2026 11:04:17 AM,T474,Cat 785,963,780,JPM,FUEL&LUBE,23.34
260711001,7/11/2026 11:05:31 AM,T472,Cat 785,661,780,MRM,FUEL&LUBE,17.785
260711001,7/11/2026 11:05:56 AM,T132,Cat 797,226,300,MRM,WAIT FOR FUEL BAY,163.85
260711001,7/11/2026 11:09:48 AM,T132,Cat 797,958,780,MRM,FUEL&LUBE,163.85
260711001,7/11/2026 11:21:32 AM,T139,Cat 797,873,780,JPM,FUEL&LUBE,27.94
260711001,7/11/2026 11:21:46 AM,T108,Cat 797,974,780,MRM,FUEL&LUBE,97.92
260711001,7/11/2026 11:29:56 AM,T466,Cat 785,6,780,JPM,FUEL&LUBE,84.365
260711001,7/11/2026 11:30:02 AM,T466,Cat 785,269,300,JPM,WAIT FOR FUEL BAY,84.365
260711001,7/11/2026 11:31:18 AM,T111,Cat 797,863,780,MRM,FUEL&LUBE,14.885
260711001,7/11/2026 11:34:31 AM,T466,Cat 785,472,780,JPM,FUEL&LUBE,84.365
260711001,7/11/2026 11:41:42 AM,T458,Cat 785,511,780,JPM,FUEL&LUBE,27.63
260711001,7/11/2026 11:44:21 AM,T118,Cat 797,468,780,MRM,FUEL&LUBE,1.905
260711001,7/11/2026 12:00:23 PM,T140,Cat 797,960,780,MRM,FUEL&LUBE,21.67
260711001,7/11/2026 12:01:49 PM,T141,Cat 797,783,780,JPM,FUEL&LUBE,36.18
260711001,7/11/2026 12:15:15 PM,T465,Cat 785,491,780,JPM,FUEL&LUBE,27.17
260711001,7/11/2026 12:16:11 PM,T117,Cat 797,786,780,MRM,FUEL&LUBE,14.775
260711001,7/11/2026 12:22:03 PM,T153,Cat 797,913,780,MRM,FUEL&LUBE,14.775
260711001,7/11/2026 12:24:53 PM,T115,Cat 797,226,780,MRM,FUEL&LUBE,14.845
260711001,7/11/2026 12:30:49 PM,T133,Cat 797,1358,780,MRM,FUEL&LUBE,14.815
260711001,7/11/2026 1:03:59 PM,T110,Cat 797,46,780,MRM,FUEL&LUBE,14.83
260711001,7/11/2026 1:04:45 PM,T110,Cat 797,906,780,MRM,FUEL&LUBE,14.885
260711001,7/11/2026 1:05:45 PM,T129,Cat 797,792,780,MRM,FUEL&LUBE,14.885
260711001,7/11/2026 1:06:56 PM,T470,Cat 785,1135,780,MRM,FUEL&LUBE,29.93
260711001,7/11/2026 1:34:04 PM,T118,Cat 797,5,780,MRM,FUEL&LUBE,1.705
260711001,7/11/2026 1:34:25 PM,T118,Cat 797,1,780,MRM,FUEL&LUBE,1.705
260711001,7/11/2026 2:00:30 PM,T118,Cat 797,1,780,MRM,FUEL&LUBE,1.705
260711001,7/11/2026 2:22:42 PM,T115,Cat 797,877,780,MRM,FUEL&LUBE,14.8
260711001,7/11/2026 2:25:16 PM,T149,Cat 797,660,780,JPM,FUEL&LUBE,
260711001,7/11/2026 2:39:51 PM,T118,Cat 797,1,780,MRM,FUEL&LUBE,1.705
260711001,7/11/2026 2:46:47 PM,T164,Cat 797,1009,780,MRM,FUEL&LUBE,24.4
260711001,7/11/2026 2:54:37 PM,T453,Cat 789,807,780,MRM,FUEL&LUBE,163.855
260711001,7/11/2026 3:11:44 PM,T128,Cat 797,604,780,MRM,FUEL&LUBE,48.84
260711001,7/11/2026 3:21:21 PM,T461,Cat 785,208,300,JPM,WAIT FOR FUEL BAY,94.24
260711001,7/11/2026 3:24:50 PM,T461,Cat 785,565,780,JPM,FUEL&LUBE,94.24
260711001,7/11/2026 3:31:26 PM,T166,Cat 797,904,780,MRM,FUEL&LUBE,25.03
260711001,7/11/2026 3:34:44 PM,T168,Cat 797,726,780,JPM,FUEL&LUBE,
260711001,7/11/2026 3:47:38 PM,T152,Cat 797,651,780,JPM,FUEL&LUBE,29.715
260711001,7/11/2026 3:55:52 PM,T123,Cat 797,746,780,MRM,FUEL&LUBE,21.315
260711001,7/11/2026 4:33:33 PM,T136,Cat 797,835,780,MRM,FUEL&LUBE,20.6
260711001,7/11/2026 4:36:12 PM,T458,Cat 785,400,780,JPM,FUEL&LUBE,53.2
260711001,7/11/2026 4:37:31 PM,T474,Cat 785,711,780,JPM,FUEL&LUBE,55.1
260711001,7/11/2026 5:05:54 PM,T124,Cat 797,720,780,MRM,FUEL&LUBE,21.075
260711001,7/11/2026 5:13:46 PM,T460,Cat 785,7,780,MRM,FUEL&LUBE,33.74
260711001,7/11/2026 5:14:20 PM,T460,Cat 785,520,780,MRM,FUEL&LUBE,33.9
260711001,7/11/2026 5:33:57 PM,T162,Cat 797,850,780,MRM,FUEL&LUBE,19.295
260711001,7/11/2026 5:37:55 PM,T127,Cat 797,1048,780,MRM,FUEL&LUBE,23.765
260711001,7/11/2026 5:54:06 PM,T104,Cat 797,134,300,MRM,WAIT FOR FUEL BAY,22.265
260711001,7/11/2026 5:56:20 PM,T104,Cat 797,220,780,MRM,FUEL&LUBE,22.265
260711002,7/11/2026 6:00:00 PM,T104,Cat 797,496,780,MRM,FUEL&LUBE,20.48
260711002,7/11/2026 6:05:38 PM,T160,Cat 797,87,780,MRM,FUEL&LUBE,23.515
260711002,7/11/2026 6:07:05 PM,T160,Cat 797,18,300,MRM,WAIT FOR FUEL BAY,24.145
260711002,7/11/2026 6:07:23 PM,T160,Cat 797,804,780,MRM,FUEL&LUBE,24.145
260711002,7/11/2026 6:07:26 PM,T454,Cat 789,875,780,MRM,FUEL&LUBE,71.01
260711002,7/11/2026 6:08:22 PM,T104,Cat 797,7,780,MRM,FUEL&LUBE,64.5
260711002,7/11/2026 6:08:56 PM,T122,Cat 797,728,300,MRM,WAIT FOR FUEL BAY,23.515
260711002,7/11/2026 6:08:58 PM,T134,Cat 797,688,780,JPM,FUEL&LUBE,17.04
260711002,7/11/2026 6:22:02 PM,T122,Cat 797,796,780,MRM,FUEL&LUBE,22.265
260711002,7/11/2026 6:24:57 PM,T144,Cat 797,682,780,JPM,FUEL&LUBE,
260711002,7/11/2026 6:35:11 PM,T128,Cat 797,830,780,MRM,FUEL&LUBE,83.2
260711002,7/11/2026 6:50:02 PM,T165,Cat 797,599,780,JPM,FUEL&LUBE,45.99
260711002,7/11/2026 6:50:52 PM,T107,Cat 797,858,780,MRM,FUEL&LUBE,19.53
260711002,7/11/2026 7:00:13 PM,T137,Cat 797,846,780,MRM,FUEL&LUBE,26.805
260711002,7/11/2026 7:17:28 PM,T163,Cat 797,963,780,MRM,FUEL&LUBE,25.54
260711002,7/11/2026 7:20:03 PM,T459,Cat 785,366,780,JPM,FUEL&LUBE,28.245
260711002,7/11/2026 7:38:31 PM,T109,Cat 797,829,780,MRM,FUEL&LUBE,17.75
260711002,7/11/2026 7:40:32 PM,T469,Cat 785,746,780,MRM,FUEL&LUBE,24.26
260711002,7/11/2026 7:54:33 PM,T170,Cat 797,921,780,JPM,FUEL&LUBE,
260711002,7/11/2026 8:01:22 PM,T167,Cat 797,871,780,MRM,FUEL&LUBE,17.515
260711002,7/11/2026 8:33:27 PM,T171,Cat 797,855,780,JPM,FUEL&LUBE,
260711002,7/11/2026 8:46:39 PM,T456,Cat 785,535,780,MRM,FUEL&LUBE,39.16
260711002,7/11/2026 8:49:17 PM,T467,Cat 785,77,300,MRM,WAIT FOR FUEL BAY,33.58
260711002,7/11/2026 8:50:34 PM,T467,Cat 785,467,780,MRM,FUEL&LUBE,33.58
260711002,7/11/2026 8:55:25 PM,T113,Cat 797,68,300,MRM,WAIT FOR FUEL BAY,21.905
260711002,7/11/2026 8:56:35 PM,T113,Cat 797,781,780,MRM,FUEL&LUBE,21.905
260711002,7/11/2026 8:58:23 PM,T467,Cat 785,1,780,MRM,FUEL&LUBE,32.785
260711002,7/11/2026 9:11:19 PM,T169,Cat 797,24,780,JPM,FUEL&LUBE,
260711002,7/11/2026 9:12:59 PM,T102,Cat 797,809,780,MRM,FUEL&LUBE,19.77
260711002,7/11/2026 9:16:48 PM,T169,Cat 797,562,780,JPM,FUEL&LUBE,
260711002,7/11/2026 9:19:50 PM,T132,Cat 797,739,780,MRM,FUEL&LUBE,163.85
260711002,7/11/2026 9:25:34 PM,T135,Cat 797,822,780,MRM,FUEL&LUBE,16.68
260711002,7/11/2026 9:30:07 PM,T108,Cat 797,987,780,MRM,FUEL&LUBE,20.6
260711002,7/11/2026 9:37:14 PM,T154,Cat 797,714,780,JPM,FUEL&LUBE,24.145
260711002,7/11/2026 9:39:36 PM,T135,Cat 797,27,780,MRM,FUEL&LUBE,60.75
260711002,7/11/2026 9:43:18 PM,T106,Cat 797,31,780,MRM,FUEL&LUBE,16.68
260711002,7/11/2026 9:43:28 PM,T466,Cat 785,348,300,JPM,WAIT FOR FUEL BAY,84.365
260711002,7/11/2026 9:43:49 PM,T106,Cat 797,369,2100,MRM,FUEL BREAK,16.68
260711002,7/11/2026 9:46:29 PM,T118,Cat 797,716,780,MRM,FUEL&LUBE,14.815
260711002,7/11/2026 9:49:37 PM,T466,Cat 785,522,780,JPM,FUEL&LUBE,84.365
260711002,7/11/2026 9:49:58 PM,T106,Cat 797,544,780,MRM,FUEL&LUBE,14.815
260711002,7/11/2026 9:51:46 PM,T468,Cat 785,419,300,MRM,WAIT FOR FUEL BAY,22.575
260711002,7/11/2026 9:59:20 PM,T468,Cat 785,8,780,MRM,FUEL&LUBE,21.96
260711002,7/11/2026 9:59:28 PM,T468,Cat 785,597,780,MRM,FUEL&LUBE,21.96
260711002,7/11/2026 10:08:58 PM,T147,Cat 797,920,780,JPM,FUEL&LUBE,
260711002,7/11/2026 10:14:21 PM,T114,Cat 797,781,780,MRM,FUEL&LUBE,19.415
260711002,7/11/2026 10:20:58 PM,T138,Cat 797,893,780,MRM,FUEL&LUBE,14.885
260711002,7/11/2026 10:32:10 PM,T161,Cat 797,826,780,JPM,FUEL&LUBE,19.055
260711002,7/11/2026 10:38:51 PM,T471,Cat 785,753,780,MRM,FUEL&LUBE,22.27
260711002,7/11/2026 10:47:32 PM,T131,Cat 797,972,780,MRM,FUEL&LUBE,18.7
260711002,7/11/2026 10:54:19 PM,T116,Cat 797,768,780,MRM,FUEL&LUBE,19.175
260711002,7/11/2026 10:56:43 PM,T158,Cat 797,789,780,JPM,FUEL&LUBE,25.03
260711002,7/11/2026 11:14:44 PM,T112,Cat 797,870,780,MRM,FUEL&LUBE,163.85
260711002,7/11/2026 11:20:40 PM,T129,Cat 797,788,780,MRM,FUEL&LUBE,15.02
260711002,7/11/2026 11:31:44 PM,T150,Cat 797,887,780,JPM,FUEL&LUBE,19.89
260711002,7/11/2026 11:39:57 PM,T103,Cat 797,933,780,MRM,FUEL&LUBE,15.97
260711002,7/11/2026 11:50:38 PM,T133,Cat 797,19,780,MRM,FUEL&LUBE,14.815
260711002,7/11/2026 11:50:57 PM,T133,Cat 797,100,300,MRM,WAIT FOR FUEL BAY,14.815
260711002,7/11/2026 11:52:37 PM,T133,Cat 797,954,780,MRM,FUEL&LUBE,14.815
260711002,7/11/2026 11:54:42 PM,T153,Cat 797,819,780,MRM,FUEL&LUBE,17.515
260711002,7/12/2026 12:17:12 AM,T458,Cat 785,931,780,JPM,FUEL&LUBE,30.715
260711002,7/12/2026 12:21:17 AM,T117,Cat 797,899,780,MRM,FUEL&LUBE,19.175
260711002,7/12/2026 12:32:27 AM,T141,Cat 797,787,780,JPM,FUEL&LUBE,19.65
260711002,7/12/2026 12:53:36 AM,T149,Cat 797,723,780,JPM,FUEL&LUBE,
260711002,7/12/2026 1:10:39 AM,T119,Cat 797,1026,780,MRM,FUEL&LUBE,14.73
260711002,7/12/2026 1:13:31 AM,T463,Cat 785,771,300,JPM,WAIT FOR FUEL BAY,163.855
260711002,7/12/2026 1:14:09 AM,T130,Cat 797,1041,780,MRM,FUEL&LUBE,28.575
260711002,7/12/2026 1:14:13 AM,T152,Cat 797,24,780,JPM,FUEL&LUBE,22.38
260711002,7/12/2026 1:26:46 AM,T463,Cat 785,712,780,JPM,FUEL&LUBE,163.855
260711002,7/12/2026 1:53:49 AM,T156,Cat 797,859,780,JPM,FUEL&LUBE,17.75
260711002,7/12/2026 2:00:41 AM,T157,Cat 797,803,780,MRM,FUEL&LUBE,21.075
260711002,7/12/2026 2:01:08 AM,T461,Cat 785,916,780,JPM,FUEL&LUBE,31.19
260711002,7/12/2026 2:11:42 AM,T453,Cat 789,3,780,MRM,FUEL&LUBE,163.855
260711002,7/12/2026 2:11:45 AM,T453,Cat 789,142,300,MRM,WAIT FOR FUEL BAY,163.855
260711002,7/12/2026 2:14:07 AM,T453,Cat 789,888,780,MRM,FUEL&LUBE,163.855
260711002,7/12/2026 2:37:14 AM,T465,Cat 785,626,780,JPM,FUEL&LUBE,34.54
260711002,7/12/2026 2:38:51 AM,T110,Cat 797,844,780,MRM,FUEL&LUBE,22.145
260711002,7/12/2026 2:48:18 AM,T168,Cat 797,710,780,JPM,FUEL&LUBE,
260711002,7/12/2026 2:59:54 AM,T140,Cat 797,834,780,MRM,FUEL&LUBE,19.89
260711002,7/12/2026 3:14:40 AM,T113,Cat 797,935,780,MRM,FUEL&LUBE,45.85
260711002,7/12/2026 3:16:58 AM,T123,Cat 797,808,780,MRM,FUEL&LUBE,163.85
260711002,7/12/2026 3:34:03 AM,T136,Cat 797,43,300,MRM,WAIT FOR FUEL BAY,31.395
260711002,7/12/2026 3:34:46 AM,T136,Cat 797,688,780,MRM,FUEL&LUBE,31.395
260711002,7/12/2026 3:37:04 AM,T134,Cat 797,696,780,JPM,FUEL&LUBE,22.265
260711002,7/12/2026 3:45:56 AM,T472,Cat 785,59,780,MRM,FUEL&LUBE,22.88
260711002,7/12/2026 3:46:20 AM,T136,Cat 797,1,780,MRM,FUEL&LUBE,30.735
260711002,7/12/2026 3:51:35 AM,T472,Cat 785,292,780,MRM,FUEL&LUBE,22.88
260711002,7/12/2026 4:00:13 AM,T111,Cat 797,804,780,MRM,FUEL&LUBE,18.94
260711002,7/12/2026 4:11:21 AM,T144,Cat 797,743,780,JPM,FUEL&LUBE,
260711002,7/12/2026 4:17:55 AM,T104,Cat 797,668,780,MRM,FUEL&LUBE,19.65
260711002,7/12/2026 4:42:17 AM,T470,Cat 785,701,780,MRM,FUEL&LUBE,30.555
260711002,7/12/2026 4:53:24 AM,T134,Cat 797,431,780,JPM,FUEL&LUBE,92.715
260711002,7/12/2026 5:33:15 AM,T166,Cat 797,853,780,MRM,FUEL&LUBE,19.77
260711002,7/12/2026 5:33:21 AM,T164,Cat 797,828,780,MRM,FUEL&LUBE,17.87
260711002,7/12/2026 5:39:54 AM,T122,Cat 797,1206,780,MRM,FUEL&LUBE,14.55
260712001,7/12/2026 6:00:00 AM,T122,Cat 797,195,780,MRM,FUEL&LUBE,4.125
260712001,7/12/2026 6:09:39 AM,T115,Cat 797,118,780,MRM,FUEL&LUBE,15.615
260712001,7/12/2026 6:11:37 AM,T115,Cat 797,284,300,MRM,WAIT FOR FUEL BAY,15.615
260712001,7/12/2026 6:16:19 AM,T474,Cat 785,840,780,JPM,FUEL&LUBE,69.515
260712001,7/12/2026 6:16:21 AM,T115,Cat 797,869,780,MRM,FUEL&LUBE,15.375
260712001,7/12/2026 6:17:02 AM,T459,Cat 785,785,300,JPM,WAIT FOR FUEL BAY,43.11
260712001,7/12/2026 6:18:56 AM,T460,Cat 785,570,780,MRM,FUEL&LUBE,53.2
260712001,7/12/2026 6:23:14 AM,T102,Cat 797,1029,780,MRM,FUEL&LUBE,22.5
260712001,7/12/2026 6:30:56 AM,T459,Cat 785,601,780,JPM,FUEL&LUBE,42.605
260712001,7/12/2026 6:35:19 AM,T469,Cat 785,776,780,MRM,FUEL&LUBE,46.78
260712001,7/12/2026 6:48:21 AM,T170,Cat 797,791,780,JPM,FUEL&LUBE,
260712001,7/12/2026 6:56:58 AM,T169,Cat 797,377,300,JPM,WAIT FOR FUEL BAY,
260712001,7/12/2026 7:03:15 AM,T169,Cat 797,605,780,JPM,FUEL&LUBE,
260712001,7/12/2026 7:05:44 AM,T106,Cat 797,746,780,MRM,FUEL&LUBE,20.72
260712001,7/12/2026 7:07:46 AM,T113,Cat 797,1928,780,MRM,FUEL&LUBE,100
260712001,7/12/2026 7:12:45 AM,T127,Cat 797,29,780,MRM,FUEL&LUBE,14.775
260712001,7/12/2026 7:13:14 AM,T127,Cat 797,1394,300,MRM,WAIT FOR FUEL BAY,14.775
260712001,7/12/2026 7:13:21 AM,T169,Cat 797,9,780,JPM,FUEL&LUBE,
260712001,7/12/2026 7:20:45 AM,T139,Cat 797,729,780,JPM,FUEL&LUBE,40.645
260712001,7/12/2026 7:28:33 AM,T118,Cat 797,729,780,MRM,FUEL&LUBE,14.575
260712001,7/12/2026 7:29:04 AM,T124,Cat 797,692,300,MRM,WAIT FOR FUEL BAY,15.255
260712001,7/12/2026 7:32:57 AM,T128,Cat 797,3,780,MRM,FUEL&LUBE,17.155
260712001,7/12/2026 7:33:00 AM,T128,Cat 797,1499,300,MRM,WAIT FOR FUEL BAY,17.155
260712001,7/12/2026 7:36:28 AM,T127,Cat 797,44,780,MRM,FUEL&LUBE,14.815
260712001,7/12/2026 7:37:12 AM,T127,Cat 797,246,300,MRM,WAIT FOR FUEL BAY,14.815
260712001,7/12/2026 7:41:09 AM,T124,Cat 797,860,780,MRM,FUEL&LUBE,14.645
260712001,7/12/2026 7:41:18 AM,T127,Cat 797,847,780,MRM,FUEL&LUBE,14.815
260712001,7/12/2026 7:55:54 AM,T154,Cat 797,19,780,JPM,FUEL&LUBE,38.305
260712001,7/12/2026 7:56:00 AM,T163,Cat 797,765,780,MRM,FUEL&LUBE,34.32
260712001,7/12/2026 7:56:23 AM,T154,Cat 797,718,780,JPM,FUEL&LUBE,38.305
260712001,7/12/2026 7:57:59 AM,T128,Cat 797,757,780,MRM,FUEL&LUBE,17.155
260712001,7/12/2026 8:18:44 AM,T162,Cat 797,838,780,MRM,FUEL&LUBE,18.465
260712001,7/12/2026 8:27:51 AM,T160,Cat 797,82,780,MRM,FUEL&LUBE,15.73
260712001,7/12/2026 8:29:13 AM,T160,Cat 797,743,780,MRM,FUEL&LUBE,15.73
260712001,7/12/2026 8:31:42 AM,T158,Cat 797,612,780,JPM,FUEL&LUBE,42.615
260712001,7/12/2026 8:35:47 AM,T108,Cat 797,725,780,MRM,FUEL&LUBE,14.62
260712001,7/12/2026 8:56:06 AM,T161,Cat 797,836,780,JPM,FUEL&LUBE,39.52
260712001,7/12/2026 9:01:49 AM,T107,Cat 797,848,780,MRM,FUEL&LUBE,14.635
260712001,7/12/2026 9:23:05 AM,T132,Cat 797,833,780,MRM,FUEL&LUBE,163.85
260712001,7/12/2026 9:34:09 AM,T167,Cat 797,56,780,MRM,FUEL&LUBE,15.255
260712001,7/12/2026 9:41:59 AM,T456,Cat 785,602,780,MRM,FUEL&LUBE,39.32
260712001,7/12/2026 9:44:26 AM,T150,Cat 797,632,780,JPM,FUEL&LUBE,36.445
260712001,7/12/2026 9:56:30 AM,T165,Cat 797,692,780,JPM,FUEL&LUBE,49.585
260712001,7/12/2026 9:57:35 AM,T133,Cat 797,895,780,MRM,FUEL&LUBE,14.83
260712001,7/12/2026 10:01:49 AM,T129,Cat 797,310,300,MRM,WAIT FOR FUEL BAY,12.59
260712001,7/12/2026 10:05:42 AM,T109,Cat 797,474,300,MRM,WAIT FOR FUEL BAY,17.99
260712001,7/12/2026 10:07:45 AM,T129,Cat 797,701,780,MRM,FUEL&LUBE,14.76
260712001,7/12/2026 10:13:36 AM,T109,Cat 797,762,780,MRM,FUEL&LUBE,16.325
260712001,7/12/2026 10:26:19 AM,T109,Cat 797,3,780,MRM,FUEL&LUBE,23.89
260712001,7/12/2026 10:26:31 AM,T137,Cat 797,1107,780,MRM,FUEL&LUBE,26.805
260712001,7/12/2026 10:32:05 AM,T153,Cat 797,685,780,MRM,FUEL&LUBE,15.375
260712001,7/12/2026 10:37:38 AM,T458,Cat 785,421,780,JPM,FUEL&LUBE,34.38
260712001,7/12/2026 10:43:44 AM,T114,Cat 797,936,780,MRM,FUEL&LUBE,14.9
260712001,7/12/2026 10:47:56 AM,T468,Cat 785,901,780,MRM,FUEL&LUBE,27.63
260712001,7/12/2026 11:00:07 AM,T112,Cat 797,824,780,MRM,FUEL&LUBE,20.005
260712001,7/12/2026 11:01:45 AM,T149,Cat 797,16,780,JPM,FUEL&LUBE,
260712001,7/12/2026 11:02:01 AM,T149,Cat 797,712,780,JPM,FUEL&LUBE,
260712001,7/12/2026 11:08:07 AM,T135,Cat 797,38,780,MRM,FUEL&LUBE,17.395
260712001,7/12/2026 11:08:45 AM,T135,Cat 797,32,300,MRM,WAIT FOR FUEL BAY,17.395
260712001,7/12/2026 11:09:17 AM,T135,Cat 797,772,780,MRM,FUEL&LUBE,17.395
260712001,7/12/2026 11:15:54 AM,T152,Cat 797,566,780,JPM,FUEL&LUBE,30.735
260712001,7/12/2026 11:25:31 AM,T131,Cat 797,921,780,MRM,FUEL&LUBE,21.55
260712001,7/12/2026 11:34:39 AM,T171,Cat 797,777,780,JPM,FUEL&LUBE,
260712001,7/12/2026 11:54:11 AM,T147,Cat 797,908,780,JPM,FUEL&LUBE,
260712001,7/12/2026 12:03:44 PM,T454,Cat 789,587,780,MRM,FUEL&LUBE,34.74
260712001,7/12/2026 12:06:08 PM,T141,Cat 797,906,780,JPM,FUEL&LUBE,32.725
260712001,7/12/2026 12:45:55 PM,T117,Cat 797,949,780,MRM,FUEL&LUBE,14.675
260712001,7/12/2026 1:14:25 PM,T103,Cat 797,12,780,MRM,FUEL&LUBE,17.155
260712001,7/12/2026 1:14:37 PM,T103,Cat 797,893,300,MRM,WAIT FOR FUEL BAY,17.155
260712001,7/12/2026 1:19:47 PM,T466,Cat 785,474,780,JPM,FUEL&LUBE,34.06
260712001,7/12/2026 1:28:23 PM,T168,Cat 797,730,780,JPM,FUEL&LUBE,
260712001,7/12/2026 1:54:56 PM,T156,Cat 797,669,780,JPM,FUEL&LUBE,37.11
260712001,7/12/2026 2:10:01 PM,T112,Cat 797,684,2100,MRM,FUEL BREAK,163.85
260712001,7/12/2026 2:14:13 PM,T123,Cat 797,955,780,MRM,FUEL&LUBE,163.85
260712001,7/12/2026 2:21:40 PM,T463,Cat 785,621,780,JPM,FUEL&LUBE,163.855
260712001,7/12/2026 2:23:35 PM,T453,Cat 789,627,780,MRM,FUEL&LUBE,163.855
260712001,7/12/2026 2:46:01 PM,T144,Cat 797,723,780,JPM,FUEL&LUBE,
260712001,7/12/2026 2:51:32 PM,T153,Cat 797,627,780,MRM,FUEL&LUBE,50.77
260712001,7/12/2026 3:00:02 PM,T116,Cat 797,938,780,MRM,FUEL&LUBE,23.64
260712001,7/12/2026 3:08:28 PM,T134,Cat 797,588,780,JPM,FUEL&LUBE,36.18
260712001,7/12/2026 3:41:01 PM,T471,Cat 785,821,780,MRM,FUEL&LUBE,29.775
260712001,7/12/2026 3:55:28 PM,T124,Cat 797,487,780,MRM,FUEL&LUBE,70.99
260712001,7/12/2026 3:57:10 PM,T157,Cat 797,1226,780,MRM,FUEL&LUBE,18.345
260712001,7/12/2026 4:26:23 PM,T162,Cat 797,8,780,MRM,FUEL&LUBE,77.8
260712001,7/12/2026 4:26:31 PM,T162,Cat 797,87,300,MRM,WAIT FOR FUEL BAY,77.8
260712001,7/12/2026 4:27:58 PM,T162,Cat 797,1203,780,MRM,FUEL&LUBE,77.8
260712001,7/12/2026 5:00:51 PM,T470,Cat 785,519,780,MRM,FUEL&LUBE,39
260712001,7/12/2026 5:08:05 PM,T130,Cat 797,850,780,MRM,FUEL&LUBE,15.495
260712001,7/12/2026 5:35:50 PM,T122,Cat 797,707,780,MRM,FUEL&LUBE,22.025
260712001,7/12/2026 5:43:05 PM,T104,Cat 797,793,780,MRM,FUEL&LUBE,14.87
260712002,7/12/2026 6:10:57 PM,T154,Cat 797,648,780,JPM,FUEL&LUBE,47.96
260712002,7/12/2026 6:18:53 PM,T467,Cat 785,672,780,MRM,FUEL&LUBE,30.235
260712002,7/12/2026 6:25:28 PM,T119,Cat 797,881,300,MRM,WAIT FOR FUEL BAY,16.68
260712002,7/12/2026 6:37:33 PM,T118,Cat 797,180,300,MRM,WAIT FOR FUEL BAY,163.85
260712002,7/12/2026 6:39:36 PM,T139,Cat 797,635,780,JPM,FUEL&LUBE,48.84
260712002,7/12/2026 6:40:10 PM,T119,Cat 797,6,780,MRM,FUEL&LUBE,38.305
260712002,7/12/2026 6:41:22 PM,T118,Cat 797,806,780,MRM,FUEL&LUBE,26.17
260712002,7/12/2026 6:48:31 PM,T113,Cat 797,8,780,MRM,FUEL&LUBE,45.57
260712002,7/12/2026 6:57:19 PM,T110,Cat 797,853,780,MRM,FUEL&LUBE,22.265
260712002,7/12/2026 6:59:33 PM,T163,Cat 797,619,780,MRM,FUEL&LUBE,47.54
260712002,7/12/2026 7:15:31 PM,T132,Cat 797,729,780,MRM,FUEL&LUBE,163.85
260712002,7/12/2026 7:16:53 PM,T169,Cat 797,770,780,JPM,FUEL&LUBE,
260712002,7/12/2026 7:23:28 PM,T108,Cat 797,797,780,MRM,FUEL&LUBE,18.225
260712002,7/12/2026 7:35:34 PM,T472,Cat 785,66,780,MRM,FUEL&LUBE,20.585
260712002,7/12/2026 7:36:12 PM,T128,Cat 797,808,780,MRM,FUEL&LUBE,26.675
260712002,7/12/2026 7:39:56 PM,T472,Cat 785,535,780,MRM,FUEL&LUBE,20.585
260712002,7/12/2026 7:42:40 PM,T102,Cat 797,2,780,MRM,FUEL&LUBE,19.77
260712002,7/12/2026 7:42:42 PM,T102,Cat 797,462,300,MRM,WAIT FOR FUEL BAY,19.77
260712002,7/12/2026 7:50:24 PM,T102,Cat 797,694,780,MRM,FUEL&LUBE,18.82
260712002,7/12/2026 8:14:22 PM,T129,Cat 797,753,780,MRM,FUEL&LUBE,24.525
260712002,7/12/2026 8:24:09 PM,T170,Cat 797,902,780,JPM,FUEL&LUBE,
260712002,7/12/2026 8:25:15 PM,T136,Cat 797,949,780,MRM,FUEL&LUBE,16.68
260712002,7/12/2026 8:44:34 PM,T460,Cat 785,659,780,MRM,FUEL&LUBE,24.875
260712002,7/12/2026 8:45:30 PM,T111,Cat 797,942,780,MRM,FUEL&LUBE,22.145
260712002,7/12/2026 8:50:45 PM,T106,Cat 797,15,780,MRM,FUEL&LUBE,15.97
260712002,7/12/2026 8:51:00 PM,T106,Cat 797,153,300,MRM,WAIT FOR FUEL BAY,15.97
260712002,7/12/2026 8:52:12 PM,T474,Cat 785,782,780,JPM,FUEL&LUBE,34.54
260712002,7/12/2026 8:53:33 PM,T106,Cat 797,727,780,MRM,FUEL&LUBE,15.97
260712002,7/12/2026 9:00:44 PM,T140,Cat 797,52,300,MRM,WAIT FOR FUEL BAY,14.845
260712002,7/12/2026 9:01:39 PM,T140,Cat 797,898,780,MRM,FUEL&LUBE,14.845
260712002,7/12/2026 9:21:36 PM,T158,Cat 797,746,780,JPM,FUEL&LUBE,19.295
260712002,7/12/2026 9:27:02 PM,T469,Cat 785,596,780,MRM,FUEL&LUBE,27.935
260712002,7/12/2026 9:40:05 PM,T456,Cat 785,267,780,MRM,FUEL&LUBE,53.2
260712002,7/12/2026 9:46:54 PM,T152,Cat 797,687,780,JPM,FUEL&LUBE,23.765
260712002,7/12/2026 9:51:41 PM,T133,Cat 797,417,780,MRM,FUEL&LUBE,19.055
260712002,7/12/2026 10:13:36 PM,T133,Cat 797,778,780,MRM,FUEL&LUBE,19.055
260712002,7/12/2026 10:16:29 PM,T461,Cat 785,64,300,JPM,WAIT FOR FUEL BAY,32.625
260712002,7/12/2026 10:18:01 PM,T461,Cat 785,647,780,JPM,FUEL&LUBE,32.625
260712002,7/12/2026 10:39:00 PM,T115,Cat 797,926,780,MRM,FUEL&LUBE,21.79
260712002,7/12/2026 10:40:40 PM,T166,Cat 797,954,780,MRM,FUEL&LUBE,19.77
260712002,7/12/2026 10:46:19 PM,T150,Cat 797,81,300,JPM,WAIT FOR FUEL BAY,26.295
260712002,7/12/2026 10:47:42 PM,T150,Cat 797,819,780,JPM,FUEL&LUBE,26.295
260712002,7/12/2026 10:51:05 PM,T112,Cat 797,182,300,MRM,WAIT FOR FUEL BAY,163.85
260712002,7/12/2026 10:52:27 PM,T164,Cat 797,29,780,MRM,FUEL&LUBE,16.565
260712002,7/12/2026 10:52:56 PM,T164,Cat 797,1068,300,MRM,WAIT FOR FUEL BAY,16.565
260712002,7/12/2026 10:55:01 PM,T112,Cat 797,649,780,MRM,FUEL&LUBE,163.85
260712002,7/12/2026 11:05:25 PM,T459,Cat 785,1026,780,JPM,FUEL&LUBE,35.175
260712002,7/12/2026 11:13:38 PM,T167,Cat 797,1000,780,MRM,FUEL&LUBE,17.275
260712002,7/12/2026 11:19:54 PM,T149,Cat 797,896,780,JPM,FUEL&LUBE,
260712002,7/12/2026 11:20:11 PM,T110,Cat 797,6,780,MRM,FUEL&LUBE,85.75
260712002,7/12/2026 11:20:17 PM,T110,Cat 797,109,300,MRM,WAIT FOR FUEL BAY,85.75
260712002,7/12/2026 11:22:06 PM,T110,Cat 797,796,780,MRM,FUEL&LUBE,85.15
260712002,7/12/2026 11:44:18 PM,T135,Cat 797,902,780,MRM,FUEL&LUBE,21.43
260712002,7/12/2026 11:45:12 PM,T161,Cat 797,850,780,JPM,FUEL&LUBE,18.94
260712002,7/12/2026 11:46:58 PM,T107,Cat 797,1113,780,MRM,FUEL&LUBE,20.72
260712002,7/13/2026 12:04:46 AM,T160,Cat 797,896,780,MRM,FUEL&LUBE,20.005
260712002,7/13/2026 12:14:19 AM,T117,Cat 797,884,780,MRM,FUEL&LUBE,21.315
260712002,7/13/2026 12:27:18 AM,T168,Cat 797,822,780,JPM,FUEL&LUBE,
260712002,7/13/2026 12:41:49 AM,T126,Cat 797,691,780,MRM,FUEL&LUBE,17.275
260712002,7/13/2026 12:58:40 AM,T458,Cat 785,758,780,JPM,FUEL&LUBE,25.18
260712002,7/13/2026 1:00:44 AM,T134,Cat 797,1451,780,JPM,FUEL&LUBE,17.515
260712002,7/13/2026 1:03:25 AM,T131,Cat 797,912,780,MRM,FUEL&LUBE,23.64
260712002,7/13/2026 1:23:15 AM,T123,Cat 797,10,780,MRM,FUEL&LUBE,163.85
260712002,7/13/2026 1:23:25 AM,T123,Cat 797,36,300,MRM,WAIT FOR FUEL BAY,163.85
260712002,7/13/2026 1:24:01 AM,T123,Cat 797,792,780,MRM,FUEL&LUBE,163.85
260712002,7/13/2026 1:24:56 AM,T141,Cat 797,796,780,JPM,FUEL&LUBE,17.87
260712002,7/13/2026 1:42:31 AM,T144,Cat 797,105,300,JPM,WAIT FOR FUEL BAY,
260712002,7/13/2026 1:44:18 AM,T144,Cat 797,746,780,JPM,FUEL&LUBE,
260712002,7/13/2026 1:53:53 AM,T127,Cat 797,862,780,MRM,FUEL&LUBE,14.38
260712002,7/13/2026 1:59:12 AM,T453,Cat 789,602,780,MRM,FUEL&LUBE,163.855
260712002,7/13/2026 2:14:23 AM,T114,Cat 797,815,780,MRM,FUEL&LUBE,23.135
260712002,7/13/2026 2:24:27 AM,T147,Cat 797,187,780,JPM,FUEL&LUBE,
260712002,7/13/2026 2:38:13 AM,T137,Cat 797,876,780,MRM,FUEL&LUBE,26.805
260712002,7/13/2026 2:43:19 AM,T471,Cat 785,9,780,MRM,FUEL&LUBE,64.1
260712002,7/13/2026 2:43:28 AM,T471,Cat 785,92,300,MRM,WAIT FOR FUEL BAY,64.1
260712002,7/13/2026 2:45:00 AM,T471,Cat 785,451,780,MRM,FUEL&LUBE,63.925
260712002,7/13/2026 3:01:11 AM,T156,Cat 797,903,780,JPM,FUEL&LUBE,24.525
260712002,7/13/2026 3:06:14 AM,T103,Cat 797,796,780,MRM,FUEL&LUBE,22.145
260712002,7/13/2026 3:24:07 AM,T109,Cat 797,881,780,MRM,FUEL&LUBE,23.005
260712002,7/13/2026 3:42:51 AM,T463,Cat 785,739,780,JPM,FUEL&LUBE,163.855
260712002,7/13/2026 4:06:03 AM,T104,Cat 797,672,780,MRM,FUEL&LUBE,18.465
260712002,7/13/2026 4:07:37 AM,T122,Cat 797,685,780,MRM,FUEL&LUBE,21.67
260712002,7/13/2026 4:19:57 AM,T165,Cat 797,781,780,JPM,FUEL&LUBE,20.955
260712002,7/13/2026 4:25:03 AM,T451,Cat 789,3,780,MRM,FUEL&LUBE,
260712002,7/13/2026 4:25:06 AM,T451,Cat 789,68,300,MRM,WAIT FOR FUEL BAY,
260712002,7/13/2026 4:26:14 AM,T451,Cat 789,781,780,MRM,FUEL&LUBE,
260712002,7/13/2026 5:02:44 AM,T118,Cat 797,716,780,MRM,FUEL&LUBE,18.105
260712002,7/13/2026 5:35:27 AM,T116,Cat 797,879,780,MRM,FUEL&LUBE,24.525
260712002,7/13/2026 5:55:11 AM,T130,Cat 797,7,780,MRM,FUEL&LUBE,23.765
260712002,7/13/2026 5:55:18 AM,T130,Cat 797,42,300,MRM,WAIT FOR FUEL BAY,23.765
260712002,7/13/2026 5:56:03 AM,T130,Cat 797,237,780,MRM,FUEL&LUBE,23.765
260713001,7/13/2026 6:00:00 AM,T130,Cat 797,491,780,MRM,FUEL&LUBE,23.005
260713001,7/13/2026 6:20:51 AM,T102,Cat 797,761,780,MRM,FUEL&LUBE,18.225
260713001,7/13/2026 6:22:46 AM,T152,Cat 797,902,780,JPM,FUEL&LUBE,28.45
260713001,7/13/2026 6:43:00 AM,T113,Cat 797,153,780,MRM,FUEL&LUBE,27.815
260713001,7/13/2026 6:43:20 AM,T468,Cat 785,8,780,MRM,FUEL&LUBE,26.56
260713001,7/13/2026 6:43:22 AM,T163,Cat 797,1208,300,MRM,WAIT FOR FUEL BAY,36.975
260713001,7/13/2026 6:43:28 AM,T468,Cat 785,524,780,MRM,FUEL&LUBE,26.56
260713001,7/13/2026 6:45:01 AM,T470,Cat 785,1244,780,MRM,FUEL&LUBE,24.26
260713001,7/13/2026 6:45:33 AM,T113,Cat 797,590,780,MRM,FUEL&LUBE,27.815
260713001,7/13/2026 6:49:00 AM,T154,Cat 797,18,780,JPM,FUEL&LUBE,16.445
260713001,7/13/2026 6:49:18 AM,T154,Cat 797,790,780,JPM,FUEL&LUBE,16.445
260713001,7/13/2026 7:03:32 AM,T163,Cat 797,103,780,MRM,FUEL&LUBE,35.515
260713001,7/13/2026 7:03:45 AM,T132,Cat 797,109,780,MRM,FUEL&LUBE,163.85
260713001,7/13/2026 7:07:29 AM,T108,Cat 797,725,780,MRM,FUEL&LUBE,14.815
260713001,7/13/2026 7:16:27 AM,T169,Cat 797,895,780,JPM,FUEL&LUBE,
260713001,7/13/2026 7:19:49 AM,T124,Cat 797,1080,780,MRM,FUEL&LUBE,14.645
260713001,7/13/2026 7:38:16 AM,T139,Cat 797,771,780,JPM,FUEL&LUBE,19.295
260713001,7/13/2026 7:41:36 AM,T157,Cat 797,882,780,MRM,FUEL&LUBE,23.89
260713001,7/13/2026 7:55:00 AM,T128,Cat 797,873,780,MRM,FUEL&LUBE,23.64
260713001,7/13/2026 7:59:22 AM,T460,Cat 785,520,780,MRM,FUEL&LUBE,39.8
260713001,7/13/2026 8:05:18 AM,T158,Cat 797,758,780,JPM,FUEL&LUBE,32.06
260713001,7/13/2026 8:08:14 AM,T129,Cat 797,765,780,MRM,FUEL&LUBE,14.745
260713001,7/13/2026 8:35:26 AM,T162,Cat 797,911,780,MRM,FUEL&LUBE,16.8
260713001,7/13/2026 9:08:40 AM,T454,Cat 789,901,780,MRM,FUEL&LUBE,27.785
260713001,7/13/2026 9:17:26 AM,T119,Cat 797,904,780,MRM,FUEL&LUBE,15.02
260713001,7/13/2026 9:17:44 AM,T149,Cat 797,719,780,JPM,FUEL&LUBE,
260713001,7/13/2026 9:17:48 AM,T472,Cat 785,1165,780,MRM,FUEL&LUBE,23.645
260713001,7/13/2026 9:36:07 AM,T133,Cat 797,828,780,MRM,FUEL&LUBE,15.02
260713001,7/13/2026 9:57:34 AM,T170,Cat 797,890,780,JPM,FUEL&LUBE,
260713001,7/13/2026 10:12:39 AM,T456,Cat 785,737,780,MRM,FUEL&LUBE,33.105
260713001,7/13/2026 10:14:53 AM,T171,Cat 797,59,780,JPM,FUEL&LUBE,
260713001,7/13/2026 10:15:52 AM,T171,Cat 797,782,780,JPM,FUEL&LUBE,
260713001,7/13/2026 10:42:46 AM,T140,Cat 797,11,780,MRM,FUEL&LUBE,22.38
260713001,7/13/2026 10:42:57 AM,T140,Cat 797,48,300,MRM,WAIT FOR FUEL BAY,22.38
260713001,7/13/2026 10:43:45 AM,T140,Cat 797,800,780,MRM,FUEL&LUBE,22.38
260713001,7/13/2026 10:45:58 AM,T134,Cat 797,725,780,JPM,FUEL&LUBE,21.79
260713001,7/13/2026 11:00:19 AM,T168,Cat 797,782,780,JPM,FUEL&LUBE,
260713001,7/13/2026 11:09:14 AM,T104,Cat 797,930,780,MRM,FUEL&LUBE,45.99
260713001,7/13/2026 11:32:57 AM,T112,Cat 797,830,780,MRM,FUEL&LUBE,25.79
260713001,7/13/2026 11:39:56 AM,T150,Cat 797,799,780,JPM,FUEL&LUBE,20.365
260713001,7/13/2026 11:44:34 AM,T126,Cat 797,9,780,MRM,FUEL&LUBE,17.515
260713001,7/13/2026 11:44:43 AM,T126,Cat 797,118,300,MRM,WAIT FOR FUEL BAY,17.515
260713001,7/13/2026 11:46:30 AM,T106,Cat 797,16,300,MRM,WAIT FOR FUEL BAY,14.565
260713001,7/13/2026 11:46:41 AM,T126,Cat 797,669,780,MRM,FUEL&LUBE,17.515
260713001,7/13/2026 11:47:39 AM,T106,Cat 797,827,780,MRM,FUEL&LUBE,14.565
260713001,7/13/2026 11:49:38 AM,T144,Cat 797,984,780,JPM,FUEL&LUBE,
260713001,7/13/2026 11:53:10 AM,T151,Cat 797,1139,780,MRM,FUEL&LUBE,16.205
260713001,7/13/2026 12:20:32 PM,T458,Cat 785,507,780,JPM,FUEL&LUBE,34.38
260713001,7/13/2026 12:29:38 PM,T117,Cat 797,757,780,MRM,FUEL&LUBE,16.565
260713001,7/13/2026 12:40:48 PM,T111,Cat 797,906,780,MRM,FUEL&LUBE,17.04
260713001,7/13/2026 12:41:56 PM,T141,Cat 797,684,780,JPM,FUEL&LUBE,37.77
260713001,7/13/2026 1:08:49 PM,T167,Cat 797,865,780,MRM,FUEL&LUBE,15.97
260713001,7/13/2026 1:13:08 PM,T135,Cat 797,4,780,MRM,FUEL&LUBE,16.8
260713001,7/13/2026 1:13:12 PM,T135,Cat 797,306,300,MRM,WAIT FOR FUEL BAY,16.8
260713001,7/13/2026 1:18:18 PM,T135,Cat 797,227,300,MRM,WAIT FOR FUEL BAY,14.87
260713001,7/13/2026 1:20:05 PM,T136,Cat 797,13,780,MRM,FUEL&LUBE,16.205
260713001,7/13/2026 1:20:18 PM,T136,Cat 797,556,300,MRM,WAIT FOR FUEL BAY,16.205
260713001,7/13/2026 1:22:05 PM,T135,Cat 797,792,780,MRM,FUEL&LUBE,14.9
260713001,7/13/2026 1:29:02 PM,T110,Cat 797,21,780,MRM,FUEL&LUBE,23.89
260713001,7/13/2026 1:29:23 PM,T110,Cat 797,379,300,MRM,WAIT FOR FUEL BAY,23.89
260713001,7/13/2026 1:35:42 PM,T110,Cat 797,774,780,MRM,FUEL&LUBE,23.89
260713001,7/13/2026 1:45:43 PM,T136,Cat 797,1013,780,MRM,FUEL&LUBE,14.8
260713001,7/13/2026 1:53:15 PM,T122,Cat 797,816,780,MRM,FUEL&LUBE,14.745
260713001,7/13/2026 2:02:15 PM,T166,Cat 797,1033,780,MRM,FUEL&LUBE,15.97
260713001,7/13/2026 2:06:57 PM,T453,Cat 789,749,780,MRM,FUEL&LUBE,163.855
260713001,7/13/2026 2:16:47 PM,T474,Cat 785,564,780,JPM,FUEL&LUBE,35.175
260713001,7/13/2026 2:22:26 PM,T107,Cat 797,838,780,MRM,FUEL&LUBE,14.605
260713001,7/13/2026 2:31:28 PM,T164,Cat 797,147,780,MRM,FUEL&LUBE,16.09
260713001,7/13/2026 2:33:55 PM,T164,Cat 797,789,780,MRM,FUEL&LUBE,17.04
260713001,7/13/2026 2:41:50 PM,T124,Cat 797,8,780,MRM,FUEL&LUBE,73.415
260713001,7/13/2026 2:41:58 PM,T124,Cat 797,522,780,MRM,FUEL&LUBE,73.415
260713001,7/13/2026 2:43:16 PM,T461,Cat 785,460,780,JPM,FUEL&LUBE,34.38
260713001,7/13/2026 2:49:44 PM,T160,Cat 797,131,780,MRM,FUEL&LUBE,18.105
260713001,7/13/2026 2:51:55 PM,T123,Cat 797,685,780,MRM,FUEL&LUBE,163.85
260713001,7/13/2026 2:51:55 PM,T160,Cat 797,904,780,MRM,FUEL&LUBE,18.105
260713001,7/13/2026 3:05:36 PM,T459,Cat 785,544,780,JPM,FUEL&LUBE,38.045
260713001,7/13/2026 3:09:38 PM,T131,Cat 797,844,780,MRM,FUEL&LUBE,19.295
260713001,7/13/2026 3:15:52 PM,T115,Cat 797,926,780,MRM,FUEL&LUBE,14.435
260713001,7/13/2026 3:20:58 PM,T165,Cat 797,921,780,JPM,FUEL&LUBE,30.22
260713001,7/13/2026 3:49:06 PM,T152,Cat 797,216,780,JPM,FUEL&LUBE,27.565
260713001,7/13/2026 4:01:55 PM,T127,Cat 797,2468,780,MRM,FUEL&LUBE,15.85
260713001,7/13/2026 4:04:24 PM,T469,Cat 785,413,780,MRM,FUEL&LUBE,21.045
260713001,7/13/2026 4:11:17 PM,T469,Cat 785,1626,780,MRM,FUEL&LUBE,19.84
260713001,7/13/2026 4:38:07 PM,T114,Cat 797,4,780,MRM,FUEL&LUBE,14.9
260713001,7/13/2026 4:38:11 PM,T114,Cat 797,83,300,MRM,WAIT FOR FUEL BAY,14.9
260713001,7/13/2026 4:39:34 PM,T114,Cat 797,902,780,MRM,FUEL&LUBE,14.9
260713001,7/13/2026 5:28:00 PM,T108,Cat 797,9,780,MRM,FUEL&LUBE,19.415
260713001,7/13/2026 5:28:09 PM,T108,Cat 797,50,300,MRM,WAIT FOR FUEL BAY,19.415
260713001,7/13/2026 5:28:59 PM,T108,Cat 797,645,780,MRM,FUEL&LUBE,19.415
260713001,7/13/2026 5:34:22 PM,T137,Cat 797,968,780,MRM,FUEL&LUBE,26.805
260713001,7/13/2026 5:35:53 PM,T467,Cat 785,7,780,MRM,FUEL&LUBE,24.565
260713001,7/13/2026 5:36:00 PM,T467,Cat 785,303,300,MRM,WAIT FOR FUEL BAY,24.565
260713001,7/13/2026 5:41:03 PM,T467,Cat 785,423,780,MRM,FUEL&LUBE,24.72
260713001,7/13/2026 5:42:28 PM,T132,Cat 797,13,780,MRM,FUEL&LUBE,163.85
260713002,7/13/2026 6:17:52 PM,T154,Cat 797,25,780,JPM,FUEL&LUBE,35.915
260713002,7/13/2026 6:18:17 PM,T154,Cat 797,96,300,JPM,WAIT FOR FUEL BAY,35.915
260713002,7/13/2026 6:19:57 PM,T154,Cat 797,2047,780,JPM,FUEL&LUBE,35.915
260713002,7/13/2026 7:00:42 PM,T147,Cat 797,393,780,JPM,FUEL&LUBE,
260713002,7/13/2026 7:42:57 PM,T109,Cat 797,995,780,MRM,FUEL&LUBE,20.955
260713002,7/13/2026 7:43:10 PM,T132,Cat 797,792,780,MRM,FUEL&LUBE,163.85
260713002,7/13/2026 7:54:24 PM,T124,Cat 797,5,780,MRM,FUEL&LUBE,85.45
260713002,7/13/2026 7:54:29 PM,T124,Cat 797,361,300,MRM,WAIT FOR FUEL BAY,85.45
260713002,7/13/2026 8:00:30 PM,T124,Cat 797,930,780,MRM,FUEL&LUBE,84.85
260713002,7/13/2026 8:35:04 PM,T128,Cat 797,769,780,MRM,FUEL&LUBE,30.475
260713002,7/13/2026 8:51:16 PM,T118,Cat 797,805,780,MRM,FUEL&LUBE,163.85
260713002,7/13/2026 9:17:15 PM,T471,Cat 785,740,780,MRM,FUEL&LUBE,31.19
260713002,7/13/2026 9:19:31 PM,T152,Cat 797,744,780,JPM,FUEL&LUBE,14.48
260713002,7/13/2026 9:38:15 PM,T156,Cat 797,778,780,JPM,FUEL&LUBE,26.17
260713002,7/13/2026 9:41:38 PM,T163,Cat 797,823,780,MRM,FUEL&LUBE,44.165
260713002,7/13/2026 10:17:15 PM,T460,Cat 785,672,780,MRM,FUEL&LUBE,33.58
260713002,7/13/2026 10:43:54 PM,T472,Cat 785,730,780,MRM,FUEL&LUBE,25.335
260713002,7/13/2026 10:47:02 PM,T133,Cat 797,813,780,MRM,FUEL&LUBE,21.195
260713002,7/13/2026 11:20:21 PM,T169,Cat 797,791,780,JPM,FUEL&LUBE,
260713002,7/13/2026 11:29:07 PM,T129,Cat 797,863,780,MRM,FUEL&LUBE,25.54
260713002,7/14/2026 12:01:18 AM,T110,Cat 797,1085,780,MRM,FUEL&LUBE,65.1
260713002,7/14/2026 12:19:44 AM,T470,Cat 785,827,780,MRM,FUEL&LUBE,24.875
260713002,7/14/2026 12:23:35 AM,T112,Cat 797,597,780,MRM,FUEL&LUBE,163.85
260713002,7/14/2026 12:27:34 AM,T451,Cat 789,144,780,MRM,FUEL&LUBE,
260713002,7/14/2026 12:29:58 AM,T451,Cat 789,1239,300,MRM,WAIT FOR FUEL BAY,
260713002,7/14/2026 12:38:06 AM,T101,Cat 797,913,780,MRM,FUEL&LUBE,21.67
260713002,7/14/2026 1:07:36 AM,T168,Cat 797,182,780,JPM,FUEL&LUBE,
260713002,7/14/2026 1:33:22 AM,T144,Cat 797,672,780,JPM,FUEL&LUBE,
260713002,7/14/2026 2:06:13 AM,T458,Cat 785,47,300,JPM,WAIT FOR FUEL BAY,30.555
260713002,7/14/2026 2:07:01 AM,T458,Cat 785,493,780,JPM,FUEL&LUBE,30.555
260713002,7/14/2026 2:20:59 AM,T126,Cat 797,796,780,MRM,FUEL&LUBE,20.48
260713002,7/14/2026 2:30:51 AM,T158,Cat 797,782,780,JPM,FUEL&LUBE,24.905
260713002,7/14/2026 2:34:30 AM,T453,Cat 789,1319,780,MRM,FUEL&LUBE,163.855
260713002,7/14/2026 3:00:03 AM,T162,Cat 797,866,780,MRM,FUEL&LUBE,23.135
260713002,7/14/2026 3:07:04 AM,T157,Cat 797,1018,780,MRM,FUEL&LUBE,18.58
260713002,7/14/2026 3:32:38 AM,T122,Cat 797,847,780,MRM,FUEL&LUBE,22.88
260713002,7/14/2026 3:59:05 AM,T151,Cat 797,851,780,MRM,FUEL&LUBE,24.65
260713002,7/14/2026 4:01:35 AM,T136,Cat 797,909,780,MRM,FUEL&LUBE,19.415
260713002,7/14/2026 4:02:20 AM,T117,Cat 797,1503,780,MRM,FUEL&LUBE,14.79
260713002,7/14/2026 4:32:05 AM,T468,Cat 785,734,780,MRM,FUEL&LUBE,34.38
260713002,7/14/2026 4:33:42 AM,T139,Cat 797,824,780,JPM,FUEL&LUBE,24.4
260713002,7/14/2026 4:52:40 AM,T150,Cat 797,773,780,JPM,FUEL&LUBE,25.16
260713002,7/14/2026 5:05:25 AM,T116,Cat 797,880,780,MRM,FUEL&LUBE,23.26
260714001,7/14/2026 6:00:07 AM,T108,Cat 797,753,780,MRM,FUEL&LUBE,23.135
260714001,7/14/2026 6:19:47 AM,T171,Cat 797,121,300,JPM,WAIT FOR FUEL BAY,
260714001,7/14/2026 6:21:41 AM,T102,Cat 797,721,780,MRM,FUEL&LUBE,23.385
260714001,7/14/2026 6:21:51 AM,T171,Cat 797,994,780,JPM,FUEL&LUBE,
260714001,7/14/2026 6:36:48 AM,T103,Cat 797,864,780,MRM,FUEL&LUBE,95.03
260714001,7/14/2026 6:47:04 AM,T141,Cat 797,684,780,JPM,FUEL&LUBE,30.865
260714001,7/14/2026 6:59:04 AM,T170,Cat 797,877,780,JPM,FUEL&LUBE,
260714001,7/14/2026 7:03:58 AM,T164,Cat 797,1122,780,MRM,FUEL&LUBE,23.765
260714001,7/14/2026 7:11:33 AM,T149,Cat 797,840,780,JPM,FUEL&LUBE,
260714001,7/14/2026 7:33:58 AM,T474,Cat 785,648,780,JPM,FUEL&LUBE,32.785
260714001,7/14/2026 7:36:15 AM,T166,Cat 797,964,780,MRM,FUEL&LUBE,18.225
260714001,7/14/2026 7:50:32 AM,T459,Cat 785,544,780,JPM,FUEL&LUBE,34.7
260714001,7/14/2026 7:55:23 AM,T119,Cat 797,831,780,MRM,FUEL&LUBE,21.79
260714001,7/14/2026 8:05:05 AM,T461,Cat 785,544,780,JPM,FUEL&LUBE,42.94
260714001,7/14/2026 8:11:46 AM,T140,Cat 797,833,780,MRM,FUEL&LUBE,21.67
260714001,7/14/2026 8:21:38 AM,T130,Cat 797,857,780,MRM,FUEL&LUBE,16.325
260714001,7/14/2026 8:27:15 AM,T165,Cat 797,1112,780,JPM,FUEL&LUBE,29.965
260714001,7/14/2026 8:40:51 AM,T132,Cat 797,719,780,MRM,FUEL&LUBE,163.85
260714001,7/14/2026 8:45:49 AM,T118,Cat 797,673,780,MRM,FUEL&LUBE,17.395
260714001,7/14/2026 8:47:05 AM,T128,Cat 797,99,780,MRM,FUEL&LUBE,41.63
260714001,7/14/2026 8:48:44 AM,T128,Cat 797,310,300,MRM,WAIT FOR FUEL BAY,41.63
260714001,7/14/2026 8:53:54 AM,T128,Cat 797,629,780,MRM,FUEL&LUBE,37.77
260714001,7/14/2026 9:19:52 AM,T131,Cat 797,768,780,MRM,FUEL&LUBE,20.365
260714001,7/14/2026 9:37:45 AM,T152,Cat 797,674,780,JPM,FUEL&LUBE,20.6
260714001,7/14/2026 9:41:46 AM,T163,Cat 797,791,780,MRM,FUEL&LUBE,40.645
260714001,7/14/2026 9:49:20 AM,T134,Cat 797,49,780,JPM,FUEL&LUBE,23.765
260714001,7/14/2026 9:50:09 AM,T134,Cat 797,702,780,JPM,FUEL&LUBE,23.765
260714001,7/14/2026 9:52:09 AM,T471,Cat 785,554,780,MRM,FUEL&LUBE,51.645
260714001,7/14/2026 9:56:54 AM,T462,Cat 785,917,780,JPM,FUEL&LUBE,28.55
260714001,7/14/2026 10:00:48 AM,T135,Cat 797,980,780,MRM,FUEL&LUBE,14.87
260714001,7/14/2026 10:07:47 AM,T160,Cat 797,934,780,MRM,FUEL&LUBE,16.8
260714001,7/14/2026 10:20:11 AM,T161,Cat 797,655,780,JPM,FUEL&LUBE,36.445
260714001,7/14/2026 10:30:53 AM,T167,Cat 797,793,780,MRM,FUEL&LUBE,14.83
260714001,7/14/2026 10:31:35 AM,T470,Cat 785,1022,780,MRM,FUEL&LUBE,59.76
260714001,7/14/2026 10:37:14 AM,T147,Cat 797,787,780,JPM,FUEL&LUBE,
260714001,7/14/2026 10:52:27 AM,T137,Cat 797,923,780,MRM,FUEL&LUBE,14.675
260714001,7/14/2026 10:53:42 AM,T129,Cat 797,766,780,MRM,FUEL&LUBE,16.68
260714001,7/14/2026 10:56:15 AM,T169,Cat 797,733,780,JPM,FUEL&LUBE,
260714001,7/14/2026 11:13:11 AM,T144,Cat 797,614,780,JPM,FUEL&LUBE,
260714001,7/14/2026 11:14:59 AM,T120,Cat 797,5,780,MRM,FUEL&LUBE,19.295
260714001,7/14/2026 11:15:04 AM,T120,Cat 797,56,300,MRM,WAIT FOR FUEL BAY,19.295
260714001,7/14/2026 11:16:00 AM,T120,Cat 797,797,780,MRM,FUEL&LUBE,19.295
260714001,7/14/2026 11:21:29 AM,T111,Cat 797,257,780,MRM,FUEL&LUBE,22.025
260714001,7/14/2026 11:41:01 AM,T469,Cat 785,547,780,MRM,FUEL&LUBE,31.83
260714001,7/14/2026 12:01:53 PM,T458,Cat 785,361,780,JPM,FUEL&LUBE,43.44
260714001,7/14/2026 12:02:06 PM,T112,Cat 797,351,300,MRM,WAIT FOR FUEL BAY,163.85
260714001,7/14/2026 12:02:46 PM,T454,Cat 789,777,780,MRM,FUEL&LUBE,41.445
260714001,7/14/2026 12:07:57 PM,T112,Cat 797,867,780,MRM,FUEL&LUBE,163.85
260714001,7/14/2026 12:22:26 PM,T112,Cat 797,1,780,MRM,FUEL&LUBE,76.9
260714001,7/14/2026 12:41:24 PM,T114,Cat 797,1208,780,MRM,FUEL&LUBE,14.845
260714001,7/14/2026 12:43:56 PM,T104,Cat 797,897,780,MRM,FUEL&LUBE,14.8
260714001,7/14/2026 12:51:21 PM,T133,Cat 797,1173,780,MRM,FUEL&LUBE,14.295
260714001,7/14/2026 1:30:18 PM,T106,Cat 797,770,780,MRM,FUEL&LUBE,16.205
260714001,7/14/2026 1:43:31 PM,T463,Cat 785,778,780,JPM,FUEL&LUBE,163.855
260714001,7/14/2026 1:46:30 PM,T123,Cat 797,1337,780,MRM,FUEL&LUBE,23.005
260714001,7/14/2026 2:14:19 PM,T109,Cat 797,964,780,MRM,FUEL&LUBE,19.055
260714001,7/14/2026 2:21:35 PM,T101,Cat 797,814,780,MRM,FUEL&LUBE,16.09
260714001,7/14/2026 2:34:18 PM,T122,Cat 797,772,780,MRM,FUEL&LUBE,3.315
260714001,7/14/2026 2:42:11 PM,T158,Cat 797,859,780,JPM,FUEL&LUBE,29.335
260714001,7/14/2026 2:50:31 PM,T124,Cat 797,1235,780,MRM,FUEL&LUBE,14.35
260714001,7/14/2026 3:00:13 PM,T108,Cat 797,947,780,MRM,FUEL&LUBE,18.225
260714001,7/14/2026 3:15:22 PM,T126,Cat 797,85,780,MRM,FUEL&LUBE,14.195
260714001,7/14/2026 3:16:17 PM,T156,Cat 797,557,780,JPM,FUEL&LUBE,56.415
260714001,7/14/2026 3:20:36 PM,T126,Cat 797,507,780,MRM,FUEL&LUBE,14.085
260714001,7/14/2026 3:40:09 PM,T465,Cat 785,471,780,MRM,FUEL&LUBE,29.62
260714001,7/14/2026 3:51:20 PM,T107,Cat 797,782,780,MRM,FUEL&LUBE,17.395
260714001,7/14/2026 4:01:46 PM,T110,Cat 797,1152,780,MRM,FUEL&LUBE,14.83
260714001,7/14/2026 4:37:56 PM,T115,Cat 797,751,780,MRM,FUEL&LUBE,22.5
260714001,7/14/2026 4:39:37 PM,T154,Cat 797,730,780,JPM,FUEL&LUBE,33.52
260714001,7/14/2026 4:52:34 PM,T149,Cat 797,1064,780,JPM,FUEL&LUBE,
260714001,7/14/2026 5:08:13 PM,T460,Cat 785,34,780,MRM,FUEL&LUBE,21.5
260714001,7/14/2026 5:14:20 PM,T102,Cat 797,703,780,MRM,FUEL&LUBE,47.82
260714001,7/14/2026 5:39:19 PM,T117,Cat 797,3,780,MRM,FUEL&LUBE,15.02
260714001,7/14/2026 5:39:22 PM,T117,Cat 797,52,300,MRM,WAIT FOR FUEL BAY,15.02
260714001,7/14/2026 5:40:14 PM,T117,Cat 797,775,780,MRM,FUEL&LUBE,15.02
260714001,7/14/2026 5:40:43 PM,T162,Cat 797,1130,780,MRM,FUEL&LUBE,17.515
260714002,7/14/2026 6:12:04 PM,T151,Cat 797,16,780,MRM,FUEL&LUBE,18.345
260714002,7/14/2026 6:12:20 PM,T151,Cat 797,905,780,MRM,FUEL&LUBE,18.345
260714002,7/14/2026 6:19:28 PM,T118,Cat 797,912,780,MRM,FUEL&LUBE,18.105
260714002,7/14/2026 6:20:36 PM,T116,Cat 797,41,780,MRM,FUEL&LUBE,18.82
260714002,7/14/2026 6:21:17 PM,T116,Cat 797,339,300,MRM,WAIT FOR FUEL BAY,18.82
260714002,7/14/2026 6:26:52 PM,T467,Cat 785,1014,780,MRM,FUEL&LUBE,24.105
260714002,7/14/2026 6:27:01 PM,T116,Cat 797,901,780,MRM,FUEL&LUBE,18.225
260714002,7/14/2026 6:48:19 PM,T132,Cat 797,60,300,MRM,WAIT FOR FUEL BAY,163.85
260714002,7/14/2026 6:49:19 PM,T132,Cat 797,647,780,MRM,FUEL&LUBE,163.85
260714002,7/14/2026 6:49:21 PM,T150,Cat 797,748,780,JPM,FUEL&LUBE,22.88
260714002,7/14/2026 7:00:09 PM,T132,Cat 797,1,780,MRM,FUEL&LUBE,163.85
260714002,7/14/2026 7:09:22 PM,T157,Cat 797,907,780,MRM,FUEL&LUBE,19.89
260714002,7/14/2026 7:15:23 PM,T136,Cat 797,957,780,MRM,FUEL&LUBE,23.005
260714002,7/14/2026 7:36:14 PM,T134,Cat 797,866,780,JPM,FUEL&LUBE,27.055
260714002,7/14/2026 7:39:12 PM,T128,Cat 797,728,780,MRM,FUEL&LUBE,35.38
260714002,7/14/2026 8:17:17 PM,T164,Cat 797,766,780,MRM,FUEL&LUBE,23.765
260714002,7/14/2026 8:18:09 PM,T152,Cat 797,294,300,JPM,WAIT FOR FUEL BAY,17.75
260714002,7/14/2026 8:23:42 PM,T152,Cat 797,722,780,JPM,FUEL&LUBE,16.205
260714002,7/14/2026 8:37:48 PM,T119,Cat 797,929,780,MRM,FUEL&LUBE,23.765
260714002,7/14/2026 8:46:28 PM,T163,Cat 797,821,780,MRM,FUEL&LUBE,27.69
260714002,7/14/2026 8:50:08 PM,T139,Cat 797,781,780,JPM,FUEL&LUBE,17.515
260714002,7/14/2026 9:05:36 PM,T170,Cat 797,935,780,JPM,FUEL&LUBE,
260714002,7/14/2026 9:15:33 PM,T129,Cat 797,728,780,MRM,FUEL&LUBE,15.255
260714002,7/14/2026 9:21:43 PM,T144,Cat 797,746,780,JPM,FUEL&LUBE,
260714002,7/14/2026 9:33:28 PM,T166,Cat 797,2,780,MRM,FUEL&LUBE,26.295
260714002,7/14/2026 9:33:30 PM,T166,Cat 797,93,300,MRM,WAIT FOR FUEL BAY,26.295
260714002,7/14/2026 9:34:35 PM,T141,Cat 797,859,780,JPM,FUEL&LUBE,16.445
260714002,7/14/2026 9:35:03 PM,T166,Cat 797,783,780,MRM,FUEL&LUBE,26.295
260714002,7/14/2026 9:58:25 PM,T161,Cat 797,721,780,JPM,FUEL&LUBE,21.79
260714002,7/14/2026 10:07:41 PM,T160,Cat 797,789,780,MRM,FUEL&LUBE,22.88
260714002,7/14/2026 10:12:10 PM,T103,Cat 797,859,780,MRM,FUEL&LUBE,19.415
260714002,7/14/2026 10:24:26 PM,T130,Cat 797,846,780,MRM,FUEL&LUBE,16.445
260714002,7/14/2026 10:27:47 PM,T104,Cat 797,782,780,MRM,FUEL&LUBE,20.005
260714002,7/14/2026 10:29:34 PM,T461,Cat 785,788,780,JPM,FUEL&LUBE,32.15
260714002,7/14/2026 10:31:39 PM,T169,Cat 797,588,300,JPM,WAIT FOR FUEL BAY,
260714002,7/14/2026 10:41:43 PM,T169,Cat 797,899,780,JPM,FUEL&LUBE,
260714002,7/14/2026 10:48:21 PM,T133,Cat 797,816,780,MRM,FUEL&LUBE,16.325
260714002,7/14/2026 10:52:58 PM,T456,Cat 785,636,780,MRM,FUEL&LUBE,44.275
260714002,7/14/2026 11:05:34 PM,T131,Cat 797,840,780,MRM,FUEL&LUBE,20.955
260714002,7/14/2026 11:18:48 PM,T458,Cat 785,547,780,JPM,FUEL&LUBE,33.74
260714002,7/14/2026 11:27:25 PM,T451,Cat 789,680,780,MRM,FUEL&LUBE,
260714002,7/14/2026 11:32:20 PM,T140,Cat 797,902,780,MRM,FUEL&LUBE,18.345
260714002,7/14/2026 11:33:53 PM,T167,Cat 797,1145,780,MRM,FUEL&LUBE,16.205
260714002,7/14/2026 11:54:03 PM,T474,Cat 785,1,780,JPM,FUEL&LUBE,86.82
260714002,7/14/2026 11:58:52 PM,T112,Cat 797,3,780,MRM,FUEL&LUBE,23.385
260714002,7/14/2026 11:58:55 PM,T112,Cat 797,59,300,MRM,WAIT FOR FUEL BAY,23.385
260714002,7/14/2026 11:59:54 PM,T112,Cat 797,767,780,MRM,FUEL&LUBE,23.385
260714002,7/15/2026 12:10:04 AM,T147,Cat 797,932,780,JPM,FUEL&LUBE,
260714002,7/15/2026 12:18:19 AM,T120,Cat 797,832,780,MRM,FUEL&LUBE,23.515
260714002,7/15/2026 12:25:27 AM,T122,Cat 797,795,780,MRM,FUEL&LUBE,25.41
260714002,7/15/2026 12:31:13 AM,T463,Cat 785,1133,780,JPM,FUEL&LUBE,163.855
260714002,7/15/2026 12:36:56 AM,T101,Cat 797,693,780,MRM,FUEL&LUBE,17.515
260714002,7/15/2026 12:47:20 AM,T123,Cat 797,783,780,MRM,FUEL&LUBE,16.68
260714002,7/15/2026 12:54:11 AM,T112,Cat 797,445,780,MRM,FUEL&LUBE,163.85
260714002,7/15/2026 12:58:52 AM,T459,Cat 785,580,780,JPM,FUEL&LUBE,32.625
260714002,7/15/2026 1:08:38 AM,T108,Cat 797,769,780,MRM,FUEL&LUBE,18.58
260714002,7/15/2026 1:15:43 AM,T135,Cat 797,873,780,MRM,FUEL&LUBE,16.205
260714002,7/15/2026 1:17:57 AM,T127,Cat 797,281,300,MRM,WAIT FOR FUEL BAY,19.295
260714002,7/15/2026 1:22:38 AM,T127,Cat 797,812,780,MRM,FUEL&LUBE,19.055
260714002,7/15/2026 1:35:23 AM,T466,Cat 785,591,780,MRM,FUEL&LUBE,85.68
260714002,7/15/2026 1:36:12 AM,T127,Cat 797,8,780,MRM,FUEL&LUBE,64.5
260714002,7/15/2026 1:36:25 AM,T127,Cat 797,2,780,MRM,FUEL&LUBE,64.5
260714002,7/15/2026 1:48:23 AM,T114,Cat 797,962,780,MRM,FUEL&LUBE,18.82
260714002,7/15/2026 1:51:33 AM,T137,Cat 797,937,780,MRM,FUEL&LUBE,17.155
260714002,7/15/2026 2:11:25 AM,T106,Cat 797,805,780,MRM,FUEL&LUBE,17.155
260714002,7/15/2026 2:13:34 AM,T158,Cat 797,879,780,JPM,FUEL&LUBE,26.045
260714002,7/15/2026 2:29:36 AM,T111,Cat 797,880,780,MRM,FUEL&LUBE,22.755
260714002,7/15/2026 2:56:18 AM,T472,Cat 785,952,780,MRM,FUEL&LUBE,19.695
260714002,7/15/2026 3:02:12 AM,T126,Cat 797,757,780,MRM,FUEL&LUBE,15.02
260714002,7/15/2026 3:04:25 AM,T156,Cat 797,851,780,JPM,FUEL&LUBE,23.385
260714002,7/15/2026 3:10:18 AM,T101,Cat 797,5,300,MRM,WAIT FOR FUEL BAY,88.5
260714002,7/15/2026 3:13:34 AM,T471,Cat 785,27,780,MRM,FUEL&LUBE,38.68
260714002,7/15/2026 3:14:01 AM,T471,Cat 785,512,780,MRM,FUEL&LUBE,38.68
260714002,7/15/2026 3:33:49 AM,T102,Cat 797,871,780,MRM,FUEL&LUBE,19.055
260714002,7/15/2026 3:41:29 AM,T107,Cat 797,46,780,MRM,FUEL&LUBE,24.27
260714002,7/15/2026 3:50:06 AM,T107,Cat 797,269,780,MRM,FUEL&LUBE,25.54
260714002,7/15/2026 3:52:21 AM,T149,Cat 797,756,780,JPM,FUEL&LUBE,
260714002,7/15/2026 4:06:08 AM,T117,Cat 797,686,780,MRM,FUEL&LUBE,22.025
260714002,7/15/2026 4:16:07 AM,T154,Cat 797,764,780,JPM,FUEL&LUBE,22.025
260714002,7/15/2026 4:16:29 AM,T113,Cat 797,726,780,MRM,FUEL&LUBE,17.04
260714002,7/15/2026 4:25:06 AM,T109,Cat 797,925,780,MRM,FUEL&LUBE,20.6
260714002,7/15/2026 4:59:44 AM,T115,Cat 797,3,780,MRM,FUEL&LUBE,23.515
260714002,7/15/2026 4:59:47 AM,T115,Cat 797,139,300,MRM,WAIT FOR FUEL BAY,23.515
260714002,7/15/2026 5:02:06 AM,T115,Cat 797,782,780,MRM,FUEL&LUBE,23.64
260714002,7/15/2026 5:51:40 AM,T118,Cat 797,500,780,MRM,FUEL&LUBE,14.8
260715001,7/15/2026 6:00:00 AM,T118,Cat 797,252,780,MRM,FUEL&LUBE,14.675
260715001,7/15/2026 6:41:29 AM,T152,Cat 797,763,780,JPM,FUEL&LUBE,17.395
260715001,7/15/2026 6:45:59 AM,T124,Cat 797,809,780,MRM,FUEL&LUBE,25.03
260715001,7/15/2026 7:03:04 AM,T150,Cat 797,961,780,JPM,FUEL&LUBE,18.465
260715001,7/15/2026 7:18:40 AM,T151,Cat 797,843,780,MRM,FUEL&LUBE,21.075
260715001,7/15/2026 7:24:07 AM,T129,Cat 797,708,780,MRM,FUEL&LUBE,17.04
260715001,7/15/2026 7:24:21 AM,T144,Cat 797,771,780,JPM,FUEL&LUBE,
260715001,7/15/2026 7:44:00 AM,T116,Cat 797,335,780,MRM,FUEL&LUBE,19.175
260715001,7/15/2026 7:46:28 AM,T139,Cat 797,776,780,JPM,FUEL&LUBE,29.59
260715001,7/15/2026 7:46:57 AM,T454,Cat 789,687,780,MRM,FUEL&LUBE,30.15
260715001,7/15/2026 7:49:35 AM,T116,Cat 797,941,780,MRM,FUEL&LUBE,17.87
260715001,7/15/2026 8:09:25 AM,T169,Cat 797,709,780,JPM,FUEL&LUBE,
260715001,7/15/2026 8:12:28 AM,T128,Cat 797,3,780,MRM,FUEL&LUBE,25.54
260715001,7/15/2026 8:12:31 AM,T128,Cat 797,88,300,MRM,WAIT FOR FUEL BAY,25.54
260715001,7/15/2026 8:13:59 AM,T128,Cat 797,680,780,MRM,FUEL&LUBE,25.54
260715001,7/15/2026 8:14:06 AM,T453,Cat 789,532,780,MRM,FUEL&LUBE,32.405
260715001,7/15/2026 8:42:39 AM,T110,Cat 797,966,780,MRM,FUEL&LUBE,14.9
260715001,7/15/2026 8:48:16 AM,T141,Cat 797,765,780,JPM,FUEL&LUBE,28.7
260715001,7/15/2026 8:50:11 AM,T157,Cat 797,809,780,MRM,FUEL&LUBE,16.445
260715001,7/15/2026 8:58:07 AM,T163,Cat 797,74,300,MRM,WAIT FOR FUEL BAY,62.25
260715001,7/15/2026 8:59:30 AM,T163,Cat 797,587,780,MRM,FUEL&LUBE,62.55
260715001,7/15/2026 9:00:48 AM,T133,Cat 797,7,780,MRM,FUEL&LUBE,14.675
260715001,7/15/2026 9:00:55 AM,T133,Cat 797,182,300,MRM,WAIT FOR FUEL BAY,14.675
260715001,7/15/2026 9:03:57 AM,T133,Cat 797,746,780,MRM,FUEL&LUBE,14.465
260715001,7/15/2026 9:19:13 AM,T161,Cat 797,689,780,JPM,FUEL&LUBE,31.13
260715001,7/15/2026 9:23:08 AM,T104,Cat 797,782,780,MRM,FUEL&LUBE,16.325
260715001,7/15/2026 9:33:26 AM,T458,Cat 785,512,780,JPM,FUEL&LUBE,42.605
260715001,7/15/2026 9:36:12 AM,T136,Cat 797,885,780,MRM,FUEL&LUBE,14.86
260715001,7/15/2026 9:36:50 AM,T103,Cat 797,676,780,MRM,FUEL&LUBE,33.79
260715001,7/15/2026 9:45:20 AM,T470,Cat 785,36,780,MRM,FUEL&LUBE,24.875
260715001,7/15/2026 9:45:56 AM,T470,Cat 785,193,300,MRM,WAIT FOR FUEL BAY,24.415
260715001,7/15/2026 9:49:09 AM,T470,Cat 785,534,780,MRM,FUEL&LUBE,24.415
260715001,7/15/2026 10:00:21 AM,T170,Cat 797,902,780,JPM,FUEL&LUBE,
260715001,7/15/2026 10:06:36 AM,T130,Cat 797,869,780,MRM,FUEL&LUBE,22.145
260715001,7/15/2026 10:20:52 AM,T165,Cat 797,711,780,JPM,FUEL&LUBE,23.385
260715001,7/15/2026 10:30:37 AM,T456,Cat 785,501,780,MRM,FUEL&LUBE,52.16
260715001,7/15/2026 10:35:20 AM,T468,Cat 785,712,780,MRM,FUEL&LUBE,24.565
260715001,7/15/2026 10:42:29 AM,T462,Cat 785,393,780,JPM,FUEL&LUBE,42.775
260715001,7/15/2026 10:54:07 AM,T123,Cat 797,669,780,MRM,FUEL&LUBE,16.205
260715001,7/15/2026 10:54:08 AM,T463,Cat 785,712,780,JPM,FUEL&LUBE,163.855
260715001,7/15/2026 11:01:25 AM,T164,Cat 797,1068,780,MRM,FUEL&LUBE,16.205
260715001,7/15/2026 11:19:22 AM,T454,Cat 789,617,780,MRM,FUEL&LUBE,92.335
260715001,7/15/2026 11:21:09 AM,T101,Cat 797,718,780,MRM,FUEL&LUBE,16.92
260715001,7/15/2026 11:26:01 AM,T108,Cat 797,1314,780,MRM,FUEL&LUBE,14.575
260715001,7/15/2026 11:32:29 AM,T122,Cat 797,682,780,MRM,FUEL&LUBE,16.325
260715001,7/15/2026 11:34:44 AM,T112,Cat 797,8,780,MRM,FUEL&LUBE,163.85
260715001,7/15/2026 11:34:52 AM,T112,Cat 797,307,300,MRM,WAIT FOR FUEL BAY,163.85
260715001,7/15/2026 11:39:51 AM,T133,Cat 797,6,780,MRM,FUEL&LUBE,88.595
260715001,7/15/2026 11:39:57 AM,T133,Cat 797,475,300,MRM,WAIT FOR FUEL BAY,88.595
260715001,7/15/2026 11:39:59 AM,T112,Cat 797,282,300,MRM,WAIT FOR FUEL BAY,163.85
260715001,7/15/2026 11:44:41 AM,T112,Cat 797,705,780,MRM,FUEL&LUBE,163.85
260715001,7/15/2026 11:47:52 AM,T133,Cat 797,463,780,MRM,FUEL&LUBE,88.025
260715001,7/15/2026 11:51:40 AM,T119,Cat 797,2,780,MRM,FUEL&LUBE,17.155
260715001,7/15/2026 11:51:42 AM,T119,Cat 797,302,300,MRM,WAIT FOR FUEL BAY,17.155
260715001,7/15/2026 11:51:57 AM,T147,Cat 797,39,780,JPM,FUEL&LUBE,
260715001,7/15/2026 11:52:36 AM,T147,Cat 797,783,780,JPM,FUEL&LUBE,
260715001,7/15/2026 11:56:44 AM,T119,Cat 797,759,780,MRM,FUEL&LUBE,16.565
260715001,7/15/2026 12:14:59 PM,T171,Cat 797,827,780,JPM,FUEL&LUBE,
260715001,7/15/2026 12:22:09 PM,T160,Cat 797,1027,780,MRM,FUEL&LUBE,14.9
260715001,7/15/2026 12:36:52 PM,T166,Cat 797,882,780,MRM,FUEL&LUBE,14.87
260715001,7/15/2026 12:38:54 PM,T467,Cat 785,398,780,MRM,FUEL&LUBE,42.105
260715001,7/15/2026 12:54:41 PM,T167,Cat 797,877,780,MRM,FUEL&LUBE,16.325
260715001,7/15/2026 12:56:40 PM,T471,Cat 785,514,780,MRM,FUEL&LUBE,62.005
260715001,7/15/2026 1:24:01 PM,T461,Cat 785,1230,780,JPM,FUEL&LUBE,36.29
260715001,7/15/2026 1:42:33 PM,T131,Cat 797,843,780,MRM,FUEL&LUBE,14.705
260715001,7/15/2026 1:45:31 PM,T469,Cat 785,574,780,MRM,FUEL&LUBE,23.035
260715001,7/15/2026 1:51:12 PM,T166,Cat 797,377,780,MRM,FUEL&LUBE,98.38
260715001,7/15/2026 2:01:48 PM,T134,Cat 797,875,780,JPM,FUEL&LUBE,16.09
260715001,7/15/2026 2:29:24 PM,T135,Cat 797,876,780,MRM,FUEL&LUBE,16.92
260715001,7/15/2026 2:30:15 PM,T126,Cat 797,696,780,MRM,FUEL&LUBE,14.86
260715001,7/15/2026 2:31:23 PM,T127,Cat 797,65,780,MRM,FUEL&LUBE,19.175
260715001,7/15/2026 2:32:28 PM,T127,Cat 797,679,300,MRM,WAIT FOR FUEL BAY,19.175
260715001,7/15/2026 2:32:51 PM,T158,Cat 797,758,780,JPM,FUEL&LUBE,16.205
260715001,7/15/2026 2:34:48 PM,T166,Cat 797,728,780,MRM,FUEL&LUBE,96.07
260715001,7/15/2026 2:44:04 PM,T152,Cat 797,759,780,JPM,FUEL&LUBE,26.55
260715001,7/15/2026 2:44:39 PM,T127,Cat 797,760,780,MRM,FUEL&LUBE,19.055
260715001,7/15/2026 2:54:32 PM,T140,Cat 797,984,780,MRM,FUEL&LUBE,14.59
260715001,7/15/2026 2:55:38 PM,T102,Cat 797,19,780,MRM,FUEL&LUBE,15.02
260715001,7/15/2026 2:55:57 PM,T102,Cat 797,305,300,MRM,WAIT FOR FUEL BAY,14.815
260715001,7/15/2026 3:01:09 PM,T102,Cat 797,726,780,MRM,FUEL&LUBE,14.745
260715001,7/15/2026 3:02:52 PM,T114,Cat 797,6,780,MRM,FUEL&LUBE,15.85
260715001,7/15/2026 3:02:56 PM,T149,Cat 797,996,780,JPM,FUEL&LUBE,
260715001,7/15/2026 3:02:58 PM,T114,Cat 797,425,300,MRM,WAIT FOR FUEL BAY,15.85
260715001,7/15/2026 3:10:03 PM,T114,Cat 797,742,780,MRM,FUEL&LUBE,16.68
260715001,7/15/2026 3:12:00 PM,T118,Cat 797,107,300,MRM,WAIT FOR FUEL BAY,14.07
260715001,7/15/2026 3:14:24 PM,T118,Cat 797,687,780,MRM,FUEL&LUBE,14.07
260715001,7/15/2026 3:16:11 PM,T156,Cat 797,277,300,JPM,WAIT FOR FUEL BAY,20.245
260715001,7/15/2026 3:20:49 PM,T156,Cat 797,838,780,JPM,FUEL&LUBE,18.94
260715001,7/15/2026 3:32:42 PM,T113,Cat 797,838,780,MRM,FUEL&LUBE,16.09
260715001,7/15/2026 3:38:05 PM,T117,Cat 797,879,780,MRM,FUEL&LUBE,15.85
260715001,7/15/2026 3:39:02 PM,T106,Cat 797,433,300,MRM,WAIT FOR FUEL BAY,17.63
260715001,7/15/2026 3:46:16 PM,T106,Cat 797,798,780,MRM,FUEL&LUBE,16.205
260715001,7/15/2026 3:59:51 PM,T154,Cat 797,854,780,JPM,FUEL&LUBE,15.02
260715001,7/15/2026 4:22:13 PM,T150,Cat 797,865,780,JPM,FUEL&LUBE,29.08
260715001,7/15/2026 4:25:23 PM,T144,Cat 797,667,300,JPM,WAIT FOR FUEL BAY,
260715001,7/15/2026 4:31:05 PM,T137,Cat 797,1033,780,MRM,FUEL&LUBE,14.605
260715001,7/15/2026 4:32:54 PM,T120,Cat 797,879,780,MRM,FUEL&LUBE,18.225
260715001,7/15/2026 4:36:33 PM,T144,Cat 797,649,780,JPM,FUEL&LUBE,
260715001,7/15/2026 4:47:11 PM,T139,Cat 797,93,780,JPM,FUEL&LUBE,39.665
260715001,7/15/2026 4:48:44 PM,T139,Cat 797,550,780,JPM,FUEL&LUBE,39.665
260715001,7/15/2026 4:58:29 PM,T107,Cat 797,5,780,MRM,FUEL&LUBE,14.8
260715001,7/15/2026 4:58:34 PM,T107,Cat 797,838,300,MRM,WAIT FOR FUEL BAY,14.8
260715002,7/15/2026 7:05:18 PM,T109,Cat 797,33,780,MRM,FUEL&LUBE,15.615
260715002,7/15/2026 7:05:51 PM,T109,Cat 797,109,300,MRM,WAIT FOR FUEL BAY,15.615
260715002,7/15/2026 7:07:40 PM,T109,Cat 797,874,780,MRM,FUEL&LUBE,15.615
260715002,7/15/2026 7:26:20 PM,T465,Cat 785,672,780,MRM,FUEL&LUBE,20.43
260715002,7/15/2026 7:28:58 PM,T129,Cat 797,14,780,MRM,FUEL&LUBE,19.89
260715002,7/15/2026 7:29:12 PM,T129,Cat 797,703,780,MRM,FUEL&LUBE,19.89
260715002,7/15/2026 7:44:35 PM,T466,Cat 785,620,780,MRM,FUEL&LUBE,31.83
260715002,7/15/2026 7:56:23 PM,T104,Cat 797,840,780,MRM,FUEL&LUBE,17.275
260715002,7/15/2026 8:04:49 PM,T459,Cat 785,1027,780,JPM,FUEL&LUBE,23.495
260715002,7/15/2026 8:05:27 PM,T460,Cat 785,27,780,MRM,FUEL&LUBE,26.405
260715002,7/15/2026 8:05:57 PM,T460,Cat 785,35,780,MRM,FUEL&LUBE,26.405
260715002,7/15/2026 8:08:18 PM,T474,Cat 785,827,300,JPM,WAIT FOR FUEL BAY,23.19
260715002,7/15/2026 8:13:03 PM,T124,Cat 797,1076,780,MRM,FUEL&LUBE,15.73
260715002,7/15/2026 8:19:00 PM,T163,Cat 797,905,780,MRM,FUEL&LUBE,39.805
260715002,7/15/2026 8:39:50 PM,T459,Cat 785,565,780,JPM,FUEL&LUBE,23.035
260715002,7/15/2026 8:48:47 PM,T474,Cat 785,508,780,JPM,FUEL&LUBE,22.73
260715002,7/15/2026 8:54:35 PM,T123,Cat 797,961,780,MRM,FUEL&LUBE,39.805
260715002,7/15/2026 9:10:31 PM,T458,Cat 785,1041,780,JPM,FUEL&LUBE,29.775
260715002,7/15/2026 9:26:37 PM,T108,Cat 797,783,780,MRM,FUEL&LUBE,22.38
260715002,7/15/2026 9:28:35 PM,T122,Cat 797,589,300,MRM,WAIT FOR FUEL BAY,22.625
260715002,7/15/2026 9:38:50 PM,T122,Cat 797,622,780,MRM,FUEL&LUBE,22.265
260715002,7/15/2026 9:44:11 PM,T128,Cat 797,41,780,MRM,FUEL&LUBE,31.265
260715002,7/15/2026 9:44:52 PM,T128,Cat 797,44,300,MRM,WAIT FOR FUEL BAY,31.265
260715002,7/15/2026 9:45:36 PM,T128,Cat 797,881,780,MRM,FUEL&LUBE,32.06
260715002,7/15/2026 9:48:50 PM,T141,Cat 797,878,780,JPM,FUEL&LUBE,25.665
260715002,7/15/2026 9:51:30 PM,T112,Cat 797,600,780,MRM,FUEL&LUBE,163.85
260715002,7/15/2026 10:11:43 PM,T116,Cat 797,815,780,MRM,FUEL&LUBE,21.905
260715002,7/15/2026 10:20:56 PM,T451,Cat 789,1015,780,MRM,FUEL&LUBE,
260715002,7/15/2026 10:47:58 PM,T151,Cat 797,4,780,MRM,FUEL&LUBE,19.055
260715002,7/15/2026 10:48:02 PM,T151,Cat 797,45,300,MRM,WAIT FOR FUEL BAY,19.055
260715002,7/15/2026 10:48:47 PM,T151,Cat 797,741,780,MRM,FUEL&LUBE,19.055
260715002,7/15/2026 11:15:00 PM,T115,Cat 797,1394,780,MRM,FUEL&LUBE,16.445
260715002,7/15/2026 11:19:18 PM,T472,Cat 785,751,780,MRM,FUEL&LUBE,26.56
260715002,7/15/2026 11:49:58 PM,T165,Cat 797,818,780,JPM,FUEL&LUBE,31.265
260715002,7/16/2026 12:03:01 AM,T133,Cat 797,681,780,MRM,FUEL&LUBE,20.48
260715002,7/16/2026 12:21:43 AM,T103,Cat 797,897,780,MRM,FUEL&LUBE,21.315
260715002,7/16/2026 12:37:45 AM,T111,Cat 797,785,780,MRM,FUEL&LUBE,23.005
260715002,7/16/2026 12:50:55 AM,T111,Cat 797,7,780,MRM,FUEL&LUBE,76.595
260715002,7/16/2026 1:11:03 AM,T456,Cat 785,493,780,MRM,FUEL&LUBE,39.32
260715002,7/16/2026 1:39:19 AM,T157,Cat 797,843,780,MRM,FUEL&LUBE,24.02
260715002,7/16/2026 1:52:20 AM,T118,Cat 797,12,780,MRM,FUEL&LUBE,33.79
260715002,7/16/2026 1:52:32 AM,T118,Cat 797,57,300,MRM,WAIT FOR FUEL BAY,33.79
260715002,7/16/2026 1:53:29 AM,T118,Cat 797,626,780,MRM,FUEL&LUBE,33.79
260715002,7/16/2026 1:54:07 AM,T101,Cat 797,789,780,MRM,FUEL&LUBE,20.72
260715002,7/16/2026 2:19:49 AM,T167,Cat 797,876,780,MRM,FUEL&LUBE,24.525
260715002,7/16/2026 2:41:52 AM,T113,Cat 797,687,780,MRM,FUEL&LUBE,22.88
260715002,7/16/2026 3:09:08 AM,T139,Cat 797,1085,780,JPM,FUEL&LUBE,36.18
260715002,7/16/2026 3:25:09 AM,T117,Cat 797,752,780,MRM,FUEL&LUBE,23.765
260715002,7/16/2026 3:51:58 AM,T110,Cat 797,908,780,MRM,FUEL&LUBE,22.145
260715002,7/16/2026 4:05:30 AM,T136,Cat 797,82,300,MRM,WAIT FOR FUEL BAY,18.94
260715002,7/16/2026 4:06:52 AM,T136,Cat 797,759,780,MRM,FUEL&LUBE,18.94
260715002,7/16/2026 4:19:35 AM,T136,Cat 797,6,780,MRM,FUEL&LUBE,25.16
260715002,7/16/2026 4:20:23 AM,T144,Cat 797,791,780,JPM,FUEL&LUBE,
260715002,7/16/2026 4:43:17 AM,T470,Cat 785,723,780,MRM,FUEL&LUBE,31.83
260715002,7/16/2026 4:49:02 AM,T147,Cat 797,990,780,JPM,FUEL&LUBE,
260715002,7/16/2026 4:58:21 AM,T140,Cat 797,881,780,MRM,FUEL&LUBE,22.265
260715002,7/16/2026 5:57:11 AM,T114,Cat 797,169,780,MRM,FUEL&LUBE,24.02
260716001,7/16/2026 6:00:00 AM,T114,Cat 797,792,780,MRM,FUEL&LUBE,22.625
260716001,7/16/2026 6:01:14 AM,T119,Cat 797,820,780,MRM,FUEL&LUBE,14.69
260716001,7/16/2026 6:15:12 AM,T126,Cat 797,702,780,MRM,FUEL&LUBE,18.225
260716001,7/16/2026 6:15:55 AM,T102,Cat 797,709,780,MRM,FUEL&LUBE,18.345
260716001,7/16/2026 6:28:11 AM,T160,Cat 797,911,780,MRM,FUEL&LUBE,14.775
260716001,7/16/2026 6:34:53 AM,T106,Cat 797,772,780,MRM,FUEL&LUBE,18.58
260716001,7/16/2026 6:48:59 AM,T149,Cat 797,771,780,JPM,FUEL&LUBE,
260716001,7/16/2026 6:53:22 AM,T164,Cat 797,1197,780,MRM,FUEL&LUBE,15.375
260716001,7/16/2026 6:56:45 AM,T135,Cat 797,1047,780,MRM,FUEL&LUBE,18.465
260716001,7/16/2026 7:03:34 AM,T170,Cat 797,15,780,JPM,FUEL&LUBE,
260716001,7/16/2026 7:03:49 AM,T170,Cat 797,63,300,JPM,WAIT FOR FUEL BAY,
260716001,7/16/2026 7:04:52 AM,T170,Cat 797,921,780,JPM,FUEL&LUBE,
260716001,7/16/2026 7:12:51 AM,T103,Cat 797,670,780,MRM,FUEL&LUBE,70.23
260716001,7/16/2026 7:30:09 AM,T161,Cat 797,896,780,JPM,FUEL&LUBE,16.92
260716001,7/16/2026 7:41:26 AM,T162,Cat 797,1079,780,MRM,FUEL&LUBE,18.345
260716001,7/16/2026 7:41:48 AM,T122,Cat 797,34,780,MRM,FUEL&LUBE,23.765
260716001,7/16/2026 7:42:22 AM,T122,Cat 797,670,780,MRM,FUEL&LUBE,23.765
260716001,7/16/2026 7:52:22 AM,T158,Cat 797,811,780,JPM,FUEL&LUBE,17.275
260716001,7/16/2026 8:02:08 AM,T108,Cat 797,44,780,MRM,FUEL&LUBE,18.465
260716001,7/16/2026 8:02:52 AM,T108,Cat 797,400,300,MRM,WAIT FOR FUEL BAY,18.465
260716001,7/16/2026 8:08:34 AM,T131,Cat 797,30,780,MRM,FUEL&LUBE,14.83
260716001,7/16/2026 8:09:04 AM,T131,Cat 797,710,780,MRM,FUEL&LUBE,14.83
260716001,7/16/2026 8:09:32 AM,T108,Cat 797,1121,780,MRM,FUEL&LUBE,18.345
260716001,7/16/2026 8:17:16 AM,T163,Cat 797,1278,780,MRM,FUEL&LUBE,30.6
260716001,7/16/2026 8:30:00 AM,T134,Cat 797,875,780,JPM,FUEL&LUBE,14.8
260716001,7/16/2026 8:37:17 AM,T129,Cat 797,96,780,MRM,FUEL&LUBE,16.68
260716001,7/16/2026 8:38:53 AM,T129,Cat 797,640,780,MRM,FUEL&LUBE,16.68
260716001,7/16/2026 8:44:01 AM,T123,Cat 797,766,780,MRM,FUEL&LUBE,17.04
260716001,7/16/2026 8:49:05 AM,T461,Cat 785,741,780,JPM,FUEL&LUBE,30.875
260716001,7/16/2026 9:00:42 AM,T127,Cat 797,807,780,MRM,FUEL&LUBE,14.535
260716001,7/16/2026 9:07:43 AM,T454,Cat 789,1066,780,MRM,FUEL&LUBE,21.715
260716001,7/16/2026 9:10:08 AM,T137,Cat 797,859,780,MRM,FUEL&LUBE,18.7
260716001,7/16/2026 9:31:38 AM,T156,Cat 797,786,780,JPM,FUEL&LUBE,14.76
260716001,7/16/2026 9:37:51 AM,T107,Cat 797,826,780,MRM,FUEL&LUBE,14.705
260716001,7/16/2026 9:53:44 AM,T169,Cat 797,891,780,JPM,FUEL&LUBE,
260716001,7/16/2026 9:55:39 AM,T109,Cat 797,993,780,MRM,FUEL&LUBE,16.205
260716001,7/16/2026 9:56:06 AM,T104,Cat 797,10,780,MRM,FUEL&LUBE,14.73
260716001,7/16/2026 9:56:16 AM,T104,Cat 797,1062,300,MRM,WAIT FOR FUEL BAY,14.73
260716001,7/16/2026 10:14:08 AM,T128,Cat 797,814,780,MRM,FUEL&LUBE,20.955
260716001,7/16/2026 10:23:12 AM,T171,Cat 797,904,780,JPM,FUEL&LUBE,
260716001,7/16/2026 10:32:28 AM,T164,Cat 797,454,780,MRM,FUEL&LUBE,90.12
260716001,7/16/2026 10:35:43 AM,T112,Cat 797,758,780,MRM,FUEL&LUBE,163.85
260716001,7/16/2026 10:42:44 AM,T150,Cat 797,818,780,JPM,FUEL&LUBE,23.26
260716001,7/16/2026 10:52:26 AM,T468,Cat 785,619,780,MRM,FUEL&LUBE,25.64
260716001,7/16/2026 11:00:42 AM,T133,Cat 797,621,780,MRM,FUEL&LUBE,21.905
260716001,7/16/2026 11:12:39 AM,T453,Cat 789,658,780,MRM,FUEL&LUBE,22.69
260716001,7/16/2026 11:22:05 AM,T120,Cat 797,836,780,MRM,FUEL&LUBE,18.7
260716001,7/16/2026 11:27:50 AM,T116,Cat 797,838,780,MRM,FUEL&LUBE,16.325
260716001,7/16/2026 11:31:12 AM,T154,Cat 797,903,780,JPM,FUEL&LUBE,16.445
260716001,7/16/2026 11:51:30 AM,T151,Cat 797,5,780,MRM,FUEL&LUBE,18.82
260716001,7/16/2026 11:51:35 AM,T151,Cat 797,29,300,MRM,WAIT FOR FUEL BAY,18.82
260716001,7/16/2026 11:52:04 AM,T151,Cat 797,848,780,MRM,FUEL&LUBE,18.82
260716001,7/16/2026 12:01:43 PM,T118,Cat 797,1183,780,MRM,FUEL&LUBE,15.375
260716001,7/16/2026 12:03:43 PM,T124,Cat 797,879,780,MRM,FUEL&LUBE,16.205
260716001,7/16/2026 12:09:22 PM,T458,Cat 785,575,780,JPM,FUEL&LUBE,28.245
260716001,7/16/2026 12:29:10 PM,T101,Cat 797,758,780,MRM,FUEL&LUBE,16.68
260716001,7/16/2026 12:40:54 PM,T115,Cat 797,5,780,MRM,FUEL&LUBE,21.79
260716001,7/16/2026 12:40:59 PM,T115,Cat 797,269,300,MRM,WAIT FOR FUEL BAY,21.79
260716001,7/16/2026 12:44:25 PM,T460,Cat 785,24,780,MRM,FUEL&LUBE,45.28
260716001,7/16/2026 12:45:28 PM,T115,Cat 797,796,780,MRM,FUEL&LUBE,20.48
260716001,7/16/2026 1:03:34 PM,T456,Cat 785,717,780,MRM,FUEL&LUBE,61.145
260716001,7/16/2026 1:31:08 PM,T467,Cat 785,582,780,MRM,FUEL&LUBE,28.705
260716001,7/16/2026 1:43:09 PM,T467,Cat 785,45,780,MRM,FUEL&LUBE,78.775
260716001,7/16/2026 2:13:46 PM,T474,Cat 785,632,780,JPM,FUEL&LUBE,35.015
260716001,7/16/2026 2:15:57 PM,T113,Cat 797,841,780,MRM,FUEL&LUBE,14.115
260716001,7/16/2026 2:42:00 PM,T125,Cat 797,773,780,MRM,FUEL&LUBE,18.7
260716001,7/16/2026 2:49:26 PM,T152,Cat 797,703,780,JPM,FUEL&LUBE,17.275
260716001,7/16/2026 2:59:21 PM,T471,Cat 785,500,780,MRM,FUEL&LUBE,25.64
260716001,7/16/2026 3:25:21 PM,T144,Cat 797,546,780,JPM,FUEL&LUBE,
260716001,7/16/2026 3:29:52 PM,T157,Cat 797,27,780,MRM,FUEL&LUBE,20.245
260716001,7/16/2026 4:05:27 PM,T157,Cat 797,941,780,MRM,FUEL&LUBE,16.8
260716001,7/16/2026 4:10:33 PM,T167,Cat 797,872,780,MRM,FUEL&LUBE,16.8
260716001,7/16/2026 4:23:37 PM,T459,Cat 785,507,780,JPM,FUEL&LUBE,35.655
260716001,7/16/2026 4:52:42 PM,T139,Cat 797,853,780,JPM,FUEL&LUBE,19.89
260716001,7/16/2026 5:27:39 PM,T126,Cat 797,107,780,MRM,FUEL&LUBE,15.255
260716001,7/16/2026 5:29:26 PM,T126,Cat 797,713,780,MRM,FUEL&LUBE,15.255
260716001,7/16/2026 5:29:44 PM,T462,Cat 785,6,780,JPM,FUEL&LUBE,35.975
260716001,7/16/2026 5:29:50 PM,T462,Cat 785,450,300,JPM,WAIT FOR FUEL BAY,35.975
260716001,7/16/2026 5:33:59 PM,T102,Cat 797,53,780,MRM,FUEL&LUBE,15.85
260716001,7/16/2026 5:35:23 PM,T102,Cat 797,98,300,MRM,WAIT FOR FUEL BAY,15.85
260716001,7/16/2026 5:37:01 PM,T102,Cat 797,661,780,MRM,FUEL&LUBE,15.85
260716001,7/16/2026 5:37:23 PM,T462,Cat 785,33,780,JPM,FUEL&LUBE,35.495
260716001,7/16/2026 5:57:39 PM,T165,Cat 797,30,780,JPM,FUEL&LUBE,22.145
260716002,7/16/2026 6:03:12 PM,T134,Cat 797,1,780,JPM,FUEL&LUBE,20.005
260716002,7/16/2026 6:08:22 PM,T108,Cat 797,717,780,MRM,FUEL&LUBE,20.955
260716002,7/16/2026 6:09:09 PM,T141,Cat 797,833,780,JPM,FUEL&LUBE,25.54
260716002,7/16/2026 6:16:14 PM,T136,Cat 797,14,780,MRM,FUEL&LUBE,18.465
260716002,7/16/2026 6:16:28 PM,T136,Cat 797,63,300,MRM,WAIT FOR FUEL BAY,16.92
260716002,7/16/2026 6:17:31 PM,T136,Cat 797,765,780,MRM,FUEL&LUBE,16.92
260716002,7/16/2026 6:26:03 PM,T122,Cat 797,1016,780,MRM,FUEL&LUBE,21.43
260716002,7/16/2026 6:32:43 PM,T134,Cat 797,9,780,JPM,FUEL&LUBE,15.375
260716002,7/16/2026 6:32:52 PM,T134,Cat 797,49,300,JPM,WAIT FOR FUEL BAY,15.375
260716002,7/16/2026 6:33:41 PM,T134,Cat 797,682,780,JPM,FUEL&LUBE,15.375
260716002,7/16/2026 6:34:01 PM,T472,Cat 785,659,780,MRM,FUEL&LUBE,42.605
260716002,7/16/2026 6:41:55 PM,T165,Cat 797,8,780,JPM,FUEL&LUBE,18.82
260716002,7/16/2026 6:42:03 PM,T165,Cat 797,955,300,JPM,WAIT FOR FUEL BAY,18.82
260716002,7/16/2026 6:52:26 PM,T149,Cat 797,380,300,JPM,WAIT FOR FUEL BAY,
260716002,7/16/2026 6:58:46 PM,T149,Cat 797,761,780,JPM,FUEL&LUBE,
260716002,7/16/2026 7:07:08 PM,T114,Cat 797,7,780,MRM,FUEL&LUBE,19.89
260716002,7/16/2026 7:07:15 PM,T114,Cat 797,58,300,MRM,WAIT FOR FUEL BAY,19.89
260716002,7/16/2026 7:08:17 PM,T114,Cat 797,788,780,MRM,FUEL&LUBE,18.105
260716002,7/16/2026 7:10:31 PM,T129,Cat 797,1014,780,MRM,FUEL&LUBE,22.145
260716002,7/16/2026 7:11:29 PM,T149,Cat 797,1,780,JPM,FUEL&LUBE,
260716002,7/16/2026 7:18:21 PM,T470,Cat 785,313,300,MRM,WAIT FOR FUEL BAY,43.44
260716002,7/16/2026 7:19:01 PM,T462,Cat 785,511,780,JPM,FUEL&LUBE,31.83
260716002,7/16/2026 7:23:34 PM,T470,Cat 785,516,780,MRM,FUEL&LUBE,42.44
260716002,7/16/2026 7:28:41 PM,T123,Cat 797,882,780,MRM,FUEL&LUBE,23.385
260716002,7/16/2026 7:28:52 PM,T161,Cat 797,805,780,JPM,FUEL&LUBE,23.135
260716002,7/16/2026 7:32:13 PM,T470,Cat 785,6,780,MRM,FUEL&LUBE,42.94
260716002,7/16/2026 7:51:58 PM,T106,Cat 797,108,780,MRM,FUEL&LUBE,20.365
260716002,7/16/2026 7:52:03 PM,T147,Cat 797,855,780,JPM,FUEL&LUBE,
260716002,7/16/2026 7:53:46 PM,T106,Cat 797,806,780,MRM,FUEL&LUBE,18.82
260716002,7/16/2026 8:00:44 PM,T103,Cat 797,989,780,MRM,FUEL&LUBE,21.905
260716002,7/16/2026 8:06:56 PM,T119,Cat 797,916,780,MRM,FUEL&LUBE,20.245
260716002,7/16/2026 8:49:36 PM,T158,Cat 797,899,780,JPM,FUEL&LUBE,32.46
260716002,7/16/2026 9:08:12 PM,T140,Cat 797,922,780,MRM,FUEL&LUBE,14.79
260716002,7/16/2026 9:19:19 PM,T160,Cat 797,76,780,MRM,FUEL&LUBE,15.02
260716002,7/16/2026 9:20:35 PM,T160,Cat 797,752,780,MRM,FUEL&LUBE,15.02
260716002,7/16/2026 9:22:00 PM,T135,Cat 797,3,780,MRM,FUEL&LUBE,14.35
260716002,7/16/2026 9:22:03 PM,T135,Cat 797,207,300,MRM,WAIT FOR FUEL BAY,14.35
260716002,7/16/2026 9:25:30 PM,T135,Cat 797,974,780,MRM,FUEL&LUBE,14.35
260716002,7/16/2026 9:26:13 PM,T104,Cat 797,1379,780,MRM,FUEL&LUBE,15.73
260716002,7/16/2026 9:53:01 PM,T163,Cat 797,795,780,MRM,FUEL&LUBE,22.755
260716002,7/16/2026 9:58:17 PM,T162,Cat 797,529,300,MRM,WAIT FOR FUEL BAY,16.445
260716002,7/16/2026 10:02:26 PM,T133,Cat 797,294,780,MRM,FUEL&LUBE,14.8
260716002,7/16/2026 10:03:10 PM,T169,Cat 797,787,780,JPM,FUEL&LUBE,
260716002,7/16/2026 10:07:20 PM,T133,Cat 797,181,300,MRM,WAIT FOR FUEL BAY,14.69
260716002,7/16/2026 10:07:30 PM,T162,Cat 797,824,780,MRM,FUEL&LUBE,14.87
260716002,7/16/2026 10:10:21 PM,T133,Cat 797,698,780,MRM,FUEL&LUBE,14.815
260716002,7/16/2026 10:21:15 PM,T162,Cat 797,3,780,MRM,FUEL&LUBE,45.85
260716002,7/16/2026 10:21:55 PM,T466,Cat 785,8,780,MRM,FUEL&LUBE,69.165
260716002,7/16/2026 10:25:53 PM,T112,Cat 797,754,780,MRM,FUEL&LUBE,29.715
260716002,7/16/2026 10:27:31 PM,T118,Cat 797,628,300,MRM,WAIT FOR FUEL BAY,17.99
260716002,7/16/2026 10:27:32 PM,T466,Cat 785,69,780,MRM,FUEL&LUBE,69.165
260716002,7/16/2026 10:28:41 PM,T466,Cat 785,417,780,MRM,FUEL&LUBE,69.165
260716002,7/16/2026 10:34:43 PM,T107,Cat 797,1303,780,MRM,FUEL&LUBE,18.82
260716002,7/16/2026 10:38:20 PM,T118,Cat 797,688,780,MRM,FUEL&LUBE,17.275
260716002,7/16/2026 11:04:47 PM,T110,Cat 797,243,780,MRM,FUEL&LUBE,17.75
260716002,7/16/2026 11:10:07 PM,T128,Cat 797,880,780,MRM,FUEL&LUBE,20.6
260716002,7/16/2026 11:16:24 PM,T127,Cat 797,934,780,MRM,FUEL&LUBE,14.775
260716002,7/16/2026 11:17:14 PM,T150,Cat 797,4,780,JPM,FUEL&LUBE,23.135
260716002,7/16/2026 11:17:18 PM,T150,Cat 797,100,300,JPM,WAIT FOR FUEL BAY,23.135
260716002,7/16/2026 11:18:58 PM,T150,Cat 797,723,780,JPM,FUEL&LUBE,23.135
260716002,7/16/2026 11:40:42 PM,T131,Cat 797,922,780,MRM,FUEL&LUBE,15.14
260716002,7/16/2026 11:46:03 PM,T171,Cat 797,973,780,JPM,FUEL&LUBE,
260716002,7/16/2026 11:46:51 PM,T137,Cat 797,867,780,MRM,FUEL&LUBE,18.105
260716002,7/16/2026 11:57:51 PM,T110,Cat 797,86,780,MRM,FUEL&LUBE,16.445
260716002,7/16/2026 11:58:43 PM,T154,Cat 797,6,780,JPM,FUEL&LUBE,22.88
260716002,7/16/2026 11:58:49 PM,T154,Cat 797,146,300,JPM,WAIT FOR FUEL BAY,22.88
260716002,7/16/2026 11:59:17 PM,T110,Cat 797,443,300,MRM,WAIT FOR FUEL BAY,16.445
260716002,7/17/2026 12:01:15 AM,T154,Cat 797,713,780,JPM,FUEL&LUBE,22.88
260716002,7/17/2026 12:06:40 AM,T110,Cat 797,452,780,MRM,FUEL&LUBE,17.155
260716002,7/17/2026 12:20:24 AM,T461,Cat 785,579,780,JPM,FUEL&LUBE,35.335
260716002,7/17/2026 12:40:43 AM,T152,Cat 797,882,780,JPM,FUEL&LUBE,23.005
260716002,7/17/2026 12:47:44 AM,T118,Cat 797,26,780,MRM,FUEL&LUBE,163.85
260716002,7/17/2026 1:00:50 AM,T136,Cat 797,1012,780,MRM,FUEL&LUBE,70.08
260716002,7/17/2026 1:18:38 AM,T144,Cat 797,24,300,JPM,WAIT FOR FUEL BAY,
260716002,7/17/2026 1:19:02 AM,T144,Cat 797,747,780,JPM,FUEL&LUBE,
260716002,7/17/2026 1:23:46 AM,T101,Cat 797,882,780,MRM,FUEL&LUBE,18.94
260716002,7/17/2026 1:31:29 AM,T144,Cat 797,1,780,JPM,FUEL&LUBE,
260716002,7/17/2026 1:41:27 AM,T458,Cat 785,846,780,JPM,FUEL&LUBE,29.315
260716002,7/17/2026 1:41:42 AM,T164,Cat 797,903,780,MRM,FUEL&LUBE,16.8
260716002,7/17/2026 1:51:35 AM,T124,Cat 797,347,300,MRM,WAIT FOR FUEL BAY,21.67
260716002,7/17/2026 1:51:38 AM,T162,Cat 797,897,780,MRM,FUEL&LUBE,91.36
260716002,7/17/2026 1:54:54 AM,T170,Cat 797,6,780,JPM,FUEL&LUBE,
260716002,7/17/2026 1:55:00 AM,T170,Cat 797,44,300,JPM,WAIT FOR FUEL BAY,
260716002,7/17/2026 1:55:44 AM,T170,Cat 797,1076,780,JPM,FUEL&LUBE,
260716002,7/17/2026 1:57:47 AM,T124,Cat 797,714,780,MRM,FUEL&LUBE,21.905
260716002,7/17/2026 2:08:35 AM,T116,Cat 797,851,780,MRM,FUEL&LUBE,18.94
260716002,7/17/2026 2:31:32 AM,T460,Cat 785,485,780,MRM,FUEL&LUBE,35.015
260716002,7/17/2026 2:43:13 AM,T156,Cat 797,7,780,JPM,FUEL&LUBE,29.21
260716002,7/17/2026 2:43:20 AM,T156,Cat 797,67,300,JPM,WAIT FOR FUEL BAY,29.21
260716002,7/17/2026 2:44:27 AM,T156,Cat 797,1034,780,JPM,FUEL&LUBE,29.21
260716002,7/17/2026 2:51:08 AM,T118,Cat 797,618,780,MRM,FUEL&LUBE,163.85
260716002,7/17/2026 3:05:17 AM,T109,Cat 797,49,780,MRM,FUEL&LUBE,14.635
260716002,7/17/2026 3:05:51 AM,T113,Cat 797,1072,780,MRM,FUEL&LUBE,18.58
260716002,7/17/2026 3:06:06 AM,T109,Cat 797,862,780,MRM,FUEL&LUBE,14.635
260716002,7/17/2026 3:39:40 AM,T474,Cat 785,733,780,JPM,FUEL&LUBE,33.105
260716002,7/17/2026 3:47:20 AM,T115,Cat 797,1047,780,MRM,FUEL&LUBE,15.615
260716002,7/17/2026 3:49:05 AM,T151,Cat 797,970,780,MRM,FUEL&LUBE,17.75
260716002,7/17/2026 4:06:04 AM,T451,Cat 789,33,300,MRM,WAIT FOR FUEL BAY,
260716002,7/17/2026 4:06:37 AM,T451,Cat 789,4,780,MRM,FUEL&LUBE,
260716002,7/17/2026 4:06:41 AM,T451,Cat 789,44,300,MRM,WAIT FOR FUEL BAY,
260716002,7/17/2026 4:07:25 AM,T451,Cat 789,688,780,MRM,FUEL&LUBE,
260716002,7/17/2026 4:07:51 AM,T108,Cat 797,656,780,MRM,FUEL&LUBE,23.005
260716002,7/17/2026 4:21:41 AM,T102,Cat 797,798,780,MRM,FUEL&LUBE,20.6
260716002,7/17/2026 4:25:41 AM,T134,Cat 797,777,780,JPM,FUEL&LUBE,24.02
260716002,7/17/2026 4:44:47 AM,T125,Cat 797,730,780,MRM,FUEL&LUBE,21.195
260716002,7/17/2026 5:06:58 AM,T139,Cat 797,764,780,JPM,FUEL&LUBE,21.67
260716002,7/17/2026 5:24:29 AM,T120,Cat 797,972,780,MRM,FUEL&LUBE,14.41
260716002,7/17/2026 5:37:54 AM,T122,Cat 797,739,780,MRM,FUEL&LUBE,19.415
260716002,7/17/2026 5:49:19 AM,T126,Cat 797,6,780,MRM,FUEL&LUBE,18.94
260716002,7/17/2026 5:49:25 AM,T126,Cat 797,635,780,MRM,FUEL&LUBE,18.94
260716002,7/17/2026 5:51:28 AM,T123,Cat 797,512,780,MRM,FUEL&LUBE,16.92
260717001,7/17/2026 6:00:00 AM,T123,Cat 797,286,780,MRM,FUEL&LUBE,15.615
260717001,7/17/2026 6:00:00 AM,T126,Cat 797,141,780,MRM,FUEL&LUBE,28.955
260717001,7/17/2026 6:20:50 AM,T454,Cat 789,980,780,MRM,FUEL&LUBE,32.575
260717001,7/17/2026 6:27:07 AM,T459,Cat 785,565,780,JPM,FUEL&LUBE,35.495
260717001,7/17/2026 6:32:36 AM,T129,Cat 797,725,780,MRM,FUEL&LUBE,17.99
260717001,7/17/2026 6:44:55 AM,T103,Cat 797,757,780,MRM,FUEL&LUBE,36.71
260717001,7/17/2026 6:56:23 AM,T167,Cat 797,945,780,MRM,FUEL&LUBE,17.04
260717001,7/17/2026 6:59:30 AM,T170,Cat 797,749,780,JPM,FUEL&LUBE,
260717001,7/17/2026 7:27:52 AM,T114,Cat 797,846,780,MRM,FUEL&LUBE,19.89
260717001,7/17/2026 7:35:18 AM,T465,Cat 785,15,780,MRM,FUEL&LUBE,23.34
260717001,7/17/2026 7:35:26 AM,T157,Cat 797,964,780,MRM,FUEL&LUBE,14.885
260717001,7/17/2026 7:35:33 AM,T465,Cat 785,388,300,MRM,WAIT FOR FUEL BAY,23.34
260717001,7/17/2026 7:35:47 AM,T141,Cat 797,775,780,JPM,FUEL&LUBE,15.615
260717001,7/17/2026 7:42:01 AM,T465,Cat 785,529,780,MRM,FUEL&LUBE,22.115
260717001,7/17/2026 7:44:30 AM,T453,Cat 789,404,300,MRM,WAIT FOR FUEL BAY,28.885
260717001,7/17/2026 7:51:14 AM,T453,Cat 789,597,780,MRM,FUEL&LUBE,28.63
260717001,7/17/2026 8:01:48 AM,T118,Cat 797,988,780,MRM,FUEL&LUBE,60
260717001,7/17/2026 8:02:24 AM,T453,Cat 789,2,780,MRM,FUEL&LUBE,94.27
260717001,7/17/2026 8:13:56 AM,T165,Cat 797,905,780,JPM,FUEL&LUBE,14.775
260717001,7/17/2026 8:15:13 AM,T133,Cat 797,676,780,MRM,FUEL&LUBE,21.79
260717001,7/17/2026 8:24:24 AM,T104,Cat 797,990,780,MRM,FUEL&LUBE,18.58
260717001,7/17/2026 8:41:07 AM,T169,Cat 797,783,780,JPM,FUEL&LUBE,
260717001,7/17/2026 8:52:11 AM,T469,Cat 785,488,780,MRM,FUEL&LUBE,28.245
260717001,7/17/2026 9:06:36 AM,T467,Cat 785,455,780,MRM,FUEL&LUBE,39.48
260717001,7/17/2026 9:25:28 AM,T158,Cat 797,757,780,JPM,FUEL&LUBE,20.125
260717001,7/17/2026 9:39:55 AM,T106,Cat 797,798,780,MRM,FUEL&LUBE,14.885
260717001,7/17/2026 9:51:48 AM,T161,Cat 797,903,780,JPM,FUEL&LUBE,24.78
260717001,7/17/2026 9:59:06 AM,T111,Cat 797,867,780,MRM,FUEL&LUBE,15.615
260717001,7/17/2026 10:06:49 AM,T470,Cat 785,58,780,MRM,FUEL&LUBE,23.645
260717001,7/17/2026 10:15:06 AM,T160,Cat 797,682,780,MRM,FUEL&LUBE,18.105
260717001,7/17/2026 10:20:52 AM,T152,Cat 797,628,780,JPM,FUEL&LUBE,25.285
260717001,7/17/2026 10:34:23 AM,T144,Cat 797,1077,780,JPM,FUEL&LUBE,
260717001,7/17/2026 10:40:10 AM,T150,Cat 797,686,300,JPM,WAIT FOR FUEL BAY,28.955
260717001,7/17/2026 10:51:27 AM,T461,Cat 785,1576,780,JPM,FUEL&LUBE,54.58
260717001,7/17/2026 10:51:59 AM,T150,Cat 797,727,780,JPM,FUEL&LUBE,28.07
260717001,7/17/2026 10:52:54 AM,T119,Cat 797,797,780,MRM,FUEL&LUBE,17.87
260717001,7/17/2026 11:01:33 AM,T107,Cat 797,822,780,MRM,FUEL&LUBE,22.88
260717001,7/17/2026 11:18:02 AM,T140,Cat 797,767,780,MRM,FUEL&LUBE,21.79
260717001,7/17/2026 11:25:18 AM,T147,Cat 797,902,780,JPM,FUEL&LUBE,
260717001,7/17/2026 11:29:18 AM,T112,Cat 797,830,780,MRM,FUEL&LUBE,20.245
260717001,7/17/2026 11:30:53 AM,T140,Cat 797,2,780,MRM,FUEL&LUBE,28.955
260717001,7/17/2026 11:32:59 AM,T163,Cat 797,1263,780,MRM,FUEL&LUBE,22.755
260717001,7/17/2026 11:43:07 AM,T135,Cat 797,5,780,MRM,FUEL&LUBE,17.275
260717001,7/17/2026 11:43:12 AM,T135,Cat 797,52,300,MRM,WAIT FOR FUEL BAY,17.275
260717001,7/17/2026 11:44:04 AM,T135,Cat 797,791,780,MRM,FUEL&LUBE,17.275
260717001,7/17/2026 11:51:03 AM,T466,Cat 785,657,780,JPM,FUEL&LUBE,42.27
260717001,7/17/2026 12:16:37 PM,T458,Cat 785,466,780,JPM,FUEL&LUBE,34.855
260717001,7/17/2026 12:20:30 PM,T472,Cat 785,630,780,MRM,FUEL&LUBE,34.06
260717001,7/17/2026 12:39:55 PM,T128,Cat 797,7,780,MRM,FUEL&LUBE,14.87
260717001,7/17/2026 12:40:02 PM,T128,Cat 797,41,300,MRM,WAIT FOR FUEL BAY,14.87
260717001,7/17/2026 12:40:43 PM,T128,Cat 797,735,780,MRM,FUEL&LUBE,14.87
260717001,7/17/2026 12:45:26 PM,T170,Cat 797,540,780,JPM,FUEL&LUBE,
260717001,7/17/2026 12:47:46 PM,T101,Cat 797,929,780,MRM,FUEL&LUBE,14.675
260717001,7/17/2026 1:02:01 PM,T154,Cat 797,25,780,JPM,FUEL&LUBE,23.64
260717001,7/17/2026 1:02:59 PM,T154,Cat 797,912,780,JPM,FUEL&LUBE,23.64
260717001,7/17/2026 1:20:32 PM,T137,Cat 797,881,780,MRM,FUEL&LUBE,25.16
260717001,7/17/2026 1:22:42 PM,T127,Cat 797,906,780,MRM,FUEL&LUBE,14.86
260717001,7/17/2026 1:40:39 PM,T171,Cat 797,801,780,JPM,FUEL&LUBE,
260717001,7/17/2026 1:51:42 PM,T110,Cat 797,1012,780,MRM,FUEL&LUBE,23.26
260717001,7/17/2026 2:17:42 PM,T113,Cat 797,829,780,MRM,FUEL&LUBE,16.68
260717001,7/17/2026 2:48:09 PM,T471,Cat 785,903,780,MRM,FUEL&LUBE,30.08
260717001,7/17/2026 3:10:28 PM,T116,Cat 797,1111,780,MRM,FUEL&LUBE,18.465
260717001,7/17/2026 3:34:41 PM,T134,Cat 797,13,780,JPM,FUEL&LUBE,19.295
260717001,7/17/2026 3:34:54 PM,T134,Cat 797,36,300,JPM,WAIT FOR FUEL BAY,19.295
260717001,7/17/2026 3:35:30 PM,T134,Cat 797,691,780,JPM,FUEL&LUBE,19.295
260717001,7/17/2026 3:36:34 PM,T102,Cat 797,883,780,MRM,FUEL&LUBE,79.3
260717001,7/17/2026 3:43:20 PM,T124,Cat 797,768,780,MRM,FUEL&LUBE,19.415
260717001,7/17/2026 3:48:47 PM,T108,Cat 797,280,300,MRM,WAIT FOR FUEL BAY,17.75
260717001,7/17/2026 3:53:32 PM,T108,Cat 797,813,780,MRM,FUEL&LUBE,17.155
260717001,7/17/2026 4:14:30 PM,T123,Cat 797,741,780,MRM,FUEL&LUBE,14.66
260717001,7/17/2026 4:14:37 PM,T164,Cat 797,1,780,MRM,FUEL&LUBE,18.7
260717001,7/17/2026 4:14:38 PM,T164,Cat 797,134,300,MRM,WAIT FOR FUEL BAY,18.7
260717001,7/17/2026 4:16:52 PM,T164,Cat 797,680,780,MRM,FUEL&LUBE,17.99
260717001,7/17/2026 4:32:01 PM,T126,Cat 797,1296,780,MRM,FUEL&LUBE,18.58
260717001,7/17/2026 4:39:37 PM,T115,Cat 797,3,780,MRM,FUEL&LUBE,23.515
260717001,7/17/2026 4:39:40 PM,T115,Cat 797,784,780,MRM,FUEL&LUBE,23.515
260717001,7/17/2026 4:42:40 PM,T474,Cat 785,471,780,JPM,FUEL&LUBE,29.165
260717001,7/17/2026 4:54:02 PM,T122,Cat 797,749,780,MRM,FUEL&LUBE,20.72
260717001,7/17/2026 4:56:06 PM,T139,Cat 797,4,780,JPM,FUEL&LUBE,22.025
260717001,7/17/2026 4:56:10 PM,T139,Cat 797,98,300,JPM,WAIT FOR FUEL BAY,22.025
260717001,7/17/2026 4:57:48 PM,T139,Cat 797,702,780,JPM,FUEL&LUBE,22.025
260717001,7/17/2026 5:05:25 PM,T141,Cat 797,271,300,JPM,WAIT FOR FUEL BAY,56.265
260717001,7/17/2026 5:06:52 PM,T122,Cat 797,5,780,MRM,FUEL&LUBE,38.305
260717001,7/17/2026 5:10:33 PM,T141,Cat 797,525,780,JPM,FUEL&LUBE,54.485
260717001,7/17/2026 5:38:30 PM,T125,Cat 797,6,780,MRM,FUEL&LUBE,19.53
260717001,7/17/2026 5:38:36 PM,T125,Cat 797,119,300,MRM,WAIT FOR FUEL BAY,19.53
260717002,7/17/2026 6:03:41 PM,T169,Cat 797,2,780,JPM,FUEL&LUBE,
260717002,7/17/2026 6:14:08 PM,T156,Cat 797,839,780,JPM,FUEL&LUBE,23.385
260717002,7/17/2026 6:16:32 PM,T462,Cat 785,694,300,JPM,WAIT FOR FUEL BAY,30.555
260717002,7/17/2026 6:28:22 PM,T462,Cat 785,470,780,JPM,FUEL&LUBE,30.395
260717002,7/17/2026 6:38:55 PM,T104,Cat 797,36,780,MRM,FUEL&LUBE,18.82
260717002,7/17/2026 6:39:31 PM,T104,Cat 797,706,780,MRM,FUEL&LUBE,18.82
260717002,7/17/2026 6:50:51 PM,T460,Cat 785,588,780,MRM,FUEL&LUBE,19.84
260717002,7/17/2026 6:50:59 PM,T169,Cat 797,83,300,JPM,WAIT FOR FUEL BAY,
260717002,7/17/2026 6:52:22 PM,T169,Cat 797,765,780,JPM,FUEL&LUBE,
260717002,7/17/2026 6:54:16 PM,T103,Cat 797,1017,780,MRM,FUEL&LUBE,22.145
260717002,7/17/2026 7:03:26 PM,T109,Cat 797,1016,780,MRM,FUEL&LUBE,14.715
260717002,7/17/2026 7:05:09 PM,T169,Cat 797,1,780,JPM,FUEL&LUBE,
260717002,7/17/2026 7:17:45 PM,T118,Cat 797,942,780,MRM,FUEL&LUBE,15.495
260717002,7/17/2026 7:42:22 PM,T152,Cat 797,906,780,JPM,FUEL&LUBE,24.65
260717002,7/17/2026 7:48:55 PM,T162,Cat 797,963,780,MRM,FUEL&LUBE,22.5
260717002,7/17/2026 7:58:32 PM,T120,Cat 797,882,780,MRM,FUEL&LUBE,16.325
260717002,7/17/2026 8:08:54 PM,T475,Cat 793,1698,780,MRM,FUEL&LUBE,39.305
260717002,7/17/2026 8:12:09 PM,T459,Cat 785,669,780,JPM,FUEL&LUBE,35.975
260717002,7/17/2026 8:14:22 PM,T138,Cat 797,17,780,MRM,FUEL&LUBE,14.69
260717002,7/17/2026 8:14:39 PM,T138,Cat 797,136,300,MRM,WAIT FOR FUEL BAY,14.69
260717002,7/17/2026 8:16:55 PM,T138,Cat 797,789,780,MRM,FUEL&LUBE,14.69
260717002,7/17/2026 8:17:59 PM,T165,Cat 797,4,780,JPM,FUEL&LUBE,19.415
260717002,7/17/2026 8:18:03 PM,T165,Cat 797,356,300,JPM,WAIT FOR FUEL BAY,19.415
260717002,7/17/2026 8:24:16 PM,T165,Cat 797,745,780,JPM,FUEL&LUBE,18.58
260717002,7/17/2026 8:45:15 PM,T114,Cat 797,955,780,MRM,FUEL&LUBE,16.205
260717002,7/17/2026 8:53:33 PM,T158,Cat 797,803,780,JPM,FUEL&LUBE,22.88
260717002,7/17/2026 9:05:37 PM,T151,Cat 797,96,300,MRM,WAIT FOR FUEL BAY,16.445
260717002,7/17/2026 9:07:13 PM,T151,Cat 797,774,780,MRM,FUEL&LUBE,16.445
260717002,7/17/2026 9:30:44 PM,T144,Cat 797,722,780,JPM,FUEL&LUBE,
260717002,7/17/2026 9:32:12 PM,T468,Cat 785,87,780,MRM,FUEL&LUBE,18.37
260717002,7/17/2026 9:33:39 PM,T468,Cat 785,525,780,MRM,FUEL&LUBE,18.37
260717002,7/17/2026 9:49:20 PM,T150,Cat 797,110,780,JPM,FUEL&LUBE,32.06
260717002,7/17/2026 9:51:10 PM,T150,Cat 797,684,780,JPM,FUEL&LUBE,30.735
260717002,7/17/2026 10:10:20 PM,T161,Cat 797,3,780,JPM,FUEL&LUBE,24.78
260717002,7/17/2026 10:10:23 PM,T161,Cat 797,56,300,JPM,WAIT FOR FUEL BAY,24.78
260717002,7/17/2026 10:11:19 PM,T161,Cat 797,700,780,JPM,FUEL&LUBE,24.78
260717002,7/17/2026 10:17:54 PM,T106,Cat 797,778,780,MRM,FUEL&LUBE,24.525
260717002,7/17/2026 10:57:07 PM,T458,Cat 785,439,780,JPM,FUEL&LUBE,34.06
260717002,7/17/2026 11:17:39 PM,T163,Cat 797,937,780,MRM,FUEL&LUBE,28.32
260717002,7/17/2026 11:24:04 PM,T133,Cat 797,696,780,MRM,FUEL&LUBE,90.88499
260717002,7/17/2026 11:36:29 PM,T112,Cat 797,739,780,MRM,FUEL&LUBE,163.85
260717002,7/17/2026 11:39:16 PM,T134,Cat 797,784,780,JPM,FUEL&LUBE,25.79
260717002,7/17/2026 11:39:48 PM,T456,Cat 785,638,780,MRM,FUEL&LUBE,20.585
260717002,7/17/2026 11:56:15 PM,T101,Cat 797,778,780,MRM,FUEL&LUBE,15.73
260717002,7/17/2026 11:58:30 PM,T111,Cat 797,1028,780,MRM,FUEL&LUBE,17.275
260717002,7/18/2026 12:05:58 AM,T154,Cat 797,777,780,JPM,FUEL&LUBE,27.185
260717002,7/18/2026 12:11:50 AM,T472,Cat 785,581,780,MRM,FUEL&LUBE,54.06
260717002,7/18/2026 12:31:55 AM,T140,Cat 797,812,780,MRM,FUEL&LUBE,22.265
260717002,7/18/2026 12:34:19 AM,T107,Cat 797,59,780,MRM,FUEL&LUBE,14.62
260717002,7/18/2026 12:35:18 AM,T107,Cat 797,7,780,MRM,FUEL&LUBE,14.62
260717002,7/18/2026 12:35:25 AM,T107,Cat 797,37,780,MRM,FUEL&LUBE,14.62
260717002,7/18/2026 12:36:02 AM,T107,Cat 797,9,780,MRM,FUEL&LUBE,14.62
260717002,7/18/2026 12:36:11 AM,T107,Cat 797,109,780,MRM,FUEL&LUBE,14.62
260717002,7/18/2026 12:38:00 AM,T107,Cat 797,829,780,MRM,FUEL&LUBE,14.845
260717002,7/18/2026 12:50:39 AM,T136,Cat 797,841,780,MRM,FUEL&LUBE,18.225
260717002,7/18/2026 12:59:36 AM,T128,Cat 797,66,780,MRM,FUEL&LUBE,37.24
260717002,7/18/2026 1:06:07 AM,T128,Cat 797,417,780,MRM,FUEL&LUBE,36.18
260717002,7/18/2026 1:13:46 AM,T465,Cat 785,568,780,MRM,FUEL&LUBE,28.705
260717002,7/18/2026 1:27:46 AM,T113,Cat 797,48,780,MRM,FUEL&LUBE,20.72
260717002,7/18/2026 1:28:34 AM,T113,Cat 797,470,300,MRM,WAIT FOR FUEL BAY,20.72
260717002,7/18/2026 1:36:24 AM,T113,Cat 797,634,780,MRM,FUEL&LUBE,20.365
260717002,7/18/2026 1:44:47 AM,T135,Cat 797,83,780,MRM,FUEL&LUBE,20.48
260717002,7/18/2026 1:46:05 AM,T119,Cat 797,470,300,MRM,WAIT FOR FUEL BAY,17.275
260717002,7/18/2026 1:46:10 AM,T135,Cat 797,729,780,MRM,FUEL&LUBE,20.48
260717002,7/18/2026 1:53:55 AM,T119,Cat 797,1022,780,MRM,FUEL&LUBE,17.99
260717002,7/18/2026 1:57:35 AM,T147,Cat 797,35,780,JPM,FUEL&LUBE,
260717002,7/18/2026 1:58:10 AM,T147,Cat 797,932,780,JPM,FUEL&LUBE,
260717002,7/18/2026 2:02:05 AM,T137,Cat 797,765,780,MRM,FUEL&LUBE,29.21
260717002,7/18/2026 2:10:58 AM,T119,Cat 797,15,780,MRM,FUEL&LUBE,89.36
260717002,7/18/2026 2:16:35 AM,T127,Cat 797,922,780,MRM,FUEL&LUBE,24.905
260717002,7/18/2026 2:18:28 AM,T461,Cat 785,529,780,JPM,FUEL&LUBE,35.335
260717002,7/18/2026 2:27:57 AM,T160,Cat 797,950,780,MRM,FUEL&LUBE,17.63
260717002,7/18/2026 2:33:15 AM,T108,Cat 797,582,780,MRM,FUEL&LUBE,17.04
260717002,7/18/2026 2:53:33 AM,T454,Cat 789,735,780,MRM,FUEL&LUBE,33.91
260717002,7/18/2026 3:00:40 AM,T122,Cat 797,731,780,MRM,FUEL&LUBE,19.175
260717002,7/18/2026 3:00:52 AM,T141,Cat 797,119,780,JPM,FUEL&LUBE,31.265
260717002,7/18/2026 3:02:51 AM,T141,Cat 797,704,780,JPM,FUEL&LUBE,31.265
260717002,7/18/2026 3:17:45 AM,T123,Cat 797,767,780,MRM,FUEL&LUBE,23.26
260717002,7/18/2026 3:43:49 AM,T139,Cat 797,5,780,JPM,FUEL&LUBE,25.16
260717002,7/18/2026 3:43:54 AM,T139,Cat 797,83,300,JPM,WAIT FOR FUEL BAY,25.16
260717002,7/18/2026 3:45:17 AM,T139,Cat 797,748,780,JPM,FUEL&LUBE,25.16
260717002,7/18/2026 3:55:06 AM,T467,Cat 785,542,780,MRM,FUEL&LUBE,34.7
260717002,7/18/2026 4:07:08 AM,T453,Cat 789,6,780,MRM,FUEL&LUBE,94.05
260717002,7/18/2026 4:07:14 AM,T453,Cat 789,200,300,MRM,WAIT FOR FUEL BAY,94.05
260717002,7/18/2026 4:08:07 AM,T170,Cat 797,101,300,JPM,WAIT FOR FUEL BAY,
260717002,7/18/2026 4:09:48 AM,T170,Cat 797,1197,780,JPM,FUEL&LUBE,
260717002,7/18/2026 4:10:34 AM,T453,Cat 789,597,780,MRM,FUEL&LUBE,94.05
260717002,7/18/2026 4:20:38 AM,T102,Cat 797,866,780,MRM,FUEL&LUBE,79.3
260717002,7/18/2026 4:29:45 AM,T170,Cat 797,34,780,JPM,FUEL&LUBE,
260717002,7/18/2026 4:30:28 AM,T170,Cat 797,1,780,JPM,FUEL&LUBE,
260717002,7/18/2026 4:33:10 AM,T124,Cat 797,885,780,MRM,FUEL&LUBE,24.27
260717002,7/18/2026 4:38:12 AM,T126,Cat 797,822,780,MRM,FUEL&LUBE,18.345
260717002,7/18/2026 4:38:32 AM,T152,Cat 797,675,780,JPM,FUEL&LUBE,24.02
260717002,7/18/2026 4:52:05 AM,T126,Cat 797,9,780,MRM,FUEL&LUBE,39.1
260717002,7/18/2026 4:53:38 AM,T156,Cat 797,815,780,JPM,FUEL&LUBE,29.59
260717002,7/18/2026 5:00:44 AM,T104,Cat 797,643,780,MRM,FUEL&LUBE,23.005
260717002,7/18/2026 5:15:07 AM,T115,Cat 797,57,780,MRM,FUEL&LUBE,24.905
260717002,7/18/2026 5:16:04 AM,T115,Cat 797,82,300,MRM,WAIT FOR FUEL BAY,24.525
260717002,7/18/2026 5:22:14 AM,T167,Cat 797,772,780,MRM,FUEL&LUBE,24.02
260717002,7/18/2026 5:51:14 AM,T169,Cat 797,152,300,JPM,WAIT FOR FUEL BAY,
260717002,7/18/2026 5:52:01 AM,T115,Cat 797,479,780,MRM,FUEL&LUBE,20.48
260718001,7/18/2026 6:00:00 AM,T115,Cat 797,303,780,MRM,FUEL&LUBE,20.005
260718001,7/18/2026 6:00:39 AM,T116,Cat 797,946,780,MRM,FUEL&LUBE,20.84
260718001,7/18/2026 6:20:05 AM,T451,Cat 789,498,780,MRM,FUEL&LUBE,
260718001,7/18/2026 6:23:32 AM,T136,Cat 797,168,300,MRM,WAIT FOR FUEL BAY,76.445
260718001,7/18/2026 6:40:11 AM,T164,Cat 797,783,780,MRM,FUEL&LUBE,20.84
260718001,7/18/2026 6:50:04 AM,T110,Cat 797,930,780,MRM,FUEL&LUBE,16.205
260718001,7/18/2026 6:50:08 AM,T171,Cat 797,1051,780,JPM,FUEL&LUBE,
260718001,7/18/2026 6:59:29 AM,T103,Cat 797,799,780,MRM,FUEL&LUBE,23.64
260718001,7/18/2026 7:20:17 AM,T118,Cat 797,664,780,MRM,FUEL&LUBE,60.75
260718001,7/18/2026 7:24:28 AM,T466,Cat 785,640,780,JPM,FUEL&LUBE,42.27
260718001,7/18/2026 7:34:25 AM,T144,Cat 797,973,780,JPM,FUEL&LUBE,
260718001,7/18/2026 7:50:53 AM,T162,Cat 797,819,780,MRM,FUEL&LUBE,23.135
260718001,7/18/2026 8:01:47 AM,T134,Cat 797,624,780,JPM,FUEL&LUBE,24.02
260718001,7/18/2026 8:21:54 AM,T120,Cat 797,804,780,MRM,FUEL&LUBE,24.27
260718001,7/18/2026 8:37:29 AM,T165,Cat 797,794,780,JPM,FUEL&LUBE,20.72
260718001,7/18/2026 9:01:56 AM,T474,Cat 785,654,780,JPM,FUEL&LUBE,20.585
260718001,7/18/2026 9:06:58 AM,T170,Cat 797,1061,780,JPM,FUEL&LUBE,
260718001,7/18/2026 9:24:42 AM,T158,Cat 797,66,780,JPM,FUEL&LUBE,14.83
260718001,7/18/2026 9:26:54 AM,T158,Cat 797,867,780,JPM,FUEL&LUBE,14.83
260718001,7/18/2026 9:27:06 AM,T108,Cat 797,772,780,MRM,FUEL&LUBE,18.58
260718001,7/18/2026 9:28:36 AM,T151,Cat 797,148,300,MRM,WAIT FOR FUEL BAY,20.955
260718001,7/18/2026 9:31:04 AM,T151,Cat 797,972,780,MRM,FUEL&LUBE,20.955
260718001,7/18/2026 9:47:18 AM,T151,Cat 797,1,780,MRM,FUEL&LUBE,54.78
260718001,7/18/2026 10:00:59 AM,T138,Cat 797,765,780,MRM,FUEL&LUBE,21.075
260718001,7/18/2026 10:06:39 AM,T114,Cat 797,765,780,MRM,FUEL&LUBE,18.225
260718001,7/18/2026 10:07:58 AM,T458,Cat 785,387,780,JPM,FUEL&LUBE,35.815
260718001,7/18/2026 10:25:48 AM,T109,Cat 797,401,780,MRM,FUEL&LUBE,21.195
260718001,7/18/2026 10:27:25 AM,T161,Cat 797,783,780,JPM,FUEL&LUBE,21.195
260718001,7/18/2026 10:34:44 AM,T101,Cat 797,846,780,MRM,FUEL&LUBE,21.79
260718001,7/18/2026 10:38:12 AM,T150,Cat 797,158,300,JPM,WAIT FOR FUEL BAY,19.77
260718001,7/18/2026 10:40:52 AM,T106,Cat 797,970,780,MRM,FUEL&LUBE,16.68
260718001,7/18/2026 10:41:13 AM,T150,Cat 797,880,780,JPM,FUEL&LUBE,20.125
260718001,7/18/2026 10:46:44 AM,T469,Cat 785,16,780,MRM,FUEL&LUBE,36.45
260718001,7/18/2026 10:47:00 AM,T469,Cat 785,34,300,MRM,WAIT FOR FUEL BAY,36.45
260718001,7/18/2026 10:51:40 AM,T469,Cat 785,1473,780,MRM,FUEL&LUBE,35.335
260718001,7/18/2026 10:56:41 AM,T476,Cat 793,740,780,JPM,FUEL&LUBE,26.29
260718001,7/18/2026 11:05:59 AM,T133,Cat 797,793,780,MRM,FUEL&LUBE,163.85
260718001,7/18/2026 11:11:22 AM,T139,Cat 797,9,780,JPM,FUEL&LUBE,52.255
260718001,7/18/2026 11:11:31 AM,T139,Cat 797,96,300,JPM,WAIT FOR FUEL BAY,52.255
260718001,7/18/2026 11:13:07 AM,T139,Cat 797,756,780,JPM,FUEL&LUBE,52.255
260718001,7/18/2026 11:17:05 AM,T163,Cat 797,904,780,MRM,FUEL&LUBE,30.095
260718001,7/18/2026 11:40:56 AM,T122,Cat 797,23,780,MRM,FUEL&LUBE,19.77
260718001,7/18/2026 11:41:19 AM,T122,Cat 797,702,780,MRM,FUEL&LUBE,19.77
260718001,7/18/2026 11:41:50 AM,T109,Cat 797,976,780,MRM,FUEL&LUBE,16.565
260718001,7/18/2026 11:44:17 AM,T154,Cat 797,752,780,JPM,FUEL&LUBE,19.055
260718001,7/18/2026 11:45:08 AM,T460,Cat 785,1368,300,MRM,WAIT FOR FUEL BAY,20.43
260718001,7/18/2026 11:47:47 AM,T112,Cat 797,1535,780,MRM,FUEL&LUBE,22.38
260718001,7/18/2026 12:03:10 PM,T456,Cat 785,550,780,MRM,FUEL&LUBE,42.775
260718001,7/18/2026 12:10:00 PM,T460,Cat 785,1,780,MRM,FUEL&LUBE,85.68
260718001,7/18/2026 12:11:48 PM,T471,Cat 785,688,780,MRM,FUEL&LUBE,30.395
260718001,7/18/2026 12:23:31 PM,T113,Cat 797,798,780,MRM,FUEL&LUBE,14.69
260718001,7/18/2026 12:45:17 PM,T468,Cat 785,657,780,MRM,FUEL&LUBE,35.335
260718001,7/18/2026 1:03:24 PM,T152,Cat 797,1059,780,JPM,FUEL&LUBE,26.93
260718001,7/18/2026 1:09:20 PM,T111,Cat 797,984,780,MRM,FUEL&LUBE,21.79
260718001,7/18/2026 1:09:45 PM,T128,Cat 797,862,780,MRM,FUEL&LUBE,19.175
260718001,7/18/2026 1:30:43 PM,T136,Cat 797,7,780,MRM,FUEL&LUBE,23.64
260718001,7/18/2026 1:30:50 PM,T136,Cat 797,101,300,MRM,WAIT FOR FUEL BAY,23.64
260718001,7/18/2026 1:32:31 PM,T136,Cat 797,773,780,MRM,FUEL&LUBE,23.64
260718001,7/18/2026 1:37:04 PM,T123,Cat 797,782,780,MRM,FUEL&LUBE,20.84
260718001,7/18/2026 1:52:03 PM,T107,Cat 797,908,780,MRM,FUEL&LUBE,14.9
260718001,7/18/2026 2:00:42 PM,T140,Cat 797,925,780,MRM,FUEL&LUBE,21.67
260718001,7/18/2026 2:17:13 PM,T134,Cat 797,5,780,JPM,FUEL&LUBE,54.04
260718001,7/18/2026 2:33:51 PM,T137,Cat 797,837,780,MRM,FUEL&LUBE,21.075
260718001,7/18/2026 2:58:12 PM,T104,Cat 797,848,780,MRM,FUEL&LUBE,16.68
260718001,7/18/2026 3:00:21 PM,T147,Cat 797,977,780,JPM,FUEL&LUBE,
260718001,7/18/2026 3:09:36 PM,T160,Cat 797,804,780,MRM,FUEL&LUBE,17.515
260718001,7/18/2026 3:40:17 PM,T119,Cat 797,45,780,MRM,FUEL&LUBE,21.67
260718001,7/18/2026 4:44:03 PM,T127,Cat 797,37,780,MRM,FUEL&LUBE,19.65
260718001,7/18/2026 4:44:40 PM,T127,Cat 797,813,780,MRM,FUEL&LUBE,19.65
260718001,7/18/2026 5:01:45 PM,T156,Cat 797,920,780,JPM,FUEL&LUBE,22.265
260718001,7/18/2026 5:44:11 PM,T465,Cat 785,5,780,MRM,FUEL&LUBE,34.7
260718001,7/18/2026 5:44:16 PM,T465,Cat 785,308,300,MRM,WAIT FOR FUEL BAY,34.7
260718002,7/18/2026 6:12:23 PM,T144,Cat 797,772,780,JPM,FUEL&LUBE,
260718002,7/18/2026 6:14:37 PM,T134,Cat 797,964,780,JPM,FUEL&LUBE,17.87
260718002,7/18/2026 6:15:09 PM,T118,Cat 797,243,780,MRM,FUEL&LUBE,27.185
260718002,7/18/2026 6:19:12 PM,T118,Cat 797,94,300,MRM,WAIT FOR FUEL BAY,26.55
260718002,7/18/2026 6:20:46 PM,T118,Cat 797,701,780,MRM,FUEL&LUBE,26.55
260718002,7/18/2026 6:30:41 PM,T134,Cat 797,435,780,JPM,FUEL&LUBE,17.395
260718002,7/18/2026 6:35:20 PM,T463,Cat 785,695,780,JPM,FUEL&LUBE,24.105
260718002,7/18/2026 6:50:01 PM,T119,Cat 797,8,780,MRM,FUEL&LUBE,100
260718002,7/18/2026 6:54:59 PM,T462,Cat 785,84,780,JPM,FUEL&LUBE,31.19
260718002,7/18/2026 6:56:23 PM,T462,Cat 785,505,780,JPM,FUEL&LUBE,30.555
260718002,7/18/2026 7:00:19 PM,T124,Cat 797,5,780,MRM,FUEL&LUBE,15.495
260718002,7/18/2026 7:00:24 PM,T124,Cat 797,944,780,MRM,FUEL&LUBE,15.495
260718002,7/18/2026 7:15:12 PM,T170,Cat 797,699,780,JPM,FUEL&LUBE,
260718002,7/18/2026 7:18:26 PM,T102,Cat 797,733,780,MRM,FUEL&LUBE,79.3
260718002,7/18/2026 7:33:30 PM,T461,Cat 785,587,780,JPM,FUEL&LUBE,26.865
260718002,7/18/2026 7:44:23 PM,T126,Cat 797,731,780,MRM,FUEL&LUBE,20.245
260718002,7/18/2026 7:56:22 PM,T118,Cat 797,1,780,MRM,FUEL&LUBE,163.85
260718002,7/18/2026 8:00:08 PM,T459,Cat 785,31,780,JPM,FUEL&LUBE,29.93
260718002,7/18/2026 8:00:39 PM,T459,Cat 785,462,780,JPM,FUEL&LUBE,29.93
260718002,7/18/2026 8:11:19 PM,T167,Cat 797,908,780,MRM,FUEL&LUBE,25.665
260718002,7/18/2026 8:19:33 PM,T108,Cat 797,811,780,MRM,FUEL&LUBE,14.775
260718002,7/18/2026 8:36:36 PM,T458,Cat 785,470,780,JPM,FUEL&LUBE,33.9
260718002,7/18/2026 8:56:04 PM,T158,Cat 797,8,780,JPM,FUEL&LUBE,24.65
260718002,7/18/2026 8:56:12 PM,T158,Cat 797,66,300,JPM,WAIT FOR FUEL BAY,24.65
260718002,7/18/2026 8:57:18 PM,T158,Cat 797,691,780,JPM,FUEL&LUBE,24.65
260718002,7/18/2026 9:15:38 PM,T101,Cat 797,712,780,MRM,FUEL&LUBE,28.32
260718002,7/18/2026 9:27:56 PM,T466,Cat 785,8,780,JPM,FUEL&LUBE,42.27
260718002,7/18/2026 9:45:39 PM,T165,Cat 797,43,780,JPM,FUEL&LUBE,17.515
260718002,7/18/2026 9:46:22 PM,T165,Cat 797,57,300,JPM,WAIT FOR FUEL BAY,17.515
260718002,7/18/2026 9:47:19 PM,T165,Cat 797,759,780,JPM,FUEL&LUBE,17.515
260718002,7/18/2026 10:04:10 PM,T106,Cat 797,1121,780,MRM,FUEL&LUBE,69.02
260718002,7/18/2026 10:16:34 PM,T150,Cat 797,69,780,JPM,FUEL&LUBE,22.755
260718002,7/18/2026 10:17:43 PM,T150,Cat 797,739,780,JPM,FUEL&LUBE,22.755
260718002,7/18/2026 10:20:50 PM,T163,Cat 797,705,780,MRM,FUEL&LUBE,51.81
260718002,7/18/2026 10:23:37 PM,T152,Cat 797,1037,780,JPM,FUEL&LUBE,94.22
260718002,7/18/2026 10:25:50 PM,T112,Cat 797,847,780,MRM,FUEL&LUBE,163.85
260718002,7/18/2026 10:41:24 PM,T451,Cat 789,681,780,MRM,FUEL&LUBE,
260718002,7/18/2026 10:50:23 PM,T151,Cat 797,902,780,MRM,FUEL&LUBE,20.72
260718002,7/18/2026 10:54:14 PM,T161,Cat 797,857,780,JPM,FUEL&LUBE,25.41
260718002,7/18/2026 11:03:04 PM,T133,Cat 797,18,780,MRM,FUEL&LUBE,163.85
260718002,7/18/2026 11:03:22 PM,T133,Cat 797,717,780,MRM,FUEL&LUBE,163.85
260718002,7/18/2026 11:04:37 PM,T138,Cat 797,1046,780,MRM,FUEL&LUBE,21.67
260718002,7/18/2026 11:14:24 PM,T162,Cat 797,238,300,MRM,WAIT FOR FUEL BAY,15.495
260718002,7/18/2026 11:18:22 PM,T162,Cat 797,1060,780,MRM,FUEL&LUBE,14.885
260718002,7/18/2026 11:19:54 PM,T139,Cat 797,1030,780,JPM,FUEL&LUBE,20.365
260718002,7/18/2026 11:30:54 PM,T122,Cat 797,730,780,MRM,FUEL&LUBE,17.395
260718002,7/18/2026 11:36:04 PM,T162,Cat 797,9,780,MRM,FUEL&LUBE,69.775
260718002,7/18/2026 11:40:50 PM,T128,Cat 797,662,780,MRM,FUEL&LUBE,41.35
260718002,7/18/2026 11:53:19 PM,T171,Cat 797,986,780,JPM,FUEL&LUBE,
260718002,7/18/2026 11:55:23 PM,T154,Cat 797,42,780,JPM,FUEL&LUBE,23.515
260718002,7/18/2026 11:56:05 PM,T154,Cat 797,830,300,JPM,WAIT FOR FUEL BAY,23.515
260718002,7/18/2026 11:58:25 PM,T468,Cat 785,14,780,MRM,FUEL&LUBE,56.655
260718002,7/18/2026 11:58:35 PM,T113,Cat 797,733,780,MRM,FUEL&LUBE,21.315
260718002,7/18/2026 11:58:39 PM,T468,Cat 785,482,300,MRM,WAIT FOR FUEL BAY,56.655
260718002,7/19/2026 12:06:41 AM,T468,Cat 785,28,780,MRM,FUEL&LUBE,55.615
260718002,7/19/2026 12:09:55 AM,T154,Cat 797,757,780,JPM,FUEL&LUBE,22.38
260718002,7/19/2026 12:30:38 AM,T114,Cat 797,762,780,MRM,FUEL&LUBE,20.125
260718002,7/19/2026 12:42:38 AM,T123,Cat 797,800,780,MRM,FUEL&LUBE,15.375
260718002,7/19/2026 1:14:09 AM,T109,Cat 797,902,780,MRM,FUEL&LUBE,35.915
260718002,7/19/2026 1:54:45 AM,T453,Cat 789,785,780,MRM,FUEL&LUBE,23.485
260718002,7/19/2026 2:16:21 AM,T472,Cat 785,794,780,MRM,FUEL&LUBE,15.285
260718002,7/19/2026 2:28:22 AM,T456,Cat 785,783,780,MRM,FUEL&LUBE,41.605
260718002,7/19/2026 2:47:24 AM,T169,Cat 797,744,780,JPM,FUEL&LUBE,
260718002,7/19/2026 2:49:39 AM,T104,Cat 797,1087,780,MRM,FUEL&LUBE,19.415
260718002,7/19/2026 2:58:37 AM,T111,Cat 797,683,780,MRM,FUEL&LUBE,23.26
260718002,7/19/2026 3:11:29 AM,T118,Cat 797,6,780,MRM,FUEL&LUBE,23.765
260718002,7/19/2026 3:11:35 AM,T118,Cat 797,97,300,MRM,WAIT FOR FUEL BAY,23.765
260718002,7/19/2026 3:13:19 AM,T118,Cat 797,587,780,MRM,FUEL&LUBE,23.765
260718002,7/19/2026 3:18:43 AM,T144,Cat 797,78,780,JPM,FUEL&LUBE,
260718002,7/19/2026 3:20:01 AM,T144,Cat 797,694,780,JPM,FUEL&LUBE,
260718002,7/19/2026 3:41:46 AM,T120,Cat 797,862,780,MRM,FUEL&LUBE,24.525
260718002,7/19/2026 3:48:53 AM,T107,Cat 797,829,780,MRM,FUEL&LUBE,20.48
260718002,7/19/2026 3:52:46 AM,T134,Cat 797,734,780,JPM,FUEL&LUBE,25.285
260718002,7/19/2026 4:09:45 AM,T132,Cat 797,770,780,MRM,FUEL&LUBE,22.88
260718002,7/19/2026 4:31:26 AM,T467,Cat 785,563,780,MRM,FUEL&LUBE,27.325
260718002,7/19/2026 4:37:36 AM,T156,Cat 797,751,780,JPM,FUEL&LUBE,24.65
260718002,7/19/2026 4:46:02 AM,T140,Cat 797,912,780,MRM,FUEL&LUBE,25.54
260718002,7/19/2026 4:56:30 AM,T147,Cat 797,866,780,JPM,FUEL&LUBE,
260718002,7/19/2026 5:39:03 AM,T136,Cat 797,1121,780,MRM,FUEL&LUBE,20.48
260718002,7/19/2026 5:48:42 AM,T141,Cat 797,1,780,JPM,FUEL&LUBE,22.145
260719001,7/19/2026 6:07:05 AM,T108,Cat 797,755,780,MRM,FUEL&LUBE,22.5
260719001,7/19/2026 6:10:43 AM,T458,Cat 785,566,780,JPM,FUEL&LUBE,36.93
260719001,7/19/2026 6:20:05 AM,T137,Cat 797,1126,780,MRM,FUEL&LUBE,16.205
260719001,7/19/2026 6:33:03 AM,T454,Cat 789,831,780,MRM,FUEL&LUBE,23.485
260719001,7/19/2026 6:40:18 AM,T141,Cat 797,764,780,JPM,FUEL&LUBE,16.325
260719001,7/19/2026 6:55:55 AM,T102,Cat 797,750,780,MRM,FUEL&LUBE,30.475
260719001,7/19/2026 7:04:00 AM,T126,Cat 797,870,780,MRM,FUEL&LUBE,21.67
260719001,7/19/2026 7:16:30 AM,T152,Cat 797,733,780,JPM,FUEL&LUBE,23.89
260719001,7/19/2026 7:27:08 AM,T160,Cat 797,879,780,MRM,FUEL&LUBE,14.815
260719001,7/19/2026 7:38:25 AM,T460,Cat 785,522,780,MRM,FUEL&LUBE,22.27
260719001,7/19/2026 7:40:00 AM,T103,Cat 797,174,300,MRM,WAIT FOR FUEL BAY,19.175
260719001,7/19/2026 7:42:54 AM,T103,Cat 797,802,780,MRM,FUEL&LUBE,17.75
260719001,7/19/2026 7:52:21 AM,T127,Cat 797,359,780,MRM,FUEL&LUBE,16.445
260719001,7/19/2026 7:56:19 AM,T103,Cat 797,5,780,MRM,FUEL&LUBE,60.6
260719001,7/19/2026 7:58:20 AM,T127,Cat 797,838,780,MRM,FUEL&LUBE,16.205
260719001,7/19/2026 8:15:06 AM,T460,Cat 785,455,780,MRM,FUEL&LUBE,21.81
260719001,7/19/2026 8:22:46 AM,T460,Cat 785,3,780,MRM,FUEL&LUBE,21.81
260719001,7/19/2026 8:28:46 AM,T158,Cat 797,790,780,JPM,FUEL&LUBE,25.16
260719001,7/19/2026 8:38:15 AM,T119,Cat 797,12,780,MRM,FUEL&LUBE,15.375
260719001,7/19/2026 8:38:27 AM,T119,Cat 797,921,780,MRM,FUEL&LUBE,15.375
260719001,7/19/2026 8:42:00 AM,T135,Cat 797,4,780,MRM,FUEL&LUBE,16.92
260719001,7/19/2026 8:42:04 AM,T135,Cat 797,96,300,MRM,WAIT FOR FUEL BAY,16.92
260719001,7/19/2026 8:53:08 AM,T135,Cat 797,1083,780,MRM,FUEL&LUBE,15.14
260719001,7/19/2026 9:05:29 AM,T116,Cat 797,868,780,MRM,FUEL&LUBE,18.345
260719001,7/19/2026 9:20:39 AM,T101,Cat 797,712,780,MRM,FUEL&LUBE,16.92
260719001,7/19/2026 9:22:03 AM,T469,Cat 785,715,780,MRM,FUEL&LUBE,37.725
260719001,7/19/2026 9:24:47 AM,T167,Cat 797,1295,780,MRM,FUEL&LUBE,16.445
260719001,7/19/2026 9:56:17 AM,T124,Cat 797,865,780,MRM,FUEL&LUBE,14.635
260719001,7/19/2026 10:09:41 AM,T122,Cat 797,838,780,MRM,FUEL&LUBE,17.99
260719001,7/19/2026 10:09:48 AM,T463,Cat 785,645,780,JPM,FUEL&LUBE,34.54
260719001,7/19/2026 10:15:32 AM,T131,Cat 797,834,780,MRM,FUEL&LUBE,19.89
260719001,7/19/2026 10:21:47 AM,T150,Cat 797,783,780,JPM,FUEL&LUBE,27.435
260719001,7/19/2026 10:23:38 AM,T163,Cat 797,660,780,MRM,FUEL&LUBE,33.92
260719001,7/19/2026 10:37:09 AM,T165,Cat 797,1086,780,JPM,FUEL&LUBE,18.345
260719001,7/19/2026 10:39:21 AM,T112,Cat 797,1071,780,MRM,FUEL&LUBE,163.85
260719001,7/19/2026 10:50:34 AM,T113,Cat 797,3,780,MRM,FUEL&LUBE,16.09
260719001,7/19/2026 10:50:37 AM,T113,Cat 797,62,300,MRM,WAIT FOR FUEL BAY,16.09
260719001,7/19/2026 10:51:39 AM,T113,Cat 797,789,780,MRM,FUEL&LUBE,15.73
260719001,7/19/2026 11:13:10 AM,T139,Cat 797,811,780,JPM,FUEL&LUBE,22.265
260719001,7/19/2026 11:33:15 AM,T114,Cat 797,869,780,MRM,FUEL&LUBE,9.969999
260719001,7/19/2026 11:35:34 AM,T154,Cat 797,8,780,JPM,FUEL&LUBE,22.5
260719001,7/19/2026 11:35:42 AM,T154,Cat 797,15,300,JPM,WAIT FOR FUEL BAY,22.5
260719001,7/19/2026 11:35:57 AM,T154,Cat 797,752,780,JPM,FUEL&LUBE,22.5
260719001,7/19/2026 11:46:05 AM,T133,Cat 797,982,780,MRM,FUEL&LUBE,163.85
260719001,7/19/2026 11:55:33 AM,T123,Cat 797,3,780,MRM,FUEL&LUBE,14.675
260719001,7/19/2026 11:55:36 AM,T123,Cat 797,267,300,MRM,WAIT FOR FUEL BAY,14.675
260719001,7/19/2026 11:59:23 AM,T161,Cat 797,901,780,JPM,FUEL&LUBE,21.905
260719001,7/19/2026 12:07:13 PM,T170,Cat 797,5,780,JPM,FUEL&LUBE,
260719001,7/19/2026 12:07:18 PM,T170,Cat 797,423,300,JPM,WAIT FOR FUEL BAY,
260719001,7/19/2026 12:14:21 PM,T170,Cat 797,903,780,JPM,FUEL&LUBE,
260719001,7/19/2026 12:15:28 PM,T123,Cat 797,38,780,MRM,FUEL&LUBE,52.405
260719001,7/19/2026 12:23:50 PM,T138,Cat 797,847,780,MRM,FUEL&LUBE,22.025
260719001,7/19/2026 12:35:29 PM,T128,Cat 797,864,780,MRM,FUEL&LUBE,20.005
260719001,7/19/2026 12:37:53 PM,T466,Cat 785,12,780,JPM,FUEL&LUBE,42.27
260719001,7/19/2026 12:38:05 PM,T466,Cat 785,95,300,JPM,WAIT FOR FUEL BAY,42.27
260719001,7/19/2026 12:39:40 PM,T466,Cat 785,516,780,JPM,FUEL&LUBE,42.27
260719001,7/19/2026 12:45:29 PM,T151,Cat 797,831,780,MRM,FUEL&LUBE,19.415
260719001,7/19/2026 1:02:08 PM,T144,Cat 797,969,780,JPM,FUEL&LUBE,
260719001,7/19/2026 1:02:54 PM,T471,Cat 785,715,780,MRM,FUEL&LUBE,24.72
260719001,7/19/2026 1:09:20 PM,T465,Cat 785,722,780,MRM,FUEL&LUBE,25.485
260719001,7/19/2026 1:35:12 PM,T118,Cat 797,981,780,MRM,FUEL&LUBE,163.85
260719001,7/19/2026 1:40:19 PM,T166,Cat 797,836,780,MRM,FUEL&LUBE,17.87
260719001,7/19/2026 1:48:05 PM,T169,Cat 797,852,780,JPM,FUEL&LUBE,
260719001,7/19/2026 1:55:23 PM,T104,Cat 797,9,780,MRM,FUEL&LUBE,17.75
260719001,7/19/2026 1:55:32 PM,T104,Cat 797,64,300,MRM,WAIT FOR FUEL BAY,17.75
260719001,7/19/2026 1:56:36 PM,T104,Cat 797,612,780,MRM,FUEL&LUBE,16.205
260719001,7/19/2026 1:59:20 PM,T105,Cat 797,1007,780,MRM,FUEL&LUBE,16.09
260719001,7/19/2026 2:23:11 PM,T474,Cat 785,677,780,JPM,FUEL&LUBE,34.7
260719001,7/19/2026 2:36:06 PM,T456,Cat 785,509,780,MRM,FUEL&LUBE,163.855
260719001,7/19/2026 2:36:48 PM,T162,Cat 797,1045,780,MRM,FUEL&LUBE,16.8
260719001,7/19/2026 3:01:36 PM,T171,Cat 797,902,780,JPM,FUEL&LUBE,
260719001,7/19/2026 3:09:19 PM,T108,Cat 797,61,780,MRM,FUEL&LUBE,23.89
260719001,7/19/2026 3:10:04 PM,T467,Cat 785,175,300,MRM,WAIT FOR FUEL BAY,63.055
260719001,7/19/2026 3:10:20 PM,T108,Cat 797,790,780,MRM,FUEL&LUBE,23.89
260719001,7/19/2026 3:12:59 PM,T467,Cat 785,592,780,MRM,FUEL&LUBE,63.055
260719001,7/19/2026 3:16:38 PM,T171,Cat 797,1041,780,JPM,FUEL&LUBE,
260719001,7/19/2026 3:22:58 PM,T467,Cat 785,2,780,MRM,FUEL&LUBE,62.705
260719001,7/19/2026 3:26:23 PM,T134,Cat 797,1105,780,JPM,FUEL&LUBE,14.575
260719001,7/19/2026 3:28:23 PM,T132,Cat 797,1013,780,MRM,FUEL&LUBE,163.85
260719001,7/19/2026 3:58:25 PM,T107,Cat 797,914,780,MRM,FUEL&LUBE,16.92
260719001,7/19/2026 3:59:42 PM,T162,Cat 797,868,780,MRM,FUEL&LUBE,97.68999
260719001,7/19/2026 4:01:54 PM,T468,Cat 785,1223,780,MRM,FUEL&LUBE,30.395
260719001,7/19/2026 4:18:52 PM,T156,Cat 797,5,780,JPM,FUEL&LUBE,20.005
260719001,7/19/2026 4:18:57 PM,T156,Cat 797,90,300,JPM,WAIT FOR FUEL BAY,20.005
260719001,7/19/2026 4:20:27 PM,T156,Cat 797,948,780,JPM,FUEL&LUBE,20.005
260719001,7/19/2026 4:43:32 PM,T111,Cat 797,788,780,MRM,FUEL&LUBE,24.905
260719001,7/19/2026 4:45:33 PM,T102,Cat 797,61,780,MRM,FUEL&LUBE,20.48
260719001,7/19/2026 4:46:34 PM,T102,Cat 797,681,780,MRM,FUEL&LUBE,20.48
260719001,7/19/2026 4:54:15 PM,T462,Cat 785,492,780,JPM,FUEL&LUBE,29.01
260719001,7/19/2026 5:06:09 PM,T453,Cat 789,683,780,MRM,FUEL&LUBE,35.245
260719002,7/19/2026 6:04:34 PM,T472,Cat 785,6,780,MRM,FUEL&LUBE,14.255
260719002,7/19/2026 6:04:40 PM,T472,Cat 785,177,300,MRM,WAIT FOR FUEL BAY,14.255
260719002,7/19/2026 6:18:44 PM,T472,Cat 785,24,780,MRM,FUEL&LUBE,86.06
260719002,7/19/2026 6:28:41 PM,T153,Cat 797,8,780,MRM,FUEL&LUBE,22.88
260719002,7/19/2026 6:28:49 PM,T153,Cat 797,1032,300,MRM,WAIT FOR FUEL BAY,22.88
260719002,7/19/2026 6:29:25 PM,T141,Cat 797,824,780,JPM,FUEL&LUBE,20.72
260719002,7/19/2026 6:48:38 PM,T120,Cat 797,937,780,MRM,FUEL&LUBE,14.87
260719002,7/19/2026 6:48:51 PM,T158,Cat 797,4,780,JPM,FUEL&LUBE,29.21
260719002,7/19/2026 6:48:55 PM,T158,Cat 797,531,300,JPM,WAIT FOR FUEL BAY,29.21
260719002,7/19/2026 6:57:46 PM,T158,Cat 797,708,780,JPM,FUEL&LUBE,29.08
260719002,7/19/2026 7:11:48 PM,T461,Cat 785,681,780,JPM,FUEL&LUBE,52.68
260719002,7/19/2026 7:12:09 PM,T140,Cat 797,1053,780,MRM,FUEL&LUBE,16.445
260719002,7/19/2026 7:19:39 PM,T451,Cat 789,950,780,MRM,FUEL&LUBE,
260719002,7/19/2026 7:29:25 PM,T137,Cat 797,23,300,MRM,WAIT FOR FUEL BAY,17.155
260719002,7/19/2026 7:29:47 PM,T117,Cat 797,1210,780,MRM,FUEL&LUBE,19.415
260719002,7/19/2026 7:29:50 PM,T137,Cat 797,825,780,MRM,FUEL&LUBE,17.04
260719002,7/19/2026 7:53:47 PM,T126,Cat 797,1134,780,MRM,FUEL&LUBE,14.59
260719002,7/19/2026 7:58:42 PM,T458,Cat 785,496,780,JPM,FUEL&LUBE,35.815
260719002,7/19/2026 8:15:34 PM,T147,Cat 797,875,780,JPM,FUEL&LUBE,
260719002,7/19/2026 8:15:54 PM,T128,Cat 797,667,780,MRM,FUEL&LUBE,48.25
260719002,7/19/2026 8:21:26 PM,T101,Cat 797,701,780,MRM,FUEL&LUBE,14.52
260719002,7/19/2026 8:26:12 PM,T122,Cat 797,56,300,MRM,WAIT FOR FUEL BAY,14.42
260719002,7/19/2026 8:28:02 PM,T122,Cat 797,736,780,MRM,FUEL&LUBE,14.42
260719002,7/19/2026 8:30:05 PM,T136,Cat 797,234,780,MRM,FUEL&LUBE,15.495
260719002,7/19/2026 8:32:30 PM,T165,Cat 797,714,780,JPM,FUEL&LUBE,28.575
260719002,7/19/2026 8:52:38 PM,T103,Cat 797,984,780,MRM,FUEL&LUBE,17.515
260719002,7/19/2026 8:55:10 PM,T127,Cat 797,785,780,MRM,FUEL&LUBE,19.055
260719002,7/19/2026 9:02:02 PM,T166,Cat 797,600,300,MRM,WAIT FOR FUEL BAY,88.025
260719002,7/19/2026 9:12:02 PM,T166,Cat 797,521,780,MRM,FUEL&LUBE,86.595
260719002,7/19/2026 9:13:11 PM,T144,Cat 797,672,780,JPM,FUEL&LUBE,
260719002,7/19/2026 9:20:44 PM,T166,Cat 797,57,780,MRM,FUEL&LUBE,86.595
260719002,7/19/2026 9:31:02 PM,T150,Cat 797,904,780,JPM,FUEL&LUBE,24.905
260719002,7/19/2026 9:38:14 PM,T113,Cat 797,822,780,MRM,FUEL&LUBE,16.92
260719002,7/19/2026 10:00:03 PM,T119,Cat 797,804,780,MRM,FUEL&LUBE,21.55
260719002,7/19/2026 10:00:03 PM,T163,Cat 797,6,780,MRM,FUEL&LUBE,30.475
260719002,7/19/2026 10:00:09 PM,T163,Cat 797,131,300,MRM,WAIT FOR FUEL BAY,30.475
260719002,7/19/2026 10:00:28 PM,T135,Cat 797,760,300,MRM,WAIT FOR FUEL BAY,16.92
260719002,7/19/2026 10:02:20 PM,T163,Cat 797,831,780,MRM,FUEL&LUBE,30.22
260719002,7/19/2026 10:13:43 PM,T135,Cat 797,898,780,MRM,FUEL&LUBE,15.73
260719002,7/19/2026 10:17:21 PM,T459,Cat 785,704,780,JPM,FUEL&LUBE,34.855
260719002,7/19/2026 10:25:31 PM,T161,Cat 797,11,780,JPM,FUEL&LUBE,30.345
260719002,7/19/2026 10:25:42 PM,T161,Cat 797,301,300,JPM,WAIT FOR FUEL BAY,30.345
260719002,7/19/2026 10:28:22 PM,T118,Cat 797,637,780,MRM,FUEL&LUBE,26.93
260719002,7/19/2026 10:29:06 PM,T459,Cat 785,1,780,JPM,FUEL&LUBE,34.22
260719002,7/19/2026 10:30:50 PM,T161,Cat 797,723,780,JPM,FUEL&LUBE,29.335
260719002,7/19/2026 10:38:05 PM,T116,Cat 797,844,780,MRM,FUEL&LUBE,14.86
260719002,7/19/2026 10:48:28 PM,T112,Cat 797,876,780,MRM,FUEL&LUBE,33.92
260719002,7/19/2026 10:57:31 PM,T160,Cat 797,1130,780,MRM,FUEL&LUBE,14.83
260719002,7/19/2026 10:58:36 PM,T123,Cat 797,9,780,MRM,FUEL&LUBE,14.66
260719002,7/19/2026 10:58:42 PM,T154,Cat 797,8,780,JPM,FUEL&LUBE,25.915
260719002,7/19/2026 10:58:45 PM,T123,Cat 797,268,300,MRM,WAIT FOR FUEL BAY,14.66
260719002,7/19/2026 10:58:50 PM,T154,Cat 797,102,300,JPM,WAIT FOR FUEL BAY,25.915
260719002,7/19/2026 11:00:32 PM,T154,Cat 797,723,780,JPM,FUEL&LUBE,25.915
260719002,7/19/2026 11:03:13 PM,T123,Cat 797,777,780,MRM,FUEL&LUBE,14.79
260719002,7/19/2026 11:27:27 PM,T167,Cat 797,860,780,MRM,FUEL&LUBE,16.92
260719002,7/19/2026 11:32:27 PM,T134,Cat 797,57,780,JPM,FUEL&LUBE,27.94
260719002,7/19/2026 11:33:24 PM,T134,Cat 797,69,300,JPM,WAIT FOR FUEL BAY,27.94
260719002,7/19/2026 11:34:33 PM,T134,Cat 797,791,780,JPM,FUEL&LUBE,26.55
260719002,7/19/2026 11:45:41 PM,T109,Cat 797,7,780,MRM,FUEL&LUBE,24.905
260719002,7/19/2026 11:45:48 PM,T109,Cat 797,183,300,MRM,WAIT FOR FUEL BAY,24.905
260719002,7/19/2026 11:48:51 PM,T109,Cat 797,810,780,MRM,FUEL&LUBE,25.16
260719002,7/19/2026 11:59:05 PM,T170,Cat 797,1028,780,JPM,FUEL&LUBE,
260719002,7/20/2026 12:04:00 AM,T124,Cat 797,810,780,MRM,FUEL&LUBE,14.9
260719002,7/20/2026 12:04:40 AM,T131,Cat 797,845,780,MRM,FUEL&LUBE,14.645
260719002,7/20/2026 12:31:04 AM,T460,Cat 785,605,780,MRM,FUEL&LUBE,20.285
260719002,7/20/2026 12:31:09 AM,T463,Cat 785,467,780,JPM,FUEL&LUBE,36.77
260719002,7/20/2026 12:33:44 AM,T157,Cat 797,1056,780,MRM,FUEL&LUBE,25.16
260719002,7/20/2026 12:38:46 AM,T133,Cat 797,7,780,MRM,FUEL&LUBE,163.85
260719002,7/20/2026 12:38:53 AM,T133,Cat 797,303,300,MRM,WAIT FOR FUEL BAY,163.85
260719002,7/20/2026 12:43:56 AM,T133,Cat 797,743,780,MRM,FUEL&LUBE,163.85
260719002,7/20/2026 12:49:31 AM,T104,Cat 797,840,780,MRM,FUEL&LUBE,14.815
260719002,7/20/2026 12:58:01 AM,T114,Cat 797,890,780,MRM,FUEL&LUBE,15.375
260719002,7/20/2026 1:03:49 AM,T152,Cat 797,3,780,JPM,FUEL&LUBE,32.46
260719002,7/20/2026 1:03:52 AM,T152,Cat 797,696,780,JPM,FUEL&LUBE,32.46
260719002,7/20/2026 1:16:40 AM,T151,Cat 797,802,780,MRM,FUEL&LUBE,20.005
260719002,7/20/2026 1:31:23 AM,T138,Cat 797,802,780,MRM,FUEL&LUBE,17.395
260719002,7/20/2026 1:53:39 AM,T108,Cat 797,819,780,MRM,FUEL&LUBE,15.615
260719002,7/20/2026 2:06:44 AM,T456,Cat 785,535,780,MRM,FUEL&LUBE,163.855
260719002,7/20/2026 2:14:27 AM,T156,Cat 797,755,780,JPM,FUEL&LUBE,31.93
260719002,7/20/2026 2:23:42 AM,T102,Cat 797,734,780,MRM,FUEL&LUBE,22.88
260719002,7/20/2026 2:30:03 AM,T466,Cat 785,566,780,JPM,FUEL&LUBE,42.27
260719002,7/20/2026 3:07:51 AM,T105,Cat 797,903,780,MRM,FUEL&LUBE,14.815
260719002,7/20/2026 3:14:40 AM,T132,Cat 797,846,780,MRM,FUEL&LUBE,26.805
260719002,7/20/2026 3:22:29 AM,T131,Cat 797,20,780,MRM,FUEL&LUBE,90.98
260719002,7/20/2026 3:22:30 AM,T139,Cat 797,1405,780,JPM,FUEL&LUBE,29.59
260719002,7/20/2026 3:22:49 AM,T131,Cat 797,128,300,MRM,WAIT FOR FUEL BAY,90.98
260719002,7/20/2026 3:24:57 AM,T131,Cat 797,925,780,MRM,FUEL&LUBE,90.98
260719002,7/20/2026 3:48:23 AM,T107,Cat 797,21,780,MRM,FUEL&LUBE,29.715
260719002,7/20/2026 3:48:44 AM,T107,Cat 797,804,300,MRM,WAIT FOR FUEL BAY,29.715
260719002,7/20/2026 4:20:13 AM,T467,Cat 785,482,780,MRM,FUEL&LUBE,25.64
260719002,7/20/2026 4:37:18 AM,T153,Cat 797,752,780,MRM,FUEL&LUBE,24.27
260719002,7/20/2026 5:21:08 AM,T469,Cat 785,690,780,MRM,FUEL&LUBE,31.35
260719002,7/20/2026 5:39:38 AM,T166,Cat 797,1062,780,MRM,FUEL&LUBE,57.45
260720001,7/20/2026 6:14:18 AM,T468,Cat 785,1137,780,MRM,FUEL&LUBE,32.465
260720001,7/20/2026 6:37:01 AM,T126,Cat 797,1477,780,MRM,FUEL&LUBE,21.195
260720001,7/20/2026 6:49:21 AM,T122,Cat 797,14,780,MRM,FUEL&LUBE,15.615
260720001,7/20/2026 6:49:32 AM,T141,Cat 797,958,780,JPM,FUEL&LUBE,14.8
260720001,7/20/2026 6:49:35 AM,T122,Cat 797,54,300,MRM,WAIT FOR FUEL BAY,15.615
260720001,7/20/2026 6:50:34 AM,T122,Cat 797,727,780,MRM,FUEL&LUBE,14.845
260720001,7/20/2026 7:10:15 AM,T471,Cat 785,1092,780,MRM,FUEL&LUBE,30.235
260720001,7/20/2026 7:11:10 AM,T101,Cat 797,850,780,MRM,FUEL&LUBE,17.515
260720001,7/20/2026 7:13:29 AM,T171,Cat 797,5,780,JPM,FUEL&LUBE,
260720001,7/20/2026 7:13:34 AM,T171,Cat 797,57,300,JPM,WAIT FOR FUEL BAY,
260720001,7/20/2026 7:14:31 AM,T171,Cat 797,939,780,JPM,FUEL&LUBE,
260720001,7/20/2026 7:28:40 AM,T124,Cat 797,1177,780,MRM,FUEL&LUBE,66.15
260720001,7/20/2026 7:40:57 AM,T111,Cat 797,976,780,MRM,FUEL&LUBE,17.155
260720001,7/20/2026 7:48:39 AM,T128,Cat 797,725,780,MRM,FUEL&LUBE,21.075
260720001,7/20/2026 8:00:25 AM,T158,Cat 797,1022,780,JPM,FUEL&LUBE,14.775
260720001,7/20/2026 8:08:01 AM,T472,Cat 785,622,780,MRM,FUEL&LUBE,22.27
260720001,7/20/2026 8:09:50 AM,T120,Cat 797,763,780,MRM,FUEL&LUBE,22.38
260720001,7/20/2026 8:13:14 AM,T458,Cat 785,660,780,JPM,FUEL&LUBE,21.195
260720001,7/20/2026 8:28:18 AM,T123,Cat 797,834,780,MRM,FUEL&LUBE,22.625
260720001,7/20/2026 8:32:54 AM,T118,Cat 797,724,780,MRM,FUEL&LUBE,17.75
260720001,7/20/2026 8:38:27 AM,T165,Cat 797,872,780,JPM,FUEL&LUBE,16.68
260720001,7/20/2026 8:38:36 AM,T474,Cat 785,1503,780,JPM,FUEL&LUBE,22.42
260720001,7/20/2026 8:54:46 AM,T454,Cat 789,783,780,MRM,FUEL&LUBE,22.245
260720001,7/20/2026 9:05:24 AM,T169,Cat 797,9,780,JPM,FUEL&LUBE,
260720001,7/20/2026 9:05:33 AM,T169,Cat 797,58,300,JPM,WAIT FOR FUEL BAY,
260720001,7/20/2026 9:06:31 AM,T169,Cat 797,838,780,JPM,FUEL&LUBE,
260720001,7/20/2026 9:11:38 AM,T144,Cat 797,547,300,JPM,WAIT FOR FUEL BAY,
260720001,7/20/2026 9:14:51 AM,T140,Cat 797,924,780,MRM,FUEL&LUBE,18.82
260720001,7/20/2026 9:21:10 AM,T144,Cat 797,745,780,JPM,FUEL&LUBE,
260720001,7/20/2026 9:42:39 AM,T117,Cat 797,930,780,MRM,FUEL&LUBE,14.635
260720001,7/20/2026 9:49:36 AM,T134,Cat 797,1075,780,JPM,FUEL&LUBE,19.77
260720001,7/20/2026 9:51:52 AM,T113,Cat 797,48,780,MRM,FUEL&LUBE,16.565
260720001,7/20/2026 9:56:43 AM,T113,Cat 797,514,780,MRM,FUEL&LUBE,15.615
260720001,7/20/2026 10:02:05 AM,T137,Cat 797,926,780,MRM,FUEL&LUBE,16.445
260720001,7/20/2026 10:05:31 AM,T112,Cat 797,1107,780,MRM,FUEL&LUBE,163.85
260720001,7/20/2026 10:11:46 AM,T150,Cat 797,1283,780,JPM,FUEL&LUBE,14.815
260720001,7/20/2026 10:16:13 AM,T465,Cat 785,2,780,MRM,FUEL&LUBE,20.285
260720001,7/20/2026 10:16:15 AM,T465,Cat 785,86,300,MRM,WAIT FOR FUEL BAY,20.285
260720001,7/20/2026 10:17:41 AM,T465,Cat 785,785,780,MRM,FUEL&LUBE,20.285
260720001,7/20/2026 10:37:01 AM,T103,Cat 797,916,780,MRM,FUEL&LUBE,16.8
260720001,7/20/2026 10:53:49 AM,T163,Cat 797,4,780,MRM,FUEL&LUBE,21.905
260720001,7/20/2026 10:53:53 AM,T163,Cat 797,96,300,MRM,WAIT FOR FUEL BAY,21.905
260720001,7/20/2026 10:55:29 AM,T163,Cat 797,792,780,MRM,FUEL&LUBE,21.905
260720001,7/20/2026 10:56:43 AM,T154,Cat 797,897,780,JPM,FUEL&LUBE,19.055
260720001,7/20/2026 11:10:06 AM,T104,Cat 797,940,780,MRM,FUEL&LUBE,18.82
260720001,7/20/2026 11:15:22 AM,T160,Cat 797,1110,780,MRM,FUEL&LUBE,22.88
260720001,7/20/2026 11:30:21 AM,T136,Cat 797,1031,780,MRM,FUEL&LUBE,20.72
260720001,7/20/2026 11:34:25 AM,T161,Cat 797,784,780,JPM,FUEL&LUBE,22.265
260720001,7/20/2026 11:37:08 AM,T472,Cat 785,760,780,MRM,FUEL&LUBE,77.9
260720001,7/20/2026 11:38:15 AM,T462,Cat 785,1117,780,JPM,FUEL&LUBE,24.72
260720001,7/20/2026 11:38:33 AM,T119,Cat 797,1471,780,MRM,FUEL&LUBE,17.87
260720001,7/20/2026 11:43:49 AM,T105,Cat 797,20,780,MRM,FUEL&LUBE,46.27
260720001,7/20/2026 11:54:20 AM,T105,Cat 797,9,780,MRM,FUEL&LUBE,46.695
260720001,7/20/2026 11:59:47 AM,T135,Cat 797,1034,780,MRM,FUEL&LUBE,14.845
260720001,7/20/2026 12:02:11 PM,T116,Cat 797,862,780,MRM,FUEL&LUBE,16.68
260720001,7/20/2026 12:07:29 PM,T461,Cat 785,627,780,JPM,FUEL&LUBE,32.305
260720001,7/20/2026 12:42:58 PM,T453,Cat 789,690,780,MRM,FUEL&LUBE,94.6
260720001,7/20/2026 12:57:15 PM,T147,Cat 797,7,780,JPM,FUEL&LUBE,
260720001,7/20/2026 12:57:22 PM,T147,Cat 797,75,300,JPM,WAIT FOR FUEL BAY,
260720001,7/20/2026 12:58:37 PM,T147,Cat 797,1056,780,JPM,FUEL&LUBE,
260720001,7/20/2026 1:02:06 PM,T108,Cat 797,855,780,MRM,FUEL&LUBE,18.7
260720001,7/20/2026 1:03:54 PM,T124,Cat 797,874,780,MRM,FUEL&LUBE,73.11
260720001,7/20/2026 1:10:04 PM,T167,Cat 797,363,300,MRM,WAIT FOR FUEL BAY,17.155
260720001,7/20/2026 1:15:58 PM,T102,Cat 797,1097,780,MRM,FUEL&LUBE,16.8
260720001,7/20/2026 1:16:08 PM,T167,Cat 797,910,780,MRM,FUEL&LUBE,17.87
260720001,7/20/2026 1:49:57 PM,T460,Cat 785,5,780,MRM,FUEL&LUBE,31.03
260720001,7/20/2026 1:50:02 PM,T460,Cat 785,86,300,MRM,WAIT FOR FUEL BAY,31.03
260720001,7/20/2026 1:51:28 PM,T460,Cat 785,623,780,MRM,FUEL&LUBE,31.03
260720001,7/20/2026 1:52:43 PM,T170,Cat 797,5,780,JPM,FUEL&LUBE,
260720001,7/20/2026 1:52:48 PM,T170,Cat 797,75,300,JPM,WAIT FOR FUEL BAY,
260720001,7/20/2026 1:53:18 PM,T133,Cat 797,5,780,MRM,FUEL&LUBE,163.85
260720001,7/20/2026 1:53:23 PM,T133,Cat 797,69,300,MRM,WAIT FOR FUEL BAY,163.85
260720001,7/20/2026 1:54:03 PM,T170,Cat 797,884,780,JPM,FUEL&LUBE,
260720001,7/20/2026 1:54:32 PM,T133,Cat 797,612,780,MRM,FUEL&LUBE,163.85
260720001,7/20/2026 1:58:20 PM,T109,Cat 797,273,300,MRM,WAIT FOR FUEL BAY,18.225
260720001,7/20/2026 2:02:00 PM,T157,Cat 797,6,780,MRM,FUEL&LUBE,17.63
260720001,7/20/2026 2:02:06 PM,T157,Cat 797,1001,300,MRM,WAIT FOR FUEL BAY,17.63
260720001,7/20/2026 2:02:55 PM,T109,Cat 797,862,780,MRM,FUEL&LUBE,17.75
260720001,7/20/2026 2:09:14 PM,T114,Cat 797,535,300,MRM,WAIT FOR FUEL BAY,18.58
260720001,7/20/2026 2:18:09 PM,T114,Cat 797,822,780,MRM,FUEL&LUBE,17.275
260720001,7/20/2026 2:31:52 PM,T114,Cat 797,2,780,MRM,FUEL&LUBE,45.57
260720001,7/20/2026 2:38:06 PM,T153,Cat 797,852,780,MRM,FUEL&LUBE,16.325
260720001,7/20/2026 2:46:41 PM,T138,Cat 797,4,780,MRM,FUEL&LUBE,15.495
260720001,7/20/2026 2:46:45 PM,T138,Cat 797,163,300,MRM,WAIT FOR FUEL BAY,15.495
260720001,7/20/2026 2:49:52 PM,T138,Cat 797,864,780,MRM,FUEL&LUBE,14.845
260720001,7/20/2026 2:50:38 PM,T151,Cat 797,1125,780,MRM,FUEL&LUBE,17.75
260720001,7/20/2026 2:50:57 PM,T451,Cat 789,4,780,MRM,FUEL&LUBE,
260720001,7/20/2026 2:51:01 PM,T451,Cat 789,854,300,MRM,WAIT FOR FUEL BAY,
260720001,7/20/2026 3:00:08 PM,T141,Cat 797,1032,780,JPM,FUEL&LUBE,16.8
260720001,7/20/2026 3:05:15 PM,T451,Cat 789,764,780,MRM,FUEL&LUBE,
260720001,7/20/2026 3:34:57 PM,T101,Cat 797,53,780,MRM,FUEL&LUBE,29.21
260720001,7/20/2026 3:41:57 PM,T101,Cat 797,209,780,MRM,FUEL&LUBE,28.7
260720001,7/20/2026 3:43:09 PM,T139,Cat 797,1258,780,JPM,FUEL&LUBE,26.17
260720001,7/20/2026 3:53:44 PM,T132,Cat 797,820,780,MRM,FUEL&LUBE,17.155
260720001,7/20/2026 4:16:34 PM,T107,Cat 797,70,780,MRM,FUEL&LUBE,28.83
260720001,7/20/2026 4:17:44 PM,T107,Cat 797,742,780,MRM,FUEL&LUBE,28.83
260720001,7/20/2026 4:20:00 PM,T152,Cat 797,1,780,JPM,FUEL&LUBE,22.625
260720001,7/20/2026 4:21:11 PM,T152,Cat 797,782,780,JPM,FUEL&LUBE,22.625
260720001,7/20/2026 5:35:00 PM,T115,Cat 797,736,780,MRM,FUEL&LUBE,25.16
260720001,7/20/2026 5:55:53 PM,T131,Cat 797,247,780,MRM,FUEL&LUBE,21.195
260720001,7/20/2026 5:58:52 PM,T122,Cat 797,68,780,MRM,FUEL&LUBE,20.005
260720002,7/20/2026 6:00:00 PM,T122,Cat 797,537,780,MRM,FUEL&LUBE,20.005
260720002,7/20/2026 6:00:00 PM,T131,Cat 797,561,780,MRM,FUEL&LUBE,20.6
260720002,7/20/2026 6:08:28 PM,T156,Cat 797,844,780,JPM,FUEL&LUBE,18.94
260720002,7/20/2026 6:13:42 PM,T124,Cat 797,1001,780,MRM,FUEL&LUBE,82.45
260720002,7/20/2026 6:21:20 PM,T169,Cat 797,856,780,JPM,FUEL&LUBE,
260720002,7/20/2026 6:21:49 PM,T126,Cat 797,921,780,MRM,FUEL&LUBE,15.495
260720002,7/20/2026 6:27:03 PM,T471,Cat 785,644,780,MRM,FUEL&LUBE,54.925
260720002,7/20/2026 6:44:19 PM,T108,Cat 797,3,780,MRM,FUEL&LUBE,58.5
260720002,7/20/2026 6:44:22 PM,T108,Cat 797,49,300,MRM,WAIT FOR FUEL BAY,58.5
260720002,7/20/2026 6:45:11 PM,T108,Cat 797,774,780,MRM,FUEL&LUBE,58.5
260720002,7/20/2026 6:50:59 PM,T123,Cat 797,787,780,MRM,FUEL&LUBE,14.62
260720002,7/20/2026 7:00:44 PM,T134,Cat 797,817,780,JPM,FUEL&LUBE,22.625
260720002,7/20/2026 7:05:21 PM,T472,Cat 785,716,780,MRM,FUEL&LUBE,56.135
260720002,7/20/2026 7:16:14 PM,T128,Cat 797,801,780,MRM,FUEL&LUBE,20.005
260720002,7/20/2026 7:22:00 PM,T458,Cat 785,570,780,JPM,FUEL&LUBE,36.61
260720002,7/20/2026 7:23:43 PM,T165,Cat 797,1,780,JPM,FUEL&LUBE,25.285
260720002,7/20/2026 7:29:59 PM,T475,Cat 793,1453,780,MRM,FUEL&LUBE,25.89
260720002,7/20/2026 7:33:49 PM,T144,Cat 797,848,780,JPM,FUEL&LUBE,
260720002,7/20/2026 7:44:08 PM,T118,Cat 797,22,780,MRM,FUEL&LUBE,17.515
260720002,7/20/2026 7:44:30 PM,T118,Cat 797,921,780,MRM,FUEL&LUBE,17.515
260720002,7/20/2026 7:47:58 PM,T144,Cat 797,2,780,JPM,FUEL&LUBE,
260720002,7/20/2026 7:54:32 PM,T165,Cat 797,877,780,JPM,FUEL&LUBE,20.6
260720002,7/20/2026 8:30:15 PM,T113,Cat 797,901,780,MRM,FUEL&LUBE,15.14
260720002,7/20/2026 8:30:24 PM,T467,Cat 785,470,780,MRM,FUEL&LUBE,49.955
260720002,7/20/2026 8:31:54 PM,T111,Cat 797,368,300,MRM,WAIT FOR FUEL BAY,17.99
260720002,7/20/2026 8:35:02 PM,T158,Cat 797,802,780,JPM,FUEL&LUBE,16.325
260720002,7/20/2026 8:39:17 PM,T111,Cat 797,764,780,MRM,FUEL&LUBE,17.155
260720002,7/20/2026 8:47:48 PM,T117,Cat 797,752,780,MRM,FUEL&LUBE,26.805
260720002,7/20/2026 8:55:17 PM,T469,Cat 785,593,780,MRM,FUEL&LUBE,71.435
260720002,7/20/2026 9:04:15 PM,T463,Cat 785,44,780,JPM,FUEL&LUBE,25.79
260720002,7/20/2026 9:04:59 PM,T463,Cat 785,35,300,JPM,WAIT FOR FUEL BAY,25.18
260720002,7/20/2026 9:05:34 PM,T463,Cat 785,473,780,JPM,FUEL&LUBE,25.18
260720002,7/20/2026 9:30:37 PM,T468,Cat 785,78,780,MRM,FUEL&LUBE,30.875
260720002,7/20/2026 9:31:55 PM,T468,Cat 785,516,780,MRM,FUEL&LUBE,30.875
260720002,7/20/2026 9:32:38 PM,T154,Cat 797,4,780,JPM,FUEL&LUBE,25.665
260720002,7/20/2026 9:32:42 PM,T154,Cat 797,86,300,JPM,WAIT FOR FUEL BAY,25.665
260720002,7/20/2026 9:34:08 PM,T154,Cat 797,856,780,JPM,FUEL&LUBE,25.665
260720002,7/20/2026 9:52:18 PM,T171,Cat 797,1116,780,JPM,FUEL&LUBE,
260720002,7/20/2026 10:01:39 PM,T103,Cat 797,736,780,MRM,FUEL&LUBE,27.69
260720002,7/20/2026 10:15:13 PM,T104,Cat 797,767,780,MRM,FUEL&LUBE,15.14
260720002,7/20/2026 10:18:48 PM,T112,Cat 797,821,780,MRM,FUEL&LUBE,24.4
260720002,7/20/2026 10:24:04 PM,T459,Cat 785,115,300,JPM,WAIT FOR FUEL BAY,35.655
260720002,7/20/2026 10:24:44 PM,T163,Cat 797,178,300,MRM,WAIT FOR FUEL BAY,33.79
260720002,7/20/2026 10:25:59 PM,T459,Cat 785,515,780,JPM,FUEL&LUBE,35.655
260720002,7/20/2026 10:28:08 PM,T163,Cat 797,693,780,MRM,FUEL&LUBE,33.125
260720002,7/20/2026 10:28:23 PM,T150,Cat 797,593,780,JPM,FUEL&LUBE,21.67
260720002,7/20/2026 10:34:35 PM,T459,Cat 785,1,780,JPM,FUEL&LUBE,36.13
260720002,7/20/2026 10:38:16 PM,T150,Cat 797,515,780,JPM,FUEL&LUBE,20.72
260720002,7/20/2026 10:41:04 PM,T140,Cat 797,822,780,MRM,FUEL&LUBE,18.225
260720002,7/20/2026 10:51:19 PM,T120,Cat 797,888,780,MRM,FUEL&LUBE,14.83
260720002,7/20/2026 11:07:47 PM,T149,Cat 797,64,780,JPM,FUEL&LUBE,
260720002,7/20/2026 11:08:51 PM,T149,Cat 797,722,780,JPM,FUEL&LUBE,
260720002,7/20/2026 11:37:08 PM,T161,Cat 797,114,300,JPM,WAIT FOR FUEL BAY,23.64
260720002,7/20/2026 11:39:01 PM,T102,Cat 797,691,780,MRM,FUEL&LUBE,16.68
260720002,7/20/2026 11:39:02 PM,T161,Cat 797,793,780,JPM,FUEL&LUBE,21.905
260720002,7/20/2026 11:52:18 PM,T161,Cat 797,1,780,JPM,FUEL&LUBE,163.85
260720002,7/21/2026 12:04:35 AM,T160,Cat 797,895,780,MRM,FUEL&LUBE,23.005
260720002,7/21/2026 12:32:54 AM,T152,Cat 797,791,780,JPM,FUEL&LUBE,27.565
260720002,7/21/2026 12:46:07 AM,T152,Cat 797,3,780,JPM,FUEL&LUBE,27.185
260720002,7/21/2026 12:46:41 AM,T133,Cat 797,5,780,MRM,FUEL&LUBE,163.85
260720002,7/21/2026 12:46:46 AM,T133,Cat 797,714,780,MRM,FUEL&LUBE,163.85
260720002,7/21/2026 12:49:17 AM,T465,Cat 785,714,780,MRM,FUEL&LUBE,34.06
260720002,7/21/2026 1:05:23 AM,T474,Cat 785,44,780,JPM,FUEL&LUBE,35.175
260720002,7/21/2026 1:06:07 AM,T474,Cat 785,557,780,JPM,FUEL&LUBE,35.175
260720002,7/21/2026 1:16:09 AM,T153,Cat 797,816,780,MRM,FUEL&LUBE,14.645
260720002,7/21/2026 1:20:21 AM,T147,Cat 797,867,780,JPM,FUEL&LUBE,
260720002,7/21/2026 1:21:31 AM,T461,Cat 785,1466,780,JPM,FUEL&LUBE,87.965
260720002,7/21/2026 1:24:04 AM,T460,Cat 785,675,780,MRM,FUEL&LUBE,35.335
260720002,7/21/2026 1:37:43 AM,T116,Cat 797,923,780,MRM,FUEL&LUBE,20.48
260720002,7/21/2026 1:47:28 AM,T119,Cat 797,903,780,MRM,FUEL&LUBE,17.63
260720002,7/21/2026 1:51:44 AM,T466,Cat 785,717,780,JPM,FUEL&LUBE,42.27
260720002,7/21/2026 2:10:53 AM,T167,Cat 797,848,780,MRM,FUEL&LUBE,15.97
260720002,7/21/2026 2:21:00 AM,T101,Cat 797,139,780,MRM,FUEL&LUBE,14.55
260720002,7/21/2026 2:22:00 AM,T141,Cat 797,778,780,JPM,FUEL&LUBE,25.285
260720002,7/21/2026 2:23:19 AM,T101,Cat 797,730,780,MRM,FUEL&LUBE,14.465
260720002,7/21/2026 2:26:01 AM,T136,Cat 797,871,780,MRM,FUEL&LUBE,15.255
260720002,7/21/2026 2:32:50 AM,T462,Cat 785,6,780,JPM,FUEL&LUBE,24.26
260720002,7/21/2026 2:32:56 AM,T462,Cat 785,492,300,JPM,WAIT FOR FUEL BAY,24.26
260720002,7/21/2026 2:41:08 AM,T462,Cat 785,136,780,JPM,FUEL&LUBE,23.955
260720002,7/21/2026 2:45:50 AM,T134,Cat 797,617,780,JPM,FUEL&LUBE,30.735
260720002,7/21/2026 2:47:34 AM,T132,Cat 797,761,780,MRM,FUEL&LUBE,26.17
260720002,7/21/2026 2:55:41 AM,T135,Cat 797,29,780,MRM,FUEL&LUBE,16.8
260720002,7/21/2026 2:56:10 AM,T135,Cat 797,97,300,MRM,WAIT FOR FUEL BAY,16.8
260720002,7/21/2026 2:57:47 AM,T135,Cat 797,832,780,MRM,FUEL&LUBE,16.8
260720002,7/21/2026 3:03:30 AM,T139,Cat 797,60,780,JPM,FUEL&LUBE,26.55
260720002,7/21/2026 3:04:30 AM,T139,Cat 797,786,780,JPM,FUEL&LUBE,25.665
260720002,7/21/2026 3:20:14 AM,T114,Cat 797,33,300,MRM,WAIT FOR FUEL BAY,15.73
260720002,7/21/2026 3:20:47 AM,T114,Cat 797,783,780,MRM,FUEL&LUBE,15.73
260720002,7/21/2026 3:33:42 AM,T138,Cat 797,950,780,MRM,FUEL&LUBE,18.94
260720002,7/21/2026 3:40:12 AM,T122,Cat 797,788,780,MRM,FUEL&LUBE,19.175
260720002,7/21/2026 4:12:58 AM,T129,Cat 797,10,780,MRM,FUEL&LUBE,22.755
260720002,7/21/2026 4:13:08 AM,T129,Cat 797,51,300,MRM,WAIT FOR FUEL BAY,22.755
260720002,7/21/2026 4:13:59 AM,T129,Cat 797,762,780,MRM,FUEL&LUBE,22.755
260720002,7/21/2026 4:20:18 AM,T105,Cat 797,819,780,MRM,FUEL&LUBE,22.025
260720002,7/21/2026 4:37:14 AM,T123,Cat 797,702,780,MRM,FUEL&LUBE,21.79
260720002,7/21/2026 4:38:19 AM,T156,Cat 797,836,780,JPM,FUEL&LUBE,31.53
260720002,7/21/2026 4:58:28 AM,T144,Cat 797,740,780,JPM,FUEL&LUBE,
260720002,7/21/2026 5:00:55 AM,T107,Cat 797,786,780,MRM,FUEL&LUBE,21.195
260720002,7/21/2026 5:04:24 AM,T169,Cat 797,8,780,JPM,FUEL&LUBE,
260720002,7/21/2026 5:04:32 AM,T169,Cat 797,437,300,JPM,WAIT FOR FUEL BAY,
260720002,7/21/2026 5:11:49 AM,T169,Cat 797,726,780,JPM,FUEL&LUBE,
260720002,7/21/2026 5:30:45 AM,T163,Cat 797,334,780,MRM,FUEL&LUBE,61.05
260720002,7/21/2026 5:42:18 AM,T458,Cat 785,3,780,JPM,FUEL&LUBE,33.58
260720002,7/21/2026 5:44:24 AM,T106,Cat 797,862,780,MRM,FUEL&LUBE,17.155
260720002,7/21/2026 5:56:48 AM,T151,Cat 797,21,780,MRM,FUEL&LUBE,15.375
260720002,7/21/2026 5:57:09 AM,T151,Cat 797,171,300,MRM,WAIT FOR FUEL BAY,15.02
260721001,7/21/2026 6:00:00 AM,T151,Cat 797,9,300,MRM,WAIT FOR FUEL BAY,15.02
260721001,7/21/2026 6:00:09 AM,T151,Cat 797,889,780,MRM,FUEL&LUBE,15.02
260721001,7/21/2026 6:02:16 AM,T126,Cat 797,168,780,MRM,FUEL&LUBE,14.87
260721001,7/21/2026 6:02:35 AM,T157,Cat 797,10,780,MRM,FUEL&LUBE,14.83
260721001,7/21/2026 6:02:39 AM,T458,Cat 785,2,780,JPM,FUEL&LUBE,31.67
260721001,7/21/2026 6:02:45 AM,T157,Cat 797,655,300,MRM,WAIT FOR FUEL BAY,14.83
260721001,7/21/2026 6:05:04 AM,T126,Cat 797,528,300,MRM,WAIT FOR FUEL BAY,14.87
260721001,7/21/2026 6:13:40 AM,T157,Cat 797,890,780,MRM,FUEL&LUBE,14.86
260721001,7/21/2026 6:22:27 AM,T454,Cat 789,6,300,MRM,WAIT FOR FUEL BAY,18.82
260721001,7/21/2026 6:23:07 AM,T454,Cat 789,32,300,MRM,WAIT FOR FUEL BAY,18.82
260721001,7/21/2026 6:28:05 AM,T126,Cat 797,790,780,MRM,FUEL&LUBE,14.705
260721001,7/21/2026 6:33:14 AM,T165,Cat 797,868,780,JPM,FUEL&LUBE,25.41
260721001,7/21/2026 6:34:15 AM,T118,Cat 797,980,780,MRM,FUEL&LUBE,14.705
260721001,7/21/2026 6:41:16 AM,T126,Cat 797,2,780,MRM,FUEL&LUBE,62.85
260721001,7/21/2026 6:44:07 AM,T109,Cat 797,1143,780,MRM,FUEL&LUBE,14.86
260721001,7/21/2026 6:45:52 AM,T458,Cat 785,586,780,JPM,FUEL&LUBE,27.475
260721001,7/21/2026 6:53:19 AM,T454,Cat 789,938,780,MRM,FUEL&LUBE,16.335
260721001,7/21/2026 7:12:23 AM,T131,Cat 797,840,780,MRM,FUEL&LUBE,16.92
260721001,7/21/2026 7:28:11 AM,T113,Cat 797,885,780,MRM,FUEL&LUBE,14.885
260721001,7/21/2026 7:38:00 AM,T124,Cat 797,1131,780,MRM,FUEL&LUBE,18.82
260721001,7/21/2026 7:38:56 AM,T453,Cat 789,958,780,MRM,FUEL&LUBE,23.485
260721001,7/21/2026 7:42:05 AM,T158,Cat 797,7,780,JPM,FUEL&LUBE,26.93
260721001,7/21/2026 7:42:12 AM,T158,Cat 797,47,300,JPM,WAIT FOR FUEL BAY,26.93
260721001,7/21/2026 7:42:59 AM,T158,Cat 797,701,780,JPM,FUEL&LUBE,26.93
260721001,7/21/2026 8:04:08 AM,T115,Cat 797,813,780,MRM,FUEL&LUBE,21.315
260721001,7/21/2026 8:20:05 AM,T451,Cat 789,764,780,MRM,FUEL&LUBE,
260721001,7/21/2026 8:50:30 AM,T149,Cat 797,1011,780,JPM,FUEL&LUBE,
260721001,7/21/2026 8:50:51 AM,T128,Cat 797,767,780,MRM,FUEL&LUBE,20.84
260721001,7/21/2026 9:00:38 AM,T104,Cat 797,823,780,MRM,FUEL&LUBE,14.86
260721001,7/21/2026 9:35:36 AM,T133,Cat 797,739,780,MRM,FUEL&LUBE,163.85
260721001,7/21/2026 9:51:35 AM,T152,Cat 797,4,780,JPM,FUEL&LUBE,23.005
260721001,7/21/2026 9:51:39 AM,T152,Cat 797,72,300,JPM,WAIT FOR FUEL BAY,23.005
260721001,7/21/2026 9:52:51 AM,T152,Cat 797,675,780,JPM,FUEL&LUBE,22.025
260721001,7/21/2026 9:55:46 AM,T103,Cat 797,762,780,MRM,FUEL&LUBE,25.915
260721001,7/21/2026 10:17:52 AM,T112,Cat 797,920,780,MRM,FUEL&LUBE,163.85
260721001,7/21/2026 10:29:00 AM,T117,Cat 797,726,780,MRM,FUEL&LUBE,14.815
260721001,7/21/2026 10:40:29 AM,T463,Cat 785,732,780,JPM,FUEL&LUBE,35.335
260721001,7/21/2026 10:43:14 AM,T102,Cat 797,704,780,MRM,FUEL&LUBE,18.225
260721001,7/21/2026 10:55:10 AM,T153,Cat 797,6,780,MRM,FUEL&LUBE,17.275
260721001,7/21/2026 10:55:16 AM,T153,Cat 797,63,300,MRM,WAIT FOR FUEL BAY,17.275
260721001,7/21/2026 10:56:19 AM,T153,Cat 797,738,780,MRM,FUEL&LUBE,17.275
260721001,7/21/2026 11:07:59 AM,T150,Cat 797,891,780,JPM,FUEL&LUBE,20.955
260721001,7/21/2026 11:26:48 AM,T140,Cat 797,783,780,MRM,FUEL&LUBE,22.755
260721001,7/21/2026 11:59:45 AM,T134,Cat 797,1147,780,JPM,FUEL&LUBE,17.395
260721001,7/21/2026 12:07:29 PM,T111,Cat 797,958,780,MRM,FUEL&LUBE,19.65
260721001,7/21/2026 12:18:07 PM,T137,Cat 797,852,780,MRM,FUEL&LUBE,15.615
260721001,7/21/2026 12:23:28 PM,T111,Cat 797,1,780,MRM,FUEL&LUBE,89.17
260721001,7/21/2026 12:26:46 PM,T161,Cat 797,911,780,JPM,FUEL&LUBE,19.175
260721001,7/21/2026 12:44:27 PM,T130,Cat 797,776,780,MRM,FUEL&LUBE,24.02
260721001,7/21/2026 1:04:58 PM,T171,Cat 797,1269,780,JPM,FUEL&LUBE,
260721001,7/21/2026 1:12:15 PM,T469,Cat 785,452,780,MRM,FUEL&LUBE,71.435
260721001,7/21/2026 1:30:29 PM,T463,Cat 785,540,780,JPM,FUEL&LUBE,82.27
260721001,7/21/2026 1:40:22 PM,T113,Cat 797,1,780,MRM,FUEL&LUBE,96.53
260721001,7/21/2026 1:40:41 PM,T120,Cat 797,937,780,MRM,FUEL&LUBE,21.67
260721001,7/21/2026 1:42:40 PM,T144,Cat 797,5,780,JPM,FUEL&LUBE,
260721001,7/21/2026 1:42:45 PM,T144,Cat 797,69,300,JPM,WAIT FOR FUEL BAY,
260721001,7/21/2026 1:43:54 PM,T144,Cat 797,940,780,JPM,FUEL&LUBE,
260721001,7/21/2026 1:58:01 PM,T129,Cat 797,761,780,MRM,FUEL&LUBE,16.68
260721001,7/21/2026 2:00:42 PM,T147,Cat 797,1042,780,JPM,FUEL&LUBE,
260721001,7/21/2026 2:22:25 PM,T141,Cat 797,847,780,JPM,FUEL&LUBE,23.26
260721001,7/21/2026 2:40:33 PM,T122,Cat 797,687,780,MRM,FUEL&LUBE,15.14
260721001,7/21/2026 2:45:01 PM,T459,Cat 785,566,780,JPM,FUEL&LUBE,35.655
260721001,7/21/2026 2:54:56 PM,T139,Cat 797,1114,780,JPM,FUEL&LUBE,24.4
260721001,7/21/2026 3:13:08 PM,T116,Cat 797,835,780,MRM,FUEL&LUBE,14.885
260721001,7/21/2026 3:13:22 PM,T160,Cat 797,14,780,MRM,FUEL&LUBE,15.495
260721001,7/21/2026 3:13:36 PM,T160,Cat 797,819,780,MRM,FUEL&LUBE,15.495
260721001,7/21/2026 3:29:45 PM,T169,Cat 797,1003,780,JPM,FUEL&LUBE,
260721001,7/21/2026 3:30:49 PM,T123,Cat 797,9,780,MRM,FUEL&LUBE,16.445
260721001,7/21/2026 3:30:58 PM,T123,Cat 797,63,300,MRM,WAIT FOR FUEL BAY,16.445
260721001,7/21/2026 3:32:01 PM,T123,Cat 797,681,780,MRM,FUEL&LUBE,16.445
260721001,7/21/2026 3:51:34 PM,T132,Cat 797,843,780,MRM,FUEL&LUBE,14.775
260721001,7/21/2026 3:55:32 PM,T167,Cat 797,1046,780,MRM,FUEL&LUBE,14.79
260721001,7/21/2026 4:11:36 PM,T119,Cat 797,1107,780,MRM,FUEL&LUBE,17.275
260721001,7/21/2026 4:12:17 PM,T118,Cat 797,7,780,MRM,FUEL&LUBE,163.85
260721001,7/21/2026 4:12:24 PM,T118,Cat 797,207,300,MRM,WAIT FOR FUEL BAY,163.85
260721001,7/21/2026 4:15:51 PM,T118,Cat 797,664,780,MRM,FUEL&LUBE,163.85
260721001,7/21/2026 4:29:09 PM,T135,Cat 797,1139,780,MRM,FUEL&LUBE,17.99
260721001,7/21/2026 4:38:09 PM,T114,Cat 797,881,780,MRM,FUEL&LUBE,18.345
260721001,7/21/2026 4:49:12 PM,T105,Cat 797,31,780,MRM,FUEL&LUBE,19.415
260721001,7/21/2026 4:49:43 PM,T105,Cat 797,3,300,MRM,WAIT FOR FUEL BAY,19.415
260721001,7/21/2026 4:49:46 PM,T105,Cat 797,792,780,MRM,FUEL&LUBE,19.415
260721001,7/21/2026 5:26:11 PM,T467,Cat 785,621,780,MRM,FUEL&LUBE,36.45
260721001,7/21/2026 5:27:50 PM,T138,Cat 797,1017,780,MRM,FUEL&LUBE,20.6
260721001,7/21/2026 5:41:35 PM,T136,Cat 797,6,780,MRM,FUEL&LUBE,14.79
260721001,7/21/2026 5:41:41 PM,T136,Cat 797,235,300,MRM,WAIT FOR FUEL BAY,14.79
260721001,7/21/2026 5:45:36 PM,T136,Cat 797,834,780,MRM,FUEL&LUBE,14.79
260721001,7/21/2026 5:45:48 PM,T458,Cat 785,3,780,JPM,FUEL&LUBE,37.405
260721001,7/21/2026 5:59:41 PM,T136,Cat 797,1,780,MRM,FUEL&LUBE,40.93
260721002,7/21/2026 6:02:12 PM,T471,Cat 785,511,780,MRM,FUEL&LUBE,25.335
260721002,7/21/2026 6:15:00 PM,T472,Cat 785,796,780,MRM,FUEL&LUBE,25.64
260721002,7/21/2026 6:19:22 PM,T101,Cat 797,9,780,MRM,FUEL&LUBE,20.84
260721002,7/21/2026 6:19:31 PM,T101,Cat 797,263,300,MRM,WAIT FOR FUEL BAY,20.84
260721002,7/21/2026 6:23:54 PM,T101,Cat 797,757,780,MRM,FUEL&LUBE,19.65
260721002,7/21/2026 6:24:19 PM,T107,Cat 797,272,300,MRM,WAIT FOR FUEL BAY,16.92
260721002,7/21/2026 6:25:57 PM,T166,Cat 797,5,780,MRM,FUEL&LUBE,17.75
260721002,7/21/2026 6:26:02 PM,T166,Cat 797,567,300,MRM,WAIT FOR FUEL BAY,17.75
260721002,7/21/2026 6:28:55 PM,T107,Cat 797,933,780,MRM,FUEL&LUBE,15.85
260721002,7/21/2026 6:29:25 PM,T158,Cat 797,857,780,JPM,FUEL&LUBE,22.755
260721002,7/21/2026 6:35:29 PM,T166,Cat 797,751,780,MRM,FUEL&LUBE,17.63
260721002,7/21/2026 6:36:45 PM,T126,Cat 797,4,780,MRM,FUEL&LUBE,15.97
260721002,7/21/2026 6:36:49 PM,T126,Cat 797,531,300,MRM,WAIT FOR FUEL BAY,15.97
260721002,7/21/2026 6:37:55 PM,T468,Cat 785,715,780,MRM,FUEL&LUBE,22.27
260721002,7/21/2026 6:45:46 PM,T126,Cat 797,806,780,MRM,FUEL&LUBE,14.8
260721002,7/21/2026 6:46:29 PM,T156,Cat 797,808,780,JPM,FUEL&LUBE,25.285
260721002,7/21/2026 6:49:50 PM,T468,Cat 785,512,780,MRM,FUEL&LUBE,22.115
260721002,7/21/2026 7:04:12 PM,T152,Cat 797,763,780,JPM,FUEL&LUBE,22.265
260721002,7/21/2026 7:15:51 PM,T157,Cat 797,875,780,MRM,FUEL&LUBE,14.745
260721002,7/21/2026 7:21:19 PM,T149,Cat 797,975,780,JPM,FUEL&LUBE,
260721002,7/21/2026 7:30:01 PM,T466,Cat 785,613,780,MRM,FUEL&LUBE,42.27
260721002,7/21/2026 7:31:37 PM,T168,Cat 797,341,780,JPM,FUEL&LUBE,
260721002,7/21/2026 7:32:02 PM,T458,Cat 785,2,780,JPM,FUEL&LUBE,27.02
260721002,7/21/2026 7:37:18 PM,T168,Cat 797,782,780,JPM,FUEL&LUBE,
260721002,7/21/2026 7:51:33 PM,T465,Cat 785,629,780,MRM,FUEL&LUBE,25.485
260721002,7/21/2026 7:51:47 PM,T128,Cat 797,982,780,MRM,FUEL&LUBE,39.665
260721002,7/21/2026 7:52:59 PM,T458,Cat 785,1,780,JPM,FUEL&LUBE,24.415
260721002,7/21/2026 7:53:12 PM,T474,Cat 785,130,780,JPM,FUEL&LUBE,26.1
260721002,7/21/2026 7:55:22 PM,T474,Cat 785,617,780,JPM,FUEL&LUBE,26.1
260721002,7/21/2026 8:11:26 PM,T104,Cat 797,812,780,MRM,FUEL&LUBE,20.245
260721002,7/21/2026 8:13:37 PM,T460,Cat 785,658,780,MRM,FUEL&LUBE,32.305
260721002,7/21/2026 8:13:55 PM,T458,Cat 785,523,780,JPM,FUEL&LUBE,21.96
260721002,7/21/2026 8:16:49 PM,T120,Cat 797,8,300,MRM,WAIT FOR FUEL BAY,73.415
260721002,7/21/2026 8:22:39 PM,T462,Cat 785,605,780,JPM,FUEL&LUBE,22.73
260721002,7/21/2026 8:31:41 PM,T131,Cat 797,787,780,MRM,FUEL&LUBE,21.195
260721002,7/21/2026 8:44:06 PM,T134,Cat 797,46,780,JPM,FUEL&LUBE,28.83
260721002,7/21/2026 8:44:19 PM,T153,Cat 797,842,780,MRM,FUEL&LUBE,16.8
260721002,7/21/2026 8:44:52 PM,T134,Cat 797,82,300,JPM,WAIT FOR FUEL BAY,28.83
260721002,7/21/2026 8:46:14 PM,T134,Cat 797,651,780,JPM,FUEL&LUBE,28.83
260721002,7/21/2026 9:01:05 PM,T133,Cat 797,5,780,MRM,FUEL&LUBE,163.85
260721002,7/21/2026 9:10:14 PM,T133,Cat 797,236,780,MRM,FUEL&LUBE,163.85
260721002,7/21/2026 9:15:59 PM,T144,Cat 797,586,780,JPM,FUEL&LUBE,
260721002,7/21/2026 9:16:29 PM,T102,Cat 797,786,780,MRM,FUEL&LUBE,21.195
260721002,7/21/2026 9:25:54 PM,T144,Cat 797,3,780,JPM,FUEL&LUBE,
260721002,7/21/2026 9:27:33 PM,T475,Cat 793,1610,780,MRM,FUEL&LUBE,30.01
260721002,7/21/2026 10:01:39 PM,T106,Cat 797,766,780,MRM,FUEL&LUBE,14.8
260721002,7/21/2026 10:36:02 PM,T112,Cat 797,809,780,MRM,FUEL&LUBE,163.85
260721002,7/21/2026 10:50:17 PM,T117,Cat 797,748,780,MRM,FUEL&LUBE,20.365
260721002,7/21/2026 11:19:49 PM,T161,Cat 797,773,780,JPM,FUEL&LUBE,23.005
260721002,7/21/2026 11:33:25 PM,T454,Cat 789,659,780,MRM,FUEL&LUBE,29.725
260721002,7/21/2026 11:33:46 PM,T453,Cat 789,7,780,MRM,FUEL&LUBE,27.87
260721002,7/21/2026 11:33:53 PM,T453,Cat 789,330,300,MRM,WAIT FOR FUEL BAY,27.87
260721002,7/21/2026 11:34:57 PM,T109,Cat 797,631,300,MRM,WAIT FOR FUEL BAY,14.9
260721002,7/21/2026 11:45:28 PM,T109,Cat 797,930,780,MRM,FUEL&LUBE,15.14
260721002,7/22/2026 12:01:01 AM,T109,Cat 797,2,780,MRM,FUEL&LUBE,57.75
260721002,7/22/2026 12:01:44 AM,T127,Cat 797,884,780,MRM,FUEL&LUBE,14.59
260721002,7/22/2026 12:26:17 AM,T150,Cat 797,703,780,JPM,FUEL&LUBE,23.135
260721002,7/22/2026 12:28:54 AM,T129,Cat 797,810,780,MRM,FUEL&LUBE,22.5
260721002,7/22/2026 12:41:08 AM,T122,Cat 797,6,780,MRM,FUEL&LUBE,14.845
260721002,7/22/2026 12:41:14 AM,T122,Cat 797,37,300,MRM,WAIT FOR FUEL BAY,14.845
260721002,7/22/2026 12:42:07 AM,T122,Cat 797,659,780,MRM,FUEL&LUBE,14.845
260721002,7/22/2026 12:43:25 AM,T103,Cat 797,953,780,MRM,FUEL&LUBE,16.445
260721002,7/22/2026 12:52:34 AM,T165,Cat 797,59,300,JPM,WAIT FOR FUEL BAY,22.265
260721002,7/22/2026 12:53:33 AM,T165,Cat 797,709,780,JPM,FUEL&LUBE,22.265
260721002,7/22/2026 1:03:13 AM,T115,Cat 797,1017,780,MRM,FUEL&LUBE,19.53
260721002,7/22/2026 1:05:24 AM,T165,Cat 797,3,780,JPM,FUEL&LUBE,38.835
260721002,7/22/2026 1:36:10 AM,T140,Cat 797,10,780,MRM,FUEL&LUBE,23.005
260721002,7/22/2026 1:36:20 AM,T140,Cat 797,729,780,MRM,FUEL&LUBE,23.005
260721002,7/22/2026 1:37:54 AM,T141,Cat 797,759,780,JPM,FUEL&LUBE,25.41
260721002,7/22/2026 1:48:08 AM,T124,Cat 797,919,780,MRM,FUEL&LUBE,14.745
260721002,7/22/2026 2:04:22 AM,T147,Cat 797,124,780,JPM,FUEL&LUBE,
260721002,7/22/2026 2:06:26 AM,T147,Cat 797,788,780,JPM,FUEL&LUBE,
260721002,7/22/2026 2:13:47 AM,T118,Cat 797,722,780,MRM,FUEL&LUBE,163.85
260721002,7/22/2026 2:14:23 AM,T169,Cat 797,23,780,JPM,FUEL&LUBE,
260721002,7/22/2026 2:14:46 AM,T169,Cat 797,379,300,JPM,WAIT FOR FUEL BAY,
260721002,7/22/2026 2:21:05 AM,T169,Cat 797,760,780,JPM,FUEL&LUBE,
260721002,7/22/2026 2:44:35 AM,T139,Cat 797,957,780,JPM,FUEL&LUBE,19.77
260721002,7/22/2026 2:50:50 AM,T137,Cat 797,899,780,MRM,FUEL&LUBE,14.87
260721002,7/22/2026 2:55:01 AM,T111,Cat 797,964,780,MRM,FUEL&LUBE,17.87
260721002,7/22/2026 3:01:37 AM,T113,Cat 797,378,300,MRM,WAIT FOR FUEL BAY,14.775
260721002,7/22/2026 3:07:55 AM,T113,Cat 797,783,780,MRM,FUEL&LUBE,14.635
260721002,7/22/2026 3:12:36 AM,T123,Cat 797,11,780,MRM,FUEL&LUBE,14.83
260721002,7/22/2026 3:12:47 AM,T123,Cat 797,431,300,MRM,WAIT FOR FUEL BAY,14.83
260721002,7/22/2026 3:13:08 AM,T130,Cat 797,824,780,MRM,FUEL&LUBE,19.89
260721002,7/22/2026 3:20:22 AM,T123,Cat 797,1377,780,MRM,FUEL&LUBE,14.815
260721002,7/22/2026 3:20:59 AM,T113,Cat 797,1,780,MRM,FUEL&LUBE,39.805
260721002,7/22/2026 3:27:11 AM,T152,Cat 797,75,780,JPM,FUEL&LUBE,26.045
260721002,7/22/2026 3:28:26 AM,T152,Cat 797,744,780,JPM,FUEL&LUBE,26.045
260721002,7/22/2026 3:41:04 AM,T160,Cat 797,843,780,MRM,FUEL&LUBE,22.755
260721002,7/22/2026 3:41:23 AM,T120,Cat 797,1009,780,MRM,FUEL&LUBE,22.145
260721002,7/22/2026 3:46:48 AM,T469,Cat 785,500,300,MRM,WAIT FOR FUEL BAY,71.435
260721002,7/22/2026 3:49:31 AM,T463,Cat 785,85,300,JPM,WAIT FOR FUEL BAY,31.99
260721002,7/22/2026 3:50:56 AM,T463,Cat 785,497,780,JPM,FUEL&LUBE,31.83
260721002,7/22/2026 3:59:15 AM,T463,Cat 785,1,780,JPM,FUEL&LUBE,31.67
260721002,7/22/2026 4:04:50 AM,T132,Cat 797,768,780,MRM,FUEL&LUBE,19.53
260721002,7/22/2026 4:08:10 AM,T469,Cat 785,3,780,MRM,FUEL&LUBE,71.435
260721002,7/22/2026 4:10:00 AM,T101,Cat 797,720,780,MRM,FUEL&LUBE,24.02
260721002,7/22/2026 4:15:57 AM,T461,Cat 785,79,780,JPM,FUEL&LUBE,29.315
260721002,7/22/2026 4:17:16 AM,T461,Cat 785,257,300,JPM,WAIT FOR FUEL BAY,29.315
260721002,7/22/2026 4:21:33 AM,T461,Cat 785,516,780,JPM,FUEL&LUBE,29.47
260721002,7/22/2026 4:22:37 AM,T171,Cat 797,444,300,JPM,WAIT FOR FUEL BAY,
260721002,7/22/2026 4:23:16 AM,T101,Cat 797,1,780,MRM,FUEL&LUBE,71.595
260721002,7/22/2026 4:30:36 AM,T171,Cat 797,1065,780,JPM,FUEL&LUBE,
260721002,7/22/2026 4:42:56 AM,T126,Cat 797,842,780,MRM,FUEL&LUBE,23.26
260721002,7/22/2026 5:13:29 AM,T167,Cat 797,814,780,MRM,FUEL&LUBE,22.625
260721002,7/22/2026 5:16:14 AM,T105,Cat 797,1009,780,MRM,FUEL&LUBE,25.16
260722001,7/22/2026 6:11:03 AM,T104,Cat 797,729,780,MRM,FUEL&LUBE,20.955
260722001,7/22/2026 6:17:52 AM,T119,Cat 797,41,780,MRM,FUEL&LUBE,16.325
260722001,7/22/2026 6:18:33 AM,T119,Cat 797,946,780,MRM,FUEL&LUBE,16.325
260722001,7/22/2026 6:32:04 AM,T144,Cat 797,722,780,JPM,FUEL&LUBE,
260722001,7/22/2026 6:38:26 AM,T116,Cat 797,988,780,MRM,FUEL&LUBE,15.85
260722001,7/22/2026 6:38:41 AM,T149,Cat 797,98,780,JPM,FUEL&LUBE,
260722001,7/22/2026 6:40:19 AM,T149,Cat 797,487,300,JPM,WAIT FOR FUEL BAY,
260722001,7/22/2026 6:48:26 AM,T149,Cat 797,752,780,JPM,FUEL&LUBE,
260722001,7/22/2026 6:58:47 AM,T168,Cat 797,1006,780,JPM,FUEL&LUBE,
260722001,7/22/2026 6:59:44 AM,T133,Cat 797,766,780,MRM,FUEL&LUBE,163.85
260722001,7/22/2026 7:05:14 AM,T114,Cat 797,1199,780,MRM,FUEL&LUBE,14.565
260722001,7/22/2026 7:07:02 AM,T134,Cat 797,15,780,JPM,FUEL&LUBE,14.66
260722001,7/22/2026 7:07:17 AM,T134,Cat 797,6,300,JPM,WAIT FOR FUEL BAY,14.66
260722001,7/22/2026 7:07:35 AM,T134,Cat 797,509,300,JPM,WAIT FOR FUEL BAY,14.66
260722001,7/22/2026 7:15:03 AM,T135,Cat 797,768,780,MRM,FUEL&LUBE,15.85
260722001,7/22/2026 7:16:04 AM,T134,Cat 797,604,780,JPM,FUEL&LUBE,14.52
260722001,7/22/2026 7:27:41 AM,T138,Cat 797,910,780,MRM,FUEL&LUBE,16.09
260722001,7/22/2026 7:34:34 AM,T156,Cat 797,1023,780,JPM,FUEL&LUBE,22.5
260722001,7/22/2026 7:39:59 AM,T153,Cat 797,800,780,MRM,FUEL&LUBE,14.565
260722001,7/22/2026 7:52:11 AM,T136,Cat 797,784,780,MRM,FUEL&LUBE,16.565
260722001,7/22/2026 8:04:57 AM,T158,Cat 797,840,780,JPM,FUEL&LUBE,17.275
260722001,7/22/2026 8:11:33 AM,T107,Cat 797,94,780,MRM,FUEL&LUBE,14.69
260722001,7/22/2026 8:13:07 AM,T107,Cat 797,8,780,MRM,FUEL&LUBE,14.69
260722001,7/22/2026 8:13:15 AM,T107,Cat 797,5,780,MRM,FUEL&LUBE,14.69
260722001,7/22/2026 8:13:20 AM,T107,Cat 797,910,780,MRM,FUEL&LUBE,14.69
260722001,7/22/2026 8:17:39 AM,T471,Cat 785,889,780,MRM,FUEL&LUBE,26.56
260722001,7/22/2026 8:23:02 AM,T459,Cat 785,560,780,JPM,FUEL&LUBE,23.035
260722001,7/22/2026 8:34:40 AM,T166,Cat 797,1053,780,MRM,FUEL&LUBE,19.175
260722001,7/22/2026 8:36:08 AM,T458,Cat 785,527,780,JPM,FUEL&LUBE,26.71
260722001,7/22/2026 8:38:38 AM,T128,Cat 797,829,780,MRM,FUEL&LUBE,14.505
260722001,7/22/2026 9:12:10 AM,T157,Cat 797,758,780,MRM,FUEL&LUBE,21.67
260722001,7/22/2026 9:14:04 AM,T466,Cat 785,668,780,MRM,FUEL&LUBE,29.315
260722001,7/22/2026 9:54:07 AM,T117,Cat 797,730,780,MRM,FUEL&LUBE,24.02
260722001,7/22/2026 9:57:45 AM,T154,Cat 797,29,780,JPM,FUEL&LUBE,21.79
260722001,7/22/2026 10:03:31 AM,T102,Cat 797,739,780,MRM,FUEL&LUBE,16.68
260722001,7/22/2026 10:15:58 AM,T468,Cat 785,3,780,MRM,FUEL&LUBE,35.335
260722001,7/22/2026 10:16:01 AM,T468,Cat 785,181,300,MRM,WAIT FOR FUEL BAY,35.335
260722001,7/22/2026 10:19:02 AM,T468,Cat 785,476,780,MRM,FUEL&LUBE,34.38
260722001,7/22/2026 10:29:17 AM,T129,Cat 797,932,780,MRM,FUEL&LUBE,21.905
260722001,7/22/2026 10:37:48 AM,T106,Cat 797,1066,780,MRM,FUEL&LUBE,26.045
260722001,7/22/2026 10:55:28 AM,T103,Cat 797,952,780,MRM,FUEL&LUBE,37.24
260722001,7/22/2026 10:58:23 AM,T154,Cat 797,950,780,JPM,FUEL&LUBE,14.885
260722001,7/22/2026 11:15:08 AM,T467,Cat 785,875,780,MRM,FUEL&LUBE,34.855
260722001,7/22/2026 11:19:23 AM,T118,Cat 797,4,780,MRM,FUEL&LUBE,21.67
260722001,7/22/2026 11:19:27 AM,T118,Cat 797,69,300,MRM,WAIT FOR FUEL BAY,21.67
260722001,7/22/2026 11:20:36 AM,T118,Cat 797,599,780,MRM,FUEL&LUBE,21.67
260722001,7/22/2026 11:32:32 AM,T462,Cat 785,629,780,JPM,FUEL&LUBE,32.785
260722001,7/22/2026 11:38:51 AM,T122,Cat 797,828,780,MRM,FUEL&LUBE,17.515
260722001,7/22/2026 11:47:02 AM,T112,Cat 797,735,780,MRM,FUEL&LUBE,163.85
260722001,7/22/2026 11:48:54 AM,T152,Cat 797,1024,780,JPM,FUEL&LUBE,30.22
260722001,7/22/2026 12:07:50 PM,T101,Cat 797,702,780,MRM,FUEL&LUBE,30.865
260722001,7/22/2026 12:18:46 PM,T123,Cat 797,657,780,MRM,FUEL&LUBE,26.295
260722001,7/22/2026 12:25:18 PM,T167,Cat 797,870,780,MRM,FUEL&LUBE,63.45
260722001,7/22/2026 12:49:32 PM,T474,Cat 785,830,780,JPM,FUEL&LUBE,29.165
260722001,7/22/2026 12:55:25 PM,T127,Cat 797,879,780,MRM,FUEL&LUBE,21.905
260722001,7/22/2026 12:58:05 PM,T169,Cat 797,1289,780,JPM,FUEL&LUBE,
260722001,7/22/2026 1:31:35 PM,T150,Cat 797,1115,780,JPM,FUEL&LUBE,17.63
260722001,7/22/2026 1:38:13 PM,T109,Cat 797,787,780,MRM,FUEL&LUBE,23.005
260722001,7/22/2026 1:43:04 PM,T124,Cat 797,845,780,MRM,FUEL&LUBE,31
260722001,7/22/2026 1:52:59 PM,T139,Cat 797,910,780,JPM,FUEL&LUBE,24.27
260722001,7/22/2026 2:13:24 PM,T165,Cat 797,860,780,JPM,FUEL&LUBE,15.97
260722001,7/22/2026 2:28:27 PM,T165,Cat 797,3,780,JPM,FUEL&LUBE,163.85
260722001,7/22/2026 2:29:26 PM,T115,Cat 797,961,780,MRM,FUEL&LUBE,21.315
260722001,7/22/2026 2:39:23 PM,T141,Cat 797,8,780,JPM,FUEL&LUBE,15.495
260722001,7/22/2026 2:39:31 PM,T141,Cat 797,70,300,JPM,WAIT FOR FUEL BAY,15.495
260722001,7/22/2026 2:40:18 PM,T140,Cat 797,5,780,MRM,FUEL&LUBE,22.38
260722001,7/22/2026 2:40:23 PM,T140,Cat 797,200,300,MRM,WAIT FOR FUEL BAY,22.38
260722001,7/22/2026 2:40:41 PM,T141,Cat 797,819,780,JPM,FUEL&LUBE,15.495
260722001,7/22/2026 2:43:43 PM,T140,Cat 797,814,780,MRM,FUEL&LUBE,22.38
260722001,7/22/2026 2:56:57 PM,T147,Cat 797,913,780,JPM,FUEL&LUBE,
260722001,7/22/2026 3:02:34 PM,T460,Cat 785,654,780,MRM,FUEL&LUBE,33.74
260722001,7/22/2026 3:26:53 PM,T465,Cat 785,684,780,MRM,FUEL&LUBE,25.025
260722001,7/22/2026 3:29:10 PM,T144,Cat 797,787,780,JPM,FUEL&LUBE,
260722001,7/22/2026 3:33:10 PM,T104,Cat 797,10,780,MRM,FUEL&LUBE,23.005
260722001,7/22/2026 3:33:20 PM,T104,Cat 797,154,300,MRM,WAIT FOR FUEL BAY,23.005
260722001,7/22/2026 3:35:54 PM,T104,Cat 797,786,780,MRM,FUEL&LUBE,22.025
260722001,7/22/2026 3:53:29 PM,T134,Cat 797,718,780,JPM,FUEL&LUBE,24.525
260722001,7/22/2026 3:54:46 PM,T132,Cat 797,716,780,MRM,FUEL&LUBE,20.005
260722001,7/22/2026 4:07:24 PM,T120,Cat 797,812,780,MRM,FUEL&LUBE,29.965
260722001,7/22/2026 4:09:57 PM,T111,Cat 797,711,780,MRM,FUEL&LUBE,23.005
260722001,7/22/2026 4:24:02 PM,T149,Cat 797,800,780,JPM,FUEL&LUBE,
260722001,7/22/2026 4:26:14 PM,T160,Cat 797,861,780,MRM,FUEL&LUBE,20.84
260722001,7/22/2026 4:32:24 PM,T103,Cat 797,1029,780,MRM,FUEL&LUBE,64.8
260722001,7/22/2026 4:35:48 PM,T137,Cat 797,4,780,MRM,FUEL&LUBE,15.615
260722001,7/22/2026 4:35:52 PM,T137,Cat 797,487,300,MRM,WAIT FOR FUEL BAY,15.615
260722001,7/22/2026 4:43:38 PM,T168,Cat 797,877,780,JPM,FUEL&LUBE,
260722001,7/22/2026 4:43:59 PM,T137,Cat 797,801,780,MRM,FUEL&LUBE,15.255
260722001,7/22/2026 4:53:34 PM,T105,Cat 797,922,780,MRM,FUEL&LUBE,14.885
260722001,7/22/2026 5:19:50 PM,T130,Cat 797,83,780,MRM,FUEL&LUBE,14.9
260722001,7/22/2026 5:21:13 PM,T130,Cat 797,851,780,MRM,FUEL&LUBE,14.9
260722001,7/22/2026 5:27:21 PM,T153,Cat 797,887,780,MRM,FUEL&LUBE,19.53
260722002,7/22/2026 6:03:10 PM,T454,Cat 789,639,780,MRM,FUEL&LUBE,28.545
260722002,7/22/2026 6:05:24 PM,T106,Cat 797,931,780,MRM,FUEL&LUBE,57.155
260722002,7/22/2026 6:06:21 PM,T469,Cat 785,1263,780,MRM,FUEL&LUBE,35.495
260722002,7/22/2026 6:37:46 PM,T453,Cat 789,1101,780,MRM,FUEL&LUBE,95.925
260722002,7/22/2026 6:57:18 PM,T166,Cat 797,36,780,MRM,FUEL&LUBE,46.555
260722002,7/22/2026 6:57:54 PM,T166,Cat 797,570,780,MRM,FUEL&LUBE,45.57
260722002,7/22/2026 7:11:40 PM,T138,Cat 797,837,780,MRM,FUEL&LUBE,24.78
260722002,7/22/2026 7:13:30 PM,T131,Cat 797,763,780,MRM,FUEL&LUBE,25.16
260722002,7/22/2026 7:15:21 PM,T156,Cat 797,840,780,JPM,FUEL&LUBE,29.08
260722002,7/22/2026 7:23:04 PM,T128,Cat 797,184,300,MRM,WAIT FOR FUEL BAY,33.125
260722002,7/22/2026 7:23:28 PM,T133,Cat 797,5,780,MRM,FUEL&LUBE,163.85
260722002,7/22/2026 7:23:33 PM,T133,Cat 797,717,300,MRM,WAIT FOR FUEL BAY,163.85
260722002,7/22/2026 7:29:02 PM,T128,Cat 797,616,780,MRM,FUEL&LUBE,30.865
260722002,7/22/2026 7:35:30 PM,T133,Cat 797,69,780,MRM,FUEL&LUBE,163.85
260722002,7/22/2026 7:36:06 PM,T171,Cat 797,891,780,JPM,FUEL&LUBE,
260722002,7/22/2026 7:39:27 PM,T471,Cat 785,718,780,MRM,FUEL&LUBE,45.445
260722002,7/22/2026 7:57:32 PM,T136,Cat 797,807,780,MRM,FUEL&LUBE,22.625
260722002,7/22/2026 8:00:17 PM,T458,Cat 785,853,780,JPM,FUEL&LUBE,33.265
260722002,7/22/2026 8:02:30 PM,T468,Cat 785,590,780,MRM,FUEL&LUBE,57.69
260722002,7/22/2026 8:08:25 PM,T116,Cat 797,1375,780,MRM,FUEL&LUBE,16.09
260722002,7/22/2026 8:17:33 PM,T129,Cat 797,887,780,MRM,FUEL&LUBE,18.225
260722002,7/22/2026 8:23:46 PM,T102,Cat 797,1197,780,MRM,FUEL&LUBE,16.445
260722002,7/22/2026 8:29:19 PM,T158,Cat 797,725,780,JPM,FUEL&LUBE,20.365
260722002,7/22/2026 8:36:27 PM,T119,Cat 797,4,780,MRM,FUEL&LUBE,19.53
260722002,7/22/2026 8:36:31 PM,T119,Cat 797,46,300,MRM,WAIT FOR FUEL BAY,19.53
260722002,7/22/2026 8:37:17 PM,T119,Cat 797,753,780,MRM,FUEL&LUBE,19.53
260722002,7/22/2026 8:44:41 PM,T475,Cat 793,1500,780,MRM,FUEL&LUBE,43.155
260722002,7/22/2026 8:52:12 PM,T152,Cat 797,698,780,JPM,FUEL&LUBE,20.955
260722002,7/22/2026 8:52:59 PM,T118,Cat 797,873,780,MRM,FUEL&LUBE,22.025
260722002,7/22/2026 9:06:36 PM,T116,Cat 797,876,780,MRM,FUEL&LUBE,14.55
260722002,7/22/2026 9:19:30 PM,T114,Cat 797,852,780,MRM,FUEL&LUBE,14.66
260722002,7/22/2026 9:26:56 PM,T154,Cat 797,623,780,JPM,FUEL&LUBE,36.445
260722002,7/22/2026 9:39:04 PM,T117,Cat 797,767,780,MRM,FUEL&LUBE,17.99
260722002,7/22/2026 9:46:24 PM,T122,Cat 797,774,780,MRM,FUEL&LUBE,15.615
260722002,7/22/2026 10:03:03 PM,T164,Cat 797,902,780,MRM,FUEL&LUBE,22.88
260722002,7/22/2026 10:35:28 PM,T107,Cat 797,856,780,MRM,FUEL&LUBE,14.69
260722002,7/22/2026 10:48:35 PM,T169,Cat 797,731,780,JPM,FUEL&LUBE,
260722002,7/22/2026 10:52:38 PM,T118,Cat 797,46,780,MRM,FUEL&LUBE,87.07
260722002,7/22/2026 11:07:00 PM,T101,Cat 797,762,780,MRM,FUEL&LUBE,20.365
260722002,7/22/2026 11:40:46 PM,T459,Cat 785,498,780,JPM,FUEL&LUBE,35.975
260722002,7/22/2026 11:55:06 PM,T157,Cat 797,935,780,MRM,FUEL&LUBE,21.315
260722002,7/22/2026 11:59:25 PM,T144,Cat 797,804,780,JPM,FUEL&LUBE,
260722002,7/23/2026 12:01:53 AM,T112,Cat 797,49,300,MRM,WAIT FOR FUEL BAY,27.185
260722002,7/23/2026 12:02:42 AM,T112,Cat 797,696,780,MRM,FUEL&LUBE,27.185
260722002,7/23/2026 12:08:06 AM,T135,Cat 797,1209,780,MRM,FUEL&LUBE,22.38
260722002,7/23/2026 12:14:31 AM,T112,Cat 797,3,780,MRM,FUEL&LUBE,33.52
260722002,7/23/2026 12:27:30 AM,T139,Cat 797,693,780,JPM,FUEL&LUBE,25.915
260722002,7/23/2026 12:45:25 AM,T152,Cat 797,414,300,JPM,WAIT FOR FUEL BAY,91.075
260722002,7/23/2026 12:52:19 AM,T152,Cat 797,665,780,JPM,FUEL&LUBE,90.79
260722002,7/23/2026 12:59:17 AM,T167,Cat 797,858,780,MRM,FUEL&LUBE,24.525
260722002,7/23/2026 1:02:35 AM,T466,Cat 785,596,780,MRM,FUEL&LUBE,80.695
260722002,7/23/2026 1:03:26 AM,T152,Cat 797,1,780,JPM,FUEL&LUBE,98.035
260722002,7/23/2026 1:33:39 AM,T134,Cat 797,690,780,JPM,FUEL&LUBE,16.8
260722002,7/23/2026 1:34:11 AM,T104,Cat 797,714,780,MRM,FUEL&LUBE,21.79
260722002,7/23/2026 1:50:38 AM,T123,Cat 797,712,780,MRM,FUEL&LUBE,15.375
260722002,7/23/2026 2:04:20 AM,T461,Cat 785,562,780,JPM,FUEL&LUBE,31.19
260722002,7/23/2026 2:23:59 AM,T165,Cat 797,5,780,JPM,FUEL&LUBE,17.275
260722002,7/23/2026 2:24:04 AM,T165,Cat 797,60,300,JPM,WAIT FOR FUEL BAY,17.275
260722002,7/23/2026 2:25:04 AM,T165,Cat 797,724,780,JPM,FUEL&LUBE,16.445
260722002,7/23/2026 2:31:49 AM,T127,Cat 797,6,780,MRM,FUEL&LUBE,21.905
260722002,7/23/2026 2:31:55 AM,T127,Cat 797,900,780,MRM,FUEL&LUBE,21.905
260722002,7/23/2026 2:35:59 AM,T153,Cat 797,656,780,MRM,FUEL&LUBE,25.41
260722002,7/23/2026 2:57:44 AM,T463,Cat 785,682,780,JPM,FUEL&LUBE,26.1
260722002,7/23/2026 3:01:25 AM,T150,Cat 797,11,780,JPM,FUEL&LUBE,19.77
260722002,7/23/2026 3:01:36 AM,T150,Cat 797,456,300,JPM,WAIT FOR FUEL BAY,19.77
260722002,7/23/2026 3:09:12 AM,T150,Cat 797,754,780,JPM,FUEL&LUBE,19.89
260722002,7/23/2026 3:14:52 AM,T115,Cat 797,842,780,MRM,FUEL&LUBE,23.005
260722002,7/23/2026 3:19:47 AM,T124,Cat 797,858,780,MRM,FUEL&LUBE,25.665
260722002,7/23/2026 3:28:16 AM,T141,Cat 797,436,780,JPM,FUEL&LUBE,17.515
260722002,7/23/2026 3:35:32 AM,T141,Cat 797,905,780,JPM,FUEL&LUBE,97.45499
260722002,7/23/2026 3:50:29 AM,T149,Cat 797,728,780,JPM,FUEL&LUBE,
260722002,7/23/2026 3:58:18 AM,T126,Cat 797,4,780,MRM,FUEL&LUBE,20.6
260722002,7/23/2026 3:58:22 AM,T126,Cat 797,194,300,MRM,WAIT FOR FUEL BAY,20.6
260722002,7/23/2026 4:01:36 AM,T126,Cat 797,783,780,MRM,FUEL&LUBE,20.6
260722002,7/23/2026 4:22:29 AM,T147,Cat 797,656,780,JPM,FUEL&LUBE,
260722002,7/23/2026 4:35:04 AM,T140,Cat 797,957,780,MRM,FUEL&LUBE,22.5
260722002,7/23/2026 4:38:39 AM,T102,Cat 797,741,780,MRM,FUEL&LUBE,32.86
260722002,7/23/2026 4:49:28 AM,T105,Cat 797,19,780,MRM,FUEL&LUBE,27.815
260722002,7/23/2026 4:49:47 AM,T105,Cat 797,144,300,MRM,WAIT FOR FUEL BAY,27.815
260722002,7/23/2026 4:52:11 AM,T105,Cat 797,1010,780,MRM,FUEL&LUBE,27.815
260722002,7/23/2026 5:13:17 AM,T111,Cat 797,1039,780,MRM,FUEL&LUBE,20.245
260722002,7/23/2026 5:30:54 AM,T132,Cat 797,734,780,MRM,FUEL&LUBE,23.515
260722002,7/23/2026 5:50:00 AM,T137,Cat 797,600,780,MRM,FUEL&LUBE,23.26
260722002,7/23/2026 5:58:23 AM,T106,Cat 797,97,780,MRM,FUEL&LUBE,23.135
260723001,7/23/2026 6:00:00 AM,T106,Cat 797,806,780,MRM,FUEL&LUBE,21.905
260723001,7/23/2026 6:00:00 AM,T137,Cat 797,190,780,MRM,FUEL&LUBE,23.26
260723001,7/23/2026 6:04:22 AM,T133,Cat 797,12,780,MRM,FUEL&LUBE,163.85
260723001,7/23/2026 6:04:34 AM,T133,Cat 797,51,300,MRM,WAIT FOR FUEL BAY,163.85
260723001,7/23/2026 6:05:25 AM,T133,Cat 797,695,780,MRM,FUEL&LUBE,163.85
260723001,7/23/2026 6:07:03 AM,T120,Cat 797,373,300,MRM,WAIT FOR FUEL BAY,20.955
260723001,7/23/2026 6:10:41 AM,T474,Cat 785,1159,780,JPM,FUEL&LUBE,27.475
260723001,7/23/2026 6:13:22 AM,T120,Cat 797,773,780,MRM,FUEL&LUBE,20.48
260723001,7/23/2026 6:22:00 AM,T160,Cat 797,988,780,MRM,FUEL&LUBE,17.395
260723001,7/23/2026 6:23:46 AM,T467,Cat 785,876,780,MRM,FUEL&LUBE,32.785
260723001,7/23/2026 6:38:59 AM,T129,Cat 797,739,780,MRM,FUEL&LUBE,19.055
260723001,7/23/2026 6:45:58 AM,T118,Cat 797,1,780,MRM,FUEL&LUBE,17.04
260723001,7/23/2026 6:45:59 AM,T118,Cat 797,556,300,MRM,WAIT FOR FUEL BAY,17.04
260723001,7/23/2026 6:55:15 AM,T118,Cat 797,612,780,MRM,FUEL&LUBE,15.495
260723001,7/23/2026 7:04:32 AM,T166,Cat 797,885,780,MRM,FUEL&LUBE,22.38
260723001,7/23/2026 7:09:47 AM,T128,Cat 797,946,780,MRM,FUEL&LUBE,15.255
260723001,7/23/2026 7:14:12 AM,T156,Cat 797,824,780,JPM,FUEL&LUBE,25.16
260723001,7/23/2026 7:15:31 AM,T130,Cat 797,11,780,MRM,FUEL&LUBE,16.09
260723001,7/23/2026 7:15:42 AM,T130,Cat 797,497,300,MRM,WAIT FOR FUEL BAY,16.09
260723001,7/23/2026 7:23:59 AM,T130,Cat 797,505,780,MRM,FUEL&LUBE,15.255
260723001,7/23/2026 7:42:29 AM,T131,Cat 797,783,780,MRM,FUEL&LUBE,21.905
260723001,7/23/2026 7:48:10 AM,T460,Cat 785,5,780,MRM,FUEL&LUBE,74.93
260723001,7/23/2026 8:07:33 AM,T465,Cat 785,671,780,MRM,FUEL&LUBE,27.475
260723001,7/23/2026 8:16:27 AM,T122,Cat 797,738,780,MRM,FUEL&LUBE,19.77
260723001,7/23/2026 8:21:38 AM,T158,Cat 797,825,780,JPM,FUEL&LUBE,21.315
260723001,7/23/2026 8:24:52 AM,T138,Cat 797,836,780,MRM,FUEL&LUBE,14.83
260723001,7/23/2026 8:40:35 AM,T117,Cat 797,749,780,MRM,FUEL&LUBE,18.225
260723001,7/23/2026 8:52:11 AM,T101,Cat 797,731,780,MRM,FUEL&LUBE,21.075
260723001,7/23/2026 8:59:41 AM,T116,Cat 797,909,780,MRM,FUEL&LUBE,23.64
260723001,7/23/2026 9:28:16 AM,T169,Cat 797,919,780,JPM,FUEL&LUBE,
260723001,7/23/2026 9:39:16 AM,T119,Cat 797,910,780,MRM,FUEL&LUBE,22.625
260723001,7/23/2026 9:39:41 AM,T136,Cat 797,928,780,MRM,FUEL&LUBE,38.835
260723001,7/23/2026 9:57:30 AM,T144,Cat 797,703,780,JPM,FUEL&LUBE,
260723001,7/23/2026 10:00:36 AM,T153,Cat 797,154,300,MRM,WAIT FOR FUEL BAY,19.65
260723001,7/23/2026 10:03:11 AM,T153,Cat 797,708,780,MRM,FUEL&LUBE,19.175
260723001,7/23/2026 10:09:16 AM,T144,Cat 797,2,780,JPM,FUEL&LUBE,
260723001,7/23/2026 10:17:51 AM,T154,Cat 797,737,780,JPM,FUEL&LUBE,20.005
260723001,7/23/2026 10:24:30 AM,T458,Cat 785,11,780,JPM,FUEL&LUBE,84.92
260723001,7/23/2026 10:24:41 AM,T458,Cat 785,305,300,JPM,WAIT FOR FUEL BAY,84.92
260723001,7/23/2026 10:29:50 AM,T469,Cat 785,713,780,MRM,FUEL&LUBE,32.945
260723001,7/23/2026 10:30:01 AM,T458,Cat 785,743,780,JPM,FUEL&LUBE,84.92
260723001,7/23/2026 10:49:37 AM,T171,Cat 797,978,780,JPM,FUEL&LUBE,
260723001,7/23/2026 11:10:36 AM,T168,Cat 797,957,780,JPM,FUEL&LUBE,
260723001,7/23/2026 11:12:29 AM,T123,Cat 797,2,780,MRM,FUEL&LUBE,20.84
260723001,7/23/2026 11:12:31 AM,T123,Cat 797,94,300,MRM,WAIT FOR FUEL BAY,20.84
260723001,7/23/2026 11:14:05 AM,T123,Cat 797,723,780,MRM,FUEL&LUBE,20.84
260723001,7/23/2026 11:16:43 AM,T164,Cat 797,1025,780,MRM,FUEL&LUBE,24.65
260723001,7/23/2026 11:37:13 AM,T112,Cat 797,856,780,MRM,FUEL&LUBE,163.85
260723001,7/23/2026 11:43:44 AM,T152,Cat 797,799,780,JPM,FUEL&LUBE,26.295
260723001,7/23/2026 11:45:22 AM,T134,Cat 797,32,780,JPM,FUEL&LUBE,17.63
260723001,7/23/2026 11:45:54 AM,T134,Cat 797,549,300,JPM,WAIT FOR FUEL BAY,17.63
260723001,7/23/2026 11:51:31 AM,T135,Cat 797,862,780,MRM,FUEL&LUBE,22.025
260723001,7/23/2026 11:55:03 AM,T134,Cat 797,918,780,JPM,FUEL&LUBE,16.92
260723001,7/23/2026 12:01:29 PM,T167,Cat 797,770,780,MRM,FUEL&LUBE,26.045
260723001,7/23/2026 12:22:33 PM,T162,Cat 797,749,780,MRM,FUEL&LUBE,24.525
260723001,7/23/2026 12:23:30 PM,T107,Cat 797,789,780,MRM,FUEL&LUBE,16.92
260723001,7/23/2026 12:42:33 PM,T454,Cat 789,770,780,MRM,FUEL&LUBE,34.91
260723001,7/23/2026 12:54:21 PM,T459,Cat 785,502,780,JPM,FUEL&LUBE,35.495
260723001,7/23/2026 12:56:31 PM,T471,Cat 785,6,780,MRM,FUEL&LUBE,40.275
260723001,7/23/2026 12:56:37 PM,T471,Cat 785,199,300,MRM,WAIT FOR FUEL BAY,40.275
260723001,7/23/2026 12:59:56 PM,T471,Cat 785,556,780,MRM,FUEL&LUBE,40.115
260723001,7/23/2026 1:18:08 PM,T139,Cat 797,847,780,JPM,FUEL&LUBE,22.88
260723001,7/23/2026 1:28:15 PM,T157,Cat 797,898,780,MRM,FUEL&LUBE,21.79
260723001,7/23/2026 1:31:31 PM,T468,Cat 785,594,780,MRM,FUEL&LUBE,33.105
260723001,7/23/2026 2:12:51 PM,T126,Cat 797,818,780,MRM,FUEL&LUBE,24.02
260723001,7/23/2026 2:42:23 PM,T114,Cat 797,914,780,MRM,FUEL&LUBE,22.145
260723001,7/23/2026 2:44:10 PM,T102,Cat 797,60,780,MRM,FUEL&LUBE,19.53
260723001,7/23/2026 2:48:27 PM,T165,Cat 797,1383,780,JPM,FUEL&LUBE,24.4
260723001,7/23/2026 2:50:35 PM,T102,Cat 797,388,780,MRM,FUEL&LUBE,18.94
260723001,7/23/2026 2:57:08 PM,T102,Cat 797,4,780,MRM,FUEL&LUBE,34.45
260723001,7/23/2026 2:58:58 PM,T124,Cat 797,963,780,MRM,FUEL&LUBE,25.41
260723001,7/23/2026 3:20:09 PM,T104,Cat 797,947,780,MRM,FUEL&LUBE,19.055
260723001,7/23/2026 3:24:26 PM,T149,Cat 797,775,780,JPM,FUEL&LUBE,
260723001,7/23/2026 3:35:04 PM,T127,Cat 797,892,780,MRM,FUEL&LUBE,17.155
260723001,7/23/2026 3:58:09 PM,T105,Cat 797,800,780,MRM,FUEL&LUBE,23.765
260723001,7/23/2026 4:19:22 PM,T118,Cat 797,796,780,MRM,FUEL&LUBE,20.6
260723001,7/23/2026 4:42:32 PM,T132,Cat 797,740,780,MRM,FUEL&LUBE,23.26
260723001,7/23/2026 4:50:38 PM,T150,Cat 797,849,780,JPM,FUEL&LUBE,22.265
260723001,7/23/2026 5:10:43 PM,T141,Cat 797,667,780,JPM,FUEL&LUBE,19.77
260723001,7/23/2026 5:42:24 PM,T129,Cat 797,744,780,MRM,FUEL&LUBE,14.745
260723002,7/23/2026 6:09:29 PM,T140,Cat 797,816,780,MRM,FUEL&LUBE,21.195
260723002,7/23/2026 6:23:45 PM,T144,Cat 797,859,780,JPM,FUEL&LUBE,
260723002,7/23/2026 6:46:03 PM,T101,Cat 797,725,780,MRM,FUEL&LUBE,17.99
260723002,7/23/2026 6:52:09 PM,T461,Cat 785,13,780,JPM,FUEL&LUBE,31.83
260723002,7/23/2026 6:52:22 PM,T461,Cat 785,64,300,JPM,WAIT FOR FUEL BAY,31.83
260723002,7/23/2026 6:53:26 PM,T461,Cat 785,446,780,JPM,FUEL&LUBE,31.83
260723002,7/23/2026 7:01:58 PM,T133,Cat 797,587,780,MRM,FUEL&LUBE,163.85
260723002,7/23/2026 7:08:32 PM,T122,Cat 797,88,780,MRM,FUEL&LUBE,16.325
260723002,7/23/2026 7:09:01 PM,T463,Cat 785,471,780,JPM,FUEL&LUBE,29.47
260723002,7/23/2026 7:10:00 PM,T122,Cat 797,617,780,MRM,FUEL&LUBE,16.445
260723002,7/23/2026 7:14:15 PM,T111,Cat 797,890,780,MRM,FUEL&LUBE,17.63
260723002,7/23/2026 7:17:48 PM,T109,Cat 797,1096,780,MRM,FUEL&LUBE,16.565
260723002,7/23/2026 7:32:50 PM,T156,Cat 797,829,780,JPM,FUEL&LUBE,30.345
260723002,7/23/2026 7:44:27 PM,T166,Cat 797,843,780,MRM,FUEL&LUBE,19.89
260723002,7/23/2026 7:49:05 PM,T128,Cat 797,756,780,MRM,FUEL&LUBE,17.63
260723002,7/23/2026 7:53:38 PM,T153,Cat 797,372,780,MRM,FUEL&LUBE,14.87
260723002,7/23/2026 7:57:59 PM,T120,Cat 797,1140,780,MRM,FUEL&LUBE,16.8
260723002,7/23/2026 8:01:35 PM,T158,Cat 797,902,780,JPM,FUEL&LUBE,26.295
260723002,7/23/2026 8:14:05 PM,T137,Cat 797,1121,780,MRM,FUEL&LUBE,16.445
260723002,7/23/2026 8:39:40 PM,T466,Cat 785,10,780,MRM,FUEL&LUBE,80.695
260723002,7/23/2026 8:39:44 PM,T134,Cat 797,16,780,JPM,FUEL&LUBE,34.32
260723002,7/23/2026 8:39:50 PM,T466,Cat 785,45,300,MRM,WAIT FOR FUEL BAY,80.695
260723002,7/23/2026 8:40:00 PM,T134,Cat 797,89,300,JPM,WAIT FOR FUEL BAY,34.32
260723002,7/23/2026 8:40:35 PM,T466,Cat 785,610,780,MRM,FUEL&LUBE,80.695
260723002,7/23/2026 8:41:33 PM,T134,Cat 797,905,780,JPM,FUEL&LUBE,34.32
260723002,7/23/2026 8:48:12 PM,T470,Cat 785,2572,780,MRM,FUEL&LUBE,163.855
260723002,7/23/2026 8:55:04 PM,T130,Cat 797,842,780,MRM,FUEL&LUBE,23.765
260723002,7/23/2026 8:57:55 PM,T169,Cat 797,831,780,JPM,FUEL&LUBE,
260723002,7/23/2026 9:09:24 PM,T115,Cat 797,941,780,MRM,FUEL&LUBE,14.55
260723002,7/23/2026 9:13:36 PM,T152,Cat 797,970,780,JPM,FUEL&LUBE,25.41
260723002,7/23/2026 9:28:37 PM,T117,Cat 797,782,780,MRM,FUEL&LUBE,15.14
260723002,7/23/2026 9:34:56 PM,T168,Cat 797,1005,780,JPM,FUEL&LUBE,
260723002,7/23/2026 9:41:58 PM,T123,Cat 797,941,780,MRM,FUEL&LUBE,16.445
260723002,7/23/2026 9:45:22 PM,T160,Cat 797,879,780,MRM,FUEL&LUBE,15.85
260723002,7/23/2026 9:51:55 PM,T106,Cat 797,5,780,MRM,FUEL&LUBE,14.645
260723002,7/23/2026 9:52:00 PM,T106,Cat 797,452,300,MRM,WAIT FOR FUEL BAY,14.645
260723002,7/23/2026 9:59:32 PM,T106,Cat 797,806,780,MRM,FUEL&LUBE,14.62
260723002,7/23/2026 10:00:07 PM,T160,Cat 797,3,780,MRM,FUEL&LUBE,71.29
260723002,7/23/2026 10:12:30 PM,T154,Cat 797,783,780,JPM,FUEL&LUBE,26.295
260723002,7/23/2026 10:32:46 PM,T138,Cat 797,917,780,MRM,FUEL&LUBE,18.82
260723002,7/23/2026 10:57:30 PM,T164,Cat 797,877,780,MRM,FUEL&LUBE,23.765
260723002,7/23/2026 11:15:20 PM,T131,Cat 797,774,780,MRM,FUEL&LUBE,20.365
260723002,7/23/2026 11:19:29 PM,T116,Cat 797,8,780,MRM,FUEL&LUBE,14.79
260723002,7/23/2026 11:19:37 PM,T116,Cat 797,75,300,MRM,WAIT FOR FUEL BAY,14.79
260723002,7/23/2026 11:20:52 PM,T116,Cat 797,883,780,MRM,FUEL&LUBE,14.86
260723002,7/23/2026 11:28:31 PM,T141,Cat 797,797,780,JPM,FUEL&LUBE,34.185
260723002,7/23/2026 11:41:49 PM,T139,Cat 797,786,780,JPM,FUEL&LUBE,36.18
260723002,7/23/2026 11:49:09 PM,T460,Cat 785,555,780,MRM,FUEL&LUBE,33.425
260723002,7/23/2026 11:56:08 PM,T149,Cat 797,885,780,JPM,FUEL&LUBE,
260723002,7/24/2026 12:03:13 AM,T112,Cat 797,971,780,MRM,FUEL&LUBE,22.755
260723002,7/24/2026 12:07:59 AM,T136,Cat 797,894,780,MRM,FUEL&LUBE,38.835
260723002,7/24/2026 12:14:34 AM,T107,Cat 797,1192,780,MRM,FUEL&LUBE,19.175
260723002,7/24/2026 12:22:02 AM,T119,Cat 797,916,780,MRM,FUEL&LUBE,16.445
260723002,7/24/2026 12:32:50 AM,T135,Cat 797,313,300,MRM,WAIT FOR FUEL BAY,15.85
260723002,7/24/2026 12:36:04 AM,T462,Cat 785,7,780,JPM,FUEL&LUBE,72.135
260723002,7/24/2026 12:36:11 AM,T462,Cat 785,236,300,JPM,WAIT FOR FUEL BAY,72.135
260723002,7/24/2026 12:38:39 AM,T135,Cat 797,771,780,MRM,FUEL&LUBE,15.375
260723002,7/24/2026 12:40:05 AM,T470,Cat 785,312,780,MRM,FUEL&LUBE,163.855
260723002,7/24/2026 12:40:07 AM,T462,Cat 785,745,780,JPM,FUEL&LUBE,72.135
260723002,7/24/2026 12:48:04 AM,T102,Cat 797,216,780,MRM,FUEL&LUBE,24.525
260723002,7/24/2026 12:51:40 AM,T102,Cat 797,630,780,MRM,FUEL&LUBE,23.385
260723002,7/24/2026 1:00:56 AM,T104,Cat 797,787,780,MRM,FUEL&LUBE,19.53
260723002,7/24/2026 1:16:09 AM,T167,Cat 797,8,780,MRM,FUEL&LUBE,16.92
260723002,7/24/2026 1:16:17 AM,T167,Cat 797,270,300,MRM,WAIT FOR FUEL BAY,16.92
260723002,7/24/2026 1:21:32 AM,T167,Cat 797,838,780,MRM,FUEL&LUBE,15.615
260723002,7/24/2026 1:30:25 AM,T171,Cat 797,14,780,JPM,FUEL&LUBE,
260723002,7/24/2026 1:30:39 AM,T171,Cat 797,850,780,JPM,FUEL&LUBE,
260723002,7/24/2026 1:41:05 AM,T161,Cat 797,1172,780,JPM,FUEL&LUBE,17.75
260723002,7/24/2026 1:49:58 AM,T467,Cat 785,774,780,MRM,FUEL&LUBE,22.115
260723002,7/24/2026 2:02:16 AM,T144,Cat 797,650,780,JPM,FUEL&LUBE,
260723002,7/24/2026 2:07:52 AM,T458,Cat 785,363,780,JPM,FUEL&LUBE,84.92
260723002,7/24/2026 2:13:55 AM,T458,Cat 785,580,780,JPM,FUEL&LUBE,84.92
260723002,7/24/2026 2:26:46 AM,T114,Cat 797,821,780,MRM,FUEL&LUBE,22.025
260723002,7/24/2026 2:28:57 AM,T165,Cat 797,782,780,JPM,FUEL&LUBE,24.905
260723002,7/24/2026 2:31:44 AM,T118,Cat 797,734,780,MRM,FUEL&LUBE,15.495
260723002,7/24/2026 2:38:57 AM,T157,Cat 797,3,780,MRM,FUEL&LUBE,17.99
260723002,7/24/2026 2:39:00 AM,T157,Cat 797,183,300,MRM,WAIT FOR FUEL BAY,17.99
260723002,7/24/2026 2:42:03 AM,T157,Cat 797,779,780,MRM,FUEL&LUBE,15.85
260723002,7/24/2026 2:46:56 AM,T465,Cat 785,487,780,MRM,FUEL&LUBE,24.565
260723002,7/24/2026 3:08:36 AM,T465,Cat 785,109,780,MRM,FUEL&LUBE,23.955
260723002,7/24/2026 3:14:57 AM,T129,Cat 797,694,780,MRM,FUEL&LUBE,20.125
260723002,7/24/2026 3:50:18 AM,T150,Cat 797,803,780,JPM,FUEL&LUBE,28.955
260723002,7/24/2026 3:53:47 AM,T132,Cat 797,87,780,MRM,FUEL&LUBE,25.54
260723002,7/24/2026 3:55:14 AM,T132,Cat 797,755,780,MRM,FUEL&LUBE,23.135
260723002,7/24/2026 4:08:31 AM,T459,Cat 785,601,780,JPM,FUEL&LUBE,32.945
260723002,7/24/2026 4:16:36 AM,T469,Cat 785,638,780,MRM,FUEL&LUBE,23.645
260723002,7/24/2026 4:22:16 AM,T110,Cat 797,1170,780,MRM,FUEL&LUBE,14.465
260723002,7/24/2026 4:23:20 AM,T134,Cat 797,785,780,JPM,FUEL&LUBE,32.99
260723002,7/24/2026 4:25:57 AM,T133,Cat 797,1730,780,MRM,FUEL&LUBE,163.85
260723002,7/24/2026 4:32:41 AM,T127,Cat 797,37,780,MRM,FUEL&LUBE,17.395
260723002,7/24/2026 4:33:18 AM,T127,Cat 797,130,300,MRM,WAIT FOR FUEL BAY,17.395
260723002,7/24/2026 4:35:28 AM,T127,Cat 797,879,780,MRM,FUEL&LUBE,17.395
260723002,7/24/2026 4:50:59 AM,T101,Cat 797,824,780,MRM,FUEL&LUBE,16.68
260723002,7/24/2026 4:53:49 AM,T105,Cat 797,54,300,MRM,WAIT FOR FUEL BAY,15.73
260723002,7/24/2026 4:54:45 AM,T105,Cat 797,1099,780,MRM,FUEL&LUBE,15.73
260723002,7/24/2026 5:30:47 AM,T122,Cat 797,844,780,MRM,FUEL&LUBE,14.845
260723002,7/24/2026 5:39:38 AM,T124,Cat 797,838,780,MRM,FUEL&LUBE,14.775
260723002,7/24/2026 5:49:38 AM,T111,Cat 797,23,300,MRM,WAIT FOR FUEL BAY,38.965
260724001,7/24/2026 6:29:19 AM,T162,Cat 797,1075,780,MRM,FUEL&LUBE,58.65
260724001,7/24/2026 6:37:16 AM,T140,Cat 797,1048,780,MRM,FUEL&LUBE,27.565
260724001,7/24/2026 6:38:05 AM,T152,Cat 797,768,780,JPM,FUEL&LUBE,19.77
260724001,7/24/2026 6:55:24 AM,T128,Cat 797,843,780,MRM,FUEL&LUBE,26.045
260724001,7/24/2026 7:01:44 AM,T158,Cat 797,962,780,JPM,FUEL&LUBE,24.4
260724001,7/24/2026 7:26:28 AM,T153,Cat 797,753,300,MRM,WAIT FOR FUEL BAY,14.715
260724001,7/24/2026 7:34:06 AM,T471,Cat 785,7,780,MRM,FUEL&LUBE,40.435
260724001,7/24/2026 7:34:13 AM,T471,Cat 785,299,300,MRM,WAIT FOR FUEL BAY,40.435
260724001,7/24/2026 7:39:02 AM,T153,Cat 797,29,780,MRM,FUEL&LUBE,22.145
260724001,7/24/2026 7:39:12 AM,T471,Cat 785,553,780,MRM,FUEL&LUBE,39
260724001,7/24/2026 7:40:56 AM,T169,Cat 797,809,780,JPM,FUEL&LUBE,
260724001,7/24/2026 7:58:24 AM,T123,Cat 797,648,780,MRM,FUEL&LUBE,21.55
260724001,7/24/2026 8:03:22 AM,T166,Cat 797,779,780,MRM,FUEL&LUBE,34.85
260724001,7/24/2026 8:16:39 AM,T156,Cat 797,1035,780,JPM,FUEL&LUBE,17.87
260724001,7/24/2026 8:42:53 AM,T135,Cat 797,763,780,MRM,FUEL&LUBE,65.4
260724001,7/24/2026 9:02:58 AM,T468,Cat 785,97,780,MRM,FUEL&LUBE,22.42
260724001,7/24/2026 9:03:59 AM,T168,Cat 797,848,780,JPM,FUEL&LUBE,
260724001,7/24/2026 9:12:03 AM,T132,Cat 797,1,780,MRM,FUEL&LUBE,71.595
260724001,7/24/2026 9:12:04 AM,T132,Cat 797,70,300,MRM,WAIT FOR FUEL BAY,71.595
260724001,7/24/2026 9:13:14 AM,T132,Cat 797,511,780,MRM,FUEL&LUBE,71.595
260724001,7/24/2026 9:14:36 AM,T468,Cat 785,882,780,MRM,FUEL&LUBE,21.81
260724001,7/24/2026 9:34:40 AM,T118,Cat 797,559,780,MRM,FUEL&LUBE,163.85
260724001,7/24/2026 9:57:41 AM,T461,Cat 785,756,780,JPM,FUEL&LUBE,35.175
260724001,7/24/2026 10:07:48 AM,T137,Cat 797,789,780,MRM,FUEL&LUBE,22.5
260724001,7/24/2026 10:13:58 AM,T120,Cat 797,897,780,MRM,FUEL&LUBE,14.635
260724001,7/24/2026 10:15:42 AM,T112,Cat 797,397,300,MRM,WAIT FOR FUEL BAY,163.85
260724001,7/24/2026 10:17:26 AM,T149,Cat 797,58,780,JPM,FUEL&LUBE,
260724001,7/24/2026 10:22:21 AM,T112,Cat 797,642,780,MRM,FUEL&LUBE,163.85
260724001,7/24/2026 10:23:42 AM,T475,Cat 793,1788,780,MRM,FUEL&LUBE,38.11
260724001,7/24/2026 10:33:04 AM,T112,Cat 797,2,780,MRM,FUEL&LUBE,163.85
260724001,7/24/2026 10:37:49 AM,T115,Cat 797,114,300,MRM,WAIT FOR FUEL BAY,18.225
260724001,7/24/2026 10:40:06 AM,T115,Cat 797,842,780,MRM,FUEL&LUBE,17.275
260724001,7/24/2026 10:41:12 AM,T154,Cat 797,858,780,JPM,FUEL&LUBE,23.515
260724001,7/24/2026 10:58:58 AM,T117,Cat 797,809,780,MRM,FUEL&LUBE,14.635
260724001,7/24/2026 11:07:38 AM,T111,Cat 797,861,780,MRM,FUEL&LUBE,14.87
260724001,7/24/2026 11:22:14 AM,T106,Cat 797,774,780,MRM,FUEL&LUBE,15.255
260724001,7/24/2026 11:29:00 AM,T130,Cat 797,816,780,MRM,FUEL&LUBE,16.92
260724001,7/24/2026 11:39:47 AM,T160,Cat 797,1002,780,MRM,FUEL&LUBE,17.04
260724001,7/24/2026 11:43:53 AM,T141,Cat 797,834,780,JPM,FUEL&LUBE,19.77
260724001,7/24/2026 12:05:36 PM,T138,Cat 797,1013,780,MRM,FUEL&LUBE,14.885
260724001,7/24/2026 12:12:21 PM,T102,Cat 797,746,780,MRM,FUEL&LUBE,22.88
260724001,7/24/2026 12:14:28 PM,T139,Cat 797,780,780,JPM,FUEL&LUBE,20.365
260724001,7/24/2026 12:31:34 PM,T131,Cat 797,832,780,MRM,FUEL&LUBE,15.495
260724001,7/24/2026 12:34:51 PM,T109,Cat 797,830,780,MRM,FUEL&LUBE,16.92
260724001,7/24/2026 12:36:43 PM,T144,Cat 797,925,780,JPM,FUEL&LUBE,
260724001,7/24/2026 12:47:47 PM,T470,Cat 785,625,780,MRM,FUEL&LUBE,163.855
260724001,7/24/2026 1:00:40 PM,T107,Cat 797,1030,780,MRM,FUEL&LUBE,17.395
260724001,7/24/2026 1:03:30 PM,T104,Cat 797,803,780,MRM,FUEL&LUBE,16.8
260724001,7/24/2026 1:15:58 PM,T129,Cat 797,953,780,MRM,FUEL&LUBE,20.245
260724001,7/24/2026 1:34:06 PM,T136,Cat 797,3,780,MRM,FUEL&LUBE,15.14
260724001,7/24/2026 1:34:09 PM,T136,Cat 797,147,300,MRM,WAIT FOR FUEL BAY,15.14
260724001,7/24/2026 1:36:36 PM,T136,Cat 797,810,780,MRM,FUEL&LUBE,15.14
260724001,7/24/2026 1:45:52 PM,T472,Cat 785,626,780,MRM,FUEL&LUBE,31.19
260724001,7/24/2026 2:07:33 PM,T116,Cat 797,869,780,MRM,FUEL&LUBE,14.845
260724001,7/24/2026 2:36:03 PM,T462,Cat 785,492,780,JPM,FUEL&LUBE,35.175
260724001,7/24/2026 2:36:36 PM,T119,Cat 797,1041,780,MRM,FUEL&LUBE,21.905
260724001,7/24/2026 2:48:55 PM,T161,Cat 797,79,300,JPM,WAIT FOR FUEL BAY,23.64
260724001,7/24/2026 2:50:16 PM,T161,Cat 797,828,780,JPM,FUEL&LUBE,23.135
260724001,7/24/2026 3:08:41 PM,T114,Cat 797,829,780,MRM,FUEL&LUBE,19.295
260724001,7/24/2026 3:09:00 PM,T165,Cat 797,850,780,JPM,FUEL&LUBE,24.905
260724001,7/24/2026 3:25:08 PM,T164,Cat 797,928,780,MRM,FUEL&LUBE,14.9
260724001,7/24/2026 3:36:49 PM,T101,Cat 797,10,780,MRM,FUEL&LUBE,16.205
260724001,7/24/2026 3:36:59 PM,T101,Cat 797,42,300,MRM,WAIT FOR FUEL BAY,16.205
260724001,7/24/2026 3:37:41 PM,T101,Cat 797,781,780,MRM,FUEL&LUBE,16.205
260724001,7/24/2026 3:53:00 PM,T134,Cat 797,843,780,JPM,FUEL&LUBE,14.73
260724001,7/24/2026 4:06:09 PM,T167,Cat 797,860,780,MRM,FUEL&LUBE,15.495
260724001,7/24/2026 4:07:10 PM,T460,Cat 785,58,780,MRM,FUEL&LUBE,28.245
260724001,7/24/2026 4:08:08 PM,T460,Cat 785,119,300,MRM,WAIT FOR FUEL BAY,28.245
260724001,7/24/2026 4:10:16 PM,T460,Cat 785,979,780,MRM,FUEL&LUBE,28.09
260724001,7/24/2026 4:18:47 PM,T171,Cat 797,934,780,JPM,FUEL&LUBE,
260724001,7/24/2026 5:17:18 PM,T106,Cat 797,7,300,MRM,WAIT FOR FUEL BAY,68.11
260724001,7/24/2026 5:19:49 PM,T117,Cat 797,5,300,MRM,WAIT FOR FUEL BAY,58.95
260724001,7/24/2026 5:24:59 PM,T124,Cat 797,31,780,MRM,FUEL&LUBE,20.955
260724001,7/24/2026 5:27:14 PM,T124,Cat 797,790,780,MRM,FUEL&LUBE,20.365
260724001,7/24/2026 5:42:35 PM,T466,Cat 785,466,780,MRM,FUEL&LUBE,80.695
260724002,7/24/2026 6:02:04 PM,T157,Cat 797,932,780,MRM,FUEL&LUBE,15.14
260724002,7/24/2026 6:03:55 PM,T153,Cat 797,97,780,MRM,FUEL&LUBE,15.615
260724002,7/24/2026 6:05:32 PM,T153,Cat 797,612,780,MRM,FUEL&LUBE,15.615
260724002,7/24/2026 6:15:59 PM,T153,Cat 797,1,780,MRM,FUEL&LUBE,14.9
260724002,7/24/2026 6:16:52 PM,T122,Cat 797,70,780,MRM,FUEL&LUBE,14.705
260724002,7/24/2026 6:18:02 PM,T122,Cat 797,682,780,MRM,FUEL&LUBE,14.465
260724002,7/24/2026 6:22:56 PM,T458,Cat 785,709,780,JPM,FUEL&LUBE,84.92
260724002,7/24/2026 6:27:50 PM,T151,Cat 797,14,780,MRM,FUEL&LUBE,14.86
260724002,7/24/2026 6:28:04 PM,T151,Cat 797,295,300,MRM,WAIT FOR FUEL BAY,14.86
260724002,7/24/2026 6:32:59 PM,T151,Cat 797,1348,780,MRM,FUEL&LUBE,14.815
260724002,7/24/2026 6:38:17 PM,T105,Cat 797,851,780,MRM,FUEL&LUBE,15.73
260724002,7/24/2026 6:47:06 PM,T463,Cat 785,459,780,JPM,FUEL&LUBE,33.74
260724002,7/24/2026 7:20:31 PM,T168,Cat 797,854,780,JPM,FUEL&LUBE,
260724002,7/24/2026 7:25:26 PM,T118,Cat 797,864,780,MRM,FUEL&LUBE,23.515
260724002,7/24/2026 7:35:53 PM,T128,Cat 797,4,780,MRM,FUEL&LUBE,24.4
260724002,7/24/2026 7:35:57 PM,T128,Cat 797,79,300,MRM,WAIT FOR FUEL BAY,24.4
260724002,7/24/2026 7:37:16 PM,T128,Cat 797,714,780,MRM,FUEL&LUBE,24.4
260724002,7/24/2026 7:50:18 PM,T133,Cat 797,679,780,MRM,FUEL&LUBE,163.85
260724002,7/24/2026 8:12:40 PM,T169,Cat 797,846,780,JPM,FUEL&LUBE,
260724002,7/24/2026 8:13:10 PM,T127,Cat 797,1003,780,MRM,FUEL&LUBE,14.565
260724002,7/24/2026 8:15:44 PM,T123,Cat 797,873,780,MRM,FUEL&LUBE,15.73
260724002,7/24/2026 8:33:57 PM,T163,Cat 797,807,780,MRM,FUEL&LUBE,14.635
260724002,7/24/2026 8:54:07 PM,T158,Cat 797,38,780,JPM,FUEL&LUBE,26.55
260724002,7/24/2026 8:54:45 PM,T158,Cat 797,670,780,JPM,FUEL&LUBE,26.55
260724002,7/24/2026 9:08:19 PM,T459,Cat 785,3,780,JPM,FUEL&LUBE,30.715
260724002,7/24/2026 9:08:22 PM,T459,Cat 785,461,780,JPM,FUEL&LUBE,30.715
260724002,7/24/2026 9:08:44 PM,T469,Cat 785,699,780,MRM,FUEL&LUBE,31.35
260724002,7/24/2026 9:30:06 PM,T467,Cat 785,634,780,MRM,FUEL&LUBE,30.08
260724002,7/24/2026 9:45:48 PM,T149,Cat 797,1383,780,JPM,FUEL&LUBE,
260724002,7/24/2026 9:47:25 PM,T166,Cat 797,1292,780,MRM,FUEL&LUBE,58.8
260724002,7/24/2026 9:57:52 PM,T470,Cat 785,538,780,MRM,FUEL&LUBE,163.855
260724002,7/24/2026 10:27:20 PM,T140,Cat 797,913,780,MRM,FUEL&LUBE,14.845
260724002,7/24/2026 10:29:50 PM,T465,Cat 785,579,780,MRM,FUEL&LUBE,31.67
260724002,7/24/2026 10:30:26 PM,T144,Cat 797,595,780,JPM,FUEL&LUBE,
260724002,7/24/2026 10:40:23 PM,T144,Cat 797,3,780,JPM,FUEL&LUBE,
260724002,7/24/2026 10:44:04 PM,T474,Cat 785,434,780,JPM,FUEL&LUBE,24.875
260724002,7/24/2026 10:51:22 PM,T474,Cat 785,3,780,JPM,FUEL&LUBE,25.335
260724002,7/24/2026 11:01:09 PM,T147,Cat 797,798,780,JPM,FUEL&LUBE,
260724002,7/24/2026 11:01:23 PM,T135,Cat 797,929,780,MRM,FUEL&LUBE,15.495
260724002,7/24/2026 11:05:14 PM,T102,Cat 797,670,780,MRM,FUEL&LUBE,15.02
260724002,7/24/2026 11:12:40 PM,T104,Cat 797,866,780,MRM,FUEL&LUBE,14.69
260724002,7/24/2026 11:14:15 PM,T156,Cat 797,903,780,JPM,FUEL&LUBE,26.425
260724002,7/24/2026 11:14:29 PM,T147,Cat 797,2,780,JPM,FUEL&LUBE,
260724002,7/24/2026 11:30:57 PM,T115,Cat 797,30,780,MRM,FUEL&LUBE,23.005
260724002,7/24/2026 11:35:14 PM,T471,Cat 785,32,780,MRM,FUEL&LUBE,48.785
260724002,7/24/2026 11:35:46 PM,T471,Cat 785,415,780,MRM,FUEL&LUBE,48.785
260724002,7/24/2026 11:36:53 PM,T139,Cat 797,729,780,JPM,FUEL&LUBE,31.265
260724002,7/24/2026 11:54:18 PM,T125,Cat 797,805,780,MRM,FUEL&LUBE,23.005
260724002,7/24/2026 11:55:08 PM,T162,Cat 797,1107,780,MRM,FUEL&LUBE,27.565
260724002,7/24/2026 11:58:46 PM,T141,Cat 797,847,780,JPM,FUEL&LUBE,24.145
260724002,7/25/2026 12:08:49 AM,T117,Cat 797,745,780,MRM,FUEL&LUBE,14.76
260724002,7/25/2026 12:31:17 AM,T137,Cat 797,912,780,MRM,FUEL&LUBE,16.205
260724002,7/25/2026 12:31:27 AM,T129,Cat 797,6,780,MRM,FUEL&LUBE,14.8
260724002,7/25/2026 12:31:31 AM,T154,Cat 797,805,780,JPM,FUEL&LUBE,25.79
260724002,7/25/2026 12:31:33 AM,T129,Cat 797,53,300,MRM,WAIT FOR FUEL BAY,14.8
260724002,7/25/2026 12:32:26 AM,T129,Cat 797,683,780,MRM,FUEL&LUBE,14.8
260724002,7/25/2026 12:44:58 AM,T154,Cat 797,3,780,JPM,FUEL&LUBE,163.85
260724002,7/25/2026 12:52:38 AM,T130,Cat 797,905,780,MRM,FUEL&LUBE,15.73
260724002,7/25/2026 12:53:59 AM,T120,Cat 797,886,780,MRM,FUEL&LUBE,23.64
260724002,7/25/2026 12:55:03 AM,T126,Cat 797,2341,780,MRM,FUEL&LUBE,17.155
260724002,7/25/2026 12:58:29 AM,T160,Cat 797,88,780,MRM,FUEL&LUBE,16.68
260724002,7/25/2026 12:59:41 AM,T461,Cat 785,1236,780,JPM,FUEL&LUBE,36.77
260724002,7/25/2026 12:59:57 AM,T160,Cat 797,635,300,MRM,WAIT FOR FUEL BAY,16.09
260724002,7/25/2026 1:10:32 AM,T160,Cat 797,776,780,MRM,FUEL&LUBE,16.325
260724002,7/25/2026 1:11:05 AM,T111,Cat 797,338,300,MRM,WAIT FOR FUEL BAY,16.325
260724002,7/25/2026 1:16:43 AM,T111,Cat 797,223,300,MRM,WAIT FOR FUEL BAY,17.395
260724002,7/25/2026 1:20:26 AM,T111,Cat 797,316,300,MRM,WAIT FOR FUEL BAY,16.92
260724002,7/25/2026 1:25:42 AM,T111,Cat 797,331,300,MRM,WAIT FOR FUEL BAY,15.495
260724002,7/25/2026 1:28:07 AM,T106,Cat 797,161,780,MRM,FUEL&LUBE,15.255
260724002,7/25/2026 1:30:48 AM,T106,Cat 797,254,300,MRM,WAIT FOR FUEL BAY,15.495
260724002,7/25/2026 1:31:01 AM,T161,Cat 797,800,780,JPM,FUEL&LUBE,31.795
260724002,7/25/2026 1:31:13 AM,T111,Cat 797,230,300,MRM,WAIT FOR FUEL BAY,16.205
260724002,7/25/2026 1:35:02 AM,T106,Cat 797,774,780,MRM,FUEL&LUBE,14.8
260724002,7/25/2026 1:36:06 AM,T111,Cat 797,5,780,MRM,FUEL&LUBE,16.205
260724002,7/25/2026 1:36:11 AM,T111,Cat 797,748,780,MRM,FUEL&LUBE,16.205
260724002,7/25/2026 1:36:26 AM,T132,Cat 797,1311,780,MRM,FUEL&LUBE,16.8
260724002,7/25/2026 1:56:26 AM,T152,Cat 797,3,780,JPM,FUEL&LUBE,22.5
260724002,7/25/2026 1:56:29 AM,T152,Cat 797,626,780,JPM,FUEL&LUBE,22.5
260724002,7/25/2026 2:08:36 AM,T131,Cat 797,805,780,MRM,FUEL&LUBE,21.43
260724002,7/25/2026 2:10:37 AM,T114,Cat 797,23,780,MRM,FUEL&LUBE,14.9
260724002,7/25/2026 2:11:00 AM,T114,Cat 797,92,300,MRM,WAIT FOR FUEL BAY,14.9
260724002,7/25/2026 2:12:32 AM,T114,Cat 797,738,780,MRM,FUEL&LUBE,14.9
260724002,7/25/2026 2:21:55 AM,T170,Cat 797,589,780,JPM,FUEL&LUBE,
260724002,7/25/2026 2:26:26 AM,T112,Cat 797,957,780,MRM,FUEL&LUBE,67.35
260724002,7/25/2026 2:26:45 AM,T107,Cat 797,1143,780,MRM,FUEL&LUBE,14.31
260724002,7/25/2026 2:31:46 AM,T170,Cat 797,2,780,JPM,FUEL&LUBE,
260724002,7/25/2026 2:44:42 AM,T138,Cat 797,906,780,MRM,FUEL&LUBE,14.59
260724002,7/25/2026 2:52:15 AM,T101,Cat 797,779,780,MRM,FUEL&LUBE,15.97
260724002,7/25/2026 3:00:35 AM,T134,Cat 797,8,780,JPM,FUEL&LUBE,26.045
260724002,7/25/2026 3:00:43 AM,T134,Cat 797,1017,780,JPM,FUEL&LUBE,26.045
260724002,7/25/2026 3:22:19 AM,T136,Cat 797,931,780,MRM,FUEL&LUBE,15.375
260724002,7/25/2026 3:27:50 AM,T475,Cat 793,1434,780,MRM,FUEL&LUBE,46.61
260724002,7/25/2026 3:56:47 AM,T168,Cat 797,384,780,JPM,FUEL&LUBE,
260724002,7/25/2026 4:03:23 AM,T168,Cat 797,2,780,JPM,FUEL&LUBE,
260724002,7/25/2026 4:17:08 AM,T122,Cat 797,43,780,MRM,FUEL&LUBE,15.97
260724002,7/25/2026 4:17:51 AM,T122,Cat 797,7,300,MRM,WAIT FOR FUEL BAY,15.97
260724002,7/25/2026 4:17:58 AM,T122,Cat 797,703,780,MRM,FUEL&LUBE,15.375
260724002,7/25/2026 4:28:05 AM,T164,Cat 797,891,780,MRM,FUEL&LUBE,17.87
260724002,7/25/2026 4:33:19 AM,T468,Cat 785,796,780,MRM,FUEL&LUBE,25.335
260724002,7/25/2026 4:37:27 AM,T153,Cat 797,1462,780,MRM,FUEL&LUBE,15.02
260724002,7/25/2026 4:59:02 AM,T167,Cat 797,927,780,MRM,FUEL&LUBE,18.94
260724002,7/25/2026 5:36:50 AM,T109,Cat 797,1106,780,MRM,FUEL&LUBE,14.73
260724002,7/25/2026 5:53:31 AM,T133,Cat 797,389,780,MRM,FUEL&LUBE,163.85
260725001,7/25/2026 6:00:00 AM,T133,Cat 797,130,780,MRM,FUEL&LUBE,163.85
260725001,7/25/2026 6:14:47 AM,T472,Cat 785,67,780,MRM,FUEL&LUBE,28.855
260725001,7/25/2026 6:15:54 AM,T472,Cat 785,55,300,MRM,WAIT FOR FUEL BAY,28.855
260725001,7/25/2026 6:16:49 AM,T472,Cat 785,709,780,MRM,FUEL&LUBE,28.855
260725001,7/25/2026 6:32:15 AM,T169,Cat 797,1002,780,JPM,FUEL&LUBE,
260725001,7/25/2026 6:42:00 AM,T128,Cat 797,840,780,MRM,FUEL&LUBE,23.26
260725001,7/25/2026 7:09:53 AM,T123,Cat 797,667,780,MRM,FUEL&LUBE,21.195
260725001,7/25/2026 7:22:28 AM,T105,Cat 797,816,780,MRM,FUEL&LUBE,15.495
260725001,7/25/2026 7:32:14 AM,T118,Cat 797,825,780,MRM,FUEL&LUBE,1.3
260725001,7/25/2026 7:37:05 AM,T144,Cat 797,836,780,JPM,FUEL&LUBE,
260725001,7/25/2026 7:37:10 AM,T132,Cat 797,909,780,MRM,FUEL&LUBE,14.635
260725001,7/25/2026 7:53:02 AM,T171,Cat 797,1127,780,JPM,FUEL&LUBE,
260725001,7/25/2026 8:07:10 AM,T460,Cat 785,584,780,MRM,FUEL&LUBE,28.705
260725001,7/25/2026 8:20:35 AM,T151,Cat 797,887,780,MRM,FUEL&LUBE,21.195
260725001,7/25/2026 8:27:52 AM,T139,Cat 797,651,780,JPM,FUEL&LUBE,46.27
260725001,7/25/2026 8:39:42 AM,T102,Cat 797,852,780,MRM,FUEL&LUBE,19.055
260725001,7/25/2026 8:44:26 AM,T149,Cat 797,18,780,JPM,FUEL&LUBE,
260725001,7/25/2026 8:44:44 AM,T149,Cat 797,89,300,JPM,WAIT FOR FUEL BAY,
260725001,7/25/2026 8:46:20 AM,T149,Cat 797,783,780,JPM,FUEL&LUBE,
260725001,7/25/2026 9:08:47 AM,T157,Cat 797,966,780,MRM,FUEL&LUBE,17.99
260725001,7/25/2026 9:16:21 AM,T158,Cat 797,1031,780,JPM,FUEL&LUBE,15.97
260725001,7/25/2026 9:28:27 AM,T104,Cat 797,756,780,MRM,FUEL&LUBE,19.055
260725001,7/25/2026 9:30:24 AM,T162,Cat 797,958,780,MRM,FUEL&LUBE,45.43
260725001,7/25/2026 9:52:09 AM,T118,Cat 797,412,780,MRM,FUEL&LUBE,163.85
260725001,7/25/2026 9:57:25 AM,T129,Cat 797,864,780,MRM,FUEL&LUBE,15.255
260725001,7/25/2026 10:13:24 AM,T458,Cat 785,615,780,JPM,FUEL&LUBE,84.92
260725001,7/25/2026 10:16:03 AM,T466,Cat 785,533,780,MRM,FUEL&LUBE,80.695
260725001,7/25/2026 10:30:52 AM,T127,Cat 797,874,780,MRM,FUEL&LUBE,20.955
260725001,7/25/2026 10:37:46 AM,T152,Cat 797,648,780,JPM,FUEL&LUBE,23.135
260725001,7/25/2026 10:48:22 AM,T117,Cat 797,868,780,MRM,FUEL&LUBE,18.7
260725001,7/25/2026 10:52:13 AM,T463,Cat 785,641,780,JPM,FUEL&LUBE,35.815
260725001,7/25/2026 10:57:13 AM,T163,Cat 797,889,780,MRM,FUEL&LUBE,18.94
260725001,7/25/2026 11:10:52 AM,T141,Cat 797,1409,780,JPM,FUEL&LUBE,24.145
260725001,7/25/2026 11:21:05 AM,T166,Cat 797,852,780,MRM,FUEL&LUBE,16.92
260725001,7/25/2026 11:31:21 AM,T119,Cat 797,793,780,MRM,FUEL&LUBE,19.53
260725001,7/25/2026 11:37:55 AM,T156,Cat 797,1446,780,JPM,FUEL&LUBE,22.755
260725001,7/25/2026 11:38:58 AM,T124,Cat 797,3,780,MRM,FUEL&LUBE,20.48
260725001,7/25/2026 11:39:01 AM,T124,Cat 797,152,300,MRM,WAIT FOR FUEL BAY,20.48
260725001,7/25/2026 11:41:33 AM,T124,Cat 797,770,780,MRM,FUEL&LUBE,20.48
260725001,7/25/2026 12:09:10 PM,T462,Cat 785,617,780,JPM,FUEL&LUBE,32.465
260725001,7/25/2026 12:12:42 PM,T469,Cat 785,979,780,MRM,FUEL&LUBE,35.175
260725001,7/25/2026 12:23:52 PM,T459,Cat 785,622,780,JPM,FUEL&LUBE,34.54
260725001,7/25/2026 12:31:28 PM,T472,Cat 785,555,780,MRM,FUEL&LUBE,71.785
260725001,7/25/2026 12:51:09 PM,T474,Cat 785,531,780,JPM,FUEL&LUBE,33.74
260725001,7/25/2026 12:58:52 PM,T112,Cat 797,778,780,MRM,FUEL&LUBE,34.715
260725001,7/25/2026 12:59:03 PM,T126,Cat 797,10,780,MRM,FUEL&LUBE,17.63
260725001,7/25/2026 12:59:13 PM,T126,Cat 797,76,300,MRM,WAIT FOR FUEL BAY,17.63
260725001,7/25/2026 1:00:29 PM,T126,Cat 797,714,780,MRM,FUEL&LUBE,17.63
260725001,7/25/2026 1:09:47 PM,T135,Cat 797,2,780,MRM,FUEL&LUBE,18.105
260725001,7/25/2026 1:09:49 PM,T135,Cat 797,682,300,MRM,WAIT FOR FUEL BAY,18.105
260725001,7/25/2026 1:13:58 PM,T147,Cat 797,971,780,JPM,FUEL&LUBE,
260725001,7/25/2026 1:16:06 PM,T154,Cat 797,893,300,JPM,WAIT FOR FUEL BAY,14.79
260725001,7/25/2026 1:21:11 PM,T135,Cat 797,192,780,MRM,FUEL&LUBE,16.92
260725001,7/25/2026 1:28:31 PM,T115,Cat 797,27,780,MRM,FUEL&LUBE,17.75
260725001,7/25/2026 1:28:39 PM,T125,Cat 797,5,780,MRM,FUEL&LUBE,15.14
260725001,7/25/2026 1:28:44 PM,T125,Cat 797,873,780,MRM,FUEL&LUBE,15.14
260725001,7/25/2026 1:28:58 PM,T115,Cat 797,777,780,MRM,FUEL&LUBE,17.75
260725001,7/25/2026 1:31:01 PM,T154,Cat 797,906,780,JPM,FUEL&LUBE,14.69
260725001,7/25/2026 1:46:09 PM,T134,Cat 797,852,780,JPM,FUEL&LUBE,14.66
260725001,7/25/2026 1:46:32 PM,T470,Cat 785,458,300,MRM,WAIT FOR FUEL BAY,163.855
260725001,7/25/2026 1:54:10 PM,T470,Cat 785,84,780,MRM,FUEL&LUBE,163.855
260725001,7/25/2026 1:55:46 PM,T470,Cat 785,4,780,MRM,FUEL&LUBE,163.855
260725001,7/25/2026 2:00:18 PM,T101,Cat 797,889,780,MRM,FUEL&LUBE,14.125
260725001,7/25/2026 2:11:45 PM,T106,Cat 797,726,780,MRM,FUEL&LUBE,22.625
260725001,7/25/2026 2:22:29 PM,T160,Cat 797,837,780,MRM,FUEL&LUBE,19.175
260725001,7/25/2026 2:30:36 PM,T471,Cat 785,90,780,MRM,FUEL&LUBE,61.66
260725001,7/25/2026 2:32:06 PM,T471,Cat 785,776,780,MRM,FUEL&LUBE,61.315
260725001,7/25/2026 2:39:14 PM,T140,Cat 797,856,780,MRM,FUEL&LUBE,14.76
260725001,7/25/2026 2:47:37 PM,T168,Cat 797,878,780,JPM,FUEL&LUBE,
260725001,7/25/2026 3:00:40 PM,T166,Cat 797,525,780,MRM,FUEL&LUBE,88.025
260725001,7/25/2026 3:04:38 PM,T122,Cat 797,122,300,MRM,WAIT FOR FUEL BAY,17.63
260725001,7/25/2026 3:06:35 PM,T138,Cat 797,840,780,MRM,FUEL&LUBE,17.155
260725001,7/25/2026 3:06:41 PM,T122,Cat 797,651,780,MRM,FUEL&LUBE,17.63
260725001,7/25/2026 3:16:07 PM,T161,Cat 797,83,300,JPM,WAIT FOR FUEL BAY,23.005
260725001,7/25/2026 3:18:03 PM,T161,Cat 797,870,780,JPM,FUEL&LUBE,23.005
260725001,7/25/2026 3:18:28 PM,T467,Cat 785,4,780,MRM,FUEL&LUBE,26.405
260725001,7/25/2026 3:25:57 PM,T166,Cat 797,521,780,MRM,FUEL&LUBE,87.36
260725001,7/25/2026 3:34:56 PM,T137,Cat 797,3,780,MRM,FUEL&LUBE,16.8
260725001,7/25/2026 3:34:59 PM,T137,Cat 797,148,300,MRM,WAIT FOR FUEL BAY,16.8
260725001,7/25/2026 3:37:27 PM,T137,Cat 797,829,780,MRM,FUEL&LUBE,15.97
260725001,7/25/2026 3:52:24 PM,T120,Cat 797,886,780,MRM,FUEL&LUBE,17.155
260725001,7/25/2026 3:55:04 PM,T153,Cat 797,826,780,MRM,FUEL&LUBE,14.8
260725001,7/25/2026 4:04:42 PM,T465,Cat 785,147,300,MRM,WAIT FOR FUEL BAY,25.79
260725001,7/25/2026 4:07:24 PM,T465,Cat 785,88,780,MRM,FUEL&LUBE,25.025
260725001,7/25/2026 4:08:52 PM,T465,Cat 785,17,300,MRM,WAIT FOR FUEL BAY,25.025
260725001,7/25/2026 4:09:13 PM,T465,Cat 785,904,780,MRM,FUEL&LUBE,25.025
260725001,7/25/2026 4:13:38 PM,T130,Cat 797,880,780,MRM,FUEL&LUBE,19.415
260725001,7/25/2026 4:19:32 PM,T131,Cat 797,4,780,MRM,FUEL&LUBE,19.175
260725001,7/25/2026 4:19:36 PM,T131,Cat 797,279,300,MRM,WAIT FOR FUEL BAY,19.175
260725001,7/25/2026 4:30:35 PM,T131,Cat 797,461,780,MRM,FUEL&LUBE,17.75
260725001,7/25/2026 4:32:10 PM,T114,Cat 797,825,780,MRM,FUEL&LUBE,20.005
260725001,7/25/2026 5:29:50 PM,T162,Cat 797,958,780,MRM,FUEL&LUBE,76.445
260725002,7/25/2026 6:13:42 PM,T128,Cat 797,79,780,MRM,FUEL&LUBE,30.475
260725002,7/25/2026 6:15:01 PM,T128,Cat 797,290,300,MRM,WAIT FOR FUEL BAY,27.815
260725002,7/25/2026 6:19:51 PM,T128,Cat 797,669,780,MRM,FUEL&LUBE,28.07
260725002,7/25/2026 6:21:00 PM,T104,Cat 797,7,780,MRM,FUEL&LUBE,32.06
260725002,7/25/2026 6:21:07 PM,T104,Cat 797,300,300,MRM,WAIT FOR FUEL BAY,32.06
260725002,7/25/2026 6:26:07 PM,T104,Cat 797,659,780,MRM,FUEL&LUBE,31.93
260725002,7/25/2026 6:27:08 PM,T111,Cat 797,3,780,MRM,FUEL&LUBE,18.225
260725002,7/25/2026 6:27:11 PM,T111,Cat 797,303,300,MRM,WAIT FOR FUEL BAY,18.225
260725002,7/25/2026 6:32:17 PM,T111,Cat 797,791,780,MRM,FUEL&LUBE,18.58
260725002,7/25/2026 6:34:18 PM,T169,Cat 797,2013,780,JPM,FUEL&LUBE,
260725002,7/25/2026 6:45:38 PM,T152,Cat 797,3,780,JPM,FUEL&LUBE,30.475
260725002,7/25/2026 6:45:41 PM,T152,Cat 797,990,300,JPM,WAIT FOR FUEL BAY,30.475
260725002,7/25/2026 7:02:51 PM,T152,Cat 797,3,780,JPM,FUEL&LUBE,30.345
260725002,7/25/2026 7:02:54 PM,T152,Cat 797,138,300,JPM,WAIT FOR FUEL BAY,30.345
260725002,7/25/2026 7:05:12 PM,T152,Cat 797,565,780,JPM,FUEL&LUBE,30.345
260725002,7/25/2026 7:09:34 PM,T118,Cat 797,746,780,MRM,FUEL&LUBE,163.85
260725002,7/25/2026 7:12:20 PM,T167,Cat 797,852,780,MRM,FUEL&LUBE,15.615
260725002,7/25/2026 7:13:58 PM,T166,Cat 797,16,780,MRM,FUEL&LUBE,88.31
260725002,7/25/2026 7:14:14 PM,T166,Cat 797,550,300,MRM,WAIT FOR FUEL BAY,88.31
260725002,7/25/2026 7:17:54 PM,T113,Cat 797,7,780,MRM,FUEL&LUBE,14.645
260725002,7/25/2026 7:18:01 PM,T113,Cat 797,545,300,MRM,WAIT FOR FUEL BAY,14.645
260725002,7/25/2026 7:23:24 PM,T166,Cat 797,427,780,MRM,FUEL&LUBE,88.025
260725002,7/25/2026 7:27:04 PM,T123,Cat 797,216,780,MRM,FUEL&LUBE,15.97
260725002,7/25/2026 7:27:06 PM,T113,Cat 797,749,780,MRM,FUEL&LUBE,14.675
260725002,7/25/2026 7:29:17 PM,T149,Cat 797,511,780,JPM,FUEL&LUBE,
260725002,7/25/2026 7:38:00 PM,T149,Cat 797,2,780,JPM,FUEL&LUBE,
260725002,7/25/2026 7:39:23 PM,T139,Cat 797,763,780,JPM,FUEL&LUBE,24.905
260725002,7/25/2026 7:54:12 PM,T109,Cat 797,860,780,MRM,FUEL&LUBE,16.445
260725002,7/25/2026 8:00:40 PM,T461,Cat 785,474,780,JPM,FUEL&LUBE,26.865
260725002,7/25/2026 8:19:20 PM,T129,Cat 797,1083,780,MRM,FUEL&LUBE,16.92
260725002,7/25/2026 8:25:49 PM,T136,Cat 797,4,780,MRM,FUEL&LUBE,16.325
260725002,7/25/2026 8:25:53 PM,T136,Cat 797,27,300,MRM,WAIT FOR FUEL BAY,16.325
260725002,7/25/2026 8:26:20 PM,T136,Cat 797,837,780,MRM,FUEL&LUBE,16.325
260725002,7/25/2026 8:31:57 PM,T102,Cat 797,1244,780,MRM,FUEL&LUBE,15.85
260725002,7/25/2026 8:57:30 PM,T105,Cat 797,902,780,MRM,FUEL&LUBE,19.65
260725002,7/25/2026 9:04:54 PM,T158,Cat 797,732,780,JPM,FUEL&LUBE,30.22
260725002,7/25/2026 9:25:59 PM,T171,Cat 797,655,780,JPM,FUEL&LUBE,
260725002,7/25/2026 9:36:09 PM,T458,Cat 785,532,780,JPM,FUEL&LUBE,28.245
260725002,7/25/2026 9:36:57 PM,T171,Cat 797,2,780,JPM,FUEL&LUBE,
260725002,7/25/2026 9:45:31 PM,T132,Cat 797,883,780,MRM,FUEL&LUBE,163.85
260725002,7/25/2026 9:52:37 PM,T134,Cat 797,807,780,JPM,FUEL&LUBE,31
260725002,7/25/2026 10:10:55 PM,T141,Cat 797,858,780,JPM,FUEL&LUBE,32.195
260725002,7/25/2026 10:31:40 PM,T468,Cat 785,821,780,MRM,FUEL&LUBE,29.315
260725002,7/25/2026 10:36:56 PM,T156,Cat 797,491,780,JPM,FUEL&LUBE,34.32
260725002,7/25/2026 10:38:25 PM,T151,Cat 797,928,780,MRM,FUEL&LUBE,17.155
260725002,7/25/2026 10:45:11 PM,T156,Cat 797,2,780,JPM,FUEL&LUBE,33.255
260725002,7/25/2026 10:50:48 PM,T112,Cat 797,778,780,MRM,FUEL&LUBE,163.85
260725002,7/25/2026 10:54:08 PM,T124,Cat 797,854,780,MRM,FUEL&LUBE,26.55
260725002,7/25/2026 10:56:00 PM,T117,Cat 797,557,300,MRM,WAIT FOR FUEL BAY,14.35
260725002,7/25/2026 11:05:22 PM,T117,Cat 797,755,780,MRM,FUEL&LUBE,14.435
260725002,7/25/2026 11:18:03 PM,T117,Cat 797,4,780,MRM,FUEL&LUBE,44.865
260725002,7/25/2026 11:38:48 PM,T154,Cat 797,32,780,JPM,FUEL&LUBE,32.195
260725002,7/25/2026 11:39:20 PM,T154,Cat 797,817,780,JPM,FUEL&LUBE,30.6
260725002,7/25/2026 11:40:34 PM,T123,Cat 797,638,780,MRM,FUEL&LUBE,77.65
260725002,7/25/2026 11:44:21 PM,T168,Cat 797,540,300,JPM,WAIT FOR FUEL BAY,
260725002,7/25/2026 11:45:05 PM,T470,Cat 785,347,780,MRM,FUEL&LUBE,163.855
260725002,7/25/2026 11:54:01 PM,T168,Cat 797,789,780,JPM,FUEL&LUBE,
260725002,7/25/2026 11:57:57 PM,T135,Cat 797,905,780,MRM,FUEL&LUBE,17.87
260725002,7/26/2026 12:06:26 AM,T126,Cat 797,1385,780,MRM,FUEL&LUBE,14.775
260725002,7/26/2026 12:28:47 AM,T101,Cat 797,78,780,MRM,FUEL&LUBE,18.465
260725002,7/26/2026 12:30:05 AM,T101,Cat 797,643,780,MRM,FUEL&LUBE,17.515
260725002,7/26/2026 12:38:48 AM,T164,Cat 797,952,780,MRM,FUEL&LUBE,14.635
260725002,7/26/2026 12:39:22 AM,T127,Cat 797,1254,780,MRM,FUEL&LUBE,14.845
260725002,7/26/2026 12:43:42 AM,T463,Cat 785,556,780,JPM,FUEL&LUBE,35.655
260725002,7/26/2026 12:45:48 AM,T162,Cat 797,1633,780,MRM,FUEL&LUBE,63.6
260725002,7/26/2026 12:50:23 AM,T125,Cat 797,5,780,MRM,FUEL&LUBE,14.565
260725002,7/26/2026 12:50:28 AM,T125,Cat 797,530,300,MRM,WAIT FOR FUEL BAY,14.565
260725002,7/26/2026 12:53:30 AM,T463,Cat 785,1,780,JPM,FUEL&LUBE,36.29
260725002,7/26/2026 12:59:18 AM,T125,Cat 797,863,780,MRM,FUEL&LUBE,14.535
260725002,7/26/2026 1:05:16 AM,T157,Cat 797,3,780,MRM,FUEL&LUBE,14.69
260725002,7/26/2026 1:05:19 AM,T157,Cat 797,547,300,MRM,WAIT FOR FUEL BAY,14.69
260725002,7/26/2026 1:14:26 AM,T157,Cat 797,1174,780,MRM,FUEL&LUBE,14.565
260725002,7/26/2026 1:43:59 AM,T115,Cat 797,875,780,MRM,FUEL&LUBE,23.26
260725002,7/26/2026 1:53:11 AM,T161,Cat 797,833,780,JPM,FUEL&LUBE,28.575
260725002,7/26/2026 1:58:15 AM,T460,Cat 785,591,780,MRM,FUEL&LUBE,26.1
260725002,7/26/2026 2:12:27 AM,T466,Cat 785,1145,780,MRM,FUEL&LUBE,80.695
260725002,7/26/2026 2:22:45 AM,T106,Cat 797,5,780,MRM,FUEL&LUBE,27.565
260725002,7/26/2026 2:24:45 AM,T119,Cat 797,975,780,MRM,FUEL&LUBE,14.83
260725002,7/26/2026 2:27:32 AM,T153,Cat 797,872,780,MRM,FUEL&LUBE,17.155
260725002,7/26/2026 2:30:24 AM,T147,Cat 797,1012,780,JPM,FUEL&LUBE,
260725002,7/26/2026 2:35:44 AM,T163,Cat 797,1308,780,MRM,FUEL&LUBE,14.705
260725002,7/26/2026 3:03:39 AM,T106,Cat 797,841,780,MRM,FUEL&LUBE,22.145
260725002,7/26/2026 3:11:35 AM,T169,Cat 797,874,780,JPM,FUEL&LUBE,
260725002,7/26/2026 3:18:30 AM,T462,Cat 785,374,300,JPM,WAIT FOR FUEL BAY,30.08
260725002,7/26/2026 3:25:11 AM,T462,Cat 785,441,780,JPM,FUEL&LUBE,29.47
260725002,7/26/2026 3:32:24 AM,T140,Cat 797,105,780,MRM,FUEL&LUBE,23.26
260725002,7/26/2026 3:34:09 AM,T140,Cat 797,902,780,MRM,FUEL&LUBE,23.385
260725002,7/26/2026 3:43:09 AM,T469,Cat 785,608,780,MRM,FUEL&LUBE,24.72
260725002,7/26/2026 3:43:18 AM,T459,Cat 785,555,780,JPM,FUEL&LUBE,28.245
260725002,7/26/2026 4:12:07 AM,T152,Cat 797,831,780,JPM,FUEL&LUBE,22.025
260725002,7/26/2026 4:14:05 AM,T137,Cat 797,903,780,MRM,FUEL&LUBE,21.67
260725002,7/26/2026 4:15:45 AM,T138,Cat 797,2191,780,MRM,FUEL&LUBE,16.565
260725002,7/26/2026 4:34:06 AM,T149,Cat 797,853,780,JPM,FUEL&LUBE,
260725002,7/26/2026 4:42:19 AM,T150,Cat 797,408,780,JPM,FUEL&LUBE,25.41
260725002,7/26/2026 4:49:07 AM,T150,Cat 797,756,780,JPM,FUEL&LUBE,26.295
260725002,7/26/2026 5:00:07 AM,T165,Cat 797,105,300,JPM,WAIT FOR FUEL BAY,24.27
260725002,7/26/2026 5:02:27 AM,T165,Cat 797,747,780,JPM,FUEL&LUBE,24.02
260725002,7/26/2026 5:03:26 AM,T113,Cat 797,779,780,MRM,FUEL&LUBE,16.68
260725002,7/26/2026 5:07:10 AM,T118,Cat 797,785,780,MRM,FUEL&LUBE,14.705
260725002,7/26/2026 5:22:29 AM,T130,Cat 797,61,780,MRM,FUEL&LUBE,19.415
260725002,7/26/2026 5:39:30 AM,T130,Cat 797,857,780,MRM,FUEL&LUBE,18.225
260725002,7/26/2026 5:45:42 AM,T465,Cat 785,74,780,MRM,FUEL&LUBE,163.86
260725002,7/26/2026 5:46:56 AM,T465,Cat 785,771,780,MRM,FUEL&LUBE,163.86
260725002,7/26/2026 5:55:24 AM,T114,Cat 797,276,780,MRM,FUEL&LUBE,16.09

