Pit,Scheme,ShiftID,Year,Month,Date,Shift,YM,POre,PWst,NPOre,NPWst,NPReclaim,TypeMat,TotRej,CruRej,NOH495,NOH8000,NOH2530,NOH797,PA797,UA797,OE797,PA495,UA495,PA8000,UA8000,HD,TPNOH797,TPNOHCable,TPNOHHydro,Grade,Fines,D50,D90,Units797,UnitsCable,UnitsHydro,GOH495,GOH8000,GOH2530,GOH797,GOH785,TypeTon,OPEXTon,CAPEXTon,OreTon,WstTon,NOHO495,NOHO8000,NOHO747,NOHW495,NOHW8000,NOHW797,GOHO495,GOHO8000,GOHO797,GOHW495,GOHW8000,GOHW797,OreDist,WstDist,DykeDist,DumpDist,TPNOHO495,TPNOH8000,TPNOHO797,TPNOHW495,TPNOHW8000,TPNOHW797,PlantRec,Barrels
JPM,Budget,260101001,2026,1,1,1,2026-1,83462.4,78600.145,9201.73,8139.093,0,28048.545,5258.131,3943.598,26.7,17.535,7.719,154.413,0.835,0.98,0.925,0.858133641,0.955,0.884,0.95,2.689,1058.85,4183.649,2953.943,11.83272875,10.12026953,275,0,17,3,2,29.503,20.155,8.887,166.933,42.069,28048.545,179403.368,0,92664.13,86739.238,13.35,8.768,76.984,13.35,8.768,77.429,14.751,10.078,83.226,14.751,10.078,83.707,2.498,2.868,1.332,4.323,4309.19,3040.502,1093.542,4058.107,3209.592,1024.357,0.901,1809.91
JPM,Budget,260101002,2026,1,1,2,2026-1,83462.4,78600.145,9201.73,8139.093,0,28048.545,5258.131,3943.598,26.7,17.535,7.719,154.413,0.835,0.98,0.925,0.858133641,0.955,0.884,0.95,2.689,1058.85,4183.649,2953.943,11.83272875,10.12026953,275,0,17,3,2,29.503,20.155,8.887,166.933,42.069,28048.545,179403.368,0,92664.13,86739.238,13.35,8.768,76.984,13.35,8.768,77.429,14.751,10.078,83.226,14.751,10.078,83.707,2.498,2.868,1.332,4.323,4309.19,3040.502,1093.542,4058.107,3209.592,1024.357,0.901,1809.91
JPM,Budget,260102001,2026,1,2,1,2026-1,83462.4,78600.145,9201.73,8139.093,0,28048.545,5258.131,3943.598,26.7,17.535,7.719,154.413,0.835,0.98,0.925,0.858133641,0.955,0.884,0.95,2.689,1058.85,4183.649,2953.943,11.83272875,10.12026953,275,0,17,3,2,29.503,20.155,8.887,166.933,42.069,28048.545,179403.368,0,92664.13,86739.238,13.35,8.768,76.984,13.35,8.768,77.429,14.751,10.078,83.226,14.751,10.078,83.707,2.498,2.868,1.332,4.323,4309.19,3040.502,1093.542,4058.107,3209.592,1024.357,0.901,1809.91
JPM,Budget,260102002,2026,1,2,2,2026-1,83462.4,78600.145,9201.73,8139.093,0,28048.545,5258.131,3943.598,26.7,17.535,7.719,154.413,0.835,0.98,0.925,0.858133641,0.955,0.884,0.95,2.689,1058.85,4183.649,2953.943,11.83272875,10.12026953,275,0,17,3,2,29.503,20.155,8.887,166.933,42.069,28048.545,179403.368,0,92664.13,86739.238,13.35,8.768,76.984,13.35,8.768,77.429,14.751,10.078,83.226,14.751,10.078,83.707,2.498,2.868,1.332,4.323,4309.19,3040.502,1093.542,4058.107,3209.592,1024.357,0.901,1809.91
JPM,Budget,260103001,2026,1,3,1,2026-1,83462.4,78600.145,9201.73,8139.093,0,28048.545,5258.131,3943.598,26.7,17.535,7.719,154.413,0.835,0.98,0.925,0.858133641,0.955,0.884,0.95,2.689,1058.85,4183.649,2953.943,11.83272875,10.12026953,275,0,17,3,2,29.503,20.155,8.887,166.933,42.069,28048.545,179403.368,0,92664.13,86739.238,13.35,8.768,76.984,13.35,8.768,77.429,14.751,10.078,83.226,14.751,10.078,83.707,2.498,2.868,1.332,4.323,4309.19,3040.502,1093.542,4058.107,3209.592,1024.357,0.901,1809.91
JPM,Budget,260103002,2026,1,3,2,2026-1,83462.4,78600.145,9201.73,8139.093,0,28048.545,5258.131,3943.598,26.7,17.535,7.719,154.413,0.835,0.98,0.925,0.858133641,0.955,0.884,0.95,2.689,1058.85,4183.649,2953.943,11.83272875,10.12026953,275,0,17,3,2,29.503,20.155,8.887,166.933,42.069,28048.545,179403.368,0,92664.13,86739.238,13.35,8.768,76.984,13.35,8.768,77.429,14.751,10.078,83.226,14.751,10.078,83.707,2.498,2.868,1.332,4.323,4309.19,3040.502,1093.542,4058.107,3209.592,1024.357,0.901,1809.91
JPM,Budget,260104001,2026,1,4,1,2026-1,83462.4,78600.145,9201.73,8139.093,0,28048.545,5258.131,3943.598,26.7,17.535,7.719,154.413,0.835,0.98,0.925,0.858133641,0.955,0.884,0.95,2.689,1058.85,4183.649,2953.943,11.83272875,10.12026953,275,0,17,3,2,29.503,20.155,8.887,166.933,42.069,28048.545,179403.368,0,92664.13,86739.238,13.35,8.768,76.984,13.35,8.768,77.429,14.751,10.078,83.226,14.751,10.078,83.707,2.498,2.868,1.332,4.323,4309.19,3040.502,1093.542,4058.107,3209.592,1024.357,0.901,1809.91
JPM,Budget,260104002,2026,1,4,2,2026-1,83462.4,78600.145,9201.73,8139.093,0,28048.545,5258.131,3943.598,26.7,17.535,7.719,154.413,0.835,0.98,0.925,0.858133641,0.955,0.884,0.95,2.689,1058.85,4183.649,2953.943,11.83272875,10.12026953,275,0,17,3,2,29.503,20.155,8.887,166.933,42.069,28048.545,179403.368,0,92664.13,86739.238,13.35,8.768,76.984,13.35,8.768,77.429,14.751,10.078,83.226,14.751,10.078,83.707,2.498,2.868,1.332,4.323,4309.19,3040.502,1093.542,4058.107,3209.592,1024.357,0.901,1809.91
JPM,Budget,260105001,2026,1,5,1,2026-1,83462.4,78600.145,9201.73,8139.093,0,28048.545,5258.131,3943.598,26.7,17.535,7.719,154.413,0.835,0.98,0.925,0.858133641,0.955,0.884,0.95,2.689,1058.85,4183.649,2953.943,11.83272875,10.12026953,275,0,17,3,2,29.503,20.155,8.887,166.933,42.069,28048.545,179403.368,0,92664.13,86739.238,13.35,8.768,76.984,13.35,8.768,77.429,14.751,10.078,83.226,14.751,10.078,83.707,2.498,2.868,1.332,4.323,4309.19,3040.502,1093.542,4058.107,3209.592,1024.357,0.901,1809.91
JPM,Budget,260105002,2026,1,5,2,2026-1,83462.4,78600.145,9201.73,8139.093,0,28048.545,5258.131,3943.598,26.7,17.535,7.719,154.413,0.835,0.98,0.925,0.858133641,0.955,0.884,0.95,2.689,1058.85,4183.649,2953.943,11.83272875,10.12026953,275,0,17,3,2,29.503,20.155,8.887,166.933,42.069,28048.545,179403.368,0,92664.13,86739.238,13.35,8.768,76.984,13.35,8.768,77.429,14.751,10.078,83.226,14.751,10.078,83.707,2.498,2.868,1.332,4.323,4309.19,3040.502,1093.542,4058.107,3209.592,1024.357,0.901,1809.91
JPM,Budget,260106001,2026,1,6,1,2026-1,83462.4,78600.145,9201.73,8139.093,0,28048.545,5258.131,3943.598,26.7,17.535,7.719,154.413,0.835,0.98,0.925,0.858133641,0.955,0.884,0.95,2.689,1058.85,4183.649,2953.943,11.83272875,10.12026953,275,0,17,3,2,29.503,20.155,8.887,166.933,42.069,28048.545,179403.368,0,92664.13,86739.238,13.35,8.768,76.984,13.35,8.768,77.429,14.751,10.078,83.226,14.751,10.078,83.707,2.498,2.868,1.332,4.323,4309.19,3040.502,1093.542,4058.107,3209.592,1024.357,0.901,1809.91
JPM,Budget,260106002,2026,1,6,2,2026-1,83462.4,78600.145,9201.73,8139.093,0,28048.545,5258.131,3943.598,26.7,17.535,7.719,154.413,0.835,0.98,0.925,0.858133641,0.955,0.884,0.95,2.689,1058.85,4183.649,2953.943,11.83272875,10.12026953,275,0,17,3,2,29.503,20.155,8.887,166.933,42.069,28048.545,179403.368,0,92664.13,86739.238,13.35,8.768,76.984,13.35,8.768,77.429,14.751,10.078,83.226,14.751,10.078,83.707,2.498,2.868,1.332,4.323,4309.19,3040.502,1093.542,4058.107,3209.592,1024.357,0.901,1809.91
JPM,Budget,260107001,2026,1,7,1,2026-1,83462.4,78600.145,9201.73,8139.093,0,28048.545,5258.131,3943.598,26.7,17.535,7.719,154.413,0.835,0.98,0.925,0.858133641,0.955,0.884,0.95,2.689,1058.85,4183.649,2953.943,11.83272875,10.12026953,275,0,17,3,2,29.503,20.155,8.887,166.933,42.069,28048.545,179403.368,0,92664.13,86739.238,13.35,8.768,76.984,13.35,8.768,77.429,14.751,10.078,83.226,14.751,10.078,83.707,2.498,2.868,1.332,4.323,4309.19,3040.502,1093.542,4058.107,3209.592,1024.357,0.901,1809.91
JPM,Budget,260107002,2026,1,7,2,2026-1,83462.4,78600.145,9201.73,8139.093,0,28048.545,5258.131,3943.598,26.7,17.535,7.719,154.413,0.835,0.98,0.925,0.858133641,0.955,0.884,0.95,2.689,1058.85,4183.649,2953.943,11.83272875,10.12026953,275,0,17,3,2,29.503,20.155,8.887,166.933,42.069,28048.545,179403.368,0,92664.13,86739.238,13.35,8.768,76.984,13.35,8.768,77.429,14.751,10.078,83.226,14.751,10.078,83.707,2.498,2.868,1.332,4.323,4309.19,3040.502,1093.542,4058.107,3209.592,1024.357,0.901,1809.91
JPM,Budget,260108001,2026,1,8,1,2026-1,83462.4,78600.145,9201.73,8139.093,0,28048.545,5258.131,3943.598,26.7,17.535,7.719,154.413,0.835,0.98,0.925,0.858133641,0.955,0.884,0.95,2.689,1058.85,4183.649,2953.943,11.83272875,10.12026953,275,0,17,3,2,29.503,20.155,8.887,166.933,42.069,28048.545,179403.368,0,92664.13,86739.238,13.35,8.768,76.984,13.35,8.768,77.429,14.751,10.078,83.226,14.751,10.078,83.707,2.498,2.868,1.332,4.323,4309.19,3040.502,1093.542,4058.107,3209.592,1024.357,0.901,1809.91
JPM,Budget,260108002,2026,1,8,2,2026-1,83462.4,78600.145,9201.73,8139.093,0,28048.545,5258.131,3943.598,26.7,17.535,7.719,154.413,0.835,0.98,0.925,0.858133641,0.955,0.884,0.95,2.689,1058.85,4183.649,2953.943,11.83272875,10.12026953,275,0,17,3,2,29.503,20.155,8.887,166.933,42.069,28048.545,179403.368,0,92664.13,86739.238,13.35,8.768,76.984,13.35,8.768,77.429,14.751,10.078,83.226,14.751,10.078,83.707,2.498,2.868,1.332,4.323,4309.19,3040.502,1093.542,4058.107,3209.592,1024.357,0.901,1809.91
JPM,Budget,260109001,2026,1,9,1,2026-1,83462.4,78600.145,9201.73,8139.093,0,28048.545,5258.131,3943.598,26.7,17.535,7.719,154.413,0.835,0.98,0.925,0.858133641,0.955,0.884,0.95,2.689,1058.85,4183.649,2953.943,11.83272875,10.12026953,275,0,17,3,2,29.503,20.155,8.887,166.933,42.069,28048.545,179403.368,0,92664.13,86739.238,13.35,8.768,76.984,13.35,8.768,77.429,14.751,10.078,83.226,14.751,10.078,83.707,2.498,2.868,1.332,4.323,4309.19,3040.502,1093.542,4058.107,3209.592,1024.357,0.901,1809.91
JPM,Budget,260109002,2026,1,9,2,2026-1,83462.4,78600.145,9201.73,8139.093,0,28048.545,5258.131,3943.598,26.7,17.535,7.719,154.413,0.835,0.98,0.925,0.858133641,0.955,0.884,0.95,2.689,1058.85,4183.649,2953.943,11.83272875,10.12026953,275,0,17,3,2,29.503,20.155,8.887,166.933,42.069,28048.545,179403.368,0,92664.13,86739.238,13.35,8.768,76.984,13.35,8.768,77.429,14.751,10.078,83.226,14.751,10.078,83.707,2.498,2.868,1.332,4.323,4309.19,3040.502,1093.542,4058.107,3209.592,1024.357,0.901,1809.91
JPM,Budget,260110001,2026,1,10,1,2026-1,83462.4,78600.145,9201.73,8139.093,0,28048.545,5258.131,3943.598,26.7,17.535,7.719,154.413,0.835,0.98,0.925,0.858133641,0.955,0.884,0.95,2.689,1058.85,4183.649,2953.943,11.83272875,10.12026953,275,0,17,3,2,29.503,20.155,8.887,166.933,42.069,28048.545,179403.368,0,92664.13,86739.238,13.35,8.768,76.984,13.35,8.768,77.429,14.751,10.078,83.226,14.751,10.078,83.707,2.498,2.868,1.332,4.323,4309.19,3040.502,1093.542,4058.107,3209.592,1024.357,0.901,1809.91
JPM,Budget,260110002,2026,1,10,2,2026-1,83462.4,78600.145,9201.73,8139.093,0,28048.545,5258.131,3943.598,26.7,17.535,7.719,154.413,0.835,0.98,0.925,0.858133641,0.955,0.884,0.95,2.689,1058.85,4183.649,2953.943,11.83272875,10.12026953,275,0,17,3,2,29.503,20.155,8.887,166.933,42.069,28048.545,179403.368,0,92664.13,86739.238,13.35,8.768,76.984,13.35,8.768,77.429,14.751,10.078,83.226,14.751,10.078,83.707,2.498,2.868,1.332,4.323,4309.19,3040.502,1093.542,4058.107,3209.592,1024.357,0.901,1809.91
JPM,Budget,260111001,2026,1,11,1,2026-1,83462.4,78600.145,9201.73,8139.093,0,28048.545,5258.131,3943.598,26.7,17.535,7.719,154.413,0.835,0.98,0.925,0.858133641,0.955,0.884,0.95,2.689,1058.85,4183.649,2953.943,11.83272875,10.12026953,275,0,17,3,2,29.503,20.155,8.887,166.933,42.069,28048.545,179403.368,0,92664.13,86739.238,13.35,8.768,76.984,13.35,8.768,77.429,14.751,10.078,83.226,14.751,10.078,83.707,2.498,2.868,1.332,4.323,4309.19,3040.502,1093.542,4058.107,3209.592,1024.357,0.901,1809.91
JPM,Budget,260111002,2026,1,11,2,2026-1,83462.4,78600.145,9201.73,8139.093,0,28048.545,5258.131,3943.598,26.7,17.535,7.719,154.413,0.835,0.98,0.925,0.858133641,0.955,0.884,0.95,2.689,1058.85,4183.649,2953.943,11.83272875,10.12026953,275,0,17,3,2,29.503,20.155,8.887,166.933,42.069,28048.545,179403.368,0,92664.13,86739.238,13.35,8.768,76.984,13.35,8.768,77.429,14.751,10.078,83.226,14.751,10.078,83.707,2.498,2.868,1.332,4.323,4309.19,3040.502,1093.542,4058.107,3209.592,1024.357,0.901,1809.91
JPM,Budget,260112001,2026,1,12,1,2026-1,83462.4,78600.145,9201.73,8139.093,0,28048.545,5258.131,3943.598,26.7,17.535,7.719,154.413,0.835,0.98,0.925,0.858133641,0.955,0.884,0.95,2.689,1058.85,4183.649,2953.943,11.83272875,10.12026953,275,0,17,3,2,29.503,20.155,8.887,166.933,42.069,28048.545,179403.368,0,92664.13,86739.238,13.35,8.768,76.984,13.35,8.768,77.429,14.751,10.078,83.226,14.751,10.078,83.707,2.498,2.868,1.332,4.323,4309.19,3040.502,1093.542,4058.107,3209.592,1024.357,0.901,1809.91
JPM,Budget,260112002,2026,1,12,2,2026-1,83462.4,78600.145,9201.73,8139.093,0,28048.545,5258.131,3943.598,26.7,17.535,7.719,154.413,0.835,0.98,0.925,0.858133641,0.955,0.884,0.95,2.689,1058.85,4183.649,2953.943,11.83272875,10.12026953,275,0,17,3,2,29.503,20.155,8.887,166.933,42.069,28048.545,179403.368,0,92664.13,86739.238,13.35,8.768,76.984,13.35,8.768,77.429,14.751,10.078,83.226,14.751,10.078,83.707,2.498,2.868,1.332,4.323,4309.19,3040.502,1093.542,4058.107,3209.592,1024.357,0.901,1809.91
JPM,Budget,260113001,2026,1,13,1,2026-1,83462.4,78600.145,9201.73,8139.093,0,28048.545,5258.131,3943.598,26.7,17.535,7.719,154.413,0.835,0.98,0.925,0.858133641,0.955,0.884,0.95,2.689,1058.85,4183.649,2953.943,11.83272875,10.12026953,275,0,17,3,2,29.503,20.155,8.887,166.933,42.069,28048.545,179403.368,0,92664.13,86739.238,13.35,8.768,76.984,13.35,8.768,77.429,14.751,10.078,83.226,14.751,10.078,83.707,2.498,2.868,1.332,4.323,4309.19,3040.502,1093.542,4058.107,3209.592,1024.357,0.901,1809.91
JPM,Budget,260113002,2026,1,13,2,2026-1,83462.4,78600.145,9201.73,8139.093,0,28048.545,5258.131,3943.598,26.7,17.535,7.719,154.413,0.835,0.98,0.925,0.858133641,0.955,0.884,0.95,2.689,1058.85,4183.649,2953.943,11.83272875,10.12026953,275,0,17,3,2,29.503,20.155,8.887,166.933,42.069,28048.545,179403.368,0,92664.13,86739.238,13.35,8.768,76.984,13.35,8.768,77.429,14.751,10.078,83.226,14.751,10.078,83.707,2.498,2.868,1.332,4.323,4309.19,3040.502,1093.542,4058.107,3209.592,1024.357,0.901,1809.91
JPM,Budget,260114001,2026,1,14,1,2026-1,83462.4,78600.145,9201.73,8139.093,0,28048.545,5258.131,3943.598,26.7,17.535,7.719,154.413,0.835,0.98,0.925,0.858133641,0.955,0.884,0.95,2.689,1058.85,4183.649,2953.943,11.83272875,10.12026953,275,0,17,3,2,29.503,20.155,8.887,166.933,42.069,28048.545,179403.368,0,92664.13,86739.238,13.35,8.768,76.984,13.35,8.768,77.429,14.751,10.078,83.226,14.751,10.078,83.707,2.498,2.868,1.332,4.323,4309.19,3040.502,1093.542,4058.107,3209.592,1024.357,0.901,1809.91
JPM,Budget,260114002,2026,1,14,2,2026-1,83462.4,78600.145,9201.73,8139.093,0,28048.545,5258.131,3943.598,26.7,17.535,7.719,154.413,0.835,0.98,0.925,0.858133641,0.955,0.884,0.95,2.689,1058.85,4183.649,2953.943,11.83272875,10.12026953,275,0,17,3,2,29.503,20.155,8.887,166.933,42.069,28048.545,179403.368,0,92664.13,86739.238,13.35,8.768,76.984,13.35,8.768,77.429,14.751,10.078,83.226,14.751,10.078,83.707,2.498,2.868,1.332,4.323,4309.19,3040.502,1093.542,4058.107,3209.592,1024.357,0.901,1809.91
JPM,Budget,260115001,2026,1,15,1,2026-1,83462.4,78600.145,9201.73,8139.093,0,28048.545,5258.131,3943.598,26.7,17.535,7.719,154.413,0.835,0.98,0.925,0.858133641,0.955,0.884,0.95,2.689,1058.85,4183.649,2953.943,11.83272875,10.12026953,275,0,17,3,2,29.503,20.155,8.887,166.933,42.069,28048.545,179403.368,0,92664.13,86739.238,13.35,8.768,76.984,13.35,8.768,77.429,14.751,10.078,83.226,14.751,10.078,83.707,2.498,2.868,1.332,4.323,4309.19,3040.502,1093.542,4058.107,3209.592,1024.357,0.901,1809.91
JPM,Budget,260115002,2026,1,15,2,2026-1,83462.4,78600.145,9201.73,8139.093,0,28048.545,5258.131,3943.598,26.7,17.535,7.719,154.413,0.835,0.98,0.925,0.858133641,0.955,0.884,0.95,2.689,1058.85,4183.649,2953.943,11.83272875,10.12026953,275,0,17,3,2,29.503,20.155,8.887,166.933,42.069,28048.545,179403.368,0,92664.13,86739.238,13.35,8.768,76.984,13.35,8.768,77.429,14.751,10.078,83.226,14.751,10.078,83.707,2.498,2.868,1.332,4.323,4309.19,3040.502,1093.542,4058.107,3209.592,1024.357,0.901,1809.91
JPM,Budget,260116001,2026,1,16,1,2026-1,83462.4,78600.145,9201.73,8139.093,0,28048.545,5258.131,3943.598,26.7,17.535,7.719,154.413,0.835,0.98,0.925,0.858133641,0.955,0.884,0.95,2.689,1058.85,4183.649,2953.943,11.83272875,10.12026953,275,0,17,3,2,29.503,20.155,8.887,166.933,42.069,28048.545,179403.368,0,92664.13,86739.238,13.35,8.768,76.984,13.35,8.768,77.429,14.751,10.078,83.226,14.751,10.078,83.707,2.498,2.868,1.332,4.323,4309.19,3040.502,1093.542,4058.107,3209.592,1024.357,0.901,1809.91
JPM,Budget,260116002,2026,1,16,2,2026-1,83462.4,78600.145,9201.73,8139.093,0,28048.545,5258.131,3943.598,26.7,17.535,7.719,154.413,0.835,0.98,0.925,0.858133641,0.955,0.884,0.95,2.689,1058.85,4183.649,2953.943,11.83272875,10.12026953,275,0,17,3,2,29.503,20.155,8.887,166.933,42.069,28048.545,179403.368,0,92664.13,86739.238,13.35,8.768,76.984,13.35,8.768,77.429,14.751,10.078,83.226,14.751,10.078,83.707,2.498,2.868,1.332,4.323,4309.19,3040.502,1093.542,4058.107,3209.592,1024.357,0.901,1809.91
JPM,Budget,260117001,2026,1,17,1,2026-1,83462.4,78600.145,9201.73,8139.093,0,28048.545,5258.131,3943.598,26.7,17.535,7.719,154.413,0.835,0.98,0.925,0.858133641,0.955,0.884,0.95,2.689,1058.85,4183.649,2953.943,11.83272875,10.12026953,275,0,17,3,2,29.503,20.155,8.887,166.933,42.069,28048.545,179403.368,0,92664.13,86739.238,13.35,8.768,76.984,13.35,8.768,77.429,14.751,10.078,83.226,14.751,10.078,83.707,2.498,2.868,1.332,4.323,4309.19,3040.502,1093.542,4058.107,3209.592,1024.357,0.901,1809.91
JPM,Budget,260117002,2026,1,17,2,2026-1,83462.4,78600.145,9201.73,8139.093,0,28048.545,5258.131,3943.598,26.7,17.535,7.719,154.413,0.835,0.98,0.925,0.858133641,0.955,0.884,0.95,2.689,1058.85,4183.649,2953.943,11.83272875,10.12026953,275,0,17,3,2,29.503,20.155,8.887,166.933,42.069,28048.545,179403.368,0,92664.13,86739.238,13.35,8.768,76.984,13.35,8.768,77.429,14.751,10.078,83.226,14.751,10.078,83.707,2.498,2.868,1.332,4.323,4309.19,3040.502,1093.542,4058.107,3209.592,1024.357,0.901,1809.91
JPM,Budget,260118001,2026,1,18,1,2026-1,83462.4,78600.145,9201.73,8139.093,0,28048.545,5258.131,3943.598,26.7,17.535,7.719,154.413,0.835,0.98,0.925,0.858133641,0.955,0.884,0.95,2.689,1058.85,4183.649,2953.943,11.83272875,10.12026953,275,0,17,3,2,29.503,20.155,8.887,166.933,42.069,28048.545,179403.368,0,92664.13,86739.238,13.35,8.768,76.984,13.35,8.768,77.429,14.751,10.078,83.226,14.751,10.078,83.707,2.498,2.868,1.332,4.323,4309.19,3040.502,1093.542,4058.107,3209.592,1024.357,0.901,1809.91
JPM,Budget,260118002,2026,1,18,2,2026-1,83462.4,78600.145,9201.73,8139.093,0,28048.545,5258.131,3943.598,26.7,17.535,7.719,154.413,0.835,0.98,0.925,0.858133641,0.955,0.884,0.95,2.689,1058.85,4183.649,2953.943,11.83272875,10.12026953,275,0,17,3,2,29.503,20.155,8.887,166.933,42.069,28048.545,179403.368,0,92664.13,86739.238,13.35,8.768,76.984,13.35,8.768,77.429,14.751,10.078,83.226,14.751,10.078,83.707,2.498,2.868,1.332,4.323,4309.19,3040.502,1093.542,4058.107,3209.592,1024.357,0.901,1809.91
JPM,Budget,260119001,2026,1,19,1,2026-1,83462.4,78600.145,9201.73,8139.093,0,28048.545,5258.131,3943.598,26.7,17.535,7.719,154.413,0.835,0.98,0.925,0.858133641,0.955,0.884,0.95,2.689,1058.85,4183.649,2953.943,11.83272875,10.12026953,275,0,17,3,2,29.503,20.155,8.887,166.933,42.069,28048.545,179403.368,0,92664.13,86739.238,13.35,8.768,76.984,13.35,8.768,77.429,14.751,10.078,83.226,14.751,10.078,83.707,2.498,2.868,1.332,4.323,4309.19,3040.502,1093.542,4058.107,3209.592,1024.357,0.901,1809.91
JPM,Budget,260119002,2026,1,19,2,2026-1,83462.4,78600.145,9201.73,8139.093,0,28048.545,5258.131,3943.598,26.7,17.535,7.719,154.413,0.835,0.98,0.925,0.858133641,0.955,0.884,0.95,2.689,1058.85,4183.649,2953.943,11.83272875,10.12026953,275,0,17,3,2,29.503,20.155,8.887,166.933,42.069,28048.545,179403.368,0,92664.13,86739.238,13.35,8.768,76.984,13.35,8.768,77.429,14.751,10.078,83.226,14.751,10.078,83.707,2.498,2.868,1.332,4.323,4309.19,3040.502,1093.542,4058.107,3209.592,1024.357,0.901,1809.91
JPM,Budget,260120001,2026,1,20,1,2026-1,83462.4,78600.145,9201.73,8139.093,0,28048.545,5258.131,3943.598,26.7,17.535,7.719,154.413,0.835,0.98,0.925,0.858133641,0.955,0.884,0.95,2.689,1058.85,4183.649,2953.943,11.83272875,10.12026953,275,0,17,3,2,29.503,20.155,8.887,166.933,42.069,28048.545,179403.368,0,92664.13,86739.238,13.35,8.768,76.984,13.35,8.768,77.429,14.751,10.078,83.226,14.751,10.078,83.707,2.498,2.868,1.332,4.323,4309.19,3040.502,1093.542,4058.107,3209.592,1024.357,0.901,1809.91
JPM,Budget,260120002,2026,1,20,2,2026-1,83462.4,78600.145,9201.73,8139.093,0,28048.545,5258.131,3943.598,26.7,17.535,7.719,154.413,0.835,0.98,0.925,0.858133641,0.955,0.884,0.95,2.689,1058.85,4183.649,2953.943,11.83272875,10.12026953,275,0,17,3,2,29.503,20.155,8.887,166.933,42.069,28048.545,179403.368,0,92664.13,86739.238,13.35,8.768,76.984,13.35,8.768,77.429,14.751,10.078,83.226,14.751,10.078,83.707,2.498,2.868,1.332,4.323,4309.19,3040.502,1093.542,4058.107,3209.592,1024.357,0.901,1809.91
JPM,Budget,260121001,2026,1,21,1,2026-1,83462.4,78600.145,9201.73,8139.093,0,28048.545,5258.131,3943.598,26.7,17.535,7.719,154.413,0.835,0.98,0.925,0.858133641,0.955,0.884,0.95,2.689,1058.85,4183.649,2953.943,11.83272875,10.12026953,275,0,17,3,2,29.503,20.155,8.887,166.933,42.069,28048.545,179403.368,0,92664.13,86739.238,13.35,8.768,76.984,13.35,8.768,77.429,14.751,10.078,83.226,14.751,10.078,83.707,2.498,2.868,1.332,4.323,4309.19,3040.502,1093.542,4058.107,3209.592,1024.357,0.901,1809.91
JPM,Budget,260121002,2026,1,21,2,2026-1,83462.4,78600.145,9201.73,8139.093,0,28048.545,5258.131,3943.598,26.7,17.535,7.719,154.413,0.835,0.98,0.925,0.858133641,0.955,0.884,0.95,2.689,1058.85,4183.649,2953.943,11.83272875,10.12026953,275,0,17,3,2,29.503,20.155,8.887,166.933,42.069,28048.545,179403.368,0,92664.13,86739.238,13.35,8.768,76.984,13.35,8.768,77.429,14.751,10.078,83.226,14.751,10.078,83.707,2.498,2.868,1.332,4.323,4309.19,3040.502,1093.542,4058.107,3209.592,1024.357,0.901,1809.91
JPM,Budget,260122001,2026,1,22,1,2026-1,83462.4,78600.145,9201.73,8139.093,0,28048.545,5258.131,3943.598,26.7,17.535,7.719,154.413,0.835,0.98,0.925,0.858133641,0.955,0.884,0.95,2.689,1058.85,4183.649,2953.943,11.83272875,10.12026953,275,0,17,3,2,29.503,20.155,8.887,166.933,42.069,28048.545,179403.368,0,92664.13,86739.238,13.35,8.768,76.984,13.35,8.768,77.429,14.751,10.078,83.226,14.751,10.078,83.707,2.498,2.868,1.332,4.323,4309.19,3040.502,1093.542,4058.107,3209.592,1024.357,0.901,1809.91
JPM,Budget,260122002,2026,1,22,2,2026-1,83462.4,78600.145,9201.73,8139.093,0,28048.545,5258.131,3943.598,26.7,17.535,7.719,154.413,0.835,0.98,0.925,0.858133641,0.955,0.884,0.95,2.689,1058.85,4183.649,2953.943,11.83272875,10.12026953,275,0,17,3,2,29.503,20.155,8.887,166.933,42.069,28048.545,179403.368,0,92664.13,86739.238,13.35,8.768,76.984,13.35,8.768,77.429,14.751,10.078,83.226,14.751,10.078,83.707,2.498,2.868,1.332,4.323,4309.19,3040.502,1093.542,4058.107,3209.592,1024.357,0.901,1809.91
JPM,Budget,260123001,2026,1,23,1,2026-1,83462.4,78600.145,9201.73,8139.093,0,28048.545,5258.131,3943.598,26.7,17.535,7.719,154.413,0.835,0.98,0.925,0.858133641,0.955,0.884,0.95,2.689,1058.85,4183.649,2953.943,11.83272875,10.12026953,275,0,17,3,2,29.503,20.155,8.887,166.933,42.069,28048.545,179403.368,0,92664.13,86739.238,13.35,8.768,76.984,13.35,8.768,77.429,14.751,10.078,83.226,14.751,10.078,83.707,2.498,2.868,1.332,4.323,4309.19,3040.502,1093.542,4058.107,3209.592,1024.357,0.901,1809.91
JPM,Budget,260123002,2026,1,23,2,2026-1,83462.4,78600.145,9201.73,8139.093,0,28048.545,5258.131,3943.598,26.7,17.535,7.719,154.413,0.835,0.98,0.925,0.858133641,0.955,0.884,0.95,2.689,1058.85,4183.649,2953.943,11.83272875,10.12026953,275,0,17,3,2,29.503,20.155,8.887,166.933,42.069,28048.545,179403.368,0,92664.13,86739.238,13.35,8.768,76.984,13.35,8.768,77.429,14.751,10.078,83.226,14.751,10.078,83.707,2.498,2.868,1.332,4.323,4309.19,3040.502,1093.542,4058.107,3209.592,1024.357,0.901,1809.91
JPM,Budget,260124001,2026,1,24,1,2026-1,83462.4,78600.145,9201.73,8139.093,0,28048.545,5258.131,3943.598,26.7,17.535,7.719,154.413,0.835,0.98,0.925,0.858133641,0.955,0.884,0.95,2.689,1058.85,4183.649,2953.943,11.83272875,10.12026953,275,0,17,3,2,29.503,20.155,8.887,166.933,42.069,28048.545,179403.368,0,92664.13,86739.238,13.35,8.768,76.984,13.35,8.768,77.429,14.751,10.078,83.226,14.751,10.078,83.707,2.498,2.868,1.332,4.323,4309.19,3040.502,1093.542,4058.107,3209.592,1024.357,0.901,1809.91
JPM,Budget,260124002,2026,1,24,2,2026-1,83462.4,78600.145,9201.73,8139.093,0,28048.545,5258.131,3943.598,26.7,17.535,7.719,154.413,0.835,0.98,0.925,0.858133641,0.955,0.884,0.95,2.689,1058.85,4183.649,2953.943,11.83272875,10.12026953,275,0,17,3,2,29.503,20.155,8.887,166.933,42.069,28048.545,179403.368,0,92664.13,86739.238,13.35,8.768,76.984,13.35,8.768,77.429,14.751,10.078,83.226,14.751,10.078,83.707,2.498,2.868,1.332,4.323,4309.19,3040.502,1093.542,4058.107,3209.592,1024.357,0.901,1809.91
JPM,Budget,260125001,2026,1,25,1,2026-1,83462.4,78600.145,9201.73,8139.093,0,28048.545,5258.131,3943.598,26.7,17.535,7.719,154.413,0.835,0.98,0.925,0.858133641,0.955,0.884,0.95,2.689,1058.85,4183.649,2953.943,11.83272875,10.12026953,275,0,17,3,2,29.503,20.155,8.887,166.933,42.069,28048.545,179403.368,0,92664.13,86739.238,13.35,8.768,76.984,13.35,8.768,77.429,14.751,10.078,83.226,14.751,10.078,83.707,2.498,2.868,1.332,4.323,4309.19,3040.502,1093.542,4058.107,3209.592,1024.357,0.901,1809.91
JPM,Budget,260125002,2026,1,25,2,2026-1,83462.4,78600.145,9201.73,8139.093,0,28048.545,5258.131,3943.598,26.7,17.535,7.719,154.413,0.835,0.98,0.925,0.858133641,0.955,0.884,0.95,2.689,1058.85,4183.649,2953.943,11.83272875,10.12026953,275,0,17,3,2,29.503,20.155,8.887,166.933,42.069,28048.545,179403.368,0,92664.13,86739.238,13.35,8.768,76.984,13.35,8.768,77.429,14.751,10.078,83.226,14.751,10.078,83.707,2.498,2.868,1.332,4.323,4309.19,3040.502,1093.542,4058.107,3209.592,1024.357,0.901,1809.91
JPM,Budget,260126001,2026,1,26,1,2026-1,83462.4,78600.145,9201.73,8139.093,0,28048.545,5258.131,3943.598,26.7,17.535,7.719,154.413,0.835,0.98,0.925,0.858133641,0.955,0.884,0.95,2.689,1058.85,4183.649,2953.943,11.83272875,10.12026953,275,0,17,3,2,29.503,20.155,8.887,166.933,42.069,28048.545,179403.368,0,92664.13,86739.238,13.35,8.768,76.984,13.35,8.768,77.429,14.751,10.078,83.226,14.751,10.078,83.707,2.498,2.868,1.332,4.323,4309.19,3040.502,1093.542,4058.107,3209.592,1024.357,0.901,1809.91
JPM,Budget,260126002,2026,1,26,2,2026-1,83462.4,78600.145,9201.73,8139.093,0,28048.545,5258.131,3943.598,26.7,17.535,7.719,154.413,0.835,0.98,0.925,0.858133641,0.955,0.884,0.95,2.689,1058.85,4183.649,2953.943,11.83272875,10.12026953,275,0,17,3,2,29.503,20.155,8.887,166.933,42.069,28048.545,179403.368,0,92664.13,86739.238,13.35,8.768,76.984,13.35,8.768,77.429,14.751,10.078,83.226,14.751,10.078,83.707,2.498,2.868,1.332,4.323,4309.19,3040.502,1093.542,4058.107,3209.592,1024.357,0.901,1809.91
JPM,Budget,260127001,2026,1,27,1,2026-1,83462.4,78600.145,9201.73,8139.093,0,28048.545,5258.131,3943.598,26.7,17.535,7.719,154.413,0.835,0.98,0.925,0.858133641,0.955,0.884,0.95,2.689,1058.85,4183.649,2953.943,11.83272875,10.12026953,275,0,17,3,2,29.503,20.155,8.887,166.933,42.069,28048.545,179403.368,0,92664.13,86739.238,13.35,8.768,76.984,13.35,8.768,77.429,14.751,10.078,83.226,14.751,10.078,83.707,2.498,2.868,1.332,4.323,4309.19,3040.502,1093.542,4058.107,3209.592,1024.357,0.901,1809.91
JPM,Budget,260127002,2026,1,27,2,2026-1,83462.4,78600.145,9201.73,8139.093,0,28048.545,5258.131,3943.598,26.7,17.535,7.719,154.413,0.835,0.98,0.925,0.858133641,0.955,0.884,0.95,2.689,1058.85,4183.649,2953.943,11.83272875,10.12026953,275,0,17,3,2,29.503,20.155,8.887,166.933,42.069,28048.545,179403.368,0,92664.13,86739.238,13.35,8.768,76.984,13.35,8.768,77.429,14.751,10.078,83.226,14.751,10.078,83.707,2.498,2.868,1.332,4.323,4309.19,3040.502,1093.542,4058.107,3209.592,1024.357,0.901,1809.91
JPM,Budget,260128001,2026,1,28,1,2026-1,83462.4,78600.145,9201.73,8139.093,0,28048.545,5258.131,3943.598,26.7,17.535,7.719,154.413,0.835,0.98,0.925,0.858133641,0.955,0.884,0.95,2.689,1058.85,4183.649,2953.943,11.83272875,10.12026953,275,0,17,3,2,29.503,20.155,8.887,166.933,42.069,28048.545,179403.368,0,92664.13,86739.238,13.35,8.768,76.984,13.35,8.768,77.429,14.751,10.078,83.226,14.751,10.078,83.707,2.498,2.868,1.332,4.323,4309.19,3040.502,1093.542,4058.107,3209.592,1024.357,0.901,1809.91
JPM,Budget,260128002,2026,1,28,2,2026-1,83462.4,78600.145,9201.73,8139.093,0,28048.545,5258.131,3943.598,26.7,17.535,7.719,154.413,0.835,0.98,0.925,0.858133641,0.955,0.884,0.95,2.689,1058.85,4183.649,2953.943,11.83272875,10.12026953,275,0,17,3,2,29.503,20.155,8.887,166.933,42.069,28048.545,179403.368,0,92664.13,86739.238,13.35,8.768,76.984,13.35,8.768,77.429,14.751,10.078,83.226,14.751,10.078,83.707,2.498,2.868,1.332,4.323,4309.19,3040.502,1093.542,4058.107,3209.592,1024.357,0.901,1809.91
JPM,Budget,260129001,2026,1,29,1,2026-1,83462.4,78600.145,9201.73,8139.093,0,28048.545,5258.131,3943.598,26.7,17.535,7.719,154.413,0.835,0.98,0.925,0.858133641,0.955,0.884,0.95,2.689,1058.85,4183.649,2953.943,11.83272875,10.12026953,275,0,17,3,2,29.503,20.155,8.887,166.933,42.069,28048.545,179403.368,0,92664.13,86739.238,13.35,8.768,76.984,13.35,8.768,77.429,14.751,10.078,83.226,14.751,10.078,83.707,2.498,2.868,1.332,4.323,4309.19,3040.502,1093.542,4058.107,3209.592,1024.357,0.901,1809.91
JPM,Budget,260129002,2026,1,29,2,2026-1,83462.4,78600.145,9201.73,8139.093,0,28048.545,5258.131,3943.598,26.7,17.535,7.719,154.413,0.835,0.98,0.925,0.858133641,0.955,0.884,0.95,2.689,1058.85,4183.649,2953.943,11.83272875,10.12026953,275,0,17,3,2,29.503,20.155,8.887,166.933,42.069,28048.545,179403.368,0,92664.13,86739.238,13.35,8.768,76.984,13.35,8.768,77.429,14.751,10.078,83.226,14.751,10.078,83.707,2.498,2.868,1.332,4.323,4309.19,3040.502,1093.542,4058.107,3209.592,1024.357,0.901,1809.91
JPM,Budget,260130001,2026,1,30,1,2026-1,83462.4,78600.145,9201.73,8139.093,0,28048.545,5258.131,3943.598,26.7,17.535,7.719,154.413,0.835,0.98,0.925,0.858133641,0.955,0.884,0.95,2.689,1058.85,4183.649,2953.943,11.83272875,10.12026953,275,0,17,3,2,29.503,20.155,8.887,166.933,42.069,28048.545,179403.368,0,92664.13,86739.238,13.35,8.768,76.984,13.35,8.768,77.429,14.751,10.078,83.226,14.751,10.078,83.707,2.498,2.868,1.332,4.323,4309.19,3040.502,1093.542,4058.107,3209.592,1024.357,0.901,1809.91
JPM,Budget,260130002,2026,1,30,2,2026-1,83462.4,78600.145,9201.73,8139.093,0,28048.545,5258.131,3943.598,26.7,17.535,7.719,154.413,0.835,0.98,0.925,0.858133641,0.955,0.884,0.95,2.689,1058.85,4183.649,2953.943,11.83272875,10.12026953,275,0,17,3,2,29.503,20.155,8.887,166.933,42.069,28048.545,179403.368,0,92664.13,86739.238,13.35,8.768,76.984,13.35,8.768,77.429,14.751,10.078,83.226,14.751,10.078,83.707,2.498,2.868,1.332,4.323,4309.19,3040.502,1093.542,4058.107,3209.592,1024.357,0.901,1809.91
JPM,Budget,260131001,2026,1,31,1,2026-1,83462.4,78600.145,9201.73,8139.093,0,28048.545,5258.131,3943.598,26.7,17.535,7.719,154.413,0.835,0.98,0.925,0.858133641,0.955,0.884,0.95,2.689,1058.85,4183.649,2953.943,11.83272875,10.12026953,275,0,17,3,2,29.503,20.155,8.887,166.933,42.069,28048.545,179403.368,0,92664.13,86739.238,13.35,8.768,76.984,13.35,8.768,77.429,14.751,10.078,83.226,14.751,10.078,83.707,2.498,2.868,1.332,4.323,4309.19,3040.502,1093.542,4058.107,3209.592,1024.357,0.901,1809.91
JPM,Budget,260131002,2026,1,31,2,2026-1,83462.4,78600.145,9201.73,8139.093,0,28048.545,5258.131,3943.598,26.7,17.535,7.719,154.413,0.835,0.98,0.925,0.858133641,0.955,0.884,0.95,2.689,1058.85,4183.649,2953.943,11.83272875,10.12026953,275,0,17,3,2,29.503,20.155,8.887,166.933,42.069,28048.545,179403.368,0,92664.13,86739.238,13.35,8.768,76.984,13.35,8.768,77.429,14.751,10.078,83.226,14.751,10.078,83.707,2.498,2.868,1.332,4.323,4309.19,3040.502,1093.542,4058.107,3209.592,1024.357,0.901,1809.91
JPM,Budget,260201001,2026,2,1,1,2026-2,107805.6,51496.254,11885.567,6611.506,0,21164.897,8854.026,5312.415,27.847,17.535,7.719,154.413,0.835,0.98,0.925,0.895,0.955,0.884,0.95,2.617,1038.935,4082.302,2665.842,12.40097005,9.330997097,268.8950284,0,17,3,2,30.77,20.155,8.916,166.933,45.76,21164.897,177798.927,0,119691.167,58107.76,18.565,10.521,105.75,9.282,7.014,48.663,20.513,12.093,114.324,10.257,8.062,52.609,2.738,2.401,1.771,5.466,4152.348,3022.807,1029.691,3942.212,2518.494,1059.023,0.901,2712.576
JPM,Budget,260201002,2026,2,1,2,2026-2,107805.6,51496.254,11885.567,6611.506,0,21164.897,8854.026,5312.415,27.847,17.535,7.719,154.413,0.835,0.98,0.925,0.895,0.955,0.884,0.95,2.617,1038.935,4082.302,2665.842,12.40097005,9.330997097,268.8950284,0,17,3,2,30.77,20.155,8.916,166.933,45.76,21164.897,177798.927,0,119691.167,58107.76,18.565,10.521,105.75,9.282,7.014,48.663,20.513,12.093,114.324,10.257,8.062,52.609,2.738,2.401,1.771,5.466,4152.348,3022.807,1029.691,3942.212,2518.494,1059.023,0.901,2712.576
JPM,Budget,260202001,2026,2,2,1,2026-2,107805.6,51496.254,11885.567,6611.506,0,21164.897,8854.026,5312.415,27.847,17.535,7.719,154.413,0.835,0.98,0.925,0.895,0.955,0.884,0.95,2.617,1038.935,4082.302,2665.842,12.40097005,9.330997097,268.8950284,0,17,3,2,30.77,20.155,8.916,166.933,45.76,21164.897,177798.927,0,119691.167,58107.76,18.565,10.521,105.75,9.282,7.014,48.663,20.513,12.093,114.324,10.257,8.062,52.609,2.738,2.401,1.771,5.466,4152.348,3022.807,1029.691,3942.212,2518.494,1059.023,0.901,2712.576
JPM,Budget,260202002,2026,2,2,2,2026-2,107805.6,51496.254,11885.567,6611.506,0,21164.897,8854.026,5312.415,27.847,17.535,7.719,154.413,0.835,0.98,0.925,0.895,0.955,0.884,0.95,2.617,1038.935,4082.302,2665.842,12.40097005,9.330997097,268.8950284,0,17,3,2,30.77,20.155,8.916,166.933,45.76,21164.897,177798.927,0,119691.167,58107.76,18.565,10.521,105.75,9.282,7.014,48.663,20.513,12.093,114.324,10.257,8.062,52.609,2.738,2.401,1.771,5.466,4152.348,3022.807,1029.691,3942.212,2518.494,1059.023,0.901,2712.576
JPM,Budget,260203001,2026,2,3,1,2026-2,107805.6,51496.254,11885.567,6611.506,0,21164.897,8854.026,5312.415,27.847,17.535,7.719,154.413,0.835,0.98,0.925,0.895,0.955,0.884,0.95,2.617,1038.935,4082.302,2665.842,12.40097005,9.330997097,268.8950284,0,17,3,2,30.77,20.155,8.916,166.933,45.76,21164.897,177798.927,0,119691.167,58107.76,18.565,10.521,105.75,9.282,7.014,48.663,20.513,12.093,114.324,10.257,8.062,52.609,2.738,2.401,1.771,5.466,4152.348,3022.807,1029.691,3942.212,2518.494,1059.023,0.901,2712.576
JPM,Budget,260203002,2026,2,3,2,2026-2,107805.6,51496.254,11885.567,6611.506,0,21164.897,8854.026,5312.415,27.847,17.535,7.719,154.413,0.835,0.98,0.925,0.895,0.955,0.884,0.95,2.617,1038.935,4082.302,2665.842,12.40097005,9.330997097,268.8950284,0,17,3,2,30.77,20.155,8.916,166.933,45.76,21164.897,177798.927,0,119691.167,58107.76,18.565,10.521,105.75,9.282,7.014,48.663,20.513,12.093,114.324,10.257,8.062,52.609,2.738,2.401,1.771,5.466,4152.348,3022.807,1029.691,3942.212,2518.494,1059.023,0.901,2712.576
JPM,Budget,260204001,2026,2,4,1,2026-2,107805.6,51496.254,11885.567,6611.506,0,21164.897,8854.026,5312.415,27.847,17.535,7.719,154.413,0.835,0.98,0.925,0.895,0.955,0.884,0.95,2.617,1038.935,4082.302,2665.842,12.40097005,9.330997097,268.8950284,0,17,3,2,30.77,20.155,8.916,166.933,45.76,21164.897,177798.927,0,119691.167,58107.76,18.565,10.521,105.75,9.282,7.014,48.663,20.513,12.093,114.324,10.257,8.062,52.609,2.738,2.401,1.771,5.466,4152.348,3022.807,1029.691,3942.212,2518.494,1059.023,0.901,2712.576
JPM,Budget,260204002,2026,2,4,2,2026-2,107805.6,51496.254,11885.567,6611.506,0,21164.897,8854.026,5312.415,27.847,17.535,7.719,154.413,0.835,0.98,0.925,0.895,0.955,0.884,0.95,2.617,1038.935,4082.302,2665.842,12.40097005,9.330997097,268.8950284,0,17,3,2,30.77,20.155,8.916,166.933,45.76,21164.897,177798.927,0,119691.167,58107.76,18.565,10.521,105.75,9.282,7.014,48.663,20.513,12.093,114.324,10.257,8.062,52.609,2.738,2.401,1.771,5.466,4152.348,3022.807,1029.691,3942.212,2518.494,1059.023,0.901,2712.576
JPM,Budget,260205001,2026,2,5,1,2026-2,107805.6,51496.254,11885.567,6611.506,0,21164.897,8854.026,5312.415,27.847,17.535,7.719,154.413,0.835,0.98,0.925,0.895,0.955,0.884,0.95,2.617,1038.935,4082.302,2665.842,12.40097005,9.330997097,268.8950284,0,17,3,2,30.77,20.155,8.916,166.933,45.76,21164.897,177798.927,0,119691.167,58107.76,18.565,10.521,105.75,9.282,7.014,48.663,20.513,12.093,114.324,10.257,8.062,52.609,2.738,2.401,1.771,5.466,4152.348,3022.807,1029.691,3942.212,2518.494,1059.023,0.901,2712.576
JPM,Budget,260205002,2026,2,5,2,2026-2,107805.6,51496.254,11885.567,6611.506,0,21164.897,8854.026,5312.415,27.847,17.535,7.719,154.413,0.835,0.98,0.925,0.895,0.955,0.884,0.95,2.617,1038.935,4082.302,2665.842,12.40097005,9.330997097,268.8950284,0,17,3,2,30.77,20.155,8.916,166.933,45.76,21164.897,177798.927,0,119691.167,58107.76,18.565,10.521,105.75,9.282,7.014,48.663,20.513,12.093,114.324,10.257,8.062,52.609,2.738,2.401,1.771,5.466,4152.348,3022.807,1029.691,3942.212,2518.494,1059.023,0.901,2712.576
JPM,Budget,260206001,2026,2,6,1,2026-2,107805.6,51496.254,11885.567,6611.506,0,21164.897,8854.026,5312.415,27.847,17.535,7.719,154.413,0.835,0.98,0.925,0.895,0.955,0.884,0.95,2.617,1038.935,4082.302,2665.842,12.40097005,9.330997097,268.8950284,0,17,3,2,30.77,20.155,8.916,166.933,45.76,21164.897,177798.927,0,119691.167,58107.76,18.565,10.521,105.75,9.282,7.014,48.663,20.513,12.093,114.324,10.257,8.062,52.609,2.738,2.401,1.771,5.466,4152.348,3022.807,1029.691,3942.212,2518.494,1059.023,0.901,2712.576
JPM,Budget,260206002,2026,2,6,2,2026-2,107805.6,51496.254,11885.567,6611.506,0,21164.897,8854.026,5312.415,27.847,17.535,7.719,154.413,0.835,0.98,0.925,0.895,0.955,0.884,0.95,2.617,1038.935,4082.302,2665.842,12.40097005,9.330997097,268.8950284,0,17,3,2,30.77,20.155,8.916,166.933,45.76,21164.897,177798.927,0,119691.167,58107.76,18.565,10.521,105.75,9.282,7.014,48.663,20.513,12.093,114.324,10.257,8.062,52.609,2.738,2.401,1.771,5.466,4152.348,3022.807,1029.691,3942.212,2518.494,1059.023,0.901,2712.576
JPM,Budget,260207001,2026,2,7,1,2026-2,107805.6,51496.254,11885.567,6611.506,0,21164.897,8854.026,5312.415,27.847,17.535,7.719,154.413,0.835,0.98,0.925,0.895,0.955,0.884,0.95,2.617,1038.935,4082.302,2665.842,12.40097005,9.330997097,268.8950284,0,17,3,2,30.77,20.155,8.916,166.933,45.76,21164.897,177798.927,0,119691.167,58107.76,18.565,10.521,105.75,9.282,7.014,48.663,20.513,12.093,114.324,10.257,8.062,52.609,2.738,2.401,1.771,5.466,4152.348,3022.807,1029.691,3942.212,2518.494,1059.023,0.901,2712.576
JPM,Budget,260207002,2026,2,7,2,2026-2,107805.6,51496.254,11885.567,6611.506,0,21164.897,8854.026,5312.415,27.847,17.535,7.719,154.413,0.835,0.98,0.925,0.895,0.955,0.884,0.95,2.617,1038.935,4082.302,2665.842,12.40097005,9.330997097,268.8950284,0,17,3,2,30.77,20.155,8.916,166.933,45.76,21164.897,177798.927,0,119691.167,58107.76,18.565,10.521,105.75,9.282,7.014,48.663,20.513,12.093,114.324,10.257,8.062,52.609,2.738,2.401,1.771,5.466,4152.348,3022.807,1029.691,3942.212,2518.494,1059.023,0.901,2712.576
JPM,Budget,260208001,2026,2,8,1,2026-2,107805.6,51496.254,11885.567,6611.506,0,21164.897,8854.026,5312.415,27.847,17.535,7.719,154.413,0.835,0.98,0.925,0.895,0.955,0.884,0.95,2.617,1038.935,4082.302,2665.842,12.40097005,9.330997097,268.8950284,0,17,3,2,30.77,20.155,8.916,166.933,45.76,21164.897,177798.927,0,119691.167,58107.76,18.565,10.521,105.75,9.282,7.014,48.663,20.513,12.093,114.324,10.257,8.062,52.609,2.738,2.401,1.771,5.466,4152.348,3022.807,1029.691,3942.212,2518.494,1059.023,0.901,2712.576
JPM,Budget,260208002,2026,2,8,2,2026-2,107805.6,51496.254,11885.567,6611.506,0,21164.897,8854.026,5312.415,27.847,17.535,7.719,154.413,0.835,0.98,0.925,0.895,0.955,0.884,0.95,2.617,1038.935,4082.302,2665.842,12.40097005,9.330997097,268.8950284,0,17,3,2,30.77,20.155,8.916,166.933,45.76,21164.897,177798.927,0,119691.167,58107.76,18.565,10.521,105.75,9.282,7.014,48.663,20.513,12.093,114.324,10.257,8.062,52.609,2.738,2.401,1.771,5.466,4152.348,3022.807,1029.691,3942.212,2518.494,1059.023,0.901,2712.576
JPM,Budget,260209001,2026,2,9,1,2026-2,107805.6,51496.254,11885.567,6611.506,0,21164.897,8854.026,5312.415,27.847,17.535,7.719,154.413,0.835,0.98,0.925,0.895,0.955,0.884,0.95,2.617,1038.935,4082.302,2665.842,12.40097005,9.330997097,268.8950284,0,17,3,2,30.77,20.155,8.916,166.933,45.76,21164.897,177798.927,0,119691.167,58107.76,18.565,10.521,105.75,9.282,7.014,48.663,20.513,12.093,114.324,10.257,8.062,52.609,2.738,2.401,1.771,5.466,4152.348,3022.807,1029.691,3942.212,2518.494,1059.023,0.901,2712.576
JPM,Budget,260209002,2026,2,9,2,2026-2,107805.6,51496.254,11885.567,6611.506,0,21164.897,8854.026,5312.415,27.847,17.535,7.719,154.413,0.835,0.98,0.925,0.895,0.955,0.884,0.95,2.617,1038.935,4082.302,2665.842,12.40097005,9.330997097,268.8950284,0,17,3,2,30.77,20.155,8.916,166.933,45.76,21164.897,177798.927,0,119691.167,58107.76,18.565,10.521,105.75,9.282,7.014,48.663,20.513,12.093,114.324,10.257,8.062,52.609,2.738,2.401,1.771,5.466,4152.348,3022.807,1029.691,3942.212,2518.494,1059.023,0.901,2712.576
JPM,Budget,260210001,2026,2,10,1,2026-2,107805.6,51496.254,11885.567,6611.506,0,21164.897,8854.026,5312.415,27.847,17.535,7.719,154.413,0.835,0.98,0.925,0.895,0.955,0.884,0.95,2.617,1038.935,4082.302,2665.842,12.40097005,9.330997097,268.8950284,0,17,3,2,30.77,20.155,8.916,166.933,45.76,21164.897,177798.927,0,119691.167,58107.76,18.565,10.521,105.75,9.282,7.014,48.663,20.513,12.093,114.324,10.257,8.062,52.609,2.738,2.401,1.771,5.466,4152.348,3022.807,1029.691,3942.212,2518.494,1059.023,0.901,2712.576
JPM,Budget,260210002,2026,2,10,2,2026-2,107805.6,51496.254,11885.567,6611.506,0,21164.897,8854.026,5312.415,27.847,17.535,7.719,154.413,0.835,0.98,0.925,0.895,0.955,0.884,0.95,2.617,1038.935,4082.302,2665.842,12.40097005,9.330997097,268.8950284,0,17,3,2,30.77,20.155,8.916,166.933,45.76,21164.897,177798.927,0,119691.167,58107.76,18.565,10.521,105.75,9.282,7.014,48.663,20.513,12.093,114.324,10.257,8.062,52.609,2.738,2.401,1.771,5.466,4152.348,3022.807,1029.691,3942.212,2518.494,1059.023,0.901,2712.576
JPM,Budget,260211001,2026,2,11,1,2026-2,107805.6,51496.254,11885.567,6611.506,0,21164.897,8854.026,5312.415,27.847,17.535,7.719,154.413,0.835,0.98,0.925,0.895,0.955,0.884,0.95,2.617,1038.935,4082.302,2665.842,12.40097005,9.330997097,268.8950284,0,17,3,2,30.77,20.155,8.916,166.933,45.76,21164.897,177798.927,0,119691.167,58107.76,18.565,10.521,105.75,9.282,7.014,48.663,20.513,12.093,114.324,10.257,8.062,52.609,2.738,2.401,1.771,5.466,4152.348,3022.807,1029.691,3942.212,2518.494,1059.023,0.901,2712.576
JPM,Budget,260211002,2026,2,11,2,2026-2,107805.6,51496.254,11885.567,6611.506,0,21164.897,8854.026,5312.415,27.847,17.535,7.719,154.413,0.835,0.98,0.925,0.895,0.955,0.884,0.95,2.617,1038.935,4082.302,2665.842,12.40097005,9.330997097,268.8950284,0,17,3,2,30.77,20.155,8.916,166.933,45.76,21164.897,177798.927,0,119691.167,58107.76,18.565,10.521,105.75,9.282,7.014,48.663,20.513,12.093,114.324,10.257,8.062,52.609,2.738,2.401,1.771,5.466,4152.348,3022.807,1029.691,3942.212,2518.494,1059.023,0.901,2712.576
JPM,Budget,260212001,2026,2,12,1,2026-2,107805.6,51496.254,11885.567,6611.506,0,21164.897,8854.026,5312.415,27.847,17.535,7.719,154.413,0.835,0.98,0.925,0.895,0.955,0.884,0.95,2.617,1038.935,4082.302,2665.842,12.40097005,9.330997097,268.8950284,0,17,3,2,30.77,20.155,8.916,166.933,45.76,21164.897,177798.927,0,119691.167,58107.76,18.565,10.521,105.75,9.282,7.014,48.663,20.513,12.093,114.324,10.257,8.062,52.609,2.738,2.401,1.771,5.466,4152.348,3022.807,1029.691,3942.212,2518.494,1059.023,0.901,2712.576
JPM,Budget,260212002,2026,2,12,2,2026-2,107805.6,51496.254,11885.567,6611.506,0,21164.897,8854.026,5312.415,27.847,17.535,7.719,154.413,0.835,0.98,0.925,0.895,0.955,0.884,0.95,2.617,1038.935,4082.302,2665.842,12.40097005,9.330997097,268.8950284,0,17,3,2,30.77,20.155,8.916,166.933,45.76,21164.897,177798.927,0,119691.167,58107.76,18.565,10.521,105.75,9.282,7.014,48.663,20.513,12.093,114.324,10.257,8.062,52.609,2.738,2.401,1.771,5.466,4152.348,3022.807,1029.691,3942.212,2518.494,1059.023,0.901,2712.576
JPM,Budget,260213001,2026,2,13,1,2026-2,107805.6,51496.254,11885.567,6611.506,0,21164.897,8854.026,5312.415,27.847,17.535,7.719,154.413,0.835,0.98,0.925,0.895,0.955,0.884,0.95,2.617,1038.935,4082.302,2665.842,12.40097005,9.330997097,268.8950284,0,17,3,2,30.77,20.155,8.916,166.933,45.76,21164.897,177798.927,0,119691.167,58107.76,18.565,10.521,105.75,9.282,7.014,48.663,20.513,12.093,114.324,10.257,8.062,52.609,2.738,2.401,1.771,5.466,4152.348,3022.807,1029.691,3942.212,2518.494,1059.023,0.901,2712.576
JPM,Budget,260213002,2026,2,13,2,2026-2,107805.6,51496.254,11885.567,6611.506,0,21164.897,8854.026,5312.415,27.847,17.535,7.719,154.413,0.835,0.98,0.925,0.895,0.955,0.884,0.95,2.617,1038.935,4082.302,2665.842,12.40097005,9.330997097,268.8950284,0,17,3,2,30.77,20.155,8.916,166.933,45.76,21164.897,177798.927,0,119691.167,58107.76,18.565,10.521,105.75,9.282,7.014,48.663,20.513,12.093,114.324,10.257,8.062,52.609,2.738,2.401,1.771,5.466,4152.348,3022.807,1029.691,3942.212,2518.494,1059.023,0.901,2712.576
JPM,Budget,260214001,2026,2,14,1,2026-2,107805.6,51496.254,11885.567,6611.506,0,21164.897,8854.026,5312.415,27.847,17.535,7.719,154.413,0.835,0.98,0.925,0.895,0.955,0.884,0.95,2.617,1038.935,4082.302,2665.842,12.40097005,9.330997097,268.8950284,0,17,3,2,30.77,20.155,8.916,166.933,45.76,21164.897,177798.927,0,119691.167,58107.76,18.565,10.521,105.75,9.282,7.014,48.663,20.513,12.093,114.324,10.257,8.062,52.609,2.738,2.401,1.771,5.466,4152.348,3022.807,1029.691,3942.212,2518.494,1059.023,0.901,2712.576
JPM,Budget,260214002,2026,2,14,2,2026-2,107805.6,51496.254,11885.567,6611.506,0,21164.897,8854.026,5312.415,27.847,17.535,7.719,154.413,0.835,0.98,0.925,0.895,0.955,0.884,0.95,2.617,1038.935,4082.302,2665.842,12.40097005,9.330997097,268.8950284,0,17,3,2,30.77,20.155,8.916,166.933,45.76,21164.897,177798.927,0,119691.167,58107.76,18.565,10.521,105.75,9.282,7.014,48.663,20.513,12.093,114.324,10.257,8.062,52.609,2.738,2.401,1.771,5.466,4152.348,3022.807,1029.691,3942.212,2518.494,1059.023,0.901,2712.576
JPM,Budget,260215001,2026,2,15,1,2026-2,107805.6,51496.254,11885.567,6611.506,0,21164.897,8854.026,5312.415,27.847,17.535,7.719,154.413,0.835,0.98,0.925,0.895,0.955,0.884,0.95,2.617,1038.935,4082.302,2665.842,12.40097005,9.330997097,268.8950284,0,17,3,2,30.77,20.155,8.916,166.933,45.76,21164.897,177798.927,0,119691.167,58107.76,18.565,10.521,105.75,9.282,7.014,48.663,20.513,12.093,114.324,10.257,8.062,52.609,2.738,2.401,1.771,5.466,4152.348,3022.807,1029.691,3942.212,2518.494,1059.023,0.901,2712.576
JPM,Budget,260215002,2026,2,15,2,2026-2,107805.6,51496.254,11885.567,6611.506,0,21164.897,8854.026,5312.415,27.847,17.535,7.719,154.413,0.835,0.98,0.925,0.895,0.955,0.884,0.95,2.617,1038.935,4082.302,2665.842,12.40097005,9.330997097,268.8950284,0,17,3,2,30.77,20.155,8.916,166.933,45.76,21164.897,177798.927,0,119691.167,58107.76,18.565,10.521,105.75,9.282,7.014,48.663,20.513,12.093,114.324,10.257,8.062,52.609,2.738,2.401,1.771,5.466,4152.348,3022.807,1029.691,3942.212,2518.494,1059.023,0.901,2712.576
JPM,Budget,260216001,2026,2,16,1,2026-2,107805.6,51496.254,11885.567,6611.506,0,21164.897,8854.026,5312.415,27.847,17.535,7.719,154.413,0.835,0.98,0.925,0.895,0.955,0.884,0.95,2.617,1038.935,4082.302,2665.842,12.40097005,9.330997097,268.8950284,0,17,3,2,30.77,20.155,8.916,166.933,45.76,21164.897,177798.927,0,119691.167,58107.76,18.565,10.521,105.75,9.282,7.014,48.663,20.513,12.093,114.324,10.257,8.062,52.609,2.738,2.401,1.771,5.466,4152.348,3022.807,1029.691,3942.212,2518.494,1059.023,0.901,2712.576
JPM,Budget,260216002,2026,2,16,2,2026-2,107805.6,51496.254,11885.567,6611.506,0,21164.897,8854.026,5312.415,27.847,17.535,7.719,154.413,0.835,0.98,0.925,0.895,0.955,0.884,0.95,2.617,1038.935,4082.302,2665.842,12.40097005,9.330997097,268.8950284,0,17,3,2,30.77,20.155,8.916,166.933,45.76,21164.897,177798.927,0,119691.167,58107.76,18.565,10.521,105.75,9.282,7.014,48.663,20.513,12.093,114.324,10.257,8.062,52.609,2.738,2.401,1.771,5.466,4152.348,3022.807,1029.691,3942.212,2518.494,1059.023,0.901,2712.576
JPM,Budget,260217001,2026,2,17,1,2026-2,107805.6,51496.254,11885.567,6611.506,0,21164.897,8854.026,5312.415,27.847,17.535,7.719,154.413,0.835,0.98,0.925,0.895,0.955,0.884,0.95,2.617,1038.935,4082.302,2665.842,12.40097005,9.330997097,268.8950284,0,17,3,2,30.77,20.155,8.916,166.933,45.76,21164.897,177798.927,0,119691.167,58107.76,18.565,10.521,105.75,9.282,7.014,48.663,20.513,12.093,114.324,10.257,8.062,52.609,2.738,2.401,1.771,5.466,4152.348,3022.807,1029.691,3942.212,2518.494,1059.023,0.901,2712.576
JPM,Budget,260217002,2026,2,17,2,2026-2,107805.6,51496.254,11885.567,6611.506,0,21164.897,8854.026,5312.415,27.847,17.535,7.719,154.413,0.835,0.98,0.925,0.895,0.955,0.884,0.95,2.617,1038.935,4082.302,2665.842,12.40097005,9.330997097,268.8950284,0,17,3,2,30.77,20.155,8.916,166.933,45.76,21164.897,177798.927,0,119691.167,58107.76,18.565,10.521,105.75,9.282,7.014,48.663,20.513,12.093,114.324,10.257,8.062,52.609,2.738,2.401,1.771,5.466,4152.348,3022.807,1029.691,3942.212,2518.494,1059.023,0.901,2712.576
JPM,Budget,260218001,2026,2,18,1,2026-2,107805.6,51496.254,11885.567,6611.506,0,21164.897,8854.026,5312.415,27.847,17.535,7.719,154.413,0.835,0.98,0.925,0.895,0.955,0.884,0.95,2.617,1038.935,4082.302,2665.842,12.40097005,9.330997097,268.8950284,0,17,3,2,30.77,20.155,8.916,166.933,45.76,21164.897,177798.927,0,119691.167,58107.76,18.565,10.521,105.75,9.282,7.014,48.663,20.513,12.093,114.324,10.257,8.062,52.609,2.738,2.401,1.771,5.466,4152.348,3022.807,1029.691,3942.212,2518.494,1059.023,0.901,2712.576
JPM,Budget,260218002,2026,2,18,2,2026-2,107805.6,51496.254,11885.567,6611.506,0,21164.897,8854.026,5312.415,27.847,17.535,7.719,154.413,0.835,0.98,0.925,0.895,0.955,0.884,0.95,2.617,1038.935,4082.302,2665.842,12.40097005,9.330997097,268.8950284,0,17,3,2,30.77,20.155,8.916,166.933,45.76,21164.897,177798.927,0,119691.167,58107.76,18.565,10.521,105.75,9.282,7.014,48.663,20.513,12.093,114.324,10.257,8.062,52.609,2.738,2.401,1.771,5.466,4152.348,3022.807,1029.691,3942.212,2518.494,1059.023,0.901,2712.576
JPM,Budget,260219001,2026,2,19,1,2026-2,107805.6,51496.254,11885.567,6611.506,0,21164.897,8854.026,5312.415,27.847,17.535,7.719,154.413,0.835,0.98,0.925,0.895,0.955,0.884,0.95,2.617,1038.935,4082.302,2665.842,12.40097005,9.330997097,268.8950284,0,17,3,2,30.77,20.155,8.916,166.933,45.76,21164.897,177798.927,0,119691.167,58107.76,18.565,10.521,105.75,9.282,7.014,48.663,20.513,12.093,114.324,10.257,8.062,52.609,2.738,2.401,1.771,5.466,4152.348,3022.807,1029.691,3942.212,2518.494,1059.023,0.901,2712.576
JPM,Budget,260219002,2026,2,19,2,2026-2,107805.6,51496.254,11885.567,6611.506,0,21164.897,8854.026,5312.415,27.847,17.535,7.719,154.413,0.835,0.98,0.925,0.895,0.955,0.884,0.95,2.617,1038.935,4082.302,2665.842,12.40097005,9.330997097,268.8950284,0,17,3,2,30.77,20.155,8.916,166.933,45.76,21164.897,177798.927,0,119691.167,58107.76,18.565,10.521,105.75,9.282,7.014,48.663,20.513,12.093,114.324,10.257,8.062,52.609,2.738,2.401,1.771,5.466,4152.348,3022.807,1029.691,3942.212,2518.494,1059.023,0.901,2712.576
JPM,Budget,260220001,2026,2,20,1,2026-2,107805.6,51496.254,11885.567,6611.506,0,21164.897,8854.026,5312.415,27.847,17.535,7.719,154.413,0.835,0.98,0.925,0.895,0.955,0.884,0.95,2.617,1038.935,4082.302,2665.842,12.40097005,9.330997097,268.8950284,0,17,3,2,30.77,20.155,8.916,166.933,45.76,21164.897,177798.927,0,119691.167,58107.76,18.565,10.521,105.75,9.282,7.014,48.663,20.513,12.093,114.324,10.257,8.062,52.609,2.738,2.401,1.771,5.466,4152.348,3022.807,1029.691,3942.212,2518.494,1059.023,0.901,2712.576
JPM,Budget,260220002,2026,2,20,2,2026-2,107805.6,51496.254,11885.567,6611.506,0,21164.897,8854.026,5312.415,27.847,17.535,7.719,154.413,0.835,0.98,0.925,0.895,0.955,0.884,0.95,2.617,1038.935,4082.302,2665.842,12.40097005,9.330997097,268.8950284,0,17,3,2,30.77,20.155,8.916,166.933,45.76,21164.897,177798.927,0,119691.167,58107.76,18.565,10.521,105.75,9.282,7.014,48.663,20.513,12.093,114.324,10.257,8.062,52.609,2.738,2.401,1.771,5.466,4152.348,3022.807,1029.691,3942.212,2518.494,1059.023,0.901,2712.576
JPM,Budget,260221001,2026,2,21,1,2026-2,107805.6,51496.254,11885.567,6611.506,0,21164.897,8854.026,5312.415,27.847,17.535,7.719,154.413,0.835,0.98,0.925,0.895,0.955,0.884,0.95,2.617,1038.935,4082.302,2665.842,12.40097005,9.330997097,268.8950284,0,17,3,2,30.77,20.155,8.916,166.933,45.76,21164.897,177798.927,0,119691.167,58107.76,18.565,10.521,105.75,9.282,7.014,48.663,20.513,12.093,114.324,10.257,8.062,52.609,2.738,2.401,1.771,5.466,4152.348,3022.807,1029.691,3942.212,2518.494,1059.023,0.901,2712.576
JPM,Budget,260221002,2026,2,21,2,2026-2,107805.6,51496.254,11885.567,6611.506,0,21164.897,8854.026,5312.415,27.847,17.535,7.719,154.413,0.835,0.98,0.925,0.895,0.955,0.884,0.95,2.617,1038.935,4082.302,2665.842,12.40097005,9.330997097,268.8950284,0,17,3,2,30.77,20.155,8.916,166.933,45.76,21164.897,177798.927,0,119691.167,58107.76,18.565,10.521,105.75,9.282,7.014,48.663,20.513,12.093,114.324,10.257,8.062,52.609,2.738,2.401,1.771,5.466,4152.348,3022.807,1029.691,3942.212,2518.494,1059.023,0.901,2712.576
JPM,Budget,260222001,2026,2,22,1,2026-2,107805.6,51496.254,11885.567,6611.506,0,21164.897,8854.026,5312.415,27.847,17.535,7.719,154.413,0.835,0.98,0.925,0.895,0.955,0.884,0.95,2.617,1038.935,4082.302,2665.842,12.40097005,9.330997097,268.8950284,0,17,3,2,30.77,20.155,8.916,166.933,45.76,21164.897,177798.927,0,119691.167,58107.76,18.565,10.521,105.75,9.282,7.014,48.663,20.513,12.093,114.324,10.257,8.062,52.609,2.738,2.401,1.771,5.466,4152.348,3022.807,1029.691,3942.212,2518.494,1059.023,0.901,2712.576
JPM,Budget,260222002,2026,2,22,2,2026-2,107805.6,51496.254,11885.567,6611.506,0,21164.897,8854.026,5312.415,27.847,17.535,7.719,154.413,0.835,0.98,0.925,0.895,0.955,0.884,0.95,2.617,1038.935,4082.302,2665.842,12.40097005,9.330997097,268.8950284,0,17,3,2,30.77,20.155,8.916,166.933,45.76,21164.897,177798.927,0,119691.167,58107.76,18.565,10.521,105.75,9.282,7.014,48.663,20.513,12.093,114.324,10.257,8.062,52.609,2.738,2.401,1.771,5.466,4152.348,3022.807,1029.691,3942.212,2518.494,1059.023,0.901,2712.576
JPM,Budget,260223001,2026,2,23,1,2026-2,107805.6,51496.254,11885.567,6611.506,0,21164.897,8854.026,5312.415,27.847,17.535,7.719,154.413,0.835,0.98,0.925,0.895,0.955,0.884,0.95,2.617,1038.935,4082.302,2665.842,12.40097005,9.330997097,268.8950284,0,17,3,2,30.77,20.155,8.916,166.933,45.76,21164.897,177798.927,0,119691.167,58107.76,18.565,10.521,105.75,9.282,7.014,48.663,20.513,12.093,114.324,10.257,8.062,52.609,2.738,2.401,1.771,5.466,4152.348,3022.807,1029.691,3942.212,2518.494,1059.023,0.901,2712.576
JPM,Budget,260223002,2026,2,23,2,2026-2,107805.6,51496.254,11885.567,6611.506,0,21164.897,8854.026,5312.415,27.847,17.535,7.719,154.413,0.835,0.98,0.925,0.895,0.955,0.884,0.95,2.617,1038.935,4082.302,2665.842,12.40097005,9.330997097,268.8950284,0,17,3,2,30.77,20.155,8.916,166.933,45.76,21164.897,177798.927,0,119691.167,58107.76,18.565,10.521,105.75,9.282,7.014,48.663,20.513,12.093,114.324,10.257,8.062,52.609,2.738,2.401,1.771,5.466,4152.348,3022.807,1029.691,3942.212,2518.494,1059.023,0.901,2712.576
JPM,Budget,260224001,2026,2,24,1,2026-2,107805.6,51496.254,11885.567,6611.506,0,21164.897,8854.026,5312.415,27.847,17.535,7.719,154.413,0.835,0.98,0.925,0.895,0.955,0.884,0.95,2.617,1038.935,4082.302,2665.842,12.40097005,9.330997097,268.8950284,0,17,3,2,30.77,20.155,8.916,166.933,45.76,21164.897,177798.927,0,119691.167,58107.76,18.565,10.521,105.75,9.282,7.014,48.663,20.513,12.093,114.324,10.257,8.062,52.609,2.738,2.401,1.771,5.466,4152.348,3022.807,1029.691,3942.212,2518.494,1059.023,0.901,2712.576
JPM,Budget,260224002,2026,2,24,2,2026-2,107805.6,51496.254,11885.567,6611.506,0,21164.897,8854.026,5312.415,27.847,17.535,7.719,154.413,0.835,0.98,0.925,0.895,0.955,0.884,0.95,2.617,1038.935,4082.302,2665.842,12.40097005,9.330997097,268.8950284,0,17,3,2,30.77,20.155,8.916,166.933,45.76,21164.897,177798.927,0,119691.167,58107.76,18.565,10.521,105.75,9.282,7.014,48.663,20.513,12.093,114.324,10.257,8.062,52.609,2.738,2.401,1.771,5.466,4152.348,3022.807,1029.691,3942.212,2518.494,1059.023,0.901,2712.576
JPM,Budget,260225001,2026,2,25,1,2026-2,107805.6,51496.254,11885.567,6611.506,0,21164.897,8854.026,5312.415,27.847,17.535,7.719,154.413,0.835,0.98,0.925,0.895,0.955,0.884,0.95,2.617,1038.935,4082.302,2665.842,12.40097005,9.330997097,268.8950284,0,17,3,2,30.77,20.155,8.916,166.933,45.76,21164.897,177798.927,0,119691.167,58107.76,18.565,10.521,105.75,9.282,7.014,48.663,20.513,12.093,114.324,10.257,8.062,52.609,2.738,2.401,1.771,5.466,4152.348,3022.807,1029.691,3942.212,2518.494,1059.023,0.901,2712.576
JPM,Budget,260225002,2026,2,25,2,2026-2,107805.6,51496.254,11885.567,6611.506,0,21164.897,8854.026,5312.415,27.847,17.535,7.719,154.413,0.835,0.98,0.925,0.895,0.955,0.884,0.95,2.617,1038.935,4082.302,2665.842,12.40097005,9.330997097,268.8950284,0,17,3,2,30.77,20.155,8.916,166.933,45.76,21164.897,177798.927,0,119691.167,58107.76,18.565,10.521,105.75,9.282,7.014,48.663,20.513,12.093,114.324,10.257,8.062,52.609,2.738,2.401,1.771,5.466,4152.348,3022.807,1029.691,3942.212,2518.494,1059.023,0.901,2712.576
JPM,Budget,260226001,2026,2,26,1,2026-2,107805.6,51496.254,11885.567,6611.506,0,21164.897,8854.026,5312.415,27.847,17.535,7.719,154.413,0.835,0.98,0.925,0.895,0.955,0.884,0.95,2.617,1038.935,4082.302,2665.842,12.40097005,9.330997097,268.8950284,0,17,3,2,30.77,20.155,8.916,166.933,45.76,21164.897,177798.927,0,119691.167,58107.76,18.565,10.521,105.75,9.282,7.014,48.663,20.513,12.093,114.324,10.257,8.062,52.609,2.738,2.401,1.771,5.466,4152.348,3022.807,1029.691,3942.212,2518.494,1059.023,0.901,2712.576
JPM,Budget,260226002,2026,2,26,2,2026-2,107805.6,51496.254,11885.567,6611.506,0,21164.897,8854.026,5312.415,27.847,17.535,7.719,154.413,0.835,0.98,0.925,0.895,0.955,0.884,0.95,2.617,1038.935,4082.302,2665.842,12.40097005,9.330997097,268.8950284,0,17,3,2,30.77,20.155,8.916,166.933,45.76,21164.897,177798.927,0,119691.167,58107.76,18.565,10.521,105.75,9.282,7.014,48.663,20.513,12.093,114.324,10.257,8.062,52.609,2.738,2.401,1.771,5.466,4152.348,3022.807,1029.691,3942.212,2518.494,1059.023,0.901,2712.576
JPM,Budget,260227001,2026,2,27,1,2026-2,107805.6,51496.254,11885.567,6611.506,0,21164.897,8854.026,5312.415,27.847,17.535,7.719,154.413,0.835,0.98,0.925,0.895,0.955,0.884,0.95,2.617,1038.935,4082.302,2665.842,12.40097005,9.330997097,268.8950284,0,17,3,2,30.77,20.155,8.916,166.933,45.76,21164.897,177798.927,0,119691.167,58107.76,18.565,10.521,105.75,9.282,7.014,48.663,20.513,12.093,114.324,10.257,8.062,52.609,2.738,2.401,1.771,5.466,4152.348,3022.807,1029.691,3942.212,2518.494,1059.023,0.901,2712.576
JPM,Budget,260227002,2026,2,27,2,2026-2,107805.6,51496.254,11885.567,6611.506,0,21164.897,8854.026,5312.415,27.847,17.535,7.719,154.413,0.835,0.98,0.925,0.895,0.955,0.884,0.95,2.617,1038.935,4082.302,2665.842,12.40097005,9.330997097,268.8950284,0,17,3,2,30.77,20.155,8.916,166.933,45.76,21164.897,177798.927,0,119691.167,58107.76,18.565,10.521,105.75,9.282,7.014,48.663,20.513,12.093,114.324,10.257,8.062,52.609,2.738,2.401,1.771,5.466,4152.348,3022.807,1029.691,3942.212,2518.494,1059.023,0.901,2712.576
JPM,Budget,260228001,2026,2,28,1,2026-2,107805.6,51496.254,11885.567,6611.506,0,21164.897,8854.026,5312.415,27.847,17.535,7.719,154.413,0.835,0.98,0.925,0.895,0.955,0.884,0.95,2.617,1038.935,4082.302,2665.842,12.40097005,9.330997097,268.8950284,0,17,3,2,30.77,20.155,8.916,166.933,45.76,21164.897,177798.927,0,119691.167,58107.76,18.565,10.521,105.75,9.282,7.014,48.663,20.513,12.093,114.324,10.257,8.062,52.609,2.738,2.401,1.771,5.466,4152.348,3022.807,1029.691,3942.212,2518.494,1059.023,0.901,2712.576
JPM,Budget,260228002,2026,2,28,2,2026-2,107805.6,51496.254,11885.567,6611.506,0,21164.897,8854.026,5312.415,27.847,17.535,7.719,154.413,0.835,0.98,0.925,0.895,0.955,0.884,0.95,2.617,1038.935,4082.302,2665.842,12.40097005,9.330997097,268.8950284,0,17,3,2,30.77,20.155,8.916,166.933,45.76,21164.897,177798.927,0,119691.167,58107.76,18.565,10.521,105.75,9.282,7.014,48.663,20.513,12.093,114.324,10.257,8.062,52.609,2.738,2.401,1.771,5.466,4152.348,3022.807,1029.691,3942.212,2518.494,1059.023,0.901,2712.576
JPM,Budget,260301001,2026,3,1,1,2026-3,108964.8,46620.357,12013.369,6352.036,0,35290.583,9270.955,5562.573,27.273,17.535,7.719,154.413,0.835,0.98,0.925,0.87656682,0.955,0.884,0.95,2.651,1013.336,4033.925,2649.188,11.61016634,10.4226039,245.8842173,0,17,3,2,30.136,20.155,8.919,166.933,47.406,35290.583,173950.562,0,120978.169,52972.392,18.182,10.521,112.516,9.091,7.014,41.897,20.091,12.093,121.639,10.045,8.062,45.294,3.016,1.947,1.731,2.336,4250.864,3108.225,977.567,3600.046,2390.838,1109.395,0.901,2318.494
JPM,Budget,260301002,2026,3,1,2,2026-3,108964.8,46620.357,12013.369,6352.036,0,35290.583,9270.955,5562.573,27.273,17.535,7.719,154.413,0.835,0.98,0.925,0.87656682,0.955,0.884,0.95,2.651,1013.336,4033.925,2649.188,11.61016634,10.4226039,245.8842173,0,17,3,2,30.136,20.155,8.919,166.933,47.406,35290.583,173950.562,0,120978.169,52972.392,18.182,10.521,112.516,9.091,7.014,41.897,20.091,12.093,121.639,10.045,8.062,45.294,3.016,1.947,1.731,2.336,4250.864,3108.225,977.567,3600.046,2390.838,1109.395,0.901,2318.494
JPM,Budget,260302001,2026,3,2,1,2026-3,108964.8,46620.357,12013.369,6352.036,0,35290.583,9270.955,5562.573,27.273,17.535,7.719,154.413,0.835,0.98,0.925,0.87656682,0.955,0.884,0.95,2.651,1013.336,4033.925,2649.188,11.61016634,10.4226039,245.8842173,0,17,3,2,30.136,20.155,8.919,166.933,47.406,35290.583,173950.562,0,120978.169,52972.392,18.182,10.521,112.516,9.091,7.014,41.897,20.091,12.093,121.639,10.045,8.062,45.294,3.016,1.947,1.731,2.336,4250.864,3108.225,977.567,3600.046,2390.838,1109.395,0.901,2318.494
JPM,Budget,260302002,2026,3,2,2,2026-3,108964.8,46620.357,12013.369,6352.036,0,35290.583,9270.955,5562.573,27.273,17.535,7.719,154.413,0.835,0.98,0.925,0.87656682,0.955,0.884,0.95,2.651,1013.336,4033.925,2649.188,11.61016634,10.4226039,245.8842173,0,17,3,2,30.136,20.155,8.919,166.933,47.406,35290.583,173950.562,0,120978.169,52972.392,18.182,10.521,112.516,9.091,7.014,41.897,20.091,12.093,121.639,10.045,8.062,45.294,3.016,1.947,1.731,2.336,4250.864,3108.225,977.567,3600.046,2390.838,1109.395,0.901,2318.494
JPM,Budget,260303001,2026,3,3,1,2026-3,108964.8,46620.357,12013.369,6352.036,0,35290.583,9270.955,5562.573,27.273,17.535,7.719,154.413,0.835,0.98,0.925,0.87656682,0.955,0.884,0.95,2.651,1013.336,4033.925,2649.188,11.61016634,10.4226039,245.8842173,0,17,3,2,30.136,20.155,8.919,166.933,47.406,35290.583,173950.562,0,120978.169,52972.392,18.182,10.521,112.516,9.091,7.014,41.897,20.091,12.093,121.639,10.045,8.062,45.294,3.016,1.947,1.731,2.336,4250.864,3108.225,977.567,3600.046,2390.838,1109.395,0.901,2318.494
JPM,Budget,260303002,2026,3,3,2,2026-3,108964.8,46620.357,12013.369,6352.036,0,35290.583,9270.955,5562.573,27.273,17.535,7.719,154.413,0.835,0.98,0.925,0.87656682,0.955,0.884,0.95,2.651,1013.336,4033.925,2649.188,11.61016634,10.4226039,245.8842173,0,17,3,2,30.136,20.155,8.919,166.933,47.406,35290.583,173950.562,0,120978.169,52972.392,18.182,10.521,112.516,9.091,7.014,41.897,20.091,12.093,121.639,10.045,8.062,45.294,3.016,1.947,1.731,2.336,4250.864,3108.225,977.567,3600.046,2390.838,1109.395,0.901,2318.494
JPM,Budget,260304001,2026,3,4,1,2026-3,108964.8,46620.357,12013.369,6352.036,0,35290.583,9270.955,5562.573,27.273,17.535,7.719,154.413,0.835,0.98,0.925,0.87656682,0.955,0.884,0.95,2.651,1013.336,4033.925,2649.188,11.61016634,10.4226039,245.8842173,0,17,3,2,30.136,20.155,8.919,166.933,47.406,35290.583,173950.562,0,120978.169,52972.392,18.182,10.521,112.516,9.091,7.014,41.897,20.091,12.093,121.639,10.045,8.062,45.294,3.016,1.947,1.731,2.336,4250.864,3108.225,977.567,3600.046,2390.838,1109.395,0.901,2318.494
JPM,Budget,260304002,2026,3,4,2,2026-3,108964.8,46620.357,12013.369,6352.036,0,35290.583,9270.955,5562.573,27.273,17.535,7.719,154.413,0.835,0.98,0.925,0.87656682,0.955,0.884,0.95,2.651,1013.336,4033.925,2649.188,11.61016634,10.4226039,245.8842173,0,17,3,2,30.136,20.155,8.919,166.933,47.406,35290.583,173950.562,0,120978.169,52972.392,18.182,10.521,112.516,9.091,7.014,41.897,20.091,12.093,121.639,10.045,8.062,45.294,3.016,1.947,1.731,2.336,4250.864,3108.225,977.567,3600.046,2390.838,1109.395,0.901,2318.494
JPM,Budget,260305001,2026,3,5,1,2026-3,108964.8,46620.357,12013.369,6352.036,0,35290.583,9270.955,5562.573,27.273,17.535,7.719,154.413,0.835,0.98,0.925,0.87656682,0.955,0.884,0.95,2.651,1013.336,4033.925,2649.188,11.61016634,10.4226039,245.8842173,0,17,3,2,30.136,20.155,8.919,166.933,47.406,35290.583,173950.562,0,120978.169,52972.392,18.182,10.521,112.516,9.091,7.014,41.897,20.091,12.093,121.639,10.045,8.062,45.294,3.016,1.947,1.731,2.336,4250.864,3108.225,977.567,3600.046,2390.838,1109.395,0.901,2318.494
JPM,Budget,260305002,2026,3,5,2,2026-3,108964.8,46620.357,12013.369,6352.036,0,35290.583,9270.955,5562.573,27.273,17.535,7.719,154.413,0.835,0.98,0.925,0.87656682,0.955,0.884,0.95,2.651,1013.336,4033.925,2649.188,11.61016634,10.4226039,245.8842173,0,17,3,2,30.136,20.155,8.919,166.933,47.406,35290.583,173950.562,0,120978.169,52972.392,18.182,10.521,112.516,9.091,7.014,41.897,20.091,12.093,121.639,10.045,8.062,45.294,3.016,1.947,1.731,2.336,4250.864,3108.225,977.567,3600.046,2390.838,1109.395,0.901,2318.494
JPM,Budget,260306001,2026,3,6,1,2026-3,108964.8,46620.357,12013.369,6352.036,0,35290.583,9270.955,5562.573,27.273,17.535,7.719,154.413,0.835,0.98,0.925,0.87656682,0.955,0.884,0.95,2.651,1013.336,4033.925,2649.188,11.61016634,10.4226039,245.8842173,0,17,3,2,30.136,20.155,8.919,166.933,47.406,35290.583,173950.562,0,120978.169,52972.392,18.182,10.521,112.516,9.091,7.014,41.897,20.091,12.093,121.639,10.045,8.062,45.294,3.016,1.947,1.731,2.336,4250.864,3108.225,977.567,3600.046,2390.838,1109.395,0.901,2318.494
JPM,Budget,260306002,2026,3,6,2,2026-3,108964.8,46620.357,12013.369,6352.036,0,35290.583,9270.955,5562.573,27.273,17.535,7.719,154.413,0.835,0.98,0.925,0.87656682,0.955,0.884,0.95,2.651,1013.336,4033.925,2649.188,11.61016634,10.4226039,245.8842173,0,17,3,2,30.136,20.155,8.919,166.933,47.406,35290.583,173950.562,0,120978.169,52972.392,18.182,10.521,112.516,9.091,7.014,41.897,20.091,12.093,121.639,10.045,8.062,45.294,3.016,1.947,1.731,2.336,4250.864,3108.225,977.567,3600.046,2390.838,1109.395,0.901,2318.494
JPM,Budget,260307001,2026,3,7,1,2026-3,108964.8,46620.357,12013.369,6352.036,0,35290.583,9270.955,5562.573,27.273,17.535,7.719,154.413,0.835,0.98,0.925,0.87656682,0.955,0.884,0.95,2.651,1013.336,4033.925,2649.188,11.61016634,10.4226039,245.8842173,0,17,3,2,30.136,20.155,8.919,166.933,47.406,35290.583,173950.562,0,120978.169,52972.392,18.182,10.521,112.516,9.091,7.014,41.897,20.091,12.093,121.639,10.045,8.062,45.294,3.016,1.947,1.731,2.336,4250.864,3108.225,977.567,3600.046,2390.838,1109.395,0.901,2318.494
JPM,Budget,260307002,2026,3,7,2,2026-3,108964.8,46620.357,12013.369,6352.036,0,35290.583,9270.955,5562.573,27.273,17.535,7.719,154.413,0.835,0.98,0.925,0.87656682,0.955,0.884,0.95,2.651,1013.336,4033.925,2649.188,11.61016634,10.4226039,245.8842173,0,17,3,2,30.136,20.155,8.919,166.933,47.406,35290.583,173950.562,0,120978.169,52972.392,18.182,10.521,112.516,9.091,7.014,41.897,20.091,12.093,121.639,10.045,8.062,45.294,3.016,1.947,1.731,2.336,4250.864,3108.225,977.567,3600.046,2390.838,1109.395,0.901,2318.494
JPM,Budget,260308001,2026,3,8,1,2026-3,108964.8,46620.357,12013.369,6352.036,0,35290.583,9270.955,5562.573,27.273,17.535,7.719,154.413,0.835,0.98,0.925,0.87656682,0.955,0.884,0.95,2.651,1013.336,4033.925,2649.188,11.61016634,10.4226039,245.8842173,0,17,3,2,30.136,20.155,8.919,166.933,47.406,35290.583,173950.562,0,120978.169,52972.392,18.182,10.521,112.516,9.091,7.014,41.897,20.091,12.093,121.639,10.045,8.062,45.294,3.016,1.947,1.731,2.336,4250.864,3108.225,977.567,3600.046,2390.838,1109.395,0.901,2318.494
JPM,Budget,260308002,2026,3,8,2,2026-3,108964.8,46620.357,12013.369,6352.036,0,35290.583,9270.955,5562.573,27.273,17.535,7.719,154.413,0.835,0.98,0.925,0.87656682,0.955,0.884,0.95,2.651,1013.336,4033.925,2649.188,11.61016634,10.4226039,245.8842173,0,17,3,2,30.136,20.155,8.919,166.933,47.406,35290.583,173950.562,0,120978.169,52972.392,18.182,10.521,112.516,9.091,7.014,41.897,20.091,12.093,121.639,10.045,8.062,45.294,3.016,1.947,1.731,2.336,4250.864,3108.225,977.567,3600.046,2390.838,1109.395,0.901,2318.494
JPM,Budget,260309001,2026,3,9,1,2026-3,108964.8,46620.357,12013.369,6352.036,0,35290.583,9270.955,5562.573,27.273,17.535,7.719,154.413,0.835,0.98,0.925,0.87656682,0.955,0.884,0.95,2.651,1013.336,4033.925,2649.188,11.61016634,10.4226039,245.8842173,0,17,3,2,30.136,20.155,8.919,166.933,47.406,35290.583,173950.562,0,120978.169,52972.392,18.182,10.521,112.516,9.091,7.014,41.897,20.091,12.093,121.639,10.045,8.062,45.294,3.016,1.947,1.731,2.336,4250.864,3108.225,977.567,3600.046,2390.838,1109.395,0.901,2318.494
JPM,Budget,260309002,2026,3,9,2,2026-3,108964.8,46620.357,12013.369,6352.036,0,35290.583,9270.955,5562.573,27.273,17.535,7.719,154.413,0.835,0.98,0.925,0.87656682,0.955,0.884,0.95,2.651,1013.336,4033.925,2649.188,11.61016634,10.4226039,245.8842173,0,17,3,2,30.136,20.155,8.919,166.933,47.406,35290.583,173950.562,0,120978.169,52972.392,18.182,10.521,112.516,9.091,7.014,41.897,20.091,12.093,121.639,10.045,8.062,45.294,3.016,1.947,1.731,2.336,4250.864,3108.225,977.567,3600.046,2390.838,1109.395,0.901,2318.494
JPM,Budget,260310001,2026,3,10,1,2026-3,108964.8,46620.357,12013.369,6352.036,0,35290.583,9270.955,5562.573,27.273,17.535,7.719,154.413,0.835,0.98,0.925,0.87656682,0.955,0.884,0.95,2.651,1013.336,4033.925,2649.188,11.61016634,10.4226039,245.8842173,0,17,3,2,30.136,20.155,8.919,166.933,47.406,35290.583,173950.562,0,120978.169,52972.392,18.182,10.521,112.516,9.091,7.014,41.897,20.091,12.093,121.639,10.045,8.062,45.294,3.016,1.947,1.731,2.336,4250.864,3108.225,977.567,3600.046,2390.838,1109.395,0.901,2318.494
JPM,Budget,260310002,2026,3,10,2,2026-3,108964.8,46620.357,12013.369,6352.036,0,35290.583,9270.955,5562.573,27.273,17.535,7.719,154.413,0.835,0.98,0.925,0.87656682,0.955,0.884,0.95,2.651,1013.336,4033.925,2649.188,11.61016634,10.4226039,245.8842173,0,17,3,2,30.136,20.155,8.919,166.933,47.406,35290.583,173950.562,0,120978.169,52972.392,18.182,10.521,112.516,9.091,7.014,41.897,20.091,12.093,121.639,10.045,8.062,45.294,3.016,1.947,1.731,2.336,4250.864,3108.225,977.567,3600.046,2390.838,1109.395,0.901,2318.494
JPM,Budget,260311001,2026,3,11,1,2026-3,108964.8,46620.357,12013.369,6352.036,0,35290.583,9270.955,5562.573,27.273,17.535,7.719,154.413,0.835,0.98,0.925,0.87656682,0.955,0.884,0.95,2.651,1013.336,4033.925,2649.188,11.61016634,10.4226039,245.8842173,0,17,3,2,30.136,20.155,8.919,166.933,47.406,35290.583,173950.562,0,120978.169,52972.392,18.182,10.521,112.516,9.091,7.014,41.897,20.091,12.093,121.639,10.045,8.062,45.294,3.016,1.947,1.731,2.336,4250.864,3108.225,977.567,3600.046,2390.838,1109.395,0.901,2318.494
JPM,Budget,260311002,2026,3,11,2,2026-3,108964.8,46620.357,12013.369,6352.036,0,35290.583,9270.955,5562.573,27.273,17.535,7.719,154.413,0.835,0.98,0.925,0.87656682,0.955,0.884,0.95,2.651,1013.336,4033.925,2649.188,11.61016634,10.4226039,245.8842173,0,17,3,2,30.136,20.155,8.919,166.933,47.406,35290.583,173950.562,0,120978.169,52972.392,18.182,10.521,112.516,9.091,7.014,41.897,20.091,12.093,121.639,10.045,8.062,45.294,3.016,1.947,1.731,2.336,4250.864,3108.225,977.567,3600.046,2390.838,1109.395,0.901,2318.494
JPM,Budget,260312001,2026,3,12,1,2026-3,108964.8,46620.357,12013.369,6352.036,0,35290.583,9270.955,5562.573,27.273,17.535,7.719,154.413,0.835,0.98,0.925,0.87656682,0.955,0.884,0.95,2.651,1013.336,4033.925,2649.188,11.61016634,10.4226039,245.8842173,0,17,3,2,30.136,20.155,8.919,166.933,47.406,35290.583,173950.562,0,120978.169,52972.392,18.182,10.521,112.516,9.091,7.014,41.897,20.091,12.093,121.639,10.045,8.062,45.294,3.016,1.947,1.731,2.336,4250.864,3108.225,977.567,3600.046,2390.838,1109.395,0.901,2318.494
JPM,Budget,260312002,2026,3,12,2,2026-3,108964.8,46620.357,12013.369,6352.036,0,35290.583,9270.955,5562.573,27.273,17.535,7.719,154.413,0.835,0.98,0.925,0.87656682,0.955,0.884,0.95,2.651,1013.336,4033.925,2649.188,11.61016634,10.4226039,245.8842173,0,17,3,2,30.136,20.155,8.919,166.933,47.406,35290.583,173950.562,0,120978.169,52972.392,18.182,10.521,112.516,9.091,7.014,41.897,20.091,12.093,121.639,10.045,8.062,45.294,3.016,1.947,1.731,2.336,4250.864,3108.225,977.567,3600.046,2390.838,1109.395,0.901,2318.494
JPM,Budget,260313001,2026,3,13,1,2026-3,108964.8,46620.357,12013.369,6352.036,0,35290.583,9270.955,5562.573,27.273,17.535,7.719,154.413,0.835,0.98,0.925,0.87656682,0.955,0.884,0.95,2.651,1013.336,4033.925,2649.188,11.61016634,10.4226039,245.8842173,0,17,3,2,30.136,20.155,8.919,166.933,47.406,35290.583,173950.562,0,120978.169,52972.392,18.182,10.521,112.516,9.091,7.014,41.897,20.091,12.093,121.639,10.045,8.062,45.294,3.016,1.947,1.731,2.336,4250.864,3108.225,977.567,3600.046,2390.838,1109.395,0.901,2318.494
JPM,Budget,260313002,2026,3,13,2,2026-3,108964.8,46620.357,12013.369,6352.036,0,35290.583,9270.955,5562.573,27.273,17.535,7.719,154.413,0.835,0.98,0.925,0.87656682,0.955,0.884,0.95,2.651,1013.336,4033.925,2649.188,11.61016634,10.4226039,245.8842173,0,17,3,2,30.136,20.155,8.919,166.933,47.406,35290.583,173950.562,0,120978.169,52972.392,18.182,10.521,112.516,9.091,7.014,41.897,20.091,12.093,121.639,10.045,8.062,45.294,3.016,1.947,1.731,2.336,4250.864,3108.225,977.567,3600.046,2390.838,1109.395,0.901,2318.494
JPM,Budget,260314001,2026,3,14,1,2026-3,108964.8,46620.357,12013.369,6352.036,0,35290.583,9270.955,5562.573,27.273,17.535,7.719,154.413,0.835,0.98,0.925,0.87656682,0.955,0.884,0.95,2.651,1013.336,4033.925,2649.188,11.61016634,10.4226039,245.8842173,0,17,3,2,30.136,20.155,8.919,166.933,47.406,35290.583,173950.562,0,120978.169,52972.392,18.182,10.521,112.516,9.091,7.014,41.897,20.091,12.093,121.639,10.045,8.062,45.294,3.016,1.947,1.731,2.336,4250.864,3108.225,977.567,3600.046,2390.838,1109.395,0.901,2318.494
JPM,Budget,260314002,2026,3,14,2,2026-3,108964.8,46620.357,12013.369,6352.036,0,35290.583,9270.955,5562.573,27.273,17.535,7.719,154.413,0.835,0.98,0.925,0.87656682,0.955,0.884,0.95,2.651,1013.336,4033.925,2649.188,11.61016634,10.4226039,245.8842173,0,17,3,2,30.136,20.155,8.919,166.933,47.406,35290.583,173950.562,0,120978.169,52972.392,18.182,10.521,112.516,9.091,7.014,41.897,20.091,12.093,121.639,10.045,8.062,45.294,3.016,1.947,1.731,2.336,4250.864,3108.225,977.567,3600.046,2390.838,1109.395,0.901,2318.494
JPM,Budget,260315001,2026,3,15,1,2026-3,108964.8,46620.357,12013.369,6352.036,0,35290.583,9270.955,5562.573,27.273,17.535,7.719,154.413,0.835,0.98,0.925,0.87656682,0.955,0.884,0.95,2.651,1013.336,4033.925,2649.188,11.61016634,10.4226039,245.8842173,0,17,3,2,30.136,20.155,8.919,166.933,47.406,35290.583,173950.562,0,120978.169,52972.392,18.182,10.521,112.516,9.091,7.014,41.897,20.091,12.093,121.639,10.045,8.062,45.294,3.016,1.947,1.731,2.336,4250.864,3108.225,977.567,3600.046,2390.838,1109.395,0.901,2318.494
JPM,Budget,260315002,2026,3,15,2,2026-3,108964.8,46620.357,12013.369,6352.036,0,35290.583,9270.955,5562.573,27.273,17.535,7.719,154.413,0.835,0.98,0.925,0.87656682,0.955,0.884,0.95,2.651,1013.336,4033.925,2649.188,11.61016634,10.4226039,245.8842173,0,17,3,2,30.136,20.155,8.919,166.933,47.406,35290.583,173950.562,0,120978.169,52972.392,18.182,10.521,112.516,9.091,7.014,41.897,20.091,12.093,121.639,10.045,8.062,45.294,3.016,1.947,1.731,2.336,4250.864,3108.225,977.567,3600.046,2390.838,1109.395,0.901,2318.494
JPM,Budget,260316001,2026,3,16,1,2026-3,108964.8,46620.357,12013.369,6352.036,0,35290.583,9270.955,5562.573,27.273,17.535,7.719,154.413,0.835,0.98,0.925,0.87656682,0.955,0.884,0.95,2.651,1013.336,4033.925,2649.188,11.61016634,10.4226039,245.8842173,0,17,3,2,30.136,20.155,8.919,166.933,47.406,35290.583,173950.562,0,120978.169,52972.392,18.182,10.521,112.516,9.091,7.014,41.897,20.091,12.093,121.639,10.045,8.062,45.294,3.016,1.947,1.731,2.336,4250.864,3108.225,977.567,3600.046,2390.838,1109.395,0.901,2318.494
JPM,Budget,260316002,2026,3,16,2,2026-3,108964.8,46620.357,12013.369,6352.036,0,35290.583,9270.955,5562.573,27.273,17.535,7.719,154.413,0.835,0.98,0.925,0.87656682,0.955,0.884,0.95,2.651,1013.336,4033.925,2649.188,11.61016634,10.4226039,245.8842173,0,17,3,2,30.136,20.155,8.919,166.933,47.406,35290.583,173950.562,0,120978.169,52972.392,18.182,10.521,112.516,9.091,7.014,41.897,20.091,12.093,121.639,10.045,8.062,45.294,3.016,1.947,1.731,2.336,4250.864,3108.225,977.567,3600.046,2390.838,1109.395,0.901,2318.494
JPM,Budget,260317001,2026,3,17,1,2026-3,108964.8,46620.357,12013.369,6352.036,0,35290.583,9270.955,5562.573,27.273,17.535,7.719,154.413,0.835,0.98,0.925,0.87656682,0.955,0.884,0.95,2.651,1013.336,4033.925,2649.188,11.61016634,10.4226039,245.8842173,0,17,3,2,30.136,20.155,8.919,166.933,47.406,35290.583,173950.562,0,120978.169,52972.392,18.182,10.521,112.516,9.091,7.014,41.897,20.091,12.093,121.639,10.045,8.062,45.294,3.016,1.947,1.731,2.336,4250.864,3108.225,977.567,3600.046,2390.838,1109.395,0.901,2318.494
JPM,Budget,260317002,2026,3,17,2,2026-3,108964.8,46620.357,12013.369,6352.036,0,35290.583,9270.955,5562.573,27.273,17.535,7.719,154.413,0.835,0.98,0.925,0.87656682,0.955,0.884,0.95,2.651,1013.336,4033.925,2649.188,11.61016634,10.4226039,245.8842173,0,17,3,2,30.136,20.155,8.919,166.933,47.406,35290.583,173950.562,0,120978.169,52972.392,18.182,10.521,112.516,9.091,7.014,41.897,20.091,12.093,121.639,10.045,8.062,45.294,3.016,1.947,1.731,2.336,4250.864,3108.225,977.567,3600.046,2390.838,1109.395,0.901,2318.494
JPM,Budget,260318001,2026,3,18,1,2026-3,108964.8,46620.357,12013.369,6352.036,0,35290.583,9270.955,5562.573,27.273,17.535,7.719,154.413,0.835,0.98,0.925,0.87656682,0.955,0.884,0.95,2.651,1013.336,4033.925,2649.188,11.61016634,10.4226039,245.8842173,0,17,3,2,30.136,20.155,8.919,166.933,47.406,35290.583,173950.562,0,120978.169,52972.392,18.182,10.521,112.516,9.091,7.014,41.897,20.091,12.093,121.639,10.045,8.062,45.294,3.016,1.947,1.731,2.336,4250.864,3108.225,977.567,3600.046,2390.838,1109.395,0.901,2318.494
JPM,Budget,260318002,2026,3,18,2,2026-3,108964.8,46620.357,12013.369,6352.036,0,35290.583,9270.955,5562.573,27.273,17.535,7.719,154.413,0.835,0.98,0.925,0.87656682,0.955,0.884,0.95,2.651,1013.336,4033.925,2649.188,11.61016634,10.4226039,245.8842173,0,17,3,2,30.136,20.155,8.919,166.933,47.406,35290.583,173950.562,0,120978.169,52972.392,18.182,10.521,112.516,9.091,7.014,41.897,20.091,12.093,121.639,10.045,8.062,45.294,3.016,1.947,1.731,2.336,4250.864,3108.225,977.567,3600.046,2390.838,1109.395,0.901,2318.494
JPM,Budget,260319001,2026,3,19,1,2026-3,108964.8,46620.357,12013.369,6352.036,0,35290.583,9270.955,5562.573,27.273,17.535,7.719,154.413,0.835,0.98,0.925,0.87656682,0.955,0.884,0.95,2.651,1013.336,4033.925,2649.188,11.61016634,10.4226039,245.8842173,0,17,3,2,30.136,20.155,8.919,166.933,47.406,35290.583,173950.562,0,120978.169,52972.392,18.182,10.521,112.516,9.091,7.014,41.897,20.091,12.093,121.639,10.045,8.062,45.294,3.016,1.947,1.731,2.336,4250.864,3108.225,977.567,3600.046,2390.838,1109.395,0.901,2318.494
JPM,Budget,260319002,2026,3,19,2,2026-3,108964.8,46620.357,12013.369,6352.036,0,35290.583,9270.955,5562.573,27.273,17.535,7.719,154.413,0.835,0.98,0.925,0.87656682,0.955,0.884,0.95,2.651,1013.336,4033.925,2649.188,11.61016634,10.4226039,245.8842173,0,17,3,2,30.136,20.155,8.919,166.933,47.406,35290.583,173950.562,0,120978.169,52972.392,18.182,10.521,112.516,9.091,7.014,41.897,20.091,12.093,121.639,10.045,8.062,45.294,3.016,1.947,1.731,2.336,4250.864,3108.225,977.567,3600.046,2390.838,1109.395,0.901,2318.494
JPM,Budget,260320001,2026,3,20,1,2026-3,108964.8,46620.357,12013.369,6352.036,0,35290.583,9270.955,5562.573,27.273,17.535,7.719,154.413,0.835,0.98,0.925,0.87656682,0.955,0.884,0.95,2.651,1013.336,4033.925,2649.188,11.61016634,10.4226039,245.8842173,0,17,3,2,30.136,20.155,8.919,166.933,47.406,35290.583,173950.562,0,120978.169,52972.392,18.182,10.521,112.516,9.091,7.014,41.897,20.091,12.093,121.639,10.045,8.062,45.294,3.016,1.947,1.731,2.336,4250.864,3108.225,977.567,3600.046,2390.838,1109.395,0.901,2318.494
JPM,Budget,260320002,2026,3,20,2,2026-3,108964.8,46620.357,12013.369,6352.036,0,35290.583,9270.955,5562.573,27.273,17.535,7.719,154.413,0.835,0.98,0.925,0.87656682,0.955,0.884,0.95,2.651,1013.336,4033.925,2649.188,11.61016634,10.4226039,245.8842173,0,17,3,2,30.136,20.155,8.919,166.933,47.406,35290.583,173950.562,0,120978.169,52972.392,18.182,10.521,112.516,9.091,7.014,41.897,20.091,12.093,121.639,10.045,8.062,45.294,3.016,1.947,1.731,2.336,4250.864,3108.225,977.567,3600.046,2390.838,1109.395,0.901,2318.494
JPM,Budget,260321001,2026,3,21,1,2026-3,108964.8,46620.357,12013.369,6352.036,0,35290.583,9270.955,5562.573,27.273,17.535,7.719,154.413,0.835,0.98,0.925,0.87656682,0.955,0.884,0.95,2.651,1013.336,4033.925,2649.188,11.61016634,10.4226039,245.8842173,0,17,3,2,30.136,20.155,8.919,166.933,47.406,35290.583,173950.562,0,120978.169,52972.392,18.182,10.521,112.516,9.091,7.014,41.897,20.091,12.093,121.639,10.045,8.062,45.294,3.016,1.947,1.731,2.336,4250.864,3108.225,977.567,3600.046,2390.838,1109.395,0.901,2318.494
JPM,Budget,260321002,2026,3,21,2,2026-3,108964.8,46620.357,12013.369,6352.036,0,35290.583,9270.955,5562.573,27.273,17.535,7.719,154.413,0.835,0.98,0.925,0.87656682,0.955,0.884,0.95,2.651,1013.336,4033.925,2649.188,11.61016634,10.4226039,245.8842173,0,17,3,2,30.136,20.155,8.919,166.933,47.406,35290.583,173950.562,0,120978.169,52972.392,18.182,10.521,112.516,9.091,7.014,41.897,20.091,12.093,121.639,10.045,8.062,45.294,3.016,1.947,1.731,2.336,4250.864,3108.225,977.567,3600.046,2390.838,1109.395,0.901,2318.494
JPM,Budget,260322001,2026,3,22,1,2026-3,108964.8,46620.357,12013.369,6352.036,0,35290.583,9270.955,5562.573,27.273,17.535,7.719,154.413,0.835,0.98,0.925,0.87656682,0.955,0.884,0.95,2.651,1013.336,4033.925,2649.188,11.61016634,10.4226039,245.8842173,0,17,3,2,30.136,20.155,8.919,166.933,47.406,35290.583,173950.562,0,120978.169,52972.392,18.182,10.521,112.516,9.091,7.014,41.897,20.091,12.093,121.639,10.045,8.062,45.294,3.016,1.947,1.731,2.336,4250.864,3108.225,977.567,3600.046,2390.838,1109.395,0.901,2318.494
JPM,Budget,260322002,2026,3,22,2,2026-3,108964.8,46620.357,12013.369,6352.036,0,35290.583,9270.955,5562.573,27.273,17.535,7.719,154.413,0.835,0.98,0.925,0.87656682,0.955,0.884,0.95,2.651,1013.336,4033.925,2649.188,11.61016634,10.4226039,245.8842173,0,17,3,2,30.136,20.155,8.919,166.933,47.406,35290.583,173950.562,0,120978.169,52972.392,18.182,10.521,112.516,9.091,7.014,41.897,20.091,12.093,121.639,10.045,8.062,45.294,3.016,1.947,1.731,2.336,4250.864,3108.225,977.567,3600.046,2390.838,1109.395,0.901,2318.494
JPM,Budget,260323001,2026,3,23,1,2026-3,108964.8,46620.357,12013.369,6352.036,0,35290.583,9270.955,5562.573,27.273,17.535,7.719,154.413,0.835,0.98,0.925,0.87656682,0.955,0.884,0.95,2.651,1013.336,4033.925,2649.188,11.61016634,10.4226039,245.8842173,0,17,3,2,30.136,20.155,8.919,166.933,47.406,35290.583,173950.562,0,120978.169,52972.392,18.182,10.521,112.516,9.091,7.014,41.897,20.091,12.093,121.639,10.045,8.062,45.294,3.016,1.947,1.731,2.336,4250.864,3108.225,977.567,3600.046,2390.838,1109.395,0.901,2318.494
JPM,Budget,260323002,2026,3,23,2,2026-3,108964.8,46620.357,12013.369,6352.036,0,35290.583,9270.955,5562.573,27.273,17.535,7.719,154.413,0.835,0.98,0.925,0.87656682,0.955,0.884,0.95,2.651,1013.336,4033.925,2649.188,11.61016634,10.4226039,245.8842173,0,17,3,2,30.136,20.155,8.919,166.933,47.406,35290.583,173950.562,0,120978.169,52972.392,18.182,10.521,112.516,9.091,7.014,41.897,20.091,12.093,121.639,10.045,8.062,45.294,3.016,1.947,1.731,2.336,4250.864,3108.225,977.567,3600.046,2390.838,1109.395,0.901,2318.494
JPM,Budget,260324001,2026,3,24,1,2026-3,108964.8,46620.357,12013.369,6352.036,0,35290.583,9270.955,5562.573,27.273,17.535,7.719,154.413,0.835,0.98,0.925,0.87656682,0.955,0.884,0.95,2.651,1013.336,4033.925,2649.188,11.61016634,10.4226039,245.8842173,0,17,3,2,30.136,20.155,8.919,166.933,47.406,35290.583,173950.562,0,120978.169,52972.392,18.182,10.521,112.516,9.091,7.014,41.897,20.091,12.093,121.639,10.045,8.062,45.294,3.016,1.947,1.731,2.336,4250.864,3108.225,977.567,3600.046,2390.838,1109.395,0.901,2318.494
JPM,Budget,260324002,2026,3,24,2,2026-3,108964.8,46620.357,12013.369,6352.036,0,35290.583,9270.955,5562.573,27.273,17.535,7.719,154.413,0.835,0.98,0.925,0.87656682,0.955,0.884,0.95,2.651,1013.336,4033.925,2649.188,11.61016634,10.4226039,245.8842173,0,17,3,2,30.136,20.155,8.919,166.933,47.406,35290.583,173950.562,0,120978.169,52972.392,18.182,10.521,112.516,9.091,7.014,41.897,20.091,12.093,121.639,10.045,8.062,45.294,3.016,1.947,1.731,2.336,4250.864,3108.225,977.567,3600.046,2390.838,1109.395,0.901,2318.494
JPM,Budget,260325001,2026,3,25,1,2026-3,108964.8,46620.357,12013.369,6352.036,0,35290.583,9270.955,5562.573,27.273,17.535,7.719,154.413,0.835,0.98,0.925,0.87656682,0.955,0.884,0.95,2.651,1013.336,4033.925,2649.188,11.61016634,10.4226039,245.8842173,0,17,3,2,30.136,20.155,8.919,166.933,47.406,35290.583,173950.562,0,120978.169,52972.392,18.182,10.521,112.516,9.091,7.014,41.897,20.091,12.093,121.639,10.045,8.062,45.294,3.016,1.947,1.731,2.336,4250.864,3108.225,977.567,3600.046,2390.838,1109.395,0.901,2318.494
JPM,Budget,260325002,2026,3,25,2,2026-3,108964.8,46620.357,12013.369,6352.036,0,35290.583,9270.955,5562.573,27.273,17.535,7.719,154.413,0.835,0.98,0.925,0.87656682,0.955,0.884,0.95,2.651,1013.336,4033.925,2649.188,11.61016634,10.4226039,245.8842173,0,17,3,2,30.136,20.155,8.919,166.933,47.406,35290.583,173950.562,0,120978.169,52972.392,18.182,10.521,112.516,9.091,7.014,41.897,20.091,12.093,121.639,10.045,8.062,45.294,3.016,1.947,1.731,2.336,4250.864,3108.225,977.567,3600.046,2390.838,1109.395,0.901,2318.494
JPM,Budget,260326001,2026,3,26,1,2026-3,108964.8,46620.357,12013.369,6352.036,0,35290.583,9270.955,5562.573,27.273,17.535,7.719,154.413,0.835,0.98,0.925,0.87656682,0.955,0.884,0.95,2.651,1013.336,4033.925,2649.188,11.61016634,10.4226039,245.8842173,0,17,3,2,30.136,20.155,8.919,166.933,47.406,35290.583,173950.562,0,120978.169,52972.392,18.182,10.521,112.516,9.091,7.014,41.897,20.091,12.093,121.639,10.045,8.062,45.294,3.016,1.947,1.731,2.336,4250.864,3108.225,977.567,3600.046,2390.838,1109.395,0.901,2318.494
JPM,Budget,260326002,2026,3,26,2,2026-3,108964.8,46620.357,12013.369,6352.036,0,35290.583,9270.955,5562.573,27.273,17.535,7.719,154.413,0.835,0.98,0.925,0.87656682,0.955,0.884,0.95,2.651,1013.336,4033.925,2649.188,11.61016634,10.4226039,245.8842173,0,17,3,2,30.136,20.155,8.919,166.933,47.406,35290.583,173950.562,0,120978.169,52972.392,18.182,10.521,112.516,9.091,7.014,41.897,20.091,12.093,121.639,10.045,8.062,45.294,3.016,1.947,1.731,2.336,4250.864,3108.225,977.567,3600.046,2390.838,1109.395,0.901,2318.494
JPM,Budget,260327001,2026,3,27,1,2026-3,108964.8,46620.357,12013.369,6352.036,0,35290.583,9270.955,5562.573,27.273,17.535,7.719,154.413,0.835,0.98,0.925,0.87656682,0.955,0.884,0.95,2.651,1013.336,4033.925,2649.188,11.61016634,10.4226039,245.8842173,0,17,3,2,30.136,20.155,8.919,166.933,47.406,35290.583,173950.562,0,120978.169,52972.392,18.182,10.521,112.516,9.091,7.014,41.897,20.091,12.093,121.639,10.045,8.062,45.294,3.016,1.947,1.731,2.336,4250.864,3108.225,977.567,3600.046,2390.838,1109.395,0.901,2318.494
JPM,Budget,260327002,2026,3,27,2,2026-3,108964.8,46620.357,12013.369,6352.036,0,35290.583,9270.955,5562.573,27.273,17.535,7.719,154.413,0.835,0.98,0.925,0.87656682,0.955,0.884,0.95,2.651,1013.336,4033.925,2649.188,11.61016634,10.4226039,245.8842173,0,17,3,2,30.136,20.155,8.919,166.933,47.406,35290.583,173950.562,0,120978.169,52972.392,18.182,10.521,112.516,9.091,7.014,41.897,20.091,12.093,121.639,10.045,8.062,45.294,3.016,1.947,1.731,2.336,4250.864,3108.225,977.567,3600.046,2390.838,1109.395,0.901,2318.494
JPM,Budget,260328001,2026,3,28,1,2026-3,108964.8,46620.357,12013.369,6352.036,0,35290.583,9270.955,5562.573,27.273,17.535,7.719,154.413,0.835,0.98,0.925,0.87656682,0.955,0.884,0.95,2.651,1013.336,4033.925,2649.188,11.61016634,10.4226039,245.8842173,0,17,3,2,30.136,20.155,8.919,166.933,47.406,35290.583,173950.562,0,120978.169,52972.392,18.182,10.521,112.516,9.091,7.014,41.897,20.091,12.093,121.639,10.045,8.062,45.294,3.016,1.947,1.731,2.336,4250.864,3108.225,977.567,3600.046,2390.838,1109.395,0.901,2318.494
JPM,Budget,260328002,2026,3,28,2,2026-3,108964.8,46620.357,12013.369,6352.036,0,35290.583,9270.955,5562.573,27.273,17.535,7.719,154.413,0.835,0.98,0.925,0.87656682,0.955,0.884,0.95,2.651,1013.336,4033.925,2649.188,11.61016634,10.4226039,245.8842173,0,17,3,2,30.136,20.155,8.919,166.933,47.406,35290.583,173950.562,0,120978.169,52972.392,18.182,10.521,112.516,9.091,7.014,41.897,20.091,12.093,121.639,10.045,8.062,45.294,3.016,1.947,1.731,2.336,4250.864,3108.225,977.567,3600.046,2390.838,1109.395,0.901,2318.494
JPM,Budget,260329001,2026,3,29,1,2026-3,108964.8,46620.357,12013.369,6352.036,0,35290.583,9270.955,5562.573,27.273,17.535,7.719,154.413,0.835,0.98,0.925,0.87656682,0.955,0.884,0.95,2.651,1013.336,4033.925,2649.188,11.61016634,10.4226039,245.8842173,0,17,3,2,30.136,20.155,8.919,166.933,47.406,35290.583,173950.562,0,120978.169,52972.392,18.182,10.521,112.516,9.091,7.014,41.897,20.091,12.093,121.639,10.045,8.062,45.294,3.016,1.947,1.731,2.336,4250.864,3108.225,977.567,3600.046,2390.838,1109.395,0.901,2318.494
JPM,Budget,260329002,2026,3,29,2,2026-3,108964.8,46620.357,12013.369,6352.036,0,35290.583,9270.955,5562.573,27.273,17.535,7.719,154.413,0.835,0.98,0.925,0.87656682,0.955,0.884,0.95,2.651,1013.336,4033.925,2649.188,11.61016634,10.4226039,245.8842173,0,17,3,2,30.136,20.155,8.919,166.933,47.406,35290.583,173950.562,0,120978.169,52972.392,18.182,10.521,112.516,9.091,7.014,41.897,20.091,12.093,121.639,10.045,8.062,45.294,3.016,1.947,1.731,2.336,4250.864,3108.225,977.567,3600.046,2390.838,1109.395,0.901,2318.494
JPM,Budget,260330001,2026,3,30,1,2026-3,108964.8,46620.357,12013.369,6352.036,0,35290.583,9270.955,5562.573,27.273,17.535,7.719,154.413,0.835,0.98,0.925,0.87656682,0.955,0.884,0.95,2.651,1013.336,4033.925,2649.188,11.61016634,10.4226039,245.8842173,0,17,3,2,30.136,20.155,8.919,166.933,47.406,35290.583,173950.562,0,120978.169,52972.392,18.182,10.521,112.516,9.091,7.014,41.897,20.091,12.093,121.639,10.045,8.062,45.294,3.016,1.947,1.731,2.336,4250.864,3108.225,977.567,3600.046,2390.838,1109.395,0.901,2318.494
JPM,Budget,260330002,2026,3,30,2,2026-3,108964.8,46620.357,12013.369,6352.036,0,35290.583,9270.955,5562.573,27.273,17.535,7.719,154.413,0.835,0.98,0.925,0.87656682,0.955,0.884,0.95,2.651,1013.336,4033.925,2649.188,11.61016634,10.4226039,245.8842173,0,17,3,2,30.136,20.155,8.919,166.933,47.406,35290.583,173950.562,0,120978.169,52972.392,18.182,10.521,112.516,9.091,7.014,41.897,20.091,12.093,121.639,10.045,8.062,45.294,3.016,1.947,1.731,2.336,4250.864,3108.225,977.567,3600.046,2390.838,1109.395,0.901,2318.494
JPM,Budget,260331001,2026,3,31,1,2026-3,108964.8,46620.357,12013.369,6352.036,0,35290.583,9270.955,5562.573,27.273,17.535,7.719,154.413,0.835,0.98,0.925,0.87656682,0.955,0.884,0.95,2.651,1013.336,4033.925,2649.188,11.61016634,10.4226039,245.8842173,0,17,3,2,30.136,20.155,8.919,166.933,47.406,35290.583,173950.562,0,120978.169,52972.392,18.182,10.521,112.516,9.091,7.014,41.897,20.091,12.093,121.639,10.045,8.062,45.294,3.016,1.947,1.731,2.336,4250.864,3108.225,977.567,3600.046,2390.838,1109.395,0.901,2318.494
JPM,Budget,260331002,2026,3,31,2,2026-3,108964.8,46620.357,12013.369,6352.036,0,35290.583,9270.955,5562.573,27.273,17.535,7.719,154.413,0.835,0.98,0.925,0.87656682,0.955,0.884,0.95,2.651,1013.336,4033.925,2649.188,11.61016634,10.4226039,245.8842173,0,17,3,2,30.136,20.155,8.919,166.933,47.406,35290.583,173950.562,0,120978.169,52972.392,18.182,10.521,112.516,9.091,7.014,41.897,20.091,12.093,121.639,10.045,8.062,45.294,3.016,1.947,1.731,2.336,4250.864,3108.225,977.567,3600.046,2390.838,1109.395,0.901,2318.494
JPM,Budget,260401001,2026,4,1,1,2026-4,108964.8,28845.239,7927.189,4626.779,0,14506.847,5570.015,3342.009,28.437,13.151,7.719,154.413,0.835,0.98,0.925,0.68547619,0.955,0.884,0.95,2.819,866.973,3469.559,2677.144,12.56456274,8.551732376,267.7693486,0,17,4,1.5,31.422,15.116,8.939,166.933,47.002,14506.847,150092.796,271.211,116891.989,33472.018,21.328,8.768,126.417,7.109,4.384,27.997,23.567,10.078,136.667,7.856,5.039,30.267,3.128,1.904,1.396,2.539,3680.479,3204.097,843.153,2836.798,2190.842,974.53,0.901,2592.718
JPM,Budget,260401002,2026,4,1,2,2026-4,108964.8,28845.239,7927.189,4626.779,0,14506.847,5570.015,3342.009,28.437,13.151,7.719,154.413,0.835,0.98,0.925,0.68547619,0.955,0.884,0.95,2.819,866.973,3469.559,2677.144,12.56456274,8.551732376,267.7693486,0,17,4,1.5,31.422,15.116,8.939,166.933,47.002,14506.847,150092.796,271.211,116891.989,33472.018,21.328,8.768,126.417,7.109,4.384,27.997,23.567,10.078,136.667,7.856,5.039,30.267,3.128,1.904,1.396,2.539,3680.479,3204.097,843.153,2836.798,2190.842,974.53,0.901,2592.718
JPM,Budget,260402001,2026,4,2,1,2026-4,108964.8,28845.239,7927.189,4626.779,0,14506.847,5570.015,3342.009,28.437,13.151,7.719,154.413,0.835,0.98,0.925,0.68547619,0.955,0.884,0.95,2.819,866.973,3469.559,2677.144,12.56456274,8.551732376,267.7693486,0,17,4,1.5,31.422,15.116,8.939,166.933,47.002,14506.847,150092.796,271.211,116891.989,33472.018,21.328,8.768,126.417,7.109,4.384,27.997,23.567,10.078,136.667,7.856,5.039,30.267,3.128,1.904,1.396,2.539,3680.479,3204.097,843.153,2836.798,2190.842,974.53,0.901,2592.718
JPM,Budget,260402002,2026,4,2,2,2026-4,108964.8,28845.239,7927.189,4626.779,0,14506.847,5570.015,3342.009,28.437,13.151,7.719,154.413,0.835,0.98,0.925,0.68547619,0.955,0.884,0.95,2.819,866.973,3469.559,2677.144,12.56456274,8.551732376,267.7693486,0,17,4,1.5,31.422,15.116,8.939,166.933,47.002,14506.847,150092.796,271.211,116891.989,33472.018,21.328,8.768,126.417,7.109,4.384,27.997,23.567,10.078,136.667,7.856,5.039,30.267,3.128,1.904,1.396,2.539,3680.479,3204.097,843.153,2836.798,2190.842,974.53,0.901,2592.718
JPM,Budget,260403001,2026,4,3,1,2026-4,108964.8,28845.239,7927.189,4626.779,0,14506.847,5570.015,3342.009,28.437,13.151,7.719,154.413,0.835,0.98,0.925,0.68547619,0.955,0.884,0.95,2.819,866.973,3469.559,2677.144,12.56456274,8.551732376,267.7693486,0,17,4,1.5,31.422,15.116,8.939,166.933,47.002,14506.847,150092.796,271.211,116891.989,33472.018,21.328,8.768,126.417,7.109,4.384,27.997,23.567,10.078,136.667,7.856,5.039,30.267,3.128,1.904,1.396,2.539,3680.479,3204.097,843.153,2836.798,2190.842,974.53,0.901,2592.718
JPM,Budget,260403002,2026,4,3,2,2026-4,108964.8,28845.239,7927.189,4626.779,0,14506.847,5570.015,3342.009,28.437,13.151,7.719,154.413,0.835,0.98,0.925,0.68547619,0.955,0.884,0.95,2.819,866.973,3469.559,2677.144,12.56456274,8.551732376,267.7693486,0,17,4,1.5,31.422,15.116,8.939,166.933,47.002,14506.847,150092.796,271.211,116891.989,33472.018,21.328,8.768,126.417,7.109,4.384,27.997,23.567,10.078,136.667,7.856,5.039,30.267,3.128,1.904,1.396,2.539,3680.479,3204.097,843.153,2836.798,2190.842,974.53,0.901,2592.718
JPM,Budget,260404001,2026,4,4,1,2026-4,108964.8,28845.239,7927.189,4626.779,0,14506.847,5570.015,3342.009,28.437,13.151,7.719,154.413,0.835,0.98,0.925,0.68547619,0.955,0.884,0.95,2.819,866.973,3469.559,2677.144,12.56456274,8.551732376,267.7693486,0,17,4,1.5,31.422,15.116,8.939,166.933,47.002,14506.847,150092.796,271.211,116891.989,33472.018,21.328,8.768,126.417,7.109,4.384,27.997,23.567,10.078,136.667,7.856,5.039,30.267,3.128,1.904,1.396,2.539,3680.479,3204.097,843.153,2836.798,2190.842,974.53,0.901,2592.718
JPM,Budget,260404002,2026,4,4,2,2026-4,108964.8,28845.239,7927.189,4626.779,0,14506.847,5570.015,3342.009,28.437,13.151,7.719,154.413,0.835,0.98,0.925,0.68547619,0.955,0.884,0.95,2.819,866.973,3469.559,2677.144,12.56456274,8.551732376,267.7693486,0,17,4,1.5,31.422,15.116,8.939,166.933,47.002,14506.847,150092.796,271.211,116891.989,33472.018,21.328,8.768,126.417,7.109,4.384,27.997,23.567,10.078,136.667,7.856,5.039,30.267,3.128,1.904,1.396,2.539,3680.479,3204.097,843.153,2836.798,2190.842,974.53,0.901,2592.718
JPM,Budget,260405001,2026,4,5,1,2026-4,108964.8,28845.239,7927.189,4626.779,0,14506.847,5570.015,3342.009,28.437,13.151,7.719,154.413,0.835,0.98,0.925,0.68547619,0.955,0.884,0.95,2.819,866.973,3469.559,2677.144,12.56456274,8.551732376,267.7693486,0,17,4,1.5,31.422,15.116,8.939,166.933,47.002,14506.847,150092.796,271.211,116891.989,33472.018,21.328,8.768,126.417,7.109,4.384,27.997,23.567,10.078,136.667,7.856,5.039,30.267,3.128,1.904,1.396,2.539,3680.479,3204.097,843.153,2836.798,2190.842,974.53,0.901,2592.718
JPM,Budget,260405002,2026,4,5,2,2026-4,108964.8,28845.239,7927.189,4626.779,0,14506.847,5570.015,3342.009,28.437,13.151,7.719,154.413,0.835,0.98,0.925,0.68547619,0.955,0.884,0.95,2.819,866.973,3469.559,2677.144,12.56456274,8.551732376,267.7693486,0,17,4,1.5,31.422,15.116,8.939,166.933,47.002,14506.847,150092.796,271.211,116891.989,33472.018,21.328,8.768,126.417,7.109,4.384,27.997,23.567,10.078,136.667,7.856,5.039,30.267,3.128,1.904,1.396,2.539,3680.479,3204.097,843.153,2836.798,2190.842,974.53,0.901,2592.718
JPM,Budget,260406001,2026,4,6,1,2026-4,108964.8,28845.239,7927.189,4626.779,0,14506.847,5570.015,3342.009,28.437,13.151,7.719,154.413,0.835,0.98,0.925,0.68547619,0.955,0.884,0.95,2.819,866.973,3469.559,2677.144,12.56456274,8.551732376,267.7693486,0,17,4,1.5,31.422,15.116,8.939,166.933,47.002,14506.847,150092.796,271.211,116891.989,33472.018,21.328,8.768,126.417,7.109,4.384,27.997,23.567,10.078,136.667,7.856,5.039,30.267,3.128,1.904,1.396,2.539,3680.479,3204.097,843.153,2836.798,2190.842,974.53,0.901,2592.718
JPM,Budget,260406002,2026,4,6,2,2026-4,108964.8,28845.239,7927.189,4626.779,0,14506.847,5570.015,3342.009,28.437,13.151,7.719,154.413,0.835,0.98,0.925,0.68547619,0.955,0.884,0.95,2.819,866.973,3469.559,2677.144,12.56456274,8.551732376,267.7693486,0,17,4,1.5,31.422,15.116,8.939,166.933,47.002,14506.847,150092.796,271.211,116891.989,33472.018,21.328,8.768,126.417,7.109,4.384,27.997,23.567,10.078,136.667,7.856,5.039,30.267,3.128,1.904,1.396,2.539,3680.479,3204.097,843.153,2836.798,2190.842,974.53,0.901,2592.718
JPM,Budget,260407001,2026,4,7,1,2026-4,108964.8,28845.239,7927.189,4626.779,0,14506.847,5570.015,3342.009,28.437,13.151,7.719,154.413,0.835,0.98,0.925,0.68547619,0.955,0.884,0.95,2.819,866.973,3469.559,2677.144,12.56456274,8.551732376,267.7693486,0,17,4,1.5,31.422,15.116,8.939,166.933,47.002,14506.847,150092.796,271.211,116891.989,33472.018,21.328,8.768,126.417,7.109,4.384,27.997,23.567,10.078,136.667,7.856,5.039,30.267,3.128,1.904,1.396,2.539,3680.479,3204.097,843.153,2836.798,2190.842,974.53,0.901,2592.718
JPM,Budget,260407002,2026,4,7,2,2026-4,108964.8,28845.239,7927.189,4626.779,0,14506.847,5570.015,3342.009,28.437,13.151,7.719,154.413,0.835,0.98,0.925,0.68547619,0.955,0.884,0.95,2.819,866.973,3469.559,2677.144,12.56456274,8.551732376,267.7693486,0,17,4,1.5,31.422,15.116,8.939,166.933,47.002,14506.847,150092.796,271.211,116891.989,33472.018,21.328,8.768,126.417,7.109,4.384,27.997,23.567,10.078,136.667,7.856,5.039,30.267,3.128,1.904,1.396,2.539,3680.479,3204.097,843.153,2836.798,2190.842,974.53,0.901,2592.718
JPM,Budget,260408001,2026,4,8,1,2026-4,108964.8,28845.239,7927.189,4626.779,0,14506.847,5570.015,3342.009,28.437,13.151,7.719,154.413,0.835,0.98,0.925,0.68547619,0.955,0.884,0.95,2.819,866.973,3469.559,2677.144,12.56456274,8.551732376,267.7693486,0,17,4,1.5,31.422,15.116,8.939,166.933,47.002,14506.847,150092.796,271.211,116891.989,33472.018,21.328,8.768,126.417,7.109,4.384,27.997,23.567,10.078,136.667,7.856,5.039,30.267,3.128,1.904,1.396,2.539,3680.479,3204.097,843.153,2836.798,2190.842,974.53,0.901,2592.718
JPM,Budget,260408002,2026,4,8,2,2026-4,108964.8,28845.239,7927.189,4626.779,0,14506.847,5570.015,3342.009,28.437,13.151,7.719,154.413,0.835,0.98,0.925,0.68547619,0.955,0.884,0.95,2.819,866.973,3469.559,2677.144,12.56456274,8.551732376,267.7693486,0,17,4,1.5,31.422,15.116,8.939,166.933,47.002,14506.847,150092.796,271.211,116891.989,33472.018,21.328,8.768,126.417,7.109,4.384,27.997,23.567,10.078,136.667,7.856,5.039,30.267,3.128,1.904,1.396,2.539,3680.479,3204.097,843.153,2836.798,2190.842,974.53,0.901,2592.718
JPM,Budget,260409001,2026,4,9,1,2026-4,108964.8,28845.239,7927.189,4626.779,0,14506.847,5570.015,3342.009,28.437,13.151,7.719,154.413,0.835,0.98,0.925,0.68547619,0.955,0.884,0.95,2.819,866.973,3469.559,2677.144,12.56456274,8.551732376,267.7693486,0,17,4,1.5,31.422,15.116,8.939,166.933,47.002,14506.847,150092.796,271.211,116891.989,33472.018,21.328,8.768,126.417,7.109,4.384,27.997,23.567,10.078,136.667,7.856,5.039,30.267,3.128,1.904,1.396,2.539,3680.479,3204.097,843.153,2836.798,2190.842,974.53,0.901,2592.718
JPM,Budget,260409002,2026,4,9,2,2026-4,108964.8,28845.239,7927.189,4626.779,0,14506.847,5570.015,3342.009,28.437,13.151,7.719,154.413,0.835,0.98,0.925,0.68547619,0.955,0.884,0.95,2.819,866.973,3469.559,2677.144,12.56456274,8.551732376,267.7693486,0,17,4,1.5,31.422,15.116,8.939,166.933,47.002,14506.847,150092.796,271.211,116891.989,33472.018,21.328,8.768,126.417,7.109,4.384,27.997,23.567,10.078,136.667,7.856,5.039,30.267,3.128,1.904,1.396,2.539,3680.479,3204.097,843.153,2836.798,2190.842,974.53,0.901,2592.718
JPM,Budget,260410001,2026,4,10,1,2026-4,108964.8,28845.239,7927.189,4626.779,0,14506.847,5570.015,3342.009,28.437,13.151,7.719,154.413,0.835,0.98,0.925,0.68547619,0.955,0.884,0.95,2.819,866.973,3469.559,2677.144,12.56456274,8.551732376,267.7693486,0,17,4,1.5,31.422,15.116,8.939,166.933,47.002,14506.847,150092.796,271.211,116891.989,33472.018,21.328,8.768,126.417,7.109,4.384,27.997,23.567,10.078,136.667,7.856,5.039,30.267,3.128,1.904,1.396,2.539,3680.479,3204.097,843.153,2836.798,2190.842,974.53,0.901,2592.718
JPM,Budget,260410002,2026,4,10,2,2026-4,108964.8,28845.239,7927.189,4626.779,0,14506.847,5570.015,3342.009,28.437,13.151,7.719,154.413,0.835,0.98,0.925,0.68547619,0.955,0.884,0.95,2.819,866.973,3469.559,2677.144,12.56456274,8.551732376,267.7693486,0,17,4,1.5,31.422,15.116,8.939,166.933,47.002,14506.847,150092.796,271.211,116891.989,33472.018,21.328,8.768,126.417,7.109,4.384,27.997,23.567,10.078,136.667,7.856,5.039,30.267,3.128,1.904,1.396,2.539,3680.479,3204.097,843.153,2836.798,2190.842,974.53,0.901,2592.718
JPM,Budget,260411001,2026,4,11,1,2026-4,108964.8,28845.239,7927.189,4626.779,0,14506.847,5570.015,3342.009,28.437,13.151,7.719,154.413,0.835,0.98,0.925,0.68547619,0.955,0.884,0.95,2.819,866.973,3469.559,2677.144,12.56456274,8.551732376,267.7693486,0,17,4,1.5,31.422,15.116,8.939,166.933,47.002,14506.847,150092.796,271.211,116891.989,33472.018,21.328,8.768,126.417,7.109,4.384,27.997,23.567,10.078,136.667,7.856,5.039,30.267,3.128,1.904,1.396,2.539,3680.479,3204.097,843.153,2836.798,2190.842,974.53,0.901,2592.718
JPM,Budget,260411002,2026,4,11,2,2026-4,108964.8,28845.239,7927.189,4626.779,0,14506.847,5570.015,3342.009,28.437,13.151,7.719,154.413,0.835,0.98,0.925,0.68547619,0.955,0.884,0.95,2.819,866.973,3469.559,2677.144,12.56456274,8.551732376,267.7693486,0,17,4,1.5,31.422,15.116,8.939,166.933,47.002,14506.847,150092.796,271.211,116891.989,33472.018,21.328,8.768,126.417,7.109,4.384,27.997,23.567,10.078,136.667,7.856,5.039,30.267,3.128,1.904,1.396,2.539,3680.479,3204.097,843.153,2836.798,2190.842,974.53,0.901,2592.718
JPM,Budget,260412001,2026,4,12,1,2026-4,108964.8,28845.239,7927.189,4626.779,0,14506.847,5570.015,3342.009,28.437,13.151,7.719,154.413,0.835,0.98,0.925,0.68547619,0.955,0.884,0.95,2.819,866.973,3469.559,2677.144,12.56456274,8.551732376,267.7693486,0,17,4,1.5,31.422,15.116,8.939,166.933,47.002,14506.847,150092.796,271.211,116891.989,33472.018,21.328,8.768,126.417,7.109,4.384,27.997,23.567,10.078,136.667,7.856,5.039,30.267,3.128,1.904,1.396,2.539,3680.479,3204.097,843.153,2836.798,2190.842,974.53,0.901,2592.718
JPM,Budget,260412002,2026,4,12,2,2026-4,108964.8,28845.239,7927.189,4626.779,0,14506.847,5570.015,3342.009,28.437,13.151,7.719,154.413,0.835,0.98,0.925,0.68547619,0.955,0.884,0.95,2.819,866.973,3469.559,2677.144,12.56456274,8.551732376,267.7693486,0,17,4,1.5,31.422,15.116,8.939,166.933,47.002,14506.847,150092.796,271.211,116891.989,33472.018,21.328,8.768,126.417,7.109,4.384,27.997,23.567,10.078,136.667,7.856,5.039,30.267,3.128,1.904,1.396,2.539,3680.479,3204.097,843.153,2836.798,2190.842,974.53,0.901,2592.718
JPM,Budget,260413001,2026,4,13,1,2026-4,108964.8,28845.239,7927.189,4626.779,0,14506.847,5570.015,3342.009,28.437,13.151,7.719,154.413,0.835,0.98,0.925,0.68547619,0.955,0.884,0.95,2.819,866.973,3469.559,2677.144,12.56456274,8.551732376,267.7693486,0,17,4,1.5,31.422,15.116,8.939,166.933,47.002,14506.847,150092.796,271.211,116891.989,33472.018,21.328,8.768,126.417,7.109,4.384,27.997,23.567,10.078,136.667,7.856,5.039,30.267,3.128,1.904,1.396,2.539,3680.479,3204.097,843.153,2836.798,2190.842,974.53,0.901,2592.718
JPM,Budget,260413002,2026,4,13,2,2026-4,108964.8,28845.239,7927.189,4626.779,0,14506.847,5570.015,3342.009,28.437,13.151,7.719,154.413,0.835,0.98,0.925,0.68547619,0.955,0.884,0.95,2.819,866.973,3469.559,2677.144,12.56456274,8.551732376,267.7693486,0,17,4,1.5,31.422,15.116,8.939,166.933,47.002,14506.847,150092.796,271.211,116891.989,33472.018,21.328,8.768,126.417,7.109,4.384,27.997,23.567,10.078,136.667,7.856,5.039,30.267,3.128,1.904,1.396,2.539,3680.479,3204.097,843.153,2836.798,2190.842,974.53,0.901,2592.718
JPM,Budget,260414001,2026,4,14,1,2026-4,108964.8,28845.239,7927.189,4626.779,0,14506.847,5570.015,3342.009,28.437,13.151,7.719,154.413,0.835,0.98,0.925,0.68547619,0.955,0.884,0.95,2.819,866.973,3469.559,2677.144,12.56456274,8.551732376,267.7693486,0,17,4,1.5,31.422,15.116,8.939,166.933,47.002,14506.847,150092.796,271.211,116891.989,33472.018,21.328,8.768,126.417,7.109,4.384,27.997,23.567,10.078,136.667,7.856,5.039,30.267,3.128,1.904,1.396,2.539,3680.479,3204.097,843.153,2836.798,2190.842,974.53,0.901,2592.718
JPM,Budget,260414002,2026,4,14,2,2026-4,108964.8,28845.239,7927.189,4626.779,0,14506.847,5570.015,3342.009,28.437,13.151,7.719,154.413,0.835,0.98,0.925,0.68547619,0.955,0.884,0.95,2.819,866.973,3469.559,2677.144,12.56456274,8.551732376,267.7693486,0,17,4,1.5,31.422,15.116,8.939,166.933,47.002,14506.847,150092.796,271.211,116891.989,33472.018,21.328,8.768,126.417,7.109,4.384,27.997,23.567,10.078,136.667,7.856,5.039,30.267,3.128,1.904,1.396,2.539,3680.479,3204.097,843.153,2836.798,2190.842,974.53,0.901,2592.718
JPM,Budget,260415001,2026,4,15,1,2026-4,108964.8,28845.239,7927.189,4626.779,0,14506.847,5570.015,3342.009,28.437,13.151,7.719,154.413,0.835,0.98,0.925,0.68547619,0.955,0.884,0.95,2.819,866.973,3469.559,2677.144,12.56456274,8.551732376,267.7693486,0,17,4,1.5,31.422,15.116,8.939,166.933,47.002,14506.847,150092.796,271.211,116891.989,33472.018,21.328,8.768,126.417,7.109,4.384,27.997,23.567,10.078,136.667,7.856,5.039,30.267,3.128,1.904,1.396,2.539,3680.479,3204.097,843.153,2836.798,2190.842,974.53,0.901,2592.718
JPM,Budget,260415002,2026,4,15,2,2026-4,108964.8,28845.239,7927.189,4626.779,0,14506.847,5570.015,3342.009,28.437,13.151,7.719,154.413,0.835,0.98,0.925,0.68547619,0.955,0.884,0.95,2.819,866.973,3469.559,2677.144,12.56456274,8.551732376,267.7693486,0,17,4,1.5,31.422,15.116,8.939,166.933,47.002,14506.847,150092.796,271.211,116891.989,33472.018,21.328,8.768,126.417,7.109,4.384,27.997,23.567,10.078,136.667,7.856,5.039,30.267,3.128,1.904,1.396,2.539,3680.479,3204.097,843.153,2836.798,2190.842,974.53,0.901,2592.718
JPM,Budget,260416001,2026,4,16,1,2026-4,108964.8,28845.239,7927.189,4626.779,0,14506.847,5570.015,3342.009,28.437,13.151,7.719,154.413,0.835,0.98,0.925,0.68547619,0.955,0.884,0.95,2.819,866.973,3469.559,2677.144,12.56456274,8.551732376,267.7693486,0,17,4,1.5,31.422,15.116,8.939,166.933,47.002,14506.847,150092.796,271.211,116891.989,33472.018,21.328,8.768,126.417,7.109,4.384,27.997,23.567,10.078,136.667,7.856,5.039,30.267,3.128,1.904,1.396,2.539,3680.479,3204.097,843.153,2836.798,2190.842,974.53,0.901,2592.718
JPM,Budget,260416002,2026,4,16,2,2026-4,108964.8,28845.239,7927.189,4626.779,0,14506.847,5570.015,3342.009,28.437,13.151,7.719,154.413,0.835,0.98,0.925,0.68547619,0.955,0.884,0.95,2.819,866.973,3469.559,2677.144,12.56456274,8.551732376,267.7693486,0,17,4,1.5,31.422,15.116,8.939,166.933,47.002,14506.847,150092.796,271.211,116891.989,33472.018,21.328,8.768,126.417,7.109,4.384,27.997,23.567,10.078,136.667,7.856,5.039,30.267,3.128,1.904,1.396,2.539,3680.479,3204.097,843.153,2836.798,2190.842,974.53,0.901,2592.718
JPM,Budget,260417001,2026,4,17,1,2026-4,108964.8,28845.239,7927.189,4626.779,0,14506.847,5570.015,3342.009,28.437,13.151,7.719,154.413,0.835,0.98,0.925,0.68547619,0.955,0.884,0.95,2.819,866.973,3469.559,2677.144,12.56456274,8.551732376,267.7693486,0,17,4,1.5,31.422,15.116,8.939,166.933,47.002,14506.847,150092.796,271.211,116891.989,33472.018,21.328,8.768,126.417,7.109,4.384,27.997,23.567,10.078,136.667,7.856,5.039,30.267,3.128,1.904,1.396,2.539,3680.479,3204.097,843.153,2836.798,2190.842,974.53,0.901,2592.718
JPM,Budget,260417002,2026,4,17,2,2026-4,108964.8,28845.239,7927.189,4626.779,0,14506.847,5570.015,3342.009,28.437,13.151,7.719,154.413,0.835,0.98,0.925,0.68547619,0.955,0.884,0.95,2.819,866.973,3469.559,2677.144,12.56456274,8.551732376,267.7693486,0,17,4,1.5,31.422,15.116,8.939,166.933,47.002,14506.847,150092.796,271.211,116891.989,33472.018,21.328,8.768,126.417,7.109,4.384,27.997,23.567,10.078,136.667,7.856,5.039,30.267,3.128,1.904,1.396,2.539,3680.479,3204.097,843.153,2836.798,2190.842,974.53,0.901,2592.718
JPM,Budget,260418001,2026,4,18,1,2026-4,108964.8,28845.239,7927.189,4626.779,0,14506.847,5570.015,3342.009,28.437,13.151,7.719,154.413,0.835,0.98,0.925,0.68547619,0.955,0.884,0.95,2.819,866.973,3469.559,2677.144,12.56456274,8.551732376,267.7693486,0,17,4,1.5,31.422,15.116,8.939,166.933,47.002,14506.847,150092.796,271.211,116891.989,33472.018,21.328,8.768,126.417,7.109,4.384,27.997,23.567,10.078,136.667,7.856,5.039,30.267,3.128,1.904,1.396,2.539,3680.479,3204.097,843.153,2836.798,2190.842,974.53,0.901,2592.718
JPM,Budget,260418002,2026,4,18,2,2026-4,108964.8,28845.239,7927.189,4626.779,0,14506.847,5570.015,3342.009,28.437,13.151,7.719,154.413,0.835,0.98,0.925,0.68547619,0.955,0.884,0.95,2.819,866.973,3469.559,2677.144,12.56456274,8.551732376,267.7693486,0,17,4,1.5,31.422,15.116,8.939,166.933,47.002,14506.847,150092.796,271.211,116891.989,33472.018,21.328,8.768,126.417,7.109,4.384,27.997,23.567,10.078,136.667,7.856,5.039,30.267,3.128,1.904,1.396,2.539,3680.479,3204.097,843.153,2836.798,2190.842,974.53,0.901,2592.718
JPM,Budget,260419001,2026,4,19,1,2026-4,108964.8,28845.239,7927.189,4626.779,0,14506.847,5570.015,3342.009,28.437,13.151,7.719,154.413,0.835,0.98,0.925,0.68547619,0.955,0.884,0.95,2.819,866.973,3469.559,2677.144,12.56456274,8.551732376,267.7693486,0,17,4,1.5,31.422,15.116,8.939,166.933,47.002,14506.847,150092.796,271.211,116891.989,33472.018,21.328,8.768,126.417,7.109,4.384,27.997,23.567,10.078,136.667,7.856,5.039,30.267,3.128,1.904,1.396,2.539,3680.479,3204.097,843.153,2836.798,2190.842,974.53,0.901,2592.718
JPM,Budget,260419002,2026,4,19,2,2026-4,108964.8,28845.239,7927.189,4626.779,0,14506.847,5570.015,3342.009,28.437,13.151,7.719,154.413,0.835,0.98,0.925,0.68547619,0.955,0.884,0.95,2.819,866.973,3469.559,2677.144,12.56456274,8.551732376,267.7693486,0,17,4,1.5,31.422,15.116,8.939,166.933,47.002,14506.847,150092.796,271.211,116891.989,33472.018,21.328,8.768,126.417,7.109,4.384,27.997,23.567,10.078,136.667,7.856,5.039,30.267,3.128,1.904,1.396,2.539,3680.479,3204.097,843.153,2836.798,2190.842,974.53,0.901,2592.718
JPM,Budget,260420001,2026,4,20,1,2026-4,108964.8,28845.239,7927.189,4626.779,0,14506.847,5570.015,3342.009,28.437,13.151,7.719,154.413,0.835,0.98,0.925,0.68547619,0.955,0.884,0.95,2.819,866.973,3469.559,2677.144,12.56456274,8.551732376,267.7693486,0,17,4,1.5,31.422,15.116,8.939,166.933,47.002,14506.847,150092.796,271.211,116891.989,33472.018,21.328,8.768,126.417,7.109,4.384,27.997,23.567,10.078,136.667,7.856,5.039,30.267,3.128,1.904,1.396,2.539,3680.479,3204.097,843.153,2836.798,2190.842,974.53,0.901,2592.718
JPM,Budget,260420002,2026,4,20,2,2026-4,108964.8,28845.239,7927.189,4626.779,0,14506.847,5570.015,3342.009,28.437,13.151,7.719,154.413,0.835,0.98,0.925,0.68547619,0.955,0.884,0.95,2.819,866.973,3469.559,2677.144,12.56456274,8.551732376,267.7693486,0,17,4,1.5,31.422,15.116,8.939,166.933,47.002,14506.847,150092.796,271.211,116891.989,33472.018,21.328,8.768,126.417,7.109,4.384,27.997,23.567,10.078,136.667,7.856,5.039,30.267,3.128,1.904,1.396,2.539,3680.479,3204.097,843.153,2836.798,2190.842,974.53,0.901,2592.718
JPM,Budget,260421001,2026,4,21,1,2026-4,108964.8,28845.239,7927.189,4626.779,0,14506.847,5570.015,3342.009,28.437,13.151,7.719,154.413,0.835,0.98,0.925,0.68547619,0.955,0.884,0.95,2.819,866.973,3469.559,2677.144,12.56456274,8.551732376,267.7693486,0,17,4,1.5,31.422,15.116,8.939,166.933,47.002,14506.847,150092.796,271.211,116891.989,33472.018,21.328,8.768,126.417,7.109,4.384,27.997,23.567,10.078,136.667,7.856,5.039,30.267,3.128,1.904,1.396,2.539,3680.479,3204.097,843.153,2836.798,2190.842,974.53,0.901,2592.718
JPM,Budget,260421002,2026,4,21,2,2026-4,108964.8,28845.239,7927.189,4626.779,0,14506.847,5570.015,3342.009,28.437,13.151,7.719,154.413,0.835,0.98,0.925,0.68547619,0.955,0.884,0.95,2.819,866.973,3469.559,2677.144,12.56456274,8.551732376,267.7693486,0,17,4,1.5,31.422,15.116,8.939,166.933,47.002,14506.847,150092.796,271.211,116891.989,33472.018,21.328,8.768,126.417,7.109,4.384,27.997,23.567,10.078,136.667,7.856,5.039,30.267,3.128,1.904,1.396,2.539,3680.479,3204.097,843.153,2836.798,2190.842,974.53,0.901,2592.718
JPM,Budget,260422001,2026,4,22,1,2026-4,108964.8,28845.239,7927.189,4626.779,0,14506.847,5570.015,3342.009,28.437,13.151,7.719,154.413,0.835,0.98,0.925,0.68547619,0.955,0.884,0.95,2.819,866.973,3469.559,2677.144,12.56456274,8.551732376,267.7693486,0,17,4,1.5,31.422,15.116,8.939,166.933,47.002,14506.847,150092.796,271.211,116891.989,33472.018,21.328,8.768,126.417,7.109,4.384,27.997,23.567,10.078,136.667,7.856,5.039,30.267,3.128,1.904,1.396,2.539,3680.479,3204.097,843.153,2836.798,2190.842,974.53,0.901,2592.718
JPM,Budget,260422002,2026,4,22,2,2026-4,108964.8,28845.239,7927.189,4626.779,0,14506.847,5570.015,3342.009,28.437,13.151,7.719,154.413,0.835,0.98,0.925,0.68547619,0.955,0.884,0.95,2.819,866.973,3469.559,2677.144,12.56456274,8.551732376,267.7693486,0,17,4,1.5,31.422,15.116,8.939,166.933,47.002,14506.847,150092.796,271.211,116891.989,33472.018,21.328,8.768,126.417,7.109,4.384,27.997,23.567,10.078,136.667,7.856,5.039,30.267,3.128,1.904,1.396,2.539,3680.479,3204.097,843.153,2836.798,2190.842,974.53,0.901,2592.718
JPM,Budget,260423001,2026,4,23,1,2026-4,108964.8,28845.239,7927.189,4626.779,0,14506.847,5570.015,3342.009,28.437,13.151,7.719,154.413,0.835,0.98,0.925,0.68547619,0.955,0.884,0.95,2.819,866.973,3469.559,2677.144,12.56456274,8.551732376,267.7693486,0,17,4,1.5,31.422,15.116,8.939,166.933,47.002,14506.847,150092.796,271.211,116891.989,33472.018,21.328,8.768,126.417,7.109,4.384,27.997,23.567,10.078,136.667,7.856,5.039,30.267,3.128,1.904,1.396,2.539,3680.479,3204.097,843.153,2836.798,2190.842,974.53,0.901,2592.718
JPM,Budget,260423002,2026,4,23,2,2026-4,108964.8,28845.239,7927.189,4626.779,0,14506.847,5570.015,3342.009,28.437,13.151,7.719,154.413,0.835,0.98,0.925,0.68547619,0.955,0.884,0.95,2.819,866.973,3469.559,2677.144,12.56456274,8.551732376,267.7693486,0,17,4,1.5,31.422,15.116,8.939,166.933,47.002,14506.847,150092.796,271.211,116891.989,33472.018,21.328,8.768,126.417,7.109,4.384,27.997,23.567,10.078,136.667,7.856,5.039,30.267,3.128,1.904,1.396,2.539,3680.479,3204.097,843.153,2836.798,2190.842,974.53,0.901,2592.718
JPM,Budget,260424001,2026,4,24,1,2026-4,108964.8,28845.239,7927.189,4626.779,0,14506.847,5570.015,3342.009,28.437,13.151,7.719,154.413,0.835,0.98,0.925,0.68547619,0.955,0.884,0.95,2.819,866.973,3469.559,2677.144,12.56456274,8.551732376,267.7693486,0,17,4,1.5,31.422,15.116,8.939,166.933,47.002,14506.847,150092.796,271.211,116891.989,33472.018,21.328,8.768,126.417,7.109,4.384,27.997,23.567,10.078,136.667,7.856,5.039,30.267,3.128,1.904,1.396,2.539,3680.479,3204.097,843.153,2836.798,2190.842,974.53,0.901,2592.718
JPM,Budget,260424002,2026,4,24,2,2026-4,108964.8,28845.239,7927.189,4626.779,0,14506.847,5570.015,3342.009,28.437,13.151,7.719,154.413,0.835,0.98,0.925,0.68547619,0.955,0.884,0.95,2.819,866.973,3469.559,2677.144,12.56456274,8.551732376,267.7693486,0,17,4,1.5,31.422,15.116,8.939,166.933,47.002,14506.847,150092.796,271.211,116891.989,33472.018,21.328,8.768,126.417,7.109,4.384,27.997,23.567,10.078,136.667,7.856,5.039,30.267,3.128,1.904,1.396,2.539,3680.479,3204.097,843.153,2836.798,2190.842,974.53,0.901,2592.718
JPM,Budget,260425001,2026,4,25,1,2026-4,108964.8,28845.239,7927.189,4626.779,0,14506.847,5570.015,3342.009,28.437,13.151,7.719,154.413,0.835,0.98,0.925,0.68547619,0.955,0.884,0.95,2.819,866.973,3469.559,2677.144,12.56456274,8.551732376,267.7693486,0,17,4,1.5,31.422,15.116,8.939,166.933,47.002,14506.847,150092.796,271.211,116891.989,33472.018,21.328,8.768,126.417,7.109,4.384,27.997,23.567,10.078,136.667,7.856,5.039,30.267,3.128,1.904,1.396,2.539,3680.479,3204.097,843.153,2836.798,2190.842,974.53,0.901,2592.718
JPM,Budget,260425002,2026,4,25,2,2026-4,108964.8,28845.239,7927.189,4626.779,0,14506.847,5570.015,3342.009,28.437,13.151,7.719,154.413,0.835,0.98,0.925,0.68547619,0.955,0.884,0.95,2.819,866.973,3469.559,2677.144,12.56456274,8.551732376,267.7693486,0,17,4,1.5,31.422,15.116,8.939,166.933,47.002,14506.847,150092.796,271.211,116891.989,33472.018,21.328,8.768,126.417,7.109,4.384,27.997,23.567,10.078,136.667,7.856,5.039,30.267,3.128,1.904,1.396,2.539,3680.479,3204.097,843.153,2836.798,2190.842,974.53,0.901,2592.718
JPM,Budget,260426001,2026,4,26,1,2026-4,108964.8,28845.239,7927.189,4626.779,0,14506.847,5570.015,3342.009,28.437,13.151,7.719,154.413,0.835,0.98,0.925,0.68547619,0.955,0.884,0.95,2.819,866.973,3469.559,2677.144,12.56456274,8.551732376,267.7693486,0,17,4,1.5,31.422,15.116,8.939,166.933,47.002,14506.847,150092.796,271.211,116891.989,33472.018,21.328,8.768,126.417,7.109,4.384,27.997,23.567,10.078,136.667,7.856,5.039,30.267,3.128,1.904,1.396,2.539,3680.479,3204.097,843.153,2836.798,2190.842,974.53,0.901,2592.718
JPM,Budget,260426002,2026,4,26,2,2026-4,108964.8,28845.239,7927.189,4626.779,0,14506.847,5570.015,3342.009,28.437,13.151,7.719,154.413,0.835,0.98,0.925,0.68547619,0.955,0.884,0.95,2.819,866.973,3469.559,2677.144,12.56456274,8.551732376,267.7693486,0,17,4,1.5,31.422,15.116,8.939,166.933,47.002,14506.847,150092.796,271.211,116891.989,33472.018,21.328,8.768,126.417,7.109,4.384,27.997,23.567,10.078,136.667,7.856,5.039,30.267,3.128,1.904,1.396,2.539,3680.479,3204.097,843.153,2836.798,2190.842,974.53,0.901,2592.718
JPM,Budget,260427001,2026,4,27,1,2026-4,108964.8,28845.239,7927.189,4626.779,0,14506.847,5570.015,3342.009,28.437,13.151,7.719,154.413,0.835,0.98,0.925,0.68547619,0.955,0.884,0.95,2.819,866.973,3469.559,2677.144,12.56456274,8.551732376,267.7693486,0,17,4,1.5,31.422,15.116,8.939,166.933,47.002,14506.847,150092.796,271.211,116891.989,33472.018,21.328,8.768,126.417,7.109,4.384,27.997,23.567,10.078,136.667,7.856,5.039,30.267,3.128,1.904,1.396,2.539,3680.479,3204.097,843.153,2836.798,2190.842,974.53,0.901,2592.718
JPM,Budget,260427002,2026,4,27,2,2026-4,108964.8,28845.239,7927.189,4626.779,0,14506.847,5570.015,3342.009,28.437,13.151,7.719,154.413,0.835,0.98,0.925,0.68547619,0.955,0.884,0.95,2.819,866.973,3469.559,2677.144,12.56456274,8.551732376,267.7693486,0,17,4,1.5,31.422,15.116,8.939,166.933,47.002,14506.847,150092.796,271.211,116891.989,33472.018,21.328,8.768,126.417,7.109,4.384,27.997,23.567,10.078,136.667,7.856,5.039,30.267,3.128,1.904,1.396,2.539,3680.479,3204.097,843.153,2836.798,2190.842,974.53,0.901,2592.718
JPM,Budget,260428001,2026,4,28,1,2026-4,108964.8,28845.239,7927.189,4626.779,0,14506.847,5570.015,3342.009,28.437,13.151,7.719,154.413,0.835,0.98,0.925,0.68547619,0.955,0.884,0.95,2.819,866.973,3469.559,2677.144,12.56456274,8.551732376,267.7693486,0,17,4,1.5,31.422,15.116,8.939,166.933,47.002,14506.847,150092.796,271.211,116891.989,33472.018,21.328,8.768,126.417,7.109,4.384,27.997,23.567,10.078,136.667,7.856,5.039,30.267,3.128,1.904,1.396,2.539,3680.479,3204.097,843.153,2836.798,2190.842,974.53,0.901,2592.718
JPM,Budget,260428002,2026,4,28,2,2026-4,108964.8,28845.239,7927.189,4626.779,0,14506.847,5570.015,3342.009,28.437,13.151,7.719,154.413,0.835,0.98,0.925,0.68547619,0.955,0.884,0.95,2.819,866.973,3469.559,2677.144,12.56456274,8.551732376,267.7693486,0,17,4,1.5,31.422,15.116,8.939,166.933,47.002,14506.847,150092.796,271.211,116891.989,33472.018,21.328,8.768,126.417,7.109,4.384,27.997,23.567,10.078,136.667,7.856,5.039,30.267,3.128,1.904,1.396,2.539,3680.479,3204.097,843.153,2836.798,2190.842,974.53,0.901,2592.718
JPM,Budget,260429001,2026,4,29,1,2026-4,108964.8,28845.239,7927.189,4626.779,0,14506.847,5570.015,3342.009,28.437,13.151,7.719,154.413,0.835,0.98,0.925,0.68547619,0.955,0.884,0.95,2.819,866.973,3469.559,2677.144,12.56456274,8.551732376,267.7693486,0,17,4,1.5,31.422,15.116,8.939,166.933,47.002,14506.847,150092.796,271.211,116891.989,33472.018,21.328,8.768,126.417,7.109,4.384,27.997,23.567,10.078,136.667,7.856,5.039,30.267,3.128,1.904,1.396,2.539,3680.479,3204.097,843.153,2836.798,2190.842,974.53,0.901,2592.718
JPM,Budget,260429002,2026,4,29,2,2026-4,108964.8,28845.239,7927.189,4626.779,0,14506.847,5570.015,3342.009,28.437,13.151,7.719,154.413,0.835,0.98,0.925,0.68547619,0.955,0.884,0.95,2.819,866.973,3469.559,2677.144,12.56456274,8.551732376,267.7693486,0,17,4,1.5,31.422,15.116,8.939,166.933,47.002,14506.847,150092.796,271.211,116891.989,33472.018,21.328,8.768,126.417,7.109,4.384,27.997,23.567,10.078,136.667,7.856,5.039,30.267,3.128,1.904,1.396,2.539,3680.479,3204.097,843.153,2836.798,2190.842,974.53,0.901,2592.718
JPM,Budget,260430001,2026,4,30,1,2026-4,108964.8,28845.239,7927.189,4626.779,0,14506.847,5570.015,3342.009,28.437,13.151,7.719,154.413,0.835,0.98,0.925,0.68547619,0.955,0.884,0.95,2.819,866.973,3469.559,2677.144,12.56456274,8.551732376,267.7693486,0,17,4,1.5,31.422,15.116,8.939,166.933,47.002,14506.847,150092.796,271.211,116891.989,33472.018,21.328,8.768,126.417,7.109,4.384,27.997,23.567,10.078,136.667,7.856,5.039,30.267,3.128,1.904,1.396,2.539,3680.479,3204.097,843.153,2836.798,2190.842,974.53,0.901,2592.718
JPM,Budget,260430002,2026,4,30,2,2026-4,108964.8,28845.239,7927.189,4626.779,0,14506.847,5570.015,3342.009,28.437,13.151,7.719,154.413,0.835,0.98,0.925,0.68547619,0.955,0.884,0.95,2.819,866.973,3469.559,2677.144,12.56456274,8.551732376,267.7693486,0,17,4,1.5,31.422,15.116,8.939,166.933,47.002,14506.847,150092.796,271.211,116891.989,33472.018,21.328,8.768,126.417,7.109,4.384,27.997,23.567,10.078,136.667,7.856,5.039,30.267,3.128,1.904,1.396,2.539,3680.479,3204.097,843.153,2836.798,2190.842,974.53,0.901,2592.718
JPM,Budget,260501001,2026,5,1,1,2026-5,108964.8,30328.986,7927.189,4669.333,0,20770.196,5660.919,3396.552,34.07,8.768,7.719,154.413,0.835,0.98,0.925,0.821267281,0.955,0.884,0.95,2.707,877.746,3420.958,2165.045,12.37879559,9.580022406,271.0915159,0,17,4,1,37.647,10.078,8.938,166.933,46.593,20770.196,151627.846,262.462,116891.989,34998.319,25.553,6.137,125.065,8.518,2.63,29.349,28.235,7.054,135.205,9.412,3.023,31.728,3.019,1.819,1.656,2.313,3588.007,2439.882,852.823,2919.811,2027.318,983.951,0.901,2471.986
JPM,Budget,260501002,2026,5,1,2,2026-5,108964.8,30328.986,7927.189,4669.333,0,20770.196,5660.919,3396.552,34.07,8.768,7.719,154.413,0.835,0.98,0.925,0.821267281,0.955,0.884,0.95,2.707,877.746,3420.958,2165.045,12.37879559,9.580022406,271.0915159,0,17,4,1,37.647,10.078,8.938,166.933,46.593,20770.196,151627.846,262.462,116891.989,34998.319,25.553,6.137,125.065,8.518,2.63,29.349,28.235,7.054,135.205,9.412,3.023,31.728,3.019,1.819,1.656,2.313,3588.007,2439.882,852.823,2919.811,2027.318,983.951,0.901,2471.986
JPM,Budget,260502001,2026,5,2,1,2026-5,108964.8,30328.986,7927.189,4669.333,0,20770.196,5660.919,3396.552,34.07,8.768,7.719,154.413,0.835,0.98,0.925,0.821267281,0.955,0.884,0.95,2.707,877.746,3420.958,2165.045,12.37879559,9.580022406,271.0915159,0,17,4,1,37.647,10.078,8.938,166.933,46.593,20770.196,151627.846,262.462,116891.989,34998.319,25.553,6.137,125.065,8.518,2.63,29.349,28.235,7.054,135.205,9.412,3.023,31.728,3.019,1.819,1.656,2.313,3588.007,2439.882,852.823,2919.811,2027.318,983.951,0.901,2471.986
JPM,Budget,260502002,2026,5,2,2,2026-5,108964.8,30328.986,7927.189,4669.333,0,20770.196,5660.919,3396.552,34.07,8.768,7.719,154.413,0.835,0.98,0.925,0.821267281,0.955,0.884,0.95,2.707,877.746,3420.958,2165.045,12.37879559,9.580022406,271.0915159,0,17,4,1,37.647,10.078,8.938,166.933,46.593,20770.196,151627.846,262.462,116891.989,34998.319,25.553,6.137,125.065,8.518,2.63,29.349,28.235,7.054,135.205,9.412,3.023,31.728,3.019,1.819,1.656,2.313,3588.007,2439.882,852.823,2919.811,2027.318,983.951,0.901,2471.986
JPM,Budget,260503001,2026,5,3,1,2026-5,108964.8,30328.986,7927.189,4669.333,0,20770.196,5660.919,3396.552,34.07,8.768,7.719,154.413,0.835,0.98,0.925,0.821267281,0.955,0.884,0.95,2.707,877.746,3420.958,2165.045,12.37879559,9.580022406,271.0915159,0,17,4,1,37.647,10.078,8.938,166.933,46.593,20770.196,151627.846,262.462,116891.989,34998.319,25.553,6.137,125.065,8.518,2.63,29.349,28.235,7.054,135.205,9.412,3.023,31.728,3.019,1.819,1.656,2.313,3588.007,2439.882,852.823,2919.811,2027.318,983.951,0.901,2471.986
JPM,Budget,260503002,2026,5,3,2,2026-5,108964.8,30328.986,7927.189,4669.333,0,20770.196,5660.919,3396.552,34.07,8.768,7.719,154.413,0.835,0.98,0.925,0.821267281,0.955,0.884,0.95,2.707,877.746,3420.958,2165.045,12.37879559,9.580022406,271.0915159,0,17,4,1,37.647,10.078,8.938,166.933,46.593,20770.196,151627.846,262.462,116891.989,34998.319,25.553,6.137,125.065,8.518,2.63,29.349,28.235,7.054,135.205,9.412,3.023,31.728,3.019,1.819,1.656,2.313,3588.007,2439.882,852.823,2919.811,2027.318,983.951,0.901,2471.986
JPM,Budget,260504001,2026,5,4,1,2026-5,108964.8,30328.986,7927.189,4669.333,0,20770.196,5660.919,3396.552,34.07,8.768,7.719,154.413,0.835,0.98,0.925,0.821267281,0.955,0.884,0.95,2.707,877.746,3420.958,2165.045,12.37879559,9.580022406,271.0915159,0,17,4,1,37.647,10.078,8.938,166.933,46.593,20770.196,151627.846,262.462,116891.989,34998.319,25.553,6.137,125.065,8.518,2.63,29.349,28.235,7.054,135.205,9.412,3.023,31.728,3.019,1.819,1.656,2.313,3588.007,2439.882,852.823,2919.811,2027.318,983.951,0.901,2471.986
JPM,Budget,260504002,2026,5,4,2,2026-5,108964.8,30328.986,7927.189,4669.333,0,20770.196,5660.919,3396.552,34.07,8.768,7.719,154.413,0.835,0.98,0.925,0.821267281,0.955,0.884,0.95,2.707,877.746,3420.958,2165.045,12.37879559,9.580022406,271.0915159,0,17,4,1,37.647,10.078,8.938,166.933,46.593,20770.196,151627.846,262.462,116891.989,34998.319,25.553,6.137,125.065,8.518,2.63,29.349,28.235,7.054,135.205,9.412,3.023,31.728,3.019,1.819,1.656,2.313,3588.007,2439.882,852.823,2919.811,2027.318,983.951,0.901,2471.986
JPM,Budget,260505001,2026,5,5,1,2026-5,108964.8,30328.986,7927.189,4669.333,0,20770.196,5660.919,3396.552,34.07,8.768,7.719,154.413,0.835,0.98,0.925,0.821267281,0.955,0.884,0.95,2.707,877.746,3420.958,2165.045,12.37879559,9.580022406,271.0915159,0,17,4,1,37.647,10.078,8.938,166.933,46.593,20770.196,151627.846,262.462,116891.989,34998.319,25.553,6.137,125.065,8.518,2.63,29.349,28.235,7.054,135.205,9.412,3.023,31.728,3.019,1.819,1.656,2.313,3588.007,2439.882,852.823,2919.811,2027.318,983.951,0.901,2471.986
JPM,Budget,260505002,2026,5,5,2,2026-5,108964.8,30328.986,7927.189,4669.333,0,20770.196,5660.919,3396.552,34.07,8.768,7.719,154.413,0.835,0.98,0.925,0.821267281,0.955,0.884,0.95,2.707,877.746,3420.958,2165.045,12.37879559,9.580022406,271.0915159,0,17,4,1,37.647,10.078,8.938,166.933,46.593,20770.196,151627.846,262.462,116891.989,34998.319,25.553,6.137,125.065,8.518,2.63,29.349,28.235,7.054,135.205,9.412,3.023,31.728,3.019,1.819,1.656,2.313,3588.007,2439.882,852.823,2919.811,2027.318,983.951,0.901,2471.986
JPM,Budget,260506001,2026,5,6,1,2026-5,108964.8,30328.986,7927.189,4669.333,0,20770.196,5660.919,3396.552,34.07,8.768,7.719,154.413,0.835,0.98,0.925,0.821267281,0.955,0.884,0.95,2.707,877.746,3420.958,2165.045,12.37879559,9.580022406,271.0915159,0,17,4,1,37.647,10.078,8.938,166.933,46.593,20770.196,151627.846,262.462,116891.989,34998.319,25.553,6.137,125.065,8.518,2.63,29.349,28.235,7.054,135.205,9.412,3.023,31.728,3.019,1.819,1.656,2.313,3588.007,2439.882,852.823,2919.811,2027.318,983.951,0.901,2471.986
JPM,Budget,260506002,2026,5,6,2,2026-5,108964.8,30328.986,7927.189,4669.333,0,20770.196,5660.919,3396.552,34.07,8.768,7.719,154.413,0.835,0.98,0.925,0.821267281,0.955,0.884,0.95,2.707,877.746,3420.958,2165.045,12.37879559,9.580022406,271.0915159,0,17,4,1,37.647,10.078,8.938,166.933,46.593,20770.196,151627.846,262.462,116891.989,34998.319,25.553,6.137,125.065,8.518,2.63,29.349,28.235,7.054,135.205,9.412,3.023,31.728,3.019,1.819,1.656,2.313,3588.007,2439.882,852.823,2919.811,2027.318,983.951,0.901,2471.986
JPM,Budget,260507001,2026,5,7,1,2026-5,108964.8,30328.986,7927.189,4669.333,0,20770.196,5660.919,3396.552,34.07,8.768,7.719,154.413,0.835,0.98,0.925,0.821267281,0.955,0.884,0.95,2.707,877.746,3420.958,2165.045,12.37879559,9.580022406,271.0915159,0,17,4,1,37.647,10.078,8.938,166.933,46.593,20770.196,151627.846,262.462,116891.989,34998.319,25.553,6.137,125.065,8.518,2.63,29.349,28.235,7.054,135.205,9.412,3.023,31.728,3.019,1.819,1.656,2.313,3588.007,2439.882,852.823,2919.811,2027.318,983.951,0.901,2471.986
JPM,Budget,260507002,2026,5,7,2,2026-5,108964.8,30328.986,7927.189,4669.333,0,20770.196,5660.919,3396.552,34.07,8.768,7.719,154.413,0.835,0.98,0.925,0.821267281,0.955,0.884,0.95,2.707,877.746,3420.958,2165.045,12.37879559,9.580022406,271.0915159,0,17,4,1,37.647,10.078,8.938,166.933,46.593,20770.196,151627.846,262.462,116891.989,34998.319,25.553,6.137,125.065,8.518,2.63,29.349,28.235,7.054,135.205,9.412,3.023,31.728,3.019,1.819,1.656,2.313,3588.007,2439.882,852.823,2919.811,2027.318,983.951,0.901,2471.986
JPM,Budget,260508001,2026,5,8,1,2026-5,108964.8,30328.986,7927.189,4669.333,0,20770.196,5660.919,3396.552,34.07,8.768,7.719,154.413,0.835,0.98,0.925,0.821267281,0.955,0.884,0.95,2.707,877.746,3420.958,2165.045,12.37879559,9.580022406,271.0915159,0,17,4,1,37.647,10.078,8.938,166.933,46.593,20770.196,151627.846,262.462,116891.989,34998.319,25.553,6.137,125.065,8.518,2.63,29.349,28.235,7.054,135.205,9.412,3.023,31.728,3.019,1.819,1.656,2.313,3588.007,2439.882,852.823,2919.811,2027.318,983.951,0.901,2471.986
JPM,Budget,260508002,2026,5,8,2,2026-5,108964.8,30328.986,7927.189,4669.333,0,20770.196,5660.919,3396.552,34.07,8.768,7.719,154.413,0.835,0.98,0.925,0.821267281,0.955,0.884,0.95,2.707,877.746,3420.958,2165.045,12.37879559,9.580022406,271.0915159,0,17,4,1,37.647,10.078,8.938,166.933,46.593,20770.196,151627.846,262.462,116891.989,34998.319,25.553,6.137,125.065,8.518,2.63,29.349,28.235,7.054,135.205,9.412,3.023,31.728,3.019,1.819,1.656,2.313,3588.007,2439.882,852.823,2919.811,2027.318,983.951,0.901,2471.986
JPM,Budget,260509001,2026,5,9,1,2026-5,108964.8,30328.986,7927.189,4669.333,0,20770.196,5660.919,3396.552,34.07,8.768,7.719,154.413,0.835,0.98,0.925,0.821267281,0.955,0.884,0.95,2.707,877.746,3420.958,2165.045,12.37879559,9.580022406,271.0915159,0,17,4,1,37.647,10.078,8.938,166.933,46.593,20770.196,151627.846,262.462,116891.989,34998.319,25.553,6.137,125.065,8.518,2.63,29.349,28.235,7.054,135.205,9.412,3.023,31.728,3.019,1.819,1.656,2.313,3588.007,2439.882,852.823,2919.811,2027.318,983.951,0.901,2471.986
JPM,Budget,260509002,2026,5,9,2,2026-5,108964.8,30328.986,7927.189,4669.333,0,20770.196,5660.919,3396.552,34.07,8.768,7.719,154.413,0.835,0.98,0.925,0.821267281,0.955,0.884,0.95,2.707,877.746,3420.958,2165.045,12.37879559,9.580022406,271.0915159,0,17,4,1,37.647,10.078,8.938,166.933,46.593,20770.196,151627.846,262.462,116891.989,34998.319,25.553,6.137,125.065,8.518,2.63,29.349,28.235,7.054,135.205,9.412,3.023,31.728,3.019,1.819,1.656,2.313,3588.007,2439.882,852.823,2919.811,2027.318,983.951,0.901,2471.986
JPM,Budget,260510001,2026,5,10,1,2026-5,108964.8,30328.986,7927.189,4669.333,0,20770.196,5660.919,3396.552,34.07,8.768,7.719,154.413,0.835,0.98,0.925,0.821267281,0.955,0.884,0.95,2.707,877.746,3420.958,2165.045,12.37879559,9.580022406,271.0915159,0,17,4,1,37.647,10.078,8.938,166.933,46.593,20770.196,151627.846,262.462,116891.989,34998.319,25.553,6.137,125.065,8.518,2.63,29.349,28.235,7.054,135.205,9.412,3.023,31.728,3.019,1.819,1.656,2.313,3588.007,2439.882,852.823,2919.811,2027.318,983.951,0.901,2471.986
JPM,Budget,260510002,2026,5,10,2,2026-5,108964.8,30328.986,7927.189,4669.333,0,20770.196,5660.919,3396.552,34.07,8.768,7.719,154.413,0.835,0.98,0.925,0.821267281,0.955,0.884,0.95,2.707,877.746,3420.958,2165.045,12.37879559,9.580022406,271.0915159,0,17,4,1,37.647,10.078,8.938,166.933,46.593,20770.196,151627.846,262.462,116891.989,34998.319,25.553,6.137,125.065,8.518,2.63,29.349,28.235,7.054,135.205,9.412,3.023,31.728,3.019,1.819,1.656,2.313,3588.007,2439.882,852.823,2919.811,2027.318,983.951,0.901,2471.986
JPM,Budget,260511001,2026,5,11,1,2026-5,108964.8,30328.986,7927.189,4669.333,0,20770.196,5660.919,3396.552,34.07,8.768,7.719,154.413,0.835,0.98,0.925,0.821267281,0.955,0.884,0.95,2.707,877.746,3420.958,2165.045,12.37879559,9.580022406,271.0915159,0,17,4,1,37.647,10.078,8.938,166.933,46.593,20770.196,151627.846,262.462,116891.989,34998.319,25.553,6.137,125.065,8.518,2.63,29.349,28.235,7.054,135.205,9.412,3.023,31.728,3.019,1.819,1.656,2.313,3588.007,2439.882,852.823,2919.811,2027.318,983.951,0.901,2471.986
JPM,Budget,260511002,2026,5,11,2,2026-5,108964.8,30328.986,7927.189,4669.333,0,20770.196,5660.919,3396.552,34.07,8.768,7.719,154.413,0.835,0.98,0.925,0.821267281,0.955,0.884,0.95,2.707,877.746,3420.958,2165.045,12.37879559,9.580022406,271.0915159,0,17,4,1,37.647,10.078,8.938,166.933,46.593,20770.196,151627.846,262.462,116891.989,34998.319,25.553,6.137,125.065,8.518,2.63,29.349,28.235,7.054,135.205,9.412,3.023,31.728,3.019,1.819,1.656,2.313,3588.007,2439.882,852.823,2919.811,2027.318,983.951,0.901,2471.986
JPM,Budget,260512001,2026,5,12,1,2026-5,108964.8,30328.986,7927.189,4669.333,0,20770.196,5660.919,3396.552,34.07,8.768,7.719,154.413,0.835,0.98,0.925,0.821267281,0.955,0.884,0.95,2.707,877.746,3420.958,2165.045,12.37879559,9.580022406,271.0915159,0,17,4,1,37.647,10.078,8.938,166.933,46.593,20770.196,151627.846,262.462,116891.989,34998.319,25.553,6.137,125.065,8.518,2.63,29.349,28.235,7.054,135.205,9.412,3.023,31.728,3.019,1.819,1.656,2.313,3588.007,2439.882,852.823,2919.811,2027.318,983.951,0.901,2471.986
JPM,Budget,260512002,2026,5,12,2,2026-5,108964.8,30328.986,7927.189,4669.333,0,20770.196,5660.919,3396.552,34.07,8.768,7.719,154.413,0.835,0.98,0.925,0.821267281,0.955,0.884,0.95,2.707,877.746,3420.958,2165.045,12.37879559,9.580022406,271.0915159,0,17,4,1,37.647,10.078,8.938,166.933,46.593,20770.196,151627.846,262.462,116891.989,34998.319,25.553,6.137,125.065,8.518,2.63,29.349,28.235,7.054,135.205,9.412,3.023,31.728,3.019,1.819,1.656,2.313,3588.007,2439.882,852.823,2919.811,2027.318,983.951,0.901,2471.986
JPM,Budget,260513001,2026,5,13,1,2026-5,108964.8,30328.986,7927.189,4669.333,0,20770.196,5660.919,3396.552,34.07,8.768,7.719,154.413,0.835,0.98,0.925,0.821267281,0.955,0.884,0.95,2.707,877.746,3420.958,2165.045,12.37879559,9.580022406,271.0915159,0,17,4,1,37.647,10.078,8.938,166.933,46.593,20770.196,151627.846,262.462,116891.989,34998.319,25.553,6.137,125.065,8.518,2.63,29.349,28.235,7.054,135.205,9.412,3.023,31.728,3.019,1.819,1.656,2.313,3588.007,2439.882,852.823,2919.811,2027.318,983.951,0.901,2471.986
JPM,Budget,260513002,2026,5,13,2,2026-5,108964.8,30328.986,7927.189,4669.333,0,20770.196,5660.919,3396.552,34.07,8.768,7.719,154.413,0.835,0.98,0.925,0.821267281,0.955,0.884,0.95,2.707,877.746,3420.958,2165.045,12.37879559,9.580022406,271.0915159,0,17,4,1,37.647,10.078,8.938,166.933,46.593,20770.196,151627.846,262.462,116891.989,34998.319,25.553,6.137,125.065,8.518,2.63,29.349,28.235,7.054,135.205,9.412,3.023,31.728,3.019,1.819,1.656,2.313,3588.007,2439.882,852.823,2919.811,2027.318,983.951,0.901,2471.986
JPM,Budget,260514001,2026,5,14,1,2026-5,108964.8,30328.986,7927.189,4669.333,0,20770.196,5660.919,3396.552,34.07,8.768,7.719,154.413,0.835,0.98,0.925,0.821267281,0.955,0.884,0.95,2.707,877.746,3420.958,2165.045,12.37879559,9.580022406,271.0915159,0,17,4,1,37.647,10.078,8.938,166.933,46.593,20770.196,151627.846,262.462,116891.989,34998.319,25.553,6.137,125.065,8.518,2.63,29.349,28.235,7.054,135.205,9.412,3.023,31.728,3.019,1.819,1.656,2.313,3588.007,2439.882,852.823,2919.811,2027.318,983.951,0.901,2471.986
JPM,Budget,260514002,2026,5,14,2,2026-5,108964.8,30328.986,7927.189,4669.333,0,20770.196,5660.919,3396.552,34.07,8.768,7.719,154.413,0.835,0.98,0.925,0.821267281,0.955,0.884,0.95,2.707,877.746,3420.958,2165.045,12.37879559,9.580022406,271.0915159,0,17,4,1,37.647,10.078,8.938,166.933,46.593,20770.196,151627.846,262.462,116891.989,34998.319,25.553,6.137,125.065,8.518,2.63,29.349,28.235,7.054,135.205,9.412,3.023,31.728,3.019,1.819,1.656,2.313,3588.007,2439.882,852.823,2919.811,2027.318,983.951,0.901,2471.986
JPM,Budget,260515001,2026,5,15,1,2026-5,108964.8,30328.986,7927.189,4669.333,0,20770.196,5660.919,3396.552,34.07,8.768,7.719,154.413,0.835,0.98,0.925,0.821267281,0.955,0.884,0.95,2.707,877.746,3420.958,2165.045,12.37879559,9.580022406,271.0915159,0,17,4,1,37.647,10.078,8.938,166.933,46.593,20770.196,151627.846,262.462,116891.989,34998.319,25.553,6.137,125.065,8.518,2.63,29.349,28.235,7.054,135.205,9.412,3.023,31.728,3.019,1.819,1.656,2.313,3588.007,2439.882,852.823,2919.811,2027.318,983.951,0.901,2471.986
JPM,Budget,260515002,2026,5,15,2,2026-5,108964.8,30328.986,7927.189,4669.333,0,20770.196,5660.919,3396.552,34.07,8.768,7.719,154.413,0.835,0.98,0.925,0.821267281,0.955,0.884,0.95,2.707,877.746,3420.958,2165.045,12.37879559,9.580022406,271.0915159,0,17,4,1,37.647,10.078,8.938,166.933,46.593,20770.196,151627.846,262.462,116891.989,34998.319,25.553,6.137,125.065,8.518,2.63,29.349,28.235,7.054,135.205,9.412,3.023,31.728,3.019,1.819,1.656,2.313,3588.007,2439.882,852.823,2919.811,2027.318,983.951,0.901,2471.986
JPM,Budget,260516001,2026,5,16,1,2026-5,108964.8,30328.986,7927.189,4669.333,0,20770.196,5660.919,3396.552,34.07,8.768,7.719,154.413,0.835,0.98,0.925,0.821267281,0.955,0.884,0.95,2.707,877.746,3420.958,2165.045,12.37879559,9.580022406,271.0915159,0,17,4,1,37.647,10.078,8.938,166.933,46.593,20770.196,151627.846,262.462,116891.989,34998.319,25.553,6.137,125.065,8.518,2.63,29.349,28.235,7.054,135.205,9.412,3.023,31.728,3.019,1.819,1.656,2.313,3588.007,2439.882,852.823,2919.811,2027.318,983.951,0.901,2471.986
JPM,Budget,260516002,2026,5,16,2,2026-5,108964.8,30328.986,7927.189,4669.333,0,20770.196,5660.919,3396.552,34.07,8.768,7.719,154.413,0.835,0.98,0.925,0.821267281,0.955,0.884,0.95,2.707,877.746,3420.958,2165.045,12.37879559,9.580022406,271.0915159,0,17,4,1,37.647,10.078,8.938,166.933,46.593,20770.196,151627.846,262.462,116891.989,34998.319,25.553,6.137,125.065,8.518,2.63,29.349,28.235,7.054,135.205,9.412,3.023,31.728,3.019,1.819,1.656,2.313,3588.007,2439.882,852.823,2919.811,2027.318,983.951,0.901,2471.986
JPM,Budget,260517001,2026,5,17,1,2026-5,108964.8,30328.986,7927.189,4669.333,0,20770.196,5660.919,3396.552,34.07,8.768,7.719,154.413,0.835,0.98,0.925,0.821267281,0.955,0.884,0.95,2.707,877.746,3420.958,2165.045,12.37879559,9.580022406,271.0915159,0,17,4,1,37.647,10.078,8.938,166.933,46.593,20770.196,151627.846,262.462,116891.989,34998.319,25.553,6.137,125.065,8.518,2.63,29.349,28.235,7.054,135.205,9.412,3.023,31.728,3.019,1.819,1.656,2.313,3588.007,2439.882,852.823,2919.811,2027.318,983.951,0.901,2471.986
JPM,Budget,260517002,2026,5,17,2,2026-5,108964.8,30328.986,7927.189,4669.333,0,20770.196,5660.919,3396.552,34.07,8.768,7.719,154.413,0.835,0.98,0.925,0.821267281,0.955,0.884,0.95,2.707,877.746,3420.958,2165.045,12.37879559,9.580022406,271.0915159,0,17,4,1,37.647,10.078,8.938,166.933,46.593,20770.196,151627.846,262.462,116891.989,34998.319,25.553,6.137,125.065,8.518,2.63,29.349,28.235,7.054,135.205,9.412,3.023,31.728,3.019,1.819,1.656,2.313,3588.007,2439.882,852.823,2919.811,2027.318,983.951,0.901,2471.986
JPM,Budget,260518001,2026,5,18,1,2026-5,108964.8,30328.986,7927.189,4669.333,0,20770.196,5660.919,3396.552,34.07,8.768,7.719,154.413,0.835,0.98,0.925,0.821267281,0.955,0.884,0.95,2.707,877.746,3420.958,2165.045,12.37879559,9.580022406,271.0915159,0,17,4,1,37.647,10.078,8.938,166.933,46.593,20770.196,151627.846,262.462,116891.989,34998.319,25.553,6.137,125.065,8.518,2.63,29.349,28.235,7.054,135.205,9.412,3.023,31.728,3.019,1.819,1.656,2.313,3588.007,2439.882,852.823,2919.811,2027.318,983.951,0.901,2471.986
JPM,Budget,260518002,2026,5,18,2,2026-5,108964.8,30328.986,7927.189,4669.333,0,20770.196,5660.919,3396.552,34.07,8.768,7.719,154.413,0.835,0.98,0.925,0.821267281,0.955,0.884,0.95,2.707,877.746,3420.958,2165.045,12.37879559,9.580022406,271.0915159,0,17,4,1,37.647,10.078,8.938,166.933,46.593,20770.196,151627.846,262.462,116891.989,34998.319,25.553,6.137,125.065,8.518,2.63,29.349,28.235,7.054,135.205,9.412,3.023,31.728,3.019,1.819,1.656,2.313,3588.007,2439.882,852.823,2919.811,2027.318,983.951,0.901,2471.986
JPM,Budget,260519001,2026,5,19,1,2026-5,108964.8,30328.986,7927.189,4669.333,0,20770.196,5660.919,3396.552,34.07,8.768,7.719,154.413,0.835,0.98,0.925,0.821267281,0.955,0.884,0.95,2.707,877.746,3420.958,2165.045,12.37879559,9.580022406,271.0915159,0,17,4,1,37.647,10.078,8.938,166.933,46.593,20770.196,151627.846,262.462,116891.989,34998.319,25.553,6.137,125.065,8.518,2.63,29.349,28.235,7.054,135.205,9.412,3.023,31.728,3.019,1.819,1.656,2.313,3588.007,2439.882,852.823,2919.811,2027.318,983.951,0.901,2471.986
JPM,Budget,260519002,2026,5,19,2,2026-5,108964.8,30328.986,7927.189,4669.333,0,20770.196,5660.919,3396.552,34.07,8.768,7.719,154.413,0.835,0.98,0.925,0.821267281,0.955,0.884,0.95,2.707,877.746,3420.958,2165.045,12.37879559,9.580022406,271.0915159,0,17,4,1,37.647,10.078,8.938,166.933,46.593,20770.196,151627.846,262.462,116891.989,34998.319,25.553,6.137,125.065,8.518,2.63,29.349,28.235,7.054,135.205,9.412,3.023,31.728,3.019,1.819,1.656,2.313,3588.007,2439.882,852.823,2919.811,2027.318,983.951,0.901,2471.986
JPM,Budget,260520001,2026,5,20,1,2026-5,108964.8,30328.986,7927.189,4669.333,0,20770.196,5660.919,3396.552,34.07,8.768,7.719,154.413,0.835,0.98,0.925,0.821267281,0.955,0.884,0.95,2.707,877.746,3420.958,2165.045,12.37879559,9.580022406,271.0915159,0,17,4,1,37.647,10.078,8.938,166.933,46.593,20770.196,151627.846,262.462,116891.989,34998.319,25.553,6.137,125.065,8.518,2.63,29.349,28.235,7.054,135.205,9.412,3.023,31.728,3.019,1.819,1.656,2.313,3588.007,2439.882,852.823,2919.811,2027.318,983.951,0.901,2471.986
JPM,Budget,260520002,2026,5,20,2,2026-5,108964.8,30328.986,7927.189,4669.333,0,20770.196,5660.919,3396.552,34.07,8.768,7.719,154.413,0.835,0.98,0.925,0.821267281,0.955,0.884,0.95,2.707,877.746,3420.958,2165.045,12.37879559,9.580022406,271.0915159,0,17,4,1,37.647,10.078,8.938,166.933,46.593,20770.196,151627.846,262.462,116891.989,34998.319,25.553,6.137,125.065,8.518,2.63,29.349,28.235,7.054,135.205,9.412,3.023,31.728,3.019,1.819,1.656,2.313,3588.007,2439.882,852.823,2919.811,2027.318,983.951,0.901,2471.986
JPM,Budget,260521001,2026,5,21,1,2026-5,108964.8,30328.986,7927.189,4669.333,0,20770.196,5660.919,3396.552,34.07,8.768,7.719,154.413,0.835,0.98,0.925,0.821267281,0.955,0.884,0.95,2.707,877.746,3420.958,2165.045,12.37879559,9.580022406,271.0915159,0,17,4,1,37.647,10.078,8.938,166.933,46.593,20770.196,151627.846,262.462,116891.989,34998.319,25.553,6.137,125.065,8.518,2.63,29.349,28.235,7.054,135.205,9.412,3.023,31.728,3.019,1.819,1.656,2.313,3588.007,2439.882,852.823,2919.811,2027.318,983.951,0.901,2471.986
JPM,Budget,260521002,2026,5,21,2,2026-5,108964.8,30328.986,7927.189,4669.333,0,20770.196,5660.919,3396.552,34.07,8.768,7.719,154.413,0.835,0.98,0.925,0.821267281,0.955,0.884,0.95,2.707,877.746,3420.958,2165.045,12.37879559,9.580022406,271.0915159,0,17,4,1,37.647,10.078,8.938,166.933,46.593,20770.196,151627.846,262.462,116891.989,34998.319,25.553,6.137,125.065,8.518,2.63,29.349,28.235,7.054,135.205,9.412,3.023,31.728,3.019,1.819,1.656,2.313,3588.007,2439.882,852.823,2919.811,2027.318,983.951,0.901,2471.986
JPM,Budget,260522001,2026,5,22,1,2026-5,108964.8,30328.986,7927.189,4669.333,0,20770.196,5660.919,3396.552,34.07,8.768,7.719,154.413,0.835,0.98,0.925,0.821267281,0.955,0.884,0.95,2.707,877.746,3420.958,2165.045,12.37879559,9.580022406,271.0915159,0,17,4,1,37.647,10.078,8.938,166.933,46.593,20770.196,151627.846,262.462,116891.989,34998.319,25.553,6.137,125.065,8.518,2.63,29.349,28.235,7.054,135.205,9.412,3.023,31.728,3.019,1.819,1.656,2.313,3588.007,2439.882,852.823,2919.811,2027.318,983.951,0.901,2471.986
JPM,Budget,260522002,2026,5,22,2,2026-5,108964.8,30328.986,7927.189,4669.333,0,20770.196,5660.919,3396.552,34.07,8.768,7.719,154.413,0.835,0.98,0.925,0.821267281,0.955,0.884,0.95,2.707,877.746,3420.958,2165.045,12.37879559,9.580022406,271.0915159,0,17,4,1,37.647,10.078,8.938,166.933,46.593,20770.196,151627.846,262.462,116891.989,34998.319,25.553,6.137,125.065,8.518,2.63,29.349,28.235,7.054,135.205,9.412,3.023,31.728,3.019,1.819,1.656,2.313,3588.007,2439.882,852.823,2919.811,2027.318,983.951,0.901,2471.986
JPM,Budget,260523001,2026,5,23,1,2026-5,108964.8,30328.986,7927.189,4669.333,0,20770.196,5660.919,3396.552,34.07,8.768,7.719,154.413,0.835,0.98,0.925,0.821267281,0.955,0.884,0.95,2.707,877.746,3420.958,2165.045,12.37879559,9.580022406,271.0915159,0,17,4,1,37.647,10.078,8.938,166.933,46.593,20770.196,151627.846,262.462,116891.989,34998.319,25.553,6.137,125.065,8.518,2.63,29.349,28.235,7.054,135.205,9.412,3.023,31.728,3.019,1.819,1.656,2.313,3588.007,2439.882,852.823,2919.811,2027.318,983.951,0.901,2471.986
JPM,Budget,260523002,2026,5,23,2,2026-5,108964.8,30328.986,7927.189,4669.333,0,20770.196,5660.919,3396.552,34.07,8.768,7.719,154.413,0.835,0.98,0.925,0.821267281,0.955,0.884,0.95,2.707,877.746,3420.958,2165.045,12.37879559,9.580022406,271.0915159,0,17,4,1,37.647,10.078,8.938,166.933,46.593,20770.196,151627.846,262.462,116891.989,34998.319,25.553,6.137,125.065,8.518,2.63,29.349,28.235,7.054,135.205,9.412,3.023,31.728,3.019,1.819,1.656,2.313,3588.007,2439.882,852.823,2919.811,2027.318,983.951,0.901,2471.986
JPM,Budget,260524001,2026,5,24,1,2026-5,108964.8,30328.986,7927.189,4669.333,0,20770.196,5660.919,3396.552,34.07,8.768,7.719,154.413,0.835,0.98,0.925,0.821267281,0.955,0.884,0.95,2.707,877.746,3420.958,2165.045,12.37879559,9.580022406,271.0915159,0,17,4,1,37.647,10.078,8.938,166.933,46.593,20770.196,151627.846,262.462,116891.989,34998.319,25.553,6.137,125.065,8.518,2.63,29.349,28.235,7.054,135.205,9.412,3.023,31.728,3.019,1.819,1.656,2.313,3588.007,2439.882,852.823,2919.811,2027.318,983.951,0.901,2471.986
JPM,Budget,260524002,2026,5,24,2,2026-5,108964.8,30328.986,7927.189,4669.333,0,20770.196,5660.919,3396.552,34.07,8.768,7.719,154.413,0.835,0.98,0.925,0.821267281,0.955,0.884,0.95,2.707,877.746,3420.958,2165.045,12.37879559,9.580022406,271.0915159,0,17,4,1,37.647,10.078,8.938,166.933,46.593,20770.196,151627.846,262.462,116891.989,34998.319,25.553,6.137,125.065,8.518,2.63,29.349,28.235,7.054,135.205,9.412,3.023,31.728,3.019,1.819,1.656,2.313,3588.007,2439.882,852.823,2919.811,2027.318,983.951,0.901,2471.986
JPM,Budget,260525001,2026,5,25,1,2026-5,108964.8,30328.986,7927.189,4669.333,0,20770.196,5660.919,3396.552,34.07,8.768,7.719,154.413,0.835,0.98,0.925,0.821267281,0.955,0.884,0.95,2.707,877.746,3420.958,2165.045,12.37879559,9.580022406,271.0915159,0,17,4,1,37.647,10.078,8.938,166.933,46.593,20770.196,151627.846,262.462,116891.989,34998.319,25.553,6.137,125.065,8.518,2.63,29.349,28.235,7.054,135.205,9.412,3.023,31.728,3.019,1.819,1.656,2.313,3588.007,2439.882,852.823,2919.811,2027.318,983.951,0.901,2471.986
JPM,Budget,260525002,2026,5,25,2,2026-5,108964.8,30328.986,7927.189,4669.333,0,20770.196,5660.919,3396.552,34.07,8.768,7.719,154.413,0.835,0.98,0.925,0.821267281,0.955,0.884,0.95,2.707,877.746,3420.958,2165.045,12.37879559,9.580022406,271.0915159,0,17,4,1,37.647,10.078,8.938,166.933,46.593,20770.196,151627.846,262.462,116891.989,34998.319,25.553,6.137,125.065,8.518,2.63,29.349,28.235,7.054,135.205,9.412,3.023,31.728,3.019,1.819,1.656,2.313,3588.007,2439.882,852.823,2919.811,2027.318,983.951,0.901,2471.986
JPM,Budget,260526001,2026,5,26,1,2026-5,108964.8,30328.986,7927.189,4669.333,0,20770.196,5660.919,3396.552,34.07,8.768,7.719,154.413,0.835,0.98,0.925,0.821267281,0.955,0.884,0.95,2.707,877.746,3420.958,2165.045,12.37879559,9.580022406,271.0915159,0,17,4,1,37.647,10.078,8.938,166.933,46.593,20770.196,151627.846,262.462,116891.989,34998.319,25.553,6.137,125.065,8.518,2.63,29.349,28.235,7.054,135.205,9.412,3.023,31.728,3.019,1.819,1.656,2.313,3588.007,2439.882,852.823,2919.811,2027.318,983.951,0.901,2471.986
JPM,Budget,260526002,2026,5,26,2,2026-5,108964.8,30328.986,7927.189,4669.333,0,20770.196,5660.919,3396.552,34.07,8.768,7.719,154.413,0.835,0.98,0.925,0.821267281,0.955,0.884,0.95,2.707,877.746,3420.958,2165.045,12.37879559,9.580022406,271.0915159,0,17,4,1,37.647,10.078,8.938,166.933,46.593,20770.196,151627.846,262.462,116891.989,34998.319,25.553,6.137,125.065,8.518,2.63,29.349,28.235,7.054,135.205,9.412,3.023,31.728,3.019,1.819,1.656,2.313,3588.007,2439.882,852.823,2919.811,2027.318,983.951,0.901,2471.986
JPM,Budget,260527001,2026,5,27,1,2026-5,108964.8,30328.986,7927.189,4669.333,0,20770.196,5660.919,3396.552,34.07,8.768,7.719,154.413,0.835,0.98,0.925,0.821267281,0.955,0.884,0.95,2.707,877.746,3420.958,2165.045,12.37879559,9.580022406,271.0915159,0,17,4,1,37.647,10.078,8.938,166.933,46.593,20770.196,151627.846,262.462,116891.989,34998.319,25.553,6.137,125.065,8.518,2.63,29.349,28.235,7.054,135.205,9.412,3.023,31.728,3.019,1.819,1.656,2.313,3588.007,2439.882,852.823,2919.811,2027.318,983.951,0.901,2471.986
JPM,Budget,260527002,2026,5,27,2,2026-5,108964.8,30328.986,7927.189,4669.333,0,20770.196,5660.919,3396.552,34.07,8.768,7.719,154.413,0.835,0.98,0.925,0.821267281,0.955,0.884,0.95,2.707,877.746,3420.958,2165.045,12.37879559,9.580022406,271.0915159,0,17,4,1,37.647,10.078,8.938,166.933,46.593,20770.196,151627.846,262.462,116891.989,34998.319,25.553,6.137,125.065,8.518,2.63,29.349,28.235,7.054,135.205,9.412,3.023,31.728,3.019,1.819,1.656,2.313,3588.007,2439.882,852.823,2919.811,2027.318,983.951,0.901,2471.986
JPM,Budget,260528001,2026,5,28,1,2026-5,108964.8,30328.986,7927.189,4669.333,0,20770.196,5660.919,3396.552,34.07,8.768,7.719,154.413,0.835,0.98,0.925,0.821267281,0.955,0.884,0.95,2.707,877.746,3420.958,2165.045,12.37879559,9.580022406,271.0915159,0,17,4,1,37.647,10.078,8.938,166.933,46.593,20770.196,151627.846,262.462,116891.989,34998.319,25.553,6.137,125.065,8.518,2.63,29.349,28.235,7.054,135.205,9.412,3.023,31.728,3.019,1.819,1.656,2.313,3588.007,2439.882,852.823,2919.811,2027.318,983.951,0.901,2471.986
JPM,Budget,260528002,2026,5,28,2,2026-5,108964.8,30328.986,7927.189,4669.333,0,20770.196,5660.919,3396.552,34.07,8.768,7.719,154.413,0.835,0.98,0.925,0.821267281,0.955,0.884,0.95,2.707,877.746,3420.958,2165.045,12.37879559,9.580022406,271.0915159,0,17,4,1,37.647,10.078,8.938,166.933,46.593,20770.196,151627.846,262.462,116891.989,34998.319,25.553,6.137,125.065,8.518,2.63,29.349,28.235,7.054,135.205,9.412,3.023,31.728,3.019,1.819,1.656,2.313,3588.007,2439.882,852.823,2919.811,2027.318,983.951,0.901,2471.986
JPM,Budget,260529001,2026,5,29,1,2026-5,108964.8,30328.986,7927.189,4669.333,0,20770.196,5660.919,3396.552,34.07,8.768,7.719,154.413,0.835,0.98,0.925,0.821267281,0.955,0.884,0.95,2.707,877.746,3420.958,2165.045,12.37879559,9.580022406,271.0915159,0,17,4,1,37.647,10.078,8.938,166.933,46.593,20770.196,151627.846,262.462,116891.989,34998.319,25.553,6.137,125.065,8.518,2.63,29.349,28.235,7.054,135.205,9.412,3.023,31.728,3.019,1.819,1.656,2.313,3588.007,2439.882,852.823,2919.811,2027.318,983.951,0.901,2471.986
JPM,Budget,260529002,2026,5,29,2,2026-5,108964.8,30328.986,7927.189,4669.333,0,20770.196,5660.919,3396.552,34.07,8.768,7.719,154.413,0.835,0.98,0.925,0.821267281,0.955,0.884,0.95,2.707,877.746,3420.958,2165.045,12.37879559,9.580022406,271.0915159,0,17,4,1,37.647,10.078,8.938,166.933,46.593,20770.196,151627.846,262.462,116891.989,34998.319,25.553,6.137,125.065,8.518,2.63,29.349,28.235,7.054,135.205,9.412,3.023,31.728,3.019,1.819,1.656,2.313,3588.007,2439.882,852.823,2919.811,2027.318,983.951,0.901,2471.986
JPM,Budget,260530001,2026,5,30,1,2026-5,108964.8,30328.986,7927.189,4669.333,0,20770.196,5660.919,3396.552,34.07,8.768,7.719,154.413,0.835,0.98,0.925,0.821267281,0.955,0.884,0.95,2.707,877.746,3420.958,2165.045,12.37879559,9.580022406,271.0915159,0,17,4,1,37.647,10.078,8.938,166.933,46.593,20770.196,151627.846,262.462,116891.989,34998.319,25.553,6.137,125.065,8.518,2.63,29.349,28.235,7.054,135.205,9.412,3.023,31.728,3.019,1.819,1.656,2.313,3588.007,2439.882,852.823,2919.811,2027.318,983.951,0.901,2471.986
JPM,Budget,260530002,2026,5,30,2,2026-5,108964.8,30328.986,7927.189,4669.333,0,20770.196,5660.919,3396.552,34.07,8.768,7.719,154.413,0.835,0.98,0.925,0.821267281,0.955,0.884,0.95,2.707,877.746,3420.958,2165.045,12.37879559,9.580022406,271.0915159,0,17,4,1,37.647,10.078,8.938,166.933,46.593,20770.196,151627.846,262.462,116891.989,34998.319,25.553,6.137,125.065,8.518,2.63,29.349,28.235,7.054,135.205,9.412,3.023,31.728,3.019,1.819,1.656,2.313,3588.007,2439.882,852.823,2919.811,2027.318,983.951,0.901,2471.986
JPM,Budget,260531001,2026,5,31,1,2026-5,108964.8,30328.986,7927.189,4669.333,0,20770.196,5660.919,3396.552,34.07,8.768,7.719,154.413,0.835,0.98,0.925,0.821267281,0.955,0.884,0.95,2.707,877.746,3420.958,2165.045,12.37879559,9.580022406,271.0915159,0,17,4,1,37.647,10.078,8.938,166.933,46.593,20770.196,151627.846,262.462,116891.989,34998.319,25.553,6.137,125.065,8.518,2.63,29.349,28.235,7.054,135.205,9.412,3.023,31.728,3.019,1.819,1.656,2.313,3588.007,2439.882,852.823,2919.811,2027.318,983.951,0.901,2471.986
JPM,Budget,260531002,2026,5,31,2,2026-5,108964.8,30328.986,7927.189,4669.333,0,20770.196,5660.919,3396.552,34.07,8.768,7.719,154.413,0.835,0.98,0.925,0.821267281,0.955,0.884,0.95,2.707,877.746,3420.958,2165.045,12.37879559,9.580022406,271.0915159,0,17,4,1,37.647,10.078,8.938,166.933,46.593,20770.196,151627.846,262.462,116891.989,34998.319,25.553,6.137,125.065,8.518,2.63,29.349,28.235,7.054,135.205,9.412,3.023,31.728,3.019,1.819,1.656,2.313,3588.007,2439.882,852.823,2919.811,2027.318,983.951,0.901,2471.986
JPM,Budget,260601001,2026,6,1,1,2026-6,108964.8,31623.352,7927.189,4794.221,0,21831.888,6486.256,3891.754,32.488,8.768,7.719,154.413,0.835,0.98,0.925,0.895,0.955,0.884,0.95,2.704,886.807,3445.857,2849.766,12.13772337,9.476522719,275,0,17,3.5,1,35.898,10.078,8.935,166.933,46.594,21831.888,153038.351,271.211,116891.989,36417.573,23.206,6.137,124.25,9.282,2.63,30.163,25.642,7.054,134.324,10.257,3.023,32.609,3.089,1.672,1.527,2.025,3760.052,3176.608,859.16,2660.37,2812.012,1000.692,0.901,2504.639
JPM,Budget,260601002,2026,6,1,2,2026-6,108964.8,31623.352,7927.189,4794.221,0,21831.888,6486.256,3891.754,32.488,8.768,7.719,154.413,0.835,0.98,0.925,0.895,0.955,0.884,0.95,2.704,886.807,3445.857,2849.766,12.13772337,9.476522719,275,0,17,3.5,1,35.898,10.078,8.935,166.933,46.594,21831.888,153038.351,271.211,116891.989,36417.573,23.206,6.137,124.25,9.282,2.63,30.163,25.642,7.054,134.324,10.257,3.023,32.609,3.089,1.672,1.527,2.025,3760.052,3176.608,859.16,2660.37,2812.012,1000.692,0.901,2504.639
JPM,Budget,260602001,2026,6,2,1,2026-6,108964.8,31623.352,7927.189,4794.221,0,21831.888,6486.256,3891.754,32.488,8.768,7.719,154.413,0.835,0.98,0.925,0.895,0.955,0.884,0.95,2.704,886.807,3445.857,2849.766,12.13772337,9.476522719,275,0,17,3.5,1,35.898,10.078,8.935,166.933,46.594,21831.888,153038.351,271.211,116891.989,36417.573,23.206,6.137,124.25,9.282,2.63,30.163,25.642,7.054,134.324,10.257,3.023,32.609,3.089,1.672,1.527,2.025,3760.052,3176.608,859.16,2660.37,2812.012,1000.692,0.901,2504.639
JPM,Budget,260602002,2026,6,2,2,2026-6,108964.8,31623.352,7927.189,4794.221,0,21831.888,6486.256,3891.754,32.488,8.768,7.719,154.413,0.835,0.98,0.925,0.895,0.955,0.884,0.95,2.704,886.807,3445.857,2849.766,12.13772337,9.476522719,275,0,17,3.5,1,35.898,10.078,8.935,166.933,46.594,21831.888,153038.351,271.211,116891.989,36417.573,23.206,6.137,124.25,9.282,2.63,30.163,25.642,7.054,134.324,10.257,3.023,32.609,3.089,1.672,1.527,2.025,3760.052,3176.608,859.16,2660.37,2812.012,1000.692,0.901,2504.639
JPM,Budget,260603001,2026,6,3,1,2026-6,108964.8,31623.352,7927.189,4794.221,0,21831.888,6486.256,3891.754,32.488,8.768,7.719,154.413,0.835,0.98,0.925,0.895,0.955,0.884,0.95,2.704,886.807,3445.857,2849.766,12.13772337,9.476522719,275,0,17,3.5,1,35.898,10.078,8.935,166.933,46.594,21831.888,153038.351,271.211,116891.989,36417.573,23.206,6.137,124.25,9.282,2.63,30.163,25.642,7.054,134.324,10.257,3.023,32.609,3.089,1.672,1.527,2.025,3760.052,3176.608,859.16,2660.37,2812.012,1000.692,0.901,2504.639
JPM,Budget,260603002,2026,6,3,2,2026-6,108964.8,31623.352,7927.189,4794.221,0,21831.888,6486.256,3891.754,32.488,8.768,7.719,154.413,0.835,0.98,0.925,0.895,0.955,0.884,0.95,2.704,886.807,3445.857,2849.766,12.13772337,9.476522719,275,0,17,3.5,1,35.898,10.078,8.935,166.933,46.594,21831.888,153038.351,271.211,116891.989,36417.573,23.206,6.137,124.25,9.282,2.63,30.163,25.642,7.054,134.324,10.257,3.023,32.609,3.089,1.672,1.527,2.025,3760.052,3176.608,859.16,2660.37,2812.012,1000.692,0.901,2504.639
JPM,Budget,260604001,2026,6,4,1,2026-6,108964.8,31623.352,7927.189,4794.221,0,21831.888,6486.256,3891.754,32.488,8.768,7.719,154.413,0.835,0.98,0.925,0.895,0.955,0.884,0.95,2.704,886.807,3445.857,2849.766,12.13772337,9.476522719,275,0,17,3.5,1,35.898,10.078,8.935,166.933,46.594,21831.888,153038.351,271.211,116891.989,36417.573,23.206,6.137,124.25,9.282,2.63,30.163,25.642,7.054,134.324,10.257,3.023,32.609,3.089,1.672,1.527,2.025,3760.052,3176.608,859.16,2660.37,2812.012,1000.692,0.901,2504.639
JPM,Budget,260604002,2026,6,4,2,2026-6,108964.8,31623.352,7927.189,4794.221,0,21831.888,6486.256,3891.754,32.488,8.768,7.719,154.413,0.835,0.98,0.925,0.895,0.955,0.884,0.95,2.704,886.807,3445.857,2849.766,12.13772337,9.476522719,275,0,17,3.5,1,35.898,10.078,8.935,166.933,46.594,21831.888,153038.351,271.211,116891.989,36417.573,23.206,6.137,124.25,9.282,2.63,30.163,25.642,7.054,134.324,10.257,3.023,32.609,3.089,1.672,1.527,2.025,3760.052,3176.608,859.16,2660.37,2812.012,1000.692,0.901,2504.639
JPM,Budget,260605001,2026,6,5,1,2026-6,108964.8,31623.352,7927.189,4794.221,0,21831.888,6486.256,3891.754,32.488,8.768,7.719,154.413,0.835,0.98,0.925,0.895,0.955,0.884,0.95,2.704,886.807,3445.857,2849.766,12.13772337,9.476522719,275,0,17,3.5,1,35.898,10.078,8.935,166.933,46.594,21831.888,153038.351,271.211,116891.989,36417.573,23.206,6.137,124.25,9.282,2.63,30.163,25.642,7.054,134.324,10.257,3.023,32.609,3.089,1.672,1.527,2.025,3760.052,3176.608,859.16,2660.37,2812.012,1000.692,0.901,2504.639
JPM,Budget,260605002,2026,6,5,2,2026-6,108964.8,31623.352,7927.189,4794.221,0,21831.888,6486.256,3891.754,32.488,8.768,7.719,154.413,0.835,0.98,0.925,0.895,0.955,0.884,0.95,2.704,886.807,3445.857,2849.766,12.13772337,9.476522719,275,0,17,3.5,1,35.898,10.078,8.935,166.933,46.594,21831.888,153038.351,271.211,116891.989,36417.573,23.206,6.137,124.25,9.282,2.63,30.163,25.642,7.054,134.324,10.257,3.023,32.609,3.089,1.672,1.527,2.025,3760.052,3176.608,859.16,2660.37,2812.012,1000.692,0.901,2504.639
JPM,Budget,260606001,2026,6,6,1,2026-6,108964.8,31623.352,7927.189,4794.221,0,21831.888,6486.256,3891.754,32.488,8.768,7.719,154.413,0.835,0.98,0.925,0.895,0.955,0.884,0.95,2.704,886.807,3445.857,2849.766,12.13772337,9.476522719,275,0,17,3.5,1,35.898,10.078,8.935,166.933,46.594,21831.888,153038.351,271.211,116891.989,36417.573,23.206,6.137,124.25,9.282,2.63,30.163,25.642,7.054,134.324,10.257,3.023,32.609,3.089,1.672,1.527,2.025,3760.052,3176.608,859.16,2660.37,2812.012,1000.692,0.901,2504.639
JPM,Budget,260606002,2026,6,6,2,2026-6,108964.8,31623.352,7927.189,4794.221,0,21831.888,6486.256,3891.754,32.488,8.768,7.719,154.413,0.835,0.98,0.925,0.895,0.955,0.884,0.95,2.704,886.807,3445.857,2849.766,12.13772337,9.476522719,275,0,17,3.5,1,35.898,10.078,8.935,166.933,46.594,21831.888,153038.351,271.211,116891.989,36417.573,23.206,6.137,124.25,9.282,2.63,30.163,25.642,7.054,134.324,10.257,3.023,32.609,3.089,1.672,1.527,2.025,3760.052,3176.608,859.16,2660.37,2812.012,1000.692,0.901,2504.639
JPM,Budget,260607001,2026,6,7,1,2026-6,108964.8,31623.352,7927.189,4794.221,0,21831.888,6486.256,3891.754,32.488,8.768,7.719,154.413,0.835,0.98,0.925,0.895,0.955,0.884,0.95,2.704,886.807,3445.857,2849.766,12.13772337,9.476522719,275,0,17,3.5,1,35.898,10.078,8.935,166.933,46.594,21831.888,153038.351,271.211,116891.989,36417.573,23.206,6.137,124.25,9.282,2.63,30.163,25.642,7.054,134.324,10.257,3.023,32.609,3.089,1.672,1.527,2.025,3760.052,3176.608,859.16,2660.37,2812.012,1000.692,0.901,2504.639
JPM,Budget,260607002,2026,6,7,2,2026-6,108964.8,31623.352,7927.189,4794.221,0,21831.888,6486.256,3891.754,32.488,8.768,7.719,154.413,0.835,0.98,0.925,0.895,0.955,0.884,0.95,2.704,886.807,3445.857,2849.766,12.13772337,9.476522719,275,0,17,3.5,1,35.898,10.078,8.935,166.933,46.594,21831.888,153038.351,271.211,116891.989,36417.573,23.206,6.137,124.25,9.282,2.63,30.163,25.642,7.054,134.324,10.257,3.023,32.609,3.089,1.672,1.527,2.025,3760.052,3176.608,859.16,2660.37,2812.012,1000.692,0.901,2504.639
JPM,Budget,260608001,2026,6,8,1,2026-6,108964.8,31623.352,7927.189,4794.221,0,21831.888,6486.256,3891.754,32.488,8.768,7.719,154.413,0.835,0.98,0.925,0.895,0.955,0.884,0.95,2.704,886.807,3445.857,2849.766,12.13772337,9.476522719,275,0,17,3.5,1,35.898,10.078,8.935,166.933,46.594,21831.888,153038.351,271.211,116891.989,36417.573,23.206,6.137,124.25,9.282,2.63,30.163,25.642,7.054,134.324,10.257,3.023,32.609,3.089,1.672,1.527,2.025,3760.052,3176.608,859.16,2660.37,2812.012,1000.692,0.901,2504.639
JPM,Budget,260608002,2026,6,8,2,2026-6,108964.8,31623.352,7927.189,4794.221,0,21831.888,6486.256,3891.754,32.488,8.768,7.719,154.413,0.835,0.98,0.925,0.895,0.955,0.884,0.95,2.704,886.807,3445.857,2849.766,12.13772337,9.476522719,275,0,17,3.5,1,35.898,10.078,8.935,166.933,46.594,21831.888,153038.351,271.211,116891.989,36417.573,23.206,6.137,124.25,9.282,2.63,30.163,25.642,7.054,134.324,10.257,3.023,32.609,3.089,1.672,1.527,2.025,3760.052,3176.608,859.16,2660.37,2812.012,1000.692,0.901,2504.639
JPM,Budget,260609001,2026,6,9,1,2026-6,108964.8,31623.352,7927.189,4794.221,0,21831.888,6486.256,3891.754,32.488,8.768,7.719,154.413,0.835,0.98,0.925,0.895,0.955,0.884,0.95,2.704,886.807,3445.857,2849.766,12.13772337,9.476522719,275,0,17,3.5,1,35.898,10.078,8.935,166.933,46.594,21831.888,153038.351,271.211,116891.989,36417.573,23.206,6.137,124.25,9.282,2.63,30.163,25.642,7.054,134.324,10.257,3.023,32.609,3.089,1.672,1.527,2.025,3760.052,3176.608,859.16,2660.37,2812.012,1000.692,0.901,2504.639
JPM,Budget,260609002,2026,6,9,2,2026-6,108964.8,31623.352,7927.189,4794.221,0,21831.888,6486.256,3891.754,32.488,8.768,7.719,154.413,0.835,0.98,0.925,0.895,0.955,0.884,0.95,2.704,886.807,3445.857,2849.766,12.13772337,9.476522719,275,0,17,3.5,1,35.898,10.078,8.935,166.933,46.594,21831.888,153038.351,271.211,116891.989,36417.573,23.206,6.137,124.25,9.282,2.63,30.163,25.642,7.054,134.324,10.257,3.023,32.609,3.089,1.672,1.527,2.025,3760.052,3176.608,859.16,2660.37,2812.012,1000.692,0.901,2504.639
JPM,Budget,260610001,2026,6,10,1,2026-6,108964.8,31623.352,7927.189,4794.221,0,21831.888,6486.256,3891.754,32.488,8.768,7.719,154.413,0.835,0.98,0.925,0.895,0.955,0.884,0.95,2.704,886.807,3445.857,2849.766,12.13772337,9.476522719,275,0,17,3.5,1,35.898,10.078,8.935,166.933,46.594,21831.888,153038.351,271.211,116891.989,36417.573,23.206,6.137,124.25,9.282,2.63,30.163,25.642,7.054,134.324,10.257,3.023,32.609,3.089,1.672,1.527,2.025,3760.052,3176.608,859.16,2660.37,2812.012,1000.692,0.901,2504.639
JPM,Budget,260610002,2026,6,10,2,2026-6,108964.8,31623.352,7927.189,4794.221,0,21831.888,6486.256,3891.754,32.488,8.768,7.719,154.413,0.835,0.98,0.925,0.895,0.955,0.884,0.95,2.704,886.807,3445.857,2849.766,12.13772337,9.476522719,275,0,17,3.5,1,35.898,10.078,8.935,166.933,46.594,21831.888,153038.351,271.211,116891.989,36417.573,23.206,6.137,124.25,9.282,2.63,30.163,25.642,7.054,134.324,10.257,3.023,32.609,3.089,1.672,1.527,2.025,3760.052,3176.608,859.16,2660.37,2812.012,1000.692,0.901,2504.639
JPM,Budget,260611001,2026,6,11,1,2026-6,108964.8,31623.352,7927.189,4794.221,0,21831.888,6486.256,3891.754,32.488,8.768,7.719,154.413,0.835,0.98,0.925,0.895,0.955,0.884,0.95,2.704,886.807,3445.857,2849.766,12.13772337,9.476522719,275,0,17,3.5,1,35.898,10.078,8.935,166.933,46.594,21831.888,153038.351,271.211,116891.989,36417.573,23.206,6.137,124.25,9.282,2.63,30.163,25.642,7.054,134.324,10.257,3.023,32.609,3.089,1.672,1.527,2.025,3760.052,3176.608,859.16,2660.37,2812.012,1000.692,0.901,2504.639
JPM,Budget,260611002,2026,6,11,2,2026-6,108964.8,31623.352,7927.189,4794.221,0,21831.888,6486.256,3891.754,32.488,8.768,7.719,154.413,0.835,0.98,0.925,0.895,0.955,0.884,0.95,2.704,886.807,3445.857,2849.766,12.13772337,9.476522719,275,0,17,3.5,1,35.898,10.078,8.935,166.933,46.594,21831.888,153038.351,271.211,116891.989,36417.573,23.206,6.137,124.25,9.282,2.63,30.163,25.642,7.054,134.324,10.257,3.023,32.609,3.089,1.672,1.527,2.025,3760.052,3176.608,859.16,2660.37,2812.012,1000.692,0.901,2504.639
JPM,Budget,260612001,2026,6,12,1,2026-6,108964.8,31623.352,7927.189,4794.221,0,21831.888,6486.256,3891.754,32.488,8.768,7.719,154.413,0.835,0.98,0.925,0.895,0.955,0.884,0.95,2.704,886.807,3445.857,2849.766,12.13772337,9.476522719,275,0,17,3.5,1,35.898,10.078,8.935,166.933,46.594,21831.888,153038.351,271.211,116891.989,36417.573,23.206,6.137,124.25,9.282,2.63,30.163,25.642,7.054,134.324,10.257,3.023,32.609,3.089,1.672,1.527,2.025,3760.052,3176.608,859.16,2660.37,2812.012,1000.692,0.901,2504.639
JPM,Budget,260612002,2026,6,12,2,2026-6,108964.8,31623.352,7927.189,4794.221,0,21831.888,6486.256,3891.754,32.488,8.768,7.719,154.413,0.835,0.98,0.925,0.895,0.955,0.884,0.95,2.704,886.807,3445.857,2849.766,12.13772337,9.476522719,275,0,17,3.5,1,35.898,10.078,8.935,166.933,46.594,21831.888,153038.351,271.211,116891.989,36417.573,23.206,6.137,124.25,9.282,2.63,30.163,25.642,7.054,134.324,10.257,3.023,32.609,3.089,1.672,1.527,2.025,3760.052,3176.608,859.16,2660.37,2812.012,1000.692,0.901,2504.639
JPM,Budget,260613001,2026,6,13,1,2026-6,108964.8,31623.352,7927.189,4794.221,0,21831.888,6486.256,3891.754,32.488,8.768,7.719,154.413,0.835,0.98,0.925,0.895,0.955,0.884,0.95,2.704,886.807,3445.857,2849.766,12.13772337,9.476522719,275,0,17,3.5,1,35.898,10.078,8.935,166.933,46.594,21831.888,153038.351,271.211,116891.989,36417.573,23.206,6.137,124.25,9.282,2.63,30.163,25.642,7.054,134.324,10.257,3.023,32.609,3.089,1.672,1.527,2.025,3760.052,3176.608,859.16,2660.37,2812.012,1000.692,0.901,2504.639
JPM,Budget,260613002,2026,6,13,2,2026-6,108964.8,31623.352,7927.189,4794.221,0,21831.888,6486.256,3891.754,32.488,8.768,7.719,154.413,0.835,0.98,0.925,0.895,0.955,0.884,0.95,2.704,886.807,3445.857,2849.766,12.13772337,9.476522719,275,0,17,3.5,1,35.898,10.078,8.935,166.933,46.594,21831.888,153038.351,271.211,116891.989,36417.573,23.206,6.137,124.25,9.282,2.63,30.163,25.642,7.054,134.324,10.257,3.023,32.609,3.089,1.672,1.527,2.025,3760.052,3176.608,859.16,2660.37,2812.012,1000.692,0.901,2504.639
JPM,Budget,260614001,2026,6,14,1,2026-6,108964.8,31623.352,7927.189,4794.221,0,21831.888,6486.256,3891.754,32.488,8.768,7.719,154.413,0.835,0.98,0.925,0.895,0.955,0.884,0.95,2.704,886.807,3445.857,2849.766,12.13772337,9.476522719,275,0,17,3.5,1,35.898,10.078,8.935,166.933,46.594,21831.888,153038.351,271.211,116891.989,36417.573,23.206,6.137,124.25,9.282,2.63,30.163,25.642,7.054,134.324,10.257,3.023,32.609,3.089,1.672,1.527,2.025,3760.052,3176.608,859.16,2660.37,2812.012,1000.692,0.901,2504.639
JPM,Budget,260614002,2026,6,14,2,2026-6,108964.8,31623.352,7927.189,4794.221,0,21831.888,6486.256,3891.754,32.488,8.768,7.719,154.413,0.835,0.98,0.925,0.895,0.955,0.884,0.95,2.704,886.807,3445.857,2849.766,12.13772337,9.476522719,275,0,17,3.5,1,35.898,10.078,8.935,166.933,46.594,21831.888,153038.351,271.211,116891.989,36417.573,23.206,6.137,124.25,9.282,2.63,30.163,25.642,7.054,134.324,10.257,3.023,32.609,3.089,1.672,1.527,2.025,3760.052,3176.608,859.16,2660.37,2812.012,1000.692,0.901,2504.639
JPM,Budget,260615001,2026,6,15,1,2026-6,108964.8,31623.352,7927.189,4794.221,0,21831.888,6486.256,3891.754,32.488,8.768,7.719,154.413,0.835,0.98,0.925,0.895,0.955,0.884,0.95,2.704,886.807,3445.857,2849.766,12.13772337,9.476522719,275,0,17,3.5,1,35.898,10.078,8.935,166.933,46.594,21831.888,153038.351,271.211,116891.989,36417.573,23.206,6.137,124.25,9.282,2.63,30.163,25.642,7.054,134.324,10.257,3.023,32.609,3.089,1.672,1.527,2.025,3760.052,3176.608,859.16,2660.37,2812.012,1000.692,0.901,2504.639
JPM,Budget,260615002,2026,6,15,2,2026-6,108964.8,31623.352,7927.189,4794.221,0,21831.888,6486.256,3891.754,32.488,8.768,7.719,154.413,0.835,0.98,0.925,0.895,0.955,0.884,0.95,2.704,886.807,3445.857,2849.766,12.13772337,9.476522719,275,0,17,3.5,1,35.898,10.078,8.935,166.933,46.594,21831.888,153038.351,271.211,116891.989,36417.573,23.206,6.137,124.25,9.282,2.63,30.163,25.642,7.054,134.324,10.257,3.023,32.609,3.089,1.672,1.527,2.025,3760.052,3176.608,859.16,2660.37,2812.012,1000.692,0.901,2504.639
JPM,Budget,260616001,2026,6,16,1,2026-6,108964.8,31623.352,7927.189,4794.221,0,21831.888,6486.256,3891.754,32.488,8.768,7.719,154.413,0.835,0.98,0.925,0.895,0.955,0.884,0.95,2.704,886.807,3445.857,2849.766,12.13772337,9.476522719,275,0,17,3.5,1,35.898,10.078,8.935,166.933,46.594,21831.888,153038.351,271.211,116891.989,36417.573,23.206,6.137,124.25,9.282,2.63,30.163,25.642,7.054,134.324,10.257,3.023,32.609,3.089,1.672,1.527,2.025,3760.052,3176.608,859.16,2660.37,2812.012,1000.692,0.901,2504.639
JPM,Budget,260616002,2026,6,16,2,2026-6,108964.8,31623.352,7927.189,4794.221,0,21831.888,6486.256,3891.754,32.488,8.768,7.719,154.413,0.835,0.98,0.925,0.895,0.955,0.884,0.95,2.704,886.807,3445.857,2849.766,12.13772337,9.476522719,275,0,17,3.5,1,35.898,10.078,8.935,166.933,46.594,21831.888,153038.351,271.211,116891.989,36417.573,23.206,6.137,124.25,9.282,2.63,30.163,25.642,7.054,134.324,10.257,3.023,32.609,3.089,1.672,1.527,2.025,3760.052,3176.608,859.16,2660.37,2812.012,1000.692,0.901,2504.639
JPM,Budget,260617001,2026,6,17,1,2026-6,108964.8,31623.352,7927.189,4794.221,0,21831.888,6486.256,3891.754,32.488,8.768,7.719,154.413,0.835,0.98,0.925,0.895,0.955,0.884,0.95,2.704,886.807,3445.857,2849.766,12.13772337,9.476522719,275,0,17,3.5,1,35.898,10.078,8.935,166.933,46.594,21831.888,153038.351,271.211,116891.989,36417.573,23.206,6.137,124.25,9.282,2.63,30.163,25.642,7.054,134.324,10.257,3.023,32.609,3.089,1.672,1.527,2.025,3760.052,3176.608,859.16,2660.37,2812.012,1000.692,0.901,2504.639
JPM,Budget,260617002,2026,6,17,2,2026-6,108964.8,31623.352,7927.189,4794.221,0,21831.888,6486.256,3891.754,32.488,8.768,7.719,154.413,0.835,0.98,0.925,0.895,0.955,0.884,0.95,2.704,886.807,3445.857,2849.766,12.13772337,9.476522719,275,0,17,3.5,1,35.898,10.078,8.935,166.933,46.594,21831.888,153038.351,271.211,116891.989,36417.573,23.206,6.137,124.25,9.282,2.63,30.163,25.642,7.054,134.324,10.257,3.023,32.609,3.089,1.672,1.527,2.025,3760.052,3176.608,859.16,2660.37,2812.012,1000.692,0.901,2504.639
JPM,Budget,260618001,2026,6,18,1,2026-6,108964.8,31623.352,7927.189,4794.221,0,21831.888,6486.256,3891.754,32.488,8.768,7.719,154.413,0.835,0.98,0.925,0.895,0.955,0.884,0.95,2.704,886.807,3445.857,2849.766,12.13772337,9.476522719,275,0,17,3.5,1,35.898,10.078,8.935,166.933,46.594,21831.888,153038.351,271.211,116891.989,36417.573,23.206,6.137,124.25,9.282,2.63,30.163,25.642,7.054,134.324,10.257,3.023,32.609,3.089,1.672,1.527,2.025,3760.052,3176.608,859.16,2660.37,2812.012,1000.692,0.901,2504.639
JPM,Budget,260618002,2026,6,18,2,2026-6,108964.8,31623.352,7927.189,4794.221,0,21831.888,6486.256,3891.754,32.488,8.768,7.719,154.413,0.835,0.98,0.925,0.895,0.955,0.884,0.95,2.704,886.807,3445.857,2849.766,12.13772337,9.476522719,275,0,17,3.5,1,35.898,10.078,8.935,166.933,46.594,21831.888,153038.351,271.211,116891.989,36417.573,23.206,6.137,124.25,9.282,2.63,30.163,25.642,7.054,134.324,10.257,3.023,32.609,3.089,1.672,1.527,2.025,3760.052,3176.608,859.16,2660.37,2812.012,1000.692,0.901,2504.639
JPM,Budget,260619001,2026,6,19,1,2026-6,108964.8,31623.352,7927.189,4794.221,0,21831.888,6486.256,3891.754,32.488,8.768,7.719,154.413,0.835,0.98,0.925,0.895,0.955,0.884,0.95,2.704,886.807,3445.857,2849.766,12.13772337,9.476522719,275,0,17,3.5,1,35.898,10.078,8.935,166.933,46.594,21831.888,153038.351,271.211,116891.989,36417.573,23.206,6.137,124.25,9.282,2.63,30.163,25.642,7.054,134.324,10.257,3.023,32.609,3.089,1.672,1.527,2.025,3760.052,3176.608,859.16,2660.37,2812.012,1000.692,0.901,2504.639
JPM,Budget,260619002,2026,6,19,2,2026-6,108964.8,31623.352,7927.189,4794.221,0,21831.888,6486.256,3891.754,32.488,8.768,7.719,154.413,0.835,0.98,0.925,0.895,0.955,0.884,0.95,2.704,886.807,3445.857,2849.766,12.13772337,9.476522719,275,0,17,3.5,1,35.898,10.078,8.935,166.933,46.594,21831.888,153038.351,271.211,116891.989,36417.573,23.206,6.137,124.25,9.282,2.63,30.163,25.642,7.054,134.324,10.257,3.023,32.609,3.089,1.672,1.527,2.025,3760.052,3176.608,859.16,2660.37,2812.012,1000.692,0.901,2504.639
JPM,Budget,260620001,2026,6,20,1,2026-6,108964.8,31623.352,7927.189,4794.221,0,21831.888,6486.256,3891.754,32.488,8.768,7.719,154.413,0.835,0.98,0.925,0.895,0.955,0.884,0.95,2.704,886.807,3445.857,2849.766,12.13772337,9.476522719,275,0,17,3.5,1,35.898,10.078,8.935,166.933,46.594,21831.888,153038.351,271.211,116891.989,36417.573,23.206,6.137,124.25,9.282,2.63,30.163,25.642,7.054,134.324,10.257,3.023,32.609,3.089,1.672,1.527,2.025,3760.052,3176.608,859.16,2660.37,2812.012,1000.692,0.901,2504.639
JPM,Budget,260620002,2026,6,20,2,2026-6,108964.8,31623.352,7927.189,4794.221,0,21831.888,6486.256,3891.754,32.488,8.768,7.719,154.413,0.835,0.98,0.925,0.895,0.955,0.884,0.95,2.704,886.807,3445.857,2849.766,12.13772337,9.476522719,275,0,17,3.5,1,35.898,10.078,8.935,166.933,46.594,21831.888,153038.351,271.211,116891.989,36417.573,23.206,6.137,124.25,9.282,2.63,30.163,25.642,7.054,134.324,10.257,3.023,32.609,3.089,1.672,1.527,2.025,3760.052,3176.608,859.16,2660.37,2812.012,1000.692,0.901,2504.639
JPM,Budget,260621001,2026,6,21,1,2026-6,108964.8,31623.352,7927.189,4794.221,0,21831.888,6486.256,3891.754,32.488,8.768,7.719,154.413,0.835,0.98,0.925,0.895,0.955,0.884,0.95,2.704,886.807,3445.857,2849.766,12.13772337,9.476522719,275,0,17,3.5,1,35.898,10.078,8.935,166.933,46.594,21831.888,153038.351,271.211,116891.989,36417.573,23.206,6.137,124.25,9.282,2.63,30.163,25.642,7.054,134.324,10.257,3.023,32.609,3.089,1.672,1.527,2.025,3760.052,3176.608,859.16,2660.37,2812.012,1000.692,0.901,2504.639
JPM,Budget,260621002,2026,6,21,2,2026-6,108964.8,31623.352,7927.189,4794.221,0,21831.888,6486.256,3891.754,32.488,8.768,7.719,154.413,0.835,0.98,0.925,0.895,0.955,0.884,0.95,2.704,886.807,3445.857,2849.766,12.13772337,9.476522719,275,0,17,3.5,1,35.898,10.078,8.935,166.933,46.594,21831.888,153038.351,271.211,116891.989,36417.573,23.206,6.137,124.25,9.282,2.63,30.163,25.642,7.054,134.324,10.257,3.023,32.609,3.089,1.672,1.527,2.025,3760.052,3176.608,859.16,2660.37,2812.012,1000.692,0.901,2504.639
JPM,Budget,260622001,2026,6,22,1,2026-6,108964.8,31623.352,7927.189,4794.221,0,21831.888,6486.256,3891.754,32.488,8.768,7.719,154.413,0.835,0.98,0.925,0.895,0.955,0.884,0.95,2.704,886.807,3445.857,2849.766,12.13772337,9.476522719,275,0,17,3.5,1,35.898,10.078,8.935,166.933,46.594,21831.888,153038.351,271.211,116891.989,36417.573,23.206,6.137,124.25,9.282,2.63,30.163,25.642,7.054,134.324,10.257,3.023,32.609,3.089,1.672,1.527,2.025,3760.052,3176.608,859.16,2660.37,2812.012,1000.692,0.901,2504.639
JPM,Budget,260622002,2026,6,22,2,2026-6,108964.8,31623.352,7927.189,4794.221,0,21831.888,6486.256,3891.754,32.488,8.768,7.719,154.413,0.835,0.98,0.925,0.895,0.955,0.884,0.95,2.704,886.807,3445.857,2849.766,12.13772337,9.476522719,275,0,17,3.5,1,35.898,10.078,8.935,166.933,46.594,21831.888,153038.351,271.211,116891.989,36417.573,23.206,6.137,124.25,9.282,2.63,30.163,25.642,7.054,134.324,10.257,3.023,32.609,3.089,1.672,1.527,2.025,3760.052,3176.608,859.16,2660.37,2812.012,1000.692,0.901,2504.639
JPM,Budget,260623001,2026,6,23,1,2026-6,108964.8,31623.352,7927.189,4794.221,0,21831.888,6486.256,3891.754,32.488,8.768,7.719,154.413,0.835,0.98,0.925,0.895,0.955,0.884,0.95,2.704,886.807,3445.857,2849.766,12.13772337,9.476522719,275,0,17,3.5,1,35.898,10.078,8.935,166.933,46.594,21831.888,153038.351,271.211,116891.989,36417.573,23.206,6.137,124.25,9.282,2.63,30.163,25.642,7.054,134.324,10.257,3.023,32.609,3.089,1.672,1.527,2.025,3760.052,3176.608,859.16,2660.37,2812.012,1000.692,0.901,2504.639
JPM,Budget,260623002,2026,6,23,2,2026-6,108964.8,31623.352,7927.189,4794.221,0,21831.888,6486.256,3891.754,32.488,8.768,7.719,154.413,0.835,0.98,0.925,0.895,0.955,0.884,0.95,2.704,886.807,3445.857,2849.766,12.13772337,9.476522719,275,0,17,3.5,1,35.898,10.078,8.935,166.933,46.594,21831.888,153038.351,271.211,116891.989,36417.573,23.206,6.137,124.25,9.282,2.63,30.163,25.642,7.054,134.324,10.257,3.023,32.609,3.089,1.672,1.527,2.025,3760.052,3176.608,859.16,2660.37,2812.012,1000.692,0.901,2504.639
JPM,Budget,260624001,2026,6,24,1,2026-6,108964.8,31623.352,7927.189,4794.221,0,21831.888,6486.256,3891.754,32.488,8.768,7.719,154.413,0.835,0.98,0.925,0.895,0.955,0.884,0.95,2.704,886.807,3445.857,2849.766,12.13772337,9.476522719,275,0,17,3.5,1,35.898,10.078,8.935,166.933,46.594,21831.888,153038.351,271.211,116891.989,36417.573,23.206,6.137,124.25,9.282,2.63,30.163,25.642,7.054,134.324,10.257,3.023,32.609,3.089,1.672,1.527,2.025,3760.052,3176.608,859.16,2660.37,2812.012,1000.692,0.901,2504.639
JPM,Budget,260624002,2026,6,24,2,2026-6,108964.8,31623.352,7927.189,4794.221,0,21831.888,6486.256,3891.754,32.488,8.768,7.719,154.413,0.835,0.98,0.925,0.895,0.955,0.884,0.95,2.704,886.807,3445.857,2849.766,12.13772337,9.476522719,275,0,17,3.5,1,35.898,10.078,8.935,166.933,46.594,21831.888,153038.351,271.211,116891.989,36417.573,23.206,6.137,124.25,9.282,2.63,30.163,25.642,7.054,134.324,10.257,3.023,32.609,3.089,1.672,1.527,2.025,3760.052,3176.608,859.16,2660.37,2812.012,1000.692,0.901,2504.639
JPM,Budget,260625001,2026,6,25,1,2026-6,108964.8,31623.352,7927.189,4794.221,0,21831.888,6486.256,3891.754,32.488,8.768,7.719,154.413,0.835,0.98,0.925,0.895,0.955,0.884,0.95,2.704,886.807,3445.857,2849.766,12.13772337,9.476522719,275,0,17,3.5,1,35.898,10.078,8.935,166.933,46.594,21831.888,153038.351,271.211,116891.989,36417.573,23.206,6.137,124.25,9.282,2.63,30.163,25.642,7.054,134.324,10.257,3.023,32.609,3.089,1.672,1.527,2.025,3760.052,3176.608,859.16,2660.37,2812.012,1000.692,0.901,2504.639
JPM,Budget,260625002,2026,6,25,2,2026-6,108964.8,31623.352,7927.189,4794.221,0,21831.888,6486.256,3891.754,32.488,8.768,7.719,154.413,0.835,0.98,0.925,0.895,0.955,0.884,0.95,2.704,886.807,3445.857,2849.766,12.13772337,9.476522719,275,0,17,3.5,1,35.898,10.078,8.935,166.933,46.594,21831.888,153038.351,271.211,116891.989,36417.573,23.206,6.137,124.25,9.282,2.63,30.163,25.642,7.054,134.324,10.257,3.023,32.609,3.089,1.672,1.527,2.025,3760.052,3176.608,859.16,2660.37,2812.012,1000.692,0.901,2504.639
JPM,Budget,260626001,2026,6,26,1,2026-6,108964.8,31623.352,7927.189,4794.221,0,21831.888,6486.256,3891.754,32.488,8.768,7.719,154.413,0.835,0.98,0.925,0.895,0.955,0.884,0.95,2.704,886.807,3445.857,2849.766,12.13772337,9.476522719,275,0,17,3.5,1,35.898,10.078,8.935,166.933,46.594,21831.888,153038.351,271.211,116891.989,36417.573,23.206,6.137,124.25,9.282,2.63,30.163,25.642,7.054,134.324,10.257,3.023,32.609,3.089,1.672,1.527,2.025,3760.052,3176.608,859.16,2660.37,2812.012,1000.692,0.901,2504.639
JPM,Budget,260626002,2026,6,26,2,2026-6,108964.8,31623.352,7927.189,4794.221,0,21831.888,6486.256,3891.754,32.488,8.768,7.719,154.413,0.835,0.98,0.925,0.895,0.955,0.884,0.95,2.704,886.807,3445.857,2849.766,12.13772337,9.476522719,275,0,17,3.5,1,35.898,10.078,8.935,166.933,46.594,21831.888,153038.351,271.211,116891.989,36417.573,23.206,6.137,124.25,9.282,2.63,30.163,25.642,7.054,134.324,10.257,3.023,32.609,3.089,1.672,1.527,2.025,3760.052,3176.608,859.16,2660.37,2812.012,1000.692,0.901,2504.639
JPM,Budget,260627001,2026,6,27,1,2026-6,108964.8,31623.352,7927.189,4794.221,0,21831.888,6486.256,3891.754,32.488,8.768,7.719,154.413,0.835,0.98,0.925,0.895,0.955,0.884,0.95,2.704,886.807,3445.857,2849.766,12.13772337,9.476522719,275,0,17,3.5,1,35.898,10.078,8.935,166.933,46.594,21831.888,153038.351,271.211,116891.989,36417.573,23.206,6.137,124.25,9.282,2.63,30.163,25.642,7.054,134.324,10.257,3.023,32.609,3.089,1.672,1.527,2.025,3760.052,3176.608,859.16,2660.37,2812.012,1000.692,0.901,2504.639
JPM,Budget,260627002,2026,6,27,2,2026-6,108964.8,31623.352,7927.189,4794.221,0,21831.888,6486.256,3891.754,32.488,8.768,7.719,154.413,0.835,0.98,0.925,0.895,0.955,0.884,0.95,2.704,886.807,3445.857,2849.766,12.13772337,9.476522719,275,0,17,3.5,1,35.898,10.078,8.935,166.933,46.594,21831.888,153038.351,271.211,116891.989,36417.573,23.206,6.137,124.25,9.282,2.63,30.163,25.642,7.054,134.324,10.257,3.023,32.609,3.089,1.672,1.527,2.025,3760.052,3176.608,859.16,2660.37,2812.012,1000.692,0.901,2504.639
JPM,Budget,260628001,2026,6,28,1,2026-6,108964.8,31623.352,7927.189,4794.221,0,21831.888,6486.256,3891.754,32.488,8.768,7.719,154.413,0.835,0.98,0.925,0.895,0.955,0.884,0.95,2.704,886.807,3445.857,2849.766,12.13772337,9.476522719,275,0,17,3.5,1,35.898,10.078,8.935,166.933,46.594,21831.888,153038.351,271.211,116891.989,36417.573,23.206,6.137,124.25,9.282,2.63,30.163,25.642,7.054,134.324,10.257,3.023,32.609,3.089,1.672,1.527,2.025,3760.052,3176.608,859.16,2660.37,2812.012,1000.692,0.901,2504.639
JPM,Budget,260628002,2026,6,28,2,2026-6,108964.8,31623.352,7927.189,4794.221,0,21831.888,6486.256,3891.754,32.488,8.768,7.719,154.413,0.835,0.98,0.925,0.895,0.955,0.884,0.95,2.704,886.807,3445.857,2849.766,12.13772337,9.476522719,275,0,17,3.5,1,35.898,10.078,8.935,166.933,46.594,21831.888,153038.351,271.211,116891.989,36417.573,23.206,6.137,124.25,9.282,2.63,30.163,25.642,7.054,134.324,10.257,3.023,32.609,3.089,1.672,1.527,2.025,3760.052,3176.608,859.16,2660.37,2812.012,1000.692,0.901,2504.639
JPM,Budget,260629001,2026,6,29,1,2026-6,108964.8,31623.352,7927.189,4794.221,0,21831.888,6486.256,3891.754,32.488,8.768,7.719,154.413,0.835,0.98,0.925,0.895,0.955,0.884,0.95,2.704,886.807,3445.857,2849.766,12.13772337,9.476522719,275,0,17,3.5,1,35.898,10.078,8.935,166.933,46.594,21831.888,153038.351,271.211,116891.989,36417.573,23.206,6.137,124.25,9.282,2.63,30.163,25.642,7.054,134.324,10.257,3.023,32.609,3.089,1.672,1.527,2.025,3760.052,3176.608,859.16,2660.37,2812.012,1000.692,0.901,2504.639
JPM,Budget,260629002,2026,6,29,2,2026-6,108964.8,31623.352,7927.189,4794.221,0,21831.888,6486.256,3891.754,32.488,8.768,7.719,154.413,0.835,0.98,0.925,0.895,0.955,0.884,0.95,2.704,886.807,3445.857,2849.766,12.13772337,9.476522719,275,0,17,3.5,1,35.898,10.078,8.935,166.933,46.594,21831.888,153038.351,271.211,116891.989,36417.573,23.206,6.137,124.25,9.282,2.63,30.163,25.642,7.054,134.324,10.257,3.023,32.609,3.089,1.672,1.527,2.025,3760.052,3176.608,859.16,2660.37,2812.012,1000.692,0.901,2504.639
JPM,Budget,260630001,2026,6,30,1,2026-6,108964.8,31623.352,7927.189,4794.221,0,21831.888,6486.256,3891.754,32.488,8.768,7.719,154.413,0.835,0.98,0.925,0.895,0.955,0.884,0.95,2.704,886.807,3445.857,2849.766,12.13772337,9.476522719,275,0,17,3.5,1,35.898,10.078,8.935,166.933,46.594,21831.888,153038.351,271.211,116891.989,36417.573,23.206,6.137,124.25,9.282,2.63,30.163,25.642,7.054,134.324,10.257,3.023,32.609,3.089,1.672,1.527,2.025,3760.052,3176.608,859.16,2660.37,2812.012,1000.692,0.901,2504.639
JPM,Budget,260630002,2026,6,30,2,2026-6,108964.8,31623.352,7927.189,4794.221,0,21831.888,6486.256,3891.754,32.488,8.768,7.719,154.413,0.835,0.98,0.925,0.895,0.955,0.884,0.95,2.704,886.807,3445.857,2849.766,12.13772337,9.476522719,275,0,17,3.5,1,35.898,10.078,8.935,166.933,46.594,21831.888,153038.351,271.211,116891.989,36417.573,23.206,6.137,124.25,9.282,2.63,30.163,25.642,7.054,134.324,10.257,3.023,32.609,3.089,1.672,1.527,2.025,3760.052,3176.608,859.16,2660.37,2812.012,1000.692,0.901,2504.639
JPM,Budget,260701001,2026,7,1,1,2026-7,108964.8,22973.64,6674.094,4285.32,0,14497.439,5301.941,3181.165,27.273,3.957,7.719,154.413,0.835,0.98,0.925,0.87656682,0.955,0.797978495,0.95,2.855,817.624,4191.708,3014.717,11.68987782,11.07100879,260.3438623,0,17,3,0.5,30.136,4.548,8.945,166.933,47.487,14497.439,142635.392,262.462,115638.894,27258.961,22.728,2.928,130.258,4.546,1.029,24.155,25.114,3.366,140.82,5.023,1.183,26.114,3.052,2.124,1.83,2.697,4180.513,3394.194,805.734,4247.683,2816.895,881.744,0.901,2334.412
JPM,Budget,260701002,2026,7,1,2,2026-7,108964.8,22973.64,6674.094,4285.32,0,14497.439,5301.941,3181.165,27.273,3.957,7.719,154.413,0.835,0.98,0.925,0.87656682,0.955,0.797978495,0.95,2.855,817.624,4191.708,3014.717,11.68987782,11.07100879,260.3438623,0,17,3,0.5,30.136,4.548,8.945,166.933,47.487,14497.439,142635.392,262.462,115638.894,27258.961,22.728,2.928,130.258,4.546,1.029,24.155,25.114,3.366,140.82,5.023,1.183,26.114,3.052,2.124,1.83,2.697,4180.513,3394.194,805.734,4247.683,2816.895,881.744,0.901,2334.412
JPM,Budget,260702001,2026,7,2,1,2026-7,108964.8,22973.64,6674.094,4285.32,0,14497.439,5301.941,3181.165,27.273,3.957,7.719,154.413,0.835,0.98,0.925,0.87656682,0.955,0.797978495,0.95,2.855,817.624,4191.708,3014.717,11.68987782,11.07100879,260.3438623,0,17,3,0.5,30.136,4.548,8.945,166.933,47.487,14497.439,142635.392,262.462,115638.894,27258.961,22.728,2.928,130.258,4.546,1.029,24.155,25.114,3.366,140.82,5.023,1.183,26.114,3.052,2.124,1.83,2.697,4180.513,3394.194,805.734,4247.683,2816.895,881.744,0.901,2334.412
JPM,Budget,260702002,2026,7,2,2,2026-7,108964.8,22973.64,6674.094,4285.32,0,14497.439,5301.941,3181.165,27.273,3.957,7.719,154.413,0.835,0.98,0.925,0.87656682,0.955,0.797978495,0.95,2.855,817.624,4191.708,3014.717,11.68987782,11.07100879,260.3438623,0,17,3,0.5,30.136,4.548,8.945,166.933,47.487,14497.439,142635.392,262.462,115638.894,27258.961,22.728,2.928,130.258,4.546,1.029,24.155,25.114,3.366,140.82,5.023,1.183,26.114,3.052,2.124,1.83,2.697,4180.513,3394.194,805.734,4247.683,2816.895,881.744,0.901,2334.412
JPM,Budget,260703001,2026,7,3,1,2026-7,108964.8,22973.64,6674.094,4285.32,0,14497.439,5301.941,3181.165,27.273,3.957,7.719,154.413,0.835,0.98,0.925,0.87656682,0.955,0.797978495,0.95,2.855,817.624,4191.708,3014.717,11.68987782,11.07100879,260.3438623,0,17,3,0.5,30.136,4.548,8.945,166.933,47.487,14497.439,142635.392,262.462,115638.894,27258.961,22.728,2.928,130.258,4.546,1.029,24.155,25.114,3.366,140.82,5.023,1.183,26.114,3.052,2.124,1.83,2.697,4180.513,3394.194,805.734,4247.683,2816.895,881.744,0.901,2334.412
JPM,Budget,260703002,2026,7,3,2,2026-7,108964.8,22973.64,6674.094,4285.32,0,14497.439,5301.941,3181.165,27.273,3.957,7.719,154.413,0.835,0.98,0.925,0.87656682,0.955,0.797978495,0.95,2.855,817.624,4191.708,3014.717,11.68987782,11.07100879,260.3438623,0,17,3,0.5,30.136,4.548,8.945,166.933,47.487,14497.439,142635.392,262.462,115638.894,27258.961,22.728,2.928,130.258,4.546,1.029,24.155,25.114,3.366,140.82,5.023,1.183,26.114,3.052,2.124,1.83,2.697,4180.513,3394.194,805.734,4247.683,2816.895,881.744,0.901,2334.412
JPM,Budget,260704001,2026,7,4,1,2026-7,108964.8,22973.64,6674.094,4285.32,0,14497.439,5301.941,3181.165,27.273,3.957,7.719,154.413,0.835,0.98,0.925,0.87656682,0.955,0.797978495,0.95,2.855,817.624,4191.708,3014.717,11.68987782,11.07100879,260.3438623,0,17,3,0.5,30.136,4.548,8.945,166.933,47.487,14497.439,142635.392,262.462,115638.894,27258.961,22.728,2.928,130.258,4.546,1.029,24.155,25.114,3.366,140.82,5.023,1.183,26.114,3.052,2.124,1.83,2.697,4180.513,3394.194,805.734,4247.683,2816.895,881.744,0.901,2334.412
JPM,Budget,260704002,2026,7,4,2,2026-7,108964.8,22973.64,6674.094,4285.32,0,14497.439,5301.941,3181.165,27.273,3.957,7.719,154.413,0.835,0.98,0.925,0.87656682,0.955,0.797978495,0.95,2.855,817.624,4191.708,3014.717,11.68987782,11.07100879,260.3438623,0,17,3,0.5,30.136,4.548,8.945,166.933,47.487,14497.439,142635.392,262.462,115638.894,27258.961,22.728,2.928,130.258,4.546,1.029,24.155,25.114,3.366,140.82,5.023,1.183,26.114,3.052,2.124,1.83,2.697,4180.513,3394.194,805.734,4247.683,2816.895,881.744,0.901,2334.412
JPM,Budget,260705001,2026,7,5,1,2026-7,108964.8,22973.64,6674.094,4285.32,0,14497.439,5301.941,3181.165,27.273,3.957,7.719,154.413,0.835,0.98,0.925,0.87656682,0.955,0.797978495,0.95,2.855,817.624,4191.708,3014.717,11.68987782,11.07100879,260.3438623,0,17,3,0.5,30.136,4.548,8.945,166.933,47.487,14497.439,142635.392,262.462,115638.894,27258.961,22.728,2.928,130.258,4.546,1.029,24.155,25.114,3.366,140.82,5.023,1.183,26.114,3.052,2.124,1.83,2.697,4180.513,3394.194,805.734,4247.683,2816.895,881.744,0.901,2334.412
JPM,Budget,260705002,2026,7,5,2,2026-7,108964.8,22973.64,6674.094,4285.32,0,14497.439,5301.941,3181.165,27.273,3.957,7.719,154.413,0.835,0.98,0.925,0.87656682,0.955,0.797978495,0.95,2.855,817.624,4191.708,3014.717,11.68987782,11.07100879,260.3438623,0,17,3,0.5,30.136,4.548,8.945,166.933,47.487,14497.439,142635.392,262.462,115638.894,27258.961,22.728,2.928,130.258,4.546,1.029,24.155,25.114,3.366,140.82,5.023,1.183,26.114,3.052,2.124,1.83,2.697,4180.513,3394.194,805.734,4247.683,2816.895,881.744,0.901,2334.412
JPM,Budget,260706001,2026,7,6,1,2026-7,108964.8,22973.64,6674.094,4285.32,0,14497.439,5301.941,3181.165,27.273,3.957,7.719,154.413,0.835,0.98,0.925,0.87656682,0.955,0.797978495,0.95,2.855,817.624,4191.708,3014.717,11.68987782,11.07100879,260.3438623,0,17,3,0.5,30.136,4.548,8.945,166.933,47.487,14497.439,142635.392,262.462,115638.894,27258.961,22.728,2.928,130.258,4.546,1.029,24.155,25.114,3.366,140.82,5.023,1.183,26.114,3.052,2.124,1.83,2.697,4180.513,3394.194,805.734,4247.683,2816.895,881.744,0.901,2334.412
JPM,Budget,260706002,2026,7,6,2,2026-7,108964.8,22973.64,6674.094,4285.32,0,14497.439,5301.941,3181.165,27.273,3.957,7.719,154.413,0.835,0.98,0.925,0.87656682,0.955,0.797978495,0.95,2.855,817.624,4191.708,3014.717,11.68987782,11.07100879,260.3438623,0,17,3,0.5,30.136,4.548,8.945,166.933,47.487,14497.439,142635.392,262.462,115638.894,27258.961,22.728,2.928,130.258,4.546,1.029,24.155,25.114,3.366,140.82,5.023,1.183,26.114,3.052,2.124,1.83,2.697,4180.513,3394.194,805.734,4247.683,2816.895,881.744,0.901,2334.412
JPM,Budget,260707001,2026,7,7,1,2026-7,108964.8,22973.64,6674.094,4285.32,0,14497.439,5301.941,3181.165,27.273,3.957,7.719,154.413,0.835,0.98,0.925,0.87656682,0.955,0.797978495,0.95,2.855,817.624,4191.708,3014.717,11.68987782,11.07100879,260.3438623,0,17,3,0.5,30.136,4.548,8.945,166.933,47.487,14497.439,142635.392,262.462,115638.894,27258.961,22.728,2.928,130.258,4.546,1.029,24.155,25.114,3.366,140.82,5.023,1.183,26.114,3.052,2.124,1.83,2.697,4180.513,3394.194,805.734,4247.683,2816.895,881.744,0.901,2334.412
JPM,Budget,260707002,2026,7,7,2,2026-7,108964.8,22973.64,6674.094,4285.32,0,14497.439,5301.941,3181.165,27.273,3.957,7.719,154.413,0.835,0.98,0.925,0.87656682,0.955,0.797978495,0.95,2.855,817.624,4191.708,3014.717,11.68987782,11.07100879,260.3438623,0,17,3,0.5,30.136,4.548,8.945,166.933,47.487,14497.439,142635.392,262.462,115638.894,27258.961,22.728,2.928,130.258,4.546,1.029,24.155,25.114,3.366,140.82,5.023,1.183,26.114,3.052,2.124,1.83,2.697,4180.513,3394.194,805.734,4247.683,2816.895,881.744,0.901,2334.412
JPM,Budget,260708001,2026,7,8,1,2026-7,108964.8,22973.64,6674.094,4285.32,0,14497.439,5301.941,3181.165,27.273,3.957,7.719,154.413,0.835,0.98,0.925,0.87656682,0.955,0.797978495,0.95,2.855,817.624,4191.708,3014.717,11.68987782,11.07100879,260.3438623,0,17,3,0.5,30.136,4.548,8.945,166.933,47.487,14497.439,142635.392,262.462,115638.894,27258.961,22.728,2.928,130.258,4.546,1.029,24.155,25.114,3.366,140.82,5.023,1.183,26.114,3.052,2.124,1.83,2.697,4180.513,3394.194,805.734,4247.683,2816.895,881.744,0.901,2334.412
JPM,Budget,260708002,2026,7,8,2,2026-7,108964.8,22973.64,6674.094,4285.32,0,14497.439,5301.941,3181.165,27.273,3.957,7.719,154.413,0.835,0.98,0.925,0.87656682,0.955,0.797978495,0.95,2.855,817.624,4191.708,3014.717,11.68987782,11.07100879,260.3438623,0,17,3,0.5,30.136,4.548,8.945,166.933,47.487,14497.439,142635.392,262.462,115638.894,27258.961,22.728,2.928,130.258,4.546,1.029,24.155,25.114,3.366,140.82,5.023,1.183,26.114,3.052,2.124,1.83,2.697,4180.513,3394.194,805.734,4247.683,2816.895,881.744,0.901,2334.412
JPM,Budget,260709001,2026,7,9,1,2026-7,108964.8,22973.64,6674.094,4285.32,0,14497.439,5301.941,3181.165,27.273,3.957,7.719,154.413,0.835,0.98,0.925,0.87656682,0.955,0.797978495,0.95,2.855,817.624,4191.708,3014.717,11.68987782,11.07100879,260.3438623,0,17,3,0.5,30.136,4.548,8.945,166.933,47.487,14497.439,142635.392,262.462,115638.894,27258.961,22.728,2.928,130.258,4.546,1.029,24.155,25.114,3.366,140.82,5.023,1.183,26.114,3.052,2.124,1.83,2.697,4180.513,3394.194,805.734,4247.683,2816.895,881.744,0.901,2334.412
JPM,Budget,260709002,2026,7,9,2,2026-7,108964.8,22973.64,6674.094,4285.32,0,14497.439,5301.941,3181.165,27.273,3.957,7.719,154.413,0.835,0.98,0.925,0.87656682,0.955,0.797978495,0.95,2.855,817.624,4191.708,3014.717,11.68987782,11.07100879,260.3438623,0,17,3,0.5,30.136,4.548,8.945,166.933,47.487,14497.439,142635.392,262.462,115638.894,27258.961,22.728,2.928,130.258,4.546,1.029,24.155,25.114,3.366,140.82,5.023,1.183,26.114,3.052,2.124,1.83,2.697,4180.513,3394.194,805.734,4247.683,2816.895,881.744,0.901,2334.412
JPM,Budget,260710001,2026,7,10,1,2026-7,108964.8,22973.64,6674.094,4285.32,0,14497.439,5301.941,3181.165,27.273,3.957,7.719,154.413,0.835,0.98,0.925,0.87656682,0.955,0.797978495,0.95,2.855,817.624,4191.708,3014.717,11.68987782,11.07100879,260.3438623,0,17,3,0.5,30.136,4.548,8.945,166.933,47.487,14497.439,142635.392,262.462,115638.894,27258.961,22.728,2.928,130.258,4.546,1.029,24.155,25.114,3.366,140.82,5.023,1.183,26.114,3.052,2.124,1.83,2.697,4180.513,3394.194,805.734,4247.683,2816.895,881.744,0.901,2334.412
JPM,Budget,260710002,2026,7,10,2,2026-7,108964.8,22973.64,6674.094,4285.32,0,14497.439,5301.941,3181.165,27.273,3.957,7.719,154.413,0.835,0.98,0.925,0.87656682,0.955,0.797978495,0.95,2.855,817.624,4191.708,3014.717,11.68987782,11.07100879,260.3438623,0,17,3,0.5,30.136,4.548,8.945,166.933,47.487,14497.439,142635.392,262.462,115638.894,27258.961,22.728,2.928,130.258,4.546,1.029,24.155,25.114,3.366,140.82,5.023,1.183,26.114,3.052,2.124,1.83,2.697,4180.513,3394.194,805.734,4247.683,2816.895,881.744,0.901,2334.412
JPM,Budget,260711001,2026,7,11,1,2026-7,108964.8,22973.64,6674.094,4285.32,0,14497.439,5301.941,3181.165,27.273,3.957,7.719,154.413,0.835,0.98,0.925,0.87656682,0.955,0.797978495,0.95,2.855,817.624,4191.708,3014.717,11.68987782,11.07100879,260.3438623,0,17,3,0.5,30.136,4.548,8.945,166.933,47.487,14497.439,142635.392,262.462,115638.894,27258.961,22.728,2.928,130.258,4.546,1.029,24.155,25.114,3.366,140.82,5.023,1.183,26.114,3.052,2.124,1.83,2.697,4180.513,3394.194,805.734,4247.683,2816.895,881.744,0.901,2334.412
JPM,Budget,260711002,2026,7,11,2,2026-7,108964.8,22973.64,6674.094,4285.32,0,14497.439,5301.941,3181.165,27.273,3.957,7.719,154.413,0.835,0.98,0.925,0.87656682,0.955,0.797978495,0.95,2.855,817.624,4191.708,3014.717,11.68987782,11.07100879,260.3438623,0,17,3,0.5,30.136,4.548,8.945,166.933,47.487,14497.439,142635.392,262.462,115638.894,27258.961,22.728,2.928,130.258,4.546,1.029,24.155,25.114,3.366,140.82,5.023,1.183,26.114,3.052,2.124,1.83,2.697,4180.513,3394.194,805.734,4247.683,2816.895,881.744,0.901,2334.412
JPM,Budget,260712001,2026,7,12,1,2026-7,108964.8,22973.64,6674.094,4285.32,0,14497.439,5301.941,3181.165,27.273,3.957,7.719,154.413,0.835,0.98,0.925,0.87656682,0.955,0.797978495,0.95,2.855,817.624,4191.708,3014.717,11.68987782,11.07100879,260.3438623,0,17,3,0.5,30.136,4.548,8.945,166.933,47.487,14497.439,142635.392,262.462,115638.894,27258.961,22.728,2.928,130.258,4.546,1.029,24.155,25.114,3.366,140.82,5.023,1.183,26.114,3.052,2.124,1.83,2.697,4180.513,3394.194,805.734,4247.683,2816.895,881.744,0.901,2334.412
JPM,Budget,260712002,2026,7,12,2,2026-7,108964.8,22973.64,6674.094,4285.32,0,14497.439,5301.941,3181.165,27.273,3.957,7.719,154.413,0.835,0.98,0.925,0.87656682,0.955,0.797978495,0.95,2.855,817.624,4191.708,3014.717,11.68987782,11.07100879,260.3438623,0,17,3,0.5,30.136,4.548,8.945,166.933,47.487,14497.439,142635.392,262.462,115638.894,27258.961,22.728,2.928,130.258,4.546,1.029,24.155,25.114,3.366,140.82,5.023,1.183,26.114,3.052,2.124,1.83,2.697,4180.513,3394.194,805.734,4247.683,2816.895,881.744,0.901,2334.412
JPM,Budget,260713001,2026,7,13,1,2026-7,108964.8,22973.64,6674.094,4285.32,0,14497.439,5301.941,3181.165,27.273,3.957,7.719,154.413,0.835,0.98,0.925,0.87656682,0.955,0.797978495,0.95,2.855,817.624,4191.708,3014.717,11.68987782,11.07100879,260.3438623,0,17,3,0.5,30.136,4.548,8.945,166.933,47.487,14497.439,142635.392,262.462,115638.894,27258.961,22.728,2.928,130.258,4.546,1.029,24.155,25.114,3.366,140.82,5.023,1.183,26.114,3.052,2.124,1.83,2.697,4180.513,3394.194,805.734,4247.683,2816.895,881.744,0.901,2334.412
JPM,Budget,260713002,2026,7,13,2,2026-7,108964.8,22973.64,6674.094,4285.32,0,14497.439,5301.941,3181.165,27.273,3.957,7.719,154.413,0.835,0.98,0.925,0.87656682,0.955,0.797978495,0.95,2.855,817.624,4191.708,3014.717,11.68987782,11.07100879,260.3438623,0,17,3,0.5,30.136,4.548,8.945,166.933,47.487,14497.439,142635.392,262.462,115638.894,27258.961,22.728,2.928,130.258,4.546,1.029,24.155,25.114,3.366,140.82,5.023,1.183,26.114,3.052,2.124,1.83,2.697,4180.513,3394.194,805.734,4247.683,2816.895,881.744,0.901,2334.412
JPM,Budget,260714001,2026,7,14,1,2026-7,108964.8,22973.64,6674.094,4285.32,0,14497.439,5301.941,3181.165,27.273,3.957,7.719,154.413,0.835,0.98,0.925,0.87656682,0.955,0.797978495,0.95,2.855,817.624,4191.708,3014.717,11.68987782,11.07100879,260.3438623,0,17,3,0.5,30.136,4.548,8.945,166.933,47.487,14497.439,142635.392,262.462,115638.894,27258.961,22.728,2.928,130.258,4.546,1.029,24.155,25.114,3.366,140.82,5.023,1.183,26.114,3.052,2.124,1.83,2.697,4180.513,3394.194,805.734,4247.683,2816.895,881.744,0.901,2334.412
JPM,Budget,260714002,2026,7,14,2,2026-7,108964.8,22973.64,6674.094,4285.32,0,14497.439,5301.941,3181.165,27.273,3.957,7.719,154.413,0.835,0.98,0.925,0.87656682,0.955,0.797978495,0.95,2.855,817.624,4191.708,3014.717,11.68987782,11.07100879,260.3438623,0,17,3,0.5,30.136,4.548,8.945,166.933,47.487,14497.439,142635.392,262.462,115638.894,27258.961,22.728,2.928,130.258,4.546,1.029,24.155,25.114,3.366,140.82,5.023,1.183,26.114,3.052,2.124,1.83,2.697,4180.513,3394.194,805.734,4247.683,2816.895,881.744,0.901,2334.412
JPM,Budget,260715001,2026,7,15,1,2026-7,108964.8,22973.64,6674.094,4285.32,0,14497.439,5301.941,3181.165,27.273,3.957,7.719,154.413,0.835,0.98,0.925,0.87656682,0.955,0.797978495,0.95,2.855,817.624,4191.708,3014.717,11.68987782,11.07100879,260.3438623,0,17,3,0.5,30.136,4.548,8.945,166.933,47.487,14497.439,142635.392,262.462,115638.894,27258.961,22.728,2.928,130.258,4.546,1.029,24.155,25.114,3.366,140.82,5.023,1.183,26.114,3.052,2.124,1.83,2.697,4180.513,3394.194,805.734,4247.683,2816.895,881.744,0.901,2334.412
JPM,Budget,260715002,2026,7,15,2,2026-7,108964.8,22973.64,6674.094,4285.32,0,14497.439,5301.941,3181.165,27.273,3.957,7.719,154.413,0.835,0.98,0.925,0.87656682,0.955,0.797978495,0.95,2.855,817.624,4191.708,3014.717,11.68987782,11.07100879,260.3438623,0,17,3,0.5,30.136,4.548,8.945,166.933,47.487,14497.439,142635.392,262.462,115638.894,27258.961,22.728,2.928,130.258,4.546,1.029,24.155,25.114,3.366,140.82,5.023,1.183,26.114,3.052,2.124,1.83,2.697,4180.513,3394.194,805.734,4247.683,2816.895,881.744,0.901,2334.412
JPM,Budget,260716001,2026,7,16,1,2026-7,108964.8,22973.64,6674.094,4285.32,0,14497.439,5301.941,3181.165,27.273,3.957,7.719,154.413,0.835,0.98,0.925,0.87656682,0.955,0.797978495,0.95,2.855,817.624,4191.708,3014.717,11.68987782,11.07100879,260.3438623,0,17,3,0.5,30.136,4.548,8.945,166.933,47.487,14497.439,142635.392,262.462,115638.894,27258.961,22.728,2.928,130.258,4.546,1.029,24.155,25.114,3.366,140.82,5.023,1.183,26.114,3.052,2.124,1.83,2.697,4180.513,3394.194,805.734,4247.683,2816.895,881.744,0.901,2334.412
JPM,Budget,260716002,2026,7,16,2,2026-7,108964.8,22973.64,6674.094,4285.32,0,14497.439,5301.941,3181.165,27.273,3.957,7.719,154.413,0.835,0.98,0.925,0.87656682,0.955,0.797978495,0.95,2.855,817.624,4191.708,3014.717,11.68987782,11.07100879,260.3438623,0,17,3,0.5,30.136,4.548,8.945,166.933,47.487,14497.439,142635.392,262.462,115638.894,27258.961,22.728,2.928,130.258,4.546,1.029,24.155,25.114,3.366,140.82,5.023,1.183,26.114,3.052,2.124,1.83,2.697,4180.513,3394.194,805.734,4247.683,2816.895,881.744,0.901,2334.412
JPM,Budget,260717001,2026,7,17,1,2026-7,108964.8,22973.64,6674.094,4285.32,0,14497.439,5301.941,3181.165,27.273,3.957,7.719,154.413,0.835,0.98,0.925,0.87656682,0.955,0.797978495,0.95,2.855,817.624,4191.708,3014.717,11.68987782,11.07100879,260.3438623,0,17,3,0.5,30.136,4.548,8.945,166.933,47.487,14497.439,142635.392,262.462,115638.894,27258.961,22.728,2.928,130.258,4.546,1.029,24.155,25.114,3.366,140.82,5.023,1.183,26.114,3.052,2.124,1.83,2.697,4180.513,3394.194,805.734,4247.683,2816.895,881.744,0.901,2334.412
JPM,Budget,260717002,2026,7,17,2,2026-7,108964.8,22973.64,6674.094,4285.32,0,14497.439,5301.941,3181.165,27.273,3.957,7.719,154.413,0.835,0.98,0.925,0.87656682,0.955,0.797978495,0.95,2.855,817.624,4191.708,3014.717,11.68987782,11.07100879,260.3438623,0,17,3,0.5,30.136,4.548,8.945,166.933,47.487,14497.439,142635.392,262.462,115638.894,27258.961,22.728,2.928,130.258,4.546,1.029,24.155,25.114,3.366,140.82,5.023,1.183,26.114,3.052,2.124,1.83,2.697,4180.513,3394.194,805.734,4247.683,2816.895,881.744,0.901,2334.412
JPM,Budget,260718001,2026,7,18,1,2026-7,108964.8,22973.64,6674.094,4285.32,0,14497.439,5301.941,3181.165,27.273,3.957,7.719,154.413,0.835,0.98,0.925,0.87656682,0.955,0.797978495,0.95,2.855,817.624,4191.708,3014.717,11.68987782,11.07100879,260.3438623,0,17,3,0.5,30.136,4.548,8.945,166.933,47.487,14497.439,142635.392,262.462,115638.894,27258.961,22.728,2.928,130.258,4.546,1.029,24.155,25.114,3.366,140.82,5.023,1.183,26.114,3.052,2.124,1.83,2.697,4180.513,3394.194,805.734,4247.683,2816.895,881.744,0.901,2334.412
JPM,Budget,260718002,2026,7,18,2,2026-7,108964.8,22973.64,6674.094,4285.32,0,14497.439,5301.941,3181.165,27.273,3.957,7.719,154.413,0.835,0.98,0.925,0.87656682,0.955,0.797978495,0.95,2.855,817.624,4191.708,3014.717,11.68987782,11.07100879,260.3438623,0,17,3,0.5,30.136,4.548,8.945,166.933,47.487,14497.439,142635.392,262.462,115638.894,27258.961,22.728,2.928,130.258,4.546,1.029,24.155,25.114,3.366,140.82,5.023,1.183,26.114,3.052,2.124,1.83,2.697,4180.513,3394.194,805.734,4247.683,2816.895,881.744,0.901,2334.412
JPM,Budget,260719001,2026,7,19,1,2026-7,108964.8,22973.64,6674.094,4285.32,0,14497.439,5301.941,3181.165,27.273,3.957,7.719,154.413,0.835,0.98,0.925,0.87656682,0.955,0.797978495,0.95,2.855,817.624,4191.708,3014.717,11.68987782,11.07100879,260.3438623,0,17,3,0.5,30.136,4.548,8.945,166.933,47.487,14497.439,142635.392,262.462,115638.894,27258.961,22.728,2.928,130.258,4.546,1.029,24.155,25.114,3.366,140.82,5.023,1.183,26.114,3.052,2.124,1.83,2.697,4180.513,3394.194,805.734,4247.683,2816.895,881.744,0.901,2334.412
JPM,Budget,260719002,2026,7,19,2,2026-7,108964.8,22973.64,6674.094,4285.32,0,14497.439,5301.941,3181.165,27.273,3.957,7.719,154.413,0.835,0.98,0.925,0.87656682,0.955,0.797978495,0.95,2.855,817.624,4191.708,3014.717,11.68987782,11.07100879,260.3438623,0,17,3,0.5,30.136,4.548,8.945,166.933,47.487,14497.439,142635.392,262.462,115638.894,27258.961,22.728,2.928,130.258,4.546,1.029,24.155,25.114,3.366,140.82,5.023,1.183,26.114,3.052,2.124,1.83,2.697,4180.513,3394.194,805.734,4247.683,2816.895,881.744,0.901,2334.412
JPM,Budget,260720001,2026,7,20,1,2026-7,108964.8,22973.64,6674.094,4285.32,0,14497.439,5301.941,3181.165,27.273,3.957,7.719,154.413,0.835,0.98,0.925,0.87656682,0.955,0.797978495,0.95,2.855,817.624,4191.708,3014.717,11.68987782,11.07100879,260.3438623,0,17,3,0.5,30.136,4.548,8.945,166.933,47.487,14497.439,142635.392,262.462,115638.894,27258.961,22.728,2.928,130.258,4.546,1.029,24.155,25.114,3.366,140.82,5.023,1.183,26.114,3.052,2.124,1.83,2.697,4180.513,3394.194,805.734,4247.683,2816.895,881.744,0.901,2334.412
JPM,Budget,260720002,2026,7,20,2,2026-7,108964.8,22973.64,6674.094,4285.32,0,14497.439,5301.941,3181.165,27.273,3.957,7.719,154.413,0.835,0.98,0.925,0.87656682,0.955,0.797978495,0.95,2.855,817.624,4191.708,3014.717,11.68987782,11.07100879,260.3438623,0,17,3,0.5,30.136,4.548,8.945,166.933,47.487,14497.439,142635.392,262.462,115638.894,27258.961,22.728,2.928,130.258,4.546,1.029,24.155,25.114,3.366,140.82,5.023,1.183,26.114,3.052,2.124,1.83,2.697,4180.513,3394.194,805.734,4247.683,2816.895,881.744,0.901,2334.412
JPM,Budget,260721001,2026,7,21,1,2026-7,108964.8,22973.64,6674.094,4285.32,0,14497.439,5301.941,3181.165,27.273,3.957,7.719,154.413,0.835,0.98,0.925,0.87656682,0.955,0.797978495,0.95,2.855,817.624,4191.708,3014.717,11.68987782,11.07100879,260.3438623,0,17,3,0.5,30.136,4.548,8.945,166.933,47.487,14497.439,142635.392,262.462,115638.894,27258.961,22.728,2.928,130.258,4.546,1.029,24.155,25.114,3.366,140.82,5.023,1.183,26.114,3.052,2.124,1.83,2.697,4180.513,3394.194,805.734,4247.683,2816.895,881.744,0.901,2334.412
JPM,Budget,260721002,2026,7,21,2,2026-7,108964.8,22973.64,6674.094,4285.32,0,14497.439,5301.941,3181.165,27.273,3.957,7.719,154.413,0.835,0.98,0.925,0.87656682,0.955,0.797978495,0.95,2.855,817.624,4191.708,3014.717,11.68987782,11.07100879,260.3438623,0,17,3,0.5,30.136,4.548,8.945,166.933,47.487,14497.439,142635.392,262.462,115638.894,27258.961,22.728,2.928,130.258,4.546,1.029,24.155,25.114,3.366,140.82,5.023,1.183,26.114,3.052,2.124,1.83,2.697,4180.513,3394.194,805.734,4247.683,2816.895,881.744,0.901,2334.412
JPM,Budget,260722001,2026,7,22,1,2026-7,108964.8,22973.64,6674.094,4285.32,0,14497.439,5301.941,3181.165,27.273,3.957,7.719,154.413,0.835,0.98,0.925,0.87656682,0.955,0.797978495,0.95,2.855,817.624,4191.708,3014.717,11.68987782,11.07100879,260.3438623,0,17,3,0.5,30.136,4.548,8.945,166.933,47.487,14497.439,142635.392,262.462,115638.894,27258.961,22.728,2.928,130.258,4.546,1.029,24.155,25.114,3.366,140.82,5.023,1.183,26.114,3.052,2.124,1.83,2.697,4180.513,3394.194,805.734,4247.683,2816.895,881.744,0.901,2334.412
JPM,Budget,260722002,2026,7,22,2,2026-7,108964.8,22973.64,6674.094,4285.32,0,14497.439,5301.941,3181.165,27.273,3.957,7.719,154.413,0.835,0.98,0.925,0.87656682,0.955,0.797978495,0.95,2.855,817.624,4191.708,3014.717,11.68987782,11.07100879,260.3438623,0,17,3,0.5,30.136,4.548,8.945,166.933,47.487,14497.439,142635.392,262.462,115638.894,27258.961,22.728,2.928,130.258,4.546,1.029,24.155,25.114,3.366,140.82,5.023,1.183,26.114,3.052,2.124,1.83,2.697,4180.513,3394.194,805.734,4247.683,2816.895,881.744,0.901,2334.412
JPM,Budget,260723001,2026,7,23,1,2026-7,108964.8,22973.64,6674.094,4285.32,0,14497.439,5301.941,3181.165,27.273,3.957,7.719,154.413,0.835,0.98,0.925,0.87656682,0.955,0.797978495,0.95,2.855,817.624,4191.708,3014.717,11.68987782,11.07100879,260.3438623,0,17,3,0.5,30.136,4.548,8.945,166.933,47.487,14497.439,142635.392,262.462,115638.894,27258.961,22.728,2.928,130.258,4.546,1.029,24.155,25.114,3.366,140.82,5.023,1.183,26.114,3.052,2.124,1.83,2.697,4180.513,3394.194,805.734,4247.683,2816.895,881.744,0.901,2334.412
JPM,Budget,260723002,2026,7,23,2,2026-7,108964.8,22973.64,6674.094,4285.32,0,14497.439,5301.941,3181.165,27.273,3.957,7.719,154.413,0.835,0.98,0.925,0.87656682,0.955,0.797978495,0.95,2.855,817.624,4191.708,3014.717,11.68987782,11.07100879,260.3438623,0,17,3,0.5,30.136,4.548,8.945,166.933,47.487,14497.439,142635.392,262.462,115638.894,27258.961,22.728,2.928,130.258,4.546,1.029,24.155,25.114,3.366,140.82,5.023,1.183,26.114,3.052,2.124,1.83,2.697,4180.513,3394.194,805.734,4247.683,2816.895,881.744,0.901,2334.412
JPM,Budget,260724001,2026,7,24,1,2026-7,108964.8,22973.64,6674.094,4285.32,0,14497.439,5301.941,3181.165,27.273,3.957,7.719,154.413,0.835,0.98,0.925,0.87656682,0.955,0.797978495,0.95,2.855,817.624,4191.708,3014.717,11.68987782,11.07100879,260.3438623,0,17,3,0.5,30.136,4.548,8.945,166.933,47.487,14497.439,142635.392,262.462,115638.894,27258.961,22.728,2.928,130.258,4.546,1.029,24.155,25.114,3.366,140.82,5.023,1.183,26.114,3.052,2.124,1.83,2.697,4180.513,3394.194,805.734,4247.683,2816.895,881.744,0.901,2334.412
JPM,Budget,260724002,2026,7,24,2,2026-7,108964.8,22973.64,6674.094,4285.32,0,14497.439,5301.941,3181.165,27.273,3.957,7.719,154.413,0.835,0.98,0.925,0.87656682,0.955,0.797978495,0.95,2.855,817.624,4191.708,3014.717,11.68987782,11.07100879,260.3438623,0,17,3,0.5,30.136,4.548,8.945,166.933,47.487,14497.439,142635.392,262.462,115638.894,27258.961,22.728,2.928,130.258,4.546,1.029,24.155,25.114,3.366,140.82,5.023,1.183,26.114,3.052,2.124,1.83,2.697,4180.513,3394.194,805.734,4247.683,2816.895,881.744,0.901,2334.412
JPM,Budget,260725001,2026,7,25,1,2026-7,108964.8,22973.64,6674.094,4285.32,0,14497.439,5301.941,3181.165,27.273,3.957,7.719,154.413,0.835,0.98,0.925,0.87656682,0.955,0.797978495,0.95,2.855,817.624,4191.708,3014.717,11.68987782,11.07100879,260.3438623,0,17,3,0.5,30.136,4.548,8.945,166.933,47.487,14497.439,142635.392,262.462,115638.894,27258.961,22.728,2.928,130.258,4.546,1.029,24.155,25.114,3.366,140.82,5.023,1.183,26.114,3.052,2.124,1.83,2.697,4180.513,3394.194,805.734,4247.683,2816.895,881.744,0.901,2334.412
JPM,Budget,260725002,2026,7,25,2,2026-7,108964.8,22973.64,6674.094,4285.32,0,14497.439,5301.941,3181.165,27.273,3.957,7.719,154.413,0.835,0.98,0.925,0.87656682,0.955,0.797978495,0.95,2.855,817.624,4191.708,3014.717,11.68987782,11.07100879,260.3438623,0,17,3,0.5,30.136,4.548,8.945,166.933,47.487,14497.439,142635.392,262.462,115638.894,27258.961,22.728,2.928,130.258,4.546,1.029,24.155,25.114,3.366,140.82,5.023,1.183,26.114,3.052,2.124,1.83,2.697,4180.513,3394.194,805.734,4247.683,2816.895,881.744,0.901,2334.412
JPM,Budget,260726001,2026,7,26,1,2026-7,108964.8,22973.64,6674.094,4285.32,0,14497.439,5301.941,3181.165,27.273,3.957,7.719,154.413,0.835,0.98,0.925,0.87656682,0.955,0.797978495,0.95,2.855,817.624,4191.708,3014.717,11.68987782,11.07100879,260.3438623,0,17,3,0.5,30.136,4.548,8.945,166.933,47.487,14497.439,142635.392,262.462,115638.894,27258.961,22.728,2.928,130.258,4.546,1.029,24.155,25.114,3.366,140.82,5.023,1.183,26.114,3.052,2.124,1.83,2.697,4180.513,3394.194,805.734,4247.683,2816.895,881.744,0.901,2334.412
JPM,Budget,260726002,2026,7,26,2,2026-7,108964.8,22973.64,6674.094,4285.32,0,14497.439,5301.941,3181.165,27.273,3.957,7.719,154.413,0.835,0.98,0.925,0.87656682,0.955,0.797978495,0.95,2.855,817.624,4191.708,3014.717,11.68987782,11.07100879,260.3438623,0,17,3,0.5,30.136,4.548,8.945,166.933,47.487,14497.439,142635.392,262.462,115638.894,27258.961,22.728,2.928,130.258,4.546,1.029,24.155,25.114,3.366,140.82,5.023,1.183,26.114,3.052,2.124,1.83,2.697,4180.513,3394.194,805.734,4247.683,2816.895,881.744,0.901,2334.412
JPM,Budget,260727001,2026,7,27,1,2026-7,108964.8,22973.64,6674.094,4285.32,0,14497.439,5301.941,3181.165,27.273,3.957,7.719,154.413,0.835,0.98,0.925,0.87656682,0.955,0.797978495,0.95,2.855,817.624,4191.708,3014.717,11.68987782,11.07100879,260.3438623,0,17,3,0.5,30.136,4.548,8.945,166.933,47.487,14497.439,142635.392,262.462,115638.894,27258.961,22.728,2.928,130.258,4.546,1.029,24.155,25.114,3.366,140.82,5.023,1.183,26.114,3.052,2.124,1.83,2.697,4180.513,3394.194,805.734,4247.683,2816.895,881.744,0.901,2334.412
JPM,Budget,260727002,2026,7,27,2,2026-7,108964.8,22973.64,6674.094,4285.32,0,14497.439,5301.941,3181.165,27.273,3.957,7.719,154.413,0.835,0.98,0.925,0.87656682,0.955,0.797978495,0.95,2.855,817.624,4191.708,3014.717,11.68987782,11.07100879,260.3438623,0,17,3,0.5,30.136,4.548,8.945,166.933,47.487,14497.439,142635.392,262.462,115638.894,27258.961,22.728,2.928,130.258,4.546,1.029,24.155,25.114,3.366,140.82,5.023,1.183,26.114,3.052,2.124,1.83,2.697,4180.513,3394.194,805.734,4247.683,2816.895,881.744,0.901,2334.412
JPM,Budget,260728001,2026,7,28,1,2026-7,108964.8,22973.64,6674.094,4285.32,0,14497.439,5301.941,3181.165,27.273,3.957,7.719,154.413,0.835,0.98,0.925,0.87656682,0.955,0.797978495,0.95,2.855,817.624,4191.708,3014.717,11.68987782,11.07100879,260.3438623,0,17,3,0.5,30.136,4.548,8.945,166.933,47.487,14497.439,142635.392,262.462,115638.894,27258.961,22.728,2.928,130.258,4.546,1.029,24.155,25.114,3.366,140.82,5.023,1.183,26.114,3.052,2.124,1.83,2.697,4180.513,3394.194,805.734,4247.683,2816.895,881.744,0.901,2334.412
JPM,Budget,260728002,2026,7,28,2,2026-7,108964.8,22973.64,6674.094,4285.32,0,14497.439,5301.941,3181.165,27.273,3.957,7.719,154.413,0.835,0.98,0.925,0.87656682,0.955,0.797978495,0.95,2.855,817.624,4191.708,3014.717,11.68987782,11.07100879,260.3438623,0,17,3,0.5,30.136,4.548,8.945,166.933,47.487,14497.439,142635.392,262.462,115638.894,27258.961,22.728,2.928,130.258,4.546,1.029,24.155,25.114,3.366,140.82,5.023,1.183,26.114,3.052,2.124,1.83,2.697,4180.513,3394.194,805.734,4247.683,2816.895,881.744,0.901,2334.412
JPM,Budget,260729001,2026,7,29,1,2026-7,108964.8,22973.64,6674.094,4285.32,0,14497.439,5301.941,3181.165,27.273,3.957,7.719,154.413,0.835,0.98,0.925,0.87656682,0.955,0.797978495,0.95,2.855,817.624,4191.708,3014.717,11.68987782,11.07100879,260.3438623,0,17,3,0.5,30.136,4.548,8.945,166.933,47.487,14497.439,142635.392,262.462,115638.894,27258.961,22.728,2.928,130.258,4.546,1.029,24.155,25.114,3.366,140.82,5.023,1.183,26.114,3.052,2.124,1.83,2.697,4180.513,3394.194,805.734,4247.683,2816.895,881.744,0.901,2334.412
JPM,Budget,260729002,2026,7,29,2,2026-7,108964.8,22973.64,6674.094,4285.32,0,14497.439,5301.941,3181.165,27.273,3.957,7.719,154.413,0.835,0.98,0.925,0.87656682,0.955,0.797978495,0.95,2.855,817.624,4191.708,3014.717,11.68987782,11.07100879,260.3438623,0,17,3,0.5,30.136,4.548,8.945,166.933,47.487,14497.439,142635.392,262.462,115638.894,27258.961,22.728,2.928,130.258,4.546,1.029,24.155,25.114,3.366,140.82,5.023,1.183,26.114,3.052,2.124,1.83,2.697,4180.513,3394.194,805.734,4247.683,2816.895,881.744,0.901,2334.412
JPM,Budget,260730001,2026,7,30,1,2026-7,108964.8,22973.64,6674.094,4285.32,0,14497.439,5301.941,3181.165,27.273,3.957,7.719,154.413,0.835,0.98,0.925,0.87656682,0.955,0.797978495,0.95,2.855,817.624,4191.708,3014.717,11.68987782,11.07100879,260.3438623,0,17,3,0.5,30.136,4.548,8.945,166.933,47.487,14497.439,142635.392,262.462,115638.894,27258.961,22.728,2.928,130.258,4.546,1.029,24.155,25.114,3.366,140.82,5.023,1.183,26.114,3.052,2.124,1.83,2.697,4180.513,3394.194,805.734,4247.683,2816.895,881.744,0.901,2334.412
JPM,Budget,260730002,2026,7,30,2,2026-7,108964.8,22973.64,6674.094,4285.32,0,14497.439,5301.941,3181.165,27.273,3.957,7.719,154.413,0.835,0.98,0.925,0.87656682,0.955,0.797978495,0.95,2.855,817.624,4191.708,3014.717,11.68987782,11.07100879,260.3438623,0,17,3,0.5,30.136,4.548,8.945,166.933,47.487,14497.439,142635.392,262.462,115638.894,27258.961,22.728,2.928,130.258,4.546,1.029,24.155,25.114,3.366,140.82,5.023,1.183,26.114,3.052,2.124,1.83,2.697,4180.513,3394.194,805.734,4247.683,2816.895,881.744,0.901,2334.412
JPM,Budget,260731001,2026,7,31,1,2026-7,108964.8,22973.64,6674.094,4285.32,0,14497.439,5301.941,3181.165,27.273,3.957,7.719,154.413,0.835,0.98,0.925,0.87656682,0.955,0.797978495,0.95,2.855,817.624,4191.708,3014.717,11.68987782,11.07100879,260.3438623,0,17,3,0.5,30.136,4.548,8.945,166.933,47.487,14497.439,142635.392,262.462,115638.894,27258.961,22.728,2.928,130.258,4.546,1.029,24.155,25.114,3.366,140.82,5.023,1.183,26.114,3.052,2.124,1.83,2.697,4180.513,3394.194,805.734,4247.683,2816.895,881.744,0.901,2334.412
JPM,Budget,260731002,2026,7,31,2,2026-7,108964.8,22973.64,6674.094,4285.32,0,14497.439,5301.941,3181.165,27.273,3.957,7.719,154.413,0.835,0.98,0.925,0.87656682,0.955,0.797978495,0.95,2.855,817.624,4191.708,3014.717,11.68987782,11.07100879,260.3438623,0,17,3,0.5,30.136,4.548,8.945,166.933,47.487,14497.439,142635.392,262.462,115638.894,27258.961,22.728,2.928,130.258,4.546,1.029,24.155,25.114,3.366,140.82,5.023,1.183,26.114,3.052,2.124,1.83,2.697,4180.513,3394.194,805.734,4247.683,2816.895,881.744,0.901,2334.412
JPM,Budget,260801001,2026,8,1,1,2026-8,80844.852,53108.594,4951.747,5893.033,0,34857.615,5050.65,3030.39,32.488,3.957,7.719,154.413,0.835,0.98,0.925,0.895,0.955,0.797978495,0.95,2.855,838.442,3618.684,3007.786,12.0343199,9.683429871,275,0,17,3.5,0.5,35.898,4.548,8.915,166.933,44.061,34857.615,144535.764,262.462,85796.599,59001.627,18.565,2.374,94.129,13.923,1.583,60.284,20.513,2.729,101.761,15.385,1.819,65.172,3.152,2.442,2.426,2.478,3778.305,3001.409,820.885,3405.857,3522.06,865.856,0.901,1783.016
JPM,Budget,260801002,2026,8,1,2,2026-8,80844.852,53108.594,4951.747,5893.033,0,34857.615,5050.65,3030.39,32.488,3.957,7.719,154.413,0.835,0.98,0.925,0.895,0.955,0.797978495,0.95,2.855,838.442,3618.684,3007.786,12.0343199,9.683429871,275,0,17,3.5,0.5,35.898,4.548,8.915,166.933,44.061,34857.615,144535.764,262.462,85796.599,59001.627,18.565,2.374,94.129,13.923,1.583,60.284,20.513,2.729,101.761,15.385,1.819,65.172,3.152,2.442,2.426,2.478,3778.305,3001.409,820.885,3405.857,3522.06,865.856,0.901,1783.016
JPM,Budget,260802001,2026,8,2,1,2026-8,80844.852,53108.594,4951.747,5893.033,0,34857.615,5050.65,3030.39,32.488,3.957,7.719,154.413,0.835,0.98,0.925,0.895,0.955,0.797978495,0.95,2.855,838.442,3618.684,3007.786,12.0343199,9.683429871,275,0,17,3.5,0.5,35.898,4.548,8.915,166.933,44.061,34857.615,144535.764,262.462,85796.599,59001.627,18.565,2.374,94.129,13.923,1.583,60.284,20.513,2.729,101.761,15.385,1.819,65.172,3.152,2.442,2.426,2.478,3778.305,3001.409,820.885,3405.857,3522.06,865.856,0.901,1783.016
JPM,Budget,260802002,2026,8,2,2,2026-8,80844.852,53108.594,4951.747,5893.033,0,34857.615,5050.65,3030.39,32.488,3.957,7.719,154.413,0.835,0.98,0.925,0.895,0.955,0.797978495,0.95,2.855,838.442,3618.684,3007.786,12.0343199,9.683429871,275,0,17,3.5,0.5,35.898,4.548,8.915,166.933,44.061,34857.615,144535.764,262.462,85796.599,59001.627,18.565,2.374,94.129,13.923,1.583,60.284,20.513,2.729,101.761,15.385,1.819,65.172,3.152,2.442,2.426,2.478,3778.305,3001.409,820.885,3405.857,3522.06,865.856,0.901,1783.016
JPM,Budget,260803001,2026,8,3,1,2026-8,80844.852,53108.594,4951.747,5893.033,0,34857.615,5050.65,3030.39,32.488,3.957,7.719,154.413,0.835,0.98,0.925,0.895,0.955,0.797978495,0.95,2.855,838.442,3618.684,3007.786,12.0343199,9.683429871,275,0,17,3.5,0.5,35.898,4.548,8.915,166.933,44.061,34857.615,144535.764,262.462,85796.599,59001.627,18.565,2.374,94.129,13.923,1.583,60.284,20.513,2.729,101.761,15.385,1.819,65.172,3.152,2.442,2.426,2.478,3778.305,3001.409,820.885,3405.857,3522.06,865.856,0.901,1783.016
JPM,Budget,260803002,2026,8,3,2,2026-8,80844.852,53108.594,4951.747,5893.033,0,34857.615,5050.65,3030.39,32.488,3.957,7.719,154.413,0.835,0.98,0.925,0.895,0.955,0.797978495,0.95,2.855,838.442,3618.684,3007.786,12.0343199,9.683429871,275,0,17,3.5,0.5,35.898,4.548,8.915,166.933,44.061,34857.615,144535.764,262.462,85796.599,59001.627,18.565,2.374,94.129,13.923,1.583,60.284,20.513,2.729,101.761,15.385,1.819,65.172,3.152,2.442,2.426,2.478,3778.305,3001.409,820.885,3405.857,3522.06,865.856,0.901,1783.016
JPM,Budget,260804001,2026,8,4,1,2026-8,80844.852,53108.594,4951.747,5893.033,0,34857.615,5050.65,3030.39,32.488,3.957,7.719,154.413,0.835,0.98,0.925,0.895,0.955,0.797978495,0.95,2.855,838.442,3618.684,3007.786,12.0343199,9.683429871,275,0,17,3.5,0.5,35.898,4.548,8.915,166.933,44.061,34857.615,144535.764,262.462,85796.599,59001.627,18.565,2.374,94.129,13.923,1.583,60.284,20.513,2.729,101.761,15.385,1.819,65.172,3.152,2.442,2.426,2.478,3778.305,3001.409,820.885,3405.857,3522.06,865.856,0.901,1783.016
JPM,Budget,260804002,2026,8,4,2,2026-8,80844.852,53108.594,4951.747,5893.033,0,34857.615,5050.65,3030.39,32.488,3.957,7.719,154.413,0.835,0.98,0.925,0.895,0.955,0.797978495,0.95,2.855,838.442,3618.684,3007.786,12.0343199,9.683429871,275,0,17,3.5,0.5,35.898,4.548,8.915,166.933,44.061,34857.615,144535.764,262.462,85796.599,59001.627,18.565,2.374,94.129,13.923,1.583,60.284,20.513,2.729,101.761,15.385,1.819,65.172,3.152,2.442,2.426,2.478,3778.305,3001.409,820.885,3405.857,3522.06,865.856,0.901,1783.016
JPM,Budget,260805001,2026,8,5,1,2026-8,80844.852,53108.594,4951.747,5893.033,0,34857.615,5050.65,3030.39,32.488,3.957,7.719,154.413,0.835,0.98,0.925,0.895,0.955,0.797978495,0.95,2.855,838.442,3618.684,3007.786,12.0343199,9.683429871,275,0,17,3.5,0.5,35.898,4.548,8.915,166.933,44.061,34857.615,144535.764,262.462,85796.599,59001.627,18.565,2.374,94.129,13.923,1.583,60.284,20.513,2.729,101.761,15.385,1.819,65.172,3.152,2.442,2.426,2.478,3778.305,3001.409,820.885,3405.857,3522.06,865.856,0.901,1783.016
JPM,Budget,260805002,2026,8,5,2,2026-8,80844.852,53108.594,4951.747,5893.033,0,34857.615,5050.65,3030.39,32.488,3.957,7.719,154.413,0.835,0.98,0.925,0.895,0.955,0.797978495,0.95,2.855,838.442,3618.684,3007.786,12.0343199,9.683429871,275,0,17,3.5,0.5,35.898,4.548,8.915,166.933,44.061,34857.615,144535.764,262.462,85796.599,59001.627,18.565,2.374,94.129,13.923,1.583,60.284,20.513,2.729,101.761,15.385,1.819,65.172,3.152,2.442,2.426,2.478,3778.305,3001.409,820.885,3405.857,3522.06,865.856,0.901,1783.016
JPM,Budget,260806001,2026,8,6,1,2026-8,80844.852,53108.594,4951.747,5893.033,0,34857.615,5050.65,3030.39,32.488,3.957,7.719,154.413,0.835,0.98,0.925,0.895,0.955,0.797978495,0.95,2.855,838.442,3618.684,3007.786,12.0343199,9.683429871,275,0,17,3.5,0.5,35.898,4.548,8.915,166.933,44.061,34857.615,144535.764,262.462,85796.599,59001.627,18.565,2.374,94.129,13.923,1.583,60.284,20.513,2.729,101.761,15.385,1.819,65.172,3.152,2.442,2.426,2.478,3778.305,3001.409,820.885,3405.857,3522.06,865.856,0.901,1783.016
JPM,Budget,260806002,2026,8,6,2,2026-8,80844.852,53108.594,4951.747,5893.033,0,34857.615,5050.65,3030.39,32.488,3.957,7.719,154.413,0.835,0.98,0.925,0.895,0.955,0.797978495,0.95,2.855,838.442,3618.684,3007.786,12.0343199,9.683429871,275,0,17,3.5,0.5,35.898,4.548,8.915,166.933,44.061,34857.615,144535.764,262.462,85796.599,59001.627,18.565,2.374,94.129,13.923,1.583,60.284,20.513,2.729,101.761,15.385,1.819,65.172,3.152,2.442,2.426,2.478,3778.305,3001.409,820.885,3405.857,3522.06,865.856,0.901,1783.016
JPM,Budget,260807001,2026,8,7,1,2026-8,80844.852,53108.594,4951.747,5893.033,0,34857.615,5050.65,3030.39,32.488,3.957,7.719,154.413,0.835,0.98,0.925,0.895,0.955,0.797978495,0.95,2.855,838.442,3618.684,3007.786,12.0343199,9.683429871,275,0,17,3.5,0.5,35.898,4.548,8.915,166.933,44.061,34857.615,144535.764,262.462,85796.599,59001.627,18.565,2.374,94.129,13.923,1.583,60.284,20.513,2.729,101.761,15.385,1.819,65.172,3.152,2.442,2.426,2.478,3778.305,3001.409,820.885,3405.857,3522.06,865.856,0.901,1783.016
JPM,Budget,260807002,2026,8,7,2,2026-8,80844.852,53108.594,4951.747,5893.033,0,34857.615,5050.65,3030.39,32.488,3.957,7.719,154.413,0.835,0.98,0.925,0.895,0.955,0.797978495,0.95,2.855,838.442,3618.684,3007.786,12.0343199,9.683429871,275,0,17,3.5,0.5,35.898,4.548,8.915,166.933,44.061,34857.615,144535.764,262.462,85796.599,59001.627,18.565,2.374,94.129,13.923,1.583,60.284,20.513,2.729,101.761,15.385,1.819,65.172,3.152,2.442,2.426,2.478,3778.305,3001.409,820.885,3405.857,3522.06,865.856,0.901,1783.016
JPM,Budget,260808001,2026,8,8,1,2026-8,80844.852,53108.594,4951.747,5893.033,0,34857.615,5050.65,3030.39,32.488,3.957,7.719,154.413,0.835,0.98,0.925,0.895,0.955,0.797978495,0.95,2.855,838.442,3618.684,3007.786,12.0343199,9.683429871,275,0,17,3.5,0.5,35.898,4.548,8.915,166.933,44.061,34857.615,144535.764,262.462,85796.599,59001.627,18.565,2.374,94.129,13.923,1.583,60.284,20.513,2.729,101.761,15.385,1.819,65.172,3.152,2.442,2.426,2.478,3778.305,3001.409,820.885,3405.857,3522.06,865.856,0.901,1783.016
JPM,Budget,260808002,2026,8,8,2,2026-8,80844.852,53108.594,4951.747,5893.033,0,34857.615,5050.65,3030.39,32.488,3.957,7.719,154.413,0.835,0.98,0.925,0.895,0.955,0.797978495,0.95,2.855,838.442,3618.684,3007.786,12.0343199,9.683429871,275,0,17,3.5,0.5,35.898,4.548,8.915,166.933,44.061,34857.615,144535.764,262.462,85796.599,59001.627,18.565,2.374,94.129,13.923,1.583,60.284,20.513,2.729,101.761,15.385,1.819,65.172,3.152,2.442,2.426,2.478,3778.305,3001.409,820.885,3405.857,3522.06,865.856,0.901,1783.016
JPM,Budget,260809001,2026,8,9,1,2026-8,80844.852,53108.594,4951.747,5893.033,0,34857.615,5050.65,3030.39,32.488,3.957,7.719,154.413,0.835,0.98,0.925,0.895,0.955,0.797978495,0.95,2.855,838.442,3618.684,3007.786,12.0343199,9.683429871,275,0,17,3.5,0.5,35.898,4.548,8.915,166.933,44.061,34857.615,144535.764,262.462,85796.599,59001.627,18.565,2.374,94.129,13.923,1.583,60.284,20.513,2.729,101.761,15.385,1.819,65.172,3.152,2.442,2.426,2.478,3778.305,3001.409,820.885,3405.857,3522.06,865.856,0.901,1783.016
JPM,Budget,260809002,2026,8,9,2,2026-8,80844.852,53108.594,4951.747,5893.033,0,34857.615,5050.65,3030.39,32.488,3.957,7.719,154.413,0.835,0.98,0.925,0.895,0.955,0.797978495,0.95,2.855,838.442,3618.684,3007.786,12.0343199,9.683429871,275,0,17,3.5,0.5,35.898,4.548,8.915,166.933,44.061,34857.615,144535.764,262.462,85796.599,59001.627,18.565,2.374,94.129,13.923,1.583,60.284,20.513,2.729,101.761,15.385,1.819,65.172,3.152,2.442,2.426,2.478,3778.305,3001.409,820.885,3405.857,3522.06,865.856,0.901,1783.016
JPM,Budget,260810001,2026,8,10,1,2026-8,80844.852,53108.594,4951.747,5893.033,0,34857.615,5050.65,3030.39,32.488,3.957,7.719,154.413,0.835,0.98,0.925,0.895,0.955,0.797978495,0.95,2.855,838.442,3618.684,3007.786,12.0343199,9.683429871,275,0,17,3.5,0.5,35.898,4.548,8.915,166.933,44.061,34857.615,144535.764,262.462,85796.599,59001.627,18.565,2.374,94.129,13.923,1.583,60.284,20.513,2.729,101.761,15.385,1.819,65.172,3.152,2.442,2.426,2.478,3778.305,3001.409,820.885,3405.857,3522.06,865.856,0.901,1783.016
JPM,Budget,260810002,2026,8,10,2,2026-8,80844.852,53108.594,4951.747,5893.033,0,34857.615,5050.65,3030.39,32.488,3.957,7.719,154.413,0.835,0.98,0.925,0.895,0.955,0.797978495,0.95,2.855,838.442,3618.684,3007.786,12.0343199,9.683429871,275,0,17,3.5,0.5,35.898,4.548,8.915,166.933,44.061,34857.615,144535.764,262.462,85796.599,59001.627,18.565,2.374,94.129,13.923,1.583,60.284,20.513,2.729,101.761,15.385,1.819,65.172,3.152,2.442,2.426,2.478,3778.305,3001.409,820.885,3405.857,3522.06,865.856,0.901,1783.016
JPM,Budget,260811001,2026,8,11,1,2026-8,80844.852,53108.594,4951.747,5893.033,0,34857.615,5050.65,3030.39,32.488,3.957,7.719,154.413,0.835,0.98,0.925,0.895,0.955,0.797978495,0.95,2.855,838.442,3618.684,3007.786,12.0343199,9.683429871,275,0,17,3.5,0.5,35.898,4.548,8.915,166.933,44.061,34857.615,144535.764,262.462,85796.599,59001.627,18.565,2.374,94.129,13.923,1.583,60.284,20.513,2.729,101.761,15.385,1.819,65.172,3.152,2.442,2.426,2.478,3778.305,3001.409,820.885,3405.857,3522.06,865.856,0.901,1783.016
JPM,Budget,260811002,2026,8,11,2,2026-8,80844.852,53108.594,4951.747,5893.033,0,34857.615,5050.65,3030.39,32.488,3.957,7.719,154.413,0.835,0.98,0.925,0.895,0.955,0.797978495,0.95,2.855,838.442,3618.684,3007.786,12.0343199,9.683429871,275,0,17,3.5,0.5,35.898,4.548,8.915,166.933,44.061,34857.615,144535.764,262.462,85796.599,59001.627,18.565,2.374,94.129,13.923,1.583,60.284,20.513,2.729,101.761,15.385,1.819,65.172,3.152,2.442,2.426,2.478,3778.305,3001.409,820.885,3405.857,3522.06,865.856,0.901,1783.016
JPM,Budget,260812001,2026,8,12,1,2026-8,80844.852,53108.594,4951.747,5893.033,0,34857.615,5050.65,3030.39,32.488,3.957,7.719,154.413,0.835,0.98,0.925,0.895,0.955,0.797978495,0.95,2.855,838.442,3618.684,3007.786,12.0343199,9.683429871,275,0,17,3.5,0.5,35.898,4.548,8.915,166.933,44.061,34857.615,144535.764,262.462,85796.599,59001.627,18.565,2.374,94.129,13.923,1.583,60.284,20.513,2.729,101.761,15.385,1.819,65.172,3.152,2.442,2.426,2.478,3778.305,3001.409,820.885,3405.857,3522.06,865.856,0.901,1783.016
JPM,Budget,260812002,2026,8,12,2,2026-8,80844.852,53108.594,4951.747,5893.033,0,34857.615,5050.65,3030.39,32.488,3.957,7.719,154.413,0.835,0.98,0.925,0.895,0.955,0.797978495,0.95,2.855,838.442,3618.684,3007.786,12.0343199,9.683429871,275,0,17,3.5,0.5,35.898,4.548,8.915,166.933,44.061,34857.615,144535.764,262.462,85796.599,59001.627,18.565,2.374,94.129,13.923,1.583,60.284,20.513,2.729,101.761,15.385,1.819,65.172,3.152,2.442,2.426,2.478,3778.305,3001.409,820.885,3405.857,3522.06,865.856,0.901,1783.016
JPM,Budget,260813001,2026,8,13,1,2026-8,80844.852,53108.594,4951.747,5893.033,0,34857.615,5050.65,3030.39,32.488,3.957,7.719,154.413,0.835,0.98,0.925,0.895,0.955,0.797978495,0.95,2.855,838.442,3618.684,3007.786,12.0343199,9.683429871,275,0,17,3.5,0.5,35.898,4.548,8.915,166.933,44.061,34857.615,144535.764,262.462,85796.599,59001.627,18.565,2.374,94.129,13.923,1.583,60.284,20.513,2.729,101.761,15.385,1.819,65.172,3.152,2.442,2.426,2.478,3778.305,3001.409,820.885,3405.857,3522.06,865.856,0.901,1783.016
JPM,Budget,260813002,2026,8,13,2,2026-8,80844.852,53108.594,4951.747,5893.033,0,34857.615,5050.65,3030.39,32.488,3.957,7.719,154.413,0.835,0.98,0.925,0.895,0.955,0.797978495,0.95,2.855,838.442,3618.684,3007.786,12.0343199,9.683429871,275,0,17,3.5,0.5,35.898,4.548,8.915,166.933,44.061,34857.615,144535.764,262.462,85796.599,59001.627,18.565,2.374,94.129,13.923,1.583,60.284,20.513,2.729,101.761,15.385,1.819,65.172,3.152,2.442,2.426,2.478,3778.305,3001.409,820.885,3405.857,3522.06,865.856,0.901,1783.016
JPM,Budget,260814001,2026,8,14,1,2026-8,80844.852,53108.594,4951.747,5893.033,0,34857.615,5050.65,3030.39,32.488,3.957,7.719,154.413,0.835,0.98,0.925,0.895,0.955,0.797978495,0.95,2.855,838.442,3618.684,3007.786,12.0343199,9.683429871,275,0,17,3.5,0.5,35.898,4.548,8.915,166.933,44.061,34857.615,144535.764,262.462,85796.599,59001.627,18.565,2.374,94.129,13.923,1.583,60.284,20.513,2.729,101.761,15.385,1.819,65.172,3.152,2.442,2.426,2.478,3778.305,3001.409,820.885,3405.857,3522.06,865.856,0.901,1783.016
JPM,Budget,260814002,2026,8,14,2,2026-8,80844.852,53108.594,4951.747,5893.033,0,34857.615,5050.65,3030.39,32.488,3.957,7.719,154.413,0.835,0.98,0.925,0.895,0.955,0.797978495,0.95,2.855,838.442,3618.684,3007.786,12.0343199,9.683429871,275,0,17,3.5,0.5,35.898,4.548,8.915,166.933,44.061,34857.615,144535.764,262.462,85796.599,59001.627,18.565,2.374,94.129,13.923,1.583,60.284,20.513,2.729,101.761,15.385,1.819,65.172,3.152,2.442,2.426,2.478,3778.305,3001.409,820.885,3405.857,3522.06,865.856,0.901,1783.016
JPM,Budget,260815001,2026,8,15,1,2026-8,80844.852,53108.594,4951.747,5893.033,0,34857.615,5050.65,3030.39,32.488,3.957,7.719,154.413,0.835,0.98,0.925,0.895,0.955,0.797978495,0.95,2.855,838.442,3618.684,3007.786,12.0343199,9.683429871,275,0,17,3.5,0.5,35.898,4.548,8.915,166.933,44.061,34857.615,144535.764,262.462,85796.599,59001.627,18.565,2.374,94.129,13.923,1.583,60.284,20.513,2.729,101.761,15.385,1.819,65.172,3.152,2.442,2.426,2.478,3778.305,3001.409,820.885,3405.857,3522.06,865.856,0.901,1783.016
JPM,Budget,260815002,2026,8,15,2,2026-8,80844.852,53108.594,4951.747,5893.033,0,34857.615,5050.65,3030.39,32.488,3.957,7.719,154.413,0.835,0.98,0.925,0.895,0.955,0.797978495,0.95,2.855,838.442,3618.684,3007.786,12.0343199,9.683429871,275,0,17,3.5,0.5,35.898,4.548,8.915,166.933,44.061,34857.615,144535.764,262.462,85796.599,59001.627,18.565,2.374,94.129,13.923,1.583,60.284,20.513,2.729,101.761,15.385,1.819,65.172,3.152,2.442,2.426,2.478,3778.305,3001.409,820.885,3405.857,3522.06,865.856,0.901,1783.016
JPM,Budget,260816001,2026,8,16,1,2026-8,80844.852,53108.594,4951.747,5893.033,0,34857.615,5050.65,3030.39,32.488,3.957,7.719,154.413,0.835,0.98,0.925,0.895,0.955,0.797978495,0.95,2.855,838.442,3618.684,3007.786,12.0343199,9.683429871,275,0,17,3.5,0.5,35.898,4.548,8.915,166.933,44.061,34857.615,144535.764,262.462,85796.599,59001.627,18.565,2.374,94.129,13.923,1.583,60.284,20.513,2.729,101.761,15.385,1.819,65.172,3.152,2.442,2.426,2.478,3778.305,3001.409,820.885,3405.857,3522.06,865.856,0.901,1783.016
JPM,Budget,260816002,2026,8,16,2,2026-8,80844.852,53108.594,4951.747,5893.033,0,34857.615,5050.65,3030.39,32.488,3.957,7.719,154.413,0.835,0.98,0.925,0.895,0.955,0.797978495,0.95,2.855,838.442,3618.684,3007.786,12.0343199,9.683429871,275,0,17,3.5,0.5,35.898,4.548,8.915,166.933,44.061,34857.615,144535.764,262.462,85796.599,59001.627,18.565,2.374,94.129,13.923,1.583,60.284,20.513,2.729,101.761,15.385,1.819,65.172,3.152,2.442,2.426,2.478,3778.305,3001.409,820.885,3405.857,3522.06,865.856,0.901,1783.016
JPM,Budget,260817001,2026,8,17,1,2026-8,80844.852,53108.594,4951.747,5893.033,0,34857.615,5050.65,3030.39,32.488,3.957,7.719,154.413,0.835,0.98,0.925,0.895,0.955,0.797978495,0.95,2.855,838.442,3618.684,3007.786,12.0343199,9.683429871,275,0,17,3.5,0.5,35.898,4.548,8.915,166.933,44.061,34857.615,144535.764,262.462,85796.599,59001.627,18.565,2.374,94.129,13.923,1.583,60.284,20.513,2.729,101.761,15.385,1.819,65.172,3.152,2.442,2.426,2.478,3778.305,3001.409,820.885,3405.857,3522.06,865.856,0.901,1783.016
JPM,Budget,260817002,2026,8,17,2,2026-8,80844.852,53108.594,4951.747,5893.033,0,34857.615,5050.65,3030.39,32.488,3.957,7.719,154.413,0.835,0.98,0.925,0.895,0.955,0.797978495,0.95,2.855,838.442,3618.684,3007.786,12.0343199,9.683429871,275,0,17,3.5,0.5,35.898,4.548,8.915,166.933,44.061,34857.615,144535.764,262.462,85796.599,59001.627,18.565,2.374,94.129,13.923,1.583,60.284,20.513,2.729,101.761,15.385,1.819,65.172,3.152,2.442,2.426,2.478,3778.305,3001.409,820.885,3405.857,3522.06,865.856,0.901,1783.016
JPM,Budget,260818001,2026,8,18,1,2026-8,80844.852,53108.594,4951.747,5893.033,0,34857.615,5050.65,3030.39,32.488,3.957,7.719,154.413,0.835,0.98,0.925,0.895,0.955,0.797978495,0.95,2.855,838.442,3618.684,3007.786,12.0343199,9.683429871,275,0,17,3.5,0.5,35.898,4.548,8.915,166.933,44.061,34857.615,144535.764,262.462,85796.599,59001.627,18.565,2.374,94.129,13.923,1.583,60.284,20.513,2.729,101.761,15.385,1.819,65.172,3.152,2.442,2.426,2.478,3778.305,3001.409,820.885,3405.857,3522.06,865.856,0.901,1783.016
JPM,Budget,260818002,2026,8,18,2,2026-8,80844.852,53108.594,4951.747,5893.033,0,34857.615,5050.65,3030.39,32.488,3.957,7.719,154.413,0.835,0.98,0.925,0.895,0.955,0.797978495,0.95,2.855,838.442,3618.684,3007.786,12.0343199,9.683429871,275,0,17,3.5,0.5,35.898,4.548,8.915,166.933,44.061,34857.615,144535.764,262.462,85796.599,59001.627,18.565,2.374,94.129,13.923,1.583,60.284,20.513,2.729,101.761,15.385,1.819,65.172,3.152,2.442,2.426,2.478,3778.305,3001.409,820.885,3405.857,3522.06,865.856,0.901,1783.016
JPM,Budget,260819001,2026,8,19,1,2026-8,80844.852,53108.594,4951.747,5893.033,0,34857.615,5050.65,3030.39,32.488,3.957,7.719,154.413,0.835,0.98,0.925,0.895,0.955,0.797978495,0.95,2.855,838.442,3618.684,3007.786,12.0343199,9.683429871,275,0,17,3.5,0.5,35.898,4.548,8.915,166.933,44.061,34857.615,144535.764,262.462,85796.599,59001.627,18.565,2.374,94.129,13.923,1.583,60.284,20.513,2.729,101.761,15.385,1.819,65.172,3.152,2.442,2.426,2.478,3778.305,3001.409,820.885,3405.857,3522.06,865.856,0.901,1783.016
JPM,Budget,260819002,2026,8,19,2,2026-8,80844.852,53108.594,4951.747,5893.033,0,34857.615,5050.65,3030.39,32.488,3.957,7.719,154.413,0.835,0.98,0.925,0.895,0.955,0.797978495,0.95,2.855,838.442,3618.684,3007.786,12.0343199,9.683429871,275,0,17,3.5,0.5,35.898,4.548,8.915,166.933,44.061,34857.615,144535.764,262.462,85796.599,59001.627,18.565,2.374,94.129,13.923,1.583,60.284,20.513,2.729,101.761,15.385,1.819,65.172,3.152,2.442,2.426,2.478,3778.305,3001.409,820.885,3405.857,3522.06,865.856,0.901,1783.016
JPM,Budget,260820001,2026,8,20,1,2026-8,80844.852,53108.594,4951.747,5893.033,0,34857.615,5050.65,3030.39,32.488,3.957,7.719,154.413,0.835,0.98,0.925,0.895,0.955,0.797978495,0.95,2.855,838.442,3618.684,3007.786,12.0343199,9.683429871,275,0,17,3.5,0.5,35.898,4.548,8.915,166.933,44.061,34857.615,144535.764,262.462,85796.599,59001.627,18.565,2.374,94.129,13.923,1.583,60.284,20.513,2.729,101.761,15.385,1.819,65.172,3.152,2.442,2.426,2.478,3778.305,3001.409,820.885,3405.857,3522.06,865.856,0.901,1783.016
JPM,Budget,260820002,2026,8,20,2,2026-8,80844.852,53108.594,4951.747,5893.033,0,34857.615,5050.65,3030.39,32.488,3.957,7.719,154.413,0.835,0.98,0.925,0.895,0.955,0.797978495,0.95,2.855,838.442,3618.684,3007.786,12.0343199,9.683429871,275,0,17,3.5,0.5,35.898,4.548,8.915,166.933,44.061,34857.615,144535.764,262.462,85796.599,59001.627,18.565,2.374,94.129,13.923,1.583,60.284,20.513,2.729,101.761,15.385,1.819,65.172,3.152,2.442,2.426,2.478,3778.305,3001.409,820.885,3405.857,3522.06,865.856,0.901,1783.016
JPM,Budget,260821001,2026,8,21,1,2026-8,80844.852,53108.594,4951.747,5893.033,0,34857.615,5050.65,3030.39,32.488,3.957,7.719,154.413,0.835,0.98,0.925,0.895,0.955,0.797978495,0.95,2.855,838.442,3618.684,3007.786,12.0343199,9.683429871,275,0,17,3.5,0.5,35.898,4.548,8.915,166.933,44.061,34857.615,144535.764,262.462,85796.599,59001.627,18.565,2.374,94.129,13.923,1.583,60.284,20.513,2.729,101.761,15.385,1.819,65.172,3.152,2.442,2.426,2.478,3778.305,3001.409,820.885,3405.857,3522.06,865.856,0.901,1783.016
JPM,Budget,260821002,2026,8,21,2,2026-8,80844.852,53108.594,4951.747,5893.033,0,34857.615,5050.65,3030.39,32.488,3.957,7.719,154.413,0.835,0.98,0.925,0.895,0.955,0.797978495,0.95,2.855,838.442,3618.684,3007.786,12.0343199,9.683429871,275,0,17,3.5,0.5,35.898,4.548,8.915,166.933,44.061,34857.615,144535.764,262.462,85796.599,59001.627,18.565,2.374,94.129,13.923,1.583,60.284,20.513,2.729,101.761,15.385,1.819,65.172,3.152,2.442,2.426,2.478,3778.305,3001.409,820.885,3405.857,3522.06,865.856,0.901,1783.016
JPM,Budget,260822001,2026,8,22,1,2026-8,80844.852,53108.594,4951.747,5893.033,0,34857.615,5050.65,3030.39,32.488,3.957,7.719,154.413,0.835,0.98,0.925,0.895,0.955,0.797978495,0.95,2.855,838.442,3618.684,3007.786,12.0343199,9.683429871,275,0,17,3.5,0.5,35.898,4.548,8.915,166.933,44.061,34857.615,144535.764,262.462,85796.599,59001.627,18.565,2.374,94.129,13.923,1.583,60.284,20.513,2.729,101.761,15.385,1.819,65.172,3.152,2.442,2.426,2.478,3778.305,3001.409,820.885,3405.857,3522.06,865.856,0.901,1783.016
JPM,Budget,260822002,2026,8,22,2,2026-8,80844.852,53108.594,4951.747,5893.033,0,34857.615,5050.65,3030.39,32.488,3.957,7.719,154.413,0.835,0.98,0.925,0.895,0.955,0.797978495,0.95,2.855,838.442,3618.684,3007.786,12.0343199,9.683429871,275,0,17,3.5,0.5,35.898,4.548,8.915,166.933,44.061,34857.615,144535.764,262.462,85796.599,59001.627,18.565,2.374,94.129,13.923,1.583,60.284,20.513,2.729,101.761,15.385,1.819,65.172,3.152,2.442,2.426,2.478,3778.305,3001.409,820.885,3405.857,3522.06,865.856,0.901,1783.016
JPM,Budget,260823001,2026,8,23,1,2026-8,80844.852,53108.594,4951.747,5893.033,0,34857.615,5050.65,3030.39,32.488,3.957,7.719,154.413,0.835,0.98,0.925,0.895,0.955,0.797978495,0.95,2.855,838.442,3618.684,3007.786,12.0343199,9.683429871,275,0,17,3.5,0.5,35.898,4.548,8.915,166.933,44.061,34857.615,144535.764,262.462,85796.599,59001.627,18.565,2.374,94.129,13.923,1.583,60.284,20.513,2.729,101.761,15.385,1.819,65.172,3.152,2.442,2.426,2.478,3778.305,3001.409,820.885,3405.857,3522.06,865.856,0.901,1783.016
JPM,Budget,260823002,2026,8,23,2,2026-8,80844.852,53108.594,4951.747,5893.033,0,34857.615,5050.65,3030.39,32.488,3.957,7.719,154.413,0.835,0.98,0.925,0.895,0.955,0.797978495,0.95,2.855,838.442,3618.684,3007.786,12.0343199,9.683429871,275,0,17,3.5,0.5,35.898,4.548,8.915,166.933,44.061,34857.615,144535.764,262.462,85796.599,59001.627,18.565,2.374,94.129,13.923,1.583,60.284,20.513,2.729,101.761,15.385,1.819,65.172,3.152,2.442,2.426,2.478,3778.305,3001.409,820.885,3405.857,3522.06,865.856,0.901,1783.016
JPM,Budget,260824001,2026,8,24,1,2026-8,80844.852,53108.594,4951.747,5893.033,0,34857.615,5050.65,3030.39,32.488,3.957,7.719,154.413,0.835,0.98,0.925,0.895,0.955,0.797978495,0.95,2.855,838.442,3618.684,3007.786,12.0343199,9.683429871,275,0,17,3.5,0.5,35.898,4.548,8.915,166.933,44.061,34857.615,144535.764,262.462,85796.599,59001.627,18.565,2.374,94.129,13.923,1.583,60.284,20.513,2.729,101.761,15.385,1.819,65.172,3.152,2.442,2.426,2.478,3778.305,3001.409,820.885,3405.857,3522.06,865.856,0.901,1783.016
JPM,Budget,260824002,2026,8,24,2,2026-8,80844.852,53108.594,4951.747,5893.033,0,34857.615,5050.65,3030.39,32.488,3.957,7.719,154.413,0.835,0.98,0.925,0.895,0.955,0.797978495,0.95,2.855,838.442,3618.684,3007.786,12.0343199,9.683429871,275,0,17,3.5,0.5,35.898,4.548,8.915,166.933,44.061,34857.615,144535.764,262.462,85796.599,59001.627,18.565,2.374,94.129,13.923,1.583,60.284,20.513,2.729,101.761,15.385,1.819,65.172,3.152,2.442,2.426,2.478,3778.305,3001.409,820.885,3405.857,3522.06,865.856,0.901,1783.016
JPM,Budget,260825001,2026,8,25,1,2026-8,80844.852,53108.594,4951.747,5893.033,0,34857.615,5050.65,3030.39,32.488,3.957,7.719,154.413,0.835,0.98,0.925,0.895,0.955,0.797978495,0.95,2.855,838.442,3618.684,3007.786,12.0343199,9.683429871,275,0,17,3.5,0.5,35.898,4.548,8.915,166.933,44.061,34857.615,144535.764,262.462,85796.599,59001.627,18.565,2.374,94.129,13.923,1.583,60.284,20.513,2.729,101.761,15.385,1.819,65.172,3.152,2.442,2.426,2.478,3778.305,3001.409,820.885,3405.857,3522.06,865.856,0.901,1783.016
JPM,Budget,260825002,2026,8,25,2,2026-8,80844.852,53108.594,4951.747,5893.033,0,34857.615,5050.65,3030.39,32.488,3.957,7.719,154.413,0.835,0.98,0.925,0.895,0.955,0.797978495,0.95,2.855,838.442,3618.684,3007.786,12.0343199,9.683429871,275,0,17,3.5,0.5,35.898,4.548,8.915,166.933,44.061,34857.615,144535.764,262.462,85796.599,59001.627,18.565,2.374,94.129,13.923,1.583,60.284,20.513,2.729,101.761,15.385,1.819,65.172,3.152,2.442,2.426,2.478,3778.305,3001.409,820.885,3405.857,3522.06,865.856,0.901,1783.016
JPM,Budget,260826001,2026,8,26,1,2026-8,80844.852,53108.594,4951.747,5893.033,0,34857.615,5050.65,3030.39,32.488,3.957,7.719,154.413,0.835,0.98,0.925,0.895,0.955,0.797978495,0.95,2.855,838.442,3618.684,3007.786,12.0343199,9.683429871,275,0,17,3.5,0.5,35.898,4.548,8.915,166.933,44.061,34857.615,144535.764,262.462,85796.599,59001.627,18.565,2.374,94.129,13.923,1.583,60.284,20.513,2.729,101.761,15.385,1.819,65.172,3.152,2.442,2.426,2.478,3778.305,3001.409,820.885,3405.857,3522.06,865.856,0.901,1783.016
JPM,Budget,260826002,2026,8,26,2,2026-8,80844.852,53108.594,4951.747,5893.033,0,34857.615,5050.65,3030.39,32.488,3.957,7.719,154.413,0.835,0.98,0.925,0.895,0.955,0.797978495,0.95,2.855,838.442,3618.684,3007.786,12.0343199,9.683429871,275,0,17,3.5,0.5,35.898,4.548,8.915,166.933,44.061,34857.615,144535.764,262.462,85796.599,59001.627,18.565,2.374,94.129,13.923,1.583,60.284,20.513,2.729,101.761,15.385,1.819,65.172,3.152,2.442,2.426,2.478,3778.305,3001.409,820.885,3405.857,3522.06,865.856,0.901,1783.016
JPM,Budget,260827001,2026,8,27,1,2026-8,80844.852,53108.594,4951.747,5893.033,0,34857.615,5050.65,3030.39,32.488,3.957,7.719,154.413,0.835,0.98,0.925,0.895,0.955,0.797978495,0.95,2.855,838.442,3618.684,3007.786,12.0343199,9.683429871,275,0,17,3.5,0.5,35.898,4.548,8.915,166.933,44.061,34857.615,144535.764,262.462,85796.599,59001.627,18.565,2.374,94.129,13.923,1.583,60.284,20.513,2.729,101.761,15.385,1.819,65.172,3.152,2.442,2.426,2.478,3778.305,3001.409,820.885,3405.857,3522.06,865.856,0.901,1783.016
JPM,Budget,260827002,2026,8,27,2,2026-8,80844.852,53108.594,4951.747,5893.033,0,34857.615,5050.65,3030.39,32.488,3.957,7.719,154.413,0.835,0.98,0.925,0.895,0.955,0.797978495,0.95,2.855,838.442,3618.684,3007.786,12.0343199,9.683429871,275,0,17,3.5,0.5,35.898,4.548,8.915,166.933,44.061,34857.615,144535.764,262.462,85796.599,59001.627,18.565,2.374,94.129,13.923,1.583,60.284,20.513,2.729,101.761,15.385,1.819,65.172,3.152,2.442,2.426,2.478,3778.305,3001.409,820.885,3405.857,3522.06,865.856,0.901,1783.016
JPM,Budget,260828001,2026,8,28,1,2026-8,80844.852,53108.594,4951.747,5893.033,0,34857.615,5050.65,3030.39,32.488,3.957,7.719,154.413,0.835,0.98,0.925,0.895,0.955,0.797978495,0.95,2.855,838.442,3618.684,3007.786,12.0343199,9.683429871,275,0,17,3.5,0.5,35.898,4.548,8.915,166.933,44.061,34857.615,144535.764,262.462,85796.599,59001.627,18.565,2.374,94.129,13.923,1.583,60.284,20.513,2.729,101.761,15.385,1.819,65.172,3.152,2.442,2.426,2.478,3778.305,3001.409,820.885,3405.857,3522.06,865.856,0.901,1783.016
JPM,Budget,260828002,2026,8,28,2,2026-8,80844.852,53108.594,4951.747,5893.033,0,34857.615,5050.65,3030.39,32.488,3.957,7.719,154.413,0.835,0.98,0.925,0.895,0.955,0.797978495,0.95,2.855,838.442,3618.684,3007.786,12.0343199,9.683429871,275,0,17,3.5,0.5,35.898,4.548,8.915,166.933,44.061,34857.615,144535.764,262.462,85796.599,59001.627,18.565,2.374,94.129,13.923,1.583,60.284,20.513,2.729,101.761,15.385,1.819,65.172,3.152,2.442,2.426,2.478,3778.305,3001.409,820.885,3405.857,3522.06,865.856,0.901,1783.016
JPM,Budget,260829001,2026,8,29,1,2026-8,80844.852,53108.594,4951.747,5893.033,0,34857.615,5050.65,3030.39,32.488,3.957,7.719,154.413,0.835,0.98,0.925,0.895,0.955,0.797978495,0.95,2.855,838.442,3618.684,3007.786,12.0343199,9.683429871,275,0,17,3.5,0.5,35.898,4.548,8.915,166.933,44.061,34857.615,144535.764,262.462,85796.599,59001.627,18.565,2.374,94.129,13.923,1.583,60.284,20.513,2.729,101.761,15.385,1.819,65.172,3.152,2.442,2.426,2.478,3778.305,3001.409,820.885,3405.857,3522.06,865.856,0.901,1783.016
JPM,Budget,260829002,2026,8,29,2,2026-8,80844.852,53108.594,4951.747,5893.033,0,34857.615,5050.65,3030.39,32.488,3.957,7.719,154.413,0.835,0.98,0.925,0.895,0.955,0.797978495,0.95,2.855,838.442,3618.684,3007.786,12.0343199,9.683429871,275,0,17,3.5,0.5,35.898,4.548,8.915,166.933,44.061,34857.615,144535.764,262.462,85796.599,59001.627,18.565,2.374,94.129,13.923,1.583,60.284,20.513,2.729,101.761,15.385,1.819,65.172,3.152,2.442,2.426,2.478,3778.305,3001.409,820.885,3405.857,3522.06,865.856,0.901,1783.016
JPM,Budget,260830001,2026,8,30,1,2026-8,80844.852,53108.594,4951.747,5893.033,0,34857.615,5050.65,3030.39,32.488,3.957,7.719,154.413,0.835,0.98,0.925,0.895,0.955,0.797978495,0.95,2.855,838.442,3618.684,3007.786,12.0343199,9.683429871,275,0,17,3.5,0.5,35.898,4.548,8.915,166.933,44.061,34857.615,144535.764,262.462,85796.599,59001.627,18.565,2.374,94.129,13.923,1.583,60.284,20.513,2.729,101.761,15.385,1.819,65.172,3.152,2.442,2.426,2.478,3778.305,3001.409,820.885,3405.857,3522.06,865.856,0.901,1783.016
JPM,Budget,260830002,2026,8,30,2,2026-8,80844.852,53108.594,4951.747,5893.033,0,34857.615,5050.65,3030.39,32.488,3.957,7.719,154.413,0.835,0.98,0.925,0.895,0.955,0.797978495,0.95,2.855,838.442,3618.684,3007.786,12.0343199,9.683429871,275,0,17,3.5,0.5,35.898,4.548,8.915,166.933,44.061,34857.615,144535.764,262.462,85796.599,59001.627,18.565,2.374,94.129,13.923,1.583,60.284,20.513,2.729,101.761,15.385,1.819,65.172,3.152,2.442,2.426,2.478,3778.305,3001.409,820.885,3405.857,3522.06,865.856,0.901,1783.016
JPM,Budget,260831001,2026,8,31,1,2026-8,80844.852,53108.594,4951.747,5893.033,0,34857.615,5050.65,3030.39,32.488,3.957,7.719,154.413,0.835,0.98,0.925,0.895,0.955,0.797978495,0.95,2.855,838.442,3618.684,3007.786,12.0343199,9.683429871,275,0,17,3.5,0.5,35.898,4.548,8.915,166.933,44.061,34857.615,144535.764,262.462,85796.599,59001.627,18.565,2.374,94.129,13.923,1.583,60.284,20.513,2.729,101.761,15.385,1.819,65.172,3.152,2.442,2.426,2.478,3778.305,3001.409,820.885,3405.857,3522.06,865.856,0.901,1783.016
JPM,Budget,260831002,2026,8,31,2,2026-8,80844.852,53108.594,4951.747,5893.033,0,34857.615,5050.65,3030.39,32.488,3.957,7.719,154.413,0.835,0.98,0.925,0.895,0.955,0.797978495,0.95,2.855,838.442,3618.684,3007.786,12.0343199,9.683429871,275,0,17,3.5,0.5,35.898,4.548,8.915,166.933,44.061,34857.615,144535.764,262.462,85796.599,59001.627,18.565,2.374,94.129,13.923,1.583,60.284,20.513,2.729,101.761,15.385,1.819,65.172,3.152,2.442,2.426,2.478,3778.305,3001.409,820.885,3405.857,3522.06,865.856,0.901,1783.016
JPM,Budget,260901001,2026,9,1,1,2026-9,108964.8,27100.336,6674.094,4625.379,0,17601.421,5234.637,3140.782,26.365,8.768,7.719,154.413,0.835,0.98,0.925,0.847380952,0.955,0.884,0.95,2.999,845.51,3969.314,2954.735,12.35698844,10.12598691,259.9836249,0,17,3,1,29.133,10.078,8.941,166.933,45.694,17601.421,147093.399,271.211,115638.894,31725.716,21.971,6.137,126.117,4.394,2.63,28.297,24.277,7.054,136.342,4.855,3.023,30.591,3.21,2.31,2.405,2.088,3833.777,3402.677,833.478,4647,2632.986,899.138,0.901,2549.885
JPM,Budget,260901002,2026,9,1,2,2026-9,108964.8,27100.336,6674.094,4625.379,0,17601.421,5234.637,3140.782,26.365,8.768,7.719,154.413,0.835,0.98,0.925,0.847380952,0.955,0.884,0.95,2.999,845.51,3969.314,2954.735,12.35698844,10.12598691,259.9836249,0,17,3,1,29.133,10.078,8.941,166.933,45.694,17601.421,147093.399,271.211,115638.894,31725.716,21.971,6.137,126.117,4.394,2.63,28.297,24.277,7.054,136.342,4.855,3.023,30.591,3.21,2.31,2.405,2.088,3833.777,3402.677,833.478,4647,2632.986,899.138,0.901,2549.885
JPM,Budget,260902001,2026,9,2,1,2026-9,108964.8,27100.336,6674.094,4625.379,0,17601.421,5234.637,3140.782,26.365,8.768,7.719,154.413,0.835,0.98,0.925,0.847380952,0.955,0.884,0.95,2.999,845.51,3969.314,2954.735,12.35698844,10.12598691,259.9836249,0,17,3,1,29.133,10.078,8.941,166.933,45.694,17601.421,147093.399,271.211,115638.894,31725.716,21.971,6.137,126.117,4.394,2.63,28.297,24.277,7.054,136.342,4.855,3.023,30.591,3.21,2.31,2.405,2.088,3833.777,3402.677,833.478,4647,2632.986,899.138,0.901,2549.885
JPM,Budget,260902002,2026,9,2,2,2026-9,108964.8,27100.336,6674.094,4625.379,0,17601.421,5234.637,3140.782,26.365,8.768,7.719,154.413,0.835,0.98,0.925,0.847380952,0.955,0.884,0.95,2.999,845.51,3969.314,2954.735,12.35698844,10.12598691,259.9836249,0,17,3,1,29.133,10.078,8.941,166.933,45.694,17601.421,147093.399,271.211,115638.894,31725.716,21.971,6.137,126.117,4.394,2.63,28.297,24.277,7.054,136.342,4.855,3.023,30.591,3.21,2.31,2.405,2.088,3833.777,3402.677,833.478,4647,2632.986,899.138,0.901,2549.885
JPM,Budget,260903001,2026,9,3,1,2026-9,108964.8,27100.336,6674.094,4625.379,0,17601.421,5234.637,3140.782,26.365,8.768,7.719,154.413,0.835,0.98,0.925,0.847380952,0.955,0.884,0.95,2.999,845.51,3969.314,2954.735,12.35698844,10.12598691,259.9836249,0,17,3,1,29.133,10.078,8.941,166.933,45.694,17601.421,147093.399,271.211,115638.894,31725.716,21.971,6.137,126.117,4.394,2.63,28.297,24.277,7.054,136.342,4.855,3.023,30.591,3.21,2.31,2.405,2.088,3833.777,3402.677,833.478,4647,2632.986,899.138,0.901,2549.885
JPM,Budget,260903002,2026,9,3,2,2026-9,108964.8,27100.336,6674.094,4625.379,0,17601.421,5234.637,3140.782,26.365,8.768,7.719,154.413,0.835,0.98,0.925,0.847380952,0.955,0.884,0.95,2.999,845.51,3969.314,2954.735,12.35698844,10.12598691,259.9836249,0,17,3,1,29.133,10.078,8.941,166.933,45.694,17601.421,147093.399,271.211,115638.894,31725.716,21.971,6.137,126.117,4.394,2.63,28.297,24.277,7.054,136.342,4.855,3.023,30.591,3.21,2.31,2.405,2.088,3833.777,3402.677,833.478,4647,2632.986,899.138,0.901,2549.885
JPM,Budget,260904001,2026,9,4,1,2026-9,108964.8,27100.336,6674.094,4625.379,0,17601.421,5234.637,3140.782,26.365,8.768,7.719,154.413,0.835,0.98,0.925,0.847380952,0.955,0.884,0.95,2.999,845.51,3969.314,2954.735,12.35698844,10.12598691,259.9836249,0,17,3,1,29.133,10.078,8.941,166.933,45.694,17601.421,147093.399,271.211,115638.894,31725.716,21.971,6.137,126.117,4.394,2.63,28.297,24.277,7.054,136.342,4.855,3.023,30.591,3.21,2.31,2.405,2.088,3833.777,3402.677,833.478,4647,2632.986,899.138,0.901,2549.885
JPM,Budget,260904002,2026,9,4,2,2026-9,108964.8,27100.336,6674.094,4625.379,0,17601.421,5234.637,3140.782,26.365,8.768,7.719,154.413,0.835,0.98,0.925,0.847380952,0.955,0.884,0.95,2.999,845.51,3969.314,2954.735,12.35698844,10.12598691,259.9836249,0,17,3,1,29.133,10.078,8.941,166.933,45.694,17601.421,147093.399,271.211,115638.894,31725.716,21.971,6.137,126.117,4.394,2.63,28.297,24.277,7.054,136.342,4.855,3.023,30.591,3.21,2.31,2.405,2.088,3833.777,3402.677,833.478,4647,2632.986,899.138,0.901,2549.885
JPM,Budget,260905001,2026,9,5,1,2026-9,108964.8,27100.336,6674.094,4625.379,0,17601.421,5234.637,3140.782,26.365,8.768,7.719,154.413,0.835,0.98,0.925,0.847380952,0.955,0.884,0.95,2.999,845.51,3969.314,2954.735,12.35698844,10.12598691,259.9836249,0,17,3,1,29.133,10.078,8.941,166.933,45.694,17601.421,147093.399,271.211,115638.894,31725.716,21.971,6.137,126.117,4.394,2.63,28.297,24.277,7.054,136.342,4.855,3.023,30.591,3.21,2.31,2.405,2.088,3833.777,3402.677,833.478,4647,2632.986,899.138,0.901,2549.885
JPM,Budget,260905002,2026,9,5,2,2026-9,108964.8,27100.336,6674.094,4625.379,0,17601.421,5234.637,3140.782,26.365,8.768,7.719,154.413,0.835,0.98,0.925,0.847380952,0.955,0.884,0.95,2.999,845.51,3969.314,2954.735,12.35698844,10.12598691,259.9836249,0,17,3,1,29.133,10.078,8.941,166.933,45.694,17601.421,147093.399,271.211,115638.894,31725.716,21.971,6.137,126.117,4.394,2.63,28.297,24.277,7.054,136.342,4.855,3.023,30.591,3.21,2.31,2.405,2.088,3833.777,3402.677,833.478,4647,2632.986,899.138,0.901,2549.885
JPM,Budget,260906001,2026,9,6,1,2026-9,108964.8,27100.336,6674.094,4625.379,0,17601.421,5234.637,3140.782,26.365,8.768,7.719,154.413,0.835,0.98,0.925,0.847380952,0.955,0.884,0.95,2.999,845.51,3969.314,2954.735,12.35698844,10.12598691,259.9836249,0,17,3,1,29.133,10.078,8.941,166.933,45.694,17601.421,147093.399,271.211,115638.894,31725.716,21.971,6.137,126.117,4.394,2.63,28.297,24.277,7.054,136.342,4.855,3.023,30.591,3.21,2.31,2.405,2.088,3833.777,3402.677,833.478,4647,2632.986,899.138,0.901,2549.885
JPM,Budget,260906002,2026,9,6,2,2026-9,108964.8,27100.336,6674.094,4625.379,0,17601.421,5234.637,3140.782,26.365,8.768,7.719,154.413,0.835,0.98,0.925,0.847380952,0.955,0.884,0.95,2.999,845.51,3969.314,2954.735,12.35698844,10.12598691,259.9836249,0,17,3,1,29.133,10.078,8.941,166.933,45.694,17601.421,147093.399,271.211,115638.894,31725.716,21.971,6.137,126.117,4.394,2.63,28.297,24.277,7.054,136.342,4.855,3.023,30.591,3.21,2.31,2.405,2.088,3833.777,3402.677,833.478,4647,2632.986,899.138,0.901,2549.885
JPM,Budget,260907001,2026,9,7,1,2026-9,108964.8,27100.336,6674.094,4625.379,0,17601.421,5234.637,3140.782,26.365,8.768,7.719,154.413,0.835,0.98,0.925,0.847380952,0.955,0.884,0.95,2.999,845.51,3969.314,2954.735,12.35698844,10.12598691,259.9836249,0,17,3,1,29.133,10.078,8.941,166.933,45.694,17601.421,147093.399,271.211,115638.894,31725.716,21.971,6.137,126.117,4.394,2.63,28.297,24.277,7.054,136.342,4.855,3.023,30.591,3.21,2.31,2.405,2.088,3833.777,3402.677,833.478,4647,2632.986,899.138,0.901,2549.885
JPM,Budget,260907002,2026,9,7,2,2026-9,108964.8,27100.336,6674.094,4625.379,0,17601.421,5234.637,3140.782,26.365,8.768,7.719,154.413,0.835,0.98,0.925,0.847380952,0.955,0.884,0.95,2.999,845.51,3969.314,2954.735,12.35698844,10.12598691,259.9836249,0,17,3,1,29.133,10.078,8.941,166.933,45.694,17601.421,147093.399,271.211,115638.894,31725.716,21.971,6.137,126.117,4.394,2.63,28.297,24.277,7.054,136.342,4.855,3.023,30.591,3.21,2.31,2.405,2.088,3833.777,3402.677,833.478,4647,2632.986,899.138,0.901,2549.885
JPM,Budget,260908001,2026,9,8,1,2026-9,108964.8,27100.336,6674.094,4625.379,0,17601.421,5234.637,3140.782,26.365,8.768,7.719,154.413,0.835,0.98,0.925,0.847380952,0.955,0.884,0.95,2.999,845.51,3969.314,2954.735,12.35698844,10.12598691,259.9836249,0,17,3,1,29.133,10.078,8.941,166.933,45.694,17601.421,147093.399,271.211,115638.894,31725.716,21.971,6.137,126.117,4.394,2.63,28.297,24.277,7.054,136.342,4.855,3.023,30.591,3.21,2.31,2.405,2.088,3833.777,3402.677,833.478,4647,2632.986,899.138,0.901,2549.885
JPM,Budget,260908002,2026,9,8,2,2026-9,108964.8,27100.336,6674.094,4625.379,0,17601.421,5234.637,3140.782,26.365,8.768,7.719,154.413,0.835,0.98,0.925,0.847380952,0.955,0.884,0.95,2.999,845.51,3969.314,2954.735,12.35698844,10.12598691,259.9836249,0,17,3,1,29.133,10.078,8.941,166.933,45.694,17601.421,147093.399,271.211,115638.894,31725.716,21.971,6.137,126.117,4.394,2.63,28.297,24.277,7.054,136.342,4.855,3.023,30.591,3.21,2.31,2.405,2.088,3833.777,3402.677,833.478,4647,2632.986,899.138,0.901,2549.885
JPM,Budget,260909001,2026,9,9,1,2026-9,108964.8,27100.336,6674.094,4625.379,0,17601.421,5234.637,3140.782,26.365,8.768,7.719,154.413,0.835,0.98,0.925,0.847380952,0.955,0.884,0.95,2.999,845.51,3969.314,2954.735,12.35698844,10.12598691,259.9836249,0,17,3,1,29.133,10.078,8.941,166.933,45.694,17601.421,147093.399,271.211,115638.894,31725.716,21.971,6.137,126.117,4.394,2.63,28.297,24.277,7.054,136.342,4.855,3.023,30.591,3.21,2.31,2.405,2.088,3833.777,3402.677,833.478,4647,2632.986,899.138,0.901,2549.885
JPM,Budget,260909002,2026,9,9,2,2026-9,108964.8,27100.336,6674.094,4625.379,0,17601.421,5234.637,3140.782,26.365,8.768,7.719,154.413,0.835,0.98,0.925,0.847380952,0.955,0.884,0.95,2.999,845.51,3969.314,2954.735,12.35698844,10.12598691,259.9836249,0,17,3,1,29.133,10.078,8.941,166.933,45.694,17601.421,147093.399,271.211,115638.894,31725.716,21.971,6.137,126.117,4.394,2.63,28.297,24.277,7.054,136.342,4.855,3.023,30.591,3.21,2.31,2.405,2.088,3833.777,3402.677,833.478,4647,2632.986,899.138,0.901,2549.885
JPM,Budget,260910001,2026,9,10,1,2026-9,108964.8,27100.336,6674.094,4625.379,0,17601.421,5234.637,3140.782,26.365,8.768,7.719,154.413,0.835,0.98,0.925,0.847380952,0.955,0.884,0.95,2.999,845.51,3969.314,2954.735,12.35698844,10.12598691,259.9836249,0,17,3,1,29.133,10.078,8.941,166.933,45.694,17601.421,147093.399,271.211,115638.894,31725.716,21.971,6.137,126.117,4.394,2.63,28.297,24.277,7.054,136.342,4.855,3.023,30.591,3.21,2.31,2.405,2.088,3833.777,3402.677,833.478,4647,2632.986,899.138,0.901,2549.885
JPM,Budget,260910002,2026,9,10,2,2026-9,108964.8,27100.336,6674.094,4625.379,0,17601.421,5234.637,3140.782,26.365,8.768,7.719,154.413,0.835,0.98,0.925,0.847380952,0.955,0.884,0.95,2.999,845.51,3969.314,2954.735,12.35698844,10.12598691,259.9836249,0,17,3,1,29.133,10.078,8.941,166.933,45.694,17601.421,147093.399,271.211,115638.894,31725.716,21.971,6.137,126.117,4.394,2.63,28.297,24.277,7.054,136.342,4.855,3.023,30.591,3.21,2.31,2.405,2.088,3833.777,3402.677,833.478,4647,2632.986,899.138,0.901,2549.885
JPM,Budget,260911001,2026,9,11,1,2026-9,108964.8,27100.336,6674.094,4625.379,0,17601.421,5234.637,3140.782,26.365,8.768,7.719,154.413,0.835,0.98,0.925,0.847380952,0.955,0.884,0.95,2.999,845.51,3969.314,2954.735,12.35698844,10.12598691,259.9836249,0,17,3,1,29.133,10.078,8.941,166.933,45.694,17601.421,147093.399,271.211,115638.894,31725.716,21.971,6.137,126.117,4.394,2.63,28.297,24.277,7.054,136.342,4.855,3.023,30.591,3.21,2.31,2.405,2.088,3833.777,3402.677,833.478,4647,2632.986,899.138,0.901,2549.885
JPM,Budget,260911002,2026,9,11,2,2026-9,108964.8,27100.336,6674.094,4625.379,0,17601.421,5234.637,3140.782,26.365,8.768,7.719,154.413,0.835,0.98,0.925,0.847380952,0.955,0.884,0.95,2.999,845.51,3969.314,2954.735,12.35698844,10.12598691,259.9836249,0,17,3,1,29.133,10.078,8.941,166.933,45.694,17601.421,147093.399,271.211,115638.894,31725.716,21.971,6.137,126.117,4.394,2.63,28.297,24.277,7.054,136.342,4.855,3.023,30.591,3.21,2.31,2.405,2.088,3833.777,3402.677,833.478,4647,2632.986,899.138,0.901,2549.885
JPM,Budget,260912001,2026,9,12,1,2026-9,108964.8,27100.336,6674.094,4625.379,0,17601.421,5234.637,3140.782,26.365,8.768,7.719,154.413,0.835,0.98,0.925,0.847380952,0.955,0.884,0.95,2.999,845.51,3969.314,2954.735,12.35698844,10.12598691,259.9836249,0,17,3,1,29.133,10.078,8.941,166.933,45.694,17601.421,147093.399,271.211,115638.894,31725.716,21.971,6.137,126.117,4.394,2.63,28.297,24.277,7.054,136.342,4.855,3.023,30.591,3.21,2.31,2.405,2.088,3833.777,3402.677,833.478,4647,2632.986,899.138,0.901,2549.885
JPM,Budget,260912002,2026,9,12,2,2026-9,108964.8,27100.336,6674.094,4625.379,0,17601.421,5234.637,3140.782,26.365,8.768,7.719,154.413,0.835,0.98,0.925,0.847380952,0.955,0.884,0.95,2.999,845.51,3969.314,2954.735,12.35698844,10.12598691,259.9836249,0,17,3,1,29.133,10.078,8.941,166.933,45.694,17601.421,147093.399,271.211,115638.894,31725.716,21.971,6.137,126.117,4.394,2.63,28.297,24.277,7.054,136.342,4.855,3.023,30.591,3.21,2.31,2.405,2.088,3833.777,3402.677,833.478,4647,2632.986,899.138,0.901,2549.885
JPM,Budget,260913001,2026,9,13,1,2026-9,108964.8,27100.336,6674.094,4625.379,0,17601.421,5234.637,3140.782,26.365,8.768,7.719,154.413,0.835,0.98,0.925,0.847380952,0.955,0.884,0.95,2.999,845.51,3969.314,2954.735,12.35698844,10.12598691,259.9836249,0,17,3,1,29.133,10.078,8.941,166.933,45.694,17601.421,147093.399,271.211,115638.894,31725.716,21.971,6.137,126.117,4.394,2.63,28.297,24.277,7.054,136.342,4.855,3.023,30.591,3.21,2.31,2.405,2.088,3833.777,3402.677,833.478,4647,2632.986,899.138,0.901,2549.885
JPM,Budget,260913002,2026,9,13,2,2026-9,108964.8,27100.336,6674.094,4625.379,0,17601.421,5234.637,3140.782,26.365,8.768,7.719,154.413,0.835,0.98,0.925,0.847380952,0.955,0.884,0.95,2.999,845.51,3969.314,2954.735,12.35698844,10.12598691,259.9836249,0,17,3,1,29.133,10.078,8.941,166.933,45.694,17601.421,147093.399,271.211,115638.894,31725.716,21.971,6.137,126.117,4.394,2.63,28.297,24.277,7.054,136.342,4.855,3.023,30.591,3.21,2.31,2.405,2.088,3833.777,3402.677,833.478,4647,2632.986,899.138,0.901,2549.885
JPM,Budget,260914001,2026,9,14,1,2026-9,108964.8,27100.336,6674.094,4625.379,0,17601.421,5234.637,3140.782,26.365,8.768,7.719,154.413,0.835,0.98,0.925,0.847380952,0.955,0.884,0.95,2.999,845.51,3969.314,2954.735,12.35698844,10.12598691,259.9836249,0,17,3,1,29.133,10.078,8.941,166.933,45.694,17601.421,147093.399,271.211,115638.894,31725.716,21.971,6.137,126.117,4.394,2.63,28.297,24.277,7.054,136.342,4.855,3.023,30.591,3.21,2.31,2.405,2.088,3833.777,3402.677,833.478,4647,2632.986,899.138,0.901,2549.885
JPM,Budget,260914002,2026,9,14,2,2026-9,108964.8,27100.336,6674.094,4625.379,0,17601.421,5234.637,3140.782,26.365,8.768,7.719,154.413,0.835,0.98,0.925,0.847380952,0.955,0.884,0.95,2.999,845.51,3969.314,2954.735,12.35698844,10.12598691,259.9836249,0,17,3,1,29.133,10.078,8.941,166.933,45.694,17601.421,147093.399,271.211,115638.894,31725.716,21.971,6.137,126.117,4.394,2.63,28.297,24.277,7.054,136.342,4.855,3.023,30.591,3.21,2.31,2.405,2.088,3833.777,3402.677,833.478,4647,2632.986,899.138,0.901,2549.885
JPM,Budget,260915001,2026,9,15,1,2026-9,108964.8,27100.336,6674.094,4625.379,0,17601.421,5234.637,3140.782,26.365,8.768,7.719,154.413,0.835,0.98,0.925,0.847380952,0.955,0.884,0.95,2.999,845.51,3969.314,2954.735,12.35698844,10.12598691,259.9836249,0,17,3,1,29.133,10.078,8.941,166.933,45.694,17601.421,147093.399,271.211,115638.894,31725.716,21.971,6.137,126.117,4.394,2.63,28.297,24.277,7.054,136.342,4.855,3.023,30.591,3.21,2.31,2.405,2.088,3833.777,3402.677,833.478,4647,2632.986,899.138,0.901,2549.885
JPM,Budget,260915002,2026,9,15,2,2026-9,108964.8,27100.336,6674.094,4625.379,0,17601.421,5234.637,3140.782,26.365,8.768,7.719,154.413,0.835,0.98,0.925,0.847380952,0.955,0.884,0.95,2.999,845.51,3969.314,2954.735,12.35698844,10.12598691,259.9836249,0,17,3,1,29.133,10.078,8.941,166.933,45.694,17601.421,147093.399,271.211,115638.894,31725.716,21.971,6.137,126.117,4.394,2.63,28.297,24.277,7.054,136.342,4.855,3.023,30.591,3.21,2.31,2.405,2.088,3833.777,3402.677,833.478,4647,2632.986,899.138,0.901,2549.885
JPM,Budget,260916001,2026,9,16,1,2026-9,108964.8,27100.336,6674.094,4625.379,0,17601.421,5234.637,3140.782,26.365,8.768,7.719,154.413,0.835,0.98,0.925,0.847380952,0.955,0.884,0.95,2.999,845.51,3969.314,2954.735,12.35698844,10.12598691,259.9836249,0,17,3,1,29.133,10.078,8.941,166.933,45.694,17601.421,147093.399,271.211,115638.894,31725.716,21.971,6.137,126.117,4.394,2.63,28.297,24.277,7.054,136.342,4.855,3.023,30.591,3.21,2.31,2.405,2.088,3833.777,3402.677,833.478,4647,2632.986,899.138,0.901,2549.885
JPM,Budget,260916002,2026,9,16,2,2026-9,108964.8,27100.336,6674.094,4625.379,0,17601.421,5234.637,3140.782,26.365,8.768,7.719,154.413,0.835,0.98,0.925,0.847380952,0.955,0.884,0.95,2.999,845.51,3969.314,2954.735,12.35698844,10.12598691,259.9836249,0,17,3,1,29.133,10.078,8.941,166.933,45.694,17601.421,147093.399,271.211,115638.894,31725.716,21.971,6.137,126.117,4.394,2.63,28.297,24.277,7.054,136.342,4.855,3.023,30.591,3.21,2.31,2.405,2.088,3833.777,3402.677,833.478,4647,2632.986,899.138,0.901,2549.885
JPM,Budget,260917001,2026,9,17,1,2026-9,108964.8,27100.336,6674.094,4625.379,0,17601.421,5234.637,3140.782,26.365,8.768,7.719,154.413,0.835,0.98,0.925,0.847380952,0.955,0.884,0.95,2.999,845.51,3969.314,2954.735,12.35698844,10.12598691,259.9836249,0,17,3,1,29.133,10.078,8.941,166.933,45.694,17601.421,147093.399,271.211,115638.894,31725.716,21.971,6.137,126.117,4.394,2.63,28.297,24.277,7.054,136.342,4.855,3.023,30.591,3.21,2.31,2.405,2.088,3833.777,3402.677,833.478,4647,2632.986,899.138,0.901,2549.885
JPM,Budget,260917002,2026,9,17,2,2026-9,108964.8,27100.336,6674.094,4625.379,0,17601.421,5234.637,3140.782,26.365,8.768,7.719,154.413,0.835,0.98,0.925,0.847380952,0.955,0.884,0.95,2.999,845.51,3969.314,2954.735,12.35698844,10.12598691,259.9836249,0,17,3,1,29.133,10.078,8.941,166.933,45.694,17601.421,147093.399,271.211,115638.894,31725.716,21.971,6.137,126.117,4.394,2.63,28.297,24.277,7.054,136.342,4.855,3.023,30.591,3.21,2.31,2.405,2.088,3833.777,3402.677,833.478,4647,2632.986,899.138,0.901,2549.885
JPM,Budget,260918001,2026,9,18,1,2026-9,108964.8,27100.336,6674.094,4625.379,0,17601.421,5234.637,3140.782,26.365,8.768,7.719,154.413,0.835,0.98,0.925,0.847380952,0.955,0.884,0.95,2.999,845.51,3969.314,2954.735,12.35698844,10.12598691,259.9836249,0,17,3,1,29.133,10.078,8.941,166.933,45.694,17601.421,147093.399,271.211,115638.894,31725.716,21.971,6.137,126.117,4.394,2.63,28.297,24.277,7.054,136.342,4.855,3.023,30.591,3.21,2.31,2.405,2.088,3833.777,3402.677,833.478,4647,2632.986,899.138,0.901,2549.885
JPM,Budget,260918002,2026,9,18,2,2026-9,108964.8,27100.336,6674.094,4625.379,0,17601.421,5234.637,3140.782,26.365,8.768,7.719,154.413,0.835,0.98,0.925,0.847380952,0.955,0.884,0.95,2.999,845.51,3969.314,2954.735,12.35698844,10.12598691,259.9836249,0,17,3,1,29.133,10.078,8.941,166.933,45.694,17601.421,147093.399,271.211,115638.894,31725.716,21.971,6.137,126.117,4.394,2.63,28.297,24.277,7.054,136.342,4.855,3.023,30.591,3.21,2.31,2.405,2.088,3833.777,3402.677,833.478,4647,2632.986,899.138,0.901,2549.885
JPM,Budget,260919001,2026,9,19,1,2026-9,108964.8,27100.336,6674.094,4625.379,0,17601.421,5234.637,3140.782,26.365,8.768,7.719,154.413,0.835,0.98,0.925,0.847380952,0.955,0.884,0.95,2.999,845.51,3969.314,2954.735,12.35698844,10.12598691,259.9836249,0,17,3,1,29.133,10.078,8.941,166.933,45.694,17601.421,147093.399,271.211,115638.894,31725.716,21.971,6.137,126.117,4.394,2.63,28.297,24.277,7.054,136.342,4.855,3.023,30.591,3.21,2.31,2.405,2.088,3833.777,3402.677,833.478,4647,2632.986,899.138,0.901,2549.885
JPM,Budget,260919002,2026,9,19,2,2026-9,108964.8,27100.336,6674.094,4625.379,0,17601.421,5234.637,3140.782,26.365,8.768,7.719,154.413,0.835,0.98,0.925,0.847380952,0.955,0.884,0.95,2.999,845.51,3969.314,2954.735,12.35698844,10.12598691,259.9836249,0,17,3,1,29.133,10.078,8.941,166.933,45.694,17601.421,147093.399,271.211,115638.894,31725.716,21.971,6.137,126.117,4.394,2.63,28.297,24.277,7.054,136.342,4.855,3.023,30.591,3.21,2.31,2.405,2.088,3833.777,3402.677,833.478,4647,2632.986,899.138,0.901,2549.885
JPM,Budget,260920001,2026,9,20,1,2026-9,108964.8,27100.336,6674.094,4625.379,0,17601.421,5234.637,3140.782,26.365,8.768,7.719,154.413,0.835,0.98,0.925,0.847380952,0.955,0.884,0.95,2.999,845.51,3969.314,2954.735,12.35698844,10.12598691,259.9836249,0,17,3,1,29.133,10.078,8.941,166.933,45.694,17601.421,147093.399,271.211,115638.894,31725.716,21.971,6.137,126.117,4.394,2.63,28.297,24.277,7.054,136.342,4.855,3.023,30.591,3.21,2.31,2.405,2.088,3833.777,3402.677,833.478,4647,2632.986,899.138,0.901,2549.885
JPM,Budget,260920002,2026,9,20,2,2026-9,108964.8,27100.336,6674.094,4625.379,0,17601.421,5234.637,3140.782,26.365,8.768,7.719,154.413,0.835,0.98,0.925,0.847380952,0.955,0.884,0.95,2.999,845.51,3969.314,2954.735,12.35698844,10.12598691,259.9836249,0,17,3,1,29.133,10.078,8.941,166.933,45.694,17601.421,147093.399,271.211,115638.894,31725.716,21.971,6.137,126.117,4.394,2.63,28.297,24.277,7.054,136.342,4.855,3.023,30.591,3.21,2.31,2.405,2.088,3833.777,3402.677,833.478,4647,2632.986,899.138,0.901,2549.885
JPM,Budget,260921001,2026,9,21,1,2026-9,108964.8,27100.336,6674.094,4625.379,0,17601.421,5234.637,3140.782,26.365,8.768,7.719,154.413,0.835,0.98,0.925,0.847380952,0.955,0.884,0.95,2.999,845.51,3969.314,2954.735,12.35698844,10.12598691,259.9836249,0,17,3,1,29.133,10.078,8.941,166.933,45.694,17601.421,147093.399,271.211,115638.894,31725.716,21.971,6.137,126.117,4.394,2.63,28.297,24.277,7.054,136.342,4.855,3.023,30.591,3.21,2.31,2.405,2.088,3833.777,3402.677,833.478,4647,2632.986,899.138,0.901,2549.885
JPM,Budget,260921002,2026,9,21,2,2026-9,108964.8,27100.336,6674.094,4625.379,0,17601.421,5234.637,3140.782,26.365,8.768,7.719,154.413,0.835,0.98,0.925,0.847380952,0.955,0.884,0.95,2.999,845.51,3969.314,2954.735,12.35698844,10.12598691,259.9836249,0,17,3,1,29.133,10.078,8.941,166.933,45.694,17601.421,147093.399,271.211,115638.894,31725.716,21.971,6.137,126.117,4.394,2.63,28.297,24.277,7.054,136.342,4.855,3.023,30.591,3.21,2.31,2.405,2.088,3833.777,3402.677,833.478,4647,2632.986,899.138,0.901,2549.885
JPM,Budget,260922001,2026,9,22,1,2026-9,108964.8,27100.336,6674.094,4625.379,0,17601.421,5234.637,3140.782,26.365,8.768,7.719,154.413,0.835,0.98,0.925,0.847380952,0.955,0.884,0.95,2.999,845.51,3969.314,2954.735,12.35698844,10.12598691,259.9836249,0,17,3,1,29.133,10.078,8.941,166.933,45.694,17601.421,147093.399,271.211,115638.894,31725.716,21.971,6.137,126.117,4.394,2.63,28.297,24.277,7.054,136.342,4.855,3.023,30.591,3.21,2.31,2.405,2.088,3833.777,3402.677,833.478,4647,2632.986,899.138,0.901,2549.885
JPM,Budget,260922002,2026,9,22,2,2026-9,108964.8,27100.336,6674.094,4625.379,0,17601.421,5234.637,3140.782,26.365,8.768,7.719,154.413,0.835,0.98,0.925,0.847380952,0.955,0.884,0.95,2.999,845.51,3969.314,2954.735,12.35698844,10.12598691,259.9836249,0,17,3,1,29.133,10.078,8.941,166.933,45.694,17601.421,147093.399,271.211,115638.894,31725.716,21.971,6.137,126.117,4.394,2.63,28.297,24.277,7.054,136.342,4.855,3.023,30.591,3.21,2.31,2.405,2.088,3833.777,3402.677,833.478,4647,2632.986,899.138,0.901,2549.885
JPM,Budget,260923001,2026,9,23,1,2026-9,108964.8,27100.336,6674.094,4625.379,0,17601.421,5234.637,3140.782,26.365,8.768,7.719,154.413,0.835,0.98,0.925,0.847380952,0.955,0.884,0.95,2.999,845.51,3969.314,2954.735,12.35698844,10.12598691,259.9836249,0,17,3,1,29.133,10.078,8.941,166.933,45.694,17601.421,147093.399,271.211,115638.894,31725.716,21.971,6.137,126.117,4.394,2.63,28.297,24.277,7.054,136.342,4.855,3.023,30.591,3.21,2.31,2.405,2.088,3833.777,3402.677,833.478,4647,2632.986,899.138,0.901,2549.885
JPM,Budget,260923002,2026,9,23,2,2026-9,108964.8,27100.336,6674.094,4625.379,0,17601.421,5234.637,3140.782,26.365,8.768,7.719,154.413,0.835,0.98,0.925,0.847380952,0.955,0.884,0.95,2.999,845.51,3969.314,2954.735,12.35698844,10.12598691,259.9836249,0,17,3,1,29.133,10.078,8.941,166.933,45.694,17601.421,147093.399,271.211,115638.894,31725.716,21.971,6.137,126.117,4.394,2.63,28.297,24.277,7.054,136.342,4.855,3.023,30.591,3.21,2.31,2.405,2.088,3833.777,3402.677,833.478,4647,2632.986,899.138,0.901,2549.885
JPM,Budget,260924001,2026,9,24,1,2026-9,108964.8,27100.336,6674.094,4625.379,0,17601.421,5234.637,3140.782,26.365,8.768,7.719,154.413,0.835,0.98,0.925,0.847380952,0.955,0.884,0.95,2.999,845.51,3969.314,2954.735,12.35698844,10.12598691,259.9836249,0,17,3,1,29.133,10.078,8.941,166.933,45.694,17601.421,147093.399,271.211,115638.894,31725.716,21.971,6.137,126.117,4.394,2.63,28.297,24.277,7.054,136.342,4.855,3.023,30.591,3.21,2.31,2.405,2.088,3833.777,3402.677,833.478,4647,2632.986,899.138,0.901,2549.885
JPM,Budget,260924002,2026,9,24,2,2026-9,108964.8,27100.336,6674.094,4625.379,0,17601.421,5234.637,3140.782,26.365,8.768,7.719,154.413,0.835,0.98,0.925,0.847380952,0.955,0.884,0.95,2.999,845.51,3969.314,2954.735,12.35698844,10.12598691,259.9836249,0,17,3,1,29.133,10.078,8.941,166.933,45.694,17601.421,147093.399,271.211,115638.894,31725.716,21.971,6.137,126.117,4.394,2.63,28.297,24.277,7.054,136.342,4.855,3.023,30.591,3.21,2.31,2.405,2.088,3833.777,3402.677,833.478,4647,2632.986,899.138,0.901,2549.885
JPM,Budget,260925001,2026,9,25,1,2026-9,108964.8,27100.336,6674.094,4625.379,0,17601.421,5234.637,3140.782,26.365,8.768,7.719,154.413,0.835,0.98,0.925,0.847380952,0.955,0.884,0.95,2.999,845.51,3969.314,2954.735,12.35698844,10.12598691,259.9836249,0,17,3,1,29.133,10.078,8.941,166.933,45.694,17601.421,147093.399,271.211,115638.894,31725.716,21.971,6.137,126.117,4.394,2.63,28.297,24.277,7.054,136.342,4.855,3.023,30.591,3.21,2.31,2.405,2.088,3833.777,3402.677,833.478,4647,2632.986,899.138,0.901,2549.885
JPM,Budget,260925002,2026,9,25,2,2026-9,108964.8,27100.336,6674.094,4625.379,0,17601.421,5234.637,3140.782,26.365,8.768,7.719,154.413,0.835,0.98,0.925,0.847380952,0.955,0.884,0.95,2.999,845.51,3969.314,2954.735,12.35698844,10.12598691,259.9836249,0,17,3,1,29.133,10.078,8.941,166.933,45.694,17601.421,147093.399,271.211,115638.894,31725.716,21.971,6.137,126.117,4.394,2.63,28.297,24.277,7.054,136.342,4.855,3.023,30.591,3.21,2.31,2.405,2.088,3833.777,3402.677,833.478,4647,2632.986,899.138,0.901,2549.885
JPM,Budget,260926001,2026,9,26,1,2026-9,108964.8,27100.336,6674.094,4625.379,0,17601.421,5234.637,3140.782,26.365,8.768,7.719,154.413,0.835,0.98,0.925,0.847380952,0.955,0.884,0.95,2.999,845.51,3969.314,2954.735,12.35698844,10.12598691,259.9836249,0,17,3,1,29.133,10.078,8.941,166.933,45.694,17601.421,147093.399,271.211,115638.894,31725.716,21.971,6.137,126.117,4.394,2.63,28.297,24.277,7.054,136.342,4.855,3.023,30.591,3.21,2.31,2.405,2.088,3833.777,3402.677,833.478,4647,2632.986,899.138,0.901,2549.885
JPM,Budget,260926002,2026,9,26,2,2026-9,108964.8,27100.336,6674.094,4625.379,0,17601.421,5234.637,3140.782,26.365,8.768,7.719,154.413,0.835,0.98,0.925,0.847380952,0.955,0.884,0.95,2.999,845.51,3969.314,2954.735,12.35698844,10.12598691,259.9836249,0,17,3,1,29.133,10.078,8.941,166.933,45.694,17601.421,147093.399,271.211,115638.894,31725.716,21.971,6.137,126.117,4.394,2.63,28.297,24.277,7.054,136.342,4.855,3.023,30.591,3.21,2.31,2.405,2.088,3833.777,3402.677,833.478,4647,2632.986,899.138,0.901,2549.885
JPM,Budget,260927001,2026,9,27,1,2026-9,108964.8,27100.336,6674.094,4625.379,0,17601.421,5234.637,3140.782,26.365,8.768,7.719,154.413,0.835,0.98,0.925,0.847380952,0.955,0.884,0.95,2.999,845.51,3969.314,2954.735,12.35698844,10.12598691,259.9836249,0,17,3,1,29.133,10.078,8.941,166.933,45.694,17601.421,147093.399,271.211,115638.894,31725.716,21.971,6.137,126.117,4.394,2.63,28.297,24.277,7.054,136.342,4.855,3.023,30.591,3.21,2.31,2.405,2.088,3833.777,3402.677,833.478,4647,2632.986,899.138,0.901,2549.885
JPM,Budget,260927002,2026,9,27,2,2026-9,108964.8,27100.336,6674.094,4625.379,0,17601.421,5234.637,3140.782,26.365,8.768,7.719,154.413,0.835,0.98,0.925,0.847380952,0.955,0.884,0.95,2.999,845.51,3969.314,2954.735,12.35698844,10.12598691,259.9836249,0,17,3,1,29.133,10.078,8.941,166.933,45.694,17601.421,147093.399,271.211,115638.894,31725.716,21.971,6.137,126.117,4.394,2.63,28.297,24.277,7.054,136.342,4.855,3.023,30.591,3.21,2.31,2.405,2.088,3833.777,3402.677,833.478,4647,2632.986,899.138,0.901,2549.885
JPM,Budget,260928001,2026,9,28,1,2026-9,108964.8,27100.336,6674.094,4625.379,0,17601.421,5234.637,3140.782,26.365,8.768,7.719,154.413,0.835,0.98,0.925,0.847380952,0.955,0.884,0.95,2.999,845.51,3969.314,2954.735,12.35698844,10.12598691,259.9836249,0,17,3,1,29.133,10.078,8.941,166.933,45.694,17601.421,147093.399,271.211,115638.894,31725.716,21.971,6.137,126.117,4.394,2.63,28.297,24.277,7.054,136.342,4.855,3.023,30.591,3.21,2.31,2.405,2.088,3833.777,3402.677,833.478,4647,2632.986,899.138,0.901,2549.885
JPM,Budget,260928002,2026,9,28,2,2026-9,108964.8,27100.336,6674.094,4625.379,0,17601.421,5234.637,3140.782,26.365,8.768,7.719,154.413,0.835,0.98,0.925,0.847380952,0.955,0.884,0.95,2.999,845.51,3969.314,2954.735,12.35698844,10.12598691,259.9836249,0,17,3,1,29.133,10.078,8.941,166.933,45.694,17601.421,147093.399,271.211,115638.894,31725.716,21.971,6.137,126.117,4.394,2.63,28.297,24.277,7.054,136.342,4.855,3.023,30.591,3.21,2.31,2.405,2.088,3833.777,3402.677,833.478,4647,2632.986,899.138,0.901,2549.885
JPM,Budget,260929001,2026,9,29,1,2026-9,108964.8,27100.336,6674.094,4625.379,0,17601.421,5234.637,3140.782,26.365,8.768,7.719,154.413,0.835,0.98,0.925,0.847380952,0.955,0.884,0.95,2.999,845.51,3969.314,2954.735,12.35698844,10.12598691,259.9836249,0,17,3,1,29.133,10.078,8.941,166.933,45.694,17601.421,147093.399,271.211,115638.894,31725.716,21.971,6.137,126.117,4.394,2.63,28.297,24.277,7.054,136.342,4.855,3.023,30.591,3.21,2.31,2.405,2.088,3833.777,3402.677,833.478,4647,2632.986,899.138,0.901,2549.885
JPM,Budget,260929002,2026,9,29,2,2026-9,108964.8,27100.336,6674.094,4625.379,0,17601.421,5234.637,3140.782,26.365,8.768,7.719,154.413,0.835,0.98,0.925,0.847380952,0.955,0.884,0.95,2.999,845.51,3969.314,2954.735,12.35698844,10.12598691,259.9836249,0,17,3,1,29.133,10.078,8.941,166.933,45.694,17601.421,147093.399,271.211,115638.894,31725.716,21.971,6.137,126.117,4.394,2.63,28.297,24.277,7.054,136.342,4.855,3.023,30.591,3.21,2.31,2.405,2.088,3833.777,3402.677,833.478,4647,2632.986,899.138,0.901,2549.885
JPM,Budget,260930001,2026,9,30,1,2026-9,108964.8,27100.336,6674.094,4625.379,0,17601.421,5234.637,3140.782,26.365,8.768,7.719,154.413,0.835,0.98,0.925,0.847380952,0.955,0.884,0.95,2.999,845.51,3969.314,2954.735,12.35698844,10.12598691,259.9836249,0,17,3,1,29.133,10.078,8.941,166.933,45.694,17601.421,147093.399,271.211,115638.894,31725.716,21.971,6.137,126.117,4.394,2.63,28.297,24.277,7.054,136.342,4.855,3.023,30.591,3.21,2.31,2.405,2.088,3833.777,3402.677,833.478,4647,2632.986,899.138,0.901,2549.885
JPM,Budget,260930002,2026,9,30,2,2026-9,108964.8,27100.336,6674.094,4625.379,0,17601.421,5234.637,3140.782,26.365,8.768,7.719,154.413,0.835,0.98,0.925,0.847380952,0.955,0.884,0.95,2.999,845.51,3969.314,2954.735,12.35698844,10.12598691,259.9836249,0,17,3,1,29.133,10.078,8.941,166.933,45.694,17601.421,147093.399,271.211,115638.894,31725.716,21.971,6.137,126.117,4.394,2.63,28.297,24.277,7.054,136.342,4.855,3.023,30.591,3.21,2.31,2.405,2.088,3833.777,3402.677,833.478,4647,2632.986,899.138,0.901,2549.885
JPM,Budget,261001001,2026,10,1,1,2026-10,108964.8,29987.466,6919.265,-102.81,4931.761,15698.549,5736.437,3441.862,24.793,17.535,7.719,154.413,0.835,0.98,0.925,0.683018433,0.955,0.884,0.95,3.218,868.88,3402.3,2840.74,11.70296418,10.94558983,254.0370799,0,17,3.5,2,27.396,20.155,8.937,166.933,45.03,15698.549,150438.02,5194.224,115884.065,39748.179,17.709,13.151,124.71,7.084,4.384,29.704,19.568,15.116,134.821,7.827,5.039,32.112,3.548,2.279,2.164,2.436,3757.217,2993.133,849.187,2515.008,3215.835,951.561,0.901,2337.025
JPM,Budget,261001002,2026,10,1,2,2026-10,108964.8,29987.466,6919.265,-102.81,4931.761,15698.549,5736.437,3441.862,24.793,17.535,7.719,154.413,0.835,0.98,0.925,0.683018433,0.955,0.884,0.95,3.218,868.88,3402.3,2840.74,11.70296418,10.94558983,254.0370799,0,17,3.5,2,27.396,20.155,8.937,166.933,45.03,15698.549,150438.02,5194.224,115884.065,39748.179,17.709,13.151,124.71,7.084,4.384,29.704,19.568,15.116,134.821,7.827,5.039,32.112,3.548,2.279,2.164,2.436,3757.217,2993.133,849.187,2515.008,3215.835,951.561,0.901,2337.025
JPM,Budget,261002001,2026,10,2,1,2026-10,108964.8,29987.466,6919.265,-102.81,4931.761,15698.549,5736.437,3441.862,24.793,17.535,7.719,154.413,0.835,0.98,0.925,0.683018433,0.955,0.884,0.95,3.218,868.88,3402.3,2840.74,11.70296418,10.94558983,254.0370799,0,17,3.5,2,27.396,20.155,8.937,166.933,45.03,15698.549,150438.02,5194.224,115884.065,39748.179,17.709,13.151,124.71,7.084,4.384,29.704,19.568,15.116,134.821,7.827,5.039,32.112,3.548,2.279,2.164,2.436,3757.217,2993.133,849.187,2515.008,3215.835,951.561,0.901,2337.025
JPM,Budget,261002002,2026,10,2,2,2026-10,108964.8,29987.466,6919.265,-102.81,4931.761,15698.549,5736.437,3441.862,24.793,17.535,7.719,154.413,0.835,0.98,0.925,0.683018433,0.955,0.884,0.95,3.218,868.88,3402.3,2840.74,11.70296418,10.94558983,254.0370799,0,17,3.5,2,27.396,20.155,8.937,166.933,45.03,15698.549,150438.02,5194.224,115884.065,39748.179,17.709,13.151,124.71,7.084,4.384,29.704,19.568,15.116,134.821,7.827,5.039,32.112,3.548,2.279,2.164,2.436,3757.217,2993.133,849.187,2515.008,3215.835,951.561,0.901,2337.025
JPM,Budget,261003001,2026,10,3,1,2026-10,108964.8,29987.466,6919.265,-102.81,4931.761,15698.549,5736.437,3441.862,24.793,17.535,7.719,154.413,0.835,0.98,0.925,0.683018433,0.955,0.884,0.95,3.218,868.88,3402.3,2840.74,11.70296418,10.94558983,254.0370799,0,17,3.5,2,27.396,20.155,8.937,166.933,45.03,15698.549,150438.02,5194.224,115884.065,39748.179,17.709,13.151,124.71,7.084,4.384,29.704,19.568,15.116,134.821,7.827,5.039,32.112,3.548,2.279,2.164,2.436,3757.217,2993.133,849.187,2515.008,3215.835,951.561,0.901,2337.025
JPM,Budget,261003002,2026,10,3,2,2026-10,108964.8,29987.466,6919.265,-102.81,4931.761,15698.549,5736.437,3441.862,24.793,17.535,7.719,154.413,0.835,0.98,0.925,0.683018433,0.955,0.884,0.95,3.218,868.88,3402.3,2840.74,11.70296418,10.94558983,254.0370799,0,17,3.5,2,27.396,20.155,8.937,166.933,45.03,15698.549,150438.02,5194.224,115884.065,39748.179,17.709,13.151,124.71,7.084,4.384,29.704,19.568,15.116,134.821,7.827,5.039,32.112,3.548,2.279,2.164,2.436,3757.217,2993.133,849.187,2515.008,3215.835,951.561,0.901,2337.025
JPM,Budget,261004001,2026,10,4,1,2026-10,108964.8,29987.466,6919.265,-102.81,4931.761,15698.549,5736.437,3441.862,24.793,17.535,7.719,154.413,0.835,0.98,0.925,0.683018433,0.955,0.884,0.95,3.218,868.88,3402.3,2840.74,11.70296418,10.94558983,254.0370799,0,17,3.5,2,27.396,20.155,8.937,166.933,45.03,15698.549,150438.02,5194.224,115884.065,39748.179,17.709,13.151,124.71,7.084,4.384,29.704,19.568,15.116,134.821,7.827,5.039,32.112,3.548,2.279,2.164,2.436,3757.217,2993.133,849.187,2515.008,3215.835,951.561,0.901,2337.025
JPM,Budget,261004002,2026,10,4,2,2026-10,108964.8,29987.466,6919.265,-102.81,4931.761,15698.549,5736.437,3441.862,24.793,17.535,7.719,154.413,0.835,0.98,0.925,0.683018433,0.955,0.884,0.95,3.218,868.88,3402.3,2840.74,11.70296418,10.94558983,254.0370799,0,17,3.5,2,27.396,20.155,8.937,166.933,45.03,15698.549,150438.02,5194.224,115884.065,39748.179,17.709,13.151,124.71,7.084,4.384,29.704,19.568,15.116,134.821,7.827,5.039,32.112,3.548,2.279,2.164,2.436,3757.217,2993.133,849.187,2515.008,3215.835,951.561,0.901,2337.025
JPM,Budget,261005001,2026,10,5,1,2026-10,108964.8,29987.466,6919.265,-102.81,4931.761,15698.549,5736.437,3441.862,24.793,17.535,7.719,154.413,0.835,0.98,0.925,0.683018433,0.955,0.884,0.95,3.218,868.88,3402.3,2840.74,11.70296418,10.94558983,254.0370799,0,17,3.5,2,27.396,20.155,8.937,166.933,45.03,15698.549,150438.02,5194.224,115884.065,39748.179,17.709,13.151,124.71,7.084,4.384,29.704,19.568,15.116,134.821,7.827,5.039,32.112,3.548,2.279,2.164,2.436,3757.217,2993.133,849.187,2515.008,3215.835,951.561,0.901,2337.025
JPM,Budget,261005002,2026,10,5,2,2026-10,108964.8,29987.466,6919.265,-102.81,4931.761,15698.549,5736.437,3441.862,24.793,17.535,7.719,154.413,0.835,0.98,0.925,0.683018433,0.955,0.884,0.95,3.218,868.88,3402.3,2840.74,11.70296418,10.94558983,254.0370799,0,17,3.5,2,27.396,20.155,8.937,166.933,45.03,15698.549,150438.02,5194.224,115884.065,39748.179,17.709,13.151,124.71,7.084,4.384,29.704,19.568,15.116,134.821,7.827,5.039,32.112,3.548,2.279,2.164,2.436,3757.217,2993.133,849.187,2515.008,3215.835,951.561,0.901,2337.025
JPM,Budget,261006001,2026,10,6,1,2026-10,108964.8,29987.466,6919.265,-102.81,4931.761,15698.549,5736.437,3441.862,24.793,17.535,7.719,154.413,0.835,0.98,0.925,0.683018433,0.955,0.884,0.95,3.218,868.88,3402.3,2840.74,11.70296418,10.94558983,254.0370799,0,17,3.5,2,27.396,20.155,8.937,166.933,45.03,15698.549,150438.02,5194.224,115884.065,39748.179,17.709,13.151,124.71,7.084,4.384,29.704,19.568,15.116,134.821,7.827,5.039,32.112,3.548,2.279,2.164,2.436,3757.217,2993.133,849.187,2515.008,3215.835,951.561,0.901,2337.025
JPM,Budget,261006002,2026,10,6,2,2026-10,108964.8,29987.466,6919.265,-102.81,4931.761,15698.549,5736.437,3441.862,24.793,17.535,7.719,154.413,0.835,0.98,0.925,0.683018433,0.955,0.884,0.95,3.218,868.88,3402.3,2840.74,11.70296418,10.94558983,254.0370799,0,17,3.5,2,27.396,20.155,8.937,166.933,45.03,15698.549,150438.02,5194.224,115884.065,39748.179,17.709,13.151,124.71,7.084,4.384,29.704,19.568,15.116,134.821,7.827,5.039,32.112,3.548,2.279,2.164,2.436,3757.217,2993.133,849.187,2515.008,3215.835,951.561,0.901,2337.025
JPM,Budget,261007001,2026,10,7,1,2026-10,108964.8,29987.466,6919.265,-102.81,4931.761,15698.549,5736.437,3441.862,24.793,17.535,7.719,154.413,0.835,0.98,0.925,0.683018433,0.955,0.884,0.95,3.218,868.88,3402.3,2840.74,11.70296418,10.94558983,254.0370799,0,17,3.5,2,27.396,20.155,8.937,166.933,45.03,15698.549,150438.02,5194.224,115884.065,39748.179,17.709,13.151,124.71,7.084,4.384,29.704,19.568,15.116,134.821,7.827,5.039,32.112,3.548,2.279,2.164,2.436,3757.217,2993.133,849.187,2515.008,3215.835,951.561,0.901,2337.025
JPM,Budget,261007002,2026,10,7,2,2026-10,108964.8,29987.466,6919.265,-102.81,4931.761,15698.549,5736.437,3441.862,24.793,17.535,7.719,154.413,0.835,0.98,0.925,0.683018433,0.955,0.884,0.95,3.218,868.88,3402.3,2840.74,11.70296418,10.94558983,254.0370799,0,17,3.5,2,27.396,20.155,8.937,166.933,45.03,15698.549,150438.02,5194.224,115884.065,39748.179,17.709,13.151,124.71,7.084,4.384,29.704,19.568,15.116,134.821,7.827,5.039,32.112,3.548,2.279,2.164,2.436,3757.217,2993.133,849.187,2515.008,3215.835,951.561,0.901,2337.025
JPM,Budget,261008001,2026,10,8,1,2026-10,108964.8,29987.466,6919.265,-102.81,4931.761,15698.549,5736.437,3441.862,24.793,17.535,7.719,154.413,0.835,0.98,0.925,0.683018433,0.955,0.884,0.95,3.218,868.88,3402.3,2840.74,11.70296418,10.94558983,254.0370799,0,17,3.5,2,27.396,20.155,8.937,166.933,45.03,15698.549,150438.02,5194.224,115884.065,39748.179,17.709,13.151,124.71,7.084,4.384,29.704,19.568,15.116,134.821,7.827,5.039,32.112,3.548,2.279,2.164,2.436,3757.217,2993.133,849.187,2515.008,3215.835,951.561,0.901,2337.025
JPM,Budget,261008002,2026,10,8,2,2026-10,108964.8,29987.466,6919.265,-102.81,4931.761,15698.549,5736.437,3441.862,24.793,17.535,7.719,154.413,0.835,0.98,0.925,0.683018433,0.955,0.884,0.95,3.218,868.88,3402.3,2840.74,11.70296418,10.94558983,254.0370799,0,17,3.5,2,27.396,20.155,8.937,166.933,45.03,15698.549,150438.02,5194.224,115884.065,39748.179,17.709,13.151,124.71,7.084,4.384,29.704,19.568,15.116,134.821,7.827,5.039,32.112,3.548,2.279,2.164,2.436,3757.217,2993.133,849.187,2515.008,3215.835,951.561,0.901,2337.025
JPM,Budget,261009001,2026,10,9,1,2026-10,108964.8,29987.466,6919.265,-102.81,4931.761,15698.549,5736.437,3441.862,24.793,17.535,7.719,154.413,0.835,0.98,0.925,0.683018433,0.955,0.884,0.95,3.218,868.88,3402.3,2840.74,11.70296418,10.94558983,254.0370799,0,17,3.5,2,27.396,20.155,8.937,166.933,45.03,15698.549,150438.02,5194.224,115884.065,39748.179,17.709,13.151,124.71,7.084,4.384,29.704,19.568,15.116,134.821,7.827,5.039,32.112,3.548,2.279,2.164,2.436,3757.217,2993.133,849.187,2515.008,3215.835,951.561,0.901,2337.025
JPM,Budget,261009002,2026,10,9,2,2026-10,108964.8,29987.466,6919.265,-102.81,4931.761,15698.549,5736.437,3441.862,24.793,17.535,7.719,154.413,0.835,0.98,0.925,0.683018433,0.955,0.884,0.95,3.218,868.88,3402.3,2840.74,11.70296418,10.94558983,254.0370799,0,17,3.5,2,27.396,20.155,8.937,166.933,45.03,15698.549,150438.02,5194.224,115884.065,39748.179,17.709,13.151,124.71,7.084,4.384,29.704,19.568,15.116,134.821,7.827,5.039,32.112,3.548,2.279,2.164,2.436,3757.217,2993.133,849.187,2515.008,3215.835,951.561,0.901,2337.025
JPM,Budget,261010001,2026,10,10,1,2026-10,108964.8,29987.466,6919.265,-102.81,4931.761,15698.549,5736.437,3441.862,24.793,17.535,7.719,154.413,0.835,0.98,0.925,0.683018433,0.955,0.884,0.95,3.218,868.88,3402.3,2840.74,11.70296418,10.94558983,254.0370799,0,17,3.5,2,27.396,20.155,8.937,166.933,45.03,15698.549,150438.02,5194.224,115884.065,39748.179,17.709,13.151,124.71,7.084,4.384,29.704,19.568,15.116,134.821,7.827,5.039,32.112,3.548,2.279,2.164,2.436,3757.217,2993.133,849.187,2515.008,3215.835,951.561,0.901,2337.025
JPM,Budget,261010002,2026,10,10,2,2026-10,108964.8,29987.466,6919.265,-102.81,4931.761,15698.549,5736.437,3441.862,24.793,17.535,7.719,154.413,0.835,0.98,0.925,0.683018433,0.955,0.884,0.95,3.218,868.88,3402.3,2840.74,11.70296418,10.94558983,254.0370799,0,17,3.5,2,27.396,20.155,8.937,166.933,45.03,15698.549,150438.02,5194.224,115884.065,39748.179,17.709,13.151,124.71,7.084,4.384,29.704,19.568,15.116,134.821,7.827,5.039,32.112,3.548,2.279,2.164,2.436,3757.217,2993.133,849.187,2515.008,3215.835,951.561,0.901,2337.025
JPM,Budget,261011001,2026,10,11,1,2026-10,108964.8,29987.466,6919.265,-102.81,4931.761,15698.549,5736.437,3441.862,24.793,17.535,7.719,154.413,0.835,0.98,0.925,0.683018433,0.955,0.884,0.95,3.218,868.88,3402.3,2840.74,11.70296418,10.94558983,254.0370799,0,17,3.5,2,27.396,20.155,8.937,166.933,45.03,15698.549,150438.02,5194.224,115884.065,39748.179,17.709,13.151,124.71,7.084,4.384,29.704,19.568,15.116,134.821,7.827,5.039,32.112,3.548,2.279,2.164,2.436,3757.217,2993.133,849.187,2515.008,3215.835,951.561,0.901,2337.025
JPM,Budget,261011002,2026,10,11,2,2026-10,108964.8,29987.466,6919.265,-102.81,4931.761,15698.549,5736.437,3441.862,24.793,17.535,7.719,154.413,0.835,0.98,0.925,0.683018433,0.955,0.884,0.95,3.218,868.88,3402.3,2840.74,11.70296418,10.94558983,254.0370799,0,17,3.5,2,27.396,20.155,8.937,166.933,45.03,15698.549,150438.02,5194.224,115884.065,39748.179,17.709,13.151,124.71,7.084,4.384,29.704,19.568,15.116,134.821,7.827,5.039,32.112,3.548,2.279,2.164,2.436,3757.217,2993.133,849.187,2515.008,3215.835,951.561,0.901,2337.025
JPM,Budget,261012001,2026,10,12,1,2026-10,108964.8,29987.466,6919.265,-102.81,4931.761,15698.549,5736.437,3441.862,24.793,17.535,7.719,154.413,0.835,0.98,0.925,0.683018433,0.955,0.884,0.95,3.218,868.88,3402.3,2840.74,11.70296418,10.94558983,254.0370799,0,17,3.5,2,27.396,20.155,8.937,166.933,45.03,15698.549,150438.02,5194.224,115884.065,39748.179,17.709,13.151,124.71,7.084,4.384,29.704,19.568,15.116,134.821,7.827,5.039,32.112,3.548,2.279,2.164,2.436,3757.217,2993.133,849.187,2515.008,3215.835,951.561,0.901,2337.025
JPM,Budget,261012002,2026,10,12,2,2026-10,108964.8,29987.466,6919.265,-102.81,4931.761,15698.549,5736.437,3441.862,24.793,17.535,7.719,154.413,0.835,0.98,0.925,0.683018433,0.955,0.884,0.95,3.218,868.88,3402.3,2840.74,11.70296418,10.94558983,254.0370799,0,17,3.5,2,27.396,20.155,8.937,166.933,45.03,15698.549,150438.02,5194.224,115884.065,39748.179,17.709,13.151,124.71,7.084,4.384,29.704,19.568,15.116,134.821,7.827,5.039,32.112,3.548,2.279,2.164,2.436,3757.217,2993.133,849.187,2515.008,3215.835,951.561,0.901,2337.025
JPM,Budget,261013001,2026,10,13,1,2026-10,108964.8,29987.466,6919.265,-102.81,4931.761,15698.549,5736.437,3441.862,24.793,17.535,7.719,154.413,0.835,0.98,0.925,0.683018433,0.955,0.884,0.95,3.218,868.88,3402.3,2840.74,11.70296418,10.94558983,254.0370799,0,17,3.5,2,27.396,20.155,8.937,166.933,45.03,15698.549,150438.02,5194.224,115884.065,39748.179,17.709,13.151,124.71,7.084,4.384,29.704,19.568,15.116,134.821,7.827,5.039,32.112,3.548,2.279,2.164,2.436,3757.217,2993.133,849.187,2515.008,3215.835,951.561,0.901,2337.025
JPM,Budget,261013002,2026,10,13,2,2026-10,108964.8,29987.466,6919.265,-102.81,4931.761,15698.549,5736.437,3441.862,24.793,17.535,7.719,154.413,0.835,0.98,0.925,0.683018433,0.955,0.884,0.95,3.218,868.88,3402.3,2840.74,11.70296418,10.94558983,254.0370799,0,17,3.5,2,27.396,20.155,8.937,166.933,45.03,15698.549,150438.02,5194.224,115884.065,39748.179,17.709,13.151,124.71,7.084,4.384,29.704,19.568,15.116,134.821,7.827,5.039,32.112,3.548,2.279,2.164,2.436,3757.217,2993.133,849.187,2515.008,3215.835,951.561,0.901,2337.025
JPM,Budget,261014001,2026,10,14,1,2026-10,108964.8,29987.466,6919.265,-102.81,4931.761,15698.549,5736.437,3441.862,24.793,17.535,7.719,154.413,0.835,0.98,0.925,0.683018433,0.955,0.884,0.95,3.218,868.88,3402.3,2840.74,11.70296418,10.94558983,254.0370799,0,17,3.5,2,27.396,20.155,8.937,166.933,45.03,15698.549,150438.02,5194.224,115884.065,39748.179,17.709,13.151,124.71,7.084,4.384,29.704,19.568,15.116,134.821,7.827,5.039,32.112,3.548,2.279,2.164,2.436,3757.217,2993.133,849.187,2515.008,3215.835,951.561,0.901,2337.025
JPM,Budget,261014002,2026,10,14,2,2026-10,108964.8,29987.466,6919.265,-102.81,4931.761,15698.549,5736.437,3441.862,24.793,17.535,7.719,154.413,0.835,0.98,0.925,0.683018433,0.955,0.884,0.95,3.218,868.88,3402.3,2840.74,11.70296418,10.94558983,254.0370799,0,17,3.5,2,27.396,20.155,8.937,166.933,45.03,15698.549,150438.02,5194.224,115884.065,39748.179,17.709,13.151,124.71,7.084,4.384,29.704,19.568,15.116,134.821,7.827,5.039,32.112,3.548,2.279,2.164,2.436,3757.217,2993.133,849.187,2515.008,3215.835,951.561,0.901,2337.025
JPM,Budget,261015001,2026,10,15,1,2026-10,108964.8,29987.466,6919.265,-102.81,4931.761,15698.549,5736.437,3441.862,24.793,17.535,7.719,154.413,0.835,0.98,0.925,0.683018433,0.955,0.884,0.95,3.218,868.88,3402.3,2840.74,11.70296418,10.94558983,254.0370799,0,17,3.5,2,27.396,20.155,8.937,166.933,45.03,15698.549,150438.02,5194.224,115884.065,39748.179,17.709,13.151,124.71,7.084,4.384,29.704,19.568,15.116,134.821,7.827,5.039,32.112,3.548,2.279,2.164,2.436,3757.217,2993.133,849.187,2515.008,3215.835,951.561,0.901,2337.025
JPM,Budget,261015002,2026,10,15,2,2026-10,108964.8,29987.466,6919.265,-102.81,4931.761,15698.549,5736.437,3441.862,24.793,17.535,7.719,154.413,0.835,0.98,0.925,0.683018433,0.955,0.884,0.95,3.218,868.88,3402.3,2840.74,11.70296418,10.94558983,254.0370799,0,17,3.5,2,27.396,20.155,8.937,166.933,45.03,15698.549,150438.02,5194.224,115884.065,39748.179,17.709,13.151,124.71,7.084,4.384,29.704,19.568,15.116,134.821,7.827,5.039,32.112,3.548,2.279,2.164,2.436,3757.217,2993.133,849.187,2515.008,3215.835,951.561,0.901,2337.025
JPM,Budget,261016001,2026,10,16,1,2026-10,108964.8,29987.466,6919.265,-102.81,4931.761,15698.549,5736.437,3441.862,24.793,17.535,7.719,154.413,0.835,0.98,0.925,0.683018433,0.955,0.884,0.95,3.218,868.88,3402.3,2840.74,11.70296418,10.94558983,254.0370799,0,17,3.5,2,27.396,20.155,8.937,166.933,45.03,15698.549,150438.02,5194.224,115884.065,39748.179,17.709,13.151,124.71,7.084,4.384,29.704,19.568,15.116,134.821,7.827,5.039,32.112,3.548,2.279,2.164,2.436,3757.217,2993.133,849.187,2515.008,3215.835,951.561,0.901,2337.025
JPM,Budget,261016002,2026,10,16,2,2026-10,108964.8,29987.466,6919.265,-102.81,4931.761,15698.549,5736.437,3441.862,24.793,17.535,7.719,154.413,0.835,0.98,0.925,0.683018433,0.955,0.884,0.95,3.218,868.88,3402.3,2840.74,11.70296418,10.94558983,254.0370799,0,17,3.5,2,27.396,20.155,8.937,166.933,45.03,15698.549,150438.02,5194.224,115884.065,39748.179,17.709,13.151,124.71,7.084,4.384,29.704,19.568,15.116,134.821,7.827,5.039,32.112,3.548,2.279,2.164,2.436,3757.217,2993.133,849.187,2515.008,3215.835,951.561,0.901,2337.025
JPM,Budget,261017001,2026,10,17,1,2026-10,108964.8,29987.466,6919.265,-102.81,4931.761,15698.549,5736.437,3441.862,24.793,17.535,7.719,154.413,0.835,0.98,0.925,0.683018433,0.955,0.884,0.95,3.218,868.88,3402.3,2840.74,11.70296418,10.94558983,254.0370799,0,17,3.5,2,27.396,20.155,8.937,166.933,45.03,15698.549,150438.02,5194.224,115884.065,39748.179,17.709,13.151,124.71,7.084,4.384,29.704,19.568,15.116,134.821,7.827,5.039,32.112,3.548,2.279,2.164,2.436,3757.217,2993.133,849.187,2515.008,3215.835,951.561,0.901,2337.025
JPM,Budget,261017002,2026,10,17,2,2026-10,108964.8,29987.466,6919.265,-102.81,4931.761,15698.549,5736.437,3441.862,24.793,17.535,7.719,154.413,0.835,0.98,0.925,0.683018433,0.955,0.884,0.95,3.218,868.88,3402.3,2840.74,11.70296418,10.94558983,254.0370799,0,17,3.5,2,27.396,20.155,8.937,166.933,45.03,15698.549,150438.02,5194.224,115884.065,39748.179,17.709,13.151,124.71,7.084,4.384,29.704,19.568,15.116,134.821,7.827,5.039,32.112,3.548,2.279,2.164,2.436,3757.217,2993.133,849.187,2515.008,3215.835,951.561,0.901,2337.025
JPM,Budget,261018001,2026,10,18,1,2026-10,108964.8,29987.466,6919.265,-102.81,4931.761,15698.549,5736.437,3441.862,24.793,17.535,7.719,154.413,0.835,0.98,0.925,0.683018433,0.955,0.884,0.95,3.218,868.88,3402.3,2840.74,11.70296418,10.94558983,254.0370799,0,17,3.5,2,27.396,20.155,8.937,166.933,45.03,15698.549,150438.02,5194.224,115884.065,39748.179,17.709,13.151,124.71,7.084,4.384,29.704,19.568,15.116,134.821,7.827,5.039,32.112,3.548,2.279,2.164,2.436,3757.217,2993.133,849.187,2515.008,3215.835,951.561,0.901,2337.025
JPM,Budget,261018002,2026,10,18,2,2026-10,108964.8,29987.466,6919.265,-102.81,4931.761,15698.549,5736.437,3441.862,24.793,17.535,7.719,154.413,0.835,0.98,0.925,0.683018433,0.955,0.884,0.95,3.218,868.88,3402.3,2840.74,11.70296418,10.94558983,254.0370799,0,17,3.5,2,27.396,20.155,8.937,166.933,45.03,15698.549,150438.02,5194.224,115884.065,39748.179,17.709,13.151,124.71,7.084,4.384,29.704,19.568,15.116,134.821,7.827,5.039,32.112,3.548,2.279,2.164,2.436,3757.217,2993.133,849.187,2515.008,3215.835,951.561,0.901,2337.025
JPM,Budget,261019001,2026,10,19,1,2026-10,108964.8,29987.466,6919.265,-102.81,4931.761,15698.549,5736.437,3441.862,24.793,17.535,7.719,154.413,0.835,0.98,0.925,0.683018433,0.955,0.884,0.95,3.218,868.88,3402.3,2840.74,11.70296418,10.94558983,254.0370799,0,17,3.5,2,27.396,20.155,8.937,166.933,45.03,15698.549,150438.02,5194.224,115884.065,39748.179,17.709,13.151,124.71,7.084,4.384,29.704,19.568,15.116,134.821,7.827,5.039,32.112,3.548,2.279,2.164,2.436,3757.217,2993.133,849.187,2515.008,3215.835,951.561,0.901,2337.025
JPM,Budget,261019002,2026,10,19,2,2026-10,108964.8,29987.466,6919.265,-102.81,4931.761,15698.549,5736.437,3441.862,24.793,17.535,7.719,154.413,0.835,0.98,0.925,0.683018433,0.955,0.884,0.95,3.218,868.88,3402.3,2840.74,11.70296418,10.94558983,254.0370799,0,17,3.5,2,27.396,20.155,8.937,166.933,45.03,15698.549,150438.02,5194.224,115884.065,39748.179,17.709,13.151,124.71,7.084,4.384,29.704,19.568,15.116,134.821,7.827,5.039,32.112,3.548,2.279,2.164,2.436,3757.217,2993.133,849.187,2515.008,3215.835,951.561,0.901,2337.025
JPM,Budget,261020001,2026,10,20,1,2026-10,108964.8,29987.466,6919.265,-102.81,4931.761,15698.549,5736.437,3441.862,24.793,17.535,7.719,154.413,0.835,0.98,0.925,0.683018433,0.955,0.884,0.95,3.218,868.88,3402.3,2840.74,11.70296418,10.94558983,254.0370799,0,17,3.5,2,27.396,20.155,8.937,166.933,45.03,15698.549,150438.02,5194.224,115884.065,39748.179,17.709,13.151,124.71,7.084,4.384,29.704,19.568,15.116,134.821,7.827,5.039,32.112,3.548,2.279,2.164,2.436,3757.217,2993.133,849.187,2515.008,3215.835,951.561,0.901,2337.025
JPM,Budget,261020002,2026,10,20,2,2026-10,108964.8,29987.466,6919.265,-102.81,4931.761,15698.549,5736.437,3441.862,24.793,17.535,7.719,154.413,0.835,0.98,0.925,0.683018433,0.955,0.884,0.95,3.218,868.88,3402.3,2840.74,11.70296418,10.94558983,254.0370799,0,17,3.5,2,27.396,20.155,8.937,166.933,45.03,15698.549,150438.02,5194.224,115884.065,39748.179,17.709,13.151,124.71,7.084,4.384,29.704,19.568,15.116,134.821,7.827,5.039,32.112,3.548,2.279,2.164,2.436,3757.217,2993.133,849.187,2515.008,3215.835,951.561,0.901,2337.025
JPM,Budget,261021001,2026,10,21,1,2026-10,108964.8,29987.466,6919.265,-102.81,4931.761,15698.549,5736.437,3441.862,24.793,17.535,7.719,154.413,0.835,0.98,0.925,0.683018433,0.955,0.884,0.95,3.218,868.88,3402.3,2840.74,11.70296418,10.94558983,254.0370799,0,17,3.5,2,27.396,20.155,8.937,166.933,45.03,15698.549,150438.02,5194.224,115884.065,39748.179,17.709,13.151,124.71,7.084,4.384,29.704,19.568,15.116,134.821,7.827,5.039,32.112,3.548,2.279,2.164,2.436,3757.217,2993.133,849.187,2515.008,3215.835,951.561,0.901,2337.025
JPM,Budget,261021002,2026,10,21,2,2026-10,108964.8,29987.466,6919.265,-102.81,4931.761,15698.549,5736.437,3441.862,24.793,17.535,7.719,154.413,0.835,0.98,0.925,0.683018433,0.955,0.884,0.95,3.218,868.88,3402.3,2840.74,11.70296418,10.94558983,254.0370799,0,17,3.5,2,27.396,20.155,8.937,166.933,45.03,15698.549,150438.02,5194.224,115884.065,39748.179,17.709,13.151,124.71,7.084,4.384,29.704,19.568,15.116,134.821,7.827,5.039,32.112,3.548,2.279,2.164,2.436,3757.217,2993.133,849.187,2515.008,3215.835,951.561,0.901,2337.025
JPM,Budget,261022001,2026,10,22,1,2026-10,108964.8,29987.466,6919.265,-102.81,4931.761,15698.549,5736.437,3441.862,24.793,17.535,7.719,154.413,0.835,0.98,0.925,0.683018433,0.955,0.884,0.95,3.218,868.88,3402.3,2840.74,11.70296418,10.94558983,254.0370799,0,17,3.5,2,27.396,20.155,8.937,166.933,45.03,15698.549,150438.02,5194.224,115884.065,39748.179,17.709,13.151,124.71,7.084,4.384,29.704,19.568,15.116,134.821,7.827,5.039,32.112,3.548,2.279,2.164,2.436,3757.217,2993.133,849.187,2515.008,3215.835,951.561,0.901,2337.025
JPM,Budget,261022002,2026,10,22,2,2026-10,108964.8,29987.466,6919.265,-102.81,4931.761,15698.549,5736.437,3441.862,24.793,17.535,7.719,154.413,0.835,0.98,0.925,0.683018433,0.955,0.884,0.95,3.218,868.88,3402.3,2840.74,11.70296418,10.94558983,254.0370799,0,17,3.5,2,27.396,20.155,8.937,166.933,45.03,15698.549,150438.02,5194.224,115884.065,39748.179,17.709,13.151,124.71,7.084,4.384,29.704,19.568,15.116,134.821,7.827,5.039,32.112,3.548,2.279,2.164,2.436,3757.217,2993.133,849.187,2515.008,3215.835,951.561,0.901,2337.025
JPM,Budget,261023001,2026,10,23,1,2026-10,108964.8,29987.466,6919.265,-102.81,4931.761,15698.549,5736.437,3441.862,24.793,17.535,7.719,154.413,0.835,0.98,0.925,0.683018433,0.955,0.884,0.95,3.218,868.88,3402.3,2840.74,11.70296418,10.94558983,254.0370799,0,17,3.5,2,27.396,20.155,8.937,166.933,45.03,15698.549,150438.02,5194.224,115884.065,39748.179,17.709,13.151,124.71,7.084,4.384,29.704,19.568,15.116,134.821,7.827,5.039,32.112,3.548,2.279,2.164,2.436,3757.217,2993.133,849.187,2515.008,3215.835,951.561,0.901,2337.025
JPM,Budget,261023002,2026,10,23,2,2026-10,108964.8,29987.466,6919.265,-102.81,4931.761,15698.549,5736.437,3441.862,24.793,17.535,7.719,154.413,0.835,0.98,0.925,0.683018433,0.955,0.884,0.95,3.218,868.88,3402.3,2840.74,11.70296418,10.94558983,254.0370799,0,17,3.5,2,27.396,20.155,8.937,166.933,45.03,15698.549,150438.02,5194.224,115884.065,39748.179,17.709,13.151,124.71,7.084,4.384,29.704,19.568,15.116,134.821,7.827,5.039,32.112,3.548,2.279,2.164,2.436,3757.217,2993.133,849.187,2515.008,3215.835,951.561,0.901,2337.025
JPM,Budget,261024001,2026,10,24,1,2026-10,108964.8,29987.466,6919.265,-102.81,4931.761,15698.549,5736.437,3441.862,24.793,17.535,7.719,154.413,0.835,0.98,0.925,0.683018433,0.955,0.884,0.95,3.218,868.88,3402.3,2840.74,11.70296418,10.94558983,254.0370799,0,17,3.5,2,27.396,20.155,8.937,166.933,45.03,15698.549,150438.02,5194.224,115884.065,39748.179,17.709,13.151,124.71,7.084,4.384,29.704,19.568,15.116,134.821,7.827,5.039,32.112,3.548,2.279,2.164,2.436,3757.217,2993.133,849.187,2515.008,3215.835,951.561,0.901,2337.025
JPM,Budget,261024002,2026,10,24,2,2026-10,108964.8,29987.466,6919.265,-102.81,4931.761,15698.549,5736.437,3441.862,24.793,17.535,7.719,154.413,0.835,0.98,0.925,0.683018433,0.955,0.884,0.95,3.218,868.88,3402.3,2840.74,11.70296418,10.94558983,254.0370799,0,17,3.5,2,27.396,20.155,8.937,166.933,45.03,15698.549,150438.02,5194.224,115884.065,39748.179,17.709,13.151,124.71,7.084,4.384,29.704,19.568,15.116,134.821,7.827,5.039,32.112,3.548,2.279,2.164,2.436,3757.217,2993.133,849.187,2515.008,3215.835,951.561,0.901,2337.025
JPM,Budget,261025001,2026,10,25,1,2026-10,108964.8,29987.466,6919.265,-102.81,4931.761,15698.549,5736.437,3441.862,24.793,17.535,7.719,154.413,0.835,0.98,0.925,0.683018433,0.955,0.884,0.95,3.218,868.88,3402.3,2840.74,11.70296418,10.94558983,254.0370799,0,17,3.5,2,27.396,20.155,8.937,166.933,45.03,15698.549,150438.02,5194.224,115884.065,39748.179,17.709,13.151,124.71,7.084,4.384,29.704,19.568,15.116,134.821,7.827,5.039,32.112,3.548,2.279,2.164,2.436,3757.217,2993.133,849.187,2515.008,3215.835,951.561,0.901,2337.025
JPM,Budget,261025002,2026,10,25,2,2026-10,108964.8,29987.466,6919.265,-102.81,4931.761,15698.549,5736.437,3441.862,24.793,17.535,7.719,154.413,0.835,0.98,0.925,0.683018433,0.955,0.884,0.95,3.218,868.88,3402.3,2840.74,11.70296418,10.94558983,254.0370799,0,17,3.5,2,27.396,20.155,8.937,166.933,45.03,15698.549,150438.02,5194.224,115884.065,39748.179,17.709,13.151,124.71,7.084,4.384,29.704,19.568,15.116,134.821,7.827,5.039,32.112,3.548,2.279,2.164,2.436,3757.217,2993.133,849.187,2515.008,3215.835,951.561,0.901,2337.025
JPM,Budget,261026001,2026,10,26,1,2026-10,108964.8,29987.466,6919.265,-102.81,4931.761,15698.549,5736.437,3441.862,24.793,17.535,7.719,154.413,0.835,0.98,0.925,0.683018433,0.955,0.884,0.95,3.218,868.88,3402.3,2840.74,11.70296418,10.94558983,254.0370799,0,17,3.5,2,27.396,20.155,8.937,166.933,45.03,15698.549,150438.02,5194.224,115884.065,39748.179,17.709,13.151,124.71,7.084,4.384,29.704,19.568,15.116,134.821,7.827,5.039,32.112,3.548,2.279,2.164,2.436,3757.217,2993.133,849.187,2515.008,3215.835,951.561,0.901,2337.025
JPM,Budget,261026002,2026,10,26,2,2026-10,108964.8,29987.466,6919.265,-102.81,4931.761,15698.549,5736.437,3441.862,24.793,17.535,7.719,154.413,0.835,0.98,0.925,0.683018433,0.955,0.884,0.95,3.218,868.88,3402.3,2840.74,11.70296418,10.94558983,254.0370799,0,17,3.5,2,27.396,20.155,8.937,166.933,45.03,15698.549,150438.02,5194.224,115884.065,39748.179,17.709,13.151,124.71,7.084,4.384,29.704,19.568,15.116,134.821,7.827,5.039,32.112,3.548,2.279,2.164,2.436,3757.217,2993.133,849.187,2515.008,3215.835,951.561,0.901,2337.025
JPM,Budget,261027001,2026,10,27,1,2026-10,108964.8,29987.466,6919.265,-102.81,4931.761,15698.549,5736.437,3441.862,24.793,17.535,7.719,154.413,0.835,0.98,0.925,0.683018433,0.955,0.884,0.95,3.218,868.88,3402.3,2840.74,11.70296418,10.94558983,254.0370799,0,17,3.5,2,27.396,20.155,8.937,166.933,45.03,15698.549,150438.02,5194.224,115884.065,39748.179,17.709,13.151,124.71,7.084,4.384,29.704,19.568,15.116,134.821,7.827,5.039,32.112,3.548,2.279,2.164,2.436,3757.217,2993.133,849.187,2515.008,3215.835,951.561,0.901,2337.025
JPM,Budget,261027002,2026,10,27,2,2026-10,108964.8,29987.466,6919.265,-102.81,4931.761,15698.549,5736.437,3441.862,24.793,17.535,7.719,154.413,0.835,0.98,0.925,0.683018433,0.955,0.884,0.95,3.218,868.88,3402.3,2840.74,11.70296418,10.94558983,254.0370799,0,17,3.5,2,27.396,20.155,8.937,166.933,45.03,15698.549,150438.02,5194.224,115884.065,39748.179,17.709,13.151,124.71,7.084,4.384,29.704,19.568,15.116,134.821,7.827,5.039,32.112,3.548,2.279,2.164,2.436,3757.217,2993.133,849.187,2515.008,3215.835,951.561,0.901,2337.025
JPM,Budget,261028001,2026,10,28,1,2026-10,108964.8,29987.466,6919.265,-102.81,4931.761,15698.549,5736.437,3441.862,24.793,17.535,7.719,154.413,0.835,0.98,0.925,0.683018433,0.955,0.884,0.95,3.218,868.88,3402.3,2840.74,11.70296418,10.94558983,254.0370799,0,17,3.5,2,27.396,20.155,8.937,166.933,45.03,15698.549,150438.02,5194.224,115884.065,39748.179,17.709,13.151,124.71,7.084,4.384,29.704,19.568,15.116,134.821,7.827,5.039,32.112,3.548,2.279,2.164,2.436,3757.217,2993.133,849.187,2515.008,3215.835,951.561,0.901,2337.025
JPM,Budget,261028002,2026,10,28,2,2026-10,108964.8,29987.466,6919.265,-102.81,4931.761,15698.549,5736.437,3441.862,24.793,17.535,7.719,154.413,0.835,0.98,0.925,0.683018433,0.955,0.884,0.95,3.218,868.88,3402.3,2840.74,11.70296418,10.94558983,254.0370799,0,17,3.5,2,27.396,20.155,8.937,166.933,45.03,15698.549,150438.02,5194.224,115884.065,39748.179,17.709,13.151,124.71,7.084,4.384,29.704,19.568,15.116,134.821,7.827,5.039,32.112,3.548,2.279,2.164,2.436,3757.217,2993.133,849.187,2515.008,3215.835,951.561,0.901,2337.025
JPM,Budget,261029001,2026,10,29,1,2026-10,108964.8,29987.466,6919.265,-102.81,4931.761,15698.549,5736.437,3441.862,24.793,17.535,7.719,154.413,0.835,0.98,0.925,0.683018433,0.955,0.884,0.95,3.218,868.88,3402.3,2840.74,11.70296418,10.94558983,254.0370799,0,17,3.5,2,27.396,20.155,8.937,166.933,45.03,15698.549,150438.02,5194.224,115884.065,39748.179,17.709,13.151,124.71,7.084,4.384,29.704,19.568,15.116,134.821,7.827,5.039,32.112,3.548,2.279,2.164,2.436,3757.217,2993.133,849.187,2515.008,3215.835,951.561,0.901,2337.025
JPM,Budget,261029002,2026,10,29,2,2026-10,108964.8,29987.466,6919.265,-102.81,4931.761,15698.549,5736.437,3441.862,24.793,17.535,7.719,154.413,0.835,0.98,0.925,0.683018433,0.955,0.884,0.95,3.218,868.88,3402.3,2840.74,11.70296418,10.94558983,254.0370799,0,17,3.5,2,27.396,20.155,8.937,166.933,45.03,15698.549,150438.02,5194.224,115884.065,39748.179,17.709,13.151,124.71,7.084,4.384,29.704,19.568,15.116,134.821,7.827,5.039,32.112,3.548,2.279,2.164,2.436,3757.217,2993.133,849.187,2515.008,3215.835,951.561,0.901,2337.025
JPM,Budget,261030001,2026,10,30,1,2026-10,108964.8,29987.466,6919.265,-102.81,4931.761,15698.549,5736.437,3441.862,24.793,17.535,7.719,154.413,0.835,0.98,0.925,0.683018433,0.955,0.884,0.95,3.218,868.88,3402.3,2840.74,11.70296418,10.94558983,254.0370799,0,17,3.5,2,27.396,20.155,8.937,166.933,45.03,15698.549,150438.02,5194.224,115884.065,39748.179,17.709,13.151,124.71,7.084,4.384,29.704,19.568,15.116,134.821,7.827,5.039,32.112,3.548,2.279,2.164,2.436,3757.217,2993.133,849.187,2515.008,3215.835,951.561,0.901,2337.025
JPM,Budget,261030002,2026,10,30,2,2026-10,108964.8,29987.466,6919.265,-102.81,4931.761,15698.549,5736.437,3441.862,24.793,17.535,7.719,154.413,0.835,0.98,0.925,0.683018433,0.955,0.884,0.95,3.218,868.88,3402.3,2840.74,11.70296418,10.94558983,254.0370799,0,17,3.5,2,27.396,20.155,8.937,166.933,45.03,15698.549,150438.02,5194.224,115884.065,39748.179,17.709,13.151,124.71,7.084,4.384,29.704,19.568,15.116,134.821,7.827,5.039,32.112,3.548,2.279,2.164,2.436,3757.217,2993.133,849.187,2515.008,3215.835,951.561,0.901,2337.025
JPM,Budget,261031001,2026,10,31,1,2026-10,108964.8,29987.466,6919.265,-102.81,4931.761,15698.549,5736.437,3441.862,24.793,17.535,7.719,154.413,0.835,0.98,0.925,0.683018433,0.955,0.884,0.95,3.218,868.88,3402.3,2840.74,11.70296418,10.94558983,254.0370799,0,17,3.5,2,27.396,20.155,8.937,166.933,45.03,15698.549,150438.02,5194.224,115884.065,39748.179,17.709,13.151,124.71,7.084,4.384,29.704,19.568,15.116,134.821,7.827,5.039,32.112,3.548,2.279,2.164,2.436,3757.217,2993.133,849.187,2515.008,3215.835,951.561,0.901,2337.025
JPM,Budget,261031002,2026,10,31,2,2026-10,108964.8,29987.466,6919.265,-102.81,4931.761,15698.549,5736.437,3441.862,24.793,17.535,7.719,154.413,0.835,0.98,0.925,0.683018433,0.955,0.884,0.95,3.218,868.88,3402.3,2840.74,11.70296418,10.94558983,254.0370799,0,17,3.5,2,27.396,20.155,8.937,166.933,45.03,15698.549,150438.02,5194.224,115884.065,39748.179,17.709,13.151,124.71,7.084,4.384,29.704,19.568,15.116,134.821,7.827,5.039,32.112,3.548,2.279,2.164,2.436,3757.217,2993.133,849.187,2515.008,3215.835,951.561,0.901,2337.025
JPM,Budget,261101001,2026,11,1,1,2026-11,108964.8,35989.648,6919.265,194.308,5096.153,24176.895,6770.657,4062.394,27.254,17.535,7.719,154.413,0.835,0.98,0.925,0.875952381,0.955,0.884,0.95,3.442,909.133,3498.372,2568.371,11.7658353,10.43295284,259.4545402,0,17,3,2,30.115,20.155,8.933,166.933,42.306,24176.895,156892.964,5367.364,115884.065,46376.263,18.17,13.151,116.05,9.085,4.384,38.363,20.077,15.116,125.459,10.038,5.039,41.474,3.462,3.391,2.164,4.702,3964.031,2590.075,914.152,2567.053,3132.976,893.949,0.901,2427.9
JPM,Budget,261101002,2026,11,1,2,2026-11,108964.8,35989.648,6919.265,194.308,5096.153,24176.895,6770.657,4062.394,27.254,17.535,7.719,154.413,0.835,0.98,0.925,0.875952381,0.955,0.884,0.95,3.442,909.133,3498.372,2568.371,11.7658353,10.43295284,259.4545402,0,17,3,2,30.115,20.155,8.933,166.933,42.306,24176.895,156892.964,5367.364,115884.065,46376.263,18.17,13.151,116.05,9.085,4.384,38.363,20.077,15.116,125.459,10.038,5.039,41.474,3.462,3.391,2.164,4.702,3964.031,2590.075,914.152,2567.053,3132.976,893.949,0.901,2427.9
JPM,Budget,261102001,2026,11,2,1,2026-11,108964.8,35989.648,6919.265,194.308,5096.153,24176.895,6770.657,4062.394,27.254,17.535,7.719,154.413,0.835,0.98,0.925,0.875952381,0.955,0.884,0.95,3.442,909.133,3498.372,2568.371,11.7658353,10.43295284,259.4545402,0,17,3,2,30.115,20.155,8.933,166.933,42.306,24176.895,156892.964,5367.364,115884.065,46376.263,18.17,13.151,116.05,9.085,4.384,38.363,20.077,15.116,125.459,10.038,5.039,41.474,3.462,3.391,2.164,4.702,3964.031,2590.075,914.152,2567.053,3132.976,893.949,0.901,2427.9
JPM,Budget,261102002,2026,11,2,2,2026-11,108964.8,35989.648,6919.265,194.308,5096.153,24176.895,6770.657,4062.394,27.254,17.535,7.719,154.413,0.835,0.98,0.925,0.875952381,0.955,0.884,0.95,3.442,909.133,3498.372,2568.371,11.7658353,10.43295284,259.4545402,0,17,3,2,30.115,20.155,8.933,166.933,42.306,24176.895,156892.964,5367.364,115884.065,46376.263,18.17,13.151,116.05,9.085,4.384,38.363,20.077,15.116,125.459,10.038,5.039,41.474,3.462,3.391,2.164,4.702,3964.031,2590.075,914.152,2567.053,3132.976,893.949,0.901,2427.9
JPM,Budget,261103001,2026,11,3,1,2026-11,108964.8,35989.648,6919.265,194.308,5096.153,24176.895,6770.657,4062.394,27.254,17.535,7.719,154.413,0.835,0.98,0.925,0.875952381,0.955,0.884,0.95,3.442,909.133,3498.372,2568.371,11.7658353,10.43295284,259.4545402,0,17,3,2,30.115,20.155,8.933,166.933,42.306,24176.895,156892.964,5367.364,115884.065,46376.263,18.17,13.151,116.05,9.085,4.384,38.363,20.077,15.116,125.459,10.038,5.039,41.474,3.462,3.391,2.164,4.702,3964.031,2590.075,914.152,2567.053,3132.976,893.949,0.901,2427.9
JPM,Budget,261103002,2026,11,3,2,2026-11,108964.8,35989.648,6919.265,194.308,5096.153,24176.895,6770.657,4062.394,27.254,17.535,7.719,154.413,0.835,0.98,0.925,0.875952381,0.955,0.884,0.95,3.442,909.133,3498.372,2568.371,11.7658353,10.43295284,259.4545402,0,17,3,2,30.115,20.155,8.933,166.933,42.306,24176.895,156892.964,5367.364,115884.065,46376.263,18.17,13.151,116.05,9.085,4.384,38.363,20.077,15.116,125.459,10.038,5.039,41.474,3.462,3.391,2.164,4.702,3964.031,2590.075,914.152,2567.053,3132.976,893.949,0.901,2427.9
JPM,Budget,261104001,2026,11,4,1,2026-11,108964.8,35989.648,6919.265,194.308,5096.153,24176.895,6770.657,4062.394,27.254,17.535,7.719,154.413,0.835,0.98,0.925,0.875952381,0.955,0.884,0.95,3.442,909.133,3498.372,2568.371,11.7658353,10.43295284,259.4545402,0,17,3,2,30.115,20.155,8.933,166.933,42.306,24176.895,156892.964,5367.364,115884.065,46376.263,18.17,13.151,116.05,9.085,4.384,38.363,20.077,15.116,125.459,10.038,5.039,41.474,3.462,3.391,2.164,4.702,3964.031,2590.075,914.152,2567.053,3132.976,893.949,0.901,2427.9
JPM,Budget,261104002,2026,11,4,2,2026-11,108964.8,35989.648,6919.265,194.308,5096.153,24176.895,6770.657,4062.394,27.254,17.535,7.719,154.413,0.835,0.98,0.925,0.875952381,0.955,0.884,0.95,3.442,909.133,3498.372,2568.371,11.7658353,10.43295284,259.4545402,0,17,3,2,30.115,20.155,8.933,166.933,42.306,24176.895,156892.964,5367.364,115884.065,46376.263,18.17,13.151,116.05,9.085,4.384,38.363,20.077,15.116,125.459,10.038,5.039,41.474,3.462,3.391,2.164,4.702,3964.031,2590.075,914.152,2567.053,3132.976,893.949,0.901,2427.9
JPM,Budget,261105001,2026,11,5,1,2026-11,108964.8,35989.648,6919.265,194.308,5096.153,24176.895,6770.657,4062.394,27.254,17.535,7.719,154.413,0.835,0.98,0.925,0.875952381,0.955,0.884,0.95,3.442,909.133,3498.372,2568.371,11.7658353,10.43295284,259.4545402,0,17,3,2,30.115,20.155,8.933,166.933,42.306,24176.895,156892.964,5367.364,115884.065,46376.263,18.17,13.151,116.05,9.085,4.384,38.363,20.077,15.116,125.459,10.038,5.039,41.474,3.462,3.391,2.164,4.702,3964.031,2590.075,914.152,2567.053,3132.976,893.949,0.901,2427.9
JPM,Budget,261105002,2026,11,5,2,2026-11,108964.8,35989.648,6919.265,194.308,5096.153,24176.895,6770.657,4062.394,27.254,17.535,7.719,154.413,0.835,0.98,0.925,0.875952381,0.955,0.884,0.95,3.442,909.133,3498.372,2568.371,11.7658353,10.43295284,259.4545402,0,17,3,2,30.115,20.155,8.933,166.933,42.306,24176.895,156892.964,5367.364,115884.065,46376.263,18.17,13.151,116.05,9.085,4.384,38.363,20.077,15.116,125.459,10.038,5.039,41.474,3.462,3.391,2.164,4.702,3964.031,2590.075,914.152,2567.053,3132.976,893.949,0.901,2427.9
JPM,Budget,261106001,2026,11,6,1,2026-11,108964.8,35989.648,6919.265,194.308,5096.153,24176.895,6770.657,4062.394,27.254,17.535,7.719,154.413,0.835,0.98,0.925,0.875952381,0.955,0.884,0.95,3.442,909.133,3498.372,2568.371,11.7658353,10.43295284,259.4545402,0,17,3,2,30.115,20.155,8.933,166.933,42.306,24176.895,156892.964,5367.364,115884.065,46376.263,18.17,13.151,116.05,9.085,4.384,38.363,20.077,15.116,125.459,10.038,5.039,41.474,3.462,3.391,2.164,4.702,3964.031,2590.075,914.152,2567.053,3132.976,893.949,0.901,2427.9
JPM,Budget,261106002,2026,11,6,2,2026-11,108964.8,35989.648,6919.265,194.308,5096.153,24176.895,6770.657,4062.394,27.254,17.535,7.719,154.413,0.835,0.98,0.925,0.875952381,0.955,0.884,0.95,3.442,909.133,3498.372,2568.371,11.7658353,10.43295284,259.4545402,0,17,3,2,30.115,20.155,8.933,166.933,42.306,24176.895,156892.964,5367.364,115884.065,46376.263,18.17,13.151,116.05,9.085,4.384,38.363,20.077,15.116,125.459,10.038,5.039,41.474,3.462,3.391,2.164,4.702,3964.031,2590.075,914.152,2567.053,3132.976,893.949,0.901,2427.9
JPM,Budget,261107001,2026,11,7,1,2026-11,108964.8,35989.648,6919.265,194.308,5096.153,24176.895,6770.657,4062.394,27.254,17.535,7.719,154.413,0.835,0.98,0.925,0.875952381,0.955,0.884,0.95,3.442,909.133,3498.372,2568.371,11.7658353,10.43295284,259.4545402,0,17,3,2,30.115,20.155,8.933,166.933,42.306,24176.895,156892.964,5367.364,115884.065,46376.263,18.17,13.151,116.05,9.085,4.384,38.363,20.077,15.116,125.459,10.038,5.039,41.474,3.462,3.391,2.164,4.702,3964.031,2590.075,914.152,2567.053,3132.976,893.949,0.901,2427.9
JPM,Budget,261107002,2026,11,7,2,2026-11,108964.8,35989.648,6919.265,194.308,5096.153,24176.895,6770.657,4062.394,27.254,17.535,7.719,154.413,0.835,0.98,0.925,0.875952381,0.955,0.884,0.95,3.442,909.133,3498.372,2568.371,11.7658353,10.43295284,259.4545402,0,17,3,2,30.115,20.155,8.933,166.933,42.306,24176.895,156892.964,5367.364,115884.065,46376.263,18.17,13.151,116.05,9.085,4.384,38.363,20.077,15.116,125.459,10.038,5.039,41.474,3.462,3.391,2.164,4.702,3964.031,2590.075,914.152,2567.053,3132.976,893.949,0.901,2427.9
JPM,Budget,261108001,2026,11,8,1,2026-11,108964.8,35989.648,6919.265,194.308,5096.153,24176.895,6770.657,4062.394,27.254,17.535,7.719,154.413,0.835,0.98,0.925,0.875952381,0.955,0.884,0.95,3.442,909.133,3498.372,2568.371,11.7658353,10.43295284,259.4545402,0,17,3,2,30.115,20.155,8.933,166.933,42.306,24176.895,156892.964,5367.364,115884.065,46376.263,18.17,13.151,116.05,9.085,4.384,38.363,20.077,15.116,125.459,10.038,5.039,41.474,3.462,3.391,2.164,4.702,3964.031,2590.075,914.152,2567.053,3132.976,893.949,0.901,2427.9
JPM,Budget,261108002,2026,11,8,2,2026-11,108964.8,35989.648,6919.265,194.308,5096.153,24176.895,6770.657,4062.394,27.254,17.535,7.719,154.413,0.835,0.98,0.925,0.875952381,0.955,0.884,0.95,3.442,909.133,3498.372,2568.371,11.7658353,10.43295284,259.4545402,0,17,3,2,30.115,20.155,8.933,166.933,42.306,24176.895,156892.964,5367.364,115884.065,46376.263,18.17,13.151,116.05,9.085,4.384,38.363,20.077,15.116,125.459,10.038,5.039,41.474,3.462,3.391,2.164,4.702,3964.031,2590.075,914.152,2567.053,3132.976,893.949,0.901,2427.9
JPM,Budget,261109001,2026,11,9,1,2026-11,108964.8,35989.648,6919.265,194.308,5096.153,24176.895,6770.657,4062.394,27.254,17.535,7.719,154.413,0.835,0.98,0.925,0.875952381,0.955,0.884,0.95,3.442,909.133,3498.372,2568.371,11.7658353,10.43295284,259.4545402,0,17,3,2,30.115,20.155,8.933,166.933,42.306,24176.895,156892.964,5367.364,115884.065,46376.263,18.17,13.151,116.05,9.085,4.384,38.363,20.077,15.116,125.459,10.038,5.039,41.474,3.462,3.391,2.164,4.702,3964.031,2590.075,914.152,2567.053,3132.976,893.949,0.901,2427.9
JPM,Budget,261109002,2026,11,9,2,2026-11,108964.8,35989.648,6919.265,194.308,5096.153,24176.895,6770.657,4062.394,27.254,17.535,7.719,154.413,0.835,0.98,0.925,0.875952381,0.955,0.884,0.95,3.442,909.133,3498.372,2568.371,11.7658353,10.43295284,259.4545402,0,17,3,2,30.115,20.155,8.933,166.933,42.306,24176.895,156892.964,5367.364,115884.065,46376.263,18.17,13.151,116.05,9.085,4.384,38.363,20.077,15.116,125.459,10.038,5.039,41.474,3.462,3.391,2.164,4.702,3964.031,2590.075,914.152,2567.053,3132.976,893.949,0.901,2427.9
JPM,Budget,261110001,2026,11,10,1,2026-11,108964.8,35989.648,6919.265,194.308,5096.153,24176.895,6770.657,4062.394,27.254,17.535,7.719,154.413,0.835,0.98,0.925,0.875952381,0.955,0.884,0.95,3.442,909.133,3498.372,2568.371,11.7658353,10.43295284,259.4545402,0,17,3,2,30.115,20.155,8.933,166.933,42.306,24176.895,156892.964,5367.364,115884.065,46376.263,18.17,13.151,116.05,9.085,4.384,38.363,20.077,15.116,125.459,10.038,5.039,41.474,3.462,3.391,2.164,4.702,3964.031,2590.075,914.152,2567.053,3132.976,893.949,0.901,2427.9
JPM,Budget,261110002,2026,11,10,2,2026-11,108964.8,35989.648,6919.265,194.308,5096.153,24176.895,6770.657,4062.394,27.254,17.535,7.719,154.413,0.835,0.98,0.925,0.875952381,0.955,0.884,0.95,3.442,909.133,3498.372,2568.371,11.7658353,10.43295284,259.4545402,0,17,3,2,30.115,20.155,8.933,166.933,42.306,24176.895,156892.964,5367.364,115884.065,46376.263,18.17,13.151,116.05,9.085,4.384,38.363,20.077,15.116,125.459,10.038,5.039,41.474,3.462,3.391,2.164,4.702,3964.031,2590.075,914.152,2567.053,3132.976,893.949,0.901,2427.9
JPM,Budget,261111001,2026,11,11,1,2026-11,108964.8,35989.648,6919.265,194.308,5096.153,24176.895,6770.657,4062.394,27.254,17.535,7.719,154.413,0.835,0.98,0.925,0.875952381,0.955,0.884,0.95,3.442,909.133,3498.372,2568.371,11.7658353,10.43295284,259.4545402,0,17,3,2,30.115,20.155,8.933,166.933,42.306,24176.895,156892.964,5367.364,115884.065,46376.263,18.17,13.151,116.05,9.085,4.384,38.363,20.077,15.116,125.459,10.038,5.039,41.474,3.462,3.391,2.164,4.702,3964.031,2590.075,914.152,2567.053,3132.976,893.949,0.901,2427.9
JPM,Budget,261111002,2026,11,11,2,2026-11,108964.8,35989.648,6919.265,194.308,5096.153,24176.895,6770.657,4062.394,27.254,17.535,7.719,154.413,0.835,0.98,0.925,0.875952381,0.955,0.884,0.95,3.442,909.133,3498.372,2568.371,11.7658353,10.43295284,259.4545402,0,17,3,2,30.115,20.155,8.933,166.933,42.306,24176.895,156892.964,5367.364,115884.065,46376.263,18.17,13.151,116.05,9.085,4.384,38.363,20.077,15.116,125.459,10.038,5.039,41.474,3.462,3.391,2.164,4.702,3964.031,2590.075,914.152,2567.053,3132.976,893.949,0.901,2427.9
JPM,Budget,261112001,2026,11,12,1,2026-11,108964.8,35989.648,6919.265,194.308,5096.153,24176.895,6770.657,4062.394,27.254,17.535,7.719,154.413,0.835,0.98,0.925,0.875952381,0.955,0.884,0.95,3.442,909.133,3498.372,2568.371,11.7658353,10.43295284,259.4545402,0,17,3,2,30.115,20.155,8.933,166.933,42.306,24176.895,156892.964,5367.364,115884.065,46376.263,18.17,13.151,116.05,9.085,4.384,38.363,20.077,15.116,125.459,10.038,5.039,41.474,3.462,3.391,2.164,4.702,3964.031,2590.075,914.152,2567.053,3132.976,893.949,0.901,2427.9
JPM,Budget,261112002,2026,11,12,2,2026-11,108964.8,35989.648,6919.265,194.308,5096.153,24176.895,6770.657,4062.394,27.254,17.535,7.719,154.413,0.835,0.98,0.925,0.875952381,0.955,0.884,0.95,3.442,909.133,3498.372,2568.371,11.7658353,10.43295284,259.4545402,0,17,3,2,30.115,20.155,8.933,166.933,42.306,24176.895,156892.964,5367.364,115884.065,46376.263,18.17,13.151,116.05,9.085,4.384,38.363,20.077,15.116,125.459,10.038,5.039,41.474,3.462,3.391,2.164,4.702,3964.031,2590.075,914.152,2567.053,3132.976,893.949,0.901,2427.9
JPM,Budget,261113001,2026,11,13,1,2026-11,108964.8,35989.648,6919.265,194.308,5096.153,24176.895,6770.657,4062.394,27.254,17.535,7.719,154.413,0.835,0.98,0.925,0.875952381,0.955,0.884,0.95,3.442,909.133,3498.372,2568.371,11.7658353,10.43295284,259.4545402,0,17,3,2,30.115,20.155,8.933,166.933,42.306,24176.895,156892.964,5367.364,115884.065,46376.263,18.17,13.151,116.05,9.085,4.384,38.363,20.077,15.116,125.459,10.038,5.039,41.474,3.462,3.391,2.164,4.702,3964.031,2590.075,914.152,2567.053,3132.976,893.949,0.901,2427.9
JPM,Budget,261113002,2026,11,13,2,2026-11,108964.8,35989.648,6919.265,194.308,5096.153,24176.895,6770.657,4062.394,27.254,17.535,7.719,154.413,0.835,0.98,0.925,0.875952381,0.955,0.884,0.95,3.442,909.133,3498.372,2568.371,11.7658353,10.43295284,259.4545402,0,17,3,2,30.115,20.155,8.933,166.933,42.306,24176.895,156892.964,5367.364,115884.065,46376.263,18.17,13.151,116.05,9.085,4.384,38.363,20.077,15.116,125.459,10.038,5.039,41.474,3.462,3.391,2.164,4.702,3964.031,2590.075,914.152,2567.053,3132.976,893.949,0.901,2427.9
JPM,Budget,261114001,2026,11,14,1,2026-11,108964.8,35989.648,6919.265,194.308,5096.153,24176.895,6770.657,4062.394,27.254,17.535,7.719,154.413,0.835,0.98,0.925,0.875952381,0.955,0.884,0.95,3.442,909.133,3498.372,2568.371,11.7658353,10.43295284,259.4545402,0,17,3,2,30.115,20.155,8.933,166.933,42.306,24176.895,156892.964,5367.364,115884.065,46376.263,18.17,13.151,116.05,9.085,4.384,38.363,20.077,15.116,125.459,10.038,5.039,41.474,3.462,3.391,2.164,4.702,3964.031,2590.075,914.152,2567.053,3132.976,893.949,0.901,2427.9
JPM,Budget,261114002,2026,11,14,2,2026-11,108964.8,35989.648,6919.265,194.308,5096.153,24176.895,6770.657,4062.394,27.254,17.535,7.719,154.413,0.835,0.98,0.925,0.875952381,0.955,0.884,0.95,3.442,909.133,3498.372,2568.371,11.7658353,10.43295284,259.4545402,0,17,3,2,30.115,20.155,8.933,166.933,42.306,24176.895,156892.964,5367.364,115884.065,46376.263,18.17,13.151,116.05,9.085,4.384,38.363,20.077,15.116,125.459,10.038,5.039,41.474,3.462,3.391,2.164,4.702,3964.031,2590.075,914.152,2567.053,3132.976,893.949,0.901,2427.9
JPM,Budget,261115001,2026,11,15,1,2026-11,108964.8,35989.648,6919.265,194.308,5096.153,24176.895,6770.657,4062.394,27.254,17.535,7.719,154.413,0.835,0.98,0.925,0.875952381,0.955,0.884,0.95,3.442,909.133,3498.372,2568.371,11.7658353,10.43295284,259.4545402,0,17,3,2,30.115,20.155,8.933,166.933,42.306,24176.895,156892.964,5367.364,115884.065,46376.263,18.17,13.151,116.05,9.085,4.384,38.363,20.077,15.116,125.459,10.038,5.039,41.474,3.462,3.391,2.164,4.702,3964.031,2590.075,914.152,2567.053,3132.976,893.949,0.901,2427.9
JPM,Budget,261115002,2026,11,15,2,2026-11,108964.8,35989.648,6919.265,194.308,5096.153,24176.895,6770.657,4062.394,27.254,17.535,7.719,154.413,0.835,0.98,0.925,0.875952381,0.955,0.884,0.95,3.442,909.133,3498.372,2568.371,11.7658353,10.43295284,259.4545402,0,17,3,2,30.115,20.155,8.933,166.933,42.306,24176.895,156892.964,5367.364,115884.065,46376.263,18.17,13.151,116.05,9.085,4.384,38.363,20.077,15.116,125.459,10.038,5.039,41.474,3.462,3.391,2.164,4.702,3964.031,2590.075,914.152,2567.053,3132.976,893.949,0.901,2427.9
JPM,Budget,261116001,2026,11,16,1,2026-11,108964.8,35989.648,6919.265,194.308,5096.153,24176.895,6770.657,4062.394,27.254,17.535,7.719,154.413,0.835,0.98,0.925,0.875952381,0.955,0.884,0.95,3.442,909.133,3498.372,2568.371,11.7658353,10.43295284,259.4545402,0,17,3,2,30.115,20.155,8.933,166.933,42.306,24176.895,156892.964,5367.364,115884.065,46376.263,18.17,13.151,116.05,9.085,4.384,38.363,20.077,15.116,125.459,10.038,5.039,41.474,3.462,3.391,2.164,4.702,3964.031,2590.075,914.152,2567.053,3132.976,893.949,0.901,2427.9
JPM,Budget,261116002,2026,11,16,2,2026-11,108964.8,35989.648,6919.265,194.308,5096.153,24176.895,6770.657,4062.394,27.254,17.535,7.719,154.413,0.835,0.98,0.925,0.875952381,0.955,0.884,0.95,3.442,909.133,3498.372,2568.371,11.7658353,10.43295284,259.4545402,0,17,3,2,30.115,20.155,8.933,166.933,42.306,24176.895,156892.964,5367.364,115884.065,46376.263,18.17,13.151,116.05,9.085,4.384,38.363,20.077,15.116,125.459,10.038,5.039,41.474,3.462,3.391,2.164,4.702,3964.031,2590.075,914.152,2567.053,3132.976,893.949,0.901,2427.9
JPM,Budget,261117001,2026,11,17,1,2026-11,108964.8,35989.648,6919.265,194.308,5096.153,24176.895,6770.657,4062.394,27.254,17.535,7.719,154.413,0.835,0.98,0.925,0.875952381,0.955,0.884,0.95,3.442,909.133,3498.372,2568.371,11.7658353,10.43295284,259.4545402,0,17,3,2,30.115,20.155,8.933,166.933,42.306,24176.895,156892.964,5367.364,115884.065,46376.263,18.17,13.151,116.05,9.085,4.384,38.363,20.077,15.116,125.459,10.038,5.039,41.474,3.462,3.391,2.164,4.702,3964.031,2590.075,914.152,2567.053,3132.976,893.949,0.901,2427.9
JPM,Budget,261117002,2026,11,17,2,2026-11,108964.8,35989.648,6919.265,194.308,5096.153,24176.895,6770.657,4062.394,27.254,17.535,7.719,154.413,0.835,0.98,0.925,0.875952381,0.955,0.884,0.95,3.442,909.133,3498.372,2568.371,11.7658353,10.43295284,259.4545402,0,17,3,2,30.115,20.155,8.933,166.933,42.306,24176.895,156892.964,5367.364,115884.065,46376.263,18.17,13.151,116.05,9.085,4.384,38.363,20.077,15.116,125.459,10.038,5.039,41.474,3.462,3.391,2.164,4.702,3964.031,2590.075,914.152,2567.053,3132.976,893.949,0.901,2427.9
JPM,Budget,261118001,2026,11,18,1,2026-11,108964.8,35989.648,6919.265,194.308,5096.153,24176.895,6770.657,4062.394,27.254,17.535,7.719,154.413,0.835,0.98,0.925,0.875952381,0.955,0.884,0.95,3.442,909.133,3498.372,2568.371,11.7658353,10.43295284,259.4545402,0,17,3,2,30.115,20.155,8.933,166.933,42.306,24176.895,156892.964,5367.364,115884.065,46376.263,18.17,13.151,116.05,9.085,4.384,38.363,20.077,15.116,125.459,10.038,5.039,41.474,3.462,3.391,2.164,4.702,3964.031,2590.075,914.152,2567.053,3132.976,893.949,0.901,2427.9
JPM,Budget,261118002,2026,11,18,2,2026-11,108964.8,35989.648,6919.265,194.308,5096.153,24176.895,6770.657,4062.394,27.254,17.535,7.719,154.413,0.835,0.98,0.925,0.875952381,0.955,0.884,0.95,3.442,909.133,3498.372,2568.371,11.7658353,10.43295284,259.4545402,0,17,3,2,30.115,20.155,8.933,166.933,42.306,24176.895,156892.964,5367.364,115884.065,46376.263,18.17,13.151,116.05,9.085,4.384,38.363,20.077,15.116,125.459,10.038,5.039,41.474,3.462,3.391,2.164,4.702,3964.031,2590.075,914.152,2567.053,3132.976,893.949,0.901,2427.9
JPM,Budget,261119001,2026,11,19,1,2026-11,108964.8,35989.648,6919.265,194.308,5096.153,24176.895,6770.657,4062.394,27.254,17.535,7.719,154.413,0.835,0.98,0.925,0.875952381,0.955,0.884,0.95,3.442,909.133,3498.372,2568.371,11.7658353,10.43295284,259.4545402,0,17,3,2,30.115,20.155,8.933,166.933,42.306,24176.895,156892.964,5367.364,115884.065,46376.263,18.17,13.151,116.05,9.085,4.384,38.363,20.077,15.116,125.459,10.038,5.039,41.474,3.462,3.391,2.164,4.702,3964.031,2590.075,914.152,2567.053,3132.976,893.949,0.901,2427.9
JPM,Budget,261119002,2026,11,19,2,2026-11,108964.8,35989.648,6919.265,194.308,5096.153,24176.895,6770.657,4062.394,27.254,17.535,7.719,154.413,0.835,0.98,0.925,0.875952381,0.955,0.884,0.95,3.442,909.133,3498.372,2568.371,11.7658353,10.43295284,259.4545402,0,17,3,2,30.115,20.155,8.933,166.933,42.306,24176.895,156892.964,5367.364,115884.065,46376.263,18.17,13.151,116.05,9.085,4.384,38.363,20.077,15.116,125.459,10.038,5.039,41.474,3.462,3.391,2.164,4.702,3964.031,2590.075,914.152,2567.053,3132.976,893.949,0.901,2427.9
JPM,Budget,261120001,2026,11,20,1,2026-11,108964.8,35989.648,6919.265,194.308,5096.153,24176.895,6770.657,4062.394,27.254,17.535,7.719,154.413,0.835,0.98,0.925,0.875952381,0.955,0.884,0.95,3.442,909.133,3498.372,2568.371,11.7658353,10.43295284,259.4545402,0,17,3,2,30.115,20.155,8.933,166.933,42.306,24176.895,156892.964,5367.364,115884.065,46376.263,18.17,13.151,116.05,9.085,4.384,38.363,20.077,15.116,125.459,10.038,5.039,41.474,3.462,3.391,2.164,4.702,3964.031,2590.075,914.152,2567.053,3132.976,893.949,0.901,2427.9
JPM,Budget,261120002,2026,11,20,2,2026-11,108964.8,35989.648,6919.265,194.308,5096.153,24176.895,6770.657,4062.394,27.254,17.535,7.719,154.413,0.835,0.98,0.925,0.875952381,0.955,0.884,0.95,3.442,909.133,3498.372,2568.371,11.7658353,10.43295284,259.4545402,0,17,3,2,30.115,20.155,8.933,166.933,42.306,24176.895,156892.964,5367.364,115884.065,46376.263,18.17,13.151,116.05,9.085,4.384,38.363,20.077,15.116,125.459,10.038,5.039,41.474,3.462,3.391,2.164,4.702,3964.031,2590.075,914.152,2567.053,3132.976,893.949,0.901,2427.9
JPM,Budget,261121001,2026,11,21,1,2026-11,108964.8,35989.648,6919.265,194.308,5096.153,24176.895,6770.657,4062.394,27.254,17.535,7.719,154.413,0.835,0.98,0.925,0.875952381,0.955,0.884,0.95,3.442,909.133,3498.372,2568.371,11.7658353,10.43295284,259.4545402,0,17,3,2,30.115,20.155,8.933,166.933,42.306,24176.895,156892.964,5367.364,115884.065,46376.263,18.17,13.151,116.05,9.085,4.384,38.363,20.077,15.116,125.459,10.038,5.039,41.474,3.462,3.391,2.164,4.702,3964.031,2590.075,914.152,2567.053,3132.976,893.949,0.901,2427.9
JPM,Budget,261121002,2026,11,21,2,2026-11,108964.8,35989.648,6919.265,194.308,5096.153,24176.895,6770.657,4062.394,27.254,17.535,7.719,154.413,0.835,0.98,0.925,0.875952381,0.955,0.884,0.95,3.442,909.133,3498.372,2568.371,11.7658353,10.43295284,259.4545402,0,17,3,2,30.115,20.155,8.933,166.933,42.306,24176.895,156892.964,5367.364,115884.065,46376.263,18.17,13.151,116.05,9.085,4.384,38.363,20.077,15.116,125.459,10.038,5.039,41.474,3.462,3.391,2.164,4.702,3964.031,2590.075,914.152,2567.053,3132.976,893.949,0.901,2427.9
JPM,Budget,261122001,2026,11,22,1,2026-11,108964.8,35989.648,6919.265,194.308,5096.153,24176.895,6770.657,4062.394,27.254,17.535,7.719,154.413,0.835,0.98,0.925,0.875952381,0.955,0.884,0.95,3.442,909.133,3498.372,2568.371,11.7658353,10.43295284,259.4545402,0,17,3,2,30.115,20.155,8.933,166.933,42.306,24176.895,156892.964,5367.364,115884.065,46376.263,18.17,13.151,116.05,9.085,4.384,38.363,20.077,15.116,125.459,10.038,5.039,41.474,3.462,3.391,2.164,4.702,3964.031,2590.075,914.152,2567.053,3132.976,893.949,0.901,2427.9
JPM,Budget,261122002,2026,11,22,2,2026-11,108964.8,35989.648,6919.265,194.308,5096.153,24176.895,6770.657,4062.394,27.254,17.535,7.719,154.413,0.835,0.98,0.925,0.875952381,0.955,0.884,0.95,3.442,909.133,3498.372,2568.371,11.7658353,10.43295284,259.4545402,0,17,3,2,30.115,20.155,8.933,166.933,42.306,24176.895,156892.964,5367.364,115884.065,46376.263,18.17,13.151,116.05,9.085,4.384,38.363,20.077,15.116,125.459,10.038,5.039,41.474,3.462,3.391,2.164,4.702,3964.031,2590.075,914.152,2567.053,3132.976,893.949,0.901,2427.9
JPM,Budget,261123001,2026,11,23,1,2026-11,108964.8,35989.648,6919.265,194.308,5096.153,24176.895,6770.657,4062.394,27.254,17.535,7.719,154.413,0.835,0.98,0.925,0.875952381,0.955,0.884,0.95,3.442,909.133,3498.372,2568.371,11.7658353,10.43295284,259.4545402,0,17,3,2,30.115,20.155,8.933,166.933,42.306,24176.895,156892.964,5367.364,115884.065,46376.263,18.17,13.151,116.05,9.085,4.384,38.363,20.077,15.116,125.459,10.038,5.039,41.474,3.462,3.391,2.164,4.702,3964.031,2590.075,914.152,2567.053,3132.976,893.949,0.901,2427.9
JPM,Budget,261123002,2026,11,23,2,2026-11,108964.8,35989.648,6919.265,194.308,5096.153,24176.895,6770.657,4062.394,27.254,17.535,7.719,154.413,0.835,0.98,0.925,0.875952381,0.955,0.884,0.95,3.442,909.133,3498.372,2568.371,11.7658353,10.43295284,259.4545402,0,17,3,2,30.115,20.155,8.933,166.933,42.306,24176.895,156892.964,5367.364,115884.065,46376.263,18.17,13.151,116.05,9.085,4.384,38.363,20.077,15.116,125.459,10.038,5.039,41.474,3.462,3.391,2.164,4.702,3964.031,2590.075,914.152,2567.053,3132.976,893.949,0.901,2427.9
JPM,Budget,261124001,2026,11,24,1,2026-11,108964.8,35989.648,6919.265,194.308,5096.153,24176.895,6770.657,4062.394,27.254,17.535,7.719,154.413,0.835,0.98,0.925,0.875952381,0.955,0.884,0.95,3.442,909.133,3498.372,2568.371,11.7658353,10.43295284,259.4545402,0,17,3,2,30.115,20.155,8.933,166.933,42.306,24176.895,156892.964,5367.364,115884.065,46376.263,18.17,13.151,116.05,9.085,4.384,38.363,20.077,15.116,125.459,10.038,5.039,41.474,3.462,3.391,2.164,4.702,3964.031,2590.075,914.152,2567.053,3132.976,893.949,0.901,2427.9
JPM,Budget,261124002,2026,11,24,2,2026-11,108964.8,35989.648,6919.265,194.308,5096.153,24176.895,6770.657,4062.394,27.254,17.535,7.719,154.413,0.835,0.98,0.925,0.875952381,0.955,0.884,0.95,3.442,909.133,3498.372,2568.371,11.7658353,10.43295284,259.4545402,0,17,3,2,30.115,20.155,8.933,166.933,42.306,24176.895,156892.964,5367.364,115884.065,46376.263,18.17,13.151,116.05,9.085,4.384,38.363,20.077,15.116,125.459,10.038,5.039,41.474,3.462,3.391,2.164,4.702,3964.031,2590.075,914.152,2567.053,3132.976,893.949,0.901,2427.9
JPM,Budget,261125001,2026,11,25,1,2026-11,108964.8,35989.648,6919.265,194.308,5096.153,24176.895,6770.657,4062.394,27.254,17.535,7.719,154.413,0.835,0.98,0.925,0.875952381,0.955,0.884,0.95,3.442,909.133,3498.372,2568.371,11.7658353,10.43295284,259.4545402,0,17,3,2,30.115,20.155,8.933,166.933,42.306,24176.895,156892.964,5367.364,115884.065,46376.263,18.17,13.151,116.05,9.085,4.384,38.363,20.077,15.116,125.459,10.038,5.039,41.474,3.462,3.391,2.164,4.702,3964.031,2590.075,914.152,2567.053,3132.976,893.949,0.901,2427.9
JPM,Budget,261125002,2026,11,25,2,2026-11,108964.8,35989.648,6919.265,194.308,5096.153,24176.895,6770.657,4062.394,27.254,17.535,7.719,154.413,0.835,0.98,0.925,0.875952381,0.955,0.884,0.95,3.442,909.133,3498.372,2568.371,11.7658353,10.43295284,259.4545402,0,17,3,2,30.115,20.155,8.933,166.933,42.306,24176.895,156892.964,5367.364,115884.065,46376.263,18.17,13.151,116.05,9.085,4.384,38.363,20.077,15.116,125.459,10.038,5.039,41.474,3.462,3.391,2.164,4.702,3964.031,2590.075,914.152,2567.053,3132.976,893.949,0.901,2427.9
JPM,Budget,261126001,2026,11,26,1,2026-11,108964.8,35989.648,6919.265,194.308,5096.153,24176.895,6770.657,4062.394,27.254,17.535,7.719,154.413,0.835,0.98,0.925,0.875952381,0.955,0.884,0.95,3.442,909.133,3498.372,2568.371,11.7658353,10.43295284,259.4545402,0,17,3,2,30.115,20.155,8.933,166.933,42.306,24176.895,156892.964,5367.364,115884.065,46376.263,18.17,13.151,116.05,9.085,4.384,38.363,20.077,15.116,125.459,10.038,5.039,41.474,3.462,3.391,2.164,4.702,3964.031,2590.075,914.152,2567.053,3132.976,893.949,0.901,2427.9
JPM,Budget,261126002,2026,11,26,2,2026-11,108964.8,35989.648,6919.265,194.308,5096.153,24176.895,6770.657,4062.394,27.254,17.535,7.719,154.413,0.835,0.98,0.925,0.875952381,0.955,0.884,0.95,3.442,909.133,3498.372,2568.371,11.7658353,10.43295284,259.4545402,0,17,3,2,30.115,20.155,8.933,166.933,42.306,24176.895,156892.964,5367.364,115884.065,46376.263,18.17,13.151,116.05,9.085,4.384,38.363,20.077,15.116,125.459,10.038,5.039,41.474,3.462,3.391,2.164,4.702,3964.031,2590.075,914.152,2567.053,3132.976,893.949,0.901,2427.9
JPM,Budget,261127001,2026,11,27,1,2026-11,108964.8,35989.648,6919.265,194.308,5096.153,24176.895,6770.657,4062.394,27.254,17.535,7.719,154.413,0.835,0.98,0.925,0.875952381,0.955,0.884,0.95,3.442,909.133,3498.372,2568.371,11.7658353,10.43295284,259.4545402,0,17,3,2,30.115,20.155,8.933,166.933,42.306,24176.895,156892.964,5367.364,115884.065,46376.263,18.17,13.151,116.05,9.085,4.384,38.363,20.077,15.116,125.459,10.038,5.039,41.474,3.462,3.391,2.164,4.702,3964.031,2590.075,914.152,2567.053,3132.976,893.949,0.901,2427.9
JPM,Budget,261127002,2026,11,27,2,2026-11,108964.8,35989.648,6919.265,194.308,5096.153,24176.895,6770.657,4062.394,27.254,17.535,7.719,154.413,0.835,0.98,0.925,0.875952381,0.955,0.884,0.95,3.442,909.133,3498.372,2568.371,11.7658353,10.43295284,259.4545402,0,17,3,2,30.115,20.155,8.933,166.933,42.306,24176.895,156892.964,5367.364,115884.065,46376.263,18.17,13.151,116.05,9.085,4.384,38.363,20.077,15.116,125.459,10.038,5.039,41.474,3.462,3.391,2.164,4.702,3964.031,2590.075,914.152,2567.053,3132.976,893.949,0.901,2427.9
JPM,Budget,261128001,2026,11,28,1,2026-11,108964.8,35989.648,6919.265,194.308,5096.153,24176.895,6770.657,4062.394,27.254,17.535,7.719,154.413,0.835,0.98,0.925,0.875952381,0.955,0.884,0.95,3.442,909.133,3498.372,2568.371,11.7658353,10.43295284,259.4545402,0,17,3,2,30.115,20.155,8.933,166.933,42.306,24176.895,156892.964,5367.364,115884.065,46376.263,18.17,13.151,116.05,9.085,4.384,38.363,20.077,15.116,125.459,10.038,5.039,41.474,3.462,3.391,2.164,4.702,3964.031,2590.075,914.152,2567.053,3132.976,893.949,0.901,2427.9
JPM,Budget,261128002,2026,11,28,2,2026-11,108964.8,35989.648,6919.265,194.308,5096.153,24176.895,6770.657,4062.394,27.254,17.535,7.719,154.413,0.835,0.98,0.925,0.875952381,0.955,0.884,0.95,3.442,909.133,3498.372,2568.371,11.7658353,10.43295284,259.4545402,0,17,3,2,30.115,20.155,8.933,166.933,42.306,24176.895,156892.964,5367.364,115884.065,46376.263,18.17,13.151,116.05,9.085,4.384,38.363,20.077,15.116,125.459,10.038,5.039,41.474,3.462,3.391,2.164,4.702,3964.031,2590.075,914.152,2567.053,3132.976,893.949,0.901,2427.9
JPM,Budget,261129001,2026,11,29,1,2026-11,108964.8,35989.648,6919.265,194.308,5096.153,24176.895,6770.657,4062.394,27.254,17.535,7.719,154.413,0.835,0.98,0.925,0.875952381,0.955,0.884,0.95,3.442,909.133,3498.372,2568.371,11.7658353,10.43295284,259.4545402,0,17,3,2,30.115,20.155,8.933,166.933,42.306,24176.895,156892.964,5367.364,115884.065,46376.263,18.17,13.151,116.05,9.085,4.384,38.363,20.077,15.116,125.459,10.038,5.039,41.474,3.462,3.391,2.164,4.702,3964.031,2590.075,914.152,2567.053,3132.976,893.949,0.901,2427.9
JPM,Budget,261129002,2026,11,29,2,2026-11,108964.8,35989.648,6919.265,194.308,5096.153,24176.895,6770.657,4062.394,27.254,17.535,7.719,154.413,0.835,0.98,0.925,0.875952381,0.955,0.884,0.95,3.442,909.133,3498.372,2568.371,11.7658353,10.43295284,259.4545402,0,17,3,2,30.115,20.155,8.933,166.933,42.306,24176.895,156892.964,5367.364,115884.065,46376.263,18.17,13.151,116.05,9.085,4.384,38.363,20.077,15.116,125.459,10.038,5.039,41.474,3.462,3.391,2.164,4.702,3964.031,2590.075,914.152,2567.053,3132.976,893.949,0.901,2427.9
JPM,Budget,261130001,2026,11,30,1,2026-11,108964.8,35989.648,6919.265,194.308,5096.153,24176.895,6770.657,4062.394,27.254,17.535,7.719,154.413,0.835,0.98,0.925,0.875952381,0.955,0.884,0.95,3.442,909.133,3498.372,2568.371,11.7658353,10.43295284,259.4545402,0,17,3,2,30.115,20.155,8.933,166.933,42.306,24176.895,156892.964,5367.364,115884.065,46376.263,18.17,13.151,116.05,9.085,4.384,38.363,20.077,15.116,125.459,10.038,5.039,41.474,3.462,3.391,2.164,4.702,3964.031,2590.075,914.152,2567.053,3132.976,893.949,0.901,2427.9
JPM,Budget,261130002,2026,11,30,2,2026-11,108964.8,35989.648,6919.265,194.308,5096.153,24176.895,6770.657,4062.394,27.254,17.535,7.719,154.413,0.835,0.98,0.925,0.875952381,0.955,0.884,0.95,3.442,909.133,3498.372,2568.371,11.7658353,10.43295284,259.4545402,0,17,3,2,30.115,20.155,8.933,166.933,42.306,24176.895,156892.964,5367.364,115884.065,46376.263,18.17,13.151,116.05,9.085,4.384,38.363,20.077,15.116,125.459,10.038,5.039,41.474,3.462,3.391,2.164,4.702,3964.031,2590.075,914.152,2567.053,3132.976,893.949,0.901,2427.9
JPM,Budget,261201001,2026,12,1,1,2026-12,107805.6,42617.286,6845.656,807.142,4931.761,29188.309,6845.295,4107.177,32.488,13.151,7.719,154.413,0.835,0.98,0.925,0.895,0.955,0.884,0.95,3.482,947.207,3420.836,2670.827,10.96937286,12.33942173,243.8153159,0,17,3.5,1.5,35.898,15.116,8.925,166.933,40.883,29188.309,162744.983,5194.224,114651.256,53287.951,23.206,8.768,109.29,9.282,4.384,45.123,25.642,10.078,118.152,10.257,5.039,48.781,3.368,3.729,2.614,4.809,3443.153,2883.145,962.382,3365.043,2729.138,910.45,0.901,2167.227
JPM,Budget,261201002,2026,12,1,2,2026-12,107805.6,42617.286,6845.656,807.142,4931.761,29188.309,6845.295,4107.177,32.488,13.151,7.719,154.413,0.835,0.98,0.925,0.895,0.955,0.884,0.95,3.482,947.207,3420.836,2670.827,10.96937286,12.33942173,243.8153159,0,17,3.5,1.5,35.898,15.116,8.925,166.933,40.883,29188.309,162744.983,5194.224,114651.256,53287.951,23.206,8.768,109.29,9.282,4.384,45.123,25.642,10.078,118.152,10.257,5.039,48.781,3.368,3.729,2.614,4.809,3443.153,2883.145,962.382,3365.043,2729.138,910.45,0.901,2167.227
JPM,Budget,261202001,2026,12,2,1,2026-12,107805.6,42617.286,6845.656,807.142,4931.761,29188.309,6845.295,4107.177,32.488,13.151,7.719,154.413,0.835,0.98,0.925,0.895,0.955,0.884,0.95,3.482,947.207,3420.836,2670.827,10.96937286,12.33942173,243.8153159,0,17,3.5,1.5,35.898,15.116,8.925,166.933,40.883,29188.309,162744.983,5194.224,114651.256,53287.951,23.206,8.768,109.29,9.282,4.384,45.123,25.642,10.078,118.152,10.257,5.039,48.781,3.368,3.729,2.614,4.809,3443.153,2883.145,962.382,3365.043,2729.138,910.45,0.901,2167.227
JPM,Budget,261202002,2026,12,2,2,2026-12,107805.6,42617.286,6845.656,807.142,4931.761,29188.309,6845.295,4107.177,32.488,13.151,7.719,154.413,0.835,0.98,0.925,0.895,0.955,0.884,0.95,3.482,947.207,3420.836,2670.827,10.96937286,12.33942173,243.8153159,0,17,3.5,1.5,35.898,15.116,8.925,166.933,40.883,29188.309,162744.983,5194.224,114651.256,53287.951,23.206,8.768,109.29,9.282,4.384,45.123,25.642,10.078,118.152,10.257,5.039,48.781,3.368,3.729,2.614,4.809,3443.153,2883.145,962.382,3365.043,2729.138,910.45,0.901,2167.227
JPM,Budget,261203001,2026,12,3,1,2026-12,107805.6,42617.286,6845.656,807.142,4931.761,29188.309,6845.295,4107.177,32.488,13.151,7.719,154.413,0.835,0.98,0.925,0.895,0.955,0.884,0.95,3.482,947.207,3420.836,2670.827,10.96937286,12.33942173,243.8153159,0,17,3.5,1.5,35.898,15.116,8.925,166.933,40.883,29188.309,162744.983,5194.224,114651.256,53287.951,23.206,8.768,109.29,9.282,4.384,45.123,25.642,10.078,118.152,10.257,5.039,48.781,3.368,3.729,2.614,4.809,3443.153,2883.145,962.382,3365.043,2729.138,910.45,0.901,2167.227
JPM,Budget,261203002,2026,12,3,2,2026-12,107805.6,42617.286,6845.656,807.142,4931.761,29188.309,6845.295,4107.177,32.488,13.151,7.719,154.413,0.835,0.98,0.925,0.895,0.955,0.884,0.95,3.482,947.207,3420.836,2670.827,10.96937286,12.33942173,243.8153159,0,17,3.5,1.5,35.898,15.116,8.925,166.933,40.883,29188.309,162744.983,5194.224,114651.256,53287.951,23.206,8.768,109.29,9.282,4.384,45.123,25.642,10.078,118.152,10.257,5.039,48.781,3.368,3.729,2.614,4.809,3443.153,2883.145,962.382,3365.043,2729.138,910.45,0.901,2167.227
JPM,Budget,261204001,2026,12,4,1,2026-12,107805.6,42617.286,6845.656,807.142,4931.761,29188.309,6845.295,4107.177,32.488,13.151,7.719,154.413,0.835,0.98,0.925,0.895,0.955,0.884,0.95,3.482,947.207,3420.836,2670.827,10.96937286,12.33942173,243.8153159,0,17,3.5,1.5,35.898,15.116,8.925,166.933,40.883,29188.309,162744.983,5194.224,114651.256,53287.951,23.206,8.768,109.29,9.282,4.384,45.123,25.642,10.078,118.152,10.257,5.039,48.781,3.368,3.729,2.614,4.809,3443.153,2883.145,962.382,3365.043,2729.138,910.45,0.901,2167.227
JPM,Budget,261204002,2026,12,4,2,2026-12,107805.6,42617.286,6845.656,807.142,4931.761,29188.309,6845.295,4107.177,32.488,13.151,7.719,154.413,0.835,0.98,0.925,0.895,0.955,0.884,0.95,3.482,947.207,3420.836,2670.827,10.96937286,12.33942173,243.8153159,0,17,3.5,1.5,35.898,15.116,8.925,166.933,40.883,29188.309,162744.983,5194.224,114651.256,53287.951,23.206,8.768,109.29,9.282,4.384,45.123,25.642,10.078,118.152,10.257,5.039,48.781,3.368,3.729,2.614,4.809,3443.153,2883.145,962.382,3365.043,2729.138,910.45,0.901,2167.227
JPM,Budget,261205001,2026,12,5,1,2026-12,107805.6,42617.286,6845.656,807.142,4931.761,29188.309,6845.295,4107.177,32.488,13.151,7.719,154.413,0.835,0.98,0.925,0.895,0.955,0.884,0.95,3.482,947.207,3420.836,2670.827,10.96937286,12.33942173,243.8153159,0,17,3.5,1.5,35.898,15.116,8.925,166.933,40.883,29188.309,162744.983,5194.224,114651.256,53287.951,23.206,8.768,109.29,9.282,4.384,45.123,25.642,10.078,118.152,10.257,5.039,48.781,3.368,3.729,2.614,4.809,3443.153,2883.145,962.382,3365.043,2729.138,910.45,0.901,2167.227
JPM,Budget,261205002,2026,12,5,2,2026-12,107805.6,42617.286,6845.656,807.142,4931.761,29188.309,6845.295,4107.177,32.488,13.151,7.719,154.413,0.835,0.98,0.925,0.895,0.955,0.884,0.95,3.482,947.207,3420.836,2670.827,10.96937286,12.33942173,243.8153159,0,17,3.5,1.5,35.898,15.116,8.925,166.933,40.883,29188.309,162744.983,5194.224,114651.256,53287.951,23.206,8.768,109.29,9.282,4.384,45.123,25.642,10.078,118.152,10.257,5.039,48.781,3.368,3.729,2.614,4.809,3443.153,2883.145,962.382,3365.043,2729.138,910.45,0.901,2167.227
JPM,Budget,261206001,2026,12,6,1,2026-12,107805.6,42617.286,6845.656,807.142,4931.761,29188.309,6845.295,4107.177,32.488,13.151,7.719,154.413,0.835,0.98,0.925,0.895,0.955,0.884,0.95,3.482,947.207,3420.836,2670.827,10.96937286,12.33942173,243.8153159,0,17,3.5,1.5,35.898,15.116,8.925,166.933,40.883,29188.309,162744.983,5194.224,114651.256,53287.951,23.206,8.768,109.29,9.282,4.384,45.123,25.642,10.078,118.152,10.257,5.039,48.781,3.368,3.729,2.614,4.809,3443.153,2883.145,962.382,3365.043,2729.138,910.45,0.901,2167.227
JPM,Budget,261206002,2026,12,6,2,2026-12,107805.6,42617.286,6845.656,807.142,4931.761,29188.309,6845.295,4107.177,32.488,13.151,7.719,154.413,0.835,0.98,0.925,0.895,0.955,0.884,0.95,3.482,947.207,3420.836,2670.827,10.96937286,12.33942173,243.8153159,0,17,3.5,1.5,35.898,15.116,8.925,166.933,40.883,29188.309,162744.983,5194.224,114651.256,53287.951,23.206,8.768,109.29,9.282,4.384,45.123,25.642,10.078,118.152,10.257,5.039,48.781,3.368,3.729,2.614,4.809,3443.153,2883.145,962.382,3365.043,2729.138,910.45,0.901,2167.227
JPM,Budget,261207001,2026,12,7,1,2026-12,107805.6,42617.286,6845.656,807.142,4931.761,29188.309,6845.295,4107.177,32.488,13.151,7.719,154.413,0.835,0.98,0.925,0.895,0.955,0.884,0.95,3.482,947.207,3420.836,2670.827,10.96937286,12.33942173,243.8153159,0,17,3.5,1.5,35.898,15.116,8.925,166.933,40.883,29188.309,162744.983,5194.224,114651.256,53287.951,23.206,8.768,109.29,9.282,4.384,45.123,25.642,10.078,118.152,10.257,5.039,48.781,3.368,3.729,2.614,4.809,3443.153,2883.145,962.382,3365.043,2729.138,910.45,0.901,2167.227
JPM,Budget,261207002,2026,12,7,2,2026-12,107805.6,42617.286,6845.656,807.142,4931.761,29188.309,6845.295,4107.177,32.488,13.151,7.719,154.413,0.835,0.98,0.925,0.895,0.955,0.884,0.95,3.482,947.207,3420.836,2670.827,10.96937286,12.33942173,243.8153159,0,17,3.5,1.5,35.898,15.116,8.925,166.933,40.883,29188.309,162744.983,5194.224,114651.256,53287.951,23.206,8.768,109.29,9.282,4.384,45.123,25.642,10.078,118.152,10.257,5.039,48.781,3.368,3.729,2.614,4.809,3443.153,2883.145,962.382,3365.043,2729.138,910.45,0.901,2167.227
JPM,Budget,261208001,2026,12,8,1,2026-12,107805.6,42617.286,6845.656,807.142,4931.761,29188.309,6845.295,4107.177,32.488,13.151,7.719,154.413,0.835,0.98,0.925,0.895,0.955,0.884,0.95,3.482,947.207,3420.836,2670.827,10.96937286,12.33942173,243.8153159,0,17,3.5,1.5,35.898,15.116,8.925,166.933,40.883,29188.309,162744.983,5194.224,114651.256,53287.951,23.206,8.768,109.29,9.282,4.384,45.123,25.642,10.078,118.152,10.257,5.039,48.781,3.368,3.729,2.614,4.809,3443.153,2883.145,962.382,3365.043,2729.138,910.45,0.901,2167.227
JPM,Budget,261208002,2026,12,8,2,2026-12,107805.6,42617.286,6845.656,807.142,4931.761,29188.309,6845.295,4107.177,32.488,13.151,7.719,154.413,0.835,0.98,0.925,0.895,0.955,0.884,0.95,3.482,947.207,3420.836,2670.827,10.96937286,12.33942173,243.8153159,0,17,3.5,1.5,35.898,15.116,8.925,166.933,40.883,29188.309,162744.983,5194.224,114651.256,53287.951,23.206,8.768,109.29,9.282,4.384,45.123,25.642,10.078,118.152,10.257,5.039,48.781,3.368,3.729,2.614,4.809,3443.153,2883.145,962.382,3365.043,2729.138,910.45,0.901,2167.227
JPM,Budget,261209001,2026,12,9,1,2026-12,107805.6,42617.286,6845.656,807.142,4931.761,29188.309,6845.295,4107.177,32.488,13.151,7.719,154.413,0.835,0.98,0.925,0.895,0.955,0.884,0.95,3.482,947.207,3420.836,2670.827,10.96937286,12.33942173,243.8153159,0,17,3.5,1.5,35.898,15.116,8.925,166.933,40.883,29188.309,162744.983,5194.224,114651.256,53287.951,23.206,8.768,109.29,9.282,4.384,45.123,25.642,10.078,118.152,10.257,5.039,48.781,3.368,3.729,2.614,4.809,3443.153,2883.145,962.382,3365.043,2729.138,910.45,0.901,2167.227
JPM,Budget,261209002,2026,12,9,2,2026-12,107805.6,42617.286,6845.656,807.142,4931.761,29188.309,6845.295,4107.177,32.488,13.151,7.719,154.413,0.835,0.98,0.925,0.895,0.955,0.884,0.95,3.482,947.207,3420.836,2670.827,10.96937286,12.33942173,243.8153159,0,17,3.5,1.5,35.898,15.116,8.925,166.933,40.883,29188.309,162744.983,5194.224,114651.256,53287.951,23.206,8.768,109.29,9.282,4.384,45.123,25.642,10.078,118.152,10.257,5.039,48.781,3.368,3.729,2.614,4.809,3443.153,2883.145,962.382,3365.043,2729.138,910.45,0.901,2167.227
JPM,Budget,261210001,2026,12,10,1,2026-12,107805.6,42617.286,6845.656,807.142,4931.761,29188.309,6845.295,4107.177,32.488,13.151,7.719,154.413,0.835,0.98,0.925,0.895,0.955,0.884,0.95,3.482,947.207,3420.836,2670.827,10.96937286,12.33942173,243.8153159,0,17,3.5,1.5,35.898,15.116,8.925,166.933,40.883,29188.309,162744.983,5194.224,114651.256,53287.951,23.206,8.768,109.29,9.282,4.384,45.123,25.642,10.078,118.152,10.257,5.039,48.781,3.368,3.729,2.614,4.809,3443.153,2883.145,962.382,3365.043,2729.138,910.45,0.901,2167.227
JPM,Budget,261210002,2026,12,10,2,2026-12,107805.6,42617.286,6845.656,807.142,4931.761,29188.309,6845.295,4107.177,32.488,13.151,7.719,154.413,0.835,0.98,0.925,0.895,0.955,0.884,0.95,3.482,947.207,3420.836,2670.827,10.96937286,12.33942173,243.8153159,0,17,3.5,1.5,35.898,15.116,8.925,166.933,40.883,29188.309,162744.983,5194.224,114651.256,53287.951,23.206,8.768,109.29,9.282,4.384,45.123,25.642,10.078,118.152,10.257,5.039,48.781,3.368,3.729,2.614,4.809,3443.153,2883.145,962.382,3365.043,2729.138,910.45,0.901,2167.227
JPM,Budget,261211001,2026,12,11,1,2026-12,107805.6,42617.286,6845.656,807.142,4931.761,29188.309,6845.295,4107.177,32.488,13.151,7.719,154.413,0.835,0.98,0.925,0.895,0.955,0.884,0.95,3.482,947.207,3420.836,2670.827,10.96937286,12.33942173,243.8153159,0,17,3.5,1.5,35.898,15.116,8.925,166.933,40.883,29188.309,162744.983,5194.224,114651.256,53287.951,23.206,8.768,109.29,9.282,4.384,45.123,25.642,10.078,118.152,10.257,5.039,48.781,3.368,3.729,2.614,4.809,3443.153,2883.145,962.382,3365.043,2729.138,910.45,0.901,2167.227
JPM,Budget,261211002,2026,12,11,2,2026-12,107805.6,42617.286,6845.656,807.142,4931.761,29188.309,6845.295,4107.177,32.488,13.151,7.719,154.413,0.835,0.98,0.925,0.895,0.955,0.884,0.95,3.482,947.207,3420.836,2670.827,10.96937286,12.33942173,243.8153159,0,17,3.5,1.5,35.898,15.116,8.925,166.933,40.883,29188.309,162744.983,5194.224,114651.256,53287.951,23.206,8.768,109.29,9.282,4.384,45.123,25.642,10.078,118.152,10.257,5.039,48.781,3.368,3.729,2.614,4.809,3443.153,2883.145,962.382,3365.043,2729.138,910.45,0.901,2167.227
JPM,Budget,261212001,2026,12,12,1,2026-12,107805.6,42617.286,6845.656,807.142,4931.761,29188.309,6845.295,4107.177,32.488,13.151,7.719,154.413,0.835,0.98,0.925,0.895,0.955,0.884,0.95,3.482,947.207,3420.836,2670.827,10.96937286,12.33942173,243.8153159,0,17,3.5,1.5,35.898,15.116,8.925,166.933,40.883,29188.309,162744.983,5194.224,114651.256,53287.951,23.206,8.768,109.29,9.282,4.384,45.123,25.642,10.078,118.152,10.257,5.039,48.781,3.368,3.729,2.614,4.809,3443.153,2883.145,962.382,3365.043,2729.138,910.45,0.901,2167.227
JPM,Budget,261212002,2026,12,12,2,2026-12,107805.6,42617.286,6845.656,807.142,4931.761,29188.309,6845.295,4107.177,32.488,13.151,7.719,154.413,0.835,0.98,0.925,0.895,0.955,0.884,0.95,3.482,947.207,3420.836,2670.827,10.96937286,12.33942173,243.8153159,0,17,3.5,1.5,35.898,15.116,8.925,166.933,40.883,29188.309,162744.983,5194.224,114651.256,53287.951,23.206,8.768,109.29,9.282,4.384,45.123,25.642,10.078,118.152,10.257,5.039,48.781,3.368,3.729,2.614,4.809,3443.153,2883.145,962.382,3365.043,2729.138,910.45,0.901,2167.227
JPM,Budget,261213001,2026,12,13,1,2026-12,107805.6,42617.286,6845.656,807.142,4931.761,29188.309,6845.295,4107.177,32.488,13.151,7.719,154.413,0.835,0.98,0.925,0.895,0.955,0.884,0.95,3.482,947.207,3420.836,2670.827,10.96937286,12.33942173,243.8153159,0,17,3.5,1.5,35.898,15.116,8.925,166.933,40.883,29188.309,162744.983,5194.224,114651.256,53287.951,23.206,8.768,109.29,9.282,4.384,45.123,25.642,10.078,118.152,10.257,5.039,48.781,3.368,3.729,2.614,4.809,3443.153,2883.145,962.382,3365.043,2729.138,910.45,0.901,2167.227
JPM,Budget,261213002,2026,12,13,2,2026-12,107805.6,42617.286,6845.656,807.142,4931.761,29188.309,6845.295,4107.177,32.488,13.151,7.719,154.413,0.835,0.98,0.925,0.895,0.955,0.884,0.95,3.482,947.207,3420.836,2670.827,10.96937286,12.33942173,243.8153159,0,17,3.5,1.5,35.898,15.116,8.925,166.933,40.883,29188.309,162744.983,5194.224,114651.256,53287.951,23.206,8.768,109.29,9.282,4.384,45.123,25.642,10.078,118.152,10.257,5.039,48.781,3.368,3.729,2.614,4.809,3443.153,2883.145,962.382,3365.043,2729.138,910.45,0.901,2167.227
JPM,Budget,261214001,2026,12,14,1,2026-12,107805.6,42617.286,6845.656,807.142,4931.761,29188.309,6845.295,4107.177,32.488,13.151,7.719,154.413,0.835,0.98,0.925,0.895,0.955,0.884,0.95,3.482,947.207,3420.836,2670.827,10.96937286,12.33942173,243.8153159,0,17,3.5,1.5,35.898,15.116,8.925,166.933,40.883,29188.309,162744.983,5194.224,114651.256,53287.951,23.206,8.768,109.29,9.282,4.384,45.123,25.642,10.078,118.152,10.257,5.039,48.781,3.368,3.729,2.614,4.809,3443.153,2883.145,962.382,3365.043,2729.138,910.45,0.901,2167.227
JPM,Budget,261214002,2026,12,14,2,2026-12,107805.6,42617.286,6845.656,807.142,4931.761,29188.309,6845.295,4107.177,32.488,13.151,7.719,154.413,0.835,0.98,0.925,0.895,0.955,0.884,0.95,3.482,947.207,3420.836,2670.827,10.96937286,12.33942173,243.8153159,0,17,3.5,1.5,35.898,15.116,8.925,166.933,40.883,29188.309,162744.983,5194.224,114651.256,53287.951,23.206,8.768,109.29,9.282,4.384,45.123,25.642,10.078,118.152,10.257,5.039,48.781,3.368,3.729,2.614,4.809,3443.153,2883.145,962.382,3365.043,2729.138,910.45,0.901,2167.227
JPM,Budget,261215001,2026,12,15,1,2026-12,107805.6,42617.286,6845.656,807.142,4931.761,29188.309,6845.295,4107.177,32.488,13.151,7.719,154.413,0.835,0.98,0.925,0.895,0.955,0.884,0.95,3.482,947.207,3420.836,2670.827,10.96937286,12.33942173,243.8153159,0,17,3.5,1.5,35.898,15.116,8.925,166.933,40.883,29188.309,162744.983,5194.224,114651.256,53287.951,23.206,8.768,109.29,9.282,4.384,45.123,25.642,10.078,118.152,10.257,5.039,48.781,3.368,3.729,2.614,4.809,3443.153,2883.145,962.382,3365.043,2729.138,910.45,0.901,2167.227
JPM,Budget,261215002,2026,12,15,2,2026-12,107805.6,42617.286,6845.656,807.142,4931.761,29188.309,6845.295,4107.177,32.488,13.151,7.719,154.413,0.835,0.98,0.925,0.895,0.955,0.884,0.95,3.482,947.207,3420.836,2670.827,10.96937286,12.33942173,243.8153159,0,17,3.5,1.5,35.898,15.116,8.925,166.933,40.883,29188.309,162744.983,5194.224,114651.256,53287.951,23.206,8.768,109.29,9.282,4.384,45.123,25.642,10.078,118.152,10.257,5.039,48.781,3.368,3.729,2.614,4.809,3443.153,2883.145,962.382,3365.043,2729.138,910.45,0.901,2167.227
JPM,Budget,261216001,2026,12,16,1,2026-12,107805.6,42617.286,6845.656,807.142,4931.761,29188.309,6845.295,4107.177,32.488,13.151,7.719,154.413,0.835,0.98,0.925,0.895,0.955,0.884,0.95,3.482,947.207,3420.836,2670.827,10.96937286,12.33942173,243.8153159,0,17,3.5,1.5,35.898,15.116,8.925,166.933,40.883,29188.309,162744.983,5194.224,114651.256,53287.951,23.206,8.768,109.29,9.282,4.384,45.123,25.642,10.078,118.152,10.257,5.039,48.781,3.368,3.729,2.614,4.809,3443.153,2883.145,962.382,3365.043,2729.138,910.45,0.901,2167.227
JPM,Budget,261216002,2026,12,16,2,2026-12,107805.6,42617.286,6845.656,807.142,4931.761,29188.309,6845.295,4107.177,32.488,13.151,7.719,154.413,0.835,0.98,0.925,0.895,0.955,0.884,0.95,3.482,947.207,3420.836,2670.827,10.96937286,12.33942173,243.8153159,0,17,3.5,1.5,35.898,15.116,8.925,166.933,40.883,29188.309,162744.983,5194.224,114651.256,53287.951,23.206,8.768,109.29,9.282,4.384,45.123,25.642,10.078,118.152,10.257,5.039,48.781,3.368,3.729,2.614,4.809,3443.153,2883.145,962.382,3365.043,2729.138,910.45,0.901,2167.227
JPM,Budget,261217001,2026,12,17,1,2026-12,107805.6,42617.286,6845.656,807.142,4931.761,29188.309,6845.295,4107.177,32.488,13.151,7.719,154.413,0.835,0.98,0.925,0.895,0.955,0.884,0.95,3.482,947.207,3420.836,2670.827,10.96937286,12.33942173,243.8153159,0,17,3.5,1.5,35.898,15.116,8.925,166.933,40.883,29188.309,162744.983,5194.224,114651.256,53287.951,23.206,8.768,109.29,9.282,4.384,45.123,25.642,10.078,118.152,10.257,5.039,48.781,3.368,3.729,2.614,4.809,3443.153,2883.145,962.382,3365.043,2729.138,910.45,0.901,2167.227
JPM,Budget,261217002,2026,12,17,2,2026-12,107805.6,42617.286,6845.656,807.142,4931.761,29188.309,6845.295,4107.177,32.488,13.151,7.719,154.413,0.835,0.98,0.925,0.895,0.955,0.884,0.95,3.482,947.207,3420.836,2670.827,10.96937286,12.33942173,243.8153159,0,17,3.5,1.5,35.898,15.116,8.925,166.933,40.883,29188.309,162744.983,5194.224,114651.256,53287.951,23.206,8.768,109.29,9.282,4.384,45.123,25.642,10.078,118.152,10.257,5.039,48.781,3.368,3.729,2.614,4.809,3443.153,2883.145,962.382,3365.043,2729.138,910.45,0.901,2167.227
JPM,Budget,261218001,2026,12,18,1,2026-12,107805.6,42617.286,6845.656,807.142,4931.761,29188.309,6845.295,4107.177,32.488,13.151,7.719,154.413,0.835,0.98,0.925,0.895,0.955,0.884,0.95,3.482,947.207,3420.836,2670.827,10.96937286,12.33942173,243.8153159,0,17,3.5,1.5,35.898,15.116,8.925,166.933,40.883,29188.309,162744.983,5194.224,114651.256,53287.951,23.206,8.768,109.29,9.282,4.384,45.123,25.642,10.078,118.152,10.257,5.039,48.781,3.368,3.729,2.614,4.809,3443.153,2883.145,962.382,3365.043,2729.138,910.45,0.901,2167.227
JPM,Budget,261218002,2026,12,18,2,2026-12,107805.6,42617.286,6845.656,807.142,4931.761,29188.309,6845.295,4107.177,32.488,13.151,7.719,154.413,0.835,0.98,0.925,0.895,0.955,0.884,0.95,3.482,947.207,3420.836,2670.827,10.96937286,12.33942173,243.8153159,0,17,3.5,1.5,35.898,15.116,8.925,166.933,40.883,29188.309,162744.983,5194.224,114651.256,53287.951,23.206,8.768,109.29,9.282,4.384,45.123,25.642,10.078,118.152,10.257,5.039,48.781,3.368,3.729,2.614,4.809,3443.153,2883.145,962.382,3365.043,2729.138,910.45,0.901,2167.227
JPM,Budget,261219001,2026,12,19,1,2026-12,107805.6,42617.286,6845.656,807.142,4931.761,29188.309,6845.295,4107.177,32.488,13.151,7.719,154.413,0.835,0.98,0.925,0.895,0.955,0.884,0.95,3.482,947.207,3420.836,2670.827,10.96937286,12.33942173,243.8153159,0,17,3.5,1.5,35.898,15.116,8.925,166.933,40.883,29188.309,162744.983,5194.224,114651.256,53287.951,23.206,8.768,109.29,9.282,4.384,45.123,25.642,10.078,118.152,10.257,5.039,48.781,3.368,3.729,2.614,4.809,3443.153,2883.145,962.382,3365.043,2729.138,910.45,0.901,2167.227
JPM,Budget,261219002,2026,12,19,2,2026-12,107805.6,42617.286,6845.656,807.142,4931.761,29188.309,6845.295,4107.177,32.488,13.151,7.719,154.413,0.835,0.98,0.925,0.895,0.955,0.884,0.95,3.482,947.207,3420.836,2670.827,10.96937286,12.33942173,243.8153159,0,17,3.5,1.5,35.898,15.116,8.925,166.933,40.883,29188.309,162744.983,5194.224,114651.256,53287.951,23.206,8.768,109.29,9.282,4.384,45.123,25.642,10.078,118.152,10.257,5.039,48.781,3.368,3.729,2.614,4.809,3443.153,2883.145,962.382,3365.043,2729.138,910.45,0.901,2167.227
JPM,Budget,261220001,2026,12,20,1,2026-12,107805.6,42617.286,6845.656,807.142,4931.761,29188.309,6845.295,4107.177,32.488,13.151,7.719,154.413,0.835,0.98,0.925,0.895,0.955,0.884,0.95,3.482,947.207,3420.836,2670.827,10.96937286,12.33942173,243.8153159,0,17,3.5,1.5,35.898,15.116,8.925,166.933,40.883,29188.309,162744.983,5194.224,114651.256,53287.951,23.206,8.768,109.29,9.282,4.384,45.123,25.642,10.078,118.152,10.257,5.039,48.781,3.368,3.729,2.614,4.809,3443.153,2883.145,962.382,3365.043,2729.138,910.45,0.901,2167.227
JPM,Budget,261220002,2026,12,20,2,2026-12,107805.6,42617.286,6845.656,807.142,4931.761,29188.309,6845.295,4107.177,32.488,13.151,7.719,154.413,0.835,0.98,0.925,0.895,0.955,0.884,0.95,3.482,947.207,3420.836,2670.827,10.96937286,12.33942173,243.8153159,0,17,3.5,1.5,35.898,15.116,8.925,166.933,40.883,29188.309,162744.983,5194.224,114651.256,53287.951,23.206,8.768,109.29,9.282,4.384,45.123,25.642,10.078,118.152,10.257,5.039,48.781,3.368,3.729,2.614,4.809,3443.153,2883.145,962.382,3365.043,2729.138,910.45,0.901,2167.227
JPM,Budget,261221001,2026,12,21,1,2026-12,107805.6,42617.286,6845.656,807.142,4931.761,29188.309,6845.295,4107.177,32.488,13.151,7.719,154.413,0.835,0.98,0.925,0.895,0.955,0.884,0.95,3.482,947.207,3420.836,2670.827,10.96937286,12.33942173,243.8153159,0,17,3.5,1.5,35.898,15.116,8.925,166.933,40.883,29188.309,162744.983,5194.224,114651.256,53287.951,23.206,8.768,109.29,9.282,4.384,45.123,25.642,10.078,118.152,10.257,5.039,48.781,3.368,3.729,2.614,4.809,3443.153,2883.145,962.382,3365.043,2729.138,910.45,0.901,2167.227
JPM,Budget,261221002,2026,12,21,2,2026-12,107805.6,42617.286,6845.656,807.142,4931.761,29188.309,6845.295,4107.177,32.488,13.151,7.719,154.413,0.835,0.98,0.925,0.895,0.955,0.884,0.95,3.482,947.207,3420.836,2670.827,10.96937286,12.33942173,243.8153159,0,17,3.5,1.5,35.898,15.116,8.925,166.933,40.883,29188.309,162744.983,5194.224,114651.256,53287.951,23.206,8.768,109.29,9.282,4.384,45.123,25.642,10.078,118.152,10.257,5.039,48.781,3.368,3.729,2.614,4.809,3443.153,2883.145,962.382,3365.043,2729.138,910.45,0.901,2167.227
JPM,Budget,261222001,2026,12,22,1,2026-12,107805.6,42617.286,6845.656,807.142,4931.761,29188.309,6845.295,4107.177,32.488,13.151,7.719,154.413,0.835,0.98,0.925,0.895,0.955,0.884,0.95,3.482,947.207,3420.836,2670.827,10.96937286,12.33942173,243.8153159,0,17,3.5,1.5,35.898,15.116,8.925,166.933,40.883,29188.309,162744.983,5194.224,114651.256,53287.951,23.206,8.768,109.29,9.282,4.384,45.123,25.642,10.078,118.152,10.257,5.039,48.781,3.368,3.729,2.614,4.809,3443.153,2883.145,962.382,3365.043,2729.138,910.45,0.901,2167.227
JPM,Budget,261222002,2026,12,22,2,2026-12,107805.6,42617.286,6845.656,807.142,4931.761,29188.309,6845.295,4107.177,32.488,13.151,7.719,154.413,0.835,0.98,0.925,0.895,0.955,0.884,0.95,3.482,947.207,3420.836,2670.827,10.96937286,12.33942173,243.8153159,0,17,3.5,1.5,35.898,15.116,8.925,166.933,40.883,29188.309,162744.983,5194.224,114651.256,53287.951,23.206,8.768,109.29,9.282,4.384,45.123,25.642,10.078,118.152,10.257,5.039,48.781,3.368,3.729,2.614,4.809,3443.153,2883.145,962.382,3365.043,2729.138,910.45,0.901,2167.227
JPM,Budget,261223001,2026,12,23,1,2026-12,107805.6,42617.286,6845.656,807.142,4931.761,29188.309,6845.295,4107.177,32.488,13.151,7.719,154.413,0.835,0.98,0.925,0.895,0.955,0.884,0.95,3.482,947.207,3420.836,2670.827,10.96937286,12.33942173,243.8153159,0,17,3.5,1.5,35.898,15.116,8.925,166.933,40.883,29188.309,162744.983,5194.224,114651.256,53287.951,23.206,8.768,109.29,9.282,4.384,45.123,25.642,10.078,118.152,10.257,5.039,48.781,3.368,3.729,2.614,4.809,3443.153,2883.145,962.382,3365.043,2729.138,910.45,0.901,2167.227
JPM,Budget,261223002,2026,12,23,2,2026-12,107805.6,42617.286,6845.656,807.142,4931.761,29188.309,6845.295,4107.177,32.488,13.151,7.719,154.413,0.835,0.98,0.925,0.895,0.955,0.884,0.95,3.482,947.207,3420.836,2670.827,10.96937286,12.33942173,243.8153159,0,17,3.5,1.5,35.898,15.116,8.925,166.933,40.883,29188.309,162744.983,5194.224,114651.256,53287.951,23.206,8.768,109.29,9.282,4.384,45.123,25.642,10.078,118.152,10.257,5.039,48.781,3.368,3.729,2.614,4.809,3443.153,2883.145,962.382,3365.043,2729.138,910.45,0.901,2167.227
JPM,Budget,261224001,2026,12,24,1,2026-12,107805.6,42617.286,6845.656,807.142,4931.761,29188.309,6845.295,4107.177,32.488,13.151,7.719,154.413,0.835,0.98,0.925,0.895,0.955,0.884,0.95,3.482,947.207,3420.836,2670.827,10.96937286,12.33942173,243.8153159,0,17,3.5,1.5,35.898,15.116,8.925,166.933,40.883,29188.309,162744.983,5194.224,114651.256,53287.951,23.206,8.768,109.29,9.282,4.384,45.123,25.642,10.078,118.152,10.257,5.039,48.781,3.368,3.729,2.614,4.809,3443.153,2883.145,962.382,3365.043,2729.138,910.45,0.901,2167.227
JPM,Budget,261224002,2026,12,24,2,2026-12,107805.6,42617.286,6845.656,807.142,4931.761,29188.309,6845.295,4107.177,32.488,13.151,7.719,154.413,0.835,0.98,0.925,0.895,0.955,0.884,0.95,3.482,947.207,3420.836,2670.827,10.96937286,12.33942173,243.8153159,0,17,3.5,1.5,35.898,15.116,8.925,166.933,40.883,29188.309,162744.983,5194.224,114651.256,53287.951,23.206,8.768,109.29,9.282,4.384,45.123,25.642,10.078,118.152,10.257,5.039,48.781,3.368,3.729,2.614,4.809,3443.153,2883.145,962.382,3365.043,2729.138,910.45,0.901,2167.227
JPM,Budget,261225001,2026,12,25,1,2026-12,107805.6,42617.286,6845.656,807.142,4931.761,29188.309,6845.295,4107.177,32.488,13.151,7.719,154.413,0.835,0.98,0.925,0.895,0.955,0.884,0.95,3.482,947.207,3420.836,2670.827,10.96937286,12.33942173,243.8153159,0,17,3.5,1.5,35.898,15.116,8.925,166.933,40.883,29188.309,162744.983,5194.224,114651.256,53287.951,23.206,8.768,109.29,9.282,4.384,45.123,25.642,10.078,118.152,10.257,5.039,48.781,3.368,3.729,2.614,4.809,3443.153,2883.145,962.382,3365.043,2729.138,910.45,0.901,2167.227
JPM,Budget,261225002,2026,12,25,2,2026-12,107805.6,42617.286,6845.656,807.142,4931.761,29188.309,6845.295,4107.177,32.488,13.151,7.719,154.413,0.835,0.98,0.925,0.895,0.955,0.884,0.95,3.482,947.207,3420.836,2670.827,10.96937286,12.33942173,243.8153159,0,17,3.5,1.5,35.898,15.116,8.925,166.933,40.883,29188.309,162744.983,5194.224,114651.256,53287.951,23.206,8.768,109.29,9.282,4.384,45.123,25.642,10.078,118.152,10.257,5.039,48.781,3.368,3.729,2.614,4.809,3443.153,2883.145,962.382,3365.043,2729.138,910.45,0.901,2167.227
JPM,Budget,261226001,2026,12,26,1,2026-12,107805.6,42617.286,6845.656,807.142,4931.761,29188.309,6845.295,4107.177,32.488,13.151,7.719,154.413,0.835,0.98,0.925,0.895,0.955,0.884,0.95,3.482,947.207,3420.836,2670.827,10.96937286,12.33942173,243.8153159,0,17,3.5,1.5,35.898,15.116,8.925,166.933,40.883,29188.309,162744.983,5194.224,114651.256,53287.951,23.206,8.768,109.29,9.282,4.384,45.123,25.642,10.078,118.152,10.257,5.039,48.781,3.368,3.729,2.614,4.809,3443.153,2883.145,962.382,3365.043,2729.138,910.45,0.901,2167.227
JPM,Budget,261226002,2026,12,26,2,2026-12,107805.6,42617.286,6845.656,807.142,4931.761,29188.309,6845.295,4107.177,32.488,13.151,7.719,154.413,0.835,0.98,0.925,0.895,0.955,0.884,0.95,3.482,947.207,3420.836,2670.827,10.96937286,12.33942173,243.8153159,0,17,3.5,1.5,35.898,15.116,8.925,166.933,40.883,29188.309,162744.983,5194.224,114651.256,53287.951,23.206,8.768,109.29,9.282,4.384,45.123,25.642,10.078,118.152,10.257,5.039,48.781,3.368,3.729,2.614,4.809,3443.153,2883.145,962.382,3365.043,2729.138,910.45,0.901,2167.227
JPM,Budget,261227001,2026,12,27,1,2026-12,107805.6,42617.286,6845.656,807.142,4931.761,29188.309,6845.295,4107.177,32.488,13.151,7.719,154.413,0.835,0.98,0.925,0.895,0.955,0.884,0.95,3.482,947.207,3420.836,2670.827,10.96937286,12.33942173,243.8153159,0,17,3.5,1.5,35.898,15.116,8.925,166.933,40.883,29188.309,162744.983,5194.224,114651.256,53287.951,23.206,8.768,109.29,9.282,4.384,45.123,25.642,10.078,118.152,10.257,5.039,48.781,3.368,3.729,2.614,4.809,3443.153,2883.145,962.382,3365.043,2729.138,910.45,0.901,2167.227
JPM,Budget,261227002,2026,12,27,2,2026-12,107805.6,42617.286,6845.656,807.142,4931.761,29188.309,6845.295,4107.177,32.488,13.151,7.719,154.413,0.835,0.98,0.925,0.895,0.955,0.884,0.95,3.482,947.207,3420.836,2670.827,10.96937286,12.33942173,243.8153159,0,17,3.5,1.5,35.898,15.116,8.925,166.933,40.883,29188.309,162744.983,5194.224,114651.256,53287.951,23.206,8.768,109.29,9.282,4.384,45.123,25.642,10.078,118.152,10.257,5.039,48.781,3.368,3.729,2.614,4.809,3443.153,2883.145,962.382,3365.043,2729.138,910.45,0.901,2167.227
JPM,Budget,261228001,2026,12,28,1,2026-12,107805.6,42617.286,6845.656,807.142,4931.761,29188.309,6845.295,4107.177,32.488,13.151,7.719,154.413,0.835,0.98,0.925,0.895,0.955,0.884,0.95,3.482,947.207,3420.836,2670.827,10.96937286,12.33942173,243.8153159,0,17,3.5,1.5,35.898,15.116,8.925,166.933,40.883,29188.309,162744.983,5194.224,114651.256,53287.951,23.206,8.768,109.29,9.282,4.384,45.123,25.642,10.078,118.152,10.257,5.039,48.781,3.368,3.729,2.614,4.809,3443.153,2883.145,962.382,3365.043,2729.138,910.45,0.901,2167.227
JPM,Budget,261228002,2026,12,28,2,2026-12,107805.6,42617.286,6845.656,807.142,4931.761,29188.309,6845.295,4107.177,32.488,13.151,7.719,154.413,0.835,0.98,0.925,0.895,0.955,0.884,0.95,3.482,947.207,3420.836,2670.827,10.96937286,12.33942173,243.8153159,0,17,3.5,1.5,35.898,15.116,8.925,166.933,40.883,29188.309,162744.983,5194.224,114651.256,53287.951,23.206,8.768,109.29,9.282,4.384,45.123,25.642,10.078,118.152,10.257,5.039,48.781,3.368,3.729,2.614,4.809,3443.153,2883.145,962.382,3365.043,2729.138,910.45,0.901,2167.227
JPM,Budget,261229001,2026,12,29,1,2026-12,107805.6,42617.286,6845.656,807.142,4931.761,29188.309,6845.295,4107.177,32.488,13.151,7.719,154.413,0.835,0.98,0.925,0.895,0.955,0.884,0.95,3.482,947.207,3420.836,2670.827,10.96937286,12.33942173,243.8153159,0,17,3.5,1.5,35.898,15.116,8.925,166.933,40.883,29188.309,162744.983,5194.224,114651.256,53287.951,23.206,8.768,109.29,9.282,4.384,45.123,25.642,10.078,118.152,10.257,5.039,48.781,3.368,3.729,2.614,4.809,3443.153,2883.145,962.382,3365.043,2729.138,910.45,0.901,2167.227
JPM,Budget,261229002,2026,12,29,2,2026-12,107805.6,42617.286,6845.656,807.142,4931.761,29188.309,6845.295,4107.177,32.488,13.151,7.719,154.413,0.835,0.98,0.925,0.895,0.955,0.884,0.95,3.482,947.207,3420.836,2670.827,10.96937286,12.33942173,243.8153159,0,17,3.5,1.5,35.898,15.116,8.925,166.933,40.883,29188.309,162744.983,5194.224,114651.256,53287.951,23.206,8.768,109.29,9.282,4.384,45.123,25.642,10.078,118.152,10.257,5.039,48.781,3.368,3.729,2.614,4.809,3443.153,2883.145,962.382,3365.043,2729.138,910.45,0.901,2167.227
JPM,Budget,261230001,2026,12,30,1,2026-12,107805.6,42617.286,6845.656,807.142,4931.761,29188.309,6845.295,4107.177,32.488,13.151,7.719,154.413,0.835,0.98,0.925,0.895,0.955,0.884,0.95,3.482,947.207,3420.836,2670.827,10.96937286,12.33942173,243.8153159,0,17,3.5,1.5,35.898,15.116,8.925,166.933,40.883,29188.309,162744.983,5194.224,114651.256,53287.951,23.206,8.768,109.29,9.282,4.384,45.123,25.642,10.078,118.152,10.257,5.039,48.781,3.368,3.729,2.614,4.809,3443.153,2883.145,962.382,3365.043,2729.138,910.45,0.901,2167.227
JPM,Budget,261230002,2026,12,30,2,2026-12,107805.6,42617.286,6845.656,807.142,4931.761,29188.309,6845.295,4107.177,32.488,13.151,7.719,154.413,0.835,0.98,0.925,0.895,0.955,0.884,0.95,3.482,947.207,3420.836,2670.827,10.96937286,12.33942173,243.8153159,0,17,3.5,1.5,35.898,15.116,8.925,166.933,40.883,29188.309,162744.983,5194.224,114651.256,53287.951,23.206,8.768,109.29,9.282,4.384,45.123,25.642,10.078,118.152,10.257,5.039,48.781,3.368,3.729,2.614,4.809,3443.153,2883.145,962.382,3365.043,2729.138,910.45,0.901,2167.227
JPM,Budget,261231001,2026,12,31,1,2026-12,107805.6,42617.286,6845.656,807.142,4931.761,29188.309,6845.295,4107.177,32.488,13.151,7.719,154.413,0.835,0.98,0.925,0.895,0.955,0.884,0.95,3.482,947.207,3420.836,2670.827,10.96937286,12.33942173,243.8153159,0,17,3.5,1.5,35.898,15.116,8.925,166.933,40.883,29188.309,162744.983,5194.224,114651.256,53287.951,23.206,8.768,109.29,9.282,4.384,45.123,25.642,10.078,118.152,10.257,5.039,48.781,3.368,3.729,2.614,4.809,3443.153,2883.145,962.382,3365.043,2729.138,910.45,0.901,2167.227
JPM,Budget,261231002,2026,12,31,2,2026-12,107805.6,42617.286,6845.656,807.142,4931.761,29188.309,6845.295,4107.177,32.488,13.151,7.719,154.413,0.835,0.98,0.925,0.895,0.955,0.884,0.95,3.482,947.207,3420.836,2670.827,10.96937286,12.33942173,243.8153159,0,17,3.5,1.5,35.898,15.116,8.925,166.933,40.883,29188.309,162744.983,5194.224,114651.256,53287.951,23.206,8.768,109.29,9.282,4.384,45.123,25.642,10.078,118.152,10.257,5.039,48.781,3.368,3.729,2.614,4.809,3443.153,2883.145,962.382,3365.043,2729.138,910.45,0.901,2167.227
