Pit,Material,HD (km),Month,SF,Cycle (hrs),TPNOH (t/h),Cycle (min),Fixed (min),Travel (min)
MRM,Ore,0.5,Jan,1.07,0.2230574,1741.300672,13.38344398,7.9099,5.473543983
MRM,Ore,0.5,Feb,1.07,0.2230574,1741.300672,13.38344398,8.3314,5.052043983
MRM,Ore,0.5,Mar,1.027,0.2230574,1671.323168,13.38344398,7.9672,5.416243983
MRM,Ore,0.5,Apr,0.958,0.2230574,1559.033686,13.38344398,7.9729,5.410543983
MRM,Ore,0.5,May,0.958,0.2230574,1559.033686,13.38344398,7.5509,5.832543983
MRM,Ore,0.5,Jun,0.958,0.2230574,1559.033686,13.38344398,7.74,5.643443983
MRM,Ore,0.5,Jul,0.958,0.2230574,1559.033686,13.38344398,7.7183,5.665143983
MRM,Ore,0.5,Aug,0.958,0.2230574,1559.033686,13.38344398,7.8197,5.563743983
MRM,Ore,0.5,Sep,0.958,0.2230574,1559.033686,13.38344398,7.734,5.649443983
MRM,Ore,0.5,Oct,0.987,0.2230574,1606.227816,13.38344398,7.185,6.198443983
MRM,Ore,0.5,Nov,1.027,0.2230574,1671.323168,13.38344398,7.2715,6.111943983
MRM,Ore,0.5,Dec,1.07,0.2230574,1741.300672,13.38344398,7.2057,6.177743983
MRM,Ore,0.6,Jan,1.07,0.23693736,1639.294029,14.21624162,7.9099,6.306341618
MRM,Ore,0.6,Feb,1.07,0.23693736,1639.294029,14.21624162,8.3314,5.884841618
MRM,Ore,0.6,Mar,1.027,0.23693736,1573.415858,14.21624162,7.9672,6.249041618
MRM,Ore,0.6,Apr,0.958,0.23693736,1467.704374,14.21624162,7.9729,6.243341618
MRM,Ore,0.6,May,0.958,0.23693736,1467.704374,14.21624162,7.5509,6.665341618
MRM,Ore,0.6,Jun,0.958,0.23693736,1467.704374,14.21624162,7.74,6.476241618
MRM,Ore,0.6,Jul,0.958,0.23693736,1467.704374,14.21624162,7.7183,6.497941618
MRM,Ore,0.6,Aug,0.958,0.23693736,1467.704374,14.21624162,7.8197,6.396541618
MRM,Ore,0.6,Sep,0.958,0.23693736,1467.704374,14.21624162,7.734,6.482241618
MRM,Ore,0.6,Oct,0.987,0.23693736,1512.133838,14.21624162,7.185,7.031241618
MRM,Ore,0.6,Nov,1.027,0.23693736,1573.415858,14.21624162,7.2715,6.944741618
MRM,Ore,0.6,Dec,1.07,0.23693736,1639.294029,14.21624162,7.2057,7.010541618
MRM,Ore,0.7,Jan,1.07,0.249344405,1557.724946,14.9606643,7.9099,7.050764305
MRM,Ore,0.7,Feb,1.07,0.249344405,1557.724946,14.9606643,8.3314,6.629264305
MRM,Ore,0.7,Mar,1.027,0.249344405,1495.124785,14.9606643,7.9672,6.993464305
MRM,Ore,0.7,Apr,0.958,0.249344405,1394.673363,14.9606643,7.9729,6.987764305
MRM,Ore,0.7,May,0.958,0.249344405,1394.673363,14.9606643,7.5509,7.409764305
MRM,Ore,0.7,Jun,0.958,0.249344405,1394.673363,14.9606643,7.74,7.220664305
MRM,Ore,0.7,Jul,0.958,0.249344405,1394.673363,14.9606643,7.7183,7.242364305
MRM,Ore,0.7,Aug,0.958,0.249344405,1394.673363,14.9606643,7.8197,7.140964305
MRM,Ore,0.7,Sep,0.958,0.249344405,1394.673363,14.9606643,7.734,7.226664305
MRM,Ore,0.7,Oct,0.987,0.249344405,1436.892077,14.9606643,7.185,7.775664305
MRM,Ore,0.7,Nov,1.027,0.249344405,1495.124785,14.9606643,7.2715,7.689164305
MRM,Ore,0.7,Dec,1.07,0.249344405,1557.724946,14.9606643,7.2057,7.754964305
MRM,Ore,0.8,Jan,1.07,0.260615812,1490.354699,15.63694871,7.9099,7.727048714
MRM,Ore,0.8,Feb,1.07,0.260615812,1490.354699,15.63694871,8.3314,7.305548714
MRM,Ore,0.8,Mar,1.027,0.260615812,1430.46194,15.63694871,7.9672,7.669748714
MRM,Ore,0.8,Apr,0.958,0.260615812,1334.354955,15.63694871,7.9729,7.664048714
MRM,Ore,0.8,May,0.958,0.260615812,1334.354955,15.63694871,7.5509,8.086048714
MRM,Ore,0.8,Jun,0.958,0.260615812,1334.354955,15.63694871,7.74,7.896948714
MRM,Ore,0.8,Jul,0.958,0.260615812,1334.354955,15.63694871,7.7183,7.918648714
MRM,Ore,0.8,Aug,0.958,0.260615812,1334.354955,15.63694871,7.8197,7.817248714
MRM,Ore,0.8,Sep,0.958,0.260615812,1334.354955,15.63694871,7.734,7.902948714
MRM,Ore,0.8,Oct,0.987,0.260615812,1374.747746,15.63694871,7.185,8.451948714
MRM,Ore,0.8,Nov,1.027,0.260615812,1430.46194,15.63694871,7.2715,8.365448714
MRM,Ore,0.8,Dec,1.07,0.260615812,1490.354699,15.63694871,7.2057,8.431248714
MRM,Ore,0.9,Jan,1.07,0.270980077,1433.352609,16.25880461,7.9099,8.34890461
MRM,Ore,0.9,Feb,1.07,0.270980077,1433.352609,16.25880461,8.3314,7.92740461
MRM,Ore,0.9,Mar,1.027,0.270980077,1375.750588,16.25880461,7.9672,8.29160461
MRM,Ore,0.9,Apr,0.958,0.270980077,1283.319438,16.25880461,7.9729,8.28590461
MRM,Ore,0.9,May,0.958,0.270980077,1283.319438,16.25880461,7.5509,8.70790461
MRM,Ore,0.9,Jun,0.958,0.270980077,1283.319438,16.25880461,7.74,8.51880461
MRM,Ore,0.9,Jul,0.958,0.270980077,1283.319438,16.25880461,7.7183,8.54050461
MRM,Ore,0.9,Aug,0.958,0.270980077,1283.319438,16.25880461,7.8197,8.43910461
MRM,Ore,0.9,Sep,0.958,0.270980077,1283.319438,16.25880461,7.734,8.52480461
MRM,Ore,0.9,Oct,0.987,0.270980077,1322.167313,16.25880461,7.185,9.07380461
MRM,Ore,0.9,Nov,1.027,0.270980077,1375.750588,16.25880461,7.2715,8.98730461
MRM,Ore,0.9,Dec,1.07,0.270980077,1433.352609,16.25880461,7.2057,9.05310461
MRM,Ore,1,Jan,1.07,0.2806,1384.212402,16.836,7.9099,8.9261
MRM,Ore,1,Feb,1.07,0.2806,1384.212402,16.836,8.3314,8.5046
MRM,Ore,1,Mar,1.027,0.2806,1328.585175,16.836,7.9672,8.8688
MRM,Ore,1,Apr,0.958,0.2806,1239.32288,16.836,7.9729,8.8631
MRM,Ore,1,May,0.958,0.2806,1239.32288,16.836,7.5509,9.2851
MRM,Ore,1,Jun,0.958,0.2806,1239.32288,16.836,7.74,9.096
MRM,Ore,1,Jul,0.958,0.2806,1239.32288,16.836,7.7183,9.1177
MRM,Ore,1,Aug,0.958,0.2806,1239.32288,16.836,7.8197,9.0163
MRM,Ore,1,Sep,0.958,0.2806,1239.32288,16.836,7.734,9.102
MRM,Ore,1,Oct,0.987,0.2806,1276.838917,16.836,7.185,9.651
MRM,Ore,1,Nov,1.027,0.2806,1328.585175,16.836,7.2715,9.5645
MRM,Ore,1,Dec,1.07,0.2806,1384.212402,16.836,7.2057,9.6303
MRM,Ore,1.1,Jan,1.07,0.289596151,1341.212579,17.37576903,7.9099,9.465869034
MRM,Ore,1.1,Feb,1.07,0.289596151,1341.212579,17.37576903,8.3314,9.044369034
MRM,Ore,1.1,Mar,1.027,0.289596151,1287.313382,17.37576903,7.9672,9.408569034
MRM,Ore,1.1,Apr,0.958,0.289596151,1200.823973,17.37576903,7.9729,9.402869034
MRM,Ore,1.1,May,0.958,0.289596151,1200.823973,17.37576903,7.5509,9.824869034
MRM,Ore,1.1,Jun,0.958,0.289596151,1200.823973,17.37576903,7.74,9.635769034
MRM,Ore,1.1,Jul,0.958,0.289596151,1200.823973,17.37576903,7.7183,9.657469034
MRM,Ore,1.1,Aug,0.958,0.289596151,1200.823973,17.37576903,7.8197,9.556069034
MRM,Ore,1.1,Sep,0.958,0.289596151,1200.823973,17.37576903,7.734,9.641769034
MRM,Ore,1.1,Oct,0.987,0.289596151,1237.174594,17.37576903,7.185,10.19076903
MRM,Ore,1.1,Nov,1.027,0.289596151,1287.313382,17.37576903,7.2715,10.10426903
MRM,Ore,1.1,Dec,1.07,0.289596151,1341.212579,17.37576903,7.2057,10.17006903
MRM,Ore,1.2,Jan,1.07,0.298060604,1303.124246,17.88363624,7.9099,9.973736243
MRM,Ore,1.2,Feb,1.07,0.298060604,1303.124246,17.88363624,8.3314,9.552236243
MRM,Ore,1.2,Mar,1.027,0.298060604,1250.755702,17.88363624,7.9672,9.916436243
MRM,Ore,1.2,Apr,0.958,0.298060604,1166.722456,17.88363624,7.9729,9.910736243
MRM,Ore,1.2,May,0.958,0.298060604,1166.722456,17.88363624,7.5509,10.33273624
MRM,Ore,1.2,Jun,0.958,0.298060604,1166.722456,17.88363624,7.74,10.14363624
MRM,Ore,1.2,Jul,0.958,0.298060604,1166.722456,17.88363624,7.7183,10.16533624
MRM,Ore,1.2,Aug,0.958,0.298060604,1166.722456,17.88363624,7.8197,10.06393624
MRM,Ore,1.2,Sep,0.958,0.298060604,1166.722456,17.88363624,7.734,10.14963624
MRM,Ore,1.2,Oct,0.987,0.298060604,1202.040777,17.88363624,7.185,10.69863624
MRM,Ore,1.2,Nov,1.027,0.298060604,1250.755702,17.88363624,7.2715,10.61213624
MRM,Ore,1.2,Dec,1.07,0.298060604,1303.124246,17.88363624,7.2057,10.67793624
MRM,Ore,1.3,Jan,1.07,0.306065452,1269.042282,18.36392714,7.9099,10.45402714
MRM,Ore,1.3,Feb,1.07,0.306065452,1269.042282,18.36392714,8.3314,10.03252714
MRM,Ore,1.3,Mar,1.027,0.306065452,1218.043386,18.36392714,7.9672,10.39672714
MRM,Ore,1.3,Apr,0.958,0.306065452,1136.207949,18.36392714,7.9729,10.39102714
MRM,Ore,1.3,May,0.958,0.306065452,1136.207949,18.36392714,7.5509,10.81302714
MRM,Ore,1.3,Jun,0.958,0.306065452,1136.207949,18.36392714,7.74,10.62392714
MRM,Ore,1.3,Jul,0.958,0.306065452,1136.207949,18.36392714,7.7183,10.64562714
MRM,Ore,1.3,Aug,0.958,0.306065452,1136.207949,18.36392714,7.8197,10.54422714
MRM,Ore,1.3,Sep,0.958,0.306065452,1136.207949,18.36392714,7.734,10.62992714
MRM,Ore,1.3,Oct,0.987,0.306065452,1170.602553,18.36392714,7.185,11.17892714
MRM,Ore,1.3,Nov,1.027,0.306065452,1218.043386,18.36392714,7.2715,11.09242714
MRM,Ore,1.3,Dec,1.07,0.306065452,1269.042282,18.36392714,7.2057,11.15822714
MRM,Ore,1.4,Jan,1.07,0.313668321,1238.282523,18.82009926,7.9099,10.91019926
MRM,Ore,1.4,Feb,1.07,0.313668321,1238.282523,18.82009926,8.3314,10.48869926
MRM,Ore,1.4,Mar,1.027,0.313668321,1188.519768,18.82009926,7.9672,10.85289926
MRM,Ore,1.4,Apr,0.958,0.313668321,1108.667904,18.82009926,7.9729,10.84719926
MRM,Ore,1.4,May,0.958,0.313668321,1108.667904,18.82009926,7.5509,11.26919926
MRM,Ore,1.4,Jun,0.958,0.313668321,1108.667904,18.82009926,7.74,11.08009926
MRM,Ore,1.4,Jul,0.958,0.313668321,1108.667904,18.82009926,7.7183,11.10179926
MRM,Ore,1.4,Aug,0.958,0.313668321,1108.667904,18.82009926,7.8197,11.00039926
MRM,Ore,1.4,Sep,0.958,0.313668321,1108.667904,18.82009926,7.734,11.08609926
MRM,Ore,1.4,Oct,0.987,0.313668321,1142.228832,18.82009926,7.185,11.63509926
MRM,Ore,1.4,Nov,1.027,0.313668321,1188.519768,18.82009926,7.2715,11.54859926
MRM,Ore,1.4,Dec,1.07,0.313668321,1238.282523,18.82009926,7.2057,11.61439926
MRM,Ore,1.5,Jan,1.07,0.320916083,1210.316406,19.25496497,7.9099,11.34506497
MRM,Ore,1.5,Feb,1.07,0.320916083,1210.316406,19.25496497,8.3314,10.92356497
MRM,Ore,1.5,Mar,1.027,0.320916083,1161.677522,19.25496497,7.9672,11.28776497
MRM,Ore,1.5,Apr,0.958,0.320916083,1083.629081,19.25496497,7.9729,11.28206497
MRM,Ore,1.5,May,0.958,0.320916083,1083.629081,19.25496497,7.5509,11.70406497
MRM,Ore,1.5,Jun,0.958,0.320916083,1083.629081,19.25496497,7.74,11.51496497
MRM,Ore,1.5,Jul,0.958,0.320916083,1083.629081,19.25496497,7.7183,11.53666497
MRM,Ore,1.5,Aug,0.958,0.320916083,1083.629081,19.25496497,7.8197,11.43526497
MRM,Ore,1.5,Sep,0.958,0.320916083,1083.629081,19.25496497,7.734,11.52096497
MRM,Ore,1.5,Oct,0.987,0.320916083,1116.432049,19.25496497,7.185,12.06996497
MRM,Ore,1.5,Nov,1.027,0.320916083,1161.677522,19.25496497,7.2715,11.98346497
MRM,Ore,1.5,Dec,1.07,0.320916083,1210.316406,19.25496497,7.2057,12.04926497
MRM,Ore,1.6,Jan,1.07,0.327847437,1184.727883,19.67084622,7.9099,11.76094622
MRM,Ore,1.6,Feb,1.07,0.327847437,1184.727883,19.67084622,8.3314,11.33944622
MRM,Ore,1.6,Mar,1.027,0.327847437,1137.117323,19.67084622,7.9672,11.70364622
MRM,Ore,1.6,Apr,0.958,0.327847437,1060.718983,19.67084622,7.9729,11.69794622
MRM,Ore,1.6,May,0.958,0.327847437,1060.718983,19.67084622,7.5509,12.11994622
MRM,Ore,1.6,Jun,0.958,0.327847437,1060.718983,19.67084622,7.74,11.93084622
MRM,Ore,1.6,Jul,0.958,0.327847437,1060.718983,19.67084622,7.7183,11.95254622
MRM,Ore,1.6,Aug,0.958,0.327847437,1060.718983,19.67084622,7.8197,11.85114622
MRM,Ore,1.6,Sep,0.958,0.327847437,1060.718983,19.67084622,7.734,11.93684622
MRM,Ore,1.6,Oct,0.987,0.327847437,1092.82843,19.67084622,7.185,12.48584622
MRM,Ore,1.6,Nov,1.027,0.327847437,1137.117323,19.67084622,7.2715,12.39934622
MRM,Ore,1.6,Dec,1.07,0.327847437,1184.727883,19.67084622,7.2057,12.46514622
MRM,Ore,1.7,Jan,1.07,0.334494749,1161.184147,20.06968494,7.9099,12.15978494
MRM,Ore,1.7,Feb,1.07,0.334494749,1161.184147,20.06968494,8.3314,11.73828494
MRM,Ore,1.7,Mar,1.027,0.334494749,1114.519738,20.06968494,7.9672,12.10248494
MRM,Ore,1.7,Apr,0.958,0.334494749,1039.639638,20.06968494,7.9729,12.09678494
MRM,Ore,1.7,May,0.958,0.334494749,1039.639638,20.06968494,7.5509,12.51878494
MRM,Ore,1.7,Jun,0.958,0.334494749,1039.639638,20.06968494,7.74,12.32968494
MRM,Ore,1.7,Jul,0.958,0.334494749,1039.639638,20.06968494,7.7183,12.35138494
MRM,Ore,1.7,Aug,0.958,0.334494749,1039.639638,20.06968494,7.8197,12.24998494
MRM,Ore,1.7,Sep,0.958,0.334494749,1039.639638,20.06968494,7.734,12.33568494
MRM,Ore,1.7,Oct,0.987,0.334494749,1071.110985,20.06968494,7.185,12.88468494
MRM,Ore,1.7,Nov,1.027,0.334494749,1114.519738,20.06968494,7.2715,12.79818494
MRM,Ore,1.7,Dec,1.07,0.334494749,1161.184147,20.06968494,7.2057,12.86398494
MRM,Ore,1.8,Jan,1.07,0.340885394,1139.415202,20.45312363,7.9099,12.54322363
MRM,Ore,1.8,Feb,1.07,0.340885394,1139.415202,20.45312363,8.3314,12.12172363
MRM,Ore,1.8,Mar,1.027,0.340885394,1093.625619,20.45312363,7.9672,12.48592363
MRM,Ore,1.8,Apr,0.958,0.340885394,1020.149312,20.45312363,7.9729,12.48022363
MRM,Ore,1.8,May,0.958,0.340885394,1020.149312,20.45312363,7.5509,12.90222363
MRM,Ore,1.8,Jun,0.958,0.340885394,1020.149312,20.45312363,7.74,12.71312363
MRM,Ore,1.8,Jul,0.958,0.340885394,1020.149312,20.45312363,7.7183,12.73482363
MRM,Ore,1.8,Aug,0.958,0.340885394,1020.149312,20.45312363,7.8197,12.63342363
MRM,Ore,1.8,Sep,0.958,0.340885394,1020.149312,20.45312363,7.734,12.71912363
MRM,Ore,1.8,Oct,0.987,0.340885394,1051.030659,20.45312363,7.185,13.26812363
MRM,Ore,1.8,Nov,1.027,0.340885394,1093.625619,20.45312363,7.2715,13.18162363
MRM,Ore,1.8,Dec,1.07,0.340885394,1139.415202,20.45312363,7.2057,13.24742363
MRM,Ore,1.9,Jan,1.07,0.347042756,1119.199271,20.82256538,7.9099,12.91266538
MRM,Ore,1.9,Feb,1.07,0.347042756,1119.199271,20.82256538,8.3314,12.49116538
MRM,Ore,1.9,Mar,1.027,0.347042756,1074.222104,20.82256538,7.9672,12.85536538
MRM,Ore,1.9,Apr,0.958,0.347042756,1002.049441,20.82256538,7.9729,12.84966538
MRM,Ore,1.9,May,0.958,0.347042756,1002.049441,20.82256538,7.5509,13.27166538
MRM,Ore,1.9,Jun,0.958,0.347042756,1002.049441,20.82256538,7.74,13.08256538
MRM,Ore,1.9,Jul,0.958,0.347042756,1002.049441,20.82256538,7.7183,13.10426538
MRM,Ore,1.9,Aug,0.958,0.347042756,1002.049441,20.82256538,7.8197,13.00286538
MRM,Ore,1.9,Sep,0.958,0.347042756,1002.049441,20.82256538,7.734,13.08856538
MRM,Ore,1.9,Oct,0.987,0.347042756,1032.382879,20.82256538,7.185,13.63756538
MRM,Ore,1.9,Nov,1.027,0.347042756,1074.222104,20.82256538,7.2715,13.55106538
MRM,Ore,1.9,Dec,1.07,0.347042756,1119.199271,20.82256538,7.2057,13.61686538
MRM,Ore,2,Jan,1.07,0.352986989,1100.352171,21.17921937,7.9099,13.26931937
MRM,Ore,2,Feb,1.07,0.352986989,1100.352171,21.17921937,8.3314,12.84781937
MRM,Ore,2,Mar,1.027,0.352986989,1056.13241,21.17921937,7.9672,13.21201937
MRM,Ore,2,Apr,0.958,0.352986989,985.1751209,21.17921937,7.9729,13.20631937
MRM,Ore,2,May,0.958,0.352986989,985.1751209,21.17921937,7.5509,13.62831937
MRM,Ore,2,Jun,0.958,0.352986989,985.1751209,21.17921937,7.74,13.43921937
MRM,Ore,2,Jul,0.958,0.352986989,985.1751209,21.17921937,7.7183,13.46091937
MRM,Ore,2,Aug,0.958,0.352986989,985.1751209,21.17921937,7.8197,13.35951937
MRM,Ore,2,Sep,0.958,0.352986989,985.1751209,21.17921937,7.734,13.44521937
MRM,Ore,2,Oct,0.987,0.352986989,1014.99775,21.17921937,7.185,13.99421937
MRM,Ore,2,Nov,1.027,0.352986989,1056.13241,21.17921937,7.2715,13.90771937
MRM,Ore,2,Dec,1.07,0.352986989,1100.352171,21.17921937,7.2057,13.97351937
MRM,Ore,2.1,Jan,1.07,0.358735598,1082.719423,21.52413591,7.9099,13.61423591
MRM,Ore,2.1,Feb,1.07,0.358735598,1082.719423,21.52413591,8.3314,13.19273591
MRM,Ore,2.1,Mar,1.027,0.358735598,1039.208268,21.52413591,7.9672,13.55693591
MRM,Ore,2.1,Apr,0.958,0.358735598,969.3880438,21.52413591,7.9729,13.55123591
MRM,Ore,2.1,May,0.958,0.358735598,969.3880438,21.52413591,7.5509,13.97323591
MRM,Ore,2.1,Jun,0.958,0.358735598,969.3880438,21.52413591,7.74,13.78413591
MRM,Ore,2.1,Jul,0.958,0.358735598,969.3880438,21.52413591,7.7183,13.80583591
MRM,Ore,2.1,Aug,0.958,0.358735598,969.3880438,21.52413591,7.8197,13.70443591
MRM,Ore,2.1,Sep,0.958,0.358735598,969.3880438,21.52413591,7.734,13.79013591
MRM,Ore,2.1,Oct,0.987,0.358735598,998.7327758,21.52413591,7.185,14.33913591
MRM,Ore,2.1,Nov,1.027,0.358735598,1039.208268,21.52413591,7.2715,14.25263591
MRM,Ore,2.1,Dec,1.07,0.358735598,1082.719423,21.52413591,7.2057,14.31843591
MRM,Ore,2.2,Jan,1.07,0.364303896,1066.170315,21.85823379,7.9099,13.94833379
MRM,Ore,2.2,Feb,1.07,0.364303896,1066.170315,21.85823379,8.3314,13.52683379
MRM,Ore,2.2,Mar,1.027,0.364303896,1023.324218,21.85823379,7.9672,13.89103379
MRM,Ore,2.2,Apr,0.958,0.364303896,954.5711791,21.85823379,7.9729,13.88533379
MRM,Ore,2.2,May,0.958,0.364303896,954.5711791,21.85823379,7.5509,14.30733379
MRM,Ore,2.2,Jun,0.958,0.364303896,954.5711791,21.85823379,7.74,14.11823379
MRM,Ore,2.2,Jul,0.958,0.364303896,954.5711791,21.85823379,7.7183,14.13993379
MRM,Ore,2.2,Aug,0.958,0.364303896,954.5711791,21.85823379,7.8197,14.03853379
MRM,Ore,2.2,Sep,0.958,0.364303896,954.5711791,21.85823379,7.734,14.12423379
MRM,Ore,2.2,Oct,0.987,0.364303896,983.4673839,21.85823379,7.185,14.67323379
MRM,Ore,2.2,Nov,1.027,0.364303896,1023.324218,21.85823379,7.2715,14.58673379
MRM,Ore,2.2,Dec,1.07,0.364303896,1066.170315,21.85823379,7.2057,14.65253379
MRM,Ore,2.3,Jan,1.07,0.369705365,1050.593355,22.18232191,7.9099,14.27242191
MRM,Ore,2.3,Feb,1.07,0.369705365,1050.593355,22.18232191,8.3314,13.85092191
MRM,Ore,2.3,Mar,1.027,0.369705365,1008.373248,22.18232191,7.9672,14.21512191
MRM,Ore,2.3,Apr,0.958,0.369705365,940.6247047,22.18232191,7.9729,14.20942191
MRM,Ore,2.3,May,0.958,0.369705365,940.6247047,22.18232191,7.5509,14.63142191
MRM,Ore,2.3,Jun,0.958,0.369705365,940.6247047,22.18232191,7.74,14.44232191
MRM,Ore,2.3,Jul,0.958,0.369705365,940.6247047,22.18232191,7.7183,14.46402191
MRM,Ore,2.3,Aug,0.958,0.369705365,940.6247047,22.18232191,7.8197,14.36262191
MRM,Ore,2.3,Sep,0.958,0.369705365,940.6247047,22.18232191,7.734,14.44832191
MRM,Ore,2.3,Oct,0.987,0.369705365,969.0987302,22.18232191,7.185,14.99732191
MRM,Ore,2.3,Nov,1.027,0.369705365,1008.373248,22.18232191,7.2715,14.91082191
MRM,Ore,2.3,Dec,1.07,0.369705365,1050.593355,22.18232191,7.2057,14.97662191
MRM,Ore,2.4,Jan,1.07,0.374951943,1035.892751,22.4971166,7.9099,14.5872166
MRM,Ore,2.4,Feb,1.07,0.374951943,1035.892751,22.4971166,8.3314,14.1657166
MRM,Ore,2.4,Mar,1.027,0.374951943,994.263416,22.4971166,7.9672,14.5299166
MRM,Ore,2.4,Apr,0.958,0.374951943,927.4628554,22.4971166,7.9729,14.5242166
MRM,Ore,2.4,May,0.958,0.374951943,927.4628554,22.4971166,7.5509,14.9462166
MRM,Ore,2.4,Jun,0.958,0.374951943,927.4628554,22.4971166,7.74,14.7571166
MRM,Ore,2.4,Jul,0.958,0.374951943,927.4628554,22.4971166,7.7183,14.7788166
MRM,Ore,2.4,Aug,0.958,0.374951943,927.4628554,22.4971166,7.8197,14.6774166
MRM,Ore,2.4,Sep,0.958,0.374951943,927.4628554,22.4971166,7.734,14.7631166
MRM,Ore,2.4,Oct,0.987,0.374951943,955.5384534,22.4971166,7.185,15.3121166
MRM,Ore,2.4,Nov,1.027,0.374951943,994.263416,22.4971166,7.2715,15.2256166
MRM,Ore,2.4,Dec,1.07,0.374951943,1035.892751,22.4971166,7.2057,15.2914166
MRM,Ore,2.5,Jan,1.07,0.380054259,1021.985653,22.80325553,7.9099,14.89335553
MRM,Ore,2.5,Feb,1.07,0.380054259,1021.985653,22.80325553,8.3314,14.47185553
MRM,Ore,2.5,Mar,1.027,0.380054259,980.9152017,22.80325553,7.9672,14.83605553
MRM,Ore,2.5,Apr,0.958,0.380054259,915.011454,22.80325553,7.9729,14.83035553
MRM,Ore,2.5,May,0.958,0.380054259,915.011454,22.80325553,7.5509,15.25235553
MRM,Ore,2.5,Jun,0.958,0.380054259,915.011454,22.80325553,7.74,15.06325553
MRM,Ore,2.5,Jul,0.958,0.380054259,915.011454,22.80325553,7.7183,15.08495553
MRM,Ore,2.5,Aug,0.958,0.380054259,915.011454,22.80325553,7.8197,14.98355553
MRM,Ore,2.5,Sep,0.958,0.380054259,915.011454,22.80325553,7.734,15.06925553
MRM,Ore,2.5,Oct,0.987,0.380054259,942.7101306,22.80325553,7.185,15.61825553
MRM,Ore,2.5,Nov,1.027,0.380054259,980.9152017,22.80325553,7.2715,15.53175553
MRM,Ore,2.5,Dec,1.07,0.380054259,1021.985653,22.80325553,7.2057,15.59755553
MRM,Ore,2.6,Jan,1.07,0.38502182,1008.79997,23.10130918,7.9099,15.19140918
MRM,Ore,2.6,Feb,1.07,0.38502182,1008.79997,23.10130918,8.3314,14.76990918
MRM,Ore,2.6,Mar,1.027,0.38502182,968.2594102,23.10130918,7.9672,15.13410918
MRM,Ore,2.6,Apr,0.958,0.38502182,903.2059542,23.10130918,7.9729,15.12840918
MRM,Ore,2.6,May,0.958,0.38502182,903.2059542,23.10130918,7.5509,15.55040918
MRM,Ore,2.6,Jun,0.958,0.38502182,903.2059542,23.10130918,7.74,15.36130918
MRM,Ore,2.6,Jul,0.958,0.38502182,903.2059542,23.10130918,7.7183,15.38300918
MRM,Ore,2.6,Aug,0.958,0.38502182,903.2059542,23.10130918,7.8197,15.28160918
MRM,Ore,2.6,Sep,0.958,0.38502182,903.2059542,23.10130918,7.734,15.36730918
MRM,Ore,2.6,Oct,0.987,0.38502182,930.5472618,23.10130918,7.185,15.91630918
MRM,Ore,2.6,Nov,1.027,0.38502182,968.2594102,23.10130918,7.2715,15.82980918
MRM,Ore,2.6,Dec,1.07,0.38502182,1008.79997,23.10130918,7.2057,15.89560918
MRM,Ore,2.7,Jan,1.07,0.389863169,996.272617,23.39179016,7.9099,15.48189016
MRM,Ore,2.7,Feb,1.07,0.389863169,996.272617,23.39179016,8.3314,15.06039016
MRM,Ore,2.7,Mar,1.027,0.389863169,956.2354932,23.39179016,7.9672,15.42459016
MRM,Ore,2.7,Apr,0.958,0.389863169,891.9898758,23.39179016,7.9729,15.41889016
MRM,Ore,2.7,May,0.958,0.389863169,891.9898758,23.39179016,7.5509,15.84089016
MRM,Ore,2.7,Jun,0.958,0.389863169,891.9898758,23.39179016,7.74,15.65179016
MRM,Ore,2.7,Jul,0.958,0.389863169,891.9898758,23.39179016,7.7183,15.67349016
MRM,Ore,2.7,Aug,0.958,0.389863169,891.9898758,23.39179016,7.8197,15.57209016
MRM,Ore,2.7,Sep,0.958,0.389863169,891.9898758,23.39179016,7.734,15.65779016
MRM,Ore,2.7,Oct,0.987,0.389863169,918.991657,23.39179016,7.185,16.20679016
MRM,Ore,2.7,Nov,1.027,0.389863169,956.2354932,23.39179016,7.2715,16.12029016
MRM,Ore,2.7,Dec,1.07,0.389863169,996.272617,23.39179016,7.2057,16.18609016
MRM,Ore,2.8,Jan,1.07,0.394586017,984.3481102,23.67516101,7.9099,15.76526101
MRM,Ore,2.8,Feb,1.07,0.394586017,984.3481102,23.67516101,8.3314,15.34376101
MRM,Ore,2.8,Mar,1.027,0.394586017,944.7901955,23.67516101,7.9672,15.70796101
MRM,Ore,2.8,Apr,0.958,0.394586017,881.3135417,23.67516101,7.9729,15.70226101
MRM,Ore,2.8,May,0.958,0.394586017,881.3135417,23.67516101,7.5509,16.12426101
MRM,Ore,2.8,Jun,0.958,0.394586017,881.3135417,23.67516101,7.74,15.93516101
MRM,Ore,2.8,Jul,0.958,0.394586017,881.3135417,23.67516101,7.7183,15.95686101
MRM,Ore,2.8,Aug,0.958,0.394586017,881.3135417,23.67516101,7.8197,15.85546101
MRM,Ore,2.8,Sep,0.958,0.394586017,881.3135417,23.67516101,7.734,15.94116101
MRM,Ore,2.8,Oct,0.987,0.394586017,907.9921353,23.67516101,7.185,16.49016101
MRM,Ore,2.8,Nov,1.027,0.394586017,944.7901955,23.67516101,7.2715,16.40366101
MRM,Ore,2.8,Dec,1.07,0.394586017,984.3481102,23.67516101,7.2057,16.46946101
MRM,Ore,2.9,Jan,1.07,0.399197345,972.9774139,23.95184068,7.9099,16.04194068
MRM,Ore,2.9,Feb,1.07,0.399197345,972.9774139,23.95184068,8.3314,15.62044068
MRM,Ore,2.9,Mar,1.027,0.399197345,933.8764524,23.95184068,7.9672,15.98464068
MRM,Ore,2.9,Apr,0.958,0.399197345,871.133049,23.95184068,7.9729,15.97894068
MRM,Ore,2.9,May,0.958,0.399197345,871.133049,23.95184068,7.5509,16.40094068
MRM,Ore,2.9,Jun,0.958,0.399197345,871.133049,23.95184068,7.74,16.21184068
MRM,Ore,2.9,Jul,0.958,0.399197345,871.133049,23.95184068,7.7183,16.23354068
MRM,Ore,2.9,Aug,0.958,0.399197345,871.133049,23.95184068,7.8197,16.13214068
MRM,Ore,2.9,Sep,0.958,0.399197345,871.133049,23.95184068,7.734,16.21784068
MRM,Ore,2.9,Oct,0.987,0.399197345,897.5034649,23.95184068,7.185,16.76684068
MRM,Ore,2.9,Nov,1.027,0.399197345,933.8764524,23.95184068,7.2715,16.68034068
MRM,Ore,2.9,Dec,1.07,0.399197345,972.9774139,23.95184068,7.2057,16.74614068
MRM,Ore,3,Jan,1.07,0.4037035,962.1170004,24.22220997,7.9099,16.31230997
MRM,Ore,3,Feb,1.07,0.4037035,962.1170004,24.22220997,8.3314,15.89080997
MRM,Ore,3,Mar,1.027,0.4037035,923.4524854,24.22220997,7.9672,16.25500997
MRM,Ore,3,Apr,0.958,0.4037035,861.4094265,24.22220997,7.9729,16.24930997
MRM,Ore,3,May,0.958,0.4037035,861.4094265,24.22220997,7.5509,16.67130997
MRM,Ore,3,Jun,0.958,0.4037035,861.4094265,24.22220997,7.74,16.48220997
MRM,Ore,3,Jul,0.958,0.4037035,861.4094265,24.22220997,7.7183,16.50390997
MRM,Ore,3,Aug,0.958,0.4037035,861.4094265,24.22220997,7.8197,16.40250997
MRM,Ore,3,Sep,0.958,0.4037035,861.4094265,24.22220997,7.734,16.48820997
MRM,Ore,3,Oct,0.987,0.4037035,887.4854947,24.22220997,7.185,17.03720997
MRM,Ore,3,Nov,1.027,0.4037035,923.4524854,24.22220997,7.2715,16.95070997
MRM,Ore,3,Dec,1.07,0.4037035,962.1170004,24.22220997,7.2057,17.01650997
MRM,Ore,3.1,Jan,1.07,0.40811027,951.7280716,24.48661618,7.9099,16.57671618
MRM,Ore,3.1,Feb,1.07,0.40811027,951.7280716,24.48661618,8.3314,16.15521618
MRM,Ore,3.1,Mar,1.027,0.40811027,913.4810557,24.48661618,7.9672,16.51941618
MRM,Ore,3.1,Apr,0.958,0.40811027,852.107937,24.48661618,7.9729,16.51371618
MRM,Ore,3.1,May,0.958,0.40811027,852.107937,24.48661618,7.5509,16.93571618
MRM,Ore,3.1,Jun,0.958,0.40811027,852.107937,24.48661618,7.74,16.74661618
MRM,Ore,3.1,Jul,0.958,0.40811027,852.107937,24.48661618,7.7183,16.76831618
MRM,Ore,3.1,Aug,0.958,0.40811027,852.107937,24.48661618,7.8197,16.66691618
MRM,Ore,3.1,Sep,0.958,0.40811027,852.107937,24.48661618,7.734,16.75261618
MRM,Ore,3.1,Oct,0.987,0.40811027,877.9024362,24.48661618,7.185,17.30161618
MRM,Ore,3.1,Nov,1.027,0.40811027,913.4810557,24.48661618,7.2715,17.21511618
MRM,Ore,3.1,Dec,1.07,0.40811027,951.7280716,24.48661618,7.2057,17.28091618
MRM,Ore,3.2,Jan,1.07,0.41242295,941.775912,24.74537701,7.9099,16.83547701
MRM,Ore,3.2,Feb,1.07,0.41242295,941.775912,24.74537701,8.3314,16.41397701
MRM,Ore,3.2,Mar,1.027,0.41242295,903.9288426,24.74537701,7.9672,16.77817701
MRM,Ore,3.2,Apr,0.958,0.41242295,843.1974988,24.74537701,7.9729,16.77247701
MRM,Ore,3.2,May,0.958,0.41242295,843.1974988,24.74537701,7.5509,17.19447701
MRM,Ore,3.2,Jun,0.958,0.41242295,843.1974988,24.74537701,7.74,17.00537701
MRM,Ore,3.2,Jul,0.958,0.41242295,843.1974988,24.74537701,7.7183,17.02707701
MRM,Ore,3.2,Aug,0.958,0.41242295,843.1974988,24.74537701,7.8197,16.92567701
MRM,Ore,3.2,Sep,0.958,0.41242295,843.1974988,24.74537701,7.734,17.01137701
MRM,Ore,3.2,Oct,0.987,0.41242295,868.7222665,24.74537701,7.185,17.56037701
MRM,Ore,3.2,Nov,1.027,0.41242295,903.9288426,24.74537701,7.2715,17.47387701
MRM,Ore,3.2,Dec,1.07,0.41242295,941.775912,24.74537701,7.2057,17.53967701
MRM,Ore,3.3,Jan,1.07,0.416646399,932.2293469,24.99878391,7.9099,17.08888391
MRM,Ore,3.3,Feb,1.07,0.416646399,932.2293469,24.99878391,8.3314,16.66738391
MRM,Ore,3.3,Mar,1.027,0.416646399,894.7659245,24.99878391,7.9672,17.03158391
MRM,Ore,3.3,Apr,0.958,0.416646399,834.6502003,24.99878391,7.9729,17.02588391
MRM,Ore,3.3,May,0.958,0.416646399,834.6502003,24.99878391,7.5509,17.44788391
MRM,Ore,3.3,Jun,0.958,0.416646399,834.6502003,24.99878391,7.74,17.25878391
MRM,Ore,3.3,Jul,0.958,0.416646399,834.6502003,24.99878391,7.7183,17.28048391
MRM,Ore,3.3,Aug,0.958,0.416646399,834.6502003,24.99878391,7.8197,17.17908391
MRM,Ore,3.3,Sep,0.958,0.416646399,834.6502003,24.99878391,7.734,17.26478391
MRM,Ore,3.3,Oct,0.987,0.416646399,859.9162293,24.99878391,7.185,17.81378391
MRM,Ore,3.3,Nov,1.027,0.416646399,894.7659245,24.99878391,7.2715,17.72728391
MRM,Ore,3.3,Dec,1.07,0.416646399,932.2293469,24.99878391,7.2057,17.79308391
MRM,Ore,3.4,Jan,1.07,0.420785084,923.0602869,25.24710502,7.9099,17.33720502
MRM,Ore,3.4,Feb,1.07,0.420785084,923.0602869,25.24710502,8.3314,16.91570502
MRM,Ore,3.4,Mar,1.027,0.420785084,885.9653408,25.24710502,7.9672,17.27990502
MRM,Ore,3.4,Apr,0.958,0.420785084,826.4408924,25.24710502,7.9729,17.27420502
MRM,Ore,3.4,May,0.958,0.420785084,826.4408924,25.24710502,7.5509,17.69620502
MRM,Ore,3.4,Jun,0.958,0.420785084,826.4408924,25.24710502,7.74,17.50710502
MRM,Ore,3.4,Jul,0.958,0.420785084,826.4408924,25.24710502,7.7183,17.52880502
MRM,Ore,3.4,Aug,0.958,0.420785084,826.4408924,25.24710502,7.8197,17.42740502
MRM,Ore,3.4,Sep,0.958,0.420785084,826.4408924,25.24710502,7.734,17.51310502
MRM,Ore,3.4,Oct,0.987,0.420785084,851.4584142,25.24710502,7.185,18.06210502
MRM,Ore,3.4,Nov,1.027,0.420785084,885.9653408,25.24710502,7.2715,17.97560502
MRM,Ore,3.4,Dec,1.07,0.420785084,923.0602869,25.24710502,7.2057,18.04140502
MRM,Ore,3.5,Jan,1.07,0.424843126,914.2433426,25.49058759,7.9099,17.58068759
MRM,Ore,3.5,Feb,1.07,0.424843126,914.2433426,25.49058759,8.3314,17.15918759
MRM,Ore,3.5,Mar,1.027,0.424843126,877.5027223,25.49058759,7.9672,17.52338759
MRM,Ore,3.5,Apr,0.958,0.424843126,818.5468432,25.49058759,7.9729,17.51768759
MRM,Ore,3.5,May,0.958,0.424843126,818.5468432,25.49058759,7.5509,17.93968759
MRM,Ore,3.5,Jun,0.958,0.424843126,818.5468432,25.49058759,7.74,17.75058759
MRM,Ore,3.5,Jul,0.958,0.424843126,818.5468432,25.49058759,7.7183,17.77228759
MRM,Ore,3.5,Aug,0.958,0.424843126,818.5468432,25.49058759,7.8197,17.67088759
MRM,Ore,3.5,Sep,0.958,0.424843126,818.5468432,25.49058759,7.734,17.75658759
MRM,Ore,3.5,Oct,0.987,0.424843126,843.3254011,25.49058759,7.185,18.30558759
MRM,Ore,3.5,Nov,1.027,0.424843126,877.5027223,25.49058759,7.2715,18.21908759
MRM,Ore,3.5,Dec,1.07,0.424843126,914.2433426,25.49058759,7.2057,18.28488759
MRM,Ore,3.6,Jan,1.07,0.428824337,905.7554961,25.72946021,7.9099,17.81956021
MRM,Ore,3.6,Feb,1.07,0.428824337,905.7554961,25.72946021,8.3314,17.39806021
MRM,Ore,3.6,Mar,1.027,0.428824337,869.3559762,25.72946021,7.9672,17.76226021
MRM,Ore,3.6,Apr,0.958,0.428824337,810.9474442,25.72946021,7.9729,17.75656021
MRM,Ore,3.6,May,0.958,0.428824337,810.9474442,25.72946021,7.5509,18.17856021
MRM,Ore,3.6,Jun,0.958,0.428824337,810.9474442,25.72946021,7.74,17.98946021
MRM,Ore,3.6,Jul,0.958,0.428824337,810.9474442,25.72946021,7.7183,18.01116021
MRM,Ore,3.6,Aug,0.958,0.428824337,810.9474442,25.72946021,7.8197,17.90976021
MRM,Ore,3.6,Sep,0.958,0.428824337,810.9474442,25.72946021,7.734,17.99546021
MRM,Ore,3.6,Oct,0.987,0.428824337,835.4959577,25.72946021,7.185,18.54446021
MRM,Ore,3.6,Nov,1.027,0.428824337,869.3559762,25.72946021,7.2715,18.45796021
MRM,Ore,3.6,Dec,1.07,0.428824337,905.7554961,25.72946021,7.2057,18.52376021
MRM,Ore,3.7,Jan,1.07,0.432732245,897.5758214,25.96393468,7.9099,18.05403468
MRM,Ore,3.7,Feb,1.07,0.432732245,897.5758214,25.96393468,8.3314,17.63253468
MRM,Ore,3.7,Mar,1.027,0.432732245,861.5050174,25.96393468,7.9672,17.99673468
MRM,Ore,3.7,Apr,0.958,0.432732245,803.6239597,25.96393468,7.9729,17.99103468
MRM,Ore,3.7,May,0.958,0.432732245,803.6239597,25.96393468,7.5509,18.41303468
MRM,Ore,3.7,Jun,0.958,0.432732245,803.6239597,25.96393468,7.74,18.22393468
MRM,Ore,3.7,Jul,0.958,0.432732245,803.6239597,25.96393468,7.7183,18.24563468
MRM,Ore,3.7,Aug,0.958,0.432732245,803.6239597,25.96393468,7.8197,18.14423468
MRM,Ore,3.7,Sep,0.958,0.432732245,803.6239597,25.96393468,7.734,18.22993468
MRM,Ore,3.7,Oct,0.987,0.432732245,827.9507811,25.96393468,7.185,18.77893468
MRM,Ore,3.7,Nov,1.027,0.432732245,861.5050174,25.96393468,7.2715,18.69243468
MRM,Ore,3.7,Dec,1.07,0.432732245,897.5758214,25.96393468,7.2057,18.75823468
MRM,Ore,3.8,Jan,1.07,0.436570127,889.6852432,26.19420765,7.9099,18.28430765
MRM,Ore,3.8,Feb,1.07,0.436570127,889.6852432,26.19420765,8.3314,17.86280765
MRM,Ore,3.8,Mar,1.027,0.436570127,853.9315372,26.19420765,7.9672,18.22700765
MRM,Ore,3.8,Apr,0.958,0.436570127,796.5593112,26.19420765,7.9729,18.22130765
MRM,Ore,3.8,May,0.958,0.436570127,796.5593112,26.19420765,7.5509,18.64330765
MRM,Ore,3.8,Jun,0.958,0.436570127,796.5593112,26.19420765,7.74,18.45420765
MRM,Ore,3.8,Jul,0.958,0.436570127,796.5593112,26.19420765,7.7183,18.47590765
MRM,Ore,3.8,Aug,0.958,0.436570127,796.5593112,26.19420765,7.8197,18.37450765
MRM,Ore,3.8,Sep,0.958,0.436570127,796.5593112,26.19420765,7.734,18.46020765
MRM,Ore,3.8,Oct,0.987,0.436570127,820.6722757,26.19420765,7.185,19.00920765
MRM,Ore,3.8,Nov,1.027,0.436570127,853.9315372,26.19420765,7.2715,18.92270765
MRM,Ore,3.8,Dec,1.07,0.436570127,889.6852432,26.19420765,7.2057,18.98850765
MRM,Ore,3.9,Jan,1.07,0.440341034,882.06633,26.42046205,7.9099,18.51056205
MRM,Ore,3.9,Feb,1.07,0.440341034,882.06633,26.42046205,8.3314,18.08906205
MRM,Ore,3.9,Mar,1.027,0.440341034,846.6188046,26.42046205,7.9672,18.45326205
MRM,Ore,3.9,Apr,0.958,0.440341034,789.7378918,26.42046205,7.9729,18.44756205
MRM,Ore,3.9,May,0.958,0.440341034,789.7378918,26.42046205,7.5509,18.86956205
MRM,Ore,3.9,Jun,0.958,0.440341034,789.7378918,26.42046205,7.74,18.68046205
MRM,Ore,3.9,Jul,0.958,0.440341034,789.7378918,26.42046205,7.7183,18.70216205
MRM,Ore,3.9,Aug,0.958,0.440341034,789.7378918,26.42046205,7.8197,18.60076205
MRM,Ore,3.9,Sep,0.958,0.440341034,789.7378918,26.42046205,7.734,18.68646205
MRM,Ore,3.9,Oct,0.987,0.440341034,813.6443624,26.42046205,7.185,19.23546205
MRM,Ore,3.9,Nov,1.027,0.440341034,846.6188046,26.42046205,7.2715,19.14896205
MRM,Ore,3.9,Dec,1.07,0.440341034,882.06633,26.42046205,7.2057,19.21476205
MRM,Ore,4,Jan,1.07,0.444047807,874.7031145,26.64286844,7.9099,18.73296844
MRM,Ore,4,Feb,1.07,0.444047807,874.7031145,26.64286844,8.3314,18.31146844
MRM,Ore,4,Mar,1.027,0.444047807,839.551494,26.64286844,7.9672,18.67566844
MRM,Ore,4,Apr,0.958,0.444047807,783.1454053,26.64286844,7.9729,18.66996844
MRM,Ore,4,May,0.958,0.444047807,783.1454053,26.64286844,7.5509,19.09196844
MRM,Ore,4,Jun,0.958,0.444047807,783.1454053,26.64286844,7.74,18.90286844
MRM,Ore,4,Jul,0.958,0.444047807,783.1454053,26.64286844,7.7183,18.92456844
MRM,Ore,4,Aug,0.958,0.444047807,783.1454053,26.64286844,7.8197,18.82316844
MRM,Ore,4,Sep,0.958,0.444047807,783.1454053,26.64286844,7.734,18.90886844
MRM,Ore,4,Oct,0.987,0.444047807,806.8523122,26.64286844,7.185,19.45786844
MRM,Ore,4,Nov,1.027,0.444047807,839.551494,26.64286844,7.2715,19.37136844
MRM,Ore,4,Dec,1.07,0.444047807,874.7031145,26.64286844,7.2057,19.43716844
MRM,Ore,4.1,Jan,1.07,0.447693101,867.5809374,26.86158604,7.9099,18.95168604
MRM,Ore,4.1,Feb,1.07,0.447693101,867.5809374,26.86158604,8.3314,18.53018604
MRM,Ore,4.1,Mar,1.027,0.447693101,832.7155352,26.86158604,7.9672,18.89438604
MRM,Ore,4.1,Apr,0.958,0.447693101,776.7687271,26.86158604,7.9729,18.88868604
MRM,Ore,4.1,May,0.958,0.447693101,776.7687271,26.86158604,7.5509,19.31068604
MRM,Ore,4.1,Jun,0.958,0.447693101,776.7687271,26.86158604,7.74,19.12158604
MRM,Ore,4.1,Jul,0.958,0.447693101,776.7687271,26.86158604,7.7183,19.14328604
MRM,Ore,4.1,Aug,0.958,0.447693101,776.7687271,26.86158604,7.8197,19.04188604
MRM,Ore,4.1,Sep,0.958,0.447693101,776.7687271,26.86158604,7.734,19.12758604
MRM,Ore,4.1,Oct,0.987,0.447693101,800.282603,26.86158604,7.185,19.67658604
MRM,Ore,4.1,Nov,1.027,0.447693101,832.7155352,26.86158604,7.2715,19.59008604
MRM,Ore,4.1,Dec,1.07,0.447693101,867.5809374,26.86158604,7.2057,19.65588604
MRM,Ore,4.2,Jan,1.07,0.451279397,860.6863116,27.07676384,7.9099,19.16686384
MRM,Ore,4.2,Feb,1.07,0.451279397,860.6863116,27.07676384,8.3314,18.74536384
MRM,Ore,4.2,Mar,1.027,0.451279397,826.0979832,27.07676384,7.9672,19.10956384
MRM,Ore,4.2,Apr,0.958,0.451279397,770.5957818,27.07676384,7.9729,19.10386384
MRM,Ore,4.2,May,0.958,0.451279397,770.5957818,27.07676384,7.5509,19.52586384
MRM,Ore,4.2,Jun,0.958,0.451279397,770.5957818,27.07676384,7.74,19.33676384
MRM,Ore,4.2,Jul,0.958,0.451279397,770.5957818,27.07676384,7.7183,19.35846384
MRM,Ore,4.2,Aug,0.958,0.451279397,770.5957818,27.07676384,7.8197,19.25706384
MRM,Ore,4.2,Sep,0.958,0.451279397,770.5957818,27.07676384,7.734,19.34276384
MRM,Ore,4.2,Oct,0.987,0.451279397,793.922794,27.07676384,7.185,19.89176384
MRM,Ore,4.2,Nov,1.027,0.451279397,826.0979832,27.07676384,7.2715,19.80526384
MRM,Ore,4.2,Dec,1.07,0.451279397,860.6863116,27.07676384,7.2057,19.87106384
MRM,Ore,4.3,Jan,1.07,0.454809023,854.0068032,27.28854139,7.9099,19.37864139
MRM,Ore,4.3,Feb,1.07,0.454809023,854.0068032,27.28854139,8.3314,18.95714139
MRM,Ore,4.3,Mar,1.027,0.454809023,819.6869036,27.28854139,7.9672,19.32134139
MRM,Ore,4.3,Apr,0.958,0.454809023,764.6154369,27.28854139,7.9729,19.31564139
MRM,Ore,4.3,May,0.958,0.454809023,764.6154369,27.28854139,7.5509,19.73764139
MRM,Ore,4.3,Jun,0.958,0.454809023,764.6154369,27.28854139,7.74,19.54854139
MRM,Ore,4.3,Jul,0.958,0.454809023,764.6154369,27.28854139,7.7183,19.57024139
MRM,Ore,4.3,Aug,0.958,0.454809023,764.6154369,27.28854139,7.8197,19.46884139
MRM,Ore,4.3,Sep,0.958,0.454809023,764.6154369,27.28854139,7.734,19.55454139
MRM,Ore,4.3,Oct,0.987,0.454809023,787.7614157,27.28854139,7.185,20.10354139
MRM,Ore,4.3,Nov,1.027,0.454809023,819.6869036,27.28854139,7.2715,20.01704139
MRM,Ore,4.3,Dec,1.07,0.454809023,854.0068032,27.28854139,7.2057,20.08284139
MRM,Ore,4.4,Jan,1.07,0.458284161,847.5309269,27.49704968,7.9099,19.58714968
MRM,Ore,4.4,Feb,1.07,0.458284161,847.5309269,27.49704968,8.3314,19.16564968
MRM,Ore,4.4,Mar,1.027,0.458284161,813.4712729,27.49704968,7.9672,19.52984968
MRM,Ore,4.4,Apr,0.958,0.458284161,758.8174094,27.49704968,7.9729,19.52414968
MRM,Ore,4.4,May,0.958,0.458284161,758.8174094,27.49704968,7.5509,19.94614968
MRM,Ore,4.4,Jun,0.958,0.458284161,758.8174094,27.49704968,7.74,19.75704968
MRM,Ore,4.4,Jul,0.958,0.458284161,758.8174094,27.49704968,7.7183,19.77874968
MRM,Ore,4.4,Aug,0.958,0.458284161,758.8174094,27.49704968,7.8197,19.67734968
MRM,Ore,4.4,Sep,0.958,0.458284161,758.8174094,27.49704968,7.734,19.76304968
MRM,Ore,4.4,Oct,0.987,0.458284161,781.7878737,27.49704968,7.185,20.31204968
MRM,Ore,4.4,Nov,1.027,0.458284161,813.4712729,27.49704968,7.2715,20.22554968
MRM,Ore,4.4,Dec,1.07,0.458284161,847.5309269,27.49704968,7.2057,20.29134968
MRM,Ore,4.5,Jan,1.07,0.461706863,841.2480542,27.70241177,7.9099,19.79251177
MRM,Ore,4.5,Feb,1.07,0.461706863,841.2480542,27.70241177,8.3314,19.37101177
MRM,Ore,4.5,Mar,1.027,0.461706863,807.4408894,27.70241177,7.9672,19.73521177
MRM,Ore,4.5,Apr,0.958,0.461706863,753.1921831,27.70241177,7.9729,19.72951177
MRM,Ore,4.5,May,0.958,0.461706863,753.1921831,27.70241177,7.5509,20.15151177
MRM,Ore,4.5,Jun,0.958,0.461706863,753.1921831,27.70241177,7.74,19.96241177
MRM,Ore,4.5,Jul,0.958,0.461706863,753.1921831,27.70241177,7.7183,19.98411177
MRM,Ore,4.5,Aug,0.958,0.461706863,753.1921831,27.70241177,7.8197,19.88271177
MRM,Ore,4.5,Sep,0.958,0.461706863,753.1921831,27.70241177,7.734,19.96841177
MRM,Ore,4.5,Oct,0.987,0.461706863,775.992364,27.70241177,7.185,20.51741177
MRM,Ore,4.5,Nov,1.027,0.461706863,807.4408894,27.70241177,7.2715,20.43091177
MRM,Ore,4.5,Dec,1.07,0.461706863,841.2480542,27.70241177,7.2057,20.49671177
MRM,Ore,4.6,Jan,1.07,0.465079059,835.1483318,27.90474352,7.9099,19.99484352
MRM,Ore,4.6,Feb,1.07,0.465079059,835.1483318,27.90474352,8.3314,19.57334352
MRM,Ore,4.6,Mar,1.027,0.465079059,801.586296,27.90474352,7.9672,19.93754352
MRM,Ore,4.6,Apr,0.958,0.465079059,747.7309363,27.90474352,7.9729,19.93184352
MRM,Ore,4.6,May,0.958,0.465079059,747.7309363,27.90474352,7.5509,20.35384352
MRM,Ore,4.6,Jun,0.958,0.465079059,747.7309363,27.90474352,7.74,20.16474352
MRM,Ore,4.6,Jul,0.958,0.465079059,747.7309363,27.90474352,7.7183,20.18644352
MRM,Ore,4.6,Aug,0.958,0.465079059,747.7309363,27.90474352,7.8197,20.08504352
MRM,Ore,4.6,Sep,0.958,0.465079059,747.7309363,27.90474352,7.734,20.17074352
MRM,Ore,4.6,Oct,0.987,0.465079059,770.3657977,27.90474352,7.185,20.71974352
MRM,Ore,4.6,Nov,1.027,0.465079059,801.586296,27.90474352,7.2715,20.63324352
MRM,Ore,4.6,Dec,1.07,0.465079059,835.1483318,27.90474352,7.2057,20.69904352
MRM,Ore,4.7,Jan,1.07,0.468402568,829.22261,28.10415408,7.9099,20.19425408
MRM,Ore,4.7,Feb,1.07,0.468402568,829.22261,28.10415408,8.3314,19.77275408
MRM,Ore,4.7,Mar,1.027,0.468402568,795.8987107,28.10415408,7.9672,20.13695408
MRM,Ore,4.7,Apr,0.958,0.468402568,742.425477,28.10415408,7.9729,20.13125408
MRM,Ore,4.7,May,0.958,0.468402568,742.425477,28.10415408,7.5509,20.55325408
MRM,Ore,4.7,Jun,0.958,0.468402568,742.425477,28.10415408,7.74,20.36415408
MRM,Ore,4.7,Jul,0.958,0.468402568,742.425477,28.10415408,7.7183,20.38585408
MRM,Ore,4.7,Aug,0.958,0.468402568,742.425477,28.10415408,7.8197,20.28445408
MRM,Ore,4.7,Sep,0.958,0.468402568,742.425477,28.10415408,7.734,20.37015408
MRM,Ore,4.7,Oct,0.987,0.468402568,764.8997346,28.10415408,7.185,20.91915408
MRM,Ore,4.7,Nov,1.027,0.468402568,795.8987107,28.10415408,7.2715,20.83265408
MRM,Ore,4.7,Dec,1.07,0.468402568,829.22261,28.10415408,7.2057,20.89845408
MRM,Ore,4.8,Jan,1.07,0.471679108,823.4623784,28.30074647,7.9099,20.39084647
MRM,Ore,4.8,Feb,1.07,0.471679108,823.4623784,28.30074647,8.3314,19.96934647
MRM,Ore,4.8,Mar,1.027,0.471679108,790.3699651,28.30074647,7.9672,20.33354647
MRM,Ore,4.8,Apr,0.958,0.471679108,737.2681856,28.30074647,7.9729,20.32784647
MRM,Ore,4.8,May,0.958,0.471679108,737.2681856,28.30074647,7.5509,20.74984647
MRM,Ore,4.8,Jun,0.958,0.471679108,737.2681856,28.30074647,7.74,20.56074647
MRM,Ore,4.8,Jul,0.958,0.471679108,737.2681856,28.30074647,7.7183,20.58244647
MRM,Ore,4.8,Aug,0.958,0.471679108,737.2681856,28.30074647,7.8197,20.48104647
MRM,Ore,4.8,Sep,0.958,0.471679108,737.2681856,28.30074647,7.734,20.56674647
MRM,Ore,4.8,Oct,0.987,0.471679108,759.5863248,28.30074647,7.185,21.11574647
MRM,Ore,4.8,Nov,1.027,0.471679108,790.3699651,28.30074647,7.2715,21.02924647
MRM,Ore,4.8,Dec,1.07,0.471679108,823.4623784,28.30074647,7.2057,21.09504647
MRM,Ore,4.9,Jan,1.07,0.4749103,817.8597095,28.494618,7.9099,20.584718
MRM,Ore,4.9,Feb,1.07,0.4749103,817.8597095,28.494618,8.3314,20.163218
MRM,Ore,4.9,Mar,1.027,0.4749103,784.9924502,28.494618,7.9672,20.527418
MRM,Ore,4.9,Apr,0.958,0.4749103,732.2519642,28.494618,7.9729,20.521718
MRM,Ore,4.9,May,0.958,0.4749103,732.2519642,28.494618,7.5509,20.943718
MRM,Ore,4.9,Jun,0.958,0.4749103,732.2519642,28.494618,7.74,20.754618
MRM,Ore,4.9,Jul,0.958,0.4749103,732.2519642,28.494618,7.7183,20.776318
MRM,Ore,4.9,Aug,0.958,0.4749103,732.2519642,28.494618,7.8197,20.674918
MRM,Ore,4.9,Sep,0.958,0.4749103,732.2519642,28.494618,7.734,20.760618
MRM,Ore,4.9,Oct,0.987,0.4749103,754.4182554,28.494618,7.185,21.309618
MRM,Ore,4.9,Nov,1.027,0.4749103,784.9924502,28.494618,7.2715,21.223118
MRM,Ore,4.9,Dec,1.07,0.4749103,817.8597095,28.494618,7.2057,21.288918
MRM,Ore,5,Jan,1.07,0.478097679,812.4072073,28.68586073,7.9099,20.77596073
MRM,Ore,5,Feb,1.07,0.478097679,812.4072073,28.68586073,8.3314,20.35446073
MRM,Ore,5,Mar,1.027,0.478097679,779.7590672,28.68586073,7.9672,20.71866073
MRM,Ore,5,Apr,0.958,0.478097679,727.3701912,28.68586073,7.9729,20.71296073
MRM,Ore,5,May,0.958,0.478097679,727.3701912,28.68586073,7.5509,21.13496073
MRM,Ore,5,Jun,0.958,0.478097679,727.3701912,28.68586073,7.74,20.94586073
MRM,Ore,5,Jul,0.958,0.478097679,727.3701912,28.68586073,7.7183,20.96756073
MRM,Ore,5,Aug,0.958,0.478097679,727.3701912,28.68586073,7.8197,20.86616073
MRM,Ore,5,Sep,0.958,0.478097679,727.3701912,28.68586073,7.734,20.95186073
MRM,Ore,5,Oct,0.987,0.478097679,749.3887043,28.68586073,7.185,21.50086073
MRM,Ore,5,Nov,1.027,0.478097679,779.7590672,28.68586073,7.2715,21.41436073
MRM,Ore,5,Dec,1.07,0.478097679,812.4072073,28.68586073,7.2057,21.48016073
MRM,Ore,5.1,Jan,1.07,0.481242697,807.0979621,28.87456182,7.9099,20.96466182
MRM,Ore,5.1,Feb,1.07,0.481242697,807.0979621,28.87456182,8.3314,20.54316182
MRM,Ore,5.1,Mar,1.027,0.481242697,774.6631842,28.87456182,7.9672,20.90736182
MRM,Ore,5.1,Apr,0.958,0.481242697,722.6166801,28.87456182,7.9729,20.90166182
MRM,Ore,5.1,May,0.958,0.481242697,722.6166801,28.87456182,7.5509,21.32366182
MRM,Ore,5.1,Jun,0.958,0.481242697,722.6166801,28.87456182,7.74,21.13456182
MRM,Ore,5.1,Jul,0.958,0.481242697,722.6166801,28.87456182,7.7183,21.15626182
MRM,Ore,5.1,Aug,0.958,0.481242697,722.6166801,28.87456182,7.8197,21.05486182
MRM,Ore,5.1,Sep,0.958,0.481242697,722.6166801,28.87456182,7.734,21.14056182
MRM,Ore,5.1,Oct,0.987,0.481242697,744.4912977,28.87456182,7.185,21.68956182
MRM,Ore,5.1,Nov,1.027,0.481242697,774.6631842,28.87456182,7.2715,21.60306182
MRM,Ore,5.1,Dec,1.07,0.481242697,807.0979621,28.87456182,7.2057,21.66886182
MRM,Ore,5.2,Jan,1.07,0.484346732,801.9255099,29.06080392,7.9099,21.15090392
MRM,Ore,5.2,Feb,1.07,0.484346732,801.9255099,29.06080392,8.3314,20.72940392
MRM,Ore,5.2,Mar,1.027,0.484346732,769.6985969,29.06080392,7.9672,21.09360392
MRM,Ore,5.2,Apr,0.958,0.484346732,717.9856434,29.06080392,7.9729,21.08790392
MRM,Ore,5.2,May,0.958,0.484346732,717.9856434,29.06080392,7.5509,21.50990392
MRM,Ore,5.2,Jun,0.958,0.484346732,717.9856434,29.06080392,7.74,21.32080392
MRM,Ore,5.2,Jul,0.958,0.484346732,717.9856434,29.06080392,7.7183,21.34250392
MRM,Ore,5.2,Aug,0.958,0.484346732,717.9856434,29.06080392,7.8197,21.24110392
MRM,Ore,5.2,Sep,0.958,0.484346732,717.9856434,29.06080392,7.734,21.32680392
MRM,Ore,5.2,Oct,0.987,0.484346732,739.7200731,29.06080392,7.185,21.87580392
MRM,Ore,5.2,Nov,1.027,0.484346732,769.6985969,29.06080392,7.2715,21.78930392
MRM,Ore,5.2,Dec,1.07,0.484346732,801.9255099,29.06080392,7.2057,21.85510392
MRM,Ore,5.3,Jan,1.07,0.487411091,796.8837955,29.24466545,7.9099,21.33476545
MRM,Ore,5.3,Feb,1.07,0.487411091,796.8837955,29.24466545,8.3314,20.91326545
MRM,Ore,5.3,Mar,1.027,0.487411091,764.8594934,29.24466545,7.9672,21.27746545
MRM,Ore,5.3,Apr,0.958,0.487411091,713.4716599,29.24466545,7.9729,21.27176545
MRM,Ore,5.3,May,0.958,0.487411091,713.4716599,29.24466545,7.5509,21.69376545
MRM,Ore,5.3,Jun,0.958,0.487411091,713.4716599,29.24466545,7.74,21.50466545
MRM,Ore,5.3,Jul,0.958,0.487411091,713.4716599,29.24466545,7.7183,21.52636545
MRM,Ore,5.3,Aug,0.958,0.487411091,713.4716599,29.24466545,7.8197,21.42496545
MRM,Ore,5.3,Sep,0.958,0.487411091,713.4716599,29.24466545,7.734,21.51066545
MRM,Ore,5.3,Oct,0.987,0.487411091,735.069445,29.24466545,7.185,22.05966545
MRM,Ore,5.3,Nov,1.027,0.487411091,764.8594934,29.24466545,7.2715,21.97316545
MRM,Ore,5.3,Dec,1.07,0.487411091,796.8837955,29.24466545,7.2057,22.03896545
MRM,Ore,5.4,Jan,1.07,0.490437015,791.9671396,29.42622091,7.9099,21.51632091
MRM,Ore,5.4,Feb,1.07,0.490437015,791.9671396,29.42622091,8.3314,21.09482091
MRM,Ore,5.4,Mar,1.027,0.490437015,760.1404228,29.42622091,7.9672,21.45902091
MRM,Ore,5.4,Apr,0.958,0.490437015,709.0696446,29.42622091,7.9729,21.45332091
MRM,Ore,5.4,May,0.958,0.490437015,709.0696446,29.42622091,7.5509,21.87532091
MRM,Ore,5.4,Jun,0.958,0.490437015,709.0696446,29.42622091,7.74,21.68622091
MRM,Ore,5.4,Jul,0.958,0.490437015,709.0696446,29.42622091,7.7183,21.70792091
MRM,Ore,5.4,Aug,0.958,0.490437015,709.0696446,29.42622091,7.8197,21.60652091
MRM,Ore,5.4,Sep,0.958,0.490437015,709.0696446,29.42622091,7.734,21.69222091
MRM,Ore,5.4,Oct,0.987,0.490437015,730.5341745,29.42622091,7.185,22.24122091
MRM,Ore,5.4,Nov,1.027,0.490437015,760.1404228,29.42622091,7.2715,22.15472091
MRM,Ore,5.4,Dec,1.07,0.490437015,791.9671396,29.42622091,7.2057,22.22052091
MRM,Ore,5.5,Jan,1.07,0.493425686,787.170209,29.60554113,7.9099,21.69564113
MRM,Ore,5.5,Feb,1.07,0.493425686,787.170209,29.60554113,8.3314,21.27414113
MRM,Ore,5.5,Mar,1.027,0.493425686,755.536266,29.60554113,7.9672,21.63834113
MRM,Ore,5.5,Apr,0.958,0.493425686,704.7748226,29.60554113,7.9729,21.63264113
MRM,Ore,5.5,May,0.958,0.493425686,704.7748226,29.60554113,7.5509,22.05464113
MRM,Ore,5.5,Jun,0.958,0.493425686,704.7748226,29.60554113,7.74,21.86554113
MRM,Ore,5.5,Jul,0.958,0.493425686,704.7748226,29.60554113,7.7183,21.88724113
MRM,Ore,5.5,Aug,0.958,0.493425686,704.7748226,29.60554113,7.8197,21.78584113
MRM,Ore,5.5,Sep,0.958,0.493425686,704.7748226,29.60554113,7.734,21.87154113
MRM,Ore,5.5,Oct,0.987,0.493425686,726.1093423,29.60554113,7.185,22.42054113
MRM,Ore,5.5,Nov,1.027,0.493425686,755.536266,29.60554113,7.2715,22.33404113
MRM,Ore,5.5,Dec,1.07,0.493425686,787.170209,29.60554113,7.2057,22.39984113
MRM,Ore,5.6,Jan,1.07,0.496378226,782.4879896,29.78269355,7.9099,21.87279355
MRM,Ore,5.6,Feb,1.07,0.496378226,782.4879896,29.78269355,8.3314,21.45129355
MRM,Ore,5.6,Mar,1.027,0.496378226,751.0422106,29.78269355,7.9672,21.81549355
MRM,Ore,5.6,Apr,0.958,0.496378226,700.5827047,29.78269355,7.9729,21.80979355
MRM,Ore,5.6,May,0.958,0.496378226,700.5827047,29.78269355,7.5509,22.23179355
MRM,Ore,5.6,Jun,0.958,0.496378226,700.5827047,29.78269355,7.74,22.04269355
MRM,Ore,5.6,Jul,0.958,0.496378226,700.5827047,29.78269355,7.7183,22.06439355
MRM,Ore,5.6,Aug,0.958,0.496378226,700.5827047,29.78269355,7.8197,21.96299355
MRM,Ore,5.6,Sep,0.958,0.496378226,700.5827047,29.78269355,7.734,22.04869355
MRM,Ore,5.6,Oct,0.987,0.496378226,721.7903231,29.78269355,7.185,22.59769355
MRM,Ore,5.6,Nov,1.027,0.496378226,751.0422106,29.78269355,7.2715,22.51119355
MRM,Ore,5.6,Dec,1.07,0.496378226,782.4879896,29.78269355,7.2057,22.57699355
MRM,Ore,5.7,Jan,1.07,0.499295706,777.9157622,29.95774238,7.9099,22.04784238
MRM,Ore,5.7,Feb,1.07,0.499295706,777.9157622,29.95774238,8.3314,21.62634238
MRM,Ore,5.7,Mar,1.027,0.499295706,746.6537269,29.95774238,7.9672,21.99054238
MRM,Ore,5.7,Apr,0.958,0.499295706,696.4890656,29.95774238,7.9729,21.98484238
MRM,Ore,5.7,May,0.958,0.499295706,696.4890656,29.95774238,7.5509,22.40684238
MRM,Ore,5.7,Jun,0.958,0.499295706,696.4890656,29.95774238,7.74,22.21774238
MRM,Ore,5.7,Jul,0.958,0.499295706,696.4890656,29.95774238,7.7183,22.23944238
MRM,Ore,5.7,Aug,0.958,0.499295706,696.4890656,29.95774238,7.8197,22.13804238
MRM,Ore,5.7,Sep,0.958,0.499295706,696.4890656,29.95774238,7.734,22.22374238
MRM,Ore,5.7,Oct,0.987,0.499295706,717.5727639,29.95774238,7.185,22.77274238
MRM,Ore,5.7,Nov,1.027,0.499295706,746.6537269,29.95774238,7.2715,22.68624238
MRM,Ore,5.7,Dec,1.07,0.499295706,777.9157622,29.95774238,7.2057,22.75204238
MRM,Ore,5.8,Jan,1.07,0.502179148,773.4490803,30.13074887,7.9099,22.22084887
MRM,Ore,5.8,Feb,1.07,0.502179148,773.4490803,30.13074887,8.3314,21.79934887
MRM,Ore,5.8,Mar,1.027,0.502179148,742.3665471,30.13074887,7.9672,22.16354887
MRM,Ore,5.8,Apr,0.958,0.502179148,692.4899242,30.13074887,7.9729,22.15784887
MRM,Ore,5.8,May,0.958,0.502179148,692.4899242,30.13074887,7.5509,22.57984887
MRM,Ore,5.8,Jun,0.958,0.502179148,692.4899242,30.13074887,7.74,22.39074887
MRM,Ore,5.8,Jul,0.958,0.502179148,692.4899242,30.13074887,7.7183,22.41244887
MRM,Ore,5.8,Aug,0.958,0.502179148,692.4899242,30.13074887,7.8197,22.31104887
MRM,Ore,5.8,Sep,0.958,0.502179148,692.4899242,30.13074887,7.734,22.39674887
MRM,Ore,5.8,Oct,0.987,0.502179148,713.4525628,30.13074887,7.185,22.94574887
MRM,Ore,5.8,Nov,1.027,0.502179148,742.3665471,30.13074887,7.2715,22.85924887
MRM,Ore,5.8,Dec,1.07,0.502179148,773.4490803,30.13074887,7.2057,22.92504887
MRM,Ore,5.9,Jan,1.07,0.505029524,769.0837496,30.30177144,7.9099,22.39187144
MRM,Ore,5.9,Feb,1.07,0.505029524,769.0837496,30.30177144,8.3314,21.97037144
MRM,Ore,5.9,Mar,1.027,0.505029524,738.1766456,30.30177144,7.9672,22.33457144
MRM,Ore,5.9,Apr,0.958,0.505029524,688.5815253,30.30177144,7.9729,22.32887144
MRM,Ore,5.9,May,0.958,0.505029524,688.5815253,30.30177144,7.5509,22.75087144
MRM,Ore,5.9,Jun,0.958,0.505029524,688.5815253,30.30177144,7.74,22.56177144
MRM,Ore,5.9,Jul,0.958,0.505029524,688.5815253,30.30177144,7.7183,22.58347144
MRM,Ore,5.9,Aug,0.958,0.505029524,688.5815253,30.30177144,7.8197,22.48207144
MRM,Ore,5.9,Sep,0.958,0.505029524,688.5815253,30.30177144,7.734,22.56777144
MRM,Ore,5.9,Oct,0.987,0.505029524,709.4258512,30.30177144,7.185,23.11677144
MRM,Ore,5.9,Nov,1.027,0.505029524,738.1766456,30.30177144,7.2715,23.03027144
MRM,Ore,5.9,Dec,1.07,0.505029524,769.0837496,30.30177144,7.2057,23.09607144
MRM,Ore,6,Jan,1.07,0.507847765,764.8158102,30.47086591,7.9099,22.56096591
MRM,Ore,6,Feb,1.07,0.507847765,764.8158102,30.47086591,8.3314,22.13946591
MRM,Ore,6,Mar,1.027,0.507847765,734.0802215,30.47086591,7.9672,22.50366591
MRM,Ore,6,Apr,0.958,0.507847765,684.7603235,30.47086591,7.9729,22.49796591
MRM,Ore,6,May,0.958,0.507847765,684.7603235,30.47086591,7.5509,22.91996591
MRM,Ore,6,Jun,0.958,0.507847765,684.7603235,30.47086591,7.74,22.73086591
MRM,Ore,6,Jul,0.958,0.507847765,684.7603235,30.47086591,7.7183,22.75256591
MRM,Ore,6,Aug,0.958,0.507847765,684.7603235,30.47086591,7.8197,22.65116591
MRM,Ore,6,Sep,0.958,0.507847765,684.7603235,30.47086591,7.734,22.73686591
MRM,Ore,6,Oct,0.987,0.507847765,705.4889763,30.47086591,7.185,23.28586591
MRM,Ore,6,Nov,1.027,0.507847765,734.0802215,30.47086591,7.2715,23.19936591
MRM,Ore,6,Dec,1.07,0.507847765,764.8158102,30.47086591,7.2057,23.26516591
MRM,Ore,6.1,Jan,1.07,0.51063476,760.6415196,30.63808562,7.9099,22.72818562
MRM,Ore,6.1,Feb,1.07,0.51063476,760.6415196,30.63808562,8.3314,22.30668562
MRM,Ore,6.1,Mar,1.027,0.51063476,730.0736828,30.63808562,7.9672,22.67088562
MRM,Ore,6.1,Apr,0.958,0.51063476,681.022968,30.63808562,7.9729,22.66518562
MRM,Ore,6.1,May,0.958,0.51063476,681.022968,30.63808562,7.5509,23.08718562
MRM,Ore,6.1,Jun,0.958,0.51063476,681.022968,30.63808562,7.74,22.89808562
MRM,Ore,6.1,Jul,0.958,0.51063476,681.022968,30.63808562,7.7183,22.91978562
MRM,Ore,6.1,Aug,0.958,0.51063476,681.022968,30.63808562,7.8197,22.81838562
MRM,Ore,6.1,Sep,0.958,0.51063476,681.022968,30.63808562,7.734,22.90408562
MRM,Ore,6.1,Oct,0.987,0.51063476,701.6384858,30.63808562,7.185,23.45308562
MRM,Ore,6.1,Nov,1.027,0.51063476,730.0736828,30.63808562,7.2715,23.36658562
MRM,Ore,6.1,Dec,1.07,0.51063476,760.6415196,30.63808562,7.2057,23.43238562
MRM,Ore,6.2,Jan,1.07,0.513391359,756.5573375,30.80348157,7.9099,22.89358157
MRM,Ore,6.2,Feb,1.07,0.513391359,756.5573375,30.80348157,8.3314,22.47208157
MRM,Ore,6.2,Mar,1.027,0.513391359,726.1536314,30.80348157,7.9672,22.83628157
MRM,Ore,6.2,Apr,0.958,0.513391359,677.3662891,30.80348157,7.9729,22.83058157
MRM,Ore,6.2,May,0.958,0.513391359,677.3662891,30.80348157,7.5509,23.25258157
MRM,Ore,6.2,Jun,0.958,0.513391359,677.3662891,30.80348157,7.74,23.06348157
MRM,Ore,6.2,Jul,0.958,0.513391359,677.3662891,30.80348157,7.7183,23.08518157
MRM,Ore,6.2,Aug,0.958,0.513391359,677.3662891,30.80348157,7.8197,22.98378157
MRM,Ore,6.2,Sep,0.958,0.513391359,677.3662891,30.80348157,7.734,23.06948157
MRM,Ore,6.2,Oct,0.987,0.513391359,697.8711141,30.80348157,7.185,23.61848157
MRM,Ore,6.2,Nov,1.027,0.513391359,726.1536314,30.80348157,7.2715,23.53198157
MRM,Ore,6.2,Dec,1.07,0.513391359,756.5573375,30.80348157,7.2057,23.59778157
MRM,Ore,6.3,Jan,1.07,0.516118377,752.5599118,30.9671026,7.9099,23.0572026
MRM,Ore,6.3,Feb,1.07,0.516118377,752.5599118,30.9671026,8.3314,22.6357026
MRM,Ore,6.3,Mar,1.027,0.516118377,722.3168499,30.9671026,7.9672,22.9999026
MRM,Ore,6.3,Apr,0.958,0.516118377,673.7872855,30.9671026,7.9729,22.9942026
MRM,Ore,6.3,May,0.958,0.516118377,673.7872855,30.9671026,7.5509,23.4162026
MRM,Ore,6.3,Jun,0.958,0.516118377,673.7872855,30.9671026,7.74,23.2271026
MRM,Ore,6.3,Jul,0.958,0.516118377,673.7872855,30.9671026,7.7183,23.2488026
MRM,Ore,6.3,Aug,0.958,0.516118377,673.7872855,30.9671026,7.8197,23.1474026
MRM,Ore,6.3,Sep,0.958,0.516118377,673.7872855,30.9671026,7.734,23.2331026
MRM,Ore,6.3,Oct,0.987,0.516118377,694.1837691,30.9671026,7.185,23.7821026
MRM,Ore,6.3,Nov,1.027,0.516118377,722.3168499,30.9671026,7.2715,23.6956026
MRM,Ore,6.3,Dec,1.07,0.516118377,752.5599118,30.9671026,7.2057,23.7614026
MRM,Ore,6.4,Jan,1.07,0.518816591,748.6460657,31.12899548,7.9099,23.21909548
MRM,Ore,6.4,Feb,1.07,0.518816591,748.6460657,31.12899548,8.3314,22.79759548
MRM,Ore,6.4,Mar,1.027,0.518816591,718.5602893,31.12899548,7.9672,23.16179548
MRM,Ore,6.4,Apr,0.958,0.518816591,670.2831131,31.12899548,7.9729,23.15609548
MRM,Ore,6.4,May,0.958,0.518816591,670.2831131,31.12899548,7.5509,23.57809548
MRM,Ore,6.4,Jun,0.958,0.518816591,670.2831131,31.12899548,7.74,23.38899548
MRM,Ore,6.4,Jul,0.958,0.518816591,670.2831131,31.12899548,7.7183,23.41069548
MRM,Ore,6.4,Aug,0.958,0.518816591,670.2831131,31.12899548,7.8197,23.30929548
MRM,Ore,6.4,Sep,0.958,0.518816591,670.2831131,31.12899548,7.734,23.39499548
MRM,Ore,6.4,Oct,0.987,0.518816591,690.5735205,31.12899548,7.185,23.94399548
MRM,Ore,6.4,Nov,1.027,0.518816591,718.5602893,31.12899548,7.2715,23.85749548
MRM,Ore,6.4,Dec,1.07,0.518816591,748.6460657,31.12899548,7.2057,23.92329548
MRM,Ore,6.5,Jan,1.07,0.521486751,744.8127863,31.28920506,7.9099,23.37930506
MRM,Ore,6.5,Feb,1.07,0.521486751,744.8127863,31.28920506,8.3314,22.95780506
MRM,Ore,6.5,Mar,1.027,0.521486751,714.8810575,31.28920506,7.9672,23.32200506
MRM,Ore,6.5,Apr,0.958,0.521486751,666.8510741,31.28920506,7.9729,23.31630506
MRM,Ore,6.5,May,0.958,0.521486751,666.8510741,31.28920506,7.5509,23.73830506
MRM,Ore,6.5,Jun,0.958,0.521486751,666.8510741,31.28920506,7.74,23.54920506
MRM,Ore,6.5,Jul,0.958,0.521486751,666.8510741,31.28920506,7.7183,23.57090506
MRM,Ore,6.5,Aug,0.958,0.521486751,666.8510741,31.28920506,7.8197,23.46950506
MRM,Ore,6.5,Sep,0.958,0.521486751,666.8510741,31.28920506,7.734,23.55520506
MRM,Ore,6.5,Oct,0.987,0.521486751,687.0375889,31.28920506,7.185,24.10420506
MRM,Ore,6.5,Nov,1.027,0.521486751,714.8810575,31.28920506,7.2715,24.01770506
MRM,Ore,6.5,Dec,1.07,0.521486751,744.8127863,31.28920506,7.2057,24.08350506
MRM,Ore,6.6,Jan,1.07,0.524129572,741.0572133,31.44777432,7.9099,23.53787432
MRM,Ore,6.6,Feb,1.07,0.524129572,741.0572133,31.44777432,8.3314,23.11637432
MRM,Ore,6.6,Mar,1.027,0.524129572,711.2764094,31.44777432,7.9672,23.48057432
MRM,Ore,6.6,Apr,0.958,0.524129572,663.4886078,31.44777432,7.9729,23.47487432
MRM,Ore,6.6,May,0.958,0.524129572,663.4886078,31.44777432,7.5509,23.89687432
MRM,Ore,6.6,Jun,0.958,0.524129572,663.4886078,31.44777432,7.74,23.70777432
MRM,Ore,6.6,Jul,0.958,0.524129572,663.4886078,31.44777432,7.7183,23.72947432
MRM,Ore,6.6,Aug,0.958,0.524129572,663.4886078,31.44777432,7.8197,23.62807432
MRM,Ore,6.6,Sep,0.958,0.524129572,663.4886078,31.44777432,7.734,23.71377432
MRM,Ore,6.6,Oct,0.987,0.524129572,683.573336,31.44777432,7.185,24.26277432
MRM,Ore,6.6,Nov,1.027,0.524129572,711.2764094,31.44777432,7.2715,24.17627432
MRM,Ore,6.6,Dec,1.07,0.524129572,741.0572133,31.44777432,7.2057,24.24207432
MRM,Ore,6.7,Jan,1.07,0.526745742,737.3766294,31.60474454,7.9099,23.69484454
MRM,Ore,6.7,Feb,1.07,0.526745742,737.3766294,31.60474454,8.3314,23.27334454
MRM,Ore,6.7,Mar,1.027,0.526745742,707.7437368,31.60474454,7.9672,23.63754454
MRM,Ore,6.7,Apr,0.958,0.526745742,660.1932813,31.60474454,7.9729,23.63184454
MRM,Ore,6.7,May,0.958,0.526745742,660.1932813,31.60474454,7.5509,24.05384454
MRM,Ore,6.7,Jun,0.958,0.526745742,660.1932813,31.60474454,7.74,23.86474454
MRM,Ore,6.7,Jul,0.958,0.526745742,660.1932813,31.60474454,7.7183,23.88644454
MRM,Ore,6.7,Aug,0.958,0.526745742,660.1932813,31.60474454,7.8197,23.78504454
MRM,Ore,6.7,Sep,0.958,0.526745742,660.1932813,31.60474454,7.734,23.87074454
MRM,Ore,6.7,Oct,0.987,0.526745742,680.1782554,31.60474454,7.185,24.41974454
MRM,Ore,6.7,Nov,1.027,0.526745742,707.7437368,31.60474454,7.2715,24.33324454
MRM,Ore,6.7,Dec,1.07,0.526745742,737.3766294,31.60474454,7.2057,24.39904454
MRM,Ore,6.8,Jan,1.07,0.529335923,733.7684511,31.76015535,7.9099,23.85025535
MRM,Ore,6.8,Feb,1.07,0.529335923,733.7684511,31.76015535,8.3314,23.42875535
MRM,Ore,6.8,Mar,1.027,0.529335923,704.2805601,31.76015535,7.9672,23.79295535
MRM,Ore,6.8,Apr,0.958,0.529335923,656.9627815,31.76015535,7.9729,23.78725535
MRM,Ore,6.8,May,0.958,0.529335923,656.9627815,31.76015535,7.5509,24.20925535
MRM,Ore,6.8,Jun,0.958,0.529335923,656.9627815,31.76015535,7.74,24.02015535
MRM,Ore,6.8,Jul,0.958,0.529335923,656.9627815,31.76015535,7.7183,24.04185535
MRM,Ore,6.8,Aug,0.958,0.529335923,656.9627815,31.76015535,7.8197,23.94045535
MRM,Ore,6.8,Sep,0.958,0.529335923,656.9627815,31.76015535,7.734,24.02615535
MRM,Ore,6.8,Oct,0.987,0.529335923,676.8499638,31.76015535,7.185,24.57515535
MRM,Ore,6.8,Nov,1.027,0.529335923,704.2805601,31.76015535,7.2715,24.48865535
MRM,Ore,6.8,Dec,1.07,0.529335923,733.7684511,31.76015535,7.2057,24.55445535
MRM,Ore,6.9,Jan,1.07,0.531900747,730.2302203,31.91404485,7.9099,24.00414485
MRM,Ore,6.9,Feb,1.07,0.531900747,730.2302203,31.91404485,8.3314,23.58264485
MRM,Ore,6.9,Mar,1.027,0.531900747,700.8845198,31.91404485,7.9672,23.94684485
MRM,Ore,6.9,Apr,0.958,0.531900747,653.7949075,31.91404485,7.9729,23.94114485
MRM,Ore,6.9,May,0.958,0.531900747,653.7949075,31.91404485,7.5509,24.36314485
MRM,Ore,6.9,Jun,0.958,0.531900747,653.7949075,31.91404485,7.74,24.17404485
MRM,Ore,6.9,Jul,0.958,0.531900747,653.7949075,31.91404485,7.7183,24.19574485
MRM,Ore,6.9,Aug,0.958,0.531900747,653.7949075,31.91404485,7.8197,24.09434485
MRM,Ore,6.9,Sep,0.958,0.531900747,653.7949075,31.91404485,7.734,24.18004485
MRM,Ore,6.9,Oct,0.987,0.531900747,673.5861938,31.91404485,7.185,24.72904485
MRM,Ore,6.9,Nov,1.027,0.531900747,700.8845198,31.91404485,7.2715,24.64254485
MRM,Ore,6.9,Dec,1.07,0.531900747,730.2302203,31.91404485,7.2057,24.70834485
MRM,Ore,7,Jan,1.07,0.534440827,726.7595963,32.06644965,7.9099,24.15654965
MRM,Ore,7,Feb,1.07,0.534440827,726.7595963,32.06644965,8.3314,23.73504965
MRM,Ore,7,Mar,1.027,0.534440827,697.5533695,32.06644965,7.9672,24.09924965
MRM,Ore,7,Apr,0.958,0.534440827,650.6875638,32.06644965,7.9729,24.09354965
MRM,Ore,7,May,0.958,0.534440827,650.6875638,32.06644965,7.5509,24.51554965
MRM,Ore,7,Jun,0.958,0.534440827,650.6875638,32.06644965,7.74,24.32644965
MRM,Ore,7,Jul,0.958,0.534440827,650.6875638,32.06644965,7.7183,24.34814965
MRM,Ore,7,Aug,0.958,0.534440827,650.6875638,32.06644965,7.8197,24.24674965
MRM,Ore,7,Sep,0.958,0.534440827,650.6875638,32.06644965,7.734,24.33244965
MRM,Ore,7,Oct,0.987,0.534440827,670.3847865,32.06644965,7.185,24.88144965
MRM,Ore,7,Nov,1.027,0.534440827,697.5533695,32.06644965,7.2715,24.79494965
MRM,Ore,7,Dec,1.07,0.534440827,726.7595963,32.06644965,7.2057,24.86074965
MRM,Ore,7.1,Jan,1.07,0.53695675,723.3543488,32.21740498,7.9099,24.30750498
MRM,Ore,7.1,Feb,1.07,0.53695675,723.3543488,32.21740498,8.3314,23.88600498
MRM,Ore,7.1,Mar,1.027,0.53695675,694.2849684,32.21740498,7.9672,24.25020498
MRM,Ore,7.1,Apr,0.958,0.53695675,647.6387534,32.21740498,7.9729,24.24450498
MRM,Ore,7.1,May,0.958,0.53695675,647.6387534,32.21740498,7.5509,24.66650498
MRM,Ore,7.1,Jun,0.958,0.53695675,647.6387534,32.21740498,7.74,24.47740498
MRM,Ore,7.1,Jul,0.958,0.53695675,647.6387534,32.21740498,7.7183,24.49910498
MRM,Ore,7.1,Aug,0.958,0.53695675,647.6387534,32.21740498,7.8197,24.39770498
MRM,Ore,7.1,Sep,0.958,0.53695675,647.6387534,32.21740498,7.734,24.48340498
MRM,Ore,7.1,Oct,0.987,0.53695675,667.2436843,32.21740498,7.185,25.03240498
MRM,Ore,7.1,Nov,1.027,0.53695675,694.2849684,32.21740498,7.2715,24.94590498
MRM,Ore,7.1,Dec,1.07,0.53695675,723.3543488,32.21740498,7.2057,25.01170498
MRM,Ore,7.2,Jan,1.07,0.539449079,720.0123512,32.36694476,7.9099,24.45704476
MRM,Ore,7.2,Feb,1.07,0.539449079,720.0123512,32.36694476,8.3314,24.03554476
MRM,Ore,7.2,Mar,1.027,0.539449079,691.0772754,32.36694476,7.9672,24.39974476
MRM,Ore,7.2,Apr,0.958,0.539449079,644.6465724,32.36694476,7.9729,24.39404476
MRM,Ore,7.2,May,0.958,0.539449079,644.6465724,32.36694476,7.5509,24.81604476
MRM,Ore,7.2,Jun,0.958,0.539449079,644.6465724,32.36694476,7.74,24.62694476
MRM,Ore,7.2,Jul,0.958,0.539449079,644.6465724,32.36694476,7.7183,24.64864476
MRM,Ore,7.2,Aug,0.958,0.539449079,644.6465724,32.36694476,7.8197,24.54724476
MRM,Ore,7.2,Sep,0.958,0.539449079,644.6465724,32.36694476,7.734,24.63294476
MRM,Ore,7.2,Oct,0.987,0.539449079,664.1609258,32.36694476,7.185,25.18194476
MRM,Ore,7.2,Nov,1.027,0.539449079,691.0772754,32.36694476,7.2715,25.09544476
MRM,Ore,7.2,Dec,1.07,0.539449079,720.0123512,32.36694476,7.2057,25.16124476
MRM,Ore,7.3,Jan,1.07,0.541918361,716.7315745,32.51510165,7.9099,24.60520165
MRM,Ore,7.3,Feb,1.07,0.541918361,716.7315745,32.51510165,8.3314,24.18370165
MRM,Ore,7.3,Mar,1.027,0.541918361,687.928343,32.51510165,7.9672,24.54790165
MRM,Ore,7.3,Apr,0.958,0.541918361,641.7092041,32.51510165,7.9729,24.54220165
MRM,Ore,7.3,May,0.958,0.541918361,641.7092041,32.51510165,7.5509,24.96420165
MRM,Ore,7.3,Jun,0.958,0.541918361,641.7092041,32.51510165,7.74,24.77510165
MRM,Ore,7.3,Jul,0.958,0.541918361,641.7092041,32.51510165,7.7183,24.79680165
MRM,Ore,7.3,Aug,0.958,0.541918361,641.7092041,32.51510165,7.8197,24.69540165
MRM,Ore,7.3,Sep,0.958,0.541918361,641.7092041,32.51510165,7.734,24.78110165
MRM,Ore,7.3,Oct,0.987,0.541918361,661.1346393,32.51510165,7.185,25.33010165
MRM,Ore,7.3,Nov,1.027,0.541918361,687.928343,32.51510165,7.2715,25.24360165
MRM,Ore,7.3,Dec,1.07,0.541918361,716.7315745,32.51510165,7.2057,25.30940165
MRM,Ore,7.4,Jan,1.07,0.544365119,713.5100812,32.66190712,7.9099,24.75200712
MRM,Ore,7.4,Feb,1.07,0.544365119,713.5100812,32.66190712,8.3314,24.33050712
MRM,Ore,7.4,Mar,1.027,0.544365119,684.8363115,32.66190712,7.9672,24.69470712
MRM,Ore,7.4,Apr,0.958,0.544365119,638.8249138,32.66190712,7.9729,24.68900712
MRM,Ore,7.4,May,0.958,0.544365119,638.8249138,32.66190712,7.5509,25.11100712
MRM,Ore,7.4,Jun,0.958,0.544365119,638.8249138,32.66190712,7.74,24.92190712
MRM,Ore,7.4,Jul,0.958,0.544365119,638.8249138,32.66190712,7.7183,24.94360712
MRM,Ore,7.4,Aug,0.958,0.544365119,638.8249138,32.66190712,7.8197,24.84220712
MRM,Ore,7.4,Sep,0.958,0.544365119,638.8249138,32.66190712,7.734,24.92790712
MRM,Ore,7.4,Oct,0.987,0.544365119,658.1630375,32.66190712,7.185,25.47690712
MRM,Ore,7.4,Nov,1.027,0.544365119,684.8363115,32.66190712,7.2715,25.39040712
MRM,Ore,7.4,Dec,1.07,0.544365119,713.5100812,32.66190712,7.2057,25.45620712
MRM,Ore,7.5,Jan,1.07,0.546789859,710.3460204,32.80739151,7.9099,24.89749151
MRM,Ore,7.5,Feb,1.07,0.546789859,710.3460204,32.80739151,8.3314,24.47599151
MRM,Ore,7.5,Mar,1.027,0.546789859,681.7994046,32.80739151,7.9672,24.84019151
MRM,Ore,7.5,Apr,0.958,0.546789859,635.9920444,32.80739151,7.9729,24.83449151
MRM,Ore,7.5,May,0.958,0.546789859,635.9920444,32.80739151,7.5509,25.25649151
MRM,Ore,7.5,Jun,0.958,0.546789859,635.9920444,32.80739151,7.74,25.06739151
MRM,Ore,7.5,Jul,0.958,0.546789859,635.9920444,32.80739151,7.7183,25.08909151
MRM,Ore,7.5,Aug,0.958,0.546789859,635.9920444,32.80739151,7.8197,24.98769151
MRM,Ore,7.5,Sep,0.958,0.546789859,635.9920444,32.80739151,7.734,25.07339151
MRM,Ore,7.5,Oct,0.987,0.546789859,655.2444132,32.80739151,7.185,25.62239151
MRM,Ore,7.5,Nov,1.027,0.546789859,681.7994046,32.80739151,7.2715,25.53589151
MRM,Ore,7.5,Dec,1.07,0.546789859,710.3460204,32.80739151,7.2057,25.60169151
MRM,Ore,7.6,Jan,1.07,0.549193068,707.2376227,32.9515841,7.9099,25.0416841
MRM,Ore,7.6,Feb,1.07,0.549193068,707.2376227,32.9515841,8.3314,24.6201841
MRM,Ore,7.6,Mar,1.027,0.549193068,678.8159238,32.9515841,7.9672,24.9843841
MRM,Ore,7.6,Apr,0.958,0.549193068,633.2090117,32.9515841,7.9729,24.9786841
MRM,Ore,7.6,May,0.958,0.549193068,633.2090117,32.9515841,7.5509,25.4006841
MRM,Ore,7.6,Jun,0.958,0.549193068,633.2090117,32.9515841,7.74,25.2115841
MRM,Ore,7.6,Jul,0.958,0.549193068,633.2090117,32.9515841,7.7183,25.2332841
MRM,Ore,7.6,Aug,0.958,0.549193068,633.2090117,32.9515841,7.8197,25.1318841
MRM,Ore,7.6,Sep,0.958,0.549193068,633.2090117,32.9515841,7.734,25.2175841
MRM,Ore,7.6,Oct,0.987,0.549193068,652.3771342,32.9515841,7.185,25.7665841
MRM,Ore,7.6,Nov,1.027,0.549193068,678.8159238,32.9515841,7.2715,25.6800841
MRM,Ore,7.6,Dec,1.07,0.549193068,707.2376227,32.9515841,7.2057,25.7458841
MRM,Ore,7.7,Jan,1.07,0.551575219,704.1831955,33.09451312,7.9099,25.18461312
MRM,Ore,7.7,Feb,1.07,0.551575219,704.1831955,33.09451312,8.3314,24.76311312
MRM,Ore,7.7,Mar,1.027,0.551575219,675.8842446,33.09451312,7.9672,25.12731312
MRM,Ore,7.7,Apr,0.958,0.551575219,630.4743003,33.09451312,7.9729,25.12161312
MRM,Ore,7.7,May,0.958,0.551575219,630.4743003,33.09451312,7.5509,25.54361312
MRM,Ore,7.7,Jun,0.958,0.551575219,630.4743003,33.09451312,7.74,25.35451312
MRM,Ore,7.7,Jul,0.958,0.551575219,630.4743003,33.09451312,7.7183,25.37621312
MRM,Ore,7.7,Aug,0.958,0.551575219,630.4743003,33.09451312,7.8197,25.27481312
MRM,Ore,7.7,Sep,0.958,0.551575219,630.4743003,33.09451312,7.734,25.36051312
MRM,Ore,7.7,Oct,0.987,0.551575219,649.5596392,33.09451312,7.185,25.90951312
MRM,Ore,7.7,Nov,1.027,0.551575219,675.8842446,33.09451312,7.2715,25.82301312
MRM,Ore,7.7,Dec,1.07,0.551575219,704.1831955,33.09451312,7.2057,25.88881312
MRM,Ore,7.8,Jan,1.07,0.553936764,701.1811189,33.23620584,7.9099,25.32630584
MRM,Ore,7.8,Feb,1.07,0.553936764,701.1811189,33.23620584,8.3314,24.90480584
MRM,Ore,7.8,Mar,1.027,0.553936764,673.0028122,33.23620584,7.9672,25.26900584
MRM,Ore,7.8,Apr,0.958,0.553936764,627.7864597,33.23620584,7.9729,25.26330584
MRM,Ore,7.8,May,0.958,0.553936764,627.7864597,33.23620584,7.5509,25.68530584
MRM,Ore,7.8,Jun,0.958,0.553936764,627.7864597,33.23620584,7.74,25.49620584
MRM,Ore,7.8,Jul,0.958,0.553936764,627.7864597,33.23620584,7.7183,25.51790584
MRM,Ore,7.8,Aug,0.958,0.553936764,627.7864597,33.23620584,7.8197,25.41650584
MRM,Ore,7.8,Sep,0.958,0.553936764,627.7864597,33.23620584,7.734,25.50220584
MRM,Ore,7.8,Oct,0.987,0.553936764,646.790434,33.23620584,7.185,26.05120584
MRM,Ore,7.8,Nov,1.027,0.553936764,673.0028122,33.23620584,7.2715,25.96470584
MRM,Ore,7.8,Dec,1.07,0.553936764,701.1811189,33.23620584,7.2057,26.03050584
MRM,Ore,7.9,Jan,1.07,0.556278144,698.2298415,33.37668861,7.9099,25.46678861
MRM,Ore,7.9,Feb,1.07,0.556278144,698.2298415,33.37668861,8.3314,25.04528861
MRM,Ore,7.9,Mar,1.027,0.556278144,670.1701376,33.37668861,7.9672,25.40948861
MRM,Ore,7.9,Apr,0.958,0.556278144,625.1441011,33.37668861,7.9729,25.40378861
MRM,Ore,7.9,May,0.958,0.556278144,625.1441011,33.37668861,7.5509,25.82578861
MRM,Ore,7.9,Jun,0.958,0.556278144,625.1441011,33.37668861,7.74,25.63668861
MRM,Ore,7.9,Jul,0.958,0.556278144,625.1441011,33.37668861,7.7183,25.65838861
MRM,Ore,7.9,Aug,0.958,0.556278144,625.1441011,33.37668861,7.8197,25.55698861
MRM,Ore,7.9,Sep,0.958,0.556278144,625.1441011,33.37668861,7.734,25.64268861
MRM,Ore,7.9,Oct,0.987,0.556278144,644.0680874,33.37668861,7.185,26.19168861
MRM,Ore,7.9,Nov,1.027,0.556278144,670.1701376,33.37668861,7.2715,26.10518861
MRM,Ore,7.9,Dec,1.07,0.556278144,698.2298415,33.37668861,7.2057,26.17098861
MRM,Ore,8,Jan,1.07,0.558599781,695.3278769,33.51598688,7.9099,25.60608688
MRM,Ore,8,Feb,1.07,0.558599781,695.3278769,33.51598688,8.3314,25.18458688
MRM,Ore,8,Mar,1.027,0.558599781,667.384794,33.51598688,7.9672,25.54878688
MRM,Ore,8,Apr,0.958,0.558599781,622.5458935,33.51598688,7.9729,25.54308688
MRM,Ore,8,May,0.958,0.558599781,622.5458935,33.51598688,7.5509,25.96508688
MRM,Ore,8,Jun,0.958,0.558599781,622.5458935,33.51598688,7.74,25.77598688
MRM,Ore,8,Jul,0.958,0.558599781,622.5458935,33.51598688,7.7183,25.79768688
MRM,Ore,8,Aug,0.958,0.558599781,622.5458935,33.51598688,7.8197,25.69628688
MRM,Ore,8,Sep,0.958,0.558599781,622.5458935,33.51598688,7.734,25.78198688
MRM,Ore,8,Oct,0.987,0.558599781,641.3912285,33.51598688,7.185,26.33098688
MRM,Ore,8,Nov,1.027,0.558599781,667.384794,33.51598688,7.2715,26.24448688
MRM,Ore,8,Dec,1.07,0.558599781,695.3278769,33.51598688,7.2057,26.31028688
MRM,Ore,8.1,Jan,1.07,0.560902088,692.4737999,33.65412526,7.9099,25.74422526
MRM,Ore,8.1,Feb,1.07,0.560902088,692.4737999,33.65412526,8.3314,25.32272526
MRM,Ore,8.1,Mar,1.027,0.560902088,664.6454135,33.65412526,7.9672,25.68692526
MRM,Ore,8.1,Apr,0.958,0.560902088,619.990561,33.65412526,7.9729,25.68122526
MRM,Ore,8.1,May,0.958,0.560902088,619.990561,33.65412526,7.5509,26.10322526
MRM,Ore,8.1,Jun,0.958,0.560902088,619.990561,33.65412526,7.74,25.91412526
MRM,Ore,8.1,Jul,0.958,0.560902088,619.990561,33.65412526,7.7183,25.93582526
MRM,Ore,8.1,Aug,0.958,0.560902088,619.990561,33.65412526,7.8197,25.83442526
MRM,Ore,8.1,Sep,0.958,0.560902088,619.990561,33.65412526,7.734,25.92012526
MRM,Ore,8.1,Oct,0.987,0.560902088,638.7585425,33.65412526,7.185,26.46912526
MRM,Ore,8.1,Nov,1.027,0.560902088,664.6454135,33.65412526,7.2715,26.38262526
MRM,Ore,8.1,Dec,1.07,0.560902088,692.4737999,33.65412526,7.2057,26.44842526
MRM,Ore,8.2,Jan,1.07,0.563185459,689.6662436,33.79112755,7.9099,25.88122755
MRM,Ore,8.2,Feb,1.07,0.563185459,689.6662436,33.79112755,8.3314,25.45972755
MRM,Ore,8.2,Mar,1.027,0.563185459,661.9506842,33.79112755,7.9672,25.82392755
MRM,Ore,8.2,Apr,0.958,0.563185459,617.4768797,33.79112755,7.9729,25.81822755
MRM,Ore,8.2,May,0.958,0.563185459,617.4768797,33.79112755,7.5509,26.24022755
MRM,Ore,8.2,Jun,0.958,0.563185459,617.4768797,33.79112755,7.74,26.05112755
MRM,Ore,8.2,Jul,0.958,0.563185459,617.4768797,33.79112755,7.7183,26.07282755
MRM,Ore,8.2,Aug,0.958,0.563185459,617.4768797,33.79112755,7.8197,25.97142755
MRM,Ore,8.2,Sep,0.958,0.563185459,617.4768797,33.79112755,7.734,26.05712755
MRM,Ore,8.2,Oct,0.987,0.563185459,636.1687686,33.79112755,7.185,26.60612755
MRM,Ore,8.2,Nov,1.027,0.563185459,661.9506842,33.79112755,7.2715,26.51962755
MRM,Ore,8.2,Dec,1.07,0.563185459,689.6662436,33.79112755,7.2057,26.58542755
MRM,Ore,8.3,Jan,1.07,0.56545028,686.903896,33.92701677,7.9099,26.01711677
MRM,Ore,8.3,Feb,1.07,0.56545028,686.903896,33.92701677,8.3314,25.59561677
MRM,Ore,8.3,Mar,1.027,0.56545028,659.2993469,33.92701677,7.9672,25.95981677
MRM,Ore,8.3,Apr,0.958,0.56545028,615.0036751,33.92701677,7.9729,25.95411677
MRM,Ore,8.3,May,0.958,0.56545028,615.0036751,33.92701677,7.5509,26.37611677
MRM,Ore,8.3,Jun,0.958,0.56545028,615.0036751,33.92701677,7.74,26.18701677
MRM,Ore,8.3,Jul,0.958,0.56545028,615.0036751,33.92701677,7.7183,26.20871677
MRM,Ore,8.3,Aug,0.958,0.56545028,615.0036751,33.92701677,7.8197,26.10731677
MRM,Ore,8.3,Sep,0.958,0.56545028,615.0036751,33.92701677,7.734,26.19301677
MRM,Ore,8.3,Oct,0.987,0.56545028,633.6206966,33.92701677,7.185,26.74201677
MRM,Ore,8.3,Nov,1.027,0.56545028,659.2993469,33.92701677,7.2715,26.65551677
MRM,Ore,8.3,Dec,1.07,0.56545028,686.903896,33.92701677,7.2057,26.72131677
MRM,Ore,8.4,Jan,1.07,0.56769692,684.1854976,34.06181522,7.9099,26.15191522
MRM,Ore,8.4,Feb,1.07,0.56769692,684.1854976,34.06181522,8.3314,25.73041522
MRM,Ore,8.4,Mar,1.027,0.56769692,656.6901926,34.06181522,7.9672,26.09461522
MRM,Ore,8.4,Apr,0.958,0.56769692,612.5698194,34.06181522,7.9729,26.08891522
MRM,Ore,8.4,May,0.958,0.56769692,612.5698194,34.06181522,7.5509,26.51091522
MRM,Ore,8.4,Jun,0.958,0.56769692,612.5698194,34.06181522,7.74,26.32181522
MRM,Ore,8.4,Jul,0.958,0.56769692,612.5698194,34.06181522,7.7183,26.34351522
MRM,Ore,8.4,Aug,0.958,0.56769692,612.5698194,34.06181522,7.8197,26.24211522
MRM,Ore,8.4,Sep,0.958,0.56769692,612.5698194,34.06181522,7.734,26.32781522
MRM,Ore,8.4,Oct,0.987,0.56769692,631.1131647,34.06181522,7.185,26.87681522
MRM,Ore,8.4,Nov,1.027,0.56769692,656.6901926,34.06181522,7.2715,26.79031522
MRM,Ore,8.4,Dec,1.07,0.56769692,684.1854976,34.06181522,7.2057,26.85611522
MRM,Ore,8.5,Jan,1.07,0.569925742,681.5098383,34.19554449,7.9099,26.28564449
MRM,Ore,8.5,Feb,1.07,0.569925742,681.5098383,34.19554449,8.3314,25.86414449
MRM,Ore,8.5,Mar,1.027,0.569925742,654.1220598,34.19554449,7.9672,26.22834449
MRM,Ore,8.5,Apr,0.958,0.569925742,610.1742291,34.19554449,7.9729,26.22264449
MRM,Ore,8.5,May,0.958,0.569925742,610.1742291,34.19554449,7.5509,26.64464449
MRM,Ore,8.5,Jun,0.958,0.569925742,610.1742291,34.19554449,7.74,26.45554449
MRM,Ore,8.5,Jul,0.958,0.569925742,610.1742291,34.19554449,7.7183,26.47724449
MRM,Ore,8.5,Aug,0.958,0.569925742,610.1742291,34.19554449,7.8197,26.37584449
MRM,Ore,8.5,Sep,0.958,0.569925742,610.1742291,34.19554449,7.734,26.46154449
MRM,Ore,8.5,Oct,0.987,0.569925742,628.6450565,34.19554449,7.185,27.01054449
MRM,Ore,8.5,Nov,1.027,0.569925742,654.1220598,34.19554449,7.2715,26.92404449
MRM,Ore,8.5,Dec,1.07,0.569925742,681.5098383,34.19554449,7.2057,26.98984449
MRM,Ore,8.6,Jan,1.07,0.572137092,678.875755,34.32822549,7.9099,26.41832549
MRM,Ore,8.6,Feb,1.07,0.572137092,678.875755,34.32822549,8.3314,25.99682549
MRM,Ore,8.6,Mar,1.027,0.572137092,651.5938322,34.32822549,7.9672,26.36102549
MRM,Ore,8.6,Apr,0.958,0.572137092,607.8158629,34.32822549,7.9729,26.35532549
MRM,Ore,8.6,May,0.958,0.572137092,607.8158629,34.32822549,7.5509,26.77732549
MRM,Ore,8.6,Jun,0.958,0.572137092,607.8158629,34.32822549,7.74,26.58822549
MRM,Ore,8.6,Jul,0.958,0.572137092,607.8158629,34.32822549,7.7183,26.60992549
MRM,Ore,8.6,Aug,0.958,0.572137092,607.8158629,34.32822549,7.8197,26.50852549
MRM,Ore,8.6,Sep,0.958,0.572137092,607.8158629,34.32822549,7.734,26.59422549
MRM,Ore,8.6,Oct,0.987,0.572137092,626.2152993,34.32822549,7.185,27.14322549
MRM,Ore,8.6,Nov,1.027,0.572137092,651.5938322,34.32822549,7.2715,27.05672549
MRM,Ore,8.6,Dec,1.07,0.572137092,678.875755,34.32822549,7.2057,27.12252549
MRM,Ore,8.7,Jan,1.07,0.574331308,676.2821295,34.45987848,7.9099,26.54997848
MRM,Ore,8.7,Feb,1.07,0.574331308,676.2821295,34.45987848,8.3314,26.12847848
MRM,Ore,8.7,Mar,1.027,0.574331308,649.1044364,34.45987848,7.9672,26.49267848
MRM,Ore,8.7,Apr,0.958,0.574331308,605.4937197,34.45987848,7.9729,26.48697848
MRM,Ore,8.7,May,0.958,0.574331308,605.4937197,34.45987848,7.5509,26.90897848
MRM,Ore,8.7,Jun,0.958,0.574331308,605.4937197,34.45987848,7.74,26.71987848
MRM,Ore,8.7,Jul,0.958,0.574331308,605.4937197,34.45987848,7.7183,26.74157848
MRM,Ore,8.7,Aug,0.958,0.574331308,605.4937197,34.45987848,7.8197,26.64017848
MRM,Ore,8.7,Sep,0.958,0.574331308,605.4937197,34.45987848,7.734,26.72587848
MRM,Ore,8.7,Oct,0.987,0.574331308,623.8228615,34.45987848,7.185,27.27487848
MRM,Ore,8.7,Nov,1.027,0.574331308,649.1044364,34.45987848,7.2715,27.18837848
MRM,Ore,8.7,Dec,1.07,0.574331308,676.2821295,34.45987848,7.2057,27.25417848
MRM,Ore,8.8,Jan,1.07,0.576508718,673.7278858,34.59052311,7.9099,26.68062311
MRM,Ore,8.8,Feb,1.07,0.576508718,673.7278858,34.59052311,8.3314,26.25912311
MRM,Ore,8.8,Mar,1.027,0.576508718,646.6528399,34.59052311,7.9672,26.62332311
MRM,Ore,8.8,Apr,0.958,0.576508718,603.206836,34.59052311,7.9729,26.61762311
MRM,Ore,8.8,May,0.958,0.576508718,603.206836,34.59052311,7.5509,27.03962311
MRM,Ore,8.8,Jun,0.958,0.576508718,603.206836,34.59052311,7.74,26.85052311
MRM,Ore,8.8,Jul,0.958,0.576508718,603.206836,34.59052311,7.7183,26.87222311
MRM,Ore,8.8,Aug,0.958,0.576508718,603.206836,34.59052311,7.8197,26.77082311
MRM,Ore,8.8,Sep,0.958,0.576508718,603.206836,34.59052311,7.734,26.85652311
MRM,Ore,8.8,Oct,0.987,0.576508718,621.4667507,34.59052311,7.185,27.40552311
MRM,Ore,8.8,Nov,1.027,0.576508718,646.6528399,34.59052311,7.2715,27.31902311
MRM,Ore,8.8,Dec,1.07,0.576508718,673.7278858,34.59052311,7.2057,27.38482311
MRM,Ore,8.9,Jan,1.07,0.57866964,671.2119885,34.72017842,7.9099,26.81027842
MRM,Ore,8.9,Feb,1.07,0.57866964,671.2119885,34.72017842,8.3314,26.38877842
MRM,Ore,8.9,Mar,1.027,0.57866964,644.2380488,34.72017842,7.9672,26.75297842
MRM,Ore,8.9,Apr,0.958,0.57866964,600.9542851,34.72017842,7.9729,26.74727842
MRM,Ore,8.9,May,0.958,0.57866964,600.9542851,34.72017842,7.5509,27.16927842
MRM,Ore,8.9,Jun,0.958,0.57866964,600.9542851,34.72017842,7.74,26.98017842
MRM,Ore,8.9,Jul,0.958,0.57866964,600.9542851,34.72017842,7.7183,27.00187842
MRM,Ore,8.9,Aug,0.958,0.57866964,600.9542851,34.72017842,7.8197,26.90047842
MRM,Ore,8.9,Sep,0.958,0.57866964,600.9542851,34.72017842,7.734,26.98617842
MRM,Ore,8.9,Oct,0.987,0.57866964,619.1460118,34.72017842,7.185,27.53517842
MRM,Ore,8.9,Nov,1.027,0.57866964,644.2380488,34.72017842,7.2715,27.44867842
MRM,Ore,8.9,Dec,1.07,0.57866964,671.2119885,34.72017842,7.2057,27.51447842
MRM,Ore,9,Jan,1.07,0.580814382,668.7334408,34.84886291,7.9099,26.93896291
MRM,Ore,9,Feb,1.07,0.580814382,668.7334408,34.84886291,8.3314,26.51746291
MRM,Ore,9,Mar,1.027,0.580814382,641.8591063,34.84886291,7.9672,26.88166291
MRM,Ore,9,Apr,0.958,0.580814382,598.7351741,34.84886291,7.9729,26.87596291
MRM,Ore,9,May,0.958,0.580814382,598.7351741,34.84886291,7.5509,27.29796291
MRM,Ore,9,Jun,0.958,0.580814382,598.7351741,34.84886291,7.74,27.10886291
MRM,Ore,9,Jul,0.958,0.580814382,598.7351741,34.84886291,7.7183,27.13056291
MRM,Ore,9,Aug,0.958,0.580814382,598.7351741,34.84886291,7.8197,27.02916291
MRM,Ore,9,Sep,0.958,0.580814382,598.7351741,34.84886291,7.734,27.11486291
MRM,Ore,9,Oct,0.987,0.580814382,616.8597253,34.84886291,7.185,27.66386291
MRM,Ore,9,Nov,1.027,0.580814382,641.8591063,34.84886291,7.2715,27.57736291
MRM,Ore,9,Dec,1.07,0.580814382,668.7334408,34.84886291,7.2057,27.64316291
MRM,Ore,9.1,Jan,1.07,0.582943242,666.2912823,34.9765945,7.9099,27.0666945
MRM,Ore,9.1,Feb,1.07,0.582943242,666.2912823,34.9765945,8.3314,26.6451945
MRM,Ore,9.1,Mar,1.027,0.582943242,639.5150906,34.9765945,7.9672,27.0093945
MRM,Ore,9.1,Apr,0.958,0.582943242,596.5486434,34.9765945,7.9729,27.0036945
MRM,Ore,9.1,May,0.958,0.582943242,596.5486434,34.9765945,7.5509,27.4256945
MRM,Ore,9.1,Jun,0.958,0.582943242,596.5486434,34.9765945,7.74,27.2365945
MRM,Ore,9.1,Jul,0.958,0.582943242,596.5486434,34.9765945,7.7183,27.2582945
MRM,Ore,9.1,Aug,0.958,0.582943242,596.5486434,34.9765945,7.8197,27.1568945
MRM,Ore,9.1,Sep,0.958,0.582943242,596.5486434,34.9765945,7.734,27.2425945
MRM,Ore,9.1,Oct,0.987,0.582943242,614.6070053,34.9765945,7.185,27.7915945
MRM,Ore,9.1,Nov,1.027,0.582943242,639.5150906,34.9765945,7.2715,27.7050945
MRM,Ore,9.1,Dec,1.07,0.582943242,666.2912823,34.9765945,7.2057,27.7708945
MRM,Ore,9.2,Jan,1.07,0.58505651,663.8845876,35.10339061,7.9099,27.19349061
MRM,Ore,9.2,Feb,1.07,0.58505651,663.8845876,35.10339061,8.3314,26.77199061
MRM,Ore,9.2,Mar,1.027,0.58505651,637.2051135,35.10339061,7.9672,27.13619061
MRM,Ore,9.2,Apr,0.958,0.58505651,594.3938644,35.10339061,7.9729,27.13049061
MRM,Ore,9.2,May,0.958,0.58505651,594.3938644,35.10339061,7.5509,27.55249061
MRM,Ore,9.2,Jun,0.958,0.58505651,594.3938644,35.10339061,7.74,27.36339061
MRM,Ore,9.2,Jul,0.958,0.58505651,594.3938644,35.10339061,7.7183,27.38509061
MRM,Ore,9.2,Aug,0.958,0.58505651,594.3938644,35.10339061,7.8197,27.28369061
MRM,Ore,9.2,Sep,0.958,0.58505651,594.3938644,35.10339061,7.734,27.36939061
MRM,Ore,9.2,Oct,0.987,0.58505651,612.3869981,35.10339061,7.185,27.91839061
MRM,Ore,9.2,Nov,1.027,0.58505651,637.2051135,35.10339061,7.2715,27.83189061
MRM,Ore,9.2,Dec,1.07,0.58505651,663.8845876,35.10339061,7.2057,27.89769061
MRM,Ore,9.3,Jan,1.07,0.587154469,661.5124645,35.22926816,7.9099,27.31936816
MRM,Ore,9.3,Feb,1.07,0.587154469,661.5124645,35.22926816,8.3314,26.89786816
MRM,Ore,9.3,Mar,1.027,0.587154469,634.9283187,35.22926816,7.9672,27.26206816
MRM,Ore,9.3,Apr,0.958,0.587154469,592.2700383,35.22926816,7.9729,27.25636816
MRM,Ore,9.3,May,0.958,0.587154469,592.2700383,35.22926816,7.5509,27.67836816
MRM,Ore,9.3,Jun,0.958,0.587154469,592.2700383,35.22926816,7.74,27.48926816
MRM,Ore,9.3,Jul,0.958,0.587154469,592.2700383,35.22926816,7.7183,27.51096816
MRM,Ore,9.3,Aug,0.958,0.587154469,592.2700383,35.22926816,7.8197,27.40956816
MRM,Ore,9.3,Sep,0.958,0.587154469,592.2700383,35.22926816,7.734,27.49526816
MRM,Ore,9.3,Oct,0.987,0.587154469,610.1988808,35.22926816,7.185,28.04426816
MRM,Ore,9.3,Nov,1.027,0.587154469,634.9283187,35.22926816,7.2715,27.95776816
MRM,Ore,9.3,Dec,1.07,0.587154469,661.5124645,35.22926816,7.2057,28.02356816
MRM,Ore,9.4,Jan,1.07,0.589237393,659.1740526,35.35424355,7.9099,27.44434355
MRM,Ore,9.4,Feb,1.07,0.589237393,659.1740526,35.35424355,8.3314,27.02284355
MRM,Ore,9.4,Mar,1.027,0.589237393,632.6838804,35.35424355,7.9672,27.38704355
MRM,Ore,9.4,Apr,0.958,0.589237393,590.1763948,35.35424355,7.9729,27.38134355
MRM,Ore,9.4,May,0.958,0.589237393,590.1763948,35.35424355,7.5509,27.80334355
MRM,Ore,9.4,Jun,0.958,0.589237393,590.1763948,35.35424355,7.74,27.61424355
MRM,Ore,9.4,Jul,0.958,0.589237393,590.1763948,35.35424355,7.7183,27.63594355
MRM,Ore,9.4,Aug,0.958,0.589237393,590.1763948,35.35424355,7.8197,27.53454355
MRM,Ore,9.4,Sep,0.958,0.589237393,590.1763948,35.35424355,7.734,27.62024355
MRM,Ore,9.4,Oct,0.987,0.589237393,608.0418598,35.35424355,7.185,28.16924355
MRM,Ore,9.4,Nov,1.027,0.589237393,632.6838804,35.35424355,7.2715,28.08274355
MRM,Ore,9.4,Dec,1.07,0.589237393,659.1740526,35.35424355,7.2057,28.14854355
MRM,Ore,9.5,Jan,1.07,0.591305546,656.8685219,35.47833276,7.9099,27.56843276
MRM,Ore,9.5,Feb,1.07,0.591305546,656.8685219,35.47833276,8.3314,27.14693276
MRM,Ore,9.5,Mar,1.027,0.591305546,630.4710018,35.47833276,7.9672,27.51113276
MRM,Ore,9.5,Apr,0.958,0.591305546,588.1121906,35.47833276,7.9729,27.50543276
MRM,Ore,9.5,May,0.958,0.591305546,588.1121906,35.47833276,7.5509,27.92743276
MRM,Ore,9.5,Jun,0.958,0.591305546,588.1121906,35.47833276,7.74,27.73833276
MRM,Ore,9.5,Jul,0.958,0.591305546,588.1121906,35.47833276,7.7183,27.76003276
MRM,Ore,9.5,Aug,0.958,0.591305546,588.1121906,35.47833276,7.8197,27.65863276
MRM,Ore,9.5,Sep,0.958,0.591305546,588.1121906,35.47833276,7.734,27.74433276
MRM,Ore,9.5,Oct,0.987,0.591305546,605.9151692,35.47833276,7.185,28.29333276
MRM,Ore,9.5,Nov,1.027,0.591305546,630.4710018,35.47833276,7.2715,28.20683276
MRM,Ore,9.5,Dec,1.07,0.591305546,656.8685219,35.47833276,7.2057,28.27263276
MRM,Ore,9.6,Jan,1.07,0.593359188,654.5950709,35.6015513,7.9099,27.6916513
MRM,Ore,9.6,Feb,1.07,0.593359188,654.5950709,35.6015513,8.3314,27.2701513
MRM,Ore,9.6,Mar,1.027,0.593359188,628.2889139,35.6015513,7.9672,27.6343513
MRM,Ore,9.6,Apr,0.958,0.593359188,586.0767084,35.6015513,7.9729,27.6286513
MRM,Ore,9.6,May,0.958,0.593359188,586.0767084,35.6015513,7.5509,28.0506513
MRM,Ore,9.6,Jun,0.958,0.593359188,586.0767084,35.6015513,7.74,27.8615513
MRM,Ore,9.6,Jul,0.958,0.593359188,586.0767084,35.6015513,7.7183,27.8832513
MRM,Ore,9.6,Aug,0.958,0.593359188,586.0767084,35.6015513,7.8197,27.7818513
MRM,Ore,9.6,Sep,0.958,0.593359188,586.0767084,35.6015513,7.734,27.8675513
MRM,Ore,9.6,Oct,0.987,0.593359188,603.8180701,35.6015513,7.185,28.4165513
MRM,Ore,9.6,Nov,1.027,0.593359188,628.2889139,35.6015513,7.2715,28.3300513
MRM,Ore,9.6,Dec,1.07,0.593359188,654.5950709,35.6015513,7.2057,28.3958513
MRM,Ore,9.7,Jan,1.07,0.595398571,652.3529262,35.72391425,7.9099,27.81401425
MRM,Ore,9.7,Feb,1.07,0.595398571,652.3529262,35.72391425,8.3314,27.39251425
MRM,Ore,9.7,Mar,1.027,0.595398571,626.136874,35.72391425,7.9672,27.75671425
MRM,Ore,9.7,Apr,0.958,0.595398571,584.0692554,35.72391425,7.9729,27.75101425
MRM,Ore,9.7,May,0.958,0.595398571,584.0692554,35.72391425,7.5509,28.17301425
MRM,Ore,9.7,Jun,0.958,0.595398571,584.0692554,35.72391425,7.74,27.98391425
MRM,Ore,9.7,Jul,0.958,0.595398571,584.0692554,35.72391425,7.7183,28.00561425
MRM,Ore,9.7,Aug,0.958,0.595398571,584.0692554,35.72391425,7.8197,27.90421425
MRM,Ore,9.7,Sep,0.958,0.595398571,584.0692554,35.72391425,7.734,27.98991425
MRM,Ore,9.7,Oct,0.987,0.595398571,601.7498488,35.72391425,7.185,28.53891425
MRM,Ore,9.7,Nov,1.027,0.595398571,626.136874,35.72391425,7.2715,28.45241425
MRM,Ore,9.7,Dec,1.07,0.595398571,652.3529262,35.72391425,7.2057,28.51821425
MRM,Ore,9.8,Jan,1.07,0.597423938,650.1413405,35.84543629,7.9099,27.93553629
MRM,Ore,9.8,Feb,1.07,0.597423938,650.1413405,35.84543629,8.3314,27.51403629
MRM,Ore,9.8,Mar,1.027,0.597423938,624.0141651,35.84543629,7.9672,27.87823629
MRM,Ore,9.8,Apr,0.958,0.597423938,582.0891628,35.84543629,7.9729,27.87253629
MRM,Ore,9.8,May,0.958,0.597423938,582.0891628,35.84543629,7.5509,28.29453629
MRM,Ore,9.8,Jun,0.958,0.597423938,582.0891628,35.84543629,7.74,28.10543629
MRM,Ore,9.8,Jul,0.958,0.597423938,582.0891628,35.84543629,7.7183,28.12713629
MRM,Ore,9.8,Aug,0.958,0.597423938,582.0891628,35.84543629,7.8197,28.02573629
MRM,Ore,9.8,Sep,0.958,0.597423938,582.0891628,35.84543629,7.734,28.11143629
MRM,Ore,9.8,Oct,0.987,0.597423938,599.7098159,35.84543629,7.185,28.66043629
MRM,Ore,9.8,Nov,1.027,0.597423938,624.0141651,35.84543629,7.2715,28.57393629
MRM,Ore,9.8,Dec,1.07,0.597423938,650.1413405,35.84543629,7.2057,28.63973629
MRM,Ore,9.9,Jan,1.07,0.599435528,647.9595917,35.96613168,7.9099,28.05623168
MRM,Ore,9.9,Feb,1.07,0.599435528,647.9595917,35.96613168,8.3314,27.63473168
MRM,Ore,9.9,Mar,1.027,0.599435528,621.9200941,35.96613168,7.9672,27.99893168
MRM,Ore,9.9,Apr,0.958,0.599435528,580.135784,35.96613168,7.9729,27.99323168
MRM,Ore,9.9,May,0.958,0.599435528,580.135784,35.96613168,7.5509,28.41523168
MRM,Ore,9.9,Jun,0.958,0.599435528,580.135784,35.96613168,7.74,28.22613168
MRM,Ore,9.9,Jul,0.958,0.599435528,580.135784,35.96613168,7.7183,28.24783168
MRM,Ore,9.9,Aug,0.958,0.599435528,580.135784,35.96613168,7.8197,28.14643168
MRM,Ore,9.9,Sep,0.958,0.599435528,580.135784,35.96613168,7.734,28.23213168
MRM,Ore,9.9,Oct,0.987,0.599435528,597.6973056,35.96613168,7.185,28.78113168
MRM,Ore,9.9,Nov,1.027,0.599435528,621.9200941,35.96613168,7.2715,28.69463168
MRM,Ore,9.9,Dec,1.07,0.599435528,647.9595917,35.96613168,7.2057,28.76043168
MRM,Ore,10,Jan,1.07,0.601433572,645.8069821,36.08601432,7.9099,28.17611432
MRM,Ore,10,Feb,1.07,0.601433572,645.8069821,36.08601432,8.3314,27.75461432
MRM,Ore,10,Mar,1.027,0.601433572,619.8539912,36.08601432,7.9672,28.11881432
MRM,Ore,10,Apr,0.958,0.601433572,578.2084942,36.08601432,7.9729,28.11311432
MRM,Ore,10,May,0.958,0.601433572,578.2084942,36.08601432,7.5509,28.53511432
MRM,Ore,10,Jun,0.958,0.601433572,578.2084942,36.08601432,7.74,28.34601432
MRM,Ore,10,Jul,0.958,0.601433572,578.2084942,36.08601432,7.7183,28.36771432
MRM,Ore,10,Aug,0.958,0.601433572,578.2084942,36.08601432,7.8197,28.26631432
MRM,Ore,10,Sep,0.958,0.601433572,578.2084942,36.08601432,7.734,28.35201432
MRM,Ore,10,Oct,0.987,0.601433572,595.7116741,36.08601432,7.185,28.90101432
MRM,Ore,10,Nov,1.027,0.601433572,619.8539912,36.08601432,7.2715,28.81451432
MRM,Ore,10,Dec,1.07,0.601433572,645.8069821,36.08601432,7.2057,28.88031432
MRM,Ore,10.1,Jan,1.07,0.6054,641.5758176,36.324,7.9099,28.4141
MRM,Ore,10.1,Feb,1.07,0.6054,641.5758176,36.324,8.3314,27.9926
MRM,Ore,10.1,Mar,1.027,0.6054,615.7928642,36.324,7.9672,28.3568
MRM,Ore,10.1,Apr,0.958,0.6054,574.420218,36.324,7.9729,28.3511
MRM,Ore,10.1,May,0.958,0.6054,574.420218,36.324,7.5509,28.7731
MRM,Ore,10.1,Jun,0.958,0.6054,574.420218,36.324,7.74,28.584
MRM,Ore,10.1,Jul,0.958,0.6054,574.420218,36.324,7.7183,28.6057
MRM,Ore,10.1,Aug,0.958,0.6054,574.420218,36.324,7.8197,28.5043
MRM,Ore,10.1,Sep,0.958,0.6054,574.420218,36.324,7.734,28.59
MRM,Ore,10.1,Oct,0.987,0.6054,591.8087215,36.324,7.185,29.139
MRM,Ore,10.1,Nov,1.027,0.6054,615.7928642,36.324,7.2715,29.0525
MRM,Ore,10.1,Dec,1.07,0.6054,641.5758176,36.324,7.2057,29.1183
MRM,Ore,10.2,Jan,1.07,0.6094,637.3646209,36.564,7.9099,28.6541
MRM,Ore,10.2,Feb,1.07,0.6094,637.3646209,36.564,8.3314,28.2326
MRM,Ore,10.2,Mar,1.027,0.6094,611.7509025,36.564,7.9672,28.5968
MRM,Ore,10.2,Apr,0.958,0.6094,570.6498195,36.564,7.9729,28.5911
MRM,Ore,10.2,May,0.958,0.6094,570.6498195,36.564,7.5509,29.0131
MRM,Ore,10.2,Jun,0.958,0.6094,570.6498195,36.564,7.74,28.824
MRM,Ore,10.2,Jul,0.958,0.6094,570.6498195,36.564,7.7183,28.8457
MRM,Ore,10.2,Aug,0.958,0.6094,570.6498195,36.564,7.8197,28.7443
MRM,Ore,10.2,Sep,0.958,0.6094,570.6498195,36.564,7.734,28.83
MRM,Ore,10.2,Oct,0.987,0.6094,587.9241877,36.564,7.185,29.379
MRM,Ore,10.2,Nov,1.027,0.6094,611.7509025,36.564,7.2715,29.2925
MRM,Ore,10.2,Dec,1.07,0.6094,637.3646209,36.564,7.2057,29.3583
MRM,Ore,10.3,Jan,1.07,0.6134,633.2083469,36.804,7.9099,28.8941
MRM,Ore,10.3,Feb,1.07,0.6134,633.2083469,36.804,8.3314,28.4726
MRM,Ore,10.3,Mar,1.027,0.6134,607.7616563,36.804,7.9672,28.8368
MRM,Ore,10.3,Apr,0.958,0.6134,566.9285947,36.804,7.9729,28.8311
MRM,Ore,10.3,May,0.958,0.6134,566.9285947,36.804,7.5509,29.2531
MRM,Ore,10.3,Jun,0.958,0.6134,566.9285947,36.804,7.74,29.064
MRM,Ore,10.3,Jul,0.958,0.6134,566.9285947,36.804,7.7183,29.0857
MRM,Ore,10.3,Aug,0.958,0.6134,566.9285947,36.804,7.8197,28.9843
MRM,Ore,10.3,Sep,0.958,0.6134,566.9285947,36.804,7.734,29.07
MRM,Ore,10.3,Oct,0.987,0.6134,584.0903163,36.804,7.185,29.619
MRM,Ore,10.3,Nov,1.027,0.6134,607.7616563,36.804,7.2715,29.5325
MRM,Ore,10.3,Dec,1.07,0.6134,633.2083469,36.804,7.2057,29.5983
MRM,Ore,10.4,Jan,1.07,0.6174,629.1059281,37.044,7.9099,29.1341
MRM,Ore,10.4,Feb,1.07,0.6174,629.1059281,37.044,8.3314,28.7126
MRM,Ore,10.4,Mar,1.027,0.6174,603.8241011,37.044,7.9672,29.0768
MRM,Ore,10.4,Apr,0.958,0.6174,563.2555879,37.044,7.9729,29.0711
MRM,Ore,10.4,May,0.958,0.6174,563.2555879,37.044,7.5509,29.4931
MRM,Ore,10.4,Jun,0.958,0.6174,563.2555879,37.044,7.74,29.304
MRM,Ore,10.4,Jul,0.958,0.6174,563.2555879,37.044,7.7183,29.3257
MRM,Ore,10.4,Aug,0.958,0.6174,563.2555879,37.044,7.8197,29.2243
MRM,Ore,10.4,Sep,0.958,0.6174,563.2555879,37.044,7.734,29.31
MRM,Ore,10.4,Oct,0.987,0.6174,580.3061224,37.044,7.185,29.859
MRM,Ore,10.4,Nov,1.027,0.6174,603.8241011,37.044,7.2715,29.7725
MRM,Ore,10.4,Dec,1.07,0.6174,629.1059281,37.044,7.2057,29.8383
MRM,Ore,10.5,Jan,1.07,0.6214,625.0563244,37.284,7.9099,29.3741
MRM,Ore,10.5,Feb,1.07,0.6214,625.0563244,37.284,8.3314,28.9526
MRM,Ore,10.5,Mar,1.027,0.6214,599.9372385,37.284,7.9672,29.3168
MRM,Ore,10.5,Apr,0.958,0.6214,559.629868,37.284,7.9729,29.3111
MRM,Ore,10.5,May,0.958,0.6214,559.629868,37.284,7.5509,29.7331
MRM,Ore,10.5,Jun,0.958,0.6214,559.629868,37.284,7.74,29.544
MRM,Ore,10.5,Jul,0.958,0.6214,559.629868,37.284,7.7183,29.5657
MRM,Ore,10.5,Aug,0.958,0.6214,559.629868,37.284,7.8197,29.4643
MRM,Ore,10.5,Sep,0.958,0.6214,559.629868,37.284,7.734,29.55
MRM,Ore,10.5,Oct,0.987,0.6214,576.5706469,37.284,7.185,30.099
MRM,Ore,10.5,Nov,1.027,0.6214,599.9372385,37.284,7.2715,30.0125
MRM,Ore,10.5,Dec,1.07,0.6214,625.0563244,37.284,7.2057,30.0783
MRM,Ore,10.6,Jan,1.07,0.6254,621.0585225,37.524,7.9099,29.6141
MRM,Ore,10.6,Feb,1.07,0.6254,621.0585225,37.524,8.3314,29.1926
MRM,Ore,10.6,Mar,1.027,0.6254,596.1000959,37.524,7.9672,29.5568
MRM,Ore,10.6,Apr,0.958,0.6254,556.0505277,37.524,7.9729,29.5511
MRM,Ore,10.6,May,0.958,0.6254,556.0505277,37.524,7.5509,29.9731
MRM,Ore,10.6,Jun,0.958,0.6254,556.0505277,37.524,7.74,29.784
MRM,Ore,10.6,Jul,0.958,0.6254,556.0505277,37.524,7.7183,29.8057
MRM,Ore,10.6,Aug,0.958,0.6254,556.0505277,37.524,7.8197,29.7043
MRM,Ore,10.6,Sep,0.958,0.6254,556.0505277,37.524,7.734,29.79
MRM,Ore,10.6,Oct,0.987,0.6254,572.8829549,37.524,7.185,30.339
MRM,Ore,10.6,Nov,1.027,0.6254,596.1000959,37.524,7.2715,30.2525
MRM,Ore,10.6,Dec,1.07,0.6254,621.0585225,37.524,7.2057,30.3183
MRM,Ore,10.7,Jan,1.07,0.6294,617.1115348,37.764,7.9099,29.8541
MRM,Ore,10.7,Feb,1.07,0.6294,617.1115348,37.764,8.3314,29.4326
MRM,Ore,10.7,Mar,1.027,0.6294,592.3117255,37.764,7.9672,29.7968
MRM,Ore,10.7,Apr,0.958,0.6294,552.5166826,37.764,7.9729,29.7911
MRM,Ore,10.7,May,0.958,0.6294,552.5166826,37.764,7.5509,30.2131
MRM,Ore,10.7,Jun,0.958,0.6294,552.5166826,37.764,7.74,30.024
MRM,Ore,10.7,Jul,0.958,0.6294,552.5166826,37.764,7.7183,30.0457
MRM,Ore,10.7,Aug,0.958,0.6294,552.5166826,37.764,7.8197,29.9443
MRM,Ore,10.7,Sep,0.958,0.6294,552.5166826,37.764,7.734,30.03
MRM,Ore,10.7,Oct,0.987,0.6294,569.2421354,37.764,7.185,30.579
MRM,Ore,10.7,Nov,1.027,0.6294,592.3117255,37.764,7.2715,30.4925
MRM,Ore,10.7,Dec,1.07,0.6294,617.1115348,37.764,7.2057,30.5583
MRM,Ore,10.8,Jan,1.07,0.6334,613.2143985,38.004,7.9099,30.0941
MRM,Ore,10.8,Feb,1.07,0.6334,613.2143985,38.004,8.3314,29.6726
MRM,Ore,10.8,Mar,1.027,0.6334,588.571203,38.004,7.9672,30.0368
MRM,Ore,10.8,Apr,0.958,0.6334,549.0274708,38.004,7.9729,30.0311
MRM,Ore,10.8,May,0.958,0.6334,549.0274708,38.004,7.5509,30.4531
MRM,Ore,10.8,Jun,0.958,0.6334,549.0274708,38.004,7.74,30.264
MRM,Ore,10.8,Jul,0.958,0.6334,549.0274708,38.004,7.7183,30.2857
MRM,Ore,10.8,Aug,0.958,0.6334,549.0274708,38.004,7.8197,30.1843
MRM,Ore,10.8,Sep,0.958,0.6334,549.0274708,38.004,7.734,30.27
MRM,Ore,10.8,Oct,0.987,0.6334,565.6473003,38.004,7.185,30.819
MRM,Ore,10.8,Nov,1.027,0.6334,588.571203,38.004,7.2715,30.7325
MRM,Ore,10.8,Dec,1.07,0.6334,613.2143985,38.004,7.2057,30.7983
MRM,Ore,10.9,Jan,1.07,0.6374,609.3661751,38.244,7.9099,30.3341
MRM,Ore,10.9,Feb,1.07,0.6374,609.3661751,38.244,8.3314,29.9126
MRM,Ore,10.9,Mar,1.027,0.6374,584.8776279,38.244,7.9672,30.2768
MRM,Ore,10.9,Apr,0.958,0.6374,545.5820521,38.244,7.9729,30.2711
MRM,Ore,10.9,May,0.958,0.6374,545.5820521,38.244,7.5509,30.6931
MRM,Ore,10.9,Jun,0.958,0.6374,545.5820521,38.244,7.74,30.504
MRM,Ore,10.9,Jul,0.958,0.6374,545.5820521,38.244,7.7183,30.5257
MRM,Ore,10.9,Aug,0.958,0.6374,545.5820521,38.244,7.8197,30.4243
MRM,Ore,10.9,Sep,0.958,0.6374,545.5820521,38.244,7.734,30.51
MRM,Ore,10.9,Oct,0.987,0.6374,562.0975839,38.244,7.185,31.059
MRM,Ore,10.9,Nov,1.027,0.6374,584.8776279,38.244,7.2715,30.9725
MRM,Ore,10.9,Dec,1.07,0.6374,609.3661751,38.244,7.2057,31.0383
MRM,Ore,11,Jan,1.07,0.6414,605.5659495,38.484,7.9099,30.5741
MRM,Ore,11,Feb,1.07,0.6414,605.5659495,38.484,8.3314,30.1526
MRM,Ore,11,Mar,1.027,0.6414,581.2301216,38.484,7.9672,30.5168
MRM,Ore,11,Apr,0.958,0.6414,542.1796071,38.484,7.9729,30.5111
MRM,Ore,11,May,0.958,0.6414,542.1796071,38.484,7.5509,30.9331
MRM,Ore,11,Jun,0.958,0.6414,542.1796071,38.484,7.74,30.744
MRM,Ore,11,Jul,0.958,0.6414,542.1796071,38.484,7.7183,30.7657
MRM,Ore,11,Aug,0.958,0.6414,542.1796071,38.484,7.8197,30.6643
MRM,Ore,11,Sep,0.958,0.6414,542.1796071,38.484,7.734,30.75
MRM,Ore,11,Oct,0.987,0.6414,558.5921422,38.484,7.185,31.299
MRM,Ore,11,Nov,1.027,0.6414,581.2301216,38.484,7.2715,31.2125
MRM,Ore,11,Dec,1.07,0.6414,605.5659495,38.484,7.2057,31.2783
MRM,Ore,11.1,Jan,1.07,0.6454,601.8128293,38.724,7.9099,30.8141
MRM,Ore,11.1,Feb,1.07,0.6454,601.8128293,38.724,8.3314,30.3926
MRM,Ore,11.1,Mar,1.027,0.6454,577.6278277,38.724,7.9672,30.7568
MRM,Ore,11.1,Apr,0.958,0.6454,538.8193368,38.724,7.9729,30.7511
MRM,Ore,11.1,May,0.958,0.6454,538.8193368,38.724,7.5509,31.1731
MRM,Ore,11.1,Jun,0.958,0.6454,538.8193368,38.724,7.74,30.984
MRM,Ore,11.1,Jul,0.958,0.6454,538.8193368,38.724,7.7183,31.0057
MRM,Ore,11.1,Aug,0.958,0.6454,538.8193368,38.724,7.8197,30.9043
MRM,Ore,11.1,Sep,0.958,0.6454,538.8193368,38.724,7.734,30.99
MRM,Ore,11.1,Oct,0.987,0.6454,555.1301518,38.724,7.185,31.539
MRM,Ore,11.1,Nov,1.027,0.6454,577.6278277,38.724,7.2715,31.4525
MRM,Ore,11.1,Dec,1.07,0.6454,601.8128293,38.724,7.2057,31.5183
MRM,Ore,11.2,Jan,1.07,0.6494,598.1059439,38.964,7.9099,31.0541
MRM,Ore,11.2,Feb,1.07,0.6494,598.1059439,38.964,8.3314,30.6326
MRM,Ore,11.2,Mar,1.027,0.6494,574.0699107,38.964,7.9672,30.9968
MRM,Ore,11.2,Apr,0.958,0.6494,535.500462,38.964,7.9729,30.9911
MRM,Ore,11.2,May,0.958,0.6494,535.500462,38.964,7.5509,31.4131
MRM,Ore,11.2,Jun,0.958,0.6494,535.500462,38.964,7.74,31.224
MRM,Ore,11.2,Jul,0.958,0.6494,535.500462,38.964,7.7183,31.2457
MRM,Ore,11.2,Aug,0.958,0.6494,535.500462,38.964,7.8197,31.1443
MRM,Ore,11.2,Sep,0.958,0.6494,535.500462,38.964,7.734,31.23
MRM,Ore,11.2,Oct,0.987,0.6494,551.71081,38.964,7.185,31.779
MRM,Ore,11.2,Nov,1.027,0.6494,574.0699107,38.964,7.2715,31.6925
MRM,Ore,11.2,Dec,1.07,0.6494,598.1059439,38.964,7.2057,31.7583
MRM,Ore,11.3,Jan,1.07,0.6534,594.4444444,39.204,7.9099,31.2941
MRM,Ore,11.3,Feb,1.07,0.6534,594.4444444,39.204,8.3314,30.8726
MRM,Ore,11.3,Mar,1.027,0.6534,570.5555556,39.204,7.9672,31.2368
MRM,Ore,11.3,Apr,0.958,0.6534,532.2222222,39.204,7.9729,31.2311
MRM,Ore,11.3,May,0.958,0.6534,532.2222222,39.204,7.5509,31.6531
MRM,Ore,11.3,Jun,0.958,0.6534,532.2222222,39.204,7.74,31.464
MRM,Ore,11.3,Jul,0.958,0.6534,532.2222222,39.204,7.7183,31.4857
MRM,Ore,11.3,Aug,0.958,0.6534,532.2222222,39.204,7.8197,31.3843
MRM,Ore,11.3,Sep,0.958,0.6534,532.2222222,39.204,7.734,31.47
MRM,Ore,11.3,Oct,0.987,0.6534,548.3333333,39.204,7.185,32.019
MRM,Ore,11.3,Nov,1.027,0.6534,570.5555556,39.204,7.2715,31.9325
MRM,Ore,11.3,Dec,1.07,0.6534,594.4444444,39.204,7.2057,31.9983
MRM,Ore,11.4,Jan,1.07,0.6574,590.8275023,39.444,7.9099,31.5341
MRM,Ore,11.4,Feb,1.07,0.6574,590.8275023,39.444,8.3314,31.1126
MRM,Ore,11.4,Mar,1.027,0.6574,567.0839671,39.444,7.9672,31.4768
MRM,Ore,11.4,Apr,0.958,0.6574,528.9838759,39.444,7.9729,31.4711
MRM,Ore,11.4,May,0.958,0.6574,528.9838759,39.444,7.5509,31.8931
MRM,Ore,11.4,Jun,0.958,0.6574,528.9838759,39.444,7.74,31.704
MRM,Ore,11.4,Jul,0.958,0.6574,528.9838759,39.444,7.7183,31.7257
MRM,Ore,11.4,Aug,0.958,0.6574,528.9838759,39.444,7.8197,31.6243
MRM,Ore,11.4,Sep,0.958,0.6574,528.9838759,39.444,7.734,31.71
MRM,Ore,11.4,Oct,0.987,0.6574,544.9969577,39.444,7.185,32.259
MRM,Ore,11.4,Nov,1.027,0.6574,567.0839671,39.444,7.2715,32.1725
MRM,Ore,11.4,Dec,1.07,0.6574,590.8275023,39.444,7.2057,32.2383
MRM,Ore,11.5,Jan,1.07,0.6614,587.254309,39.684,7.9099,31.7741
MRM,Ore,11.5,Feb,1.07,0.6614,587.254309,39.684,8.3314,31.3526
MRM,Ore,11.5,Mar,1.027,0.6614,563.6543695,39.684,7.9672,31.7168
MRM,Ore,11.5,Apr,0.958,0.6614,525.7846991,39.684,7.9729,31.7111
MRM,Ore,11.5,May,0.958,0.6614,525.7846991,39.684,7.5509,32.1331
MRM,Ore,11.5,Jun,0.958,0.6614,525.7846991,39.684,7.74,31.944
MRM,Ore,11.5,Jul,0.958,0.6614,525.7846991,39.684,7.7183,31.9657
MRM,Ore,11.5,Aug,0.958,0.6614,525.7846991,39.684,7.8197,31.8643
MRM,Ore,11.5,Sep,0.958,0.6614,525.7846991,39.684,7.734,31.95
MRM,Ore,11.5,Oct,0.987,0.6614,541.7009374,39.684,7.185,32.499
MRM,Ore,11.5,Nov,1.027,0.6614,563.6543695,39.684,7.2715,32.4125
MRM,Ore,11.5,Dec,1.07,0.6614,587.254309,39.684,7.2057,32.4783
MRM,Ore,11.6,Jan,1.07,0.6654,583.7240757,39.924,7.9099,32.0141
MRM,Ore,11.6,Feb,1.07,0.6654,583.7240757,39.924,8.3314,31.5926
MRM,Ore,11.6,Mar,1.027,0.6654,560.2660054,39.924,7.9672,31.9568
MRM,Ore,11.6,Apr,0.958,0.6654,522.6239856,39.924,7.9729,31.9511
MRM,Ore,11.6,May,0.958,0.6654,522.6239856,39.924,7.5509,32.3731
MRM,Ore,11.6,Jun,0.958,0.6654,522.6239856,39.924,7.74,32.184
MRM,Ore,11.6,Jul,0.958,0.6654,522.6239856,39.924,7.7183,32.2057
MRM,Ore,11.6,Aug,0.958,0.6654,522.6239856,39.924,7.8197,32.1043
MRM,Ore,11.6,Sep,0.958,0.6654,522.6239856,39.924,7.734,32.19
MRM,Ore,11.6,Oct,0.987,0.6654,538.4445446,39.924,7.185,32.739
MRM,Ore,11.6,Nov,1.027,0.6654,560.2660054,39.924,7.2715,32.6525
MRM,Ore,11.6,Dec,1.07,0.6654,583.7240757,39.924,7.2057,32.7183
MRM,Ore,11.7,Jan,1.07,0.6694,580.2360323,40.164,7.9099,32.2541
MRM,Ore,11.7,Feb,1.07,0.6694,580.2360323,40.164,8.3314,31.8326
MRM,Ore,11.7,Mar,1.027,0.6694,556.9181356,40.164,7.9672,32.1968
MRM,Ore,11.7,Apr,0.958,0.6694,519.5010457,40.164,7.9729,32.1911
MRM,Ore,11.7,May,0.958,0.6694,519.5010457,40.164,7.5509,32.6131
MRM,Ore,11.7,Jun,0.958,0.6694,519.5010457,40.164,7.74,32.424
MRM,Ore,11.7,Jul,0.958,0.6694,519.5010457,40.164,7.7183,32.4457
MRM,Ore,11.7,Aug,0.958,0.6694,519.5010457,40.164,7.8197,32.3443
MRM,Ore,11.7,Sep,0.958,0.6694,519.5010457,40.164,7.734,32.43
MRM,Ore,11.7,Oct,0.987,0.6694,535.227069,40.164,7.185,32.979
MRM,Ore,11.7,Nov,1.027,0.6694,556.9181356,40.164,7.2715,32.8925
MRM,Ore,11.7,Dec,1.07,0.6694,580.2360323,40.164,7.2057,32.9583
MRM,Ore,11.8,Jan,1.07,0.6734,576.7894268,40.404,7.9099,32.4941
MRM,Ore,11.8,Feb,1.07,0.6734,576.7894268,40.404,8.3314,32.0726
MRM,Ore,11.8,Mar,1.027,0.6734,553.6100386,40.404,7.9672,32.4368
MRM,Ore,11.8,Apr,0.958,0.6734,516.4152064,40.404,7.9729,32.4311
MRM,Ore,11.8,May,0.958,0.6734,516.4152064,40.404,7.5509,32.8531
MRM,Ore,11.8,Jun,0.958,0.6734,516.4152064,40.404,7.74,32.664
MRM,Ore,11.8,Jul,0.958,0.6734,516.4152064,40.404,7.7183,32.6857
MRM,Ore,11.8,Aug,0.958,0.6734,516.4152064,40.404,7.8197,32.5843
MRM,Ore,11.8,Sep,0.958,0.6734,516.4152064,40.404,7.734,32.67
MRM,Ore,11.8,Oct,0.987,0.6734,532.047817,40.404,7.185,33.219
MRM,Ore,11.8,Nov,1.027,0.6734,553.6100386,40.404,7.2715,33.1325
MRM,Ore,11.8,Dec,1.07,0.6734,576.7894268,40.404,7.2057,33.1983
MRM,Ore,11.9,Jan,1.07,0.6774,573.3835252,40.644,7.9099,32.7341
MRM,Ore,11.9,Feb,1.07,0.6774,573.3835252,40.644,8.3314,32.3126
MRM,Ore,11.9,Mar,1.027,0.6774,550.3410097,40.644,7.9672,32.6768
MRM,Ore,11.9,Apr,0.958,0.6774,513.3658105,40.644,7.9729,32.6711
MRM,Ore,11.9,May,0.958,0.6774,513.3658105,40.644,7.5509,33.0931
MRM,Ore,11.9,Jun,0.958,0.6774,513.3658105,40.644,7.74,32.904
MRM,Ore,11.9,Jul,0.958,0.6774,513.3658105,40.644,7.7183,32.9257
MRM,Ore,11.9,Aug,0.958,0.6774,513.3658105,40.644,7.8197,32.8243
MRM,Ore,11.9,Sep,0.958,0.6774,513.3658105,40.644,7.734,32.91
MRM,Ore,11.9,Oct,0.987,0.6774,528.9061116,40.644,7.185,33.459
MRM,Ore,11.9,Nov,1.027,0.6774,550.3410097,40.644,7.2715,33.3725
MRM,Ore,11.9,Dec,1.07,0.6774,573.3835252,40.644,7.2057,33.4383
MRM,Ore,12,Jan,1.07,0.6814,570.0176108,40.884,7.9099,32.9741
MRM,Ore,12,Feb,1.07,0.6814,570.0176108,40.884,8.3314,32.5526
MRM,Ore,12,Mar,1.027,0.6814,547.110361,40.884,7.9672,32.9168
MRM,Ore,12,Apr,0.958,0.6814,510.352216,40.884,7.9729,32.9111
MRM,Ore,12,May,0.958,0.6814,510.352216,40.884,7.5509,33.3331
MRM,Ore,12,Jun,0.958,0.6814,510.352216,40.884,7.74,33.144
MRM,Ore,12,Jul,0.958,0.6814,510.352216,40.884,7.7183,33.1657
MRM,Ore,12,Aug,0.958,0.6814,510.352216,40.884,7.8197,33.0643
MRM,Ore,12,Sep,0.958,0.6814,510.352216,40.884,7.734,33.15
MRM,Ore,12,Oct,0.987,0.6814,525.8012915,40.884,7.185,33.699
MRM,Ore,12,Nov,1.027,0.6814,547.110361,40.884,7.2715,33.6125
MRM,Ore,12,Dec,1.07,0.6814,570.0176108,40.884,7.2057,33.6783
MRM,Ore,12.1,Jan,1.07,0.6854,566.6909834,41.124,7.9099,33.2141
MRM,Ore,12.1,Feb,1.07,0.6854,566.6909834,41.124,8.3314,32.7926
MRM,Ore,12.1,Mar,1.027,0.6854,543.9174205,41.124,7.9672,33.1568
MRM,Ore,12.1,Apr,0.958,0.6854,507.3737963,41.124,7.9729,33.1511
MRM,Ore,12.1,May,0.958,0.6854,507.3737963,41.124,7.5509,33.5731
MRM,Ore,12.1,Jun,0.958,0.6854,507.3737963,41.124,7.74,33.384
MRM,Ore,12.1,Jul,0.958,0.6854,507.3737963,41.124,7.7183,33.4057
MRM,Ore,12.1,Aug,0.958,0.6854,507.3737963,41.124,7.8197,33.3043
MRM,Ore,12.1,Sep,0.958,0.6854,507.3737963,41.124,7.734,33.39
MRM,Ore,12.1,Oct,0.987,0.6854,522.7327108,41.124,7.185,33.939
MRM,Ore,12.1,Nov,1.027,0.6854,543.9174205,41.124,7.2715,33.8525
MRM,Ore,12.1,Dec,1.07,0.6854,566.6909834,41.124,7.2057,33.9183
MRM,Ore,12.2,Jan,1.07,0.6894,563.4029591,41.364,7.9099,33.4541
MRM,Ore,12.2,Feb,1.07,0.6894,563.4029591,41.364,8.3314,33.0326
MRM,Ore,12.2,Mar,1.027,0.6894,540.7615318,41.364,7.9672,33.3968
MRM,Ore,12.2,Apr,0.958,0.6894,504.4299391,41.364,7.9729,33.3911
MRM,Ore,12.2,May,0.958,0.6894,504.4299391,41.364,7.5509,33.8131
MRM,Ore,12.2,Jun,0.958,0.6894,504.4299391,41.364,7.74,33.624
MRM,Ore,12.2,Jul,0.958,0.6894,504.4299391,41.364,7.7183,33.6457
MRM,Ore,12.2,Aug,0.958,0.6894,504.4299391,41.364,7.8197,33.5443
MRM,Ore,12.2,Sep,0.958,0.6894,504.4299391,41.364,7.734,33.63
MRM,Ore,12.2,Oct,0.987,0.6894,519.6997389,41.364,7.185,34.179
MRM,Ore,12.2,Nov,1.027,0.6894,540.7615318,41.364,7.2715,34.0925
MRM,Ore,12.2,Dec,1.07,0.6894,563.4029591,41.364,7.2057,34.1583
MRM,Ore,12.3,Jan,1.07,0.6934,560.1528699,41.604,7.9099,33.6941
MRM,Ore,12.3,Feb,1.07,0.6934,560.1528699,41.604,8.3314,33.2726
MRM,Ore,12.3,Mar,1.027,0.6934,537.6420536,41.604,7.9672,33.6368
MRM,Ore,12.3,Apr,0.958,0.6934,501.5200461,41.604,7.9729,33.6311
MRM,Ore,12.3,May,0.958,0.6934,501.5200461,41.604,7.5509,34.0531
MRM,Ore,12.3,Jun,0.958,0.6934,501.5200461,41.604,7.74,33.864
MRM,Ore,12.3,Jul,0.958,0.6934,501.5200461,41.604,7.7183,33.8857
MRM,Ore,12.3,Aug,0.958,0.6934,501.5200461,41.604,7.8197,33.7843
MRM,Ore,12.3,Sep,0.958,0.6934,501.5200461,41.604,7.734,33.87
MRM,Ore,12.3,Oct,0.987,0.6934,516.7017594,41.604,7.185,34.419
MRM,Ore,12.3,Nov,1.027,0.6934,537.6420536,41.604,7.2715,34.3325
MRM,Ore,12.3,Dec,1.07,0.6934,560.1528699,41.604,7.2057,34.3983
MRM,Ore,12.4,Jan,1.07,0.6974,556.9400631,41.844,7.9099,33.9341
MRM,Ore,12.4,Feb,1.07,0.6974,556.9400631,41.844,8.3314,33.5126
MRM,Ore,12.4,Mar,1.027,0.6974,534.5583596,41.844,7.9672,33.8768
MRM,Ore,12.4,Apr,0.958,0.6974,498.6435331,41.844,7.9729,33.8711
MRM,Ore,12.4,May,0.958,0.6974,498.6435331,41.844,7.5509,34.2931
MRM,Ore,12.4,Jun,0.958,0.6974,498.6435331,41.844,7.74,34.104
MRM,Ore,12.4,Jul,0.958,0.6974,498.6435331,41.844,7.7183,34.1257
MRM,Ore,12.4,Aug,0.958,0.6974,498.6435331,41.844,7.8197,34.0243
MRM,Ore,12.4,Sep,0.958,0.6974,498.6435331,41.844,7.734,34.11
MRM,Ore,12.4,Oct,0.987,0.6974,513.7381703,41.844,7.185,34.659
MRM,Ore,12.4,Nov,1.027,0.6974,534.5583596,41.844,7.2715,34.5725
MRM,Ore,12.4,Dec,1.07,0.6974,556.9400631,41.844,7.2057,34.6383
MRM,Ore,12.5,Jan,1.07,0.7014,553.7639008,42.084,7.9099,34.1741
MRM,Ore,12.5,Feb,1.07,0.7014,553.7639008,42.084,8.3314,33.7526
MRM,Ore,12.5,Mar,1.027,0.7014,531.5098375,42.084,7.9672,34.1168
MRM,Ore,12.5,Apr,0.958,0.7014,495.7998289,42.084,7.9729,34.1111
MRM,Ore,12.5,May,0.958,0.7014,495.7998289,42.084,7.5509,34.5331
MRM,Ore,12.5,Jun,0.958,0.7014,495.7998289,42.084,7.74,34.344
MRM,Ore,12.5,Jul,0.958,0.7014,495.7998289,42.084,7.7183,34.3657
MRM,Ore,12.5,Aug,0.958,0.7014,495.7998289,42.084,7.8197,34.2643
MRM,Ore,12.5,Sep,0.958,0.7014,495.7998289,42.084,7.734,34.35
MRM,Ore,12.5,Oct,0.987,0.7014,510.8083832,42.084,7.185,34.899
MRM,Ore,12.5,Nov,1.027,0.7014,531.5098375,42.084,7.2715,34.8125
MRM,Ore,12.5,Dec,1.07,0.7014,553.7639008,42.084,7.2057,34.8783
MRM,Ore,12.6,Jan,1.07,0.7054,550.6237596,42.324,7.9099,34.4141
MRM,Ore,12.6,Feb,1.07,0.7054,550.6237596,42.324,8.3314,33.9926
MRM,Ore,12.6,Mar,1.027,0.7054,528.4958889,42.324,7.9672,34.3568
MRM,Ore,12.6,Apr,0.958,0.7054,492.9883754,42.324,7.9729,34.3511
MRM,Ore,12.6,May,0.958,0.7054,492.9883754,42.324,7.5509,34.7731
MRM,Ore,12.6,Jun,0.958,0.7054,492.9883754,42.324,7.74,34.584
MRM,Ore,12.6,Jul,0.958,0.7054,492.9883754,42.324,7.7183,34.6057
MRM,Ore,12.6,Aug,0.958,0.7054,492.9883754,42.324,7.8197,34.5043
MRM,Ore,12.6,Sep,0.958,0.7054,492.9883754,42.324,7.734,34.59
MRM,Ore,12.6,Oct,0.987,0.7054,507.9118231,42.324,7.185,35.139
MRM,Ore,12.6,Nov,1.027,0.7054,528.4958889,42.324,7.2715,35.0525
MRM,Ore,12.6,Dec,1.07,0.7054,550.6237596,42.324,7.2057,35.1183
MRM,Ore,12.7,Jan,1.07,0.7094,547.5190302,42.564,7.9099,34.6541
MRM,Ore,12.7,Feb,1.07,0.7094,547.5190302,42.564,8.3314,34.2326
MRM,Ore,12.7,Mar,1.027,0.7094,525.515929,42.564,7.9672,34.5968
MRM,Ore,12.7,Apr,0.958,0.7094,490.208627,42.564,7.9729,34.5911
MRM,Ore,12.7,May,0.958,0.7094,490.208627,42.564,7.5509,35.0131
MRM,Ore,12.7,Jun,0.958,0.7094,490.208627,42.564,7.74,34.824
MRM,Ore,12.7,Jul,0.958,0.7094,490.208627,42.564,7.7183,34.8457
MRM,Ore,12.7,Aug,0.958,0.7094,490.208627,42.564,7.8197,34.7443
MRM,Ore,12.7,Sep,0.958,0.7094,490.208627,42.564,7.734,34.83
MRM,Ore,12.7,Oct,0.987,0.7094,505.0479278,42.564,7.185,35.379
MRM,Ore,12.7,Nov,1.027,0.7094,525.515929,42.564,7.2715,35.2925
MRM,Ore,12.7,Dec,1.07,0.7094,547.5190302,42.564,7.2057,35.3583
MRM,Ore,12.8,Jan,1.07,0.7134,544.4491169,42.804,7.9099,34.8941
MRM,Ore,12.8,Feb,1.07,0.7134,544.4491169,42.804,8.3314,34.4726
MRM,Ore,12.8,Mar,1.027,0.7134,522.569386,42.804,7.9672,34.8368
MRM,Ore,12.8,Apr,0.958,0.7134,487.4600505,42.804,7.9729,34.8311
MRM,Ore,12.8,May,0.958,0.7134,487.4600505,42.804,7.5509,35.2531
MRM,Ore,12.8,Jun,0.958,0.7134,487.4600505,42.804,7.74,35.064
MRM,Ore,12.8,Jul,0.958,0.7134,487.4600505,42.804,7.7183,35.0857
MRM,Ore,12.8,Aug,0.958,0.7134,487.4600505,42.804,7.8197,34.9843
MRM,Ore,12.8,Sep,0.958,0.7134,487.4600505,42.804,7.734,35.07
MRM,Ore,12.8,Oct,0.987,0.7134,502.216148,42.804,7.185,35.619
MRM,Ore,12.8,Nov,1.027,0.7134,522.569386,42.804,7.2715,35.5325
MRM,Ore,12.8,Dec,1.07,0.7134,544.4491169,42.804,7.2057,35.5983
MRM,Ore,12.9,Jan,1.07,0.7174,541.4134374,43.044,7.9099,35.1341
MRM,Ore,12.9,Feb,1.07,0.7174,541.4134374,43.044,8.3314,34.7126
MRM,Ore,12.9,Mar,1.027,0.7174,519.6557011,43.044,7.9672,35.0768
MRM,Ore,12.9,Apr,0.958,0.7174,484.7421243,43.044,7.9729,35.0711
MRM,Ore,12.9,May,0.958,0.7174,484.7421243,43.044,7.5509,35.4931
MRM,Ore,12.9,Jun,0.958,0.7174,484.7421243,43.044,7.74,35.304
MRM,Ore,12.9,Jul,0.958,0.7174,484.7421243,43.044,7.7183,35.3257
MRM,Ore,12.9,Aug,0.958,0.7174,484.7421243,43.044,7.8197,35.2243
MRM,Ore,12.9,Sep,0.958,0.7174,484.7421243,43.044,7.734,35.31
MRM,Ore,12.9,Oct,0.987,0.7174,499.4159465,43.044,7.185,35.859
MRM,Ore,12.9,Nov,1.027,0.7174,519.6557011,43.044,7.2715,35.7725
MRM,Ore,12.9,Dec,1.07,0.7174,541.4134374,43.044,7.2057,35.8383
MRM,Ore,13,Jan,1.07,0.7214,538.4114222,43.284,7.9099,35.3741
MRM,Ore,13,Feb,1.07,0.7214,538.4114222,43.284,8.3314,34.9526
MRM,Ore,13,Mar,1.027,0.7214,516.7743277,43.284,7.9672,35.3168
MRM,Ore,13,Apr,0.958,0.7214,482.0543388,43.284,7.9729,35.3111
MRM,Ore,13,May,0.958,0.7214,482.0543388,43.284,7.5509,35.7331
MRM,Ore,13,Jun,0.958,0.7214,482.0543388,43.284,7.74,35.544
MRM,Ore,13,Jul,0.958,0.7214,482.0543388,43.284,7.7183,35.5657
MRM,Ore,13,Aug,0.958,0.7214,482.0543388,43.284,7.8197,35.4643
MRM,Ore,13,Sep,0.958,0.7214,482.0543388,43.284,7.734,35.55
MRM,Ore,13,Oct,0.987,0.7214,496.6467979,43.284,7.185,36.099
MRM,Ore,13,Nov,1.027,0.7214,516.7743277,43.284,7.2715,36.0125
MRM,Ore,13,Dec,1.07,0.7214,538.4114222,43.284,7.2057,36.0783
MRM,Ore,13.1,Jan,1.07,0.7254,535.4425145,43.524,7.9099,35.6141
MRM,Ore,13.1,Feb,1.07,0.7254,535.4425145,43.524,8.3314,35.1926
MRM,Ore,13.1,Mar,1.027,0.7254,513.9247312,43.524,7.9672,35.5568
MRM,Ore,13.1,Apr,0.958,0.7254,479.3961952,43.524,7.9729,35.5511
MRM,Ore,13.1,May,0.958,0.7254,479.3961952,43.524,7.5509,35.9731
MRM,Ore,13.1,Jun,0.958,0.7254,479.3961952,43.524,7.74,35.784
MRM,Ore,13.1,Jul,0.958,0.7254,479.3961952,43.524,7.7183,35.8057
MRM,Ore,13.1,Aug,0.958,0.7254,479.3961952,43.524,7.8197,35.7043
MRM,Ore,13.1,Sep,0.958,0.7254,479.3961952,43.524,7.734,35.79
MRM,Ore,13.1,Oct,0.987,0.7254,493.9081886,43.524,7.185,36.339
MRM,Ore,13.1,Nov,1.027,0.7254,513.9247312,43.524,7.2715,36.2525
MRM,Ore,13.1,Dec,1.07,0.7254,535.4425145,43.524,7.2057,36.3183
MRM,Ore,13.2,Jan,1.07,0.7294,532.5061695,43.764,7.9099,35.8541
MRM,Ore,13.2,Feb,1.07,0.7294,532.5061695,43.764,8.3314,35.4326
MRM,Ore,13.2,Mar,1.027,0.7294,511.1063888,43.764,7.9672,35.7968
MRM,Ore,13.2,Apr,0.958,0.7294,476.7672059,43.764,7.9729,35.7911
MRM,Ore,13.2,May,0.958,0.7294,476.7672059,43.764,7.5509,36.2131
MRM,Ore,13.2,Jun,0.958,0.7294,476.7672059,43.764,7.74,36.024
MRM,Ore,13.2,Jul,0.958,0.7294,476.7672059,43.764,7.7183,36.0457
MRM,Ore,13.2,Aug,0.958,0.7294,476.7672059,43.764,7.8197,35.9443
MRM,Ore,13.2,Sep,0.958,0.7294,476.7672059,43.764,7.734,36.03
MRM,Ore,13.2,Oct,0.987,0.7294,491.1996161,43.764,7.185,36.579
MRM,Ore,13.2,Nov,1.027,0.7294,511.1063888,43.764,7.2715,36.4925
MRM,Ore,13.2,Dec,1.07,0.7294,532.5061695,43.764,7.2057,36.5583
MRM,Ore,13.3,Jan,1.07,0.7334,529.6018544,44.004,7.9099,36.0941
MRM,Ore,13.3,Feb,1.07,0.7334,529.6018544,44.004,8.3314,35.6726
MRM,Ore,13.3,Mar,1.027,0.7334,508.3187892,44.004,7.9672,36.0368
MRM,Ore,13.3,Apr,0.958,0.7334,474.1668939,44.004,7.9729,36.0311
MRM,Ore,13.3,May,0.958,0.7334,474.1668939,44.004,7.5509,36.4531
MRM,Ore,13.3,Jun,0.958,0.7334,474.1668939,44.004,7.74,36.264
MRM,Ore,13.3,Jul,0.958,0.7334,474.1668939,44.004,7.7183,36.2857
MRM,Ore,13.3,Aug,0.958,0.7334,474.1668939,44.004,7.8197,36.1843
MRM,Ore,13.3,Sep,0.958,0.7334,474.1668939,44.004,7.734,36.27
MRM,Ore,13.3,Oct,0.987,0.7334,488.520589,44.004,7.185,36.819
MRM,Ore,13.3,Nov,1.027,0.7334,508.3187892,44.004,7.2715,36.7325
MRM,Ore,13.3,Dec,1.07,0.7334,529.6018544,44.004,7.2057,36.7983
MRM,Ore,13.4,Jan,1.07,0.7374,526.729048,44.244,7.9099,36.3341
MRM,Ore,13.4,Feb,1.07,0.7374,526.729048,44.244,8.3314,35.9126
MRM,Ore,13.4,Mar,1.027,0.7374,505.5614321,44.244,7.9672,36.2768
MRM,Ore,13.4,Apr,0.958,0.7374,471.5947925,44.244,7.9729,36.2711
MRM,Ore,13.4,May,0.958,0.7374,471.5947925,44.244,7.5509,36.6931
MRM,Ore,13.4,Jun,0.958,0.7374,471.5947925,44.244,7.74,36.504
MRM,Ore,13.4,Jul,0.958,0.7374,471.5947925,44.244,7.7183,36.5257
MRM,Ore,13.4,Aug,0.958,0.7374,471.5947925,44.244,7.8197,36.4243
MRM,Ore,13.4,Sep,0.958,0.7374,471.5947925,44.244,7.734,36.51
MRM,Ore,13.4,Oct,0.987,0.7374,485.8706265,44.244,7.185,37.059
MRM,Ore,13.4,Nov,1.027,0.7374,505.5614321,44.244,7.2715,36.9725
MRM,Ore,13.4,Dec,1.07,0.7374,526.729048,44.244,7.2057,37.0383
MRM,Ore,13.5,Jan,1.07,0.7414,523.8872404,44.484,7.9099,36.5741
MRM,Ore,13.5,Feb,1.07,0.7414,523.8872404,44.484,8.3314,36.1526
MRM,Ore,13.5,Mar,1.027,0.7414,502.8338279,44.484,7.9672,36.5168
MRM,Ore,13.5,Apr,0.958,0.7414,469.0504451,44.484,7.9729,36.5111
MRM,Ore,13.5,May,0.958,0.7414,469.0504451,44.484,7.5509,36.9331
MRM,Ore,13.5,Jun,0.958,0.7414,469.0504451,44.484,7.74,36.744
MRM,Ore,13.5,Jul,0.958,0.7414,469.0504451,44.484,7.7183,36.7657
MRM,Ore,13.5,Aug,0.958,0.7414,469.0504451,44.484,7.8197,36.6643
MRM,Ore,13.5,Sep,0.958,0.7414,469.0504451,44.484,7.734,36.75
MRM,Ore,13.5,Oct,0.987,0.7414,483.2492582,44.484,7.185,37.299
MRM,Ore,13.5,Nov,1.027,0.7414,502.8338279,44.484,7.2715,37.2125
MRM,Ore,13.5,Dec,1.07,0.7414,523.8872404,44.484,7.2057,37.2783
MRM,Ore,13.6,Jan,1.07,0.7454,521.0759324,44.724,7.9099,36.8141
MRM,Ore,13.6,Feb,1.07,0.7454,521.0759324,44.724,8.3314,36.3926
MRM,Ore,13.6,Mar,1.027,0.7454,500.1354977,44.724,7.9672,36.7568
MRM,Ore,13.6,Apr,0.958,0.7454,466.5334049,44.724,7.9729,36.7511
MRM,Ore,13.6,May,0.958,0.7454,466.5334049,44.724,7.5509,37.1731
MRM,Ore,13.6,Jun,0.958,0.7454,466.5334049,44.724,7.74,36.984
MRM,Ore,13.6,Jul,0.958,0.7454,466.5334049,44.724,7.7183,37.0057
MRM,Ore,13.6,Aug,0.958,0.7454,466.5334049,44.724,7.8197,36.9043
MRM,Ore,13.6,Sep,0.958,0.7454,466.5334049,44.724,7.734,36.99
MRM,Ore,13.6,Oct,0.987,0.7454,480.6560236,44.724,7.185,37.539
MRM,Ore,13.6,Nov,1.027,0.7454,500.1354977,44.724,7.2715,37.4525
MRM,Ore,13.6,Dec,1.07,0.7454,521.0759324,44.724,7.2057,37.5183
MRM,Ore,13.7,Jan,1.07,0.7494,518.2946357,44.964,7.9099,37.0541
MRM,Ore,13.7,Feb,1.07,0.7494,518.2946357,44.964,8.3314,36.6326
MRM,Ore,13.7,Mar,1.027,0.7494,497.4659728,44.964,7.9672,36.9968
MRM,Ore,13.7,Apr,0.958,0.7494,464.0432346,44.964,7.9729,36.9911
MRM,Ore,13.7,May,0.958,0.7494,464.0432346,44.964,7.5509,37.4131
MRM,Ore,13.7,Jun,0.958,0.7494,464.0432346,44.964,7.74,37.224
MRM,Ore,13.7,Jul,0.958,0.7494,464.0432346,44.964,7.7183,37.2457
MRM,Ore,13.7,Aug,0.958,0.7494,464.0432346,44.964,7.8197,37.1443
MRM,Ore,13.7,Sep,0.958,0.7494,464.0432346,44.964,7.734,37.23
MRM,Ore,13.7,Oct,0.987,0.7494,478.0904724,44.964,7.185,37.779
MRM,Ore,13.7,Nov,1.027,0.7494,497.4659728,44.964,7.2715,37.6925
MRM,Ore,13.7,Dec,1.07,0.7494,518.2946357,44.964,7.2057,37.7583
MRM,Ore,13.8,Jan,1.07,0.7534,515.5428723,45.204,7.9099,37.2941
MRM,Ore,13.8,Feb,1.07,0.7534,515.5428723,45.204,8.3314,36.8726
MRM,Ore,13.8,Mar,1.027,0.7534,494.8247943,45.204,7.9672,37.2368
MRM,Ore,13.8,Apr,0.958,0.7534,461.5795062,45.204,7.9729,37.2311
MRM,Ore,13.8,May,0.958,0.7534,461.5795062,45.204,7.5509,37.6531
MRM,Ore,13.8,Jun,0.958,0.7534,461.5795062,45.204,7.74,37.464
MRM,Ore,13.8,Jul,0.958,0.7534,461.5795062,45.204,7.7183,37.4857
MRM,Ore,13.8,Aug,0.958,0.7534,461.5795062,45.204,7.8197,37.3843
MRM,Ore,13.8,Sep,0.958,0.7534,461.5795062,45.204,7.734,37.47
MRM,Ore,13.8,Oct,0.987,0.7534,475.5521635,45.204,7.185,38.019
MRM,Ore,13.8,Nov,1.027,0.7534,494.8247943,45.204,7.2715,37.9325
MRM,Ore,13.8,Dec,1.07,0.7534,515.5428723,45.204,7.2057,37.9983
MRM,Ore,13.9,Jan,1.07,0.7574,512.8201743,45.444,7.9099,37.5341
MRM,Ore,13.9,Feb,1.07,0.7574,512.8201743,45.444,8.3314,37.1126
MRM,Ore,13.9,Mar,1.027,0.7574,492.2115131,45.444,7.9672,37.4768
MRM,Ore,13.9,Apr,0.958,0.7574,459.1418009,45.444,7.9729,37.4711
MRM,Ore,13.9,May,0.958,0.7574,459.1418009,45.444,7.5509,37.8931
MRM,Ore,13.9,Jun,0.958,0.7574,459.1418009,45.444,7.74,37.704
MRM,Ore,13.9,Jul,0.958,0.7574,459.1418009,45.444,7.7183,37.7257
MRM,Ore,13.9,Aug,0.958,0.7574,459.1418009,45.444,7.8197,37.6243
MRM,Ore,13.9,Sep,0.958,0.7574,459.1418009,45.444,7.734,37.71
MRM,Ore,13.9,Oct,0.987,0.7574,473.0406654,45.444,7.185,38.259
MRM,Ore,13.9,Nov,1.027,0.7574,492.2115131,45.444,7.2715,38.1725
MRM,Ore,13.9,Dec,1.07,0.7574,512.8201743,45.444,7.2057,38.2383
MRM,Ore,14,Jan,1.07,0.7614,510.1260835,45.684,7.9099,37.7741
MRM,Ore,14,Feb,1.07,0.7614,510.1260835,45.684,8.3314,37.3526
MRM,Ore,14,Mar,1.027,0.7614,489.6256895,45.684,7.9672,37.7168
MRM,Ore,14,Apr,0.958,0.7614,456.7297084,45.684,7.9729,37.7111
MRM,Ore,14,May,0.958,0.7614,456.7297084,45.684,7.5509,38.1331
MRM,Ore,14,Jun,0.958,0.7614,456.7297084,45.684,7.74,37.944
MRM,Ore,14,Jul,0.958,0.7614,456.7297084,45.684,7.7183,37.9657
MRM,Ore,14,Aug,0.958,0.7614,456.7297084,45.684,7.8197,37.8643
MRM,Ore,14,Sep,0.958,0.7614,456.7297084,45.684,7.734,37.95
MRM,Ore,14,Oct,0.987,0.7614,470.5555556,45.684,7.185,38.499
MRM,Ore,14,Nov,1.027,0.7614,489.6256895,45.684,7.2715,38.4125
MRM,Ore,14,Dec,1.07,0.7614,510.1260835,45.684,7.2057,38.4783
MRM,Ore,14.1,Jan,1.07,0.7654,507.4601516,45.924,7.9099,38.0141
MRM,Ore,14.1,Feb,1.07,0.7654,507.4601516,45.924,8.3314,37.5926
MRM,Ore,14.1,Mar,1.027,0.7654,487.0668931,45.924,7.9672,37.9568
MRM,Ore,14.1,Apr,0.958,0.7654,454.3428273,45.924,7.9729,37.9511
MRM,Ore,14.1,May,0.958,0.7654,454.3428273,45.924,7.5509,38.3731
MRM,Ore,14.1,Jun,0.958,0.7654,454.3428273,45.924,7.74,38.184
MRM,Ore,14.1,Jul,0.958,0.7654,454.3428273,45.924,7.7183,38.2057
MRM,Ore,14.1,Aug,0.958,0.7654,454.3428273,45.924,7.8197,38.1043
MRM,Ore,14.1,Sep,0.958,0.7654,454.3428273,45.924,7.734,38.19
MRM,Ore,14.1,Oct,0.987,0.7654,468.0964202,45.924,7.185,38.739
MRM,Ore,14.1,Nov,1.027,0.7654,487.0668931,45.924,7.2715,38.6525
MRM,Ore,14.1,Dec,1.07,0.7654,507.4601516,45.924,7.2057,38.7183
MRM,Ore,14.2,Jan,1.07,0.7694,504.8219392,46.164,7.9099,38.2541
MRM,Ore,14.2,Feb,1.07,0.7694,504.8219392,46.164,8.3314,37.8326
MRM,Ore,14.2,Mar,1.027,0.7694,484.5347024,46.164,7.9672,38.1968
MRM,Ore,14.2,Apr,0.958,0.7694,451.9807642,46.164,7.9729,38.1911
MRM,Ore,14.2,May,0.958,0.7694,451.9807642,46.164,7.5509,38.6131
MRM,Ore,14.2,Jun,0.958,0.7694,451.9807642,46.164,7.74,38.424
MRM,Ore,14.2,Jul,0.958,0.7694,451.9807642,46.164,7.7183,38.4457
MRM,Ore,14.2,Aug,0.958,0.7694,451.9807642,46.164,7.8197,38.3443
MRM,Ore,14.2,Sep,0.958,0.7694,451.9807642,46.164,7.734,38.43
MRM,Ore,14.2,Oct,0.987,0.7694,465.6628542,46.164,7.185,38.979
MRM,Ore,14.2,Nov,1.027,0.7694,484.5347024,46.164,7.2715,38.8925
MRM,Ore,14.2,Dec,1.07,0.7694,504.8219392,46.164,7.2057,38.9583
MRM,Ore,14.3,Jan,1.07,0.7734,502.2110163,46.404,7.9099,38.4941
MRM,Ore,14.3,Feb,1.07,0.7734,502.2110163,46.404,8.3314,38.0726
MRM,Ore,14.3,Mar,1.027,0.7734,482.0287044,46.404,7.9672,38.4368
MRM,Ore,14.3,Apr,0.958,0.7734,449.6431342,46.404,7.9729,38.4311
MRM,Ore,14.3,May,0.958,0.7734,449.6431342,46.404,7.5509,38.8531
MRM,Ore,14.3,Jun,0.958,0.7734,449.6431342,46.404,7.74,38.664
MRM,Ore,14.3,Jul,0.958,0.7734,449.6431342,46.404,7.7183,38.6857
MRM,Ore,14.3,Aug,0.958,0.7734,449.6431342,46.404,7.8197,38.5843
MRM,Ore,14.3,Sep,0.958,0.7734,449.6431342,46.404,7.734,38.67
MRM,Ore,14.3,Oct,0.987,0.7734,463.2544608,46.404,7.185,39.219
MRM,Ore,14.3,Nov,1.027,0.7734,482.0287044,46.404,7.2715,39.1325
MRM,Ore,14.3,Dec,1.07,0.7734,502.2110163,46.404,7.2057,39.1983
MRM,Ore,14.4,Jan,1.07,0.7774,499.6269617,46.644,7.9099,38.7341
MRM,Ore,14.4,Feb,1.07,0.7774,499.6269617,46.644,8.3314,38.3126
MRM,Ore,14.4,Mar,1.027,0.7774,479.548495,46.644,7.9672,38.6768
MRM,Ore,14.4,Apr,0.958,0.7774,447.3295601,46.644,7.9729,38.6711
MRM,Ore,14.4,May,0.958,0.7774,447.3295601,46.644,7.5509,39.0931
MRM,Ore,14.4,Jun,0.958,0.7774,447.3295601,46.644,7.74,38.904
MRM,Ore,14.4,Jul,0.958,0.7774,447.3295601,46.644,7.7183,38.9257
MRM,Ore,14.4,Aug,0.958,0.7774,447.3295601,46.644,7.8197,38.8243
MRM,Ore,14.4,Sep,0.958,0.7774,447.3295601,46.644,7.734,38.91
MRM,Ore,14.4,Oct,0.987,0.7774,460.8708516,46.644,7.185,39.459
MRM,Ore,14.4,Nov,1.027,0.7774,479.548495,46.644,7.2715,39.3725
MRM,Ore,14.4,Dec,1.07,0.7774,499.6269617,46.644,7.2057,39.4383
MRM,Ore,14.5,Jan,1.07,0.7814,497.0693627,46.884,7.9099,38.9741
MRM,Ore,14.5,Feb,1.07,0.7814,497.0693627,46.884,8.3314,38.5526
MRM,Ore,14.5,Mar,1.027,0.7814,477.093678,46.884,7.9672,38.9168
MRM,Ore,14.5,Apr,0.958,0.7814,445.0396724,46.884,7.9729,38.9111
MRM,Ore,14.5,May,0.958,0.7814,445.0396724,46.884,7.5509,39.3331
MRM,Ore,14.5,Jun,0.958,0.7814,445.0396724,46.884,7.74,39.144
MRM,Ore,14.5,Jul,0.958,0.7814,445.0396724,46.884,7.7183,39.1657
MRM,Ore,14.5,Aug,0.958,0.7814,445.0396724,46.884,7.8197,39.0643
MRM,Ore,14.5,Sep,0.958,0.7814,445.0396724,46.884,7.734,39.15
MRM,Ore,14.5,Oct,0.987,0.7814,458.5116458,46.884,7.185,39.699
MRM,Ore,14.5,Nov,1.027,0.7814,477.093678,46.884,7.2715,39.6125
MRM,Ore,14.5,Dec,1.07,0.7814,497.0693627,46.884,7.2057,39.6783
MRM,Ore,14.6,Jan,1.07,0.7854,494.5378151,47.124,7.9099,39.2141
MRM,Ore,14.6,Feb,1.07,0.7854,494.5378151,47.124,8.3314,38.7926
MRM,Ore,14.6,Mar,1.027,0.7854,474.6638655,47.124,7.9672,39.1568
MRM,Ore,14.6,Apr,0.958,0.7854,442.7731092,47.124,7.9729,39.1511
MRM,Ore,14.6,May,0.958,0.7854,442.7731092,47.124,7.5509,39.5731
MRM,Ore,14.6,Jun,0.958,0.7854,442.7731092,47.124,7.74,39.384
MRM,Ore,14.6,Jul,0.958,0.7854,442.7731092,47.124,7.7183,39.4057
MRM,Ore,14.6,Aug,0.958,0.7854,442.7731092,47.124,7.8197,39.3043
MRM,Ore,14.6,Sep,0.958,0.7854,442.7731092,47.124,7.734,39.39
MRM,Ore,14.6,Oct,0.987,0.7854,456.1764706,47.124,7.185,39.939
MRM,Ore,14.6,Nov,1.027,0.7854,474.6638655,47.124,7.2715,39.8525
MRM,Ore,14.6,Dec,1.07,0.7854,494.5378151,47.124,7.2057,39.9183
MRM,Ore,14.7,Jan,1.07,0.7894,492.031923,47.364,7.9099,39.4541
MRM,Ore,14.7,Feb,1.07,0.7894,492.031923,47.364,8.3314,39.0326
MRM,Ore,14.7,Mar,1.027,0.7894,472.2586775,47.364,7.9672,39.3968
MRM,Ore,14.7,Apr,0.958,0.7894,440.5295161,47.364,7.9729,39.3911
MRM,Ore,14.7,May,0.958,0.7894,440.5295161,47.364,7.5509,39.8131
MRM,Ore,14.7,Jun,0.958,0.7894,440.5295161,47.364,7.74,39.624
MRM,Ore,14.7,Jul,0.958,0.7894,440.5295161,47.364,7.7183,39.6457
MRM,Ore,14.7,Aug,0.958,0.7894,440.5295161,47.364,7.8197,39.5443
MRM,Ore,14.7,Sep,0.958,0.7894,440.5295161,47.364,7.734,39.63
MRM,Ore,14.7,Oct,0.987,0.7894,453.8649607,47.364,7.185,40.179
MRM,Ore,14.7,Nov,1.027,0.7894,472.2586775,47.364,7.2715,40.0925
MRM,Ore,14.7,Dec,1.07,0.7894,492.031923,47.364,7.2057,40.1583
MRM,Ore,14.8,Jan,1.07,0.7934,489.5512982,47.604,7.9099,39.6941
MRM,Ore,14.8,Feb,1.07,0.7934,489.5512982,47.604,8.3314,39.2726
MRM,Ore,14.8,Mar,1.027,0.7934,469.8777414,47.604,7.9672,39.6368
MRM,Ore,14.8,Apr,0.958,0.7934,438.3085455,47.604,7.9729,39.6311
MRM,Ore,14.8,May,0.958,0.7934,438.3085455,47.604,7.5509,40.0531
MRM,Ore,14.8,Jun,0.958,0.7934,438.3085455,47.604,7.74,39.864
MRM,Ore,14.8,Jul,0.958,0.7934,438.3085455,47.604,7.7183,39.8857
MRM,Ore,14.8,Aug,0.958,0.7934,438.3085455,47.604,7.8197,39.7843
MRM,Ore,14.8,Sep,0.958,0.7934,438.3085455,47.604,7.734,39.87
MRM,Ore,14.8,Oct,0.987,0.7934,451.5767583,47.604,7.185,40.419
MRM,Ore,14.8,Nov,1.027,0.7934,469.8777414,47.604,7.2715,40.3325
MRM,Ore,14.8,Dec,1.07,0.7934,489.5512982,47.604,7.2057,40.3983
MRM,Ore,14.9,Jan,1.07,0.7974,487.0955606,47.844,7.9099,39.9341
MRM,Ore,14.9,Feb,1.07,0.7974,487.0955606,47.844,8.3314,39.5126
MRM,Ore,14.9,Mar,1.027,0.7974,467.5206922,47.844,7.9672,39.8768
MRM,Ore,14.9,Apr,0.958,0.7974,436.109857,47.844,7.9729,39.8711
MRM,Ore,14.9,May,0.958,0.7974,436.109857,47.844,7.5509,40.2931
MRM,Ore,14.9,Jun,0.958,0.7974,436.109857,47.844,7.74,40.104
MRM,Ore,14.9,Jul,0.958,0.7974,436.109857,47.844,7.7183,40.1257
MRM,Ore,14.9,Aug,0.958,0.7974,436.109857,47.844,7.8197,40.0243
MRM,Ore,14.9,Sep,0.958,0.7974,436.109857,47.844,7.734,40.11
MRM,Ore,14.9,Oct,0.987,0.7974,449.3115124,47.844,7.185,40.659
MRM,Ore,14.9,Nov,1.027,0.7974,467.5206922,47.844,7.2715,40.5725
MRM,Ore,14.9,Dec,1.07,0.7974,487.0955606,47.844,7.2057,40.6383
MRM,Ore,15,Jan,1.07,0.8014,484.6643374,48.084,7.9099,40.1741
MRM,Ore,15,Feb,1.07,0.8014,484.6643374,48.084,8.3314,39.7526
MRM,Ore,15,Mar,1.027,0.8014,465.1871724,48.084,7.9672,40.1168
MRM,Ore,15,Apr,0.958,0.8014,433.933117,48.084,7.9729,40.1111
MRM,Ore,15,May,0.958,0.8014,433.933117,48.084,7.5509,40.5331
MRM,Ore,15,Jun,0.958,0.8014,433.933117,48.084,7.74,40.344
MRM,Ore,15,Jul,0.958,0.8014,433.933117,48.084,7.7183,40.3657
MRM,Ore,15,Aug,0.958,0.8014,433.933117,48.084,7.8197,40.2643
MRM,Ore,15,Sep,0.958,0.8014,433.933117,48.084,7.734,40.35
MRM,Ore,15,Oct,0.987,0.8014,447.0688795,48.084,7.185,40.899
MRM,Ore,15,Nov,1.027,0.8014,465.1871724,48.084,7.2715,40.8125
MRM,Ore,15,Dec,1.07,0.8014,484.6643374,48.084,7.2057,40.8783
MRM,Ore,15.1,Jan,1.07,0.8054,482.2572635,48.324,7.9099,40.4141
MRM,Ore,15.1,Feb,1.07,0.8054,482.2572635,48.324,8.3314,39.9926
MRM,Ore,15.1,Mar,1.027,0.8054,462.8768314,48.324,7.9672,40.3568
MRM,Ore,15.1,Apr,0.958,0.8054,431.7779985,48.324,7.9729,40.3511
MRM,Ore,15.1,May,0.958,0.8054,431.7779985,48.324,7.5509,40.7731
MRM,Ore,15.1,Jun,0.958,0.8054,431.7779985,48.324,7.74,40.584
MRM,Ore,15.1,Jul,0.958,0.8054,431.7779985,48.324,7.7183,40.6057
MRM,Ore,15.1,Aug,0.958,0.8054,431.7779985,48.324,7.8197,40.5043
MRM,Ore,15.1,Sep,0.958,0.8054,431.7779985,48.324,7.734,40.59
MRM,Ore,15.1,Oct,0.987,0.8054,444.8485225,48.324,7.185,41.139
MRM,Ore,15.1,Nov,1.027,0.8054,462.8768314,48.324,7.2715,41.0525
MRM,Ore,15.1,Dec,1.07,0.8054,482.2572635,48.324,7.2057,41.1183
MRM,Ore,15.2,Jan,1.07,0.8094,479.8739807,48.564,7.9099,40.6541
MRM,Ore,15.2,Feb,1.07,0.8094,479.8739807,48.564,8.3314,40.2326
MRM,Ore,15.2,Mar,1.027,0.8094,460.5893254,48.564,7.9672,40.5968
MRM,Ore,15.2,Apr,0.958,0.8094,429.6441809,48.564,7.9729,40.5911
MRM,Ore,15.2,May,0.958,0.8094,429.6441809,48.564,7.5509,41.0131
MRM,Ore,15.2,Jun,0.958,0.8094,429.6441809,48.564,7.74,40.824
MRM,Ore,15.2,Jul,0.958,0.8094,429.6441809,48.564,7.7183,40.8457
MRM,Ore,15.2,Aug,0.958,0.8094,429.6441809,48.564,7.8197,40.7443
MRM,Ore,15.2,Sep,0.958,0.8094,429.6441809,48.564,7.734,40.83
MRM,Ore,15.2,Oct,0.987,0.8094,442.6501112,48.564,7.185,41.379
MRM,Ore,15.2,Nov,1.027,0.8094,460.5893254,48.564,7.2715,41.2925
MRM,Ore,15.2,Dec,1.07,0.8094,479.8739807,48.564,7.2057,41.3583
MRM,Ore,15.3,Jan,1.07,0.8134,477.5141382,48.804,7.9099,40.8941
MRM,Ore,15.3,Feb,1.07,0.8134,477.5141382,48.804,8.3314,40.4726
MRM,Ore,15.3,Mar,1.027,0.8134,458.3243177,48.804,7.9672,40.8368
MRM,Ore,15.3,Apr,0.958,0.8134,427.5313499,48.804,7.9729,40.8311
MRM,Ore,15.3,May,0.958,0.8134,427.5313499,48.804,7.5509,41.2531
MRM,Ore,15.3,Jun,0.958,0.8134,427.5313499,48.804,7.74,41.064
MRM,Ore,15.3,Jul,0.958,0.8134,427.5313499,48.804,7.7183,41.0857
MRM,Ore,15.3,Aug,0.958,0.8134,427.5313499,48.804,7.8197,40.9843
MRM,Ore,15.3,Sep,0.958,0.8134,427.5313499,48.804,7.734,41.07
MRM,Ore,15.3,Oct,0.987,0.8134,440.4733219,48.804,7.185,41.619
MRM,Ore,15.3,Nov,1.027,0.8134,458.3243177,48.804,7.2715,41.5325
MRM,Ore,15.3,Dec,1.07,0.8134,477.5141382,48.804,7.2057,41.5983
MRM,Ore,15.4,Jan,1.07,0.8174,475.1773917,49.044,7.9099,41.1341
MRM,Ore,15.4,Feb,1.07,0.8174,475.1773917,49.044,8.3314,40.7126
MRM,Ore,15.4,Mar,1.027,0.8174,456.0814779,49.044,7.9672,41.0768
MRM,Ore,15.4,Apr,0.958,0.8174,425.4391975,49.044,7.9729,41.0711
MRM,Ore,15.4,May,0.958,0.8174,425.4391975,49.044,7.5509,41.4931
MRM,Ore,15.4,Jun,0.958,0.8174,425.4391975,49.044,7.74,41.304
MRM,Ore,15.4,Jul,0.958,0.8174,425.4391975,49.044,7.7183,41.3257
MRM,Ore,15.4,Aug,0.958,0.8174,425.4391975,49.044,7.8197,41.2243
MRM,Ore,15.4,Sep,0.958,0.8174,425.4391975,49.044,7.734,41.31
MRM,Ore,15.4,Oct,0.987,0.8174,438.317837,49.044,7.185,41.859
MRM,Ore,15.4,Nov,1.027,0.8174,456.0814779,49.044,7.2715,41.7725
MRM,Ore,15.4,Dec,1.07,0.8174,475.1773917,49.044,7.2057,41.8383
MRM,Ore,15.5,Jan,1.07,0.8214,472.8634039,49.284,7.9099,41.3741
MRM,Ore,15.5,Feb,1.07,0.8214,472.8634039,49.284,8.3314,40.9526
MRM,Ore,15.5,Mar,1.027,0.8214,453.8604821,49.284,7.9672,41.3168
MRM,Ore,15.5,Apr,0.958,0.8214,423.3674215,49.284,7.9729,41.3111
MRM,Ore,15.5,May,0.958,0.8214,423.3674215,49.284,7.5509,41.7331
MRM,Ore,15.5,Jun,0.958,0.8214,423.3674215,49.284,7.74,41.544
MRM,Ore,15.5,Jul,0.958,0.8214,423.3674215,49.284,7.7183,41.5657
MRM,Ore,15.5,Aug,0.958,0.8214,423.3674215,49.284,7.8197,41.4643
MRM,Ore,15.5,Sep,0.958,0.8214,423.3674215,49.284,7.734,41.55
MRM,Ore,15.5,Oct,0.987,0.8214,436.1833455,49.284,7.185,42.099
MRM,Ore,15.5,Nov,1.027,0.8214,453.8604821,49.284,7.2715,42.0125
MRM,Ore,15.5,Dec,1.07,0.8214,472.8634039,49.284,7.2057,42.0783
MRM,Waste,0.5,Jan,1.07,0.234393773,1657.08327,14.06362638,7.3101,6.753526384
MRM,Waste,0.5,Feb,1.07,0.234393773,1657.08327,14.06362638,8.5839,5.479726384
MRM,Waste,0.5,Mar,1.027,0.234393773,1590.490204,14.06362638,8.4449,5.618726384
MRM,Waste,0.5,Apr,0.958,0.234393773,1483.631563,14.06362638,7.4474,6.616226384
MRM,Waste,0.5,May,0.958,0.234393773,1483.631563,14.06362638,7.2845,6.779126384
MRM,Waste,0.5,Jun,0.958,0.234393773,1483.631563,14.06362638,6.6787,7.384926384
MRM,Waste,0.5,Jul,0.958,0.234393773,1483.631563,14.06362638,6.4176,7.646026384
MRM,Waste,0.5,Aug,0.958,0.234393773,1483.631563,14.06362638,6.4107,7.652926384
MRM,Waste,0.5,Sep,0.958,0.234393773,1483.631563,14.06362638,5.9258,8.137826384
MRM,Waste,0.5,Oct,0.987,0.234393773,1528.543166,14.06362638,6.876,7.187626384
MRM,Waste,0.5,Nov,1.027,0.234393773,1590.490204,14.06362638,6.4353,7.628326384
MRM,Waste,0.5,Dec,1.07,0.234393773,1657.08327,14.06362638,6.6599,7.403726384
MRM,Waste,0.6,Jan,1.07,0.249165336,1558.844443,14.94992018,7.3101,7.639820185
MRM,Waste,0.6,Feb,1.07,0.249165336,1558.844443,14.94992018,8.5839,6.366020185
MRM,Waste,0.6,Mar,1.027,0.249165336,1496.199292,14.94992018,8.4449,6.505020185
MRM,Waste,0.6,Apr,0.958,0.249165336,1395.675679,14.94992018,7.4474,7.502520185
MRM,Waste,0.6,May,0.958,0.249165336,1395.675679,14.94992018,7.2845,7.665420185
MRM,Waste,0.6,Jun,0.958,0.249165336,1395.675679,14.94992018,6.6787,8.271220185
MRM,Waste,0.6,Jul,0.958,0.249165336,1395.675679,14.94992018,6.4176,8.532320185
MRM,Waste,0.6,Aug,0.958,0.249165336,1395.675679,14.94992018,6.4107,8.539220185
MRM,Waste,0.6,Sep,0.958,0.249165336,1395.675679,14.94992018,5.9258,9.024120185
MRM,Waste,0.6,Oct,0.987,0.249165336,1437.924734,14.94992018,6.876,8.073920185
MRM,Waste,0.6,Nov,1.027,0.249165336,1496.199292,14.94992018,6.4353,8.514620185
MRM,Waste,0.6,Dec,1.07,0.249165336,1558.844443,14.94992018,6.6599,8.290020185
MRM,Waste,0.7,Jan,1.07,0.262378465,1480.342525,15.74270792,7.3101,8.432607921
MRM,Waste,0.7,Feb,1.07,0.262378465,1480.342525,15.74270792,8.5839,7.158807921
MRM,Waste,0.7,Mar,1.027,0.262378465,1420.852125,15.74270792,8.4449,7.297807921
MRM,Waste,0.7,Apr,0.958,0.262378465,1325.390784,15.74270792,7.4474,8.295307921
MRM,Waste,0.7,May,0.958,0.262378465,1325.390784,15.74270792,7.2845,8.458207921
MRM,Waste,0.7,Jun,0.958,0.262378465,1325.390784,15.74270792,6.6787,9.064007921
MRM,Waste,0.7,Jul,0.958,0.262378465,1325.390784,15.74270792,6.4176,9.325107921
MRM,Waste,0.7,Aug,0.958,0.262378465,1325.390784,15.74270792,6.4107,9.332007921
MRM,Waste,0.7,Sep,0.958,0.262378465,1325.390784,15.74270792,5.9258,9.816907921
MRM,Waste,0.7,Oct,0.987,0.262378465,1365.512217,15.74270792,6.876,8.866707921
MRM,Waste,0.7,Nov,1.027,0.262378465,1420.852125,15.74270792,6.4353,9.307407921
MRM,Waste,0.7,Dec,1.07,0.262378465,1480.342525,15.74270792,6.6599,9.082807921
MRM,Waste,0.8,Jan,1.07,0.274389247,1415.543809,16.46335483,7.3101,9.153254831
MRM,Waste,0.8,Feb,1.07,0.274389247,1415.543809,16.46335483,8.5839,7.879454831
MRM,Waste,0.8,Mar,1.027,0.274389247,1358.657469,16.46335483,8.4449,8.018454831
MRM,Waste,0.8,Apr,0.958,0.274389247,1267.374737,16.46335483,7.4474,9.015954831
MRM,Waste,0.8,May,0.958,0.274389247,1267.374737,16.46335483,7.2845,9.178854831
MRM,Waste,0.8,Jun,0.958,0.274389247,1267.374737,16.46335483,6.6787,9.784654831
MRM,Waste,0.8,Jul,0.958,0.274389247,1267.374737,16.46335483,6.4176,10.04575483
MRM,Waste,0.8,Aug,0.958,0.274389247,1267.374737,16.46335483,6.4107,10.05265483
MRM,Waste,0.8,Sep,0.958,0.274389247,1267.374737,16.46335483,5.9258,10.53755483
MRM,Waste,0.8,Oct,0.987,0.274389247,1305.739943,16.46335483,6.876,9.587354831
MRM,Waste,0.8,Nov,1.027,0.274389247,1358.657469,16.46335483,6.4353,10.02805483
MRM,Waste,0.8,Dec,1.07,0.274389247,1415.543809,16.46335483,6.6599,9.803454831
MRM,Waste,0.9,Jan,1.07,0.285439067,1360.745758,17.12634404,7.3101,9.816244042
MRM,Waste,0.9,Feb,1.07,0.285439067,1360.745758,17.12634404,8.5839,8.542444042
MRM,Waste,0.9,Mar,1.027,0.285439067,1306.061582,17.12634404,8.4449,8.681444042
MRM,Waste,0.9,Apr,0.958,0.285439067,1218.312557,17.12634404,7.4474,9.678944042
MRM,Waste,0.9,May,0.958,0.285439067,1218.312557,17.12634404,7.2845,9.841844042
MRM,Waste,0.9,Jun,0.958,0.285439067,1218.312557,17.12634404,6.6787,10.44764404
MRM,Waste,0.9,Jul,0.958,0.285439067,1218.312557,17.12634404,6.4176,10.70874404
MRM,Waste,0.9,Aug,0.958,0.285439067,1218.312557,17.12634404,6.4107,10.71564404
MRM,Waste,0.9,Sep,0.958,0.285439067,1218.312557,17.12634404,5.9258,11.20054404
MRM,Waste,0.9,Oct,0.987,0.285439067,1255.192582,17.12634404,6.876,10.25034404
MRM,Waste,0.9,Nov,1.027,0.285439067,1306.061582,17.12634404,6.4353,10.69104404
MRM,Waste,0.9,Dec,1.07,0.285439067,1360.745758,17.12634404,6.6599,10.46644404
MRM,Waste,1,Jan,1.07,0.2957,1313.527224,17.742,7.3101,10.4319
MRM,Waste,1,Feb,1.07,0.2957,1313.527224,17.742,8.5839,9.1581
MRM,Waste,1,Mar,1.027,0.2957,1260.740615,17.742,8.4449,9.2971
MRM,Waste,1,Apr,0.958,0.2957,1176.036524,17.742,7.4474,10.2946
MRM,Waste,1,May,0.958,0.2957,1176.036524,17.742,7.2845,10.4575
MRM,Waste,1,Jun,0.958,0.2957,1176.036524,17.742,6.6787,11.0633
MRM,Waste,1,Jul,0.958,0.2957,1176.036524,17.742,6.4176,11.3244
MRM,Waste,1,Aug,0.958,0.2957,1176.036524,17.742,6.4107,11.3313
MRM,Waste,1,Sep,0.958,0.2957,1176.036524,17.742,5.9258,11.8162
MRM,Waste,1,Oct,0.987,0.2957,1211.636794,17.742,6.876,10.866
MRM,Waste,1,Nov,1.027,0.2957,1260.740615,17.742,6.4353,11.3067
MRM,Waste,1,Dec,1.07,0.2957,1313.527224,17.742,6.6599,11.0821
MRM,Waste,1.1,Jan,1.07,0.305299542,1272.225951,18.31797251,7.3101,11.00787251
MRM,Waste,1.1,Feb,1.07,0.305299542,1272.225951,18.31797251,8.5839,9.734072512
MRM,Waste,1.1,Mar,1.027,0.305299542,1221.099114,18.31797251,8.4449,9.873072512
MRM,Waste,1.1,Apr,0.958,0.305299542,1139.058375,18.31797251,7.4474,10.87057251
MRM,Waste,1.1,May,0.958,0.305299542,1139.058375,18.31797251,7.2845,11.03347251
MRM,Waste,1.1,Jun,0.958,0.305299542,1139.058375,18.31797251,6.6787,11.63927251
MRM,Waste,1.1,Jul,0.958,0.305299542,1139.058375,18.31797251,6.4176,11.90037251
MRM,Waste,1.1,Aug,0.958,0.305299542,1139.058375,18.31797251,6.4107,11.90727251
MRM,Waste,1.1,Sep,0.958,0.305299542,1139.058375,18.31797251,5.9258,12.39217251
MRM,Waste,1.1,Oct,0.987,0.305299542,1173.539265,18.31797251,6.876,11.44197251
MRM,Waste,1.1,Nov,1.027,0.305299542,1221.099114,18.31797251,6.4353,11.88267251
MRM,Waste,1.1,Dec,1.07,0.305299542,1272.225951,18.31797251,6.6599,11.65807251
MRM,Waste,1.2,Jan,1.07,0.314335099,1235.655836,18.86010597,7.3101,11.55000597
MRM,Waste,1.2,Feb,1.07,0.314335099,1235.655836,18.86010597,8.5839,10.27620597
MRM,Waste,1.2,Mar,1.027,0.314335099,1185.998638,18.86010597,8.4449,10.41520597
MRM,Waste,1.2,Apr,0.958,0.314335099,1106.316159,18.86010597,7.4474,11.41270597
MRM,Waste,1.2,May,0.958,0.314335099,1106.316159,18.86010597,7.2845,11.57560597
MRM,Waste,1.2,Jun,0.958,0.314335099,1106.316159,18.86010597,6.6787,12.18140597
MRM,Waste,1.2,Jul,0.958,0.314335099,1106.316159,18.86010597,6.4176,12.44250597
MRM,Waste,1.2,Aug,0.958,0.314335099,1106.316159,18.86010597,6.4107,12.44940597
MRM,Waste,1.2,Sep,0.958,0.314335099,1106.316159,18.86010597,5.9258,12.93430597
MRM,Waste,1.2,Oct,0.987,0.314335099,1139.805897,18.86010597,6.876,11.98410597
MRM,Waste,1.2,Nov,1.027,0.314335099,1185.998638,18.86010597,6.4353,12.42480597
MRM,Waste,1.2,Dec,1.07,0.314335099,1235.655836,18.86010597,6.6599,12.20020597
MRM,Waste,1.3,Jan,1.07,0.322882968,1202.943602,19.37297806,7.3101,12.06287806
MRM,Waste,1.3,Feb,1.07,0.322882968,1202.943602,19.37297806,8.5839,10.78907806
MRM,Waste,1.3,Mar,1.027,0.322882968,1154.601008,19.37297806,8.4449,10.92807806
MRM,Waste,1.3,Apr,0.958,0.322882968,1077.02801,19.37297806,7.4474,11.92557806
MRM,Waste,1.3,May,0.958,0.322882968,1077.02801,19.37297806,7.2845,12.08847806
MRM,Waste,1.3,Jun,0.958,0.322882968,1077.02801,19.37297806,6.6787,12.69427806
MRM,Waste,1.3,Jul,0.958,0.322882968,1077.02801,19.37297806,6.4176,12.95537806
MRM,Waste,1.3,Aug,0.958,0.322882968,1077.02801,19.37297806,6.4107,12.96227806
MRM,Waste,1.3,Sep,0.958,0.322882968,1077.02801,19.37297806,5.9258,13.44717806
MRM,Waste,1.3,Oct,0.987,0.322882968,1109.631154,19.37297806,6.876,12.49697806
MRM,Waste,1.3,Nov,1.027,0.322882968,1154.601008,19.37297806,6.4353,12.93767806
MRM,Waste,1.3,Dec,1.07,0.322882968,1202.943602,19.37297806,6.6599,12.71307806
MRM,Waste,1.4,Jan,1.07,0.331004152,1173.429388,19.86024915,7.3101,12.55014915
MRM,Waste,1.4,Feb,1.07,0.331004152,1173.429388,19.86024915,8.5839,11.27634915
MRM,Waste,1.4,Mar,1.027,0.331004152,1126.27288,19.86024915,8.4449,11.41534915
MRM,Waste,1.4,Apr,0.958,0.331004152,1050.603134,19.86024915,7.4474,12.41284915
MRM,Waste,1.4,May,0.958,0.331004152,1050.603134,19.86024915,7.2845,12.57574915
MRM,Waste,1.4,Jun,0.958,0.331004152,1050.603134,19.86024915,6.6787,13.18154915
MRM,Waste,1.4,Jul,0.958,0.331004152,1050.603134,19.86024915,6.4176,13.44264915
MRM,Waste,1.4,Aug,0.958,0.331004152,1050.603134,19.86024915,6.4107,13.44954915
MRM,Waste,1.4,Sep,0.958,0.331004152,1050.603134,19.86024915,5.9258,13.93444915
MRM,Waste,1.4,Oct,0.987,0.331004152,1082.40636,19.86024915,6.876,12.98424915
MRM,Waste,1.4,Nov,1.027,0.331004152,1126.27288,19.86024915,6.4353,13.42494915
MRM,Waste,1.4,Dec,1.07,0.331004152,1173.429388,19.86024915,6.6599,13.20034915
MRM,Waste,1.5,Jan,1.07,0.338748292,1146.603566,20.32489754,7.3101,13.01479754
MRM,Waste,1.5,Feb,1.07,0.338748292,1146.603566,20.32489754,8.5839,11.74099754
MRM,Waste,1.5,Mar,1.027,0.338748292,1100.525105,20.32489754,8.4449,11.87999754
MRM,Waste,1.5,Apr,0.958,0.338748292,1026.585249,20.32489754,7.4474,12.87749754
MRM,Waste,1.5,May,0.958,0.338748292,1026.585249,20.32489754,7.2845,13.04039754
MRM,Waste,1.5,Jun,0.958,0.338748292,1026.585249,20.32489754,6.6787,13.64619754
MRM,Waste,1.5,Jul,0.958,0.338748292,1026.585249,20.32489754,6.4176,13.90729754
MRM,Waste,1.5,Aug,0.958,0.338748292,1026.585249,20.32489754,6.4107,13.91419754
MRM,Waste,1.5,Sep,0.958,0.338748292,1026.585249,20.32489754,5.9258,14.39909754
MRM,Waste,1.5,Oct,0.987,0.338748292,1057.66142,20.32489754,6.876,13.44889754
MRM,Waste,1.5,Nov,1.027,0.338748292,1100.525105,20.32489754,6.4353,13.88959754
MRM,Waste,1.5,Dec,1.07,0.338748292,1146.603566,20.32489754,6.6599,13.66499754
MRM,Waste,1.6,Jan,1.07,0.346156382,1122.065114,20.76938291,7.3101,13.45928291
MRM,Waste,1.6,Feb,1.07,0.346156382,1122.065114,20.76938291,8.5839,12.18548291
MRM,Waste,1.6,Mar,1.027,0.346156382,1076.972778,20.76938291,8.4449,12.32448291
MRM,Waste,1.6,Apr,0.958,0.346156382,1004.615308,20.76938291,7.4474,13.32198291
MRM,Waste,1.6,May,0.958,0.346156382,1004.615308,20.76938291,7.2845,13.48488291
MRM,Waste,1.6,Jun,0.958,0.346156382,1004.615308,20.76938291,6.6787,14.09068291
MRM,Waste,1.6,Jul,0.958,0.346156382,1004.615308,20.76938291,6.4176,14.35178291
MRM,Waste,1.6,Aug,0.958,0.346156382,1004.615308,20.76938291,6.4107,14.35868291
MRM,Waste,1.6,Sep,0.958,0.346156382,1004.615308,20.76938291,5.9258,14.84358291
MRM,Waste,1.6,Oct,0.987,0.346156382,1035.026418,20.76938291,6.876,13.89338291
MRM,Waste,1.6,Nov,1.027,0.346156382,1076.972778,20.76938291,6.4353,14.33408291
MRM,Waste,1.6,Dec,1.07,0.346156382,1122.065114,20.76938291,6.6599,14.10948291
MRM,Waste,1.7,Jan,1.07,0.353262715,1099.493332,21.19576293,7.3101,13.88566293
MRM,Waste,1.7,Feb,1.07,0.353262715,1099.493332,21.19576293,8.5839,12.61186293
MRM,Waste,1.7,Mar,1.027,0.353262715,1055.308086,21.19576293,8.4449,12.75086293
MRM,Waste,1.7,Apr,0.958,0.353262715,984.4061792,21.19576293,7.4474,13.74836293
MRM,Waste,1.7,May,0.958,0.353262715,984.4061792,21.19576293,7.2845,13.91126293
MRM,Waste,1.7,Jun,0.958,0.353262715,984.4061792,21.19576293,6.6787,14.51706293
MRM,Waste,1.7,Jul,0.958,0.353262715,984.4061792,21.19576293,6.4176,14.77816293
MRM,Waste,1.7,Aug,0.958,0.353262715,984.4061792,21.19576293,6.4107,14.78506293
MRM,Waste,1.7,Sep,0.958,0.353262715,984.4061792,21.19576293,5.9258,15.26996293
MRM,Waste,1.7,Oct,0.987,0.353262715,1014.205531,21.19576293,6.876,14.31976293
MRM,Waste,1.7,Nov,1.027,0.353262715,1055.308086,21.19576293,6.4353,14.76046293
MRM,Waste,1.7,Dec,1.07,0.353262715,1099.493332,21.19576293,6.6599,14.53586293
MRM,Waste,1.8,Jan,1.07,0.360096308,1078.628111,21.60577846,7.3101,14.29567846
MRM,Waste,1.8,Feb,1.07,0.360096308,1078.628111,21.60577846,8.5839,13.02187846
MRM,Waste,1.8,Mar,1.027,0.360096308,1035.281374,21.60577846,8.4449,13.16087846
MRM,Waste,1.8,Apr,0.958,0.360096308,965.7249814,21.60577846,7.4474,14.15837846
MRM,Waste,1.8,May,0.958,0.360096308,965.7249814,21.60577846,7.2845,14.32127846
MRM,Waste,1.8,Jun,0.958,0.360096308,965.7249814,21.60577846,6.6787,14.92707846
MRM,Waste,1.8,Jul,0.958,0.360096308,965.7249814,21.60577846,6.4176,15.18817846
MRM,Waste,1.8,Aug,0.958,0.360096308,965.7249814,21.60577846,6.4107,15.19507846
MRM,Waste,1.8,Sep,0.958,0.360096308,965.7249814,21.60577846,5.9258,15.67997846
MRM,Waste,1.8,Oct,0.987,0.360096308,994.9588274,21.60577846,6.876,14.72977846
MRM,Waste,1.8,Nov,1.027,0.360096308,1035.281374,21.60577846,6.4353,15.17047846
MRM,Waste,1.8,Dec,1.07,0.360096308,1078.628111,21.60577846,6.6599,14.94587846
MRM,Waste,1.9,Jan,1.07,0.366681949,1059.25585,22.00091697,7.3101,14.69081697
MRM,Waste,1.9,Feb,1.07,0.366681949,1059.25585,22.00091697,8.5839,13.41701697
MRM,Waste,1.9,Mar,1.027,0.366681949,1016.687624,22.00091697,8.4449,13.55601697
MRM,Waste,1.9,Apr,0.958,0.366681949,948.3804713,22.00091697,7.4474,14.55351697
MRM,Waste,1.9,May,0.958,0.366681949,948.3804713,22.00091697,7.2845,14.71641697
MRM,Waste,1.9,Jun,0.958,0.366681949,948.3804713,22.00091697,6.6787,15.32221697
MRM,Waste,1.9,Jul,0.958,0.366681949,948.3804713,22.00091697,6.4176,15.58331697
MRM,Waste,1.9,Aug,0.958,0.366681949,948.3804713,22.00091697,6.4107,15.59021697
MRM,Waste,1.9,Sep,0.958,0.366681949,948.3804713,22.00091697,5.9258,16.07511697
MRM,Waste,1.9,Oct,0.987,0.366681949,977.0892747,22.00091697,6.876,15.12491697
MRM,Waste,1.9,Nov,1.027,0.366681949,1016.687624,22.00091697,6.4353,15.56561697
MRM,Waste,1.9,Dec,1.07,0.366681949,1059.25585,22.00091697,6.6599,15.34101697
MRM,Waste,2,Jan,1.07,0.373041011,1041.199195,22.38246064,7.3101,15.07236064
MRM,Waste,2,Feb,1.07,0.373041011,1041.199195,22.38246064,8.5839,13.79856064
MRM,Waste,2,Mar,1.027,0.373041011,999.3566105,22.38246064,8.4449,13.93756064
MRM,Waste,2,Apr,0.958,0.373041011,932.2138587,22.38246064,7.4474,14.93506064
MRM,Waste,2,May,0.958,0.373041011,932.2138587,22.38246064,7.2845,15.09796064
MRM,Waste,2,Jun,0.958,0.373041011,932.2138587,22.38246064,6.6787,15.70376064
MRM,Waste,2,Jul,0.958,0.373041011,932.2138587,22.38246064,6.4176,15.96486064
MRM,Waste,2,Aug,0.958,0.373041011,932.2138587,22.38246064,6.4107,15.97176064
MRM,Waste,2,Sep,0.958,0.373041011,932.2138587,22.38246064,5.9258,16.45666064
MRM,Waste,2,Oct,0.987,0.373041011,960.4332761,22.38246064,6.876,15.50646064
MRM,Waste,2,Nov,1.027,0.373041011,999.3566105,22.38246064,6.4353,15.94716064
MRM,Waste,2,Dec,1.07,0.373041011,1041.199195,22.38246064,6.6599,15.72256064
MRM,Waste,2.1,Jan,1.07,0.379192058,1024.309429,22.75152345,7.3101,15.44142345
MRM,Waste,2.1,Feb,1.07,0.379192058,1024.309429,22.75152345,8.5839,14.16762345
MRM,Waste,2.1,Mar,1.027,0.379192058,983.1455923,22.75152345,8.4449,14.30662345
MRM,Waste,2.1,Apr,0.958,0.379192058,917.0919936,22.75152345,7.4474,15.30412345
MRM,Waste,2.1,May,0.958,0.379192058,917.0919936,22.75152345,7.2845,15.46702345
MRM,Waste,2.1,Jun,0.958,0.379192058,917.0919936,22.75152345,6.6787,16.07282345
MRM,Waste,2.1,Jul,0.958,0.379192058,917.0919936,22.75152345,6.4176,16.33392345
MRM,Waste,2.1,Aug,0.958,0.379192058,917.0919936,22.75152345,6.4107,16.34082345
MRM,Waste,2.1,Sep,0.958,0.379192058,917.0919936,22.75152345,5.9258,16.82572345
MRM,Waste,2.1,Oct,0.987,0.379192058,944.853651,22.75152345,6.876,15.87552345
MRM,Waste,2.1,Nov,1.027,0.379192058,983.1455923,22.75152345,6.4353,16.31622345
MRM,Waste,2.1,Dec,1.07,0.379192058,1024.309429,22.75152345,6.6599,16.09162345
MRM,Waste,2.2,Jan,1.07,0.385151335,1008.46074,23.10908008,7.3101,15.79898008
MRM,Waste,2.2,Feb,1.07,0.385151335,1008.46074,23.10908008,8.5839,14.52518008
MRM,Waste,2.2,Mar,1.027,0.385151335,967.9338132,23.10908008,8.4449,14.66418008
MRM,Waste,2.2,Apr,0.958,0.385151335,902.9022328,23.10908008,7.4474,15.66168008
MRM,Waste,2.2,May,0.958,0.385151335,902.9022328,23.10908008,7.2845,15.82458008
MRM,Waste,2.2,Jun,0.958,0.385151335,902.9022328,23.10908008,6.6787,16.43038008
MRM,Waste,2.2,Jul,0.958,0.385151335,902.9022328,23.10908008,6.4176,16.69148008
MRM,Waste,2.2,Aug,0.958,0.385151335,902.9022328,23.10908008,6.4107,16.69838008
MRM,Waste,2.2,Sep,0.958,0.385151335,902.9022328,23.10908008,5.9258,17.18328008
MRM,Waste,2.2,Oct,0.987,0.385151335,930.2343463,23.10908008,6.876,16.23308008
MRM,Waste,2.2,Nov,1.027,0.385151335,967.9338132,23.10908008,6.4353,16.67378008
MRM,Waste,2.2,Dec,1.07,0.385151335,1008.46074,23.10908008,6.6599,16.44918008
MRM,Waste,2.3,Jan,1.07,0.390933147,993.545836,23.4559888,7.3101,16.1458888
MRM,Waste,2.3,Feb,1.07,0.390933147,993.545836,23.4559888,8.5839,14.8720888
MRM,Waste,2.3,Mar,1.027,0.390933147,953.6182931,23.4559888,8.4449,15.0110888
MRM,Waste,2.3,Apr,0.958,0.390933147,889.5485149,23.4559888,7.4474,16.0085888
MRM,Waste,2.3,May,0.958,0.390933147,889.5485149,23.4559888,7.2845,16.1714888
MRM,Waste,2.3,Jun,0.958,0.390933147,889.5485149,23.4559888,6.6787,16.7772888
MRM,Waste,2.3,Jul,0.958,0.390933147,889.5485149,23.4559888,6.4176,17.0383888
MRM,Waste,2.3,Aug,0.958,0.390933147,889.5485149,23.4559888,6.4107,17.0452888
MRM,Waste,2.3,Sep,0.958,0.390933147,889.5485149,23.4559888,5.9258,17.5301888
MRM,Waste,2.3,Oct,0.987,0.390933147,916.4763927,23.4559888,6.876,16.5799888
MRM,Waste,2.3,Nov,1.027,0.390933147,953.6182931,23.4559888,6.4353,17.0206888
MRM,Waste,2.3,Dec,1.07,0.390933147,993.545836,23.4559888,6.6599,16.7960888
MRM,Waste,2.4,Jan,1.07,0.396550163,979.4725516,23.79300978,7.3101,16.48290978
MRM,Waste,2.4,Feb,1.07,0.396550163,979.4725516,23.79300978,8.5839,15.20910978
MRM,Waste,2.4,Mar,1.027,0.396550163,940.1105705,23.79300978,8.4449,15.34810978
MRM,Waste,2.4,Apr,0.958,0.396550163,876.9483219,23.79300978,7.4474,16.34560978
MRM,Waste,2.4,May,0.958,0.396550163,876.9483219,23.79300978,7.2845,16.50850978
MRM,Waste,2.4,Jun,0.958,0.396550163,876.9483219,23.79300978,6.6787,17.11430978
MRM,Waste,2.4,Jul,0.958,0.396550163,876.9483219,23.79300978,6.4176,17.37540978
MRM,Waste,2.4,Aug,0.958,0.396550163,876.9483219,23.79300978,6.4107,17.38230978
MRM,Waste,2.4,Sep,0.958,0.396550163,876.9483219,23.79300978,5.9258,17.86720978
MRM,Waste,2.4,Oct,0.987,0.396550163,903.4947742,23.79300978,6.876,16.91700978
MRM,Waste,2.4,Nov,1.027,0.396550163,940.1105705,23.79300978,6.4353,17.35770978
MRM,Waste,2.4,Dec,1.07,0.396550163,979.4725516,23.79300978,6.6599,17.13310978
MRM,Waste,2.5,Jan,1.07,0.402013665,966.161188,24.12081989,7.3101,16.81071989
MRM,Waste,2.5,Feb,1.07,0.402013665,966.161188,24.12081989,8.5839,15.53691989
MRM,Waste,2.5,Mar,1.027,0.402013665,927.3341496,24.12081989,8.4449,15.67591989
MRM,Waste,2.5,Apr,0.958,0.402013665,865.0302973,24.12081989,7.4474,16.67341989
MRM,Waste,2.5,May,0.958,0.402013665,865.0302973,24.12081989,7.2845,16.83631989
MRM,Waste,2.5,Jun,0.958,0.402013665,865.0302973,24.12081989,6.6787,17.44211989
MRM,Waste,2.5,Jul,0.958,0.402013665,865.0302973,24.12081989,6.4176,17.70321989
MRM,Waste,2.5,Aug,0.958,0.402013665,865.0302973,24.12081989,6.4107,17.71011989
MRM,Waste,2.5,Sep,0.958,0.402013665,865.0302973,24.12081989,5.9258,18.19501989
MRM,Waste,2.5,Oct,0.987,0.402013665,891.2159743,24.12081989,6.876,17.24481989
MRM,Waste,2.5,Nov,1.027,0.402013665,927.3341496,24.12081989,6.4353,17.68551989
MRM,Waste,2.5,Dec,1.07,0.402013665,966.161188,24.12081989,6.6599,17.46091989
MRM,Waste,2.6,Jan,1.07,0.407333746,953.5424064,24.44002474,7.3101,17.12992474
MRM,Waste,2.6,Feb,1.07,0.407333746,953.5424064,24.44002474,8.5839,15.85612474
MRM,Waste,2.6,Mar,1.027,0.407333746,915.2224779,24.44002474,8.4449,15.99512474
MRM,Waste,2.6,Apr,0.958,0.407333746,853.7323601,24.44002474,7.4474,16.99262474
MRM,Waste,2.6,May,0.958,0.407333746,853.7323601,24.44002474,7.2845,17.15552474
MRM,Waste,2.6,Jun,0.958,0.407333746,853.7323601,24.44002474,6.6787,17.76132474
MRM,Waste,2.6,Jul,0.958,0.407333746,853.7323601,24.44002474,6.4176,18.02242474
MRM,Waste,2.6,Aug,0.958,0.407333746,853.7323601,24.44002474,6.4107,18.02932474
MRM,Waste,2.6,Sep,0.958,0.407333746,853.7323601,24.44002474,5.9258,18.51422474
MRM,Waste,2.6,Oct,0.987,0.407333746,879.5760328,24.44002474,6.876,17.56402474
MRM,Waste,2.6,Nov,1.027,0.407333746,915.2224779,24.44002474,6.4353,18.00472474
MRM,Waste,2.6,Dec,1.07,0.407333746,953.5424064,24.44002474,6.6599,17.78012474
MRM,Waste,2.7,Jan,1.07,0.412519477,941.555543,24.75116861,7.3101,17.44106861
MRM,Waste,2.7,Feb,1.07,0.412519477,941.555543,24.75116861,8.5839,16.16726861
MRM,Waste,2.7,Mar,1.027,0.412519477,903.7173296,24.75116861,8.4449,16.30626861
MRM,Waste,2.7,Apr,0.958,0.412519477,843.0001965,24.75116861,7.4474,17.30376861
MRM,Waste,2.7,May,0.958,0.412519477,843.0001965,24.75116861,7.2845,17.46666861
MRM,Waste,2.7,Jun,0.958,0.412519477,843.0001965,24.75116861,6.6787,18.07246861
MRM,Waste,2.7,Jul,0.958,0.412519477,843.0001965,24.75116861,6.4176,18.33356861
MRM,Waste,2.7,Aug,0.958,0.412519477,843.0001965,24.75116861,6.4107,18.34046861
MRM,Waste,2.7,Sep,0.958,0.412519477,843.0001965,24.75116861,5.9258,18.82536861
MRM,Waste,2.7,Oct,0.987,0.412519477,868.5189916,24.75116861,6.876,17.87516861
MRM,Waste,2.7,Nov,1.027,0.412519477,903.7173296,24.75116861,6.4353,18.31586861
MRM,Waste,2.7,Dec,1.07,0.412519477,941.555543,24.75116861,6.6599,18.09126861
MRM,Waste,2.8,Jan,1.07,0.417579045,930.1472493,25.05474269,7.3101,17.74464269
MRM,Waste,2.8,Feb,1.07,0.417579045,930.1472493,25.05474269,8.5839,16.47084269
MRM,Waste,2.8,Mar,1.027,0.417579045,892.7675001,25.05474269,8.4449,16.60984269
MRM,Waste,2.8,Apr,0.958,0.417579045,832.7860419,25.05474269,7.4474,17.60734269
MRM,Waste,2.8,May,0.958,0.417579045,832.7860419,25.05474269,7.2845,17.77024269
MRM,Waste,2.8,Jun,0.958,0.417579045,832.7860419,25.05474269,6.6787,18.37604269
MRM,Waste,2.8,Jul,0.958,0.417579045,832.7860419,25.05474269,6.4176,18.63714269
MRM,Waste,2.8,Aug,0.958,0.417579045,832.7860419,25.05474269,6.4107,18.64404269
MRM,Waste,2.8,Sep,0.958,0.417579045,832.7860419,25.05474269,5.9258,19.12894269
MRM,Waste,2.8,Oct,0.987,0.417579045,857.9956403,25.05474269,6.876,18.17874269
MRM,Waste,2.8,Nov,1.027,0.417579045,892.7675001,25.05474269,6.4353,18.61944269
MRM,Waste,2.8,Dec,1.07,0.417579045,930.1472493,25.05474269,6.6599,18.39484269
MRM,Waste,2.9,Jan,1.07,0.422519866,919.2703852,25.35119196,7.3101,18.04109196
MRM,Waste,2.9,Feb,1.07,0.422519866,919.2703852,25.35119196,8.5839,16.76729196
MRM,Waste,2.9,Mar,1.027,0.422519866,882.3277435,25.35119196,8.4449,16.90629196
MRM,Waste,2.9,Apr,0.958,0.422519866,823.0476907,25.35119196,7.4474,17.90379196
MRM,Waste,2.9,May,0.958,0.422519866,823.0476907,25.35119196,7.2845,18.06669196
MRM,Waste,2.9,Jun,0.958,0.422519866,823.0476907,25.35119196,6.6787,18.67249196
MRM,Waste,2.9,Jul,0.958,0.422519866,823.0476907,25.35119196,6.4176,18.93359196
MRM,Waste,2.9,Aug,0.958,0.422519866,823.0476907,25.35119196,6.4107,18.94049196
MRM,Waste,2.9,Sep,0.958,0.422519866,823.0476907,25.35119196,5.9258,19.42539196
MRM,Waste,2.9,Oct,0.987,0.422519866,847.9624955,25.35119196,6.876,18.47519196
MRM,Waste,2.9,Nov,1.027,0.422519866,882.3277435,25.35119196,6.4353,18.91589196
MRM,Waste,2.9,Dec,1.07,0.422519866,919.2703852,25.35119196,6.6599,18.69129196
MRM,Waste,3,Jan,1.07,0.427348682,908.8831115,25.64092093,7.3101,18.33082093
MRM,Waste,3,Feb,1.07,0.427348682,908.8831115,25.64092093,8.5839,17.05702093
MRM,Waste,3,Mar,1.027,0.427348682,872.3579023,25.64092093,8.4449,17.19602093
MRM,Waste,3,Apr,0.958,0.427348682,813.747683,25.64092093,7.4474,18.19352093
MRM,Waste,3,May,0.958,0.427348682,813.747683,25.64092093,7.2845,18.35642093
MRM,Waste,3,Jun,0.958,0.427348682,813.747683,25.64092093,6.6787,18.96222093
MRM,Waste,3,Jul,0.958,0.427348682,813.747683,25.64092093,6.4176,19.22332093
MRM,Waste,3,Aug,0.958,0.427348682,813.747683,25.64092093,6.4107,19.23022093
MRM,Waste,3,Sep,0.958,0.427348682,813.747683,25.64092093,5.9258,19.71512093
MRM,Waste,3,Oct,0.987,0.427348682,838.3809636,25.64092093,6.876,18.76492093
MRM,Waste,3,Nov,1.027,0.427348682,872.3579023,25.64092093,6.4353,19.20562093
MRM,Waste,3,Dec,1.07,0.427348682,908.8831115,25.64092093,6.6599,18.98102093
MRM,Waste,3.1,Jan,1.07,0.432071643,898.9481405,25.92429858,7.3101,18.61419858
MRM,Waste,3.1,Feb,1.07,0.432071643,898.9481405,25.92429858,8.5839,17.34039858
MRM,Waste,3.1,Mar,1.027,0.432071643,862.8221872,25.92429858,8.4449,17.47939858
MRM,Waste,3.1,Apr,0.958,0.432071643,804.8526342,25.92429858,7.4474,18.47689858
MRM,Waste,3.1,May,0.958,0.432071643,804.8526342,25.92429858,7.2845,18.63979858
MRM,Waste,3.1,Jun,0.958,0.432071643,804.8526342,25.92429858,6.6787,19.24559858
MRM,Waste,3.1,Jul,0.958,0.432071643,804.8526342,25.92429858,6.4176,19.50669858
MRM,Waste,3.1,Aug,0.958,0.432071643,804.8526342,25.92429858,6.4107,19.51359858
MRM,Waste,3.1,Sep,0.958,0.432071643,804.8526342,25.92429858,5.9258,19.99849858
MRM,Waste,3.1,Oct,0.987,0.432071643,829.2166493,25.92429858,6.876,19.04829858
MRM,Waste,3.1,Nov,1.027,0.432071643,862.8221872,25.92429858,6.4353,19.48899858
MRM,Waste,3.1,Dec,1.07,0.432071643,898.9481405,25.92429858,6.6599,19.26439858
MRM,Waste,3.2,Jan,1.07,0.436694374,889.4321127,26.20166246,7.3101,18.89156246
MRM,Waste,3.2,Feb,1.07,0.436694374,889.4321127,26.20166246,8.5839,17.61776246
MRM,Waste,3.2,Mar,1.027,0.436694374,853.6885792,26.20166246,8.4449,17.75676246
MRM,Waste,3.2,Apr,0.958,0.436694374,796.3326766,26.20166246,7.4474,18.75426246
MRM,Waste,3.2,May,0.958,0.436694374,796.3326766,26.20166246,7.2845,18.91716246
MRM,Waste,3.2,Jun,0.958,0.436694374,796.3326766,26.20166246,6.6787,19.52296246
MRM,Waste,3.2,Jul,0.958,0.436694374,796.3326766,26.20166246,6.4176,19.78406246
MRM,Waste,3.2,Aug,0.958,0.436694374,796.3326766,26.20166246,6.4107,19.79096246
MRM,Waste,3.2,Sep,0.958,0.436694374,796.3326766,26.20166246,5.9258,20.27586246
MRM,Waste,3.2,Oct,0.987,0.436694374,820.4387806,26.20166246,6.876,19.32566246
MRM,Waste,3.2,Nov,1.027,0.436694374,853.6885792,26.20166246,6.4353,19.76636246
MRM,Waste,3.2,Dec,1.07,0.436694374,889.4321127,26.20166246,6.6599,19.54176246
MRM,Waste,3.3,Jan,1.07,0.441222039,880.3050749,26.47332233,7.3101,19.16322233
MRM,Waste,3.3,Feb,1.07,0.441222039,880.3050749,26.47332233,8.5839,17.88942233
MRM,Waste,3.3,Mar,1.027,0.441222039,844.9283289,26.47332233,8.4449,18.02842233
MRM,Waste,3.3,Apr,0.958,0.441222039,788.1609923,26.47332233,7.4474,19.02592233
MRM,Waste,3.3,May,0.958,0.441222039,788.1609923,26.47332233,7.2845,19.18882233
MRM,Waste,3.3,Jun,0.958,0.441222039,788.1609923,26.47332233,6.6787,19.79462233
MRM,Waste,3.3,Jul,0.958,0.441222039,788.1609923,26.47332233,6.4176,20.05572233
MRM,Waste,3.3,Aug,0.958,0.441222039,788.1609923,26.47332233,6.4107,20.06262233
MRM,Waste,3.3,Sep,0.958,0.441222039,788.1609923,26.47332233,5.9258,20.54752233
MRM,Waste,3.3,Oct,0.987,0.441222039,812.019728,26.47332233,6.876,19.59732233
MRM,Waste,3.3,Nov,1.027,0.441222039,844.9283289,26.47332233,6.4353,20.03802233
MRM,Waste,3.3,Dec,1.07,0.441222039,880.3050749,26.47332233,6.6599,19.81342233
MRM,Waste,3.4,Jan,1.07,0.445659386,871.5400422,26.73956315,7.3101,19.42946315
MRM,Waste,3.4,Feb,1.07,0.445659386,871.5400422,26.73956315,8.5839,18.15566315
MRM,Waste,3.4,Mar,1.027,0.445659386,836.5155358,26.73956315,8.4449,18.29466315
MRM,Waste,3.4,Apr,0.958,0.445659386,780.3134209,26.73956315,7.4474,19.29216315
MRM,Waste,3.4,May,0.958,0.445659386,780.3134209,26.73956315,7.2845,19.45506315
MRM,Waste,3.4,Jun,0.958,0.445659386,780.3134209,26.73956315,6.6787,20.06086315
MRM,Waste,3.4,Jul,0.958,0.445659386,780.3134209,26.73956315,6.4176,20.32196315
MRM,Waste,3.4,Aug,0.958,0.445659386,780.3134209,26.73956315,6.4107,20.32886315
MRM,Waste,3.4,Sep,0.958,0.445659386,780.3134209,26.73956315,5.9258,20.81376315
MRM,Waste,3.4,Oct,0.987,0.445659386,803.9345997,26.73956315,6.876,19.86356315
MRM,Waste,3.4,Nov,1.027,0.445659386,836.5155358,26.73956315,6.4353,20.30426315
MRM,Waste,3.4,Dec,1.07,0.445659386,871.5400422,26.73956315,6.6599,20.07966315
MRM,Waste,3.5,Jan,1.07,0.450010796,863.112626,27.00064777,7.3101,19.69054777
MRM,Waste,3.5,Feb,1.07,0.450010796,863.112626,27.00064777,8.5839,18.41674777
MRM,Waste,3.5,Mar,1.027,0.450010796,828.4267915,27.00064777,8.4449,18.55574777
MRM,Waste,3.5,Apr,0.958,0.450010796,772.7681269,27.00064777,7.4474,19.55324777
MRM,Waste,3.5,May,0.958,0.450010796,772.7681269,27.00064777,7.2845,19.71614777
MRM,Waste,3.5,Jun,0.958,0.450010796,772.7681269,27.00064777,6.6787,20.32194777
MRM,Waste,3.5,Jul,0.958,0.450010796,772.7681269,27.00064777,6.4176,20.58304777
MRM,Waste,3.5,Aug,0.958,0.450010796,772.7681269,27.00064777,6.4107,20.58994777
MRM,Waste,3.5,Sep,0.958,0.450010796,772.7681269,27.00064777,5.9258,21.07484777
MRM,Waste,3.5,Oct,0.987,0.450010796,796.160899,27.00064777,6.876,20.12464777
MRM,Waste,3.5,Nov,1.027,0.450010796,828.4267915,27.00064777,6.4353,20.56534777
MRM,Waste,3.5,Dec,1.07,0.450010796,863.112626,27.00064777,6.6599,20.34074777
MRM,Waste,3.6,Jan,1.07,0.45428032,855.000719,27.25681918,7.3101,19.94671918
MRM,Waste,3.6,Feb,1.07,0.45428032,855.000719,27.25681918,8.5839,18.67291918
MRM,Waste,3.6,Mar,1.027,0.45428032,820.640877,27.25681918,8.4449,18.81191918
MRM,Waste,3.6,Apr,0.958,0.45428032,765.5053166,27.25681918,7.4474,19.80941918
MRM,Waste,3.6,May,0.958,0.45428032,765.5053166,27.25681918,7.2845,19.97231918
MRM,Waste,3.6,Jun,0.958,0.45428032,765.5053166,27.25681918,6.6787,20.57811918
MRM,Waste,3.6,Jul,0.958,0.45428032,765.5053166,27.25681918,6.4176,20.83921918
MRM,Waste,3.6,Aug,0.958,0.45428032,765.5053166,27.25681918,6.4107,20.84611918
MRM,Waste,3.6,Sep,0.958,0.45428032,765.5053166,27.25681918,5.9258,21.33101918
MRM,Waste,3.6,Oct,0.987,0.45428032,788.6782333,27.25681918,6.876,20.38081918
MRM,Waste,3.6,Nov,1.027,0.45428032,820.640877,27.25681918,6.4353,20.82151918
MRM,Waste,3.6,Dec,1.07,0.45428032,855.000719,27.25681918,6.6599,20.59691918
MRM,Waste,3.7,Jan,1.07,0.45847171,847.1842248,27.50830258,7.3101,20.19820258
MRM,Waste,3.7,Feb,1.07,0.45847171,847.1842248,27.50830258,8.5839,18.92440258
MRM,Waste,3.7,Mar,1.027,0.45847171,813.1385036,27.50830258,8.4449,19.06340258
MRM,Waste,3.7,Apr,0.958,0.45847171,758.5069975,27.50830258,7.4474,20.06090258
MRM,Waste,3.7,May,0.958,0.45847171,758.5069975,27.50830258,7.2845,20.22380258
MRM,Waste,3.7,Jun,0.958,0.45847171,758.5069975,27.50830258,6.6787,20.82960258
MRM,Waste,3.7,Jul,0.958,0.45847171,758.5069975,27.50830258,6.4176,21.09070258
MRM,Waste,3.7,Aug,0.958,0.45847171,758.5069975,27.50830258,6.4107,21.09760258
MRM,Waste,3.7,Sep,0.958,0.45847171,758.5069975,27.50830258,5.9258,21.58250258
MRM,Waste,3.7,Oct,0.987,0.45847171,781.4680653,27.50830258,6.876,20.63230258
MRM,Waste,3.7,Nov,1.027,0.45847171,813.1385036,27.50830258,6.4353,21.07300258
MRM,Waste,3.7,Dec,1.07,0.45847171,847.1842248,27.50830258,6.6599,20.84840258
MRM,Waste,3.8,Jan,1.07,0.462588451,839.6448269,27.75530707,7.3101,20.44520707
MRM,Waste,3.8,Feb,1.07,0.462588451,839.6448269,27.75530707,8.5839,19.17140707
MRM,Waste,3.8,Mar,1.027,0.462588451,805.9020909,27.75530707,8.4449,19.31040707
MRM,Waste,3.8,Apr,0.958,0.462588451,751.7567702,27.75530707,7.4474,20.30790707
MRM,Waste,3.8,May,0.958,0.462588451,751.7567702,27.75530707,7.2845,20.47080707
MRM,Waste,3.8,Jun,0.958,0.462588451,751.7567702,27.75530707,6.6787,21.07660707
MRM,Waste,3.8,Jul,0.958,0.462588451,751.7567702,27.75530707,6.4176,21.33770707
MRM,Waste,3.8,Aug,0.958,0.462588451,751.7567702,27.75530707,6.4107,21.34460707
MRM,Waste,3.8,Sep,0.958,0.462588451,751.7567702,27.75530707,5.9258,21.82950707
MRM,Waste,3.8,Oct,0.987,0.462588451,774.5134992,27.75530707,6.876,20.87930707
MRM,Waste,3.8,Nov,1.027,0.462588451,805.9020909,27.75530707,6.4353,21.32000707
MRM,Waste,3.8,Dec,1.07,0.462588451,839.6448269,27.75530707,6.6599,21.09540707
MRM,Waste,3.9,Jan,1.07,0.466633787,832.3657888,27.9980272,7.3101,20.6879272
MRM,Waste,3.9,Feb,1.07,0.466633787,832.3657888,27.9980272,8.5839,19.4141272
MRM,Waste,3.9,Mar,1.027,0.466633787,798.9155749,27.9980272,8.4449,19.5531272
MRM,Waste,3.9,Apr,0.958,0.466633787,745.2396502,27.9980272,7.4474,20.5506272
MRM,Waste,3.9,May,0.958,0.466633787,745.2396502,27.9980272,7.2845,20.7135272
MRM,Waste,3.9,Jun,0.958,0.466633787,745.2396502,27.9980272,6.6787,21.3193272
MRM,Waste,3.9,Jul,0.958,0.466633787,745.2396502,27.9980272,6.4176,21.5804272
MRM,Waste,3.9,Aug,0.958,0.466633787,745.2396502,27.9980272,6.4107,21.5873272
MRM,Waste,3.9,Sep,0.958,0.466633787,745.2396502,27.9980272,5.9258,22.0722272
MRM,Waste,3.9,Oct,0.987,0.466633787,767.7990968,27.9980272,6.876,21.1220272
MRM,Waste,3.9,Nov,1.027,0.466633787,798.9155749,27.9980272,6.4353,21.5627272
MRM,Waste,3.9,Dec,1.07,0.466633787,832.3657888,27.9980272,6.6599,21.3381272
MRM,Waste,4,Jan,1.07,0.470610739,825.3317816,28.23664436,7.3101,20.92654436
MRM,Waste,4,Feb,1.07,0.470610739,825.3317816,28.23664436,8.5839,19.65274436
MRM,Waste,4,Mar,1.027,0.470610739,792.1642427,28.23664436,8.4449,19.79174436
MRM,Waste,4,Apr,0.958,0.470610739,738.9419129,28.23664436,7.4474,20.78924436
MRM,Waste,4,May,0.958,0.470610739,738.9419129,28.23664436,7.2845,20.95214436
MRM,Waste,4,Jun,0.958,0.470610739,738.9419129,28.23664436,6.6787,21.55794436
MRM,Waste,4,Jul,0.958,0.470610739,738.9419129,28.23664436,6.4176,21.81904436
MRM,Waste,4,Aug,0.958,0.470610739,738.9419129,28.23664436,6.4107,21.82594436
MRM,Waste,4,Sep,0.958,0.470610739,738.9419129,28.23664436,5.9258,22.31084436
MRM,Waste,4,Oct,0.987,0.470610739,761.3107182,28.23664436,6.876,21.36064436
MRM,Waste,4,Nov,1.027,0.470610739,792.1642427,28.23664436,6.4353,21.80134436
MRM,Waste,4,Dec,1.07,0.470610739,825.3317816,28.23664436,6.6599,21.57674436
MRM,Waste,4.1,Jan,1.07,0.474522132,818.5287335,28.47132794,7.3101,21.16122794
MRM,Waste,4.1,Feb,1.07,0.474522132,818.5287335,28.47132794,8.5839,19.88742794
MRM,Waste,4.1,Mar,1.027,0.474522132,785.6345881,28.47132794,8.4449,20.02642794
MRM,Waste,4.1,Apr,0.958,0.474522132,732.8509595,28.47132794,7.4474,21.02392794
MRM,Waste,4.1,May,0.958,0.474522132,732.8509595,28.47132794,7.2845,21.18682794
MRM,Waste,4.1,Jun,0.958,0.474522132,732.8509595,28.47132794,6.6787,21.79262794
MRM,Waste,4.1,Jul,0.958,0.474522132,732.8509595,28.47132794,6.4176,22.05372794
MRM,Waste,4.1,Aug,0.958,0.474522132,732.8509595,28.47132794,6.4107,22.06062794
MRM,Waste,4.1,Sep,0.958,0.474522132,732.8509595,28.47132794,5.9258,22.54552794
MRM,Waste,4.1,Oct,0.987,0.474522132,755.0353832,28.47132794,6.876,21.59532794
MRM,Waste,4.1,Nov,1.027,0.474522132,785.6345881,28.47132794,6.4353,22.03602794
MRM,Waste,4.1,Dec,1.07,0.474522132,818.5287335,28.47132794,6.6599,21.81142794
MRM,Waste,4.2,Jan,1.07,0.478370607,811.9436994,28.7022364,7.3101,21.3921364
MRM,Waste,4.2,Feb,1.07,0.478370607,811.9436994,28.7022364,8.5839,20.1183364
MRM,Waste,4.2,Mar,1.027,0.478370607,779.3141862,28.7022364,8.4449,20.2573364
MRM,Waste,4.2,Apr,0.958,0.478370607,726.9552,28.7022364,7.4474,21.2548364
MRM,Waste,4.2,May,0.958,0.478370607,726.9552,28.7022364,7.2845,21.4177364
MRM,Waste,4.2,Jun,0.958,0.478370607,726.9552,28.7022364,6.6787,22.0235364
MRM,Waste,4.2,Jul,0.958,0.478370607,726.9552,28.7022364,6.4176,22.2846364
MRM,Waste,4.2,Aug,0.958,0.478370607,726.9552,28.7022364,6.4107,22.2915364
MRM,Waste,4.2,Sep,0.958,0.478370607,726.9552,28.7022364,5.9258,22.7764364
MRM,Waste,4.2,Oct,0.987,0.478370607,748.9611507,28.7022364,6.876,21.8262364
MRM,Waste,4.2,Nov,1.027,0.478370607,779.3141862,28.7022364,6.4353,22.2669364
MRM,Waste,4.2,Dec,1.07,0.478370607,811.9436994,28.7022364,6.6599,22.0423364
MRM,Waste,4.3,Jan,1.07,0.482158637,805.564746,28.92951822,7.3101,21.61941822
MRM,Waste,4.3,Feb,1.07,0.482158637,805.564746,28.92951822,8.5839,20.34561822
MRM,Waste,4.3,Mar,1.027,0.482158637,773.1915833,28.92951822,8.4449,20.48461822
MRM,Waste,4.3,Apr,0.958,0.482158637,721.2439501,28.92951822,7.4474,21.48211822
MRM,Waste,4.3,May,0.958,0.482158637,721.2439501,28.92951822,7.2845,21.64501822
MRM,Waste,4.3,Jun,0.958,0.482158637,721.2439501,28.92951822,6.6787,22.25081822
MRM,Waste,4.3,Jul,0.958,0.482158637,721.2439501,28.92951822,6.4176,22.51191822
MRM,Waste,4.3,Aug,0.958,0.482158637,721.2439501,28.92951822,6.4107,22.51881822
MRM,Waste,4.3,Sep,0.958,0.482158637,721.2439501,28.92951822,5.9258,23.00371822
MRM,Waste,4.3,Oct,0.987,0.482158637,743.0770134,28.92951822,6.876,22.05351822
MRM,Waste,4.3,Nov,1.027,0.482158637,773.1915833,28.92951822,6.4353,22.49421822
MRM,Waste,4.3,Dec,1.07,0.482158637,805.564746,28.92951822,6.6599,22.26961822
MRM,Waste,4.4,Jan,1.07,0.485888546,799.3808518,29.15331278,7.3101,21.84321278
MRM,Waste,4.4,Feb,1.07,0.485888546,799.3808518,29.15331278,8.5839,20.56941278
MRM,Waste,4.4,Mar,1.027,0.485888546,767.2562007,29.15331278,8.4449,20.70841278
MRM,Waste,4.4,Apr,0.958,0.485888546,715.7073421,29.15331278,7.4474,21.70591278
MRM,Waste,4.4,May,0.958,0.485888546,715.7073421,29.15331278,7.2845,21.86881278
MRM,Waste,4.4,Jun,0.958,0.485888546,715.7073421,29.15331278,6.6787,22.47461278
MRM,Waste,4.4,Jul,0.958,0.485888546,715.7073421,29.15331278,6.4176,22.73571278
MRM,Waste,4.4,Aug,0.958,0.485888546,715.7073421,29.15331278,6.4107,22.74261278
MRM,Waste,4.4,Sep,0.958,0.485888546,715.7073421,29.15331278,5.9258,23.22751278
MRM,Waste,4.4,Oct,0.987,0.485888546,737.3728044,29.15331278,6.876,22.27731278
MRM,Waste,4.4,Nov,1.027,0.485888546,767.2562007,29.15331278,6.4353,22.71801278
MRM,Waste,4.4,Dec,1.07,0.485888546,799.3808518,29.15331278,6.6599,22.49341278
MRM,Waste,4.5,Jan,1.07,0.489562517,793.3818182,29.37375103,7.3101,22.06365103
MRM,Waste,4.5,Feb,1.07,0.489562517,793.3818182,29.37375103,8.5839,20.78985103
MRM,Waste,4.5,Mar,1.027,0.489562517,761.4982498,29.37375103,8.4449,20.92885103
MRM,Waste,4.5,Apr,0.958,0.489562517,710.3362447,29.37375103,7.4474,21.92635103
MRM,Waste,4.5,May,0.958,0.489562517,710.3362447,29.37375103,7.2845,22.08925103
MRM,Waste,4.5,Jun,0.958,0.489562517,710.3362447,29.37375103,6.6787,22.69505103
MRM,Waste,4.5,Jul,0.958,0.489562517,710.3362447,29.37375103,6.4176,22.95615103
MRM,Waste,4.5,Aug,0.958,0.489562517,710.3362447,29.37375103,6.4107,22.96305103
MRM,Waste,4.5,Sep,0.958,0.489562517,710.3362447,29.37375103,5.9258,23.44795103
MRM,Waste,4.5,Oct,0.987,0.489562517,731.8391164,29.37375103,6.876,22.49775103
MRM,Waste,4.5,Nov,1.027,0.489562517,761.4982498,29.37375103,6.4353,22.93845103
MRM,Waste,4.5,Dec,1.07,0.489562517,793.3818182,29.37375103,6.6599,22.71385103
MRM,Waste,4.6,Jan,1.07,0.493182604,787.5581915,29.59095626,7.3101,22.28085626
MRM,Waste,4.6,Feb,1.07,0.493182604,787.5581915,29.59095626,8.5839,21.00705626
MRM,Waste,4.6,Mar,1.027,0.493182604,755.9086567,29.59095626,8.4449,21.14605626
MRM,Waste,4.6,Apr,0.958,0.493182604,705.1221939,29.59095626,7.4474,22.14355626
MRM,Waste,4.6,May,0.958,0.493182604,705.1221939,29.59095626,7.2845,22.30645626
MRM,Waste,4.6,Jun,0.958,0.493182604,705.1221939,29.59095626,6.6787,22.91225626
MRM,Waste,4.6,Jul,0.958,0.493182604,705.1221939,29.59095626,6.4176,23.17335626
MRM,Waste,4.6,Aug,0.958,0.493182604,705.1221939,29.59095626,6.4107,23.18025626
MRM,Waste,4.6,Sep,0.958,0.493182604,705.1221939,29.59095626,5.9258,23.66515626
MRM,Waste,4.6,Oct,0.987,0.493182604,726.467229,29.59095626,6.876,22.71495626
MRM,Waste,4.6,Nov,1.027,0.493182604,755.9086567,29.59095626,6.4353,23.15565626
MRM,Waste,4.6,Dec,1.07,0.493182604,787.5581915,29.59095626,6.6599,22.93105626
MRM,Waste,4.7,Jan,1.07,0.496750744,781.9011938,29.80504466,7.3101,22.49494466
MRM,Waste,4.7,Feb,1.07,0.496750744,781.9011938,29.80504466,8.5839,21.22114466
MRM,Waste,4.7,Mar,1.027,0.496750744,750.4789963,29.80504466,8.4449,21.36014466
MRM,Waste,4.7,Apr,0.958,0.496750744,700.0573305,29.80504466,7.4474,22.35764466
MRM,Waste,4.7,May,0.958,0.496750744,700.0573305,29.80504466,7.2845,22.52054466
MRM,Waste,4.7,Jun,0.958,0.496750744,700.0573305,29.80504466,6.6787,23.12634466
MRM,Waste,4.7,Jul,0.958,0.496750744,700.0573305,29.80504466,6.4176,23.38744466
MRM,Waste,4.7,Aug,0.958,0.496750744,700.0573305,29.80504466,6.4107,23.39434466
MRM,Waste,4.7,Sep,0.958,0.496750744,700.0573305,29.80504466,5.9258,23.87924466
MRM,Waste,4.7,Oct,0.987,0.496750744,721.2490451,29.80504466,6.876,22.92904466
MRM,Waste,4.7,Nov,1.027,0.496750744,750.4789963,29.80504466,6.4353,23.36974466
MRM,Waste,4.7,Dec,1.07,0.496750744,781.9011938,29.80504466,6.6599,23.14514466
MRM,Waste,4.8,Jan,1.07,0.500268764,776.4026614,30.01612586,7.3101,22.70602586
MRM,Waste,4.8,Feb,1.07,0.500268764,776.4026614,30.01612586,8.5839,21.43222586
MRM,Waste,4.8,Mar,1.027,0.500268764,745.201433,30.01612586,8.4449,21.57122586
MRM,Waste,4.8,Apr,0.958,0.500268764,695.1343455,30.01612586,7.4474,22.56872586
MRM,Waste,4.8,May,0.958,0.500268764,695.1343455,30.01612586,7.2845,22.73162586
MRM,Waste,4.8,Jun,0.958,0.500268764,695.1343455,30.01612586,6.6787,23.33742586
MRM,Waste,4.8,Jul,0.958,0.500268764,695.1343455,30.01612586,6.4176,23.59852586
MRM,Waste,4.8,Aug,0.958,0.500268764,695.1343455,30.01612586,6.4107,23.60542586
MRM,Waste,4.8,Sep,0.958,0.500268764,695.1343455,30.01612586,5.9258,24.09032586
MRM,Waste,4.8,Oct,0.987,0.500268764,716.1770344,30.01612586,6.876,23.14012586
MRM,Waste,4.8,Nov,1.027,0.500268764,745.201433,30.01612586,6.4353,23.58082586
MRM,Waste,4.8,Dec,1.07,0.500268764,776.4026614,30.01612586,6.6599,23.35622586
MRM,Waste,4.9,Jan,1.07,0.503738391,771.0549901,30.22430345,7.3101,22.91420345
MRM,Waste,4.9,Feb,1.07,0.503738391,771.0549901,30.22430345,8.5839,21.64040345
MRM,Waste,4.9,Mar,1.027,0.503738391,740.0686681,30.22430345,8.4449,21.77940345
MRM,Waste,4.9,Apr,0.958,0.503738391,690.3464304,30.22430345,7.4474,22.77690345
MRM,Waste,4.9,May,0.958,0.503738391,690.3464304,30.22430345,7.2845,22.93980345
MRM,Waste,4.9,Jun,0.958,0.503738391,690.3464304,30.22430345,6.6787,23.54560345
MRM,Waste,4.9,Jul,0.958,0.503738391,690.3464304,30.22430345,6.4176,23.80670345
MRM,Waste,4.9,Aug,0.958,0.503738391,690.3464304,30.22430345,6.4107,23.81360345
MRM,Waste,4.9,Sep,0.958,0.503738391,690.3464304,30.22430345,5.9258,24.29850345
MRM,Waste,4.9,Oct,0.987,0.503738391,711.2441825,30.22430345,6.876,23.34830345
MRM,Waste,4.9,Nov,1.027,0.503738391,740.0686681,30.22430345,6.4353,23.78900345
MRM,Waste,4.9,Dec,1.07,0.503738391,771.0549901,30.22430345,6.6599,23.56440345
MRM,Waste,5,Jan,1.07,0.507161257,765.8510864,30.42967545,7.3101,23.11957545
MRM,Waste,5,Feb,1.07,0.507161257,765.8510864,30.42967545,8.5839,21.84577545
MRM,Waste,5,Mar,1.027,0.507161257,735.0738932,30.42967545,8.4449,21.98477545
MRM,Waste,5,Apr,0.958,0.507161257,685.6872343,30.42967545,7.4474,22.98227545
MRM,Waste,5,May,0.958,0.507161257,685.6872343,30.42967545,7.2845,23.14517545
MRM,Waste,5,Jun,0.958,0.507161257,685.6872343,30.42967545,6.6787,23.75097545
MRM,Waste,5,Jul,0.958,0.507161257,685.6872343,30.42967545,6.4176,24.01207545
MRM,Waste,5,Aug,0.958,0.507161257,685.6872343,30.42967545,6.4107,24.01897545
MRM,Waste,5,Sep,0.958,0.507161257,685.6872343,30.42967545,5.9258,24.50387545
MRM,Waste,5,Oct,0.987,0.507161257,706.443946,30.42967545,6.876,23.55367545
MRM,Waste,5,Nov,1.027,0.507161257,735.0738932,30.42967545,6.4353,23.99437545
MRM,Waste,5,Dec,1.07,0.507161257,765.8510864,30.42967545,6.6599,23.76977545
MRM,Waste,5.1,Jan,1.07,0.510538911,760.7843237,30.63233465,7.3101,23.32223465
MRM,Waste,5.1,Feb,1.07,0.510538911,760.7843237,30.63233465,8.5839,22.04843465
MRM,Waste,5.1,Mar,1.027,0.510538911,730.210748,30.63233465,8.4449,22.18743465
MRM,Waste,5.1,Apr,0.958,0.510538911,681.1508244,30.63233465,7.4474,23.18493465
MRM,Waste,5.1,May,0.958,0.510538911,681.1508244,30.63233465,7.2845,23.34783465
MRM,Waste,5.1,Jun,0.958,0.510538911,681.1508244,30.63233465,6.6787,23.95363465
MRM,Waste,5.1,Jul,0.958,0.510538911,681.1508244,30.63233465,6.4176,24.21473465
MRM,Waste,5.1,Aug,0.958,0.510538911,681.1508244,30.63233465,6.4107,24.22163465
MRM,Waste,5.1,Sep,0.958,0.510538911,681.1508244,30.63233465,5.9258,24.70653465
MRM,Waste,5.1,Oct,0.987,0.510538911,701.7702126,30.63233465,6.876,23.75633465
MRM,Waste,5.1,Nov,1.027,0.510538911,730.210748,30.63233465,6.4353,24.19703465
MRM,Waste,5.1,Dec,1.07,0.510538911,760.7843237,30.63233465,6.6599,23.97243465
MRM,Waste,5.2,Jan,1.07,0.513872818,755.8485032,30.83236905,7.3101,23.52226905
MRM,Waste,5.2,Feb,1.07,0.513872818,755.8485032,30.83236905,8.5839,22.24846905
MRM,Waste,5.2,Mar,1.027,0.513872818,725.473283,30.83236905,8.4449,22.38746905
MRM,Waste,5.2,Apr,0.958,0.513872818,676.7316506,30.83236905,7.4474,23.38496905
MRM,Waste,5.2,May,0.958,0.513872818,676.7316506,30.83236905,7.2845,23.54786905
MRM,Waste,5.2,Jun,0.958,0.513872818,676.7316506,30.83236905,6.6787,24.15366905
MRM,Waste,5.2,Jul,0.958,0.513872818,676.7316506,30.83236905,6.4176,24.41476905
MRM,Waste,5.2,Aug,0.958,0.513872818,676.7316506,30.83236905,6.4107,24.42166905
MRM,Waste,5.2,Sep,0.958,0.513872818,676.7316506,30.83236905,5.9258,24.90656905
MRM,Waste,5.2,Oct,0.987,0.513872818,697.2172642,30.83236905,6.876,23.95636905
MRM,Waste,5.2,Nov,1.027,0.513872818,725.473283,30.83236905,6.4353,24.39706905
MRM,Waste,5.2,Dec,1.07,0.513872818,755.8485032,30.83236905,6.6599,24.17246905
MRM,Waste,5.3,Jan,1.07,0.517164369,751.0378189,31.02986216,7.3101,23.71976216
MRM,Waste,5.3,Feb,1.07,0.517164369,751.0378189,31.02986216,8.5839,22.44596216
MRM,Waste,5.3,Mar,1.027,0.517164369,720.8559253,31.02986216,8.4449,22.58496216
MRM,Waste,5.3,Apr,0.958,0.517164369,672.4245145,31.02986216,7.4474,23.58246216
MRM,Waste,5.3,May,0.958,0.517164369,672.4245145,31.02986216,7.2845,23.74536216
MRM,Waste,5.3,Jun,0.958,0.517164369,672.4245145,31.02986216,6.6787,24.35116216
MRM,Waste,5.3,Jul,0.958,0.517164369,672.4245145,31.02986216,6.4176,24.61226216
MRM,Waste,5.3,Aug,0.958,0.517164369,672.4245145,31.02986216,6.4107,24.61916216
MRM,Waste,5.3,Sep,0.958,0.517164369,672.4245145,31.02986216,5.9258,25.10406216
MRM,Waste,5.3,Oct,0.987,0.517164369,692.7797451,31.02986216,6.876,24.15386216
MRM,Waste,5.3,Nov,1.027,0.517164369,720.8559253,31.02986216,6.4353,24.59456216
MRM,Waste,5.3,Dec,1.07,0.517164369,751.0378189,31.02986216,6.6599,24.36996216
MRM,Waste,5.4,Jan,1.07,0.520414889,746.3468254,31.22489331,7.3101,23.91479331
MRM,Waste,5.4,Feb,1.07,0.520414889,746.3468254,31.22489331,8.5839,22.64099331
MRM,Waste,5.4,Mar,1.027,0.520414889,716.3534483,31.22489331,8.4449,22.77999331
MRM,Waste,5.4,Apr,0.958,0.520414889,668.2245409,31.22489331,7.4474,23.77749331
MRM,Waste,5.4,May,0.958,0.520414889,668.2245409,31.22489331,7.2845,23.94039331
MRM,Waste,5.4,Jun,0.958,0.520414889,668.2245409,31.22489331,6.6787,24.54619331
MRM,Waste,5.4,Jul,0.958,0.520414889,668.2245409,31.22489331,6.4176,24.80729331
MRM,Waste,5.4,Aug,0.958,0.520414889,668.2245409,31.22489331,6.4107,24.81419331
MRM,Waste,5.4,Sep,0.958,0.520414889,668.2245409,31.22489331,5.9258,25.29909331
MRM,Waste,5.4,Oct,0.987,0.520414889,688.4526324,31.22489331,6.876,24.34889331
MRM,Waste,5.4,Nov,1.027,0.520414889,716.3534483,31.22489331,6.4353,24.78959331
MRM,Waste,5.4,Dec,1.07,0.520414889,746.3468254,31.22489331,6.6599,24.56499331
MRM,Waste,5.5,Jan,1.07,0.523625633,741.7704097,31.41753796,7.3101,24.10743796
MRM,Waste,5.5,Feb,1.07,0.523625633,741.7704097,31.41753796,8.5839,22.83363796
MRM,Waste,5.5,Mar,1.027,0.523625633,711.9609446,31.41753796,8.4449,22.97263796
MRM,Waste,5.5,Apr,0.958,0.523625633,664.1271518,31.41753796,7.4474,23.97013796
MRM,Waste,5.5,May,0.958,0.523625633,664.1271518,31.41753796,7.2845,24.13303796
MRM,Waste,5.5,Jun,0.958,0.523625633,664.1271518,31.41753796,6.6787,24.73883796
MRM,Waste,5.5,Jul,0.958,0.523625633,664.1271518,31.41753796,6.4176,24.99993796
MRM,Waste,5.5,Aug,0.958,0.523625633,664.1271518,31.41753796,6.4107,25.00683796
MRM,Waste,5.5,Sep,0.958,0.523625633,664.1271518,31.41753796,5.9258,25.49173796
MRM,Waste,5.5,Oct,0.987,0.523625633,684.2312097,31.41753796,6.876,24.54153796
MRM,Waste,5.5,Nov,1.027,0.523625633,711.9609446,31.41753796,6.4353,24.98223796
MRM,Waste,5.5,Dec,1.07,0.523625633,741.7704097,31.41753796,6.6599,24.75763796
MRM,Waste,5.6,Jan,1.07,0.526797798,737.3037649,31.6078679,7.3101,24.2977679
MRM,Waste,5.6,Feb,1.07,0.526797798,737.3037649,31.6078679,8.5839,23.0239679
MRM,Waste,5.6,Mar,1.027,0.526797798,707.6738005,31.6078679,8.4449,23.1629679
MRM,Waste,5.6,Apr,0.958,0.526797798,660.1280437,31.6078679,7.4474,24.1604679
MRM,Waste,5.6,May,0.958,0.526797798,660.1280437,31.6078679,7.2845,24.3233679
MRM,Waste,5.6,Jun,0.958,0.526797798,660.1280437,31.6078679,6.6787,24.9291679
MRM,Waste,5.6,Jul,0.958,0.526797798,660.1280437,31.6078679,6.4176,25.1902679
MRM,Waste,5.6,Aug,0.958,0.526797798,660.1280437,31.6078679,6.4107,25.1971679
MRM,Waste,5.6,Sep,0.958,0.526797798,660.1280437,31.6078679,5.9258,25.6820679
MRM,Waste,5.6,Oct,0.987,0.526797798,680.1110429,31.6078679,6.876,24.7318679
MRM,Waste,5.6,Nov,1.027,0.526797798,707.6738005,31.6078679,6.4353,25.1725679
MRM,Waste,5.6,Dec,1.07,0.526797798,737.3037649,31.6078679,6.6599,24.9479679
MRM,Waste,5.7,Jan,1.07,0.529932526,732.9423673,31.79595155,7.3101,24.48585155
MRM,Waste,5.7,Feb,1.07,0.529932526,732.9423673,31.79595155,8.5839,23.21205155
MRM,Waste,5.7,Mar,1.027,0.529932526,703.4876741,31.79595155,8.4449,23.35105155
MRM,Waste,5.7,Apr,0.958,0.529932526,656.2231663,31.79595155,7.4474,24.34855155
MRM,Waste,5.7,May,0.958,0.529932526,656.2231663,31.79595155,7.2845,24.51145155
MRM,Waste,5.7,Jun,0.958,0.529932526,656.2231663,31.79595155,6.6787,25.11725155
MRM,Waste,5.7,Jul,0.958,0.529932526,656.2231663,31.79595155,6.4176,25.37835155
MRM,Waste,5.7,Aug,0.958,0.529932526,656.2231663,31.79595155,6.4107,25.38525155
MRM,Waste,5.7,Sep,0.958,0.529932526,656.2231663,31.79595155,5.9258,25.87015155
MRM,Waste,5.7,Oct,0.987,0.529932526,676.0879594,31.79595155,6.876,24.91995155
MRM,Waste,5.7,Nov,1.027,0.529932526,703.4876741,31.79595155,6.4353,25.36065155
MRM,Waste,5.7,Dec,1.07,0.529932526,732.9423673,31.79595155,6.6599,25.13605155
MRM,Waste,5.8,Jan,1.07,0.533030902,728.6819549,31.98185415,7.3101,24.67175415
MRM,Waste,5.8,Feb,1.07,0.533030902,728.6819549,31.98185415,8.5839,23.39795415
MRM,Waste,5.8,Mar,1.027,0.533030902,699.3984744,31.98185415,8.4449,23.53695415
MRM,Waste,5.8,Apr,0.958,0.533030902,652.4087035,31.98185415,7.4474,24.53445415
MRM,Waste,5.8,May,0.958,0.533030902,652.4087035,31.98185415,7.2845,24.69735415
MRM,Waste,5.8,Jun,0.958,0.533030902,652.4087035,31.98185415,6.6787,25.30315415
MRM,Waste,5.8,Jul,0.958,0.533030902,652.4087035,31.98185415,6.4176,25.56425415
MRM,Waste,5.8,Aug,0.958,0.533030902,652.4087035,31.98185415,6.4107,25.57115415
MRM,Waste,5.8,Sep,0.958,0.533030902,652.4087035,31.98185415,5.9258,26.05605415
MRM,Waste,5.8,Oct,0.987,0.533030902,672.1580275,31.98185415,6.876,25.10585415
MRM,Waste,5.8,Nov,1.027,0.533030902,699.3984744,31.98185415,6.4353,25.54655415
MRM,Waste,5.8,Dec,1.07,0.533030902,728.6819549,31.98185415,6.6599,25.32195415
MRM,Waste,5.9,Jan,1.07,0.536093966,724.5185076,32.16563794,7.3101,24.85553794
MRM,Waste,5.9,Feb,1.07,0.536093966,724.5185076,32.16563794,8.5839,23.58173794
MRM,Waste,5.9,Mar,1.027,0.536093966,695.4023433,32.16563794,8.4449,23.72073794
MRM,Waste,5.9,Apr,0.958,0.536093966,648.6810564,32.16563794,7.4474,24.71823794
MRM,Waste,5.9,May,0.958,0.536093966,648.6810564,32.16563794,7.2845,24.88113794
MRM,Waste,5.9,Jun,0.958,0.536093966,648.6810564,32.16563794,6.6787,25.48693794
MRM,Waste,5.9,Jul,0.958,0.536093966,648.6810564,32.16563794,6.4176,25.74803794
MRM,Waste,5.9,Aug,0.958,0.536093966,648.6810564,32.16563794,6.4107,25.75493794
MRM,Waste,5.9,Sep,0.958,0.536093966,648.6810564,32.16563794,5.9258,26.23983794
MRM,Waste,5.9,Oct,0.987,0.536093966,668.3175393,32.16563794,6.876,25.28963794
MRM,Waste,5.9,Nov,1.027,0.536093966,695.4023433,32.16563794,6.4353,25.73033794
MRM,Waste,5.9,Dec,1.07,0.536093966,724.5185076,32.16563794,6.6599,25.50573794
MRM,Waste,6,Jan,1.07,0.539122707,720.4482306,32.34736239,7.3101,25.03726239
MRM,Waste,6,Feb,1.07,0.539122707,720.4482306,32.34736239,8.5839,23.76346239
MRM,Waste,6,Mar,1.027,0.539122707,691.4956381,32.34736239,8.4449,23.90246239
MRM,Waste,6,Apr,0.958,0.539122707,645.036827,32.34736239,7.4474,24.89996239
MRM,Waste,6,May,0.958,0.539122707,645.036827,32.34736239,7.2845,25.06286239
MRM,Waste,6,Jun,0.958,0.539122707,645.036827,32.34736239,6.6787,25.66866239
MRM,Waste,6,Jul,0.958,0.539122707,645.036827,32.34736239,6.4176,25.92976239
MRM,Waste,6,Aug,0.958,0.539122707,645.036827,32.34736239,6.4107,25.93666239
MRM,Waste,6,Sep,0.958,0.539122707,645.036827,32.34736239,5.9258,26.42156239
MRM,Waste,6,Oct,0.987,0.539122707,664.562994,32.34736239,6.876,25.47136239
MRM,Waste,6,Nov,1.027,0.539122707,691.4956381,32.34736239,6.4353,25.91206239
MRM,Waste,6,Dec,1.07,0.539122707,720.4482306,32.34736239,6.6599,25.68746239
MRM,Waste,6.1,Jan,1.07,0.542118072,716.4675372,32.52708433,7.3101,25.21698433
MRM,Waste,6.1,Feb,1.07,0.542118072,716.4675372,32.52708433,8.5839,23.94318433
MRM,Waste,6.1,Mar,1.027,0.542118072,687.6749165,32.52708433,8.4449,24.08218433
MRM,Waste,6.1,Apr,0.958,0.542118072,641.4728043,32.52708433,7.4474,25.07968433
MRM,Waste,6.1,May,0.958,0.542118072,641.4728043,32.52708433,7.2845,25.24258433
MRM,Waste,6.1,Jun,0.958,0.542118072,641.4728043,32.52708433,6.6787,25.84838433
MRM,Waste,6.1,Jul,0.958,0.542118072,641.4728043,32.52708433,6.4176,26.10948433
MRM,Waste,6.1,Aug,0.958,0.542118072,641.4728043,32.52708433,6.4107,26.11638433
MRM,Waste,6.1,Sep,0.958,0.542118072,641.4728043,32.52708433,5.9258,26.60128433
MRM,Waste,6.1,Oct,0.987,0.542118072,660.8910834,32.52708433,6.876,25.65108433
MRM,Waste,6.1,Nov,1.027,0.542118072,687.6749165,32.52708433,6.4353,26.09178433
MRM,Waste,6.1,Dec,1.07,0.542118072,716.4675372,32.52708433,6.6599,25.86718433
MRM,Waste,6.2,Jan,1.07,0.545080968,712.573035,32.70485811,7.3101,25.39475811
MRM,Waste,6.2,Feb,1.07,0.545080968,712.573035,32.70485811,8.5839,24.12095811
MRM,Waste,6.2,Mar,1.027,0.545080968,683.9369224,32.70485811,8.4449,24.25995811
MRM,Waste,6.2,Apr,0.958,0.545080968,637.985951,32.70485811,7.4474,25.25745811
MRM,Waste,6.2,May,0.958,0.545080968,637.985951,32.70485811,7.2845,25.42035811
MRM,Waste,6.2,Jun,0.958,0.545080968,637.985951,32.70485811,6.6787,26.02615811
MRM,Waste,6.2,Jul,0.958,0.545080968,637.985951,32.70485811,6.4176,26.28725811
MRM,Waste,6.2,Aug,0.958,0.545080968,637.985951,32.70485811,6.4107,26.29415811
MRM,Waste,6.2,Sep,0.958,0.545080968,637.985951,32.70485811,5.9258,26.77905811
MRM,Waste,6.2,Oct,0.987,0.545080968,657.2986781,32.70485811,6.876,25.82885811
MRM,Waste,6.2,Nov,1.027,0.545080968,683.9369224,32.70485811,6.4353,26.26955811
MRM,Waste,6.2,Dec,1.07,0.545080968,712.573035,32.70485811,6.6599,26.04495811
MRM,Waste,6.3,Jan,1.07,0.548012263,708.7615121,32.88073576,7.3101,25.57063576
MRM,Waste,6.3,Feb,1.07,0.548012263,708.7615121,32.88073576,8.5839,24.29683576
MRM,Waste,6.3,Mar,1.027,0.548012263,680.2785728,32.88073576,8.4449,24.43583576
MRM,Waste,6.3,Apr,0.958,0.548012263,634.5733912,32.88073576,7.4474,25.43333576
MRM,Waste,6.3,May,0.958,0.548012263,634.5733912,32.88073576,7.2845,25.59623576
MRM,Waste,6.3,Jun,0.958,0.548012263,634.5733912,32.88073576,6.6787,26.20203576
MRM,Waste,6.3,Jul,0.958,0.548012263,634.5733912,32.88073576,6.4176,26.46313576
MRM,Waste,6.3,Aug,0.958,0.548012263,634.5733912,32.88073576,6.4107,26.47003576
MRM,Waste,6.3,Sep,0.958,0.548012263,634.5733912,32.88073576,5.9258,26.95493576
MRM,Waste,6.3,Oct,0.987,0.548012263,653.7828154,32.88073576,6.876,26.00473576
MRM,Waste,6.3,Nov,1.027,0.548012263,680.2785728,32.88073576,6.4353,26.44543576
MRM,Waste,6.3,Dec,1.07,0.548012263,708.7615121,32.88073576,6.6599,26.22083576
MRM,Waste,6.4,Jan,1.07,0.550912786,705.0299248,33.05476715,7.3101,25.74466715
MRM,Waste,6.4,Feb,1.07,0.550912786,705.0299248,33.05476715,8.5839,24.47086715
MRM,Waste,6.4,Mar,1.027,0.550912786,676.6969466,33.05476715,8.4449,24.60986715
MRM,Waste,6.4,Apr,0.958,0.550912786,631.2324,33.05476715,7.4474,25.60736715
MRM,Waste,6.4,May,0.958,0.550912786,631.2324,33.05476715,7.2845,25.77026715
MRM,Waste,6.4,Jun,0.958,0.550912786,631.2324,33.05476715,6.6787,26.37606715
MRM,Waste,6.4,Jul,0.958,0.550912786,631.2324,33.05476715,6.4176,26.63716715
MRM,Waste,6.4,Aug,0.958,0.550912786,631.2324,33.05476715,6.4107,26.64406715
MRM,Waste,6.4,Sep,0.958,0.550912786,631.2324,33.05476715,5.9258,27.12896715
MRM,Waste,6.4,Oct,0.987,0.550912786,650.3406877,33.05476715,6.876,26.17876715
MRM,Waste,6.4,Nov,1.027,0.550912786,676.6969466,33.05476715,6.4353,26.61946715
MRM,Waste,6.4,Dec,1.07,0.550912786,705.0299248,33.05476715,6.6599,26.39486715
MRM,Waste,6.5,Jan,1.07,0.553783334,701.3753865,33.22700005,7.3101,25.91690005
MRM,Waste,6.5,Feb,1.07,0.553783334,701.3753865,33.22700005,8.5839,24.64310005
MRM,Waste,6.5,Mar,1.027,0.553783334,673.1892729,33.22700005,8.4449,24.78210005
MRM,Waste,6.5,Apr,0.958,0.553783334,627.9603928,33.22700005,7.4474,25.77960005
MRM,Waste,6.5,May,0.958,0.553783334,627.9603928,33.22700005,7.2845,25.94250005
MRM,Waste,6.5,Jun,0.958,0.553783334,627.9603928,33.22700005,6.6787,26.54830005
MRM,Waste,6.5,Jul,0.958,0.553783334,627.9603928,33.22700005,6.4176,26.80940005
MRM,Waste,6.5,Aug,0.958,0.553783334,627.9603928,33.22700005,6.4107,26.81630005
MRM,Waste,6.5,Sep,0.958,0.553783334,627.9603928,33.22700005,5.9258,27.30120005
MRM,Waste,6.5,Oct,0.987,0.553783334,646.9696322,33.22700005,6.876,26.35100005
MRM,Waste,6.5,Nov,1.027,0.553783334,673.1892729,33.22700005,6.4353,26.79170005
MRM,Waste,6.5,Dec,1.07,0.553783334,701.3753865,33.22700005,6.6599,26.56710005
MRM,Waste,6.6,Jan,1.07,0.556624671,697.7951571,33.39748028,7.3101,26.08738028
MRM,Waste,6.6,Feb,1.07,0.556624671,697.7951571,33.39748028,8.5839,24.81358028
MRM,Waste,6.6,Mar,1.027,0.556624671,669.7529218,33.39748028,8.4449,24.95258028
MRM,Waste,6.6,Apr,0.958,0.556624671,624.7549164,33.39748028,7.4474,25.95008028
MRM,Waste,6.6,May,0.958,0.556624671,624.7549164,33.39748028,7.2845,26.11298028
MRM,Waste,6.6,Jun,0.958,0.556624671,624.7549164,33.39748028,6.6787,26.71878028
MRM,Waste,6.6,Jul,0.958,0.556624671,624.7549164,33.39748028,6.4176,26.97988028
MRM,Waste,6.6,Aug,0.958,0.556624671,624.7549164,33.39748028,6.4107,26.98678028
MRM,Waste,6.6,Sep,0.958,0.556624671,624.7549164,33.39748028,5.9258,27.47168028
MRM,Waste,6.6,Oct,0.987,0.556624671,643.6671216,33.39748028,6.876,26.52148028
MRM,Waste,6.6,Nov,1.027,0.556624671,669.7529218,33.39748028,6.4353,26.96218028
MRM,Waste,6.6,Dec,1.07,0.556624671,697.7951571,33.39748028,6.6599,26.73758028
MRM,Waste,6.7,Jan,1.07,0.559437531,694.2866336,33.56625185,7.3101,26.25615185
MRM,Waste,6.7,Feb,1.07,0.559437531,694.2866336,33.56625185,8.5839,24.98235185
MRM,Waste,6.7,Mar,1.027,0.559437531,666.3853951,33.56625185,8.4449,25.12135185
MRM,Waste,6.7,Apr,0.958,0.559437531,621.6136402,33.56625185,7.4474,26.11885185
MRM,Waste,6.7,May,0.958,0.559437531,621.6136402,33.56625185,7.2845,26.28175185
MRM,Waste,6.7,Jun,0.958,0.559437531,621.6136402,33.56625185,6.6787,26.88755185
MRM,Waste,6.7,Jul,0.958,0.559437531,621.6136402,33.56625185,6.4176,27.14865185
MRM,Waste,6.7,Aug,0.958,0.559437531,621.6136402,33.56625185,6.4107,27.15555185
MRM,Waste,6.7,Sep,0.958,0.559437531,621.6136402,33.56625185,5.9258,27.64045185
MRM,Waste,6.7,Oct,0.987,0.559437531,640.4307546,33.56625185,6.876,26.69025185
MRM,Waste,6.7,Nov,1.027,0.559437531,666.3853951,33.56625185,6.4353,27.13095185
MRM,Waste,6.7,Dec,1.07,0.559437531,694.2866336,33.56625185,6.6599,26.90635185
MRM,Waste,6.8,Jan,1.07,0.562222617,690.8473414,33.733357,7.3101,26.423257
MRM,Waste,6.8,Feb,1.07,0.562222617,690.8473414,33.733357,8.5839,25.149457
MRM,Waste,6.8,Mar,1.027,0.562222617,663.0843174,33.733357,8.4449,25.288457
MRM,Waste,6.8,Apr,0.958,0.562222617,618.5343487,33.733357,7.4474,26.285957
MRM,Waste,6.8,May,0.958,0.562222617,618.5343487,33.733357,7.2845,26.448857
MRM,Waste,6.8,Jun,0.958,0.562222617,618.5343487,33.733357,6.6787,27.054657
MRM,Waste,6.8,Jul,0.958,0.562222617,618.5343487,33.733357,6.4176,27.315757
MRM,Waste,6.8,Aug,0.958,0.562222617,618.5343487,33.733357,6.4107,27.322657
MRM,Waste,6.8,Sep,0.958,0.562222617,618.5343487,33.733357,5.9258,27.807557
MRM,Waste,6.8,Oct,0.987,0.562222617,637.2582486,33.733357,6.876,26.857357
MRM,Waste,6.8,Nov,1.027,0.562222617,663.0843174,33.733357,6.4353,27.298057
MRM,Waste,6.8,Dec,1.07,0.562222617,690.8473414,33.733357,6.6599,27.073457
MRM,Waste,6.9,Jan,1.07,0.564980606,687.4749261,33.89883633,7.3101,26.58873633
MRM,Waste,6.9,Feb,1.07,0.564980606,687.4749261,33.89883633,8.5839,25.31493633
MRM,Waste,6.9,Mar,1.027,0.564980606,659.847429,33.89883633,8.4449,25.45393633
MRM,Waste,6.9,Apr,0.958,0.564980606,615.5149338,33.89883633,7.4474,26.45143633
MRM,Waste,6.9,May,0.958,0.564980606,615.5149338,33.89883633,7.2845,26.61433633
MRM,Waste,6.9,Jun,0.958,0.564980606,615.5149338,33.89883633,6.6787,27.22013633
MRM,Waste,6.9,Jul,0.958,0.564980606,615.5149338,33.89883633,6.4176,27.48123633
MRM,Waste,6.9,Aug,0.958,0.564980606,615.5149338,33.89883633,6.4107,27.48813633
MRM,Waste,6.9,Sep,0.958,0.564980606,615.5149338,33.89883633,5.9258,27.97303633
MRM,Waste,6.9,Oct,0.987,0.564980606,634.1474318,33.89883633,6.876,27.02283633
MRM,Waste,6.9,Nov,1.027,0.564980606,659.847429,33.89883633,6.4353,27.46353633
MRM,Waste,6.9,Dec,1.07,0.564980606,687.4749261,33.89883633,6.6599,27.23893633
MRM,Waste,7,Jan,1.07,0.567712148,684.1671457,34.06272889,7.3101,26.75262889
MRM,Waste,7,Feb,1.07,0.567712148,684.1671457,34.06272889,8.5839,25.47882889
MRM,Waste,7,Mar,1.027,0.567712148,656.6725782,34.06272889,8.4449,25.61782889
MRM,Waste,7,Apr,0.958,0.567712148,612.5533884,34.06272889,7.4474,26.61532889
MRM,Waste,7,May,0.958,0.567712148,612.5533884,34.06272889,7.2845,26.77822889
MRM,Waste,7,Jun,0.958,0.567712148,612.5533884,34.06272889,6.6787,27.38402889
MRM,Waste,7,Jul,0.958,0.567712148,612.5533884,34.06272889,6.4176,27.64512889
MRM,Waste,7,Aug,0.958,0.567712148,612.5533884,34.06272889,6.4107,27.65202889
MRM,Waste,7,Sep,0.958,0.567712148,612.5533884,34.06272889,5.9258,28.13692889
MRM,Waste,7,Oct,0.987,0.567712148,631.0962363,34.06272889,6.876,27.18672889
MRM,Waste,7,Nov,1.027,0.567712148,656.6725782,34.06272889,6.4353,27.62742889
MRM,Waste,7,Dec,1.07,0.567712148,684.1671457,34.06272889,6.6599,27.40282889
MRM,Waste,7.1,Jan,1.07,0.570417871,680.9218646,34.22507223,7.3101,26.91497223
MRM,Waste,7.1,Feb,1.07,0.570417871,680.9218646,34.22507223,8.5839,25.64117223
MRM,Waste,7.1,Mar,1.027,0.570417871,653.5577149,34.22507223,8.4449,25.78017223
MRM,Waste,7.1,Apr,0.958,0.570417871,609.6478002,34.22507223,7.4474,26.77767223
MRM,Waste,7.1,May,0.958,0.570417871,609.6478002,34.22507223,7.2845,26.94057223
MRM,Waste,7.1,Jun,0.958,0.570417871,609.6478002,34.22507223,6.6787,27.54637223
MRM,Waste,7.1,Jul,0.958,0.570417871,609.6478002,34.22507223,6.4176,27.80747223
MRM,Waste,7.1,Aug,0.958,0.570417871,609.6478002,34.22507223,6.4107,27.81437223
MRM,Waste,7.1,Sep,0.958,0.570417871,609.6478002,34.22507223,5.9258,28.29927223
MRM,Waste,7.1,Oct,0.987,0.570417871,628.1026919,34.22507223,6.876,27.34907223
MRM,Waste,7.1,Nov,1.027,0.570417871,653.5577149,34.22507223,6.4353,27.78977223
MRM,Waste,7.1,Dec,1.07,0.570417871,680.9218646,34.22507223,6.6599,27.56517223
MRM,Waste,7.2,Jan,1.07,0.573098375,677.737046,34.38590252,7.3101,27.07580252
MRM,Waste,7.2,Feb,1.07,0.573098375,677.737046,34.38590252,8.5839,25.80200252
MRM,Waste,7.2,Mar,1.027,0.573098375,650.5008843,34.38590252,8.4449,25.94100252
MRM,Waste,7.2,Apr,0.958,0.573098375,606.7963458,34.38590252,7.4474,26.93850252
MRM,Waste,7.2,May,0.958,0.573098375,606.7963458,34.38590252,7.2845,27.10140252
MRM,Waste,7.2,Jun,0.958,0.573098375,606.7963458,34.38590252,6.6787,27.70720252
MRM,Waste,7.2,Jul,0.958,0.573098375,606.7963458,34.38590252,6.4176,27.96830252
MRM,Waste,7.2,Aug,0.958,0.573098375,606.7963458,34.38590252,6.4107,27.97520252
MRM,Waste,7.2,Sep,0.958,0.573098375,606.7963458,34.38590252,5.9258,28.46010252
MRM,Waste,7.2,Oct,0.987,0.573098375,625.16492,34.38590252,6.876,27.50990252
MRM,Waste,7.2,Nov,1.027,0.573098375,650.5008843,34.38590252,6.4353,27.95060252
MRM,Waste,7.2,Dec,1.07,0.573098375,677.737046,34.38590252,6.6599,27.72600252
MRM,Waste,7.3,Jan,1.07,0.575754243,674.610747,34.54525459,7.3101,27.23515459
MRM,Waste,7.3,Feb,1.07,0.575754243,674.610747,34.54525459,8.5839,25.96135459
MRM,Waste,7.3,Mar,1.027,0.575754243,647.5002216,34.54525459,8.4449,26.10035459
MRM,Waste,7.3,Apr,0.958,0.575754243,603.9972856,34.54525459,7.4474,27.09785459
MRM,Waste,7.3,May,0.958,0.575754243,603.9972856,34.54525459,7.2845,27.26075459
MRM,Waste,7.3,Jun,0.958,0.575754243,603.9972856,34.54525459,6.6787,27.86655459
MRM,Waste,7.3,Jul,0.958,0.575754243,603.9972856,34.54525459,6.4176,28.12765459
MRM,Waste,7.3,Aug,0.958,0.575754243,603.9972856,34.54525459,6.4107,28.13455459
MRM,Waste,7.3,Sep,0.958,0.575754243,603.9972856,34.54525459,5.9258,28.61945459
MRM,Waste,7.3,Oct,0.987,0.575754243,622.2811283,34.54525459,6.876,27.66925459
MRM,Waste,7.3,Nov,1.027,0.575754243,647.5002216,34.54525459,6.4353,28.10995459
MRM,Waste,7.3,Dec,1.07,0.575754243,674.610747,34.54525459,6.6599,27.88535459
MRM,Waste,7.4,Jan,1.07,0.578386033,671.5411124,34.70316198,7.3101,27.39306198
MRM,Waste,7.4,Feb,1.07,0.578386033,671.5411124,34.70316198,8.5839,26.11926198
MRM,Waste,7.4,Mar,1.027,0.578386033,644.5539462,34.70316198,8.4449,26.25826198
MRM,Waste,7.4,Apr,0.958,0.578386033,601.2489586,34.70316198,7.4474,27.25576198
MRM,Waste,7.4,May,0.958,0.578386033,601.2489586,34.70316198,7.2845,27.41866198
MRM,Waste,7.4,Jun,0.958,0.578386033,601.2489586,34.70316198,6.6787,28.02446198
MRM,Waste,7.4,Jul,0.958,0.578386033,601.2489586,34.70316198,6.4176,28.28556198
MRM,Waste,7.4,Aug,0.958,0.578386033,601.2489586,34.70316198,6.4107,28.29246198
MRM,Waste,7.4,Sep,0.958,0.578386033,601.2489586,34.70316198,5.9258,28.77736198
MRM,Waste,7.4,Oct,0.987,0.578386033,619.4496055,34.70316198,6.876,27.82716198
MRM,Waste,7.4,Nov,1.027,0.578386033,644.5539462,34.70316198,6.4353,28.26786198
MRM,Waste,7.4,Dec,1.07,0.578386033,671.5411124,34.70316198,6.6599,28.04326198
MRM,Waste,7.5,Jan,1.07,0.580994284,668.5263701,34.85965707,7.3101,27.54955707
MRM,Waste,7.5,Feb,1.07,0.580994284,668.5263701,34.85965707,8.5839,26.27575707
MRM,Waste,7.5,Mar,1.027,0.580994284,641.6603571,34.85965707,8.4449,26.41475707
MRM,Waste,7.5,Apr,0.958,0.580994284,598.5497781,34.85965707,7.4474,27.41225707
MRM,Waste,7.5,May,0.958,0.580994284,598.5497781,34.85965707,7.2845,27.57515707
MRM,Waste,7.5,Jun,0.958,0.580994284,598.5497781,34.85965707,6.6787,28.18095707
MRM,Waste,7.5,Jul,0.958,0.580994284,598.5497781,34.85965707,6.4176,28.44205707
MRM,Waste,7.5,Aug,0.958,0.580994284,598.5497781,34.85965707,6.4107,28.44895707
MRM,Waste,7.5,Sep,0.958,0.580994284,598.5497781,34.85965707,5.9258,28.93385707
MRM,Waste,7.5,Oct,0.987,0.580994284,616.6687171,34.85965707,6.876,27.98365707
MRM,Waste,7.5,Nov,1.027,0.580994284,641.6603571,34.85965707,6.4353,28.42435707
MRM,Waste,7.5,Dec,1.07,0.580994284,668.5263701,34.85965707,6.6599,28.19975707
MRM,Waste,7.6,Jan,1.07,0.583579518,665.5648259,35.01477105,7.3101,27.70467105
MRM,Waste,7.6,Feb,1.07,0.583579518,665.5648259,35.01477105,8.5839,26.43087105
MRM,Waste,7.6,Mar,1.027,0.583579518,638.8178282,35.01477105,8.4449,26.56987105
MRM,Waste,7.6,Apr,0.958,0.583579518,595.8982273,35.01477105,7.4474,27.56737105
MRM,Waste,7.6,May,0.958,0.583579518,595.8982273,35.01477105,7.2845,27.73027105
MRM,Waste,7.6,Jun,0.958,0.583579518,595.8982273,35.01477105,6.6787,28.33607105
MRM,Waste,7.6,Jul,0.958,0.583579518,595.8982273,35.01477105,6.4176,28.59717105
MRM,Waste,7.6,Aug,0.958,0.583579518,595.8982273,35.01477105,6.4107,28.60407105
MRM,Waste,7.6,Sep,0.958,0.583579518,595.8982273,35.01477105,5.9258,29.08897105
MRM,Waste,7.6,Oct,0.987,0.583579518,613.9369001,35.01477105,6.876,28.13877105
MRM,Waste,7.6,Nov,1.027,0.583579518,638.8178282,35.01477105,6.4353,28.57947105
MRM,Waste,7.6,Dec,1.07,0.583579518,665.5648259,35.01477105,6.6599,28.35487105
MRM,Waste,7.7,Jan,1.07,0.586142234,662.6548594,35.16853407,7.3101,27.85843407
MRM,Waste,7.7,Feb,1.07,0.586142234,662.6548594,35.16853407,8.5839,26.58463407
MRM,Waste,7.7,Mar,1.027,0.586142234,636.0248043,35.16853407,8.4449,26.72363407
MRM,Waste,7.7,Apr,0.958,0.586142234,593.2928555,35.16853407,7.4474,27.72113407
MRM,Waste,7.7,May,0.958,0.586142234,593.2928555,35.16853407,7.2845,27.88403407
MRM,Waste,7.7,Jun,0.958,0.586142234,593.2928555,35.16853407,6.6787,28.48983407
MRM,Waste,7.7,Jul,0.958,0.586142234,593.2928555,35.16853407,6.4176,28.75093407
MRM,Waste,7.7,Aug,0.958,0.586142234,593.2928555,35.16853407,6.4107,28.75783407
MRM,Waste,7.7,Sep,0.958,0.586142234,593.2928555,35.16853407,5.9258,29.24273407
MRM,Waste,7.7,Oct,0.987,0.586142234,611.2526601,35.16853407,6.876,28.29253407
MRM,Waste,7.7,Nov,1.027,0.586142234,636.0248043,35.16853407,6.4353,28.73323407
MRM,Waste,7.7,Dec,1.07,0.586142234,662.6548594,35.16853407,6.6599,28.50863407
MRM,Waste,7.8,Jan,1.07,0.58868292,659.7949199,35.3209752,7.3101,28.0108752
MRM,Waste,7.8,Feb,1.07,0.58868292,659.7949199,35.3209752,8.5839,26.7370752
MRM,Waste,7.8,Mar,1.027,0.58868292,633.279797,35.3209752,8.4449,26.8760752
MRM,Waste,7.8,Apr,0.958,0.58868292,590.7322741,35.3209752,7.4474,27.8735752
MRM,Waste,7.8,May,0.958,0.58868292,590.7322741,35.3209752,7.2845,28.0364752
MRM,Waste,7.8,Jun,0.958,0.58868292,590.7322741,35.3209752,6.6787,28.6422752
MRM,Waste,7.8,Jul,0.958,0.58868292,590.7322741,35.3209752,6.4176,28.9033752
MRM,Waste,7.8,Aug,0.958,0.58868292,590.7322741,35.3209752,6.4107,28.9102752
MRM,Waste,7.8,Sep,0.958,0.58868292,590.7322741,35.3209752,5.9258,29.3951752
MRM,Waste,7.8,Oct,0.987,0.58868292,608.6145663,35.3209752,6.876,28.4449752
MRM,Waste,7.8,Nov,1.027,0.58868292,633.279797,35.3209752,6.4353,28.8856752
MRM,Waste,7.8,Dec,1.07,0.58868292,659.7949199,35.3209752,6.6599,28.6610752
MRM,Waste,7.9,Jan,1.07,0.591202042,656.9835223,35.47212253,7.3101,28.16202253
MRM,Waste,7.9,Feb,1.07,0.591202042,656.9835223,35.47212253,8.5839,26.88822253
MRM,Waste,7.9,Mar,1.027,0.591202042,630.5813807,35.47212253,8.4449,27.02722253
MRM,Waste,7.9,Apr,0.958,0.591202042,588.2151536,35.47212253,7.4474,28.02472253
MRM,Waste,7.9,May,0.958,0.591202042,588.2151536,35.47212253,7.2845,28.18762253
MRM,Waste,7.9,Jun,0.958,0.591202042,588.2151536,35.47212253,6.6787,28.79342253
MRM,Waste,7.9,Jul,0.958,0.591202042,588.2151536,35.47212253,6.4176,29.05452253
MRM,Waste,7.9,Aug,0.958,0.591202042,588.2151536,35.47212253,6.4107,29.06142253
MRM,Waste,7.9,Sep,0.958,0.591202042,588.2151536,35.47212253,5.9258,29.54632253
MRM,Waste,7.9,Oct,0.987,0.591202042,606.021249,35.47212253,6.876,28.59612253
MRM,Waste,7.9,Nov,1.027,0.591202042,630.5813807,35.47212253,6.4353,29.03682253
MRM,Waste,7.9,Dec,1.07,0.591202042,656.9835223,35.47212253,6.6599,28.81222253
MRM,Waste,8,Jan,1.07,0.593700054,654.2192436,35.62200322,7.3101,28.31190322
MRM,Waste,8,Feb,1.07,0.593700054,654.2192436,35.62200322,8.5839,27.03810322
MRM,Waste,8,Mar,1.027,0.593700054,627.9281899,35.62200322,8.4449,27.17710322
MRM,Waste,8,Apr,0.958,0.593700054,585.7402199,35.62200322,7.4474,28.17460322
MRM,Waste,8,May,0.958,0.593700054,585.7402199,35.62200322,7.2845,28.33750322
MRM,Waste,8,Jun,0.958,0.593700054,585.7402199,35.62200322,6.6787,28.94330322
MRM,Waste,8,Jul,0.958,0.593700054,585.7402199,35.62200322,6.4176,29.20440322
MRM,Waste,8,Aug,0.958,0.593700054,585.7402199,35.62200322,6.4107,29.21130322
MRM,Waste,8,Sep,0.958,0.593700054,585.7402199,35.62200322,5.9258,29.69620322
MRM,Waste,8,Oct,0.987,0.593700054,603.4713957,35.62200322,6.876,28.74600322
MRM,Waste,8,Nov,1.027,0.593700054,627.9281899,35.62200322,6.4353,29.18670322
MRM,Waste,8,Dec,1.07,0.593700054,654.2192436,35.62200322,6.6599,28.96210322
MRM,Waste,8.1,Jan,1.07,0.596177392,651.5007198,35.77064352,7.3101,28.46054352
MRM,Waste,8.1,Feb,1.07,0.596177392,651.5007198,35.77064352,8.5839,27.18674352
MRM,Waste,8.1,Mar,1.027,0.596177392,625.3189152,35.77064352,8.4449,27.32574352
MRM,Waste,8.1,Apr,0.958,0.596177392,583.3062519,35.77064352,7.4474,28.32324352
MRM,Waste,8.1,May,0.958,0.596177392,583.3062519,35.77064352,7.2845,28.48614352
MRM,Waste,8.1,Jun,0.958,0.596177392,583.3062519,35.77064352,6.6787,29.09194352
MRM,Waste,8.1,Jul,0.958,0.596177392,583.3062519,35.77064352,6.4176,29.35304352
MRM,Waste,8.1,Aug,0.958,0.596177392,583.3062519,35.77064352,6.4107,29.35994352
MRM,Waste,8.1,Sep,0.958,0.596177392,583.3062519,35.77064352,5.9258,29.84484352
MRM,Waste,8.1,Oct,0.987,0.596177392,600.9637481,35.77064352,6.876,28.89464352
MRM,Waste,8.1,Nov,1.027,0.596177392,625.3189152,35.77064352,6.4353,29.33534352
MRM,Waste,8.1,Dec,1.07,0.596177392,651.5007198,35.77064352,6.6599,29.11074352
MRM,Waste,8.2,Jan,1.07,0.59863448,648.8266426,35.91806882,7.3101,28.60796882
MRM,Waste,8.2,Feb,1.07,0.59863448,648.8266426,35.91806882,8.5839,27.33416882
MRM,Waste,8.2,Mar,1.027,0.59863448,622.7523009,35.91806882,8.4449,27.47316882
MRM,Waste,8.2,Apr,0.958,0.59863448,580.9120781,35.91806882,7.4474,28.47066882
MRM,Waste,8.2,May,0.958,0.59863448,580.9120781,35.91806882,7.2845,28.63356882
MRM,Waste,8.2,Jun,0.958,0.59863448,580.9120781,35.91806882,6.6787,29.23936882
MRM,Waste,8.2,Jul,0.958,0.59863448,580.9120781,35.91806882,6.4176,29.50046882
MRM,Waste,8.2,Aug,0.958,0.59863448,580.9120781,35.91806882,6.4107,29.50736882
MRM,Waste,8.2,Sep,0.958,0.59863448,580.9120781,35.91806882,5.9258,29.99226882
MRM,Waste,8.2,Oct,0.987,0.59863448,598.4970993,35.91806882,6.876,29.04206882
MRM,Waste,8.2,Nov,1.027,0.59863448,622.7523009,35.91806882,6.4353,29.48276882
MRM,Waste,8.2,Dec,1.07,0.59863448,648.8266426,35.91806882,6.6599,29.25816882
MRM,Waste,8.3,Jan,1.07,0.601071728,646.1957564,36.06430369,7.3101,28.75420369
MRM,Waste,8.3,Feb,1.07,0.601071728,646.1957564,36.06430369,8.5839,27.48040369
MRM,Waste,8.3,Mar,1.027,0.601071728,620.2271419,36.06430369,8.4449,27.61940369
MRM,Waste,8.3,Apr,0.958,0.601071728,578.5565744,36.06430369,7.4474,28.61690369
MRM,Waste,8.3,May,0.958,0.601071728,578.5565744,36.06430369,7.2845,28.77980369
MRM,Waste,8.3,Jun,0.958,0.601071728,578.5565744,36.06430369,6.6787,29.38560369
MRM,Waste,8.3,Jul,0.958,0.601071728,578.5565744,36.06430369,6.4176,29.64670369
MRM,Waste,8.3,Aug,0.958,0.601071728,578.5565744,36.06430369,6.4107,29.65360369
MRM,Waste,8.3,Sep,0.958,0.601071728,578.5565744,36.06430369,5.9258,30.13850369
MRM,Waste,8.3,Oct,0.987,0.601071728,596.0702911,36.06430369,6.876,29.18830369
MRM,Waste,8.3,Nov,1.027,0.601071728,620.2271419,36.06430369,6.4353,29.62900369
MRM,Waste,8.3,Dec,1.07,0.601071728,646.1957564,36.06430369,6.6599,29.40440369
MRM,Waste,8.4,Jan,1.07,0.603489532,643.6068556,36.20937191,7.3101,28.89927191
MRM,Waste,8.4,Feb,1.07,0.603489532,643.6068556,36.20937191,8.5839,27.62547191
MRM,Waste,8.4,Mar,1.027,0.603489532,617.7422811,36.20937191,8.4449,27.76447191
MRM,Waste,8.4,Apr,0.958,0.603489532,576.2386614,36.20937191,7.4474,28.76197191
MRM,Waste,8.4,May,0.958,0.603489532,576.2386614,36.20937191,7.2845,28.92487191
MRM,Waste,8.4,Jun,0.958,0.603489532,576.2386614,36.20937191,6.6787,29.53067191
MRM,Waste,8.4,Jul,0.958,0.603489532,576.2386614,36.20937191,6.4176,29.79177191
MRM,Waste,8.4,Aug,0.958,0.603489532,576.2386614,36.20937191,6.4107,29.79867191
MRM,Waste,8.4,Sep,0.958,0.603489532,576.2386614,36.20937191,5.9258,30.28357191
MRM,Waste,8.4,Oct,0.987,0.603489532,593.6822117,36.20937191,6.876,29.33337191
MRM,Waste,8.4,Nov,1.027,0.603489532,617.7422811,36.20937191,6.4353,29.77407191
MRM,Waste,8.4,Dec,1.07,0.603489532,643.6068556,36.20937191,6.6599,29.54947191
MRM,Waste,8.5,Jan,1.07,0.605888275,641.0587824,36.35329652,7.3101,29.04319652
MRM,Waste,8.5,Feb,1.07,0.605888275,641.0587824,36.35329652,8.5839,27.76939652
MRM,Waste,8.5,Mar,1.027,0.605888275,615.296607,36.35329652,8.4449,27.90839652
MRM,Waste,8.5,Apr,0.958,0.605888275,573.9573023,36.35329652,7.4474,28.90589652
MRM,Waste,8.5,May,0.958,0.605888275,573.9573023,36.35329652,7.2845,29.06879652
MRM,Waste,8.5,Jun,0.958,0.605888275,573.9573023,36.35329652,6.6787,29.67459652
MRM,Waste,8.5,Jul,0.958,0.605888275,573.9573023,36.35329652,6.4176,29.93569652
MRM,Waste,8.5,Aug,0.958,0.605888275,573.9573023,36.35329652,6.4107,29.94259652
MRM,Waste,8.5,Sep,0.958,0.605888275,573.9573023,36.35329652,5.9258,30.42749652
MRM,Waste,8.5,Oct,0.987,0.605888275,591.3317927,36.35329652,6.876,29.47729652
MRM,Waste,8.5,Nov,1.027,0.605888275,615.296607,36.35329652,6.4353,29.91799652
MRM,Waste,8.5,Dec,1.07,0.605888275,641.0587824,36.35329652,6.6599,29.69339652
MRM,Waste,8.6,Jan,1.07,0.60826833,638.5504236,36.49609982,7.3101,29.18599982
MRM,Waste,8.6,Feb,1.07,0.60826833,638.5504236,36.49609982,8.5839,27.91219982
MRM,Waste,8.6,Mar,1.027,0.60826833,612.8890514,36.49609982,8.4449,28.05119982
MRM,Waste,8.6,Apr,0.958,0.60826833,571.7115008,36.49609982,7.4474,29.04869982
MRM,Waste,8.6,May,0.958,0.60826833,571.7115008,36.49609982,7.2845,29.21159982
MRM,Waste,8.6,Jun,0.958,0.60826833,571.7115008,36.49609982,6.6787,29.81739982
MRM,Waste,8.6,Jul,0.958,0.60826833,571.7115008,36.49609982,6.4176,30.07849982
MRM,Waste,8.6,Aug,0.958,0.60826833,571.7115008,36.49609982,6.4107,30.08539982
MRM,Waste,8.6,Sep,0.958,0.60826833,571.7115008,36.49609982,5.9258,30.57029982
MRM,Waste,8.6,Oct,0.987,0.60826833,589.0180076,36.49609982,6.876,29.62009982
MRM,Waste,8.6,Nov,1.027,0.60826833,612.8890514,36.49609982,6.4353,30.06079982
MRM,Waste,8.6,Dec,1.07,0.60826833,638.5504236,36.49609982,6.6599,29.83619982
MRM,Waste,8.7,Jan,1.07,0.610630057,636.0807093,36.63780344,7.3101,29.32770344
MRM,Waste,8.7,Feb,1.07,0.610630057,636.0807093,36.63780344,8.5839,28.05390344
MRM,Waste,8.7,Mar,1.027,0.610630057,610.5185873,36.63780344,8.4449,28.19290344
MRM,Waste,8.7,Apr,0.958,0.610630057,569.5002986,36.63780344,7.4474,29.19040344
MRM,Waste,8.7,May,0.958,0.610630057,569.5002986,36.63780344,7.2845,29.35330344
MRM,Waste,8.7,Jun,0.958,0.610630057,569.5002986,36.63780344,6.6787,29.95910344
MRM,Waste,8.7,Jul,0.958,0.610630057,569.5002986,36.63780344,6.4176,30.22020344
MRM,Waste,8.7,Aug,0.958,0.610630057,569.5002986,36.63780344,6.4107,30.22710344
MRM,Waste,8.7,Sep,0.958,0.610630057,569.5002986,36.63780344,5.9258,30.71200344
MRM,Waste,8.7,Oct,0.987,0.610630057,586.7398692,36.63780344,6.876,29.76180344
MRM,Waste,8.7,Nov,1.027,0.610630057,610.5185873,36.63780344,6.4353,30.20250344
MRM,Waste,8.7,Dec,1.07,0.610630057,636.0807093,36.63780344,6.6599,29.97790344
MRM,Waste,8.8,Jan,1.07,0.612973806,633.64861,36.77842835,7.3101,29.46832835
MRM,Waste,8.8,Feb,1.07,0.612973806,633.64861,36.77842835,8.5839,28.19452835
MRM,Waste,8.8,Mar,1.027,0.612973806,608.1842266,36.77842835,8.4449,28.33352835
MRM,Waste,8.8,Apr,0.958,0.612973806,567.3227742,36.77842835,7.4474,29.33102835
MRM,Waste,8.8,May,0.958,0.612973806,567.3227742,36.77842835,7.2845,29.49392835
MRM,Waste,8.8,Jun,0.958,0.612973806,567.3227742,36.77842835,6.6787,30.09972835
MRM,Waste,8.8,Jul,0.958,0.612973806,567.3227742,36.77842835,6.4176,30.36082835
MRM,Waste,8.8,Aug,0.958,0.612973806,567.3227742,36.77842835,6.4107,30.36772835
MRM,Waste,8.8,Sep,0.958,0.612973806,567.3227742,36.77842835,5.9258,30.85262835
MRM,Waste,8.8,Oct,0.987,0.612973806,584.4964281,36.77842835,6.876,29.90242835
MRM,Waste,8.8,Nov,1.027,0.612973806,608.1842266,36.77842835,6.4353,30.34312835
MRM,Waste,8.8,Dec,1.07,0.612973806,633.64861,36.77842835,6.6599,30.11852835
MRM,Waste,8.9,Jan,1.07,0.615299915,631.253135,36.91799487,7.3101,29.60789487
MRM,Waste,8.9,Feb,1.07,0.615299915,631.253135,36.91799487,8.5839,28.33409487
MRM,Waste,8.9,Mar,1.027,0.615299915,605.8850184,36.91799487,8.4449,28.47309487
MRM,Waste,8.9,Apr,0.958,0.615299915,565.1780405,36.91799487,7.4474,29.47059487
MRM,Waste,8.9,May,0.958,0.615299915,565.1780405,36.91799487,7.2845,29.63349487
MRM,Waste,8.9,Jun,0.958,0.615299915,565.1780405,36.91799487,6.6787,30.23929487
MRM,Waste,8.9,Jul,0.958,0.615299915,565.1780405,36.91799487,6.4176,30.50039487
MRM,Waste,8.9,Aug,0.958,0.615299915,565.1780405,36.91799487,6.4107,30.50729487
MRM,Waste,8.9,Sep,0.958,0.615299915,565.1780405,36.91799487,5.9258,30.99219487
MRM,Waste,8.9,Oct,0.987,0.615299915,582.2867703,36.91799487,6.876,30.04199487
MRM,Waste,8.9,Nov,1.027,0.615299915,605.8850184,36.91799487,6.4353,30.48269487
MRM,Waste,8.9,Dec,1.07,0.615299915,631.253135,36.91799487,6.6599,30.25809487
MRM,Waste,9,Jan,1.07,0.617608712,628.8933305,37.05652273,7.3101,29.74642273
MRM,Waste,9,Feb,1.07,0.617608712,628.8933305,37.05652273,8.5839,28.47262273
MRM,Waste,9,Mar,1.027,0.617608712,603.6200472,37.05652273,8.4449,28.61162273
MRM,Waste,9,Apr,0.958,0.617608712,563.0652436,37.05652273,7.4474,29.60912273
MRM,Waste,9,May,0.958,0.617608712,563.0652436,37.05652273,7.2845,29.77202273
MRM,Waste,9,Jun,0.958,0.617608712,563.0652436,37.05652273,6.6787,30.37782273
MRM,Waste,9,Jul,0.958,0.617608712,563.0652436,37.05652273,6.4176,30.63892273
MRM,Waste,9,Aug,0.958,0.617608712,563.0652436,37.05652273,6.4107,30.64582273
MRM,Waste,9,Sep,0.958,0.617608712,563.0652436,37.05652273,5.9258,31.13072273
MRM,Waste,9,Oct,0.987,0.617608712,580.1100161,37.05652273,6.876,30.18052273
MRM,Waste,9,Nov,1.027,0.617608712,603.6200472,37.05652273,6.4353,30.62122273
MRM,Waste,9,Dec,1.07,0.617608712,628.8933305,37.05652273,6.6599,30.39662273
MRM,Waste,9.1,Jan,1.07,0.619900518,626.5682779,37.19403108,7.3101,29.88393108
MRM,Waste,9.1,Feb,1.07,0.619900518,626.5682779,37.19403108,8.5839,28.61013108
MRM,Waste,9.1,Mar,1.027,0.619900518,601.3884312,37.19403108,8.4449,28.74913108
MRM,Waste,9.1,Apr,0.958,0.619900518,560.9835609,37.19403108,7.4474,29.74663108
MRM,Waste,9.1,May,0.958,0.619900518,560.9835609,37.19403108,7.2845,29.90953108
MRM,Waste,9.1,Jun,0.958,0.619900518,560.9835609,37.19403108,6.6787,30.51533108
MRM,Waste,9.1,Jul,0.958,0.619900518,560.9835609,37.19403108,6.4176,30.77643108
MRM,Waste,9.1,Aug,0.958,0.619900518,560.9835609,37.19403108,6.4107,30.78333108
MRM,Waste,9.1,Sep,0.958,0.619900518,560.9835609,37.19403108,5.9258,31.26823108
MRM,Waste,9.1,Oct,0.987,0.619900518,577.965318,37.19403108,6.876,30.31803108
MRM,Waste,9.1,Nov,1.027,0.619900518,601.3884312,37.19403108,6.4353,30.75873108
MRM,Waste,9.1,Dec,1.07,0.619900518,626.5682779,37.19403108,6.6599,30.53413108
MRM,Waste,9.2,Jan,1.07,0.622175642,624.2770917,37.33053849,7.3101,30.02043849
MRM,Waste,9.2,Feb,1.07,0.622175642,624.2770917,37.33053849,8.5839,28.74663849
MRM,Waste,9.2,Mar,1.027,0.622175642,599.1893207,37.33053849,8.4449,28.88563849
MRM,Waste,9.2,Apr,0.958,0.622175642,558.9321999,37.33053849,7.4474,29.88313849
MRM,Waste,9.2,May,0.958,0.622175642,558.9321999,37.33053849,7.2845,30.04603849
MRM,Waste,9.2,Jun,0.958,0.622175642,558.9321999,37.33053849,6.6787,30.65183849
MRM,Waste,9.2,Jul,0.958,0.622175642,558.9321999,37.33053849,6.4176,30.91293849
MRM,Waste,9.2,Aug,0.958,0.622175642,558.9321999,37.33053849,6.4107,30.91983849
MRM,Waste,9.2,Sep,0.958,0.622175642,558.9321999,37.33053849,5.9258,31.40473849
MRM,Waste,9.2,Oct,0.987,0.622175642,575.8518593,37.33053849,6.876,30.45453849
MRM,Waste,9.2,Nov,1.027,0.622175642,599.1893207,37.33053849,6.4353,30.89523849
MRM,Waste,9.2,Dec,1.07,0.622175642,624.2770917,37.33053849,6.6599,30.67063849
MRM,Waste,9.3,Jan,1.07,0.624434384,622.0189185,37.46606302,7.3101,30.15596302
MRM,Waste,9.3,Feb,1.07,0.624434384,622.0189185,37.46606302,8.5839,28.88216302
MRM,Waste,9.3,Mar,1.027,0.624434384,597.0218966,37.46606302,8.4449,29.02116302
MRM,Waste,9.3,Apr,0.958,0.624434384,556.9103962,37.46606302,7.4474,30.01866302
MRM,Waste,9.3,May,0.958,0.624434384,556.9103962,37.46606302,7.2845,30.18156302
MRM,Waste,9.3,Jun,0.958,0.624434384,556.9103962,37.46606302,6.6787,30.78736302
MRM,Waste,9.3,Jul,0.958,0.624434384,556.9103962,37.46606302,6.4176,31.04846302
MRM,Waste,9.3,Aug,0.958,0.624434384,556.9103962,37.46606302,6.4107,31.05536302
MRM,Waste,9.3,Sep,0.958,0.624434384,556.9103962,37.46606302,5.9258,31.54026302
MRM,Waste,9.3,Oct,0.987,0.624434384,573.7688529,37.46606302,6.876,30.59006302
MRM,Waste,9.3,Nov,1.027,0.624434384,597.0218966,37.46606302,6.4353,31.03076302
MRM,Waste,9.3,Dec,1.07,0.624434384,622.0189185,37.46606302,6.6599,30.80616302
MRM,Waste,9.4,Jan,1.07,0.626677037,619.7929354,37.60062219,7.3101,30.29052219
MRM,Waste,9.4,Feb,1.07,0.626677037,619.7929354,37.60062219,8.5839,29.01672219
MRM,Waste,9.4,Mar,1.027,0.626677037,594.8853688,37.60062219,8.4449,29.15572219
MRM,Waste,9.4,Apr,0.958,0.626677037,554.9174131,37.60062219,7.4474,30.15322219
MRM,Waste,9.4,May,0.958,0.626677037,554.9174131,37.60062219,7.2845,30.31612219
MRM,Waste,9.4,Jun,0.958,0.626677037,554.9174131,37.60062219,6.6787,30.92192219
MRM,Waste,9.4,Jul,0.958,0.626677037,554.9174131,37.60062219,6.4176,31.18302219
MRM,Waste,9.4,Aug,0.958,0.626677037,554.9174131,37.60062219,6.4107,31.18992219
MRM,Waste,9.4,Sep,0.958,0.626677037,554.9174131,37.60062219,5.9258,31.67482219
MRM,Waste,9.4,Oct,0.987,0.626677037,571.7155394,37.60062219,6.876,30.72462219
MRM,Waste,9.4,Nov,1.027,0.626677037,594.8853688,37.60062219,6.4353,31.16532219
MRM,Waste,9.4,Dec,1.07,0.626677037,619.7929354,37.60062219,6.6599,30.94072219
MRM,Waste,9.5,Jan,1.07,0.628903884,617.5983481,37.73423305,7.3101,30.42413305
MRM,Waste,9.5,Feb,1.07,0.628903884,617.5983481,37.73423305,8.5839,29.15033305
MRM,Waste,9.5,Mar,1.027,0.628903884,592.7789752,37.73423305,8.4449,29.28933305
MRM,Waste,9.5,Apr,0.958,0.628903884,552.9525397,37.73423305,7.4474,30.28683305
MRM,Waste,9.5,May,0.958,0.628903884,552.9525397,37.73423305,7.2845,30.44973305
MRM,Waste,9.5,Jun,0.958,0.628903884,552.9525397,37.73423305,6.6787,31.05553305
MRM,Waste,9.5,Jul,0.958,0.628903884,552.9525397,37.73423305,6.4176,31.31663305
MRM,Waste,9.5,Aug,0.958,0.628903884,552.9525397,37.73423305,6.4107,31.32353305
MRM,Waste,9.5,Sep,0.958,0.628903884,552.9525397,37.73423305,5.9258,31.80843305
MRM,Waste,9.5,Oct,0.987,0.628903884,569.6911865,37.73423305,6.876,30.85823305
MRM,Waste,9.5,Nov,1.027,0.628903884,592.7789752,37.73423305,6.4353,31.29893305
MRM,Waste,9.5,Dec,1.07,0.628903884,617.5983481,37.73423305,6.6599,31.07433305
MRM,Waste,9.6,Jan,1.07,0.631115203,615.4343904,37.86691216,7.3101,30.55681216
MRM,Waste,9.6,Feb,1.07,0.631115203,615.4343904,37.86691216,8.5839,29.28301216
MRM,Waste,9.6,Mar,1.027,0.631115203,590.7019803,37.86691216,8.4449,29.42201216
MRM,Waste,9.6,Apr,0.958,0.631115203,551.0150897,37.86691216,7.4474,30.41951216
MRM,Waste,9.6,May,0.958,0.631115203,551.0150897,37.86691216,7.2845,30.58241216
MRM,Waste,9.6,Jun,0.958,0.631115203,551.0150897,37.86691216,6.6787,31.18821216
MRM,Waste,9.6,Jul,0.958,0.631115203,551.0150897,37.86691216,6.4176,31.44931216
MRM,Waste,9.6,Aug,0.958,0.631115203,551.0150897,37.86691216,6.4107,31.45621216
MRM,Waste,9.6,Sep,0.958,0.631115203,551.0150897,37.86691216,5.9258,31.94111216
MRM,Waste,9.6,Oct,0.987,0.631115203,567.6950872,37.86691216,6.876,30.99091216
MRM,Waste,9.6,Nov,1.027,0.631115203,590.7019803,37.86691216,6.4353,31.43161216
MRM,Waste,9.6,Dec,1.07,0.631115203,615.4343904,37.86691216,6.6599,31.20701216
MRM,Waste,9.7,Jan,1.07,0.63331126,613.3003222,37.99867562,7.3101,30.68857562
MRM,Waste,9.7,Feb,1.07,0.63331126,613.3003222,37.99867562,8.5839,29.41477562
MRM,Waste,9.7,Mar,1.027,0.63331126,588.6536738,37.99867562,8.4449,29.55377562
MRM,Waste,9.7,Apr,0.958,0.63331126,549.1044007,37.99867562,7.4474,30.55127562
MRM,Waste,9.7,May,0.958,0.63331126,549.1044007,37.99867562,7.2845,30.71417562
MRM,Waste,9.7,Jun,0.958,0.63331126,549.1044007,37.99867562,6.6787,31.31997562
MRM,Waste,9.7,Jul,0.958,0.63331126,549.1044007,37.99867562,6.4176,31.58107562
MRM,Waste,9.7,Aug,0.958,0.63331126,549.1044007,37.99867562,6.4107,31.58797562
MRM,Waste,9.7,Sep,0.958,0.63331126,549.1044007,37.99867562,5.9258,32.07287562
MRM,Waste,9.7,Oct,0.987,0.63331126,565.7265589,37.99867562,6.876,31.12267562
MRM,Waste,9.7,Nov,1.027,0.63331126,588.6536738,37.99867562,6.4353,31.56337562
MRM,Waste,9.7,Dec,1.07,0.63331126,613.3003222,37.99867562,6.6599,31.33877562
MRM,Waste,9.8,Jan,1.07,0.635492318,611.1954291,38.12953908,7.3101,30.81943908
MRM,Waste,9.8,Feb,1.07,0.635492318,611.1954291,38.12953908,8.5839,29.54563908
MRM,Waste,9.8,Mar,1.027,0.635492318,586.6333698,38.12953908,8.4449,29.68463908
MRM,Waste,9.8,Apr,0.958,0.635492318,547.2198327,38.12953908,7.4474,30.68213908
MRM,Waste,9.8,May,0.958,0.635492318,547.2198327,38.12953908,7.2845,30.84503908
MRM,Waste,9.8,Jun,0.958,0.635492318,547.2198327,38.12953908,6.6787,31.45083908
MRM,Waste,9.8,Jul,0.958,0.635492318,547.2198327,38.12953908,6.4176,31.71193908
MRM,Waste,9.8,Aug,0.958,0.635492318,547.2198327,38.12953908,6.4107,31.71883908
MRM,Waste,9.8,Sep,0.958,0.635492318,547.2198327,38.12953908,5.9258,32.20373908
MRM,Waste,9.8,Oct,0.987,0.635492318,563.7849425,38.12953908,6.876,31.25353908
MRM,Waste,9.8,Nov,1.027,0.635492318,586.6333698,38.12953908,6.4353,31.69423908
MRM,Waste,9.8,Dec,1.07,0.635492318,611.1954291,38.12953908,6.6599,31.46963908
MRM,Waste,9.9,Jan,1.07,0.63765863,609.1190203,38.2595178,7.3101,30.9494178
MRM,Waste,9.9,Feb,1.07,0.63765863,609.1190203,38.2595178,8.5839,29.6756178
MRM,Waste,9.9,Mar,1.027,0.63765863,584.6404055,38.2595178,8.4449,29.8146178
MRM,Waste,9.9,Apr,0.958,0.63765863,545.3607677,38.2595178,7.4474,30.8121178
MRM,Waste,9.9,May,0.958,0.63765863,545.3607677,38.2595178,7.2845,30.9750178
MRM,Waste,9.9,Jun,0.958,0.63765863,545.3607677,38.2595178,6.6787,31.5808178
MRM,Waste,9.9,Jul,0.958,0.63765863,545.3607677,38.2595178,6.4176,31.8419178
MRM,Waste,9.9,Aug,0.958,0.63765863,545.3607677,38.2595178,6.4107,31.8488178
MRM,Waste,9.9,Sep,0.958,0.63765863,545.3607677,38.2595178,5.9258,32.3337178
MRM,Waste,9.9,Oct,0.987,0.63765863,561.869601,38.2595178,6.876,31.3835178
MRM,Waste,9.9,Nov,1.027,0.63765863,584.6404055,38.2595178,6.4353,31.8242178
MRM,Waste,9.9,Dec,1.07,0.63765863,609.1190203,38.2595178,6.6599,31.5996178
MRM,Waste,10,Jan,1.07,0.639810443,607.0704286,38.38862659,7.3101,31.07852659
MRM,Waste,10,Feb,1.07,0.639810443,607.0704286,38.38862659,8.5839,29.80472659
MRM,Waste,10,Mar,1.027,0.639810443,582.6741404,38.38862659,8.4449,29.94372659
MRM,Waste,10,Apr,0.958,0.639810443,543.526608,38.38862659,7.4474,30.94122659
MRM,Waste,10,May,0.958,0.639810443,543.526608,38.38862659,7.2845,31.10412659
MRM,Waste,10,Jun,0.958,0.639810443,543.526608,38.38862659,6.6787,31.70992659
MRM,Waste,10,Jul,0.958,0.639810443,543.526608,38.38862659,6.4176,31.97102659
MRM,Waste,10,Aug,0.958,0.639810443,543.526608,38.38862659,6.4107,31.97792659
MRM,Waste,10,Sep,0.958,0.639810443,543.526608,38.38862659,5.9258,32.46282659
MRM,Waste,10,Oct,0.987,0.639810443,559.9799187,38.38862659,6.876,31.51262659
MRM,Waste,10,Nov,1.027,0.639810443,582.6741404,38.38862659,6.4353,31.95332659
MRM,Waste,10,Dec,1.07,0.639810443,607.0704286,38.38862659,6.6599,31.72872659
MRM,Waste,10.1,Jan,1.07,0.674,576.2759644,40.44,7.3101,33.1299
MRM,Waste,10.1,Feb,1.07,0.674,576.2759644,40.44,8.5839,31.8561
MRM,Waste,10.1,Mar,1.027,0.674,553.1172107,40.44,8.4449,31.9951
MRM,Waste,10.1,Apr,0.958,0.674,515.9554896,40.44,7.4474,32.9926
MRM,Waste,10.1,May,0.958,0.674,515.9554896,40.44,7.2845,33.1555
MRM,Waste,10.1,Jun,0.958,0.674,515.9554896,40.44,6.6787,33.7613
MRM,Waste,10.1,Jul,0.958,0.674,515.9554896,40.44,6.4176,34.0224
MRM,Waste,10.1,Aug,0.958,0.674,515.9554896,40.44,6.4107,34.0293
MRM,Waste,10.1,Sep,0.958,0.674,515.9554896,40.44,5.9258,34.5142
MRM,Waste,10.1,Oct,0.987,0.674,531.574184,40.44,6.876,33.564
MRM,Waste,10.1,Nov,1.027,0.674,553.1172107,40.44,6.4353,34.0047
MRM,Waste,10.1,Dec,1.07,0.674,576.2759644,40.44,6.6599,33.7801
MRM,Waste,10.2,Jan,1.07,0.678,572.8761062,40.68,7.3101,33.3699
MRM,Waste,10.2,Feb,1.07,0.678,572.8761062,40.68,8.5839,32.0961
MRM,Waste,10.2,Mar,1.027,0.678,549.8539823,40.68,8.4449,32.2351
MRM,Waste,10.2,Apr,0.958,0.678,512.9115044,40.68,7.4474,33.2326
MRM,Waste,10.2,May,0.958,0.678,512.9115044,40.68,7.2845,33.3955
MRM,Waste,10.2,Jun,0.958,0.678,512.9115044,40.68,6.6787,34.0013
MRM,Waste,10.2,Jul,0.958,0.678,512.9115044,40.68,6.4176,34.2624
MRM,Waste,10.2,Aug,0.958,0.678,512.9115044,40.68,6.4107,34.2693
MRM,Waste,10.2,Sep,0.958,0.678,512.9115044,40.68,5.9258,34.7542
MRM,Waste,10.2,Oct,0.987,0.678,528.4380531,40.68,6.876,33.804
MRM,Waste,10.2,Nov,1.027,0.678,549.8539823,40.68,6.4353,34.2447
MRM,Waste,10.2,Dec,1.07,0.678,572.8761062,40.68,6.6599,34.0201
MRM,Waste,10.3,Jan,1.07,0.682,569.516129,40.92,7.3101,33.6099
MRM,Waste,10.3,Feb,1.07,0.682,569.516129,40.92,8.5839,32.3361
MRM,Waste,10.3,Mar,1.027,0.682,546.6290323,40.92,8.4449,32.4751
MRM,Waste,10.3,Apr,0.958,0.682,509.9032258,40.92,7.4474,33.4726
MRM,Waste,10.3,May,0.958,0.682,509.9032258,40.92,7.2845,33.6355
MRM,Waste,10.3,Jun,0.958,0.682,509.9032258,40.92,6.6787,34.2413
MRM,Waste,10.3,Jul,0.958,0.682,509.9032258,40.92,6.4176,34.5024
MRM,Waste,10.3,Aug,0.958,0.682,509.9032258,40.92,6.4107,34.5093
MRM,Waste,10.3,Sep,0.958,0.682,509.9032258,40.92,5.9258,34.9942
MRM,Waste,10.3,Oct,0.987,0.682,525.3387097,40.92,6.876,34.044
MRM,Waste,10.3,Nov,1.027,0.682,546.6290323,40.92,6.4353,34.4847
MRM,Waste,10.3,Dec,1.07,0.682,569.516129,40.92,6.6599,34.2601
MRM,Waste,10.4,Jan,1.07,0.686,566.1953353,41.16,7.3101,33.8499
MRM,Waste,10.4,Feb,1.07,0.686,566.1953353,41.16,8.5839,32.5761
MRM,Waste,10.4,Mar,1.027,0.686,543.441691,41.16,8.4449,32.7151
MRM,Waste,10.4,Apr,0.958,0.686,506.9300292,41.16,7.4474,33.7126
MRM,Waste,10.4,May,0.958,0.686,506.9300292,41.16,7.2845,33.8755
MRM,Waste,10.4,Jun,0.958,0.686,506.9300292,41.16,6.6787,34.4813
MRM,Waste,10.4,Jul,0.958,0.686,506.9300292,41.16,6.4176,34.7424
MRM,Waste,10.4,Aug,0.958,0.686,506.9300292,41.16,6.4107,34.7493
MRM,Waste,10.4,Sep,0.958,0.686,506.9300292,41.16,5.9258,35.2342
MRM,Waste,10.4,Oct,0.987,0.686,522.2755102,41.16,6.876,34.284
MRM,Waste,10.4,Nov,1.027,0.686,543.441691,41.16,6.4353,34.7247
MRM,Waste,10.4,Dec,1.07,0.686,566.1953353,41.16,6.6599,34.5001
MRM,Waste,10.5,Jan,1.07,0.69,562.9130435,41.4,7.3101,34.0899
MRM,Waste,10.5,Feb,1.07,0.69,562.9130435,41.4,8.5839,32.8161
MRM,Waste,10.5,Mar,1.027,0.69,540.2913043,41.4,8.4449,32.9551
MRM,Waste,10.5,Apr,0.958,0.69,503.9913043,41.4,7.4474,33.9526
MRM,Waste,10.5,May,0.958,0.69,503.9913043,41.4,7.2845,34.1155
MRM,Waste,10.5,Jun,0.958,0.69,503.9913043,41.4,6.6787,34.7213
MRM,Waste,10.5,Jul,0.958,0.69,503.9913043,41.4,6.4176,34.9824
MRM,Waste,10.5,Aug,0.958,0.69,503.9913043,41.4,6.4107,34.9893
MRM,Waste,10.5,Sep,0.958,0.69,503.9913043,41.4,5.9258,35.4742
MRM,Waste,10.5,Oct,0.987,0.69,519.2478261,41.4,6.876,34.524
MRM,Waste,10.5,Nov,1.027,0.69,540.2913043,41.4,6.4353,34.9647
MRM,Waste,10.5,Dec,1.07,0.69,562.9130435,41.4,6.6599,34.7401
MRM,Waste,10.6,Jan,1.07,0.694,559.6685879,41.64,7.3101,34.3299
MRM,Waste,10.6,Feb,1.07,0.694,559.6685879,41.64,8.5839,33.0561
MRM,Waste,10.6,Mar,1.027,0.694,537.1772334,41.64,8.4449,33.1951
MRM,Waste,10.6,Apr,0.958,0.694,501.0864553,41.64,7.4474,34.1926
MRM,Waste,10.6,May,0.958,0.694,501.0864553,41.64,7.2845,34.3555
MRM,Waste,10.6,Jun,0.958,0.694,501.0864553,41.64,6.6787,34.9613
MRM,Waste,10.6,Jul,0.958,0.694,501.0864553,41.64,6.4176,35.2224
MRM,Waste,10.6,Aug,0.958,0.694,501.0864553,41.64,6.4107,35.2293
MRM,Waste,10.6,Sep,0.958,0.694,501.0864553,41.64,5.9258,35.7142
MRM,Waste,10.6,Oct,0.987,0.694,516.2550432,41.64,6.876,34.764
MRM,Waste,10.6,Nov,1.027,0.694,537.1772334,41.64,6.4353,35.2047
MRM,Waste,10.6,Dec,1.07,0.694,559.6685879,41.64,6.6599,34.9801
MRM,Waste,10.7,Jan,1.07,0.698,556.4613181,41.88,7.3101,34.5699
MRM,Waste,10.7,Feb,1.07,0.698,556.4613181,41.88,8.5839,33.2961
MRM,Waste,10.7,Mar,1.027,0.698,534.0988539,41.88,8.4449,33.4351
MRM,Waste,10.7,Apr,0.958,0.698,498.2148997,41.88,7.4474,34.4326
MRM,Waste,10.7,May,0.958,0.698,498.2148997,41.88,7.2845,34.5955
MRM,Waste,10.7,Jun,0.958,0.698,498.2148997,41.88,6.6787,35.2013
MRM,Waste,10.7,Jul,0.958,0.698,498.2148997,41.88,6.4176,35.4624
MRM,Waste,10.7,Aug,0.958,0.698,498.2148997,41.88,6.4107,35.4693
MRM,Waste,10.7,Sep,0.958,0.698,498.2148997,41.88,5.9258,35.9542
MRM,Waste,10.7,Oct,0.987,0.698,513.2965616,41.88,6.876,35.004
MRM,Waste,10.7,Nov,1.027,0.698,534.0988539,41.88,6.4353,35.4447
MRM,Waste,10.7,Dec,1.07,0.698,556.4613181,41.88,6.6599,35.2201
MRM,Waste,10.8,Jan,1.07,0.702,553.2905983,42.12,7.3101,34.8099
MRM,Waste,10.8,Feb,1.07,0.702,553.2905983,42.12,8.5839,33.5361
MRM,Waste,10.8,Mar,1.027,0.702,531.0555556,42.12,8.4449,33.6751
MRM,Waste,10.8,Apr,0.958,0.702,495.3760684,42.12,7.4474,34.6726
MRM,Waste,10.8,May,0.958,0.702,495.3760684,42.12,7.2845,34.8355
MRM,Waste,10.8,Jun,0.958,0.702,495.3760684,42.12,6.6787,35.4413
MRM,Waste,10.8,Jul,0.958,0.702,495.3760684,42.12,6.4176,35.7024
MRM,Waste,10.8,Aug,0.958,0.702,495.3760684,42.12,6.4107,35.7093
MRM,Waste,10.8,Sep,0.958,0.702,495.3760684,42.12,5.9258,36.1942
MRM,Waste,10.8,Oct,0.987,0.702,510.3717949,42.12,6.876,35.244
MRM,Waste,10.8,Nov,1.027,0.702,531.0555556,42.12,6.4353,35.6847
MRM,Waste,10.8,Dec,1.07,0.702,553.2905983,42.12,6.6599,35.4601
MRM,Waste,10.9,Jan,1.07,0.706,550.1558074,42.36,7.3101,35.0499
MRM,Waste,10.9,Feb,1.07,0.706,550.1558074,42.36,8.5839,33.7761
MRM,Waste,10.9,Mar,1.027,0.706,528.0467422,42.36,8.4449,33.9151
MRM,Waste,10.9,Apr,0.958,0.706,492.5694051,42.36,7.4474,34.9126
MRM,Waste,10.9,May,0.958,0.706,492.5694051,42.36,7.2845,35.0755
MRM,Waste,10.9,Jun,0.958,0.706,492.5694051,42.36,6.6787,35.6813
MRM,Waste,10.9,Jul,0.958,0.706,492.5694051,42.36,6.4176,35.9424
MRM,Waste,10.9,Aug,0.958,0.706,492.5694051,42.36,6.4107,35.9493
MRM,Waste,10.9,Sep,0.958,0.706,492.5694051,42.36,5.9258,36.4342
MRM,Waste,10.9,Oct,0.987,0.706,507.48017,42.36,6.876,35.484
MRM,Waste,10.9,Nov,1.027,0.706,528.0467422,42.36,6.4353,35.9247
MRM,Waste,10.9,Dec,1.07,0.706,550.1558074,42.36,6.6599,35.7001
MRM,Waste,11,Jan,1.07,0.71,547.056338,42.6,7.3101,35.2899
MRM,Waste,11,Feb,1.07,0.71,547.056338,42.6,8.5839,34.0161
MRM,Waste,11,Mar,1.027,0.71,525.071831,42.6,8.4449,34.1551
MRM,Waste,11,Apr,0.958,0.71,489.7943662,42.6,7.4474,35.1526
MRM,Waste,11,May,0.958,0.71,489.7943662,42.6,7.2845,35.3155
MRM,Waste,11,Jun,0.958,0.71,489.7943662,42.6,6.6787,35.9213
MRM,Waste,11,Jul,0.958,0.71,489.7943662,42.6,6.4176,36.1824
MRM,Waste,11,Aug,0.958,0.71,489.7943662,42.6,6.4107,36.1893
MRM,Waste,11,Sep,0.958,0.71,489.7943662,42.6,5.9258,36.6742
MRM,Waste,11,Oct,0.987,0.71,504.6211268,42.6,6.876,35.724
MRM,Waste,11,Nov,1.027,0.71,525.071831,42.6,6.4353,36.1647
MRM,Waste,11,Dec,1.07,0.71,547.056338,42.6,6.6599,35.9401
MRM,Waste,11.1,Jan,1.07,0.714,543.9915966,42.84,7.3101,35.5299
MRM,Waste,11.1,Feb,1.07,0.714,543.9915966,42.84,8.5839,34.2561
MRM,Waste,11.1,Mar,1.027,0.714,522.1302521,42.84,8.4449,34.3951
MRM,Waste,11.1,Apr,0.958,0.714,487.0504202,42.84,7.4474,35.3926
MRM,Waste,11.1,May,0.958,0.714,487.0504202,42.84,7.2845,35.5555
MRM,Waste,11.1,Jun,0.958,0.714,487.0504202,42.84,6.6787,36.1613
MRM,Waste,11.1,Jul,0.958,0.714,487.0504202,42.84,6.4176,36.4224
MRM,Waste,11.1,Aug,0.958,0.714,487.0504202,42.84,6.4107,36.4293
MRM,Waste,11.1,Sep,0.958,0.714,487.0504202,42.84,5.9258,36.9142
MRM,Waste,11.1,Oct,0.987,0.714,501.7941176,42.84,6.876,35.964
MRM,Waste,11.1,Nov,1.027,0.714,522.1302521,42.84,6.4353,36.4047
MRM,Waste,11.1,Dec,1.07,0.714,543.9915966,42.84,6.6599,36.1801
MRM,Waste,11.2,Jan,1.07,0.718,540.9610028,43.08,7.3101,35.7699
MRM,Waste,11.2,Feb,1.07,0.718,540.9610028,43.08,8.5839,34.4961
MRM,Waste,11.2,Mar,1.027,0.718,519.2214485,43.08,8.4449,34.6351
MRM,Waste,11.2,Apr,0.958,0.718,484.3370474,43.08,7.4474,35.6326
MRM,Waste,11.2,May,0.958,0.718,484.3370474,43.08,7.2845,35.7955
MRM,Waste,11.2,Jun,0.958,0.718,484.3370474,43.08,6.6787,36.4013
MRM,Waste,11.2,Jul,0.958,0.718,484.3370474,43.08,6.4176,36.6624
MRM,Waste,11.2,Aug,0.958,0.718,484.3370474,43.08,6.4107,36.6693
MRM,Waste,11.2,Sep,0.958,0.718,484.3370474,43.08,5.9258,37.1542
MRM,Waste,11.2,Oct,0.987,0.718,498.9986072,43.08,6.876,36.204
MRM,Waste,11.2,Nov,1.027,0.718,519.2214485,43.08,6.4353,36.6447
MRM,Waste,11.2,Dec,1.07,0.718,540.9610028,43.08,6.6599,36.4201
MRM,Waste,11.3,Jan,1.07,0.722,537.9639889,43.32,7.3101,36.0099
MRM,Waste,11.3,Feb,1.07,0.722,537.9639889,43.32,8.5839,34.7361
MRM,Waste,11.3,Mar,1.027,0.722,516.3448753,43.32,8.4449,34.8751
MRM,Waste,11.3,Apr,0.958,0.722,481.6537396,43.32,7.4474,35.8726
MRM,Waste,11.3,May,0.958,0.722,481.6537396,43.32,7.2845,36.0355
MRM,Waste,11.3,Jun,0.958,0.722,481.6537396,43.32,6.6787,36.6413
MRM,Waste,11.3,Jul,0.958,0.722,481.6537396,43.32,6.4176,36.9024
MRM,Waste,11.3,Aug,0.958,0.722,481.6537396,43.32,6.4107,36.9093
MRM,Waste,11.3,Sep,0.958,0.722,481.6537396,43.32,5.9258,37.3942
MRM,Waste,11.3,Oct,0.987,0.722,496.234072,43.32,6.876,36.444
MRM,Waste,11.3,Nov,1.027,0.722,516.3448753,43.32,6.4353,36.8847
MRM,Waste,11.3,Dec,1.07,0.722,537.9639889,43.32,6.6599,36.6601
MRM,Waste,11.4,Jan,1.07,0.726,535,43.56,7.3101,36.2499
MRM,Waste,11.4,Feb,1.07,0.726,535,43.56,8.5839,34.9761
MRM,Waste,11.4,Mar,1.027,0.726,513.5,43.56,8.4449,35.1151
MRM,Waste,11.4,Apr,0.958,0.726,479,43.56,7.4474,36.1126
MRM,Waste,11.4,May,0.958,0.726,479,43.56,7.2845,36.2755
MRM,Waste,11.4,Jun,0.958,0.726,479,43.56,6.6787,36.8813
MRM,Waste,11.4,Jul,0.958,0.726,479,43.56,6.4176,37.1424
MRM,Waste,11.4,Aug,0.958,0.726,479,43.56,6.4107,37.1493
MRM,Waste,11.4,Sep,0.958,0.726,479,43.56,5.9258,37.6342
MRM,Waste,11.4,Oct,0.987,0.726,493.5,43.56,6.876,36.684
MRM,Waste,11.4,Nov,1.027,0.726,513.5,43.56,6.4353,37.1247
MRM,Waste,11.4,Dec,1.07,0.726,535,43.56,6.6599,36.9001
MRM,Waste,11.5,Jan,1.07,0.73,532.0684932,43.8,7.3101,36.4899
MRM,Waste,11.5,Feb,1.07,0.73,532.0684932,43.8,8.5839,35.2161
MRM,Waste,11.5,Mar,1.027,0.73,510.6863014,43.8,8.4449,35.3551
MRM,Waste,11.5,Apr,0.958,0.73,476.3753425,43.8,7.4474,36.3526
MRM,Waste,11.5,May,0.958,0.73,476.3753425,43.8,7.2845,36.5155
MRM,Waste,11.5,Jun,0.958,0.73,476.3753425,43.8,6.6787,37.1213
MRM,Waste,11.5,Jul,0.958,0.73,476.3753425,43.8,6.4176,37.3824
MRM,Waste,11.5,Aug,0.958,0.73,476.3753425,43.8,6.4107,37.3893
MRM,Waste,11.5,Sep,0.958,0.73,476.3753425,43.8,5.9258,37.8742
MRM,Waste,11.5,Oct,0.987,0.73,490.7958904,43.8,6.876,36.924
MRM,Waste,11.5,Nov,1.027,0.73,510.6863014,43.8,6.4353,37.3647
MRM,Waste,11.5,Dec,1.07,0.73,532.0684932,43.8,6.6599,37.1401
MRM,Waste,11.6,Jan,1.07,0.734,529.1689373,44.04,7.3101,36.7299
MRM,Waste,11.6,Feb,1.07,0.734,529.1689373,44.04,8.5839,35.4561
MRM,Waste,11.6,Mar,1.027,0.734,507.9032698,44.04,8.4449,35.5951
MRM,Waste,11.6,Apr,0.958,0.734,473.7792916,44.04,7.4474,36.5926
MRM,Waste,11.6,May,0.958,0.734,473.7792916,44.04,7.2845,36.7555
MRM,Waste,11.6,Jun,0.958,0.734,473.7792916,44.04,6.6787,37.3613
MRM,Waste,11.6,Jul,0.958,0.734,473.7792916,44.04,6.4176,37.6224
MRM,Waste,11.6,Aug,0.958,0.734,473.7792916,44.04,6.4107,37.6293
MRM,Waste,11.6,Sep,0.958,0.734,473.7792916,44.04,5.9258,38.1142
MRM,Waste,11.6,Oct,0.987,0.734,488.1212534,44.04,6.876,37.164
MRM,Waste,11.6,Nov,1.027,0.734,507.9032698,44.04,6.4353,37.6047
MRM,Waste,11.6,Dec,1.07,0.734,529.1689373,44.04,6.6599,37.3801
MRM,Waste,11.7,Jan,1.07,0.738,526.300813,44.28,7.3101,36.9699
MRM,Waste,11.7,Feb,1.07,0.738,526.300813,44.28,8.5839,35.6961
MRM,Waste,11.7,Mar,1.027,0.738,505.1504065,44.28,8.4449,35.8351
MRM,Waste,11.7,Apr,0.958,0.738,471.2113821,44.28,7.4474,36.8326
MRM,Waste,11.7,May,0.958,0.738,471.2113821,44.28,7.2845,36.9955
MRM,Waste,11.7,Jun,0.958,0.738,471.2113821,44.28,6.6787,37.6013
MRM,Waste,11.7,Jul,0.958,0.738,471.2113821,44.28,6.4176,37.8624
MRM,Waste,11.7,Aug,0.958,0.738,471.2113821,44.28,6.4107,37.8693
MRM,Waste,11.7,Sep,0.958,0.738,471.2113821,44.28,5.9258,38.3542
MRM,Waste,11.7,Oct,0.987,0.738,485.4756098,44.28,6.876,37.404
MRM,Waste,11.7,Nov,1.027,0.738,505.1504065,44.28,6.4353,37.8447
MRM,Waste,11.7,Dec,1.07,0.738,526.300813,44.28,6.6599,37.6201
MRM,Waste,11.8,Jan,1.07,0.742,523.4636119,44.52,7.3101,37.2099
MRM,Waste,11.8,Feb,1.07,0.742,523.4636119,44.52,8.5839,35.9361
MRM,Waste,11.8,Mar,1.027,0.742,502.4272237,44.52,8.4449,36.0751
MRM,Waste,11.8,Apr,0.958,0.742,468.671159,44.52,7.4474,37.0726
MRM,Waste,11.8,May,0.958,0.742,468.671159,44.52,7.2845,37.2355
MRM,Waste,11.8,Jun,0.958,0.742,468.671159,44.52,6.6787,37.8413
MRM,Waste,11.8,Jul,0.958,0.742,468.671159,44.52,6.4176,38.1024
MRM,Waste,11.8,Aug,0.958,0.742,468.671159,44.52,6.4107,38.1093
MRM,Waste,11.8,Sep,0.958,0.742,468.671159,44.52,5.9258,38.5942
MRM,Waste,11.8,Oct,0.987,0.742,482.8584906,44.52,6.876,37.644
MRM,Waste,11.8,Nov,1.027,0.742,502.4272237,44.52,6.4353,38.0847
MRM,Waste,11.8,Dec,1.07,0.742,523.4636119,44.52,6.6599,37.8601
MRM,Waste,11.9,Jan,1.07,0.746,520.6568365,44.76,7.3101,37.4499
MRM,Waste,11.9,Feb,1.07,0.746,520.6568365,44.76,8.5839,36.1761
MRM,Waste,11.9,Mar,1.027,0.746,499.733244,44.76,8.4449,36.3151
MRM,Waste,11.9,Apr,0.958,0.746,466.1581769,44.76,7.4474,37.3126
MRM,Waste,11.9,May,0.958,0.746,466.1581769,44.76,7.2845,37.4755
MRM,Waste,11.9,Jun,0.958,0.746,466.1581769,44.76,6.6787,38.0813
MRM,Waste,11.9,Jul,0.958,0.746,466.1581769,44.76,6.4176,38.3424
MRM,Waste,11.9,Aug,0.958,0.746,466.1581769,44.76,6.4107,38.3493
MRM,Waste,11.9,Sep,0.958,0.746,466.1581769,44.76,5.9258,38.8342
MRM,Waste,11.9,Oct,0.987,0.746,480.269437,44.76,6.876,37.884
MRM,Waste,11.9,Nov,1.027,0.746,499.733244,44.76,6.4353,38.3247
MRM,Waste,11.9,Dec,1.07,0.746,520.6568365,44.76,6.6599,38.1001
MRM,Waste,12,Jan,1.07,0.75,517.88,45,7.3101,37.6899
MRM,Waste,12,Feb,1.07,0.75,517.88,45,8.5839,36.4161
MRM,Waste,12,Mar,1.027,0.75,497.068,45,8.4449,36.5551
MRM,Waste,12,Apr,0.958,0.75,463.672,45,7.4474,37.5526
MRM,Waste,12,May,0.958,0.75,463.672,45,7.2845,37.7155
MRM,Waste,12,Jun,0.958,0.75,463.672,45,6.6787,38.3213
MRM,Waste,12,Jul,0.958,0.75,463.672,45,6.4176,38.5824
MRM,Waste,12,Aug,0.958,0.75,463.672,45,6.4107,38.5893
MRM,Waste,12,Sep,0.958,0.75,463.672,45,5.9258,39.0742
MRM,Waste,12,Oct,0.987,0.75,477.708,45,6.876,38.124
MRM,Waste,12,Nov,1.027,0.75,497.068,45,6.4353,38.5647
MRM,Waste,12,Dec,1.07,0.75,517.88,45,6.6599,38.3401
MRM,Waste,12.1,Jan,1.07,0.754,515.132626,45.24,7.3101,37.9299
MRM,Waste,12.1,Feb,1.07,0.754,515.132626,45.24,8.5839,36.6561
MRM,Waste,12.1,Mar,1.027,0.754,494.4310345,45.24,8.4449,36.7951
MRM,Waste,12.1,Apr,0.958,0.754,461.2122016,45.24,7.4474,37.7926
MRM,Waste,12.1,May,0.958,0.754,461.2122016,45.24,7.2845,37.9555
MRM,Waste,12.1,Jun,0.958,0.754,461.2122016,45.24,6.6787,38.5613
MRM,Waste,12.1,Jul,0.958,0.754,461.2122016,45.24,6.4176,38.8224
MRM,Waste,12.1,Aug,0.958,0.754,461.2122016,45.24,6.4107,38.8293
MRM,Waste,12.1,Sep,0.958,0.754,461.2122016,45.24,5.9258,39.3142
MRM,Waste,12.1,Oct,0.987,0.754,475.1737401,45.24,6.876,38.364
MRM,Waste,12.1,Nov,1.027,0.754,494.4310345,45.24,6.4353,38.8047
MRM,Waste,12.1,Dec,1.07,0.754,515.132626,45.24,6.6599,38.5801
MRM,Waste,12.2,Jan,1.07,0.758,512.414248,45.48,7.3101,38.1699
MRM,Waste,12.2,Feb,1.07,0.758,512.414248,45.48,8.5839,36.8961
MRM,Waste,12.2,Mar,1.027,0.758,491.8218997,45.48,8.4449,37.0351
MRM,Waste,12.2,Apr,0.958,0.758,458.7783641,45.48,7.4474,38.0326
MRM,Waste,12.2,May,0.958,0.758,458.7783641,45.48,7.2845,38.1955
MRM,Waste,12.2,Jun,0.958,0.758,458.7783641,45.48,6.6787,38.8013
MRM,Waste,12.2,Jul,0.958,0.758,458.7783641,45.48,6.4176,39.0624
MRM,Waste,12.2,Aug,0.958,0.758,458.7783641,45.48,6.4107,39.0693
MRM,Waste,12.2,Sep,0.958,0.758,458.7783641,45.48,5.9258,39.5542
MRM,Waste,12.2,Oct,0.987,0.758,472.6662269,45.48,6.876,38.604
MRM,Waste,12.2,Nov,1.027,0.758,491.8218997,45.48,6.4353,39.0447
MRM,Waste,12.2,Dec,1.07,0.758,512.414248,45.48,6.6599,38.8201
MRM,Waste,12.3,Jan,1.07,0.762,509.7244094,45.72,7.3101,38.4099
MRM,Waste,12.3,Feb,1.07,0.762,509.7244094,45.72,8.5839,37.1361
MRM,Waste,12.3,Mar,1.027,0.762,489.2401575,45.72,8.4449,37.2751
MRM,Waste,12.3,Apr,0.958,0.762,456.3700787,45.72,7.4474,38.2726
MRM,Waste,12.3,May,0.958,0.762,456.3700787,45.72,7.2845,38.4355
MRM,Waste,12.3,Jun,0.958,0.762,456.3700787,45.72,6.6787,39.0413
MRM,Waste,12.3,Jul,0.958,0.762,456.3700787,45.72,6.4176,39.3024
MRM,Waste,12.3,Aug,0.958,0.762,456.3700787,45.72,6.4107,39.3093
MRM,Waste,12.3,Sep,0.958,0.762,456.3700787,45.72,5.9258,39.7942
MRM,Waste,12.3,Oct,0.987,0.762,470.1850394,45.72,6.876,38.844
MRM,Waste,12.3,Nov,1.027,0.762,489.2401575,45.72,6.4353,39.2847
MRM,Waste,12.3,Dec,1.07,0.762,509.7244094,45.72,6.6599,39.0601
MRM,Waste,12.4,Jan,1.07,0.766,507.0626632,45.96,7.3101,38.6499
MRM,Waste,12.4,Feb,1.07,0.766,507.0626632,45.96,8.5839,37.3761
MRM,Waste,12.4,Mar,1.027,0.766,486.6853786,45.96,8.4449,37.5151
MRM,Waste,12.4,Apr,0.958,0.766,453.9869452,45.96,7.4474,38.5126
MRM,Waste,12.4,May,0.958,0.766,453.9869452,45.96,7.2845,38.6755
MRM,Waste,12.4,Jun,0.958,0.766,453.9869452,45.96,6.6787,39.2813
MRM,Waste,12.4,Jul,0.958,0.766,453.9869452,45.96,6.4176,39.5424
MRM,Waste,12.4,Aug,0.958,0.766,453.9869452,45.96,6.4107,39.5493
MRM,Waste,12.4,Sep,0.958,0.766,453.9869452,45.96,5.9258,40.0342
MRM,Waste,12.4,Oct,0.987,0.766,467.729765,45.96,6.876,39.084
MRM,Waste,12.4,Nov,1.027,0.766,486.6853786,45.96,6.4353,39.5247
MRM,Waste,12.4,Dec,1.07,0.766,507.0626632,45.96,6.6599,39.3001
MRM,Waste,12.5,Jan,1.07,0.77,504.4285714,46.2,7.3101,38.8899
MRM,Waste,12.5,Feb,1.07,0.77,504.4285714,46.2,8.5839,37.6161
MRM,Waste,12.5,Mar,1.027,0.77,484.1571429,46.2,8.4449,37.7551
MRM,Waste,12.5,Apr,0.958,0.77,451.6285714,46.2,7.4474,38.7526
MRM,Waste,12.5,May,0.958,0.77,451.6285714,46.2,7.2845,38.9155
MRM,Waste,12.5,Jun,0.958,0.77,451.6285714,46.2,6.6787,39.5213
MRM,Waste,12.5,Jul,0.958,0.77,451.6285714,46.2,6.4176,39.7824
MRM,Waste,12.5,Aug,0.958,0.77,451.6285714,46.2,6.4107,39.7893
MRM,Waste,12.5,Sep,0.958,0.77,451.6285714,46.2,5.9258,40.2742
MRM,Waste,12.5,Oct,0.987,0.77,465.3,46.2,6.876,39.324
MRM,Waste,12.5,Nov,1.027,0.77,484.1571429,46.2,6.4353,39.7647
MRM,Waste,12.5,Dec,1.07,0.77,504.4285714,46.2,6.6599,39.5401
MRM,Waste,12.6,Jan,1.07,0.774,501.8217054,46.44,7.3101,39.1299
MRM,Waste,12.6,Feb,1.07,0.774,501.8217054,46.44,8.5839,37.8561
MRM,Waste,12.6,Mar,1.027,0.774,481.6550388,46.44,8.4449,37.9951
MRM,Waste,12.6,Apr,0.958,0.774,449.2945736,46.44,7.4474,38.9926
MRM,Waste,12.6,May,0.958,0.774,449.2945736,46.44,7.2845,39.1555
MRM,Waste,12.6,Jun,0.958,0.774,449.2945736,46.44,6.6787,39.7613
MRM,Waste,12.6,Jul,0.958,0.774,449.2945736,46.44,6.4176,40.0224
MRM,Waste,12.6,Aug,0.958,0.774,449.2945736,46.44,6.4107,40.0293
MRM,Waste,12.6,Sep,0.958,0.774,449.2945736,46.44,5.9258,40.5142
MRM,Waste,12.6,Oct,0.987,0.774,462.8953488,46.44,6.876,39.564
MRM,Waste,12.6,Nov,1.027,0.774,481.6550388,46.44,6.4353,40.0047
MRM,Waste,12.6,Dec,1.07,0.774,501.8217054,46.44,6.6599,39.7801
MRM,Waste,12.7,Jan,1.07,0.778,499.2416452,46.68,7.3101,39.3699
MRM,Waste,12.7,Feb,1.07,0.778,499.2416452,46.68,8.5839,38.0961
MRM,Waste,12.7,Mar,1.027,0.778,479.1786632,46.68,8.4449,38.2351
MRM,Waste,12.7,Apr,0.958,0.778,446.9845758,46.68,7.4474,39.2326
MRM,Waste,12.7,May,0.958,0.778,446.9845758,46.68,7.2845,39.3955
MRM,Waste,12.7,Jun,0.958,0.778,446.9845758,46.68,6.6787,40.0013
MRM,Waste,12.7,Jul,0.958,0.778,446.9845758,46.68,6.4176,40.2624
MRM,Waste,12.7,Aug,0.958,0.778,446.9845758,46.68,6.4107,40.2693
MRM,Waste,12.7,Sep,0.958,0.778,446.9845758,46.68,5.9258,40.7542
MRM,Waste,12.7,Oct,0.987,0.778,460.5154242,46.68,6.876,39.804
MRM,Waste,12.7,Nov,1.027,0.778,479.1786632,46.68,6.4353,40.2447
MRM,Waste,12.7,Dec,1.07,0.778,499.2416452,46.68,6.6599,40.0201
MRM,Waste,12.8,Jan,1.07,0.782,496.6879795,46.92,7.3101,39.6099
MRM,Waste,12.8,Feb,1.07,0.782,496.6879795,46.92,8.5839,38.3361
MRM,Waste,12.8,Mar,1.027,0.782,476.7276215,46.92,8.4449,38.4751
MRM,Waste,12.8,Apr,0.958,0.782,444.6982097,46.92,7.4474,39.4726
MRM,Waste,12.8,May,0.958,0.782,444.6982097,46.92,7.2845,39.6355
MRM,Waste,12.8,Jun,0.958,0.782,444.6982097,46.92,6.6787,40.2413
MRM,Waste,12.8,Jul,0.958,0.782,444.6982097,46.92,6.4176,40.5024
MRM,Waste,12.8,Aug,0.958,0.782,444.6982097,46.92,6.4107,40.5093
MRM,Waste,12.8,Sep,0.958,0.782,444.6982097,46.92,5.9258,40.9942
MRM,Waste,12.8,Oct,0.987,0.782,458.1598465,46.92,6.876,40.044
MRM,Waste,12.8,Nov,1.027,0.782,476.7276215,46.92,6.4353,40.4847
MRM,Waste,12.8,Dec,1.07,0.782,496.6879795,46.92,6.6599,40.2601
MRM,Waste,12.9,Jan,1.07,0.786,494.1603053,47.16,7.3101,39.8499
MRM,Waste,12.9,Feb,1.07,0.786,494.1603053,47.16,8.5839,38.5761
MRM,Waste,12.9,Mar,1.027,0.786,474.3015267,47.16,8.4449,38.7151
MRM,Waste,12.9,Apr,0.958,0.786,442.4351145,47.16,7.4474,39.7126
MRM,Waste,12.9,May,0.958,0.786,442.4351145,47.16,7.2845,39.8755
MRM,Waste,12.9,Jun,0.958,0.786,442.4351145,47.16,6.6787,40.4813
MRM,Waste,12.9,Jul,0.958,0.786,442.4351145,47.16,6.4176,40.7424
MRM,Waste,12.9,Aug,0.958,0.786,442.4351145,47.16,6.4107,40.7493
MRM,Waste,12.9,Sep,0.958,0.786,442.4351145,47.16,5.9258,41.2342
MRM,Waste,12.9,Oct,0.987,0.786,455.8282443,47.16,6.876,40.284
MRM,Waste,12.9,Nov,1.027,0.786,474.3015267,47.16,6.4353,40.7247
MRM,Waste,12.9,Dec,1.07,0.786,494.1603053,47.16,6.6599,40.5001
MRM,Waste,13,Jan,1.07,0.79,491.6582278,47.4,7.3101,40.0899
MRM,Waste,13,Feb,1.07,0.79,491.6582278,47.4,8.5839,38.8161
MRM,Waste,13,Mar,1.027,0.79,471.9,47.4,8.4449,38.9551
MRM,Waste,13,Apr,0.958,0.79,440.1949367,47.4,7.4474,39.9526
MRM,Waste,13,May,0.958,0.79,440.1949367,47.4,7.2845,40.1155
MRM,Waste,13,Jun,0.958,0.79,440.1949367,47.4,6.6787,40.7213
MRM,Waste,13,Jul,0.958,0.79,440.1949367,47.4,6.4176,40.9824
MRM,Waste,13,Aug,0.958,0.79,440.1949367,47.4,6.4107,40.9893
MRM,Waste,13,Sep,0.958,0.79,440.1949367,47.4,5.9258,41.4742
MRM,Waste,13,Oct,0.987,0.79,453.5202532,47.4,6.876,40.524
MRM,Waste,13,Nov,1.027,0.79,471.9,47.4,6.4353,40.9647
MRM,Waste,13,Dec,1.07,0.79,491.6582278,47.4,6.6599,40.7401
MRM,Waste,13.1,Jan,1.07,0.794,489.1813602,47.64,7.3101,40.3299
MRM,Waste,13.1,Feb,1.07,0.794,489.1813602,47.64,8.5839,39.0561
MRM,Waste,13.1,Mar,1.027,0.794,469.52267,47.64,8.4449,39.1951
MRM,Waste,13.1,Apr,0.958,0.794,437.97733,47.64,7.4474,40.1926
MRM,Waste,13.1,May,0.958,0.794,437.97733,47.64,7.2845,40.3555
MRM,Waste,13.1,Jun,0.958,0.794,437.97733,47.64,6.6787,40.9613
MRM,Waste,13.1,Jul,0.958,0.794,437.97733,47.64,6.4176,41.2224
MRM,Waste,13.1,Aug,0.958,0.794,437.97733,47.64,6.4107,41.2293
MRM,Waste,13.1,Sep,0.958,0.794,437.97733,47.64,5.9258,41.7142
MRM,Waste,13.1,Oct,0.987,0.794,451.2355164,47.64,6.876,40.764
MRM,Waste,13.1,Nov,1.027,0.794,469.52267,47.64,6.4353,41.2047
MRM,Waste,13.1,Dec,1.07,0.794,489.1813602,47.64,6.6599,40.9801
MRM,Waste,13.2,Jan,1.07,0.798,486.7293233,47.88,7.3101,40.5699
MRM,Waste,13.2,Feb,1.07,0.798,486.7293233,47.88,8.5839,39.2961
MRM,Waste,13.2,Mar,1.027,0.798,467.1691729,47.88,8.4449,39.4351
MRM,Waste,13.2,Apr,0.958,0.798,435.7819549,47.88,7.4474,40.4326
MRM,Waste,13.2,May,0.958,0.798,435.7819549,47.88,7.2845,40.5955
MRM,Waste,13.2,Jun,0.958,0.798,435.7819549,47.88,6.6787,41.2013
MRM,Waste,13.2,Jul,0.958,0.798,435.7819549,47.88,6.4176,41.4624
MRM,Waste,13.2,Aug,0.958,0.798,435.7819549,47.88,6.4107,41.4693
MRM,Waste,13.2,Sep,0.958,0.798,435.7819549,47.88,5.9258,41.9542
MRM,Waste,13.2,Oct,0.987,0.798,448.9736842,47.88,6.876,41.004
MRM,Waste,13.2,Nov,1.027,0.798,467.1691729,47.88,6.4353,41.4447
MRM,Waste,13.2,Dec,1.07,0.798,486.7293233,47.88,6.6599,41.2201
MRM,Waste,13.3,Jan,1.07,0.802,484.3017456,48.12,7.3101,40.8099
MRM,Waste,13.3,Feb,1.07,0.802,484.3017456,48.12,8.5839,39.5361
MRM,Waste,13.3,Mar,1.027,0.802,464.8391521,48.12,8.4449,39.6751
MRM,Waste,13.3,Apr,0.958,0.802,433.6084788,48.12,7.4474,40.6726
MRM,Waste,13.3,May,0.958,0.802,433.6084788,48.12,7.2845,40.8355
MRM,Waste,13.3,Jun,0.958,0.802,433.6084788,48.12,6.6787,41.4413
MRM,Waste,13.3,Jul,0.958,0.802,433.6084788,48.12,6.4176,41.7024
MRM,Waste,13.3,Aug,0.958,0.802,433.6084788,48.12,6.4107,41.7093
MRM,Waste,13.3,Sep,0.958,0.802,433.6084788,48.12,5.9258,42.1942
MRM,Waste,13.3,Oct,0.987,0.802,446.734414,48.12,6.876,41.244
MRM,Waste,13.3,Nov,1.027,0.802,464.8391521,48.12,6.4353,41.6847
MRM,Waste,13.3,Dec,1.07,0.802,484.3017456,48.12,6.6599,41.4601
MRM,Waste,13.4,Jan,1.07,0.806,481.898263,48.36,7.3101,41.0499
MRM,Waste,13.4,Feb,1.07,0.806,481.898263,48.36,8.5839,39.7761
MRM,Waste,13.4,Mar,1.027,0.806,462.5322581,48.36,8.4449,39.9151
MRM,Waste,13.4,Apr,0.958,0.806,431.4565757,48.36,7.4474,40.9126
MRM,Waste,13.4,May,0.958,0.806,431.4565757,48.36,7.2845,41.0755
MRM,Waste,13.4,Jun,0.958,0.806,431.4565757,48.36,6.6787,41.6813
MRM,Waste,13.4,Jul,0.958,0.806,431.4565757,48.36,6.4176,41.9424
MRM,Waste,13.4,Aug,0.958,0.806,431.4565757,48.36,6.4107,41.9493
MRM,Waste,13.4,Sep,0.958,0.806,431.4565757,48.36,5.9258,42.4342
MRM,Waste,13.4,Oct,0.987,0.806,444.5173697,48.36,6.876,41.484
MRM,Waste,13.4,Nov,1.027,0.806,462.5322581,48.36,6.4353,41.9247
MRM,Waste,13.4,Dec,1.07,0.806,481.898263,48.36,6.6599,41.7001
MRM,Waste,13.5,Jan,1.07,0.81,479.5185185,48.6,7.3101,41.2899
MRM,Waste,13.5,Feb,1.07,0.81,479.5185185,48.6,8.5839,40.0161
MRM,Waste,13.5,Mar,1.027,0.81,460.2481481,48.6,8.4449,40.1551
MRM,Waste,13.5,Apr,0.958,0.81,429.3259259,48.6,7.4474,41.1526
MRM,Waste,13.5,May,0.958,0.81,429.3259259,48.6,7.2845,41.3155
MRM,Waste,13.5,Jun,0.958,0.81,429.3259259,48.6,6.6787,41.9213
MRM,Waste,13.5,Jul,0.958,0.81,429.3259259,48.6,6.4176,42.1824
MRM,Waste,13.5,Aug,0.958,0.81,429.3259259,48.6,6.4107,42.1893
MRM,Waste,13.5,Sep,0.958,0.81,429.3259259,48.6,5.9258,42.6742
MRM,Waste,13.5,Oct,0.987,0.81,442.3222222,48.6,6.876,41.724
MRM,Waste,13.5,Nov,1.027,0.81,460.2481481,48.6,6.4353,42.1647
MRM,Waste,13.5,Dec,1.07,0.81,479.5185185,48.6,6.6599,41.9401
MRM,Waste,13.6,Jan,1.07,0.814,477.1621622,48.84,7.3101,41.5299
MRM,Waste,13.6,Feb,1.07,0.814,477.1621622,48.84,8.5839,40.2561
MRM,Waste,13.6,Mar,1.027,0.814,457.9864865,48.84,8.4449,40.3951
MRM,Waste,13.6,Apr,0.958,0.814,427.2162162,48.84,7.4474,41.3926
MRM,Waste,13.6,May,0.958,0.814,427.2162162,48.84,7.2845,41.5555
MRM,Waste,13.6,Jun,0.958,0.814,427.2162162,48.84,6.6787,42.1613
MRM,Waste,13.6,Jul,0.958,0.814,427.2162162,48.84,6.4176,42.4224
MRM,Waste,13.6,Aug,0.958,0.814,427.2162162,48.84,6.4107,42.4293
MRM,Waste,13.6,Sep,0.958,0.814,427.2162162,48.84,5.9258,42.9142
MRM,Waste,13.6,Oct,0.987,0.814,440.1486486,48.84,6.876,41.964
MRM,Waste,13.6,Nov,1.027,0.814,457.9864865,48.84,6.4353,42.4047
MRM,Waste,13.6,Dec,1.07,0.814,477.1621622,48.84,6.6599,42.1801
MRM,Waste,13.7,Jan,1.07,0.818,474.8288509,49.08,7.3101,41.7699
MRM,Waste,13.7,Feb,1.07,0.818,474.8288509,49.08,8.5839,40.4961
MRM,Waste,13.7,Mar,1.027,0.818,455.7469438,49.08,8.4449,40.6351
MRM,Waste,13.7,Apr,0.958,0.818,425.1271394,49.08,7.4474,41.6326
MRM,Waste,13.7,May,0.958,0.818,425.1271394,49.08,7.2845,41.7955
MRM,Waste,13.7,Jun,0.958,0.818,425.1271394,49.08,6.6787,42.4013
MRM,Waste,13.7,Jul,0.958,0.818,425.1271394,49.08,6.4176,42.6624
MRM,Waste,13.7,Aug,0.958,0.818,425.1271394,49.08,6.4107,42.6693
MRM,Waste,13.7,Sep,0.958,0.818,425.1271394,49.08,5.9258,43.1542
MRM,Waste,13.7,Oct,0.987,0.818,437.9963325,49.08,6.876,42.204
MRM,Waste,13.7,Nov,1.027,0.818,455.7469438,49.08,6.4353,42.6447
MRM,Waste,13.7,Dec,1.07,0.818,474.8288509,49.08,6.6599,42.4201
MRM,Waste,13.8,Jan,1.07,0.822,472.5182482,49.32,7.3101,42.0099
MRM,Waste,13.8,Feb,1.07,0.822,472.5182482,49.32,8.5839,40.7361
MRM,Waste,13.8,Mar,1.027,0.822,453.5291971,49.32,8.4449,40.8751
MRM,Waste,13.8,Apr,0.958,0.822,423.0583942,49.32,7.4474,41.8726
MRM,Waste,13.8,May,0.958,0.822,423.0583942,49.32,7.2845,42.0355
MRM,Waste,13.8,Jun,0.958,0.822,423.0583942,49.32,6.6787,42.6413
MRM,Waste,13.8,Jul,0.958,0.822,423.0583942,49.32,6.4176,42.9024
MRM,Waste,13.8,Aug,0.958,0.822,423.0583942,49.32,6.4107,42.9093
MRM,Waste,13.8,Sep,0.958,0.822,423.0583942,49.32,5.9258,43.3942
MRM,Waste,13.8,Oct,0.987,0.822,435.8649635,49.32,6.876,42.444
MRM,Waste,13.8,Nov,1.027,0.822,453.5291971,49.32,6.4353,42.8847
MRM,Waste,13.8,Dec,1.07,0.822,472.5182482,49.32,6.6599,42.6601
MRM,Waste,13.9,Jan,1.07,0.826,470.2300242,49.56,7.3101,42.2499
MRM,Waste,13.9,Feb,1.07,0.826,470.2300242,49.56,8.5839,40.9761
MRM,Waste,13.9,Mar,1.027,0.826,451.3329298,49.56,8.4449,41.1151
MRM,Waste,13.9,Apr,0.958,0.826,421.0096852,49.56,7.4474,42.1126
MRM,Waste,13.9,May,0.958,0.826,421.0096852,49.56,7.2845,42.2755
MRM,Waste,13.9,Jun,0.958,0.826,421.0096852,49.56,6.6787,42.8813
MRM,Waste,13.9,Jul,0.958,0.826,421.0096852,49.56,6.4176,43.1424
MRM,Waste,13.9,Aug,0.958,0.826,421.0096852,49.56,6.4107,43.1493
MRM,Waste,13.9,Sep,0.958,0.826,421.0096852,49.56,5.9258,43.6342
MRM,Waste,13.9,Oct,0.987,0.826,433.7542373,49.56,6.876,42.684
MRM,Waste,13.9,Nov,1.027,0.826,451.3329298,49.56,6.4353,43.1247
MRM,Waste,13.9,Dec,1.07,0.826,470.2300242,49.56,6.6599,42.9001
MRM,Waste,14,Jan,1.07,0.83,467.9638554,49.8,7.3101,42.4899
MRM,Waste,14,Feb,1.07,0.83,467.9638554,49.8,8.5839,41.2161
MRM,Waste,14,Mar,1.027,0.83,449.1578313,49.8,8.4449,41.3551
MRM,Waste,14,Apr,0.958,0.83,418.9807229,49.8,7.4474,42.3526
MRM,Waste,14,May,0.958,0.83,418.9807229,49.8,7.2845,42.5155
MRM,Waste,14,Jun,0.958,0.83,418.9807229,49.8,6.6787,43.1213
MRM,Waste,14,Jul,0.958,0.83,418.9807229,49.8,6.4176,43.3824
MRM,Waste,14,Aug,0.958,0.83,418.9807229,49.8,6.4107,43.3893
MRM,Waste,14,Sep,0.958,0.83,418.9807229,49.8,5.9258,43.8742
MRM,Waste,14,Oct,0.987,0.83,431.6638554,49.8,6.876,42.924
MRM,Waste,14,Nov,1.027,0.83,449.1578313,49.8,6.4353,43.3647
MRM,Waste,14,Dec,1.07,0.83,467.9638554,49.8,6.6599,43.1401
MRM,Waste,14.1,Jan,1.07,0.834,465.7194245,50.04,7.3101,42.7299
MRM,Waste,14.1,Feb,1.07,0.834,465.7194245,50.04,8.5839,41.4561
MRM,Waste,14.1,Mar,1.027,0.834,447.0035971,50.04,8.4449,41.5951
MRM,Waste,14.1,Apr,0.958,0.834,416.971223,50.04,7.4474,42.5926
MRM,Waste,14.1,May,0.958,0.834,416.971223,50.04,7.2845,42.7555
MRM,Waste,14.1,Jun,0.958,0.834,416.971223,50.04,6.6787,43.3613
MRM,Waste,14.1,Jul,0.958,0.834,416.971223,50.04,6.4176,43.6224
MRM,Waste,14.1,Aug,0.958,0.834,416.971223,50.04,6.4107,43.6293
MRM,Waste,14.1,Sep,0.958,0.834,416.971223,50.04,5.9258,44.1142
MRM,Waste,14.1,Oct,0.987,0.834,429.5935252,50.04,6.876,43.164
MRM,Waste,14.1,Nov,1.027,0.834,447.0035971,50.04,6.4353,43.6047
MRM,Waste,14.1,Dec,1.07,0.834,465.7194245,50.04,6.6599,43.3801
MRM,Waste,14.2,Jan,1.07,0.838,463.49642,50.28,7.3101,42.9699
MRM,Waste,14.2,Feb,1.07,0.838,463.49642,50.28,8.5839,41.6961
MRM,Waste,14.2,Mar,1.027,0.838,444.8699284,50.28,8.4449,41.8351
MRM,Waste,14.2,Apr,0.958,0.838,414.9809069,50.28,7.4474,42.8326
MRM,Waste,14.2,May,0.958,0.838,414.9809069,50.28,7.2845,42.9955
MRM,Waste,14.2,Jun,0.958,0.838,414.9809069,50.28,6.6787,43.6013
MRM,Waste,14.2,Jul,0.958,0.838,414.9809069,50.28,6.4176,43.8624
MRM,Waste,14.2,Aug,0.958,0.838,414.9809069,50.28,6.4107,43.8693
MRM,Waste,14.2,Sep,0.958,0.838,414.9809069,50.28,5.9258,44.3542
MRM,Waste,14.2,Oct,0.987,0.838,427.5429594,50.28,6.876,43.404
MRM,Waste,14.2,Nov,1.027,0.838,444.8699284,50.28,6.4353,43.8447
MRM,Waste,14.2,Dec,1.07,0.838,463.49642,50.28,6.6599,43.6201
MRM,Waste,14.3,Jan,1.07,0.842,461.2945368,50.52,7.3101,43.2099
MRM,Waste,14.3,Feb,1.07,0.842,461.2945368,50.52,8.5839,41.9361
MRM,Waste,14.3,Mar,1.027,0.842,442.7565321,50.52,8.4449,42.0751
MRM,Waste,14.3,Apr,0.958,0.842,413.0095012,50.52,7.4474,43.0726
MRM,Waste,14.3,May,0.958,0.842,413.0095012,50.52,7.2845,43.2355
MRM,Waste,14.3,Jun,0.958,0.842,413.0095012,50.52,6.6787,43.8413
MRM,Waste,14.3,Jul,0.958,0.842,413.0095012,50.52,6.4176,44.1024
MRM,Waste,14.3,Aug,0.958,0.842,413.0095012,50.52,6.4107,44.1093
MRM,Waste,14.3,Sep,0.958,0.842,413.0095012,50.52,5.9258,44.5942
MRM,Waste,14.3,Oct,0.987,0.842,425.5118765,50.52,6.876,43.644
MRM,Waste,14.3,Nov,1.027,0.842,442.7565321,50.52,6.4353,44.0847
MRM,Waste,14.3,Dec,1.07,0.842,461.2945368,50.52,6.6599,43.8601
MRM,Waste,14.4,Jan,1.07,0.846,459.1134752,50.76,7.3101,43.4499
MRM,Waste,14.4,Feb,1.07,0.846,459.1134752,50.76,8.5839,42.1761
MRM,Waste,14.4,Mar,1.027,0.846,440.6631206,50.76,8.4449,42.3151
MRM,Waste,14.4,Apr,0.958,0.846,411.0567376,50.76,7.4474,43.3126
MRM,Waste,14.4,May,0.958,0.846,411.0567376,50.76,7.2845,43.4755
MRM,Waste,14.4,Jun,0.958,0.846,411.0567376,50.76,6.6787,44.0813
MRM,Waste,14.4,Jul,0.958,0.846,411.0567376,50.76,6.4176,44.3424
MRM,Waste,14.4,Aug,0.958,0.846,411.0567376,50.76,6.4107,44.3493
MRM,Waste,14.4,Sep,0.958,0.846,411.0567376,50.76,5.9258,44.8342
MRM,Waste,14.4,Oct,0.987,0.846,423.5,50.76,6.876,43.884
MRM,Waste,14.4,Nov,1.027,0.846,440.6631206,50.76,6.4353,44.3247
MRM,Waste,14.4,Dec,1.07,0.846,459.1134752,50.76,6.6599,44.1001
MRM,Waste,14.5,Jan,1.07,0.85,456.9529412,51,7.3101,43.6899
MRM,Waste,14.5,Feb,1.07,0.85,456.9529412,51,8.5839,42.4161
MRM,Waste,14.5,Mar,1.027,0.85,438.5894118,51,8.4449,42.5551
MRM,Waste,14.5,Apr,0.958,0.85,409.1223529,51,7.4474,43.5526
MRM,Waste,14.5,May,0.958,0.85,409.1223529,51,7.2845,43.7155
MRM,Waste,14.5,Jun,0.958,0.85,409.1223529,51,6.6787,44.3213
MRM,Waste,14.5,Jul,0.958,0.85,409.1223529,51,6.4176,44.5824
MRM,Waste,14.5,Aug,0.958,0.85,409.1223529,51,6.4107,44.5893
MRM,Waste,14.5,Sep,0.958,0.85,409.1223529,51,5.9258,45.0742
MRM,Waste,14.5,Oct,0.987,0.85,421.5070588,51,6.876,44.124
MRM,Waste,14.5,Nov,1.027,0.85,438.5894118,51,6.4353,44.5647
MRM,Waste,14.5,Dec,1.07,0.85,456.9529412,51,6.6599,44.3401
MRM,Waste,14.6,Jan,1.07,0.854,454.8126464,51.24,7.3101,43.9299
MRM,Waste,14.6,Feb,1.07,0.854,454.8126464,51.24,8.5839,42.6561
MRM,Waste,14.6,Mar,1.027,0.854,436.5351288,51.24,8.4449,42.7951
MRM,Waste,14.6,Apr,0.958,0.854,407.206089,51.24,7.4474,43.7926
MRM,Waste,14.6,May,0.958,0.854,407.206089,51.24,7.2845,43.9555
MRM,Waste,14.6,Jun,0.958,0.854,407.206089,51.24,6.6787,44.5613
MRM,Waste,14.6,Jul,0.958,0.854,407.206089,51.24,6.4176,44.8224
MRM,Waste,14.6,Aug,0.958,0.854,407.206089,51.24,6.4107,44.8293
MRM,Waste,14.6,Sep,0.958,0.854,407.206089,51.24,5.9258,45.3142
MRM,Waste,14.6,Oct,0.987,0.854,419.5327869,51.24,6.876,44.364
MRM,Waste,14.6,Nov,1.027,0.854,436.5351288,51.24,6.4353,44.8047
MRM,Waste,14.6,Dec,1.07,0.854,454.8126464,51.24,6.6599,44.5801
MRM,Waste,14.7,Jan,1.07,0.858,452.6923077,51.48,7.3101,44.1699
MRM,Waste,14.7,Feb,1.07,0.858,452.6923077,51.48,8.5839,42.8961
MRM,Waste,14.7,Mar,1.027,0.858,434.5,51.48,8.4449,43.0351
MRM,Waste,14.7,Apr,0.958,0.858,405.3076923,51.48,7.4474,44.0326
MRM,Waste,14.7,May,0.958,0.858,405.3076923,51.48,7.2845,44.1955
MRM,Waste,14.7,Jun,0.958,0.858,405.3076923,51.48,6.6787,44.8013
MRM,Waste,14.7,Jul,0.958,0.858,405.3076923,51.48,6.4176,45.0624
MRM,Waste,14.7,Aug,0.958,0.858,405.3076923,51.48,6.4107,45.0693
MRM,Waste,14.7,Sep,0.958,0.858,405.3076923,51.48,5.9258,45.5542
MRM,Waste,14.7,Oct,0.987,0.858,417.5769231,51.48,6.876,44.604
MRM,Waste,14.7,Nov,1.027,0.858,434.5,51.48,6.4353,45.0447
MRM,Waste,14.7,Dec,1.07,0.858,452.6923077,51.48,6.6599,44.8201
MRM,Waste,14.8,Jan,1.07,0.862,450.5916473,51.72,7.3101,44.4099
MRM,Waste,14.8,Feb,1.07,0.862,450.5916473,51.72,8.5839,43.1361
MRM,Waste,14.8,Mar,1.027,0.862,432.4837587,51.72,8.4449,43.2751
MRM,Waste,14.8,Apr,0.958,0.862,403.4269142,51.72,7.4474,44.2726
MRM,Waste,14.8,May,0.958,0.862,403.4269142,51.72,7.2845,44.4355
MRM,Waste,14.8,Jun,0.958,0.862,403.4269142,51.72,6.6787,45.0413
MRM,Waste,14.8,Jul,0.958,0.862,403.4269142,51.72,6.4176,45.3024
MRM,Waste,14.8,Aug,0.958,0.862,403.4269142,51.72,6.4107,45.3093
MRM,Waste,14.8,Sep,0.958,0.862,403.4269142,51.72,5.9258,45.7942
MRM,Waste,14.8,Oct,0.987,0.862,415.6392111,51.72,6.876,44.844
MRM,Waste,14.8,Nov,1.027,0.862,432.4837587,51.72,6.4353,45.2847
MRM,Waste,14.8,Dec,1.07,0.862,450.5916473,51.72,6.6599,45.0601
MRM,Waste,14.9,Jan,1.07,0.866,448.5103926,51.96,7.3101,44.6499
MRM,Waste,14.9,Feb,1.07,0.866,448.5103926,51.96,8.5839,43.3761
MRM,Waste,14.9,Mar,1.027,0.866,430.4861432,51.96,8.4449,43.5151
MRM,Waste,14.9,Apr,0.958,0.866,401.5635104,51.96,7.4474,44.5126
MRM,Waste,14.9,May,0.958,0.866,401.5635104,51.96,7.2845,44.6755
MRM,Waste,14.9,Jun,0.958,0.866,401.5635104,51.96,6.6787,45.2813
MRM,Waste,14.9,Jul,0.958,0.866,401.5635104,51.96,6.4176,45.5424
MRM,Waste,14.9,Aug,0.958,0.866,401.5635104,51.96,6.4107,45.5493
MRM,Waste,14.9,Sep,0.958,0.866,401.5635104,51.96,5.9258,46.0342
MRM,Waste,14.9,Oct,0.987,0.866,413.7193995,51.96,6.876,45.084
MRM,Waste,14.9,Nov,1.027,0.866,430.4861432,51.96,6.4353,45.5247
MRM,Waste,14.9,Dec,1.07,0.866,448.5103926,51.96,6.6599,45.3001
MRM,Waste,15,Jan,1.07,0.87,446.4482759,52.2,7.3101,44.8899
MRM,Waste,15,Feb,1.07,0.87,446.4482759,52.2,8.5839,43.6161
MRM,Waste,15,Mar,1.027,0.87,428.5068966,52.2,8.4449,43.7551
MRM,Waste,15,Apr,0.958,0.87,399.7172414,52.2,7.4474,44.7526
MRM,Waste,15,May,0.958,0.87,399.7172414,52.2,7.2845,44.9155
MRM,Waste,15,Jun,0.958,0.87,399.7172414,52.2,6.6787,45.5213
MRM,Waste,15,Jul,0.958,0.87,399.7172414,52.2,6.4176,45.7824
MRM,Waste,15,Aug,0.958,0.87,399.7172414,52.2,6.4107,45.7893
MRM,Waste,15,Sep,0.958,0.87,399.7172414,52.2,5.9258,46.2742
MRM,Waste,15,Oct,0.987,0.87,411.8172414,52.2,6.876,45.324
MRM,Waste,15,Nov,1.027,0.87,428.5068966,52.2,6.4353,45.7647
MRM,Waste,15,Dec,1.07,0.87,446.4482759,52.2,6.6599,45.5401
MRM,Waste,15.1,Jan,1.07,0.874,444.4050343,52.44,7.3101,45.1299
MRM,Waste,15.1,Feb,1.07,0.874,444.4050343,52.44,8.5839,43.8561
MRM,Waste,15.1,Mar,1.027,0.874,426.5457666,52.44,8.4449,43.9951
MRM,Waste,15.1,Apr,0.958,0.874,397.8878719,52.44,7.4474,44.9926
MRM,Waste,15.1,May,0.958,0.874,397.8878719,52.44,7.2845,45.1555
MRM,Waste,15.1,Jun,0.958,0.874,397.8878719,52.44,6.6787,45.7613
MRM,Waste,15.1,Jul,0.958,0.874,397.8878719,52.44,6.4176,46.0224
MRM,Waste,15.1,Aug,0.958,0.874,397.8878719,52.44,6.4107,46.0293
MRM,Waste,15.1,Sep,0.958,0.874,397.8878719,52.44,5.9258,46.5142
MRM,Waste,15.1,Oct,0.987,0.874,409.9324943,52.44,6.876,45.564
MRM,Waste,15.1,Nov,1.027,0.874,426.5457666,52.44,6.4353,46.0047
MRM,Waste,15.1,Dec,1.07,0.874,444.4050343,52.44,6.6599,45.7801
MRM,Waste,15.2,Jan,1.07,0.878,442.38041,52.68,7.3101,45.3699
MRM,Waste,15.2,Feb,1.07,0.878,442.38041,52.68,8.5839,44.0961
MRM,Waste,15.2,Mar,1.027,0.878,424.6025057,52.68,8.4449,44.2351
MRM,Waste,15.2,Apr,0.958,0.878,396.0751708,52.68,7.4474,45.2326
MRM,Waste,15.2,May,0.958,0.878,396.0751708,52.68,7.2845,45.3955
MRM,Waste,15.2,Jun,0.958,0.878,396.0751708,52.68,6.6787,46.0013
MRM,Waste,15.2,Jul,0.958,0.878,396.0751708,52.68,6.4176,46.2624
MRM,Waste,15.2,Aug,0.958,0.878,396.0751708,52.68,6.4107,46.2693
MRM,Waste,15.2,Sep,0.958,0.878,396.0751708,52.68,5.9258,46.7542
MRM,Waste,15.2,Oct,0.987,0.878,408.0649203,52.68,6.876,45.804
MRM,Waste,15.2,Nov,1.027,0.878,424.6025057,52.68,6.4353,46.2447
MRM,Waste,15.2,Dec,1.07,0.878,442.38041,52.68,6.6599,46.0201
MRM,Waste,15.3,Jan,1.07,0.882,440.3741497,52.92,7.3101,45.6099
MRM,Waste,15.3,Feb,1.07,0.882,440.3741497,52.92,8.5839,44.3361
MRM,Waste,15.3,Mar,1.027,0.882,422.6768707,52.92,8.4449,44.4751
MRM,Waste,15.3,Apr,0.958,0.882,394.2789116,52.92,7.4474,45.4726
MRM,Waste,15.3,May,0.958,0.882,394.2789116,52.92,7.2845,45.6355
MRM,Waste,15.3,Jun,0.958,0.882,394.2789116,52.92,6.6787,46.2413
MRM,Waste,15.3,Jul,0.958,0.882,394.2789116,52.92,6.4176,46.5024
MRM,Waste,15.3,Aug,0.958,0.882,394.2789116,52.92,6.4107,46.5093
MRM,Waste,15.3,Sep,0.958,0.882,394.2789116,52.92,5.9258,46.9942
MRM,Waste,15.3,Oct,0.987,0.882,406.2142857,52.92,6.876,46.044
MRM,Waste,15.3,Nov,1.027,0.882,422.6768707,52.92,6.4353,46.4847
MRM,Waste,15.3,Dec,1.07,0.882,440.3741497,52.92,6.6599,46.2601
MRM,Waste,15.4,Jan,1.07,0.886,438.3860045,53.16,7.3101,45.8499
MRM,Waste,15.4,Feb,1.07,0.886,438.3860045,53.16,8.5839,44.5761
MRM,Waste,15.4,Mar,1.027,0.886,420.768623,53.16,8.4449,44.7151
MRM,Waste,15.4,Apr,0.958,0.886,392.4988713,53.16,7.4474,45.7126
MRM,Waste,15.4,May,0.958,0.886,392.4988713,53.16,7.2845,45.8755
MRM,Waste,15.4,Jun,0.958,0.886,392.4988713,53.16,6.6787,46.4813
MRM,Waste,15.4,Jul,0.958,0.886,392.4988713,53.16,6.4176,46.7424
MRM,Waste,15.4,Aug,0.958,0.886,392.4988713,53.16,6.4107,46.7493
MRM,Waste,15.4,Sep,0.958,0.886,392.4988713,53.16,5.9258,47.2342
MRM,Waste,15.4,Oct,0.987,0.886,404.3803612,53.16,6.876,46.284
MRM,Waste,15.4,Nov,1.027,0.886,420.768623,53.16,6.4353,46.7247
MRM,Waste,15.4,Dec,1.07,0.886,438.3860045,53.16,6.6599,46.5001
MRM,Waste,15.5,Jan,1.07,0.89,436.4157303,53.4,7.3101,46.0899
MRM,Waste,15.5,Feb,1.07,0.89,436.4157303,53.4,8.5839,44.8161
MRM,Waste,15.5,Mar,1.027,0.89,418.8775281,53.4,8.4449,44.9551
MRM,Waste,15.5,Apr,0.958,0.89,390.7348315,53.4,7.4474,45.9526
MRM,Waste,15.5,May,0.958,0.89,390.7348315,53.4,7.2845,46.1155
MRM,Waste,15.5,Jun,0.958,0.89,390.7348315,53.4,6.6787,46.7213
MRM,Waste,15.5,Jul,0.958,0.89,390.7348315,53.4,6.4176,46.9824
MRM,Waste,15.5,Aug,0.958,0.89,390.7348315,53.4,6.4107,46.9893
MRM,Waste,15.5,Sep,0.958,0.89,390.7348315,53.4,5.9258,47.4742
MRM,Waste,15.5,Oct,0.987,0.89,402.5629213,53.4,6.876,46.524
MRM,Waste,15.5,Nov,1.027,0.89,418.8775281,53.4,6.4353,46.9647
MRM,Waste,15.5,Dec,1.07,0.89,436.4157303,53.4,6.6599,46.7401
