Pit,Scheme,ShiftID,Year,Month,Date,Shift,YM,POre,PWst,NPOre,NPWst,NPReclaim,TypeMat,TotRej,CruRej,NOH495,NOH8000,NOH2530,NOH797,PA797,UA797,OE797,PA495,UA495,PA8000,UA8000,HD,TPNOH797,TPNOHCable,TPNOHHydro,Grade,Fines,D50,D90,Units797,UnitsCable,UnitsHydro,GOH495,GOH8000,GOH2530,GOH797,GOH785,TypeTon,OPEXTon,CAPEXTon,OreTon,WstTon,NOHO495,NOHO8000,NOHO747,NOHW495,NOHW8000,NOHW797,GOHO495,GOHO8000,GOHO797,GOHW495,GOHW8000,GOHW797,OreDist,WstDist,DykeDist,DumpDist,TPNOHO495,TPNOH8000,TPNOHO797,TPNOHW495,TPNOHW8000,TPNOHW797,PlantRec,Barrels
MRM,Budget,260101001,2026,1,1,1,2026-1,149067.546,163978.694,8347.783,15589.691,15567.747,92747.778,8944.053,5366.432,54.964,17.132,7.259,408.741,0.835,0.98,0.925,0.883,0.955,0.884,0.95,5.18,781.942,4651.222,3733.5,11.648,13.52,214.349,0,45,6,2,60.734,20.155,8.249,441.882,58.745,92747.778,336983.713,15567.747,157415.328,195136.131,27.482,8.566,196.562,27.482,8.566,212.178,30.367,10.078,212.5,30.367,10.078,229.382,5.513,4.882,6.287,3.575,4382.068,3517.453,765.956,4920.375,3949.547,796.751,0.902,3185.626
MRM,Budget,260101002,2026,1,1,2,2026-1,149067.546,163978.694,8347.783,15589.691,15567.747,92747.778,8944.053,5366.432,54.964,17.132,7.259,408.741,0.835,0.98,0.925,0.883,0.955,0.884,0.95,5.18,781.942,4651.222,3733.5,11.648,13.52,214.349,1,45,6,2,60.734,20.155,8.249,441.882,58.745,92747.778,336983.713,15567.747,157415.328,195136.131,27.482,8.566,196.562,27.482,8.566,212.178,30.367,10.078,212.5,30.367,10.078,229.382,5.513,4.882,6.287,3.575,4382.068,3517.453,765.956,4920.375,3949.547,796.751,0.902,3185.626
MRM,Budget,260102001,2026,1,2,1,2026-1,149067.546,163978.694,8347.783,15589.691,15567.747,92747.778,8944.053,5366.432,54.964,17.132,7.259,408.741,0.835,0.98,0.925,0.883,0.955,0.884,0.95,5.18,781.942,4651.222,3733.5,11.648,13.52,214.349,2,45,6,2,60.734,20.155,8.249,441.882,58.745,92747.778,336983.713,15567.747,157415.328,195136.131,27.482,8.566,196.562,27.482,8.566,212.178,30.367,10.078,212.5,30.367,10.078,229.382,5.513,4.882,6.287,3.575,4382.068,3517.453,765.956,4920.375,3949.547,796.751,0.902,3185.626
MRM,Budget,260102002,2026,1,2,2,2026-1,149067.546,163978.694,8347.783,15589.691,15567.747,92747.778,8944.053,5366.432,54.964,17.132,7.259,408.741,0.835,0.98,0.925,0.883,0.955,0.884,0.95,5.18,781.942,4651.222,3733.5,11.648,13.52,214.349,3,45,6,2,60.734,20.155,8.249,441.882,58.745,92747.778,336983.713,15567.747,157415.328,195136.131,27.482,8.566,196.562,27.482,8.566,212.178,30.367,10.078,212.5,30.367,10.078,229.382,5.513,4.882,6.287,3.575,4382.068,3517.453,765.956,4920.375,3949.547,796.751,0.902,3185.626
MRM,Budget,260103001,2026,1,3,1,2026-1,149067.546,163978.694,8347.783,15589.691,15567.747,92747.778,8944.053,5366.432,54.964,17.132,7.259,408.741,0.835,0.98,0.925,0.883,0.955,0.884,0.95,5.18,781.942,4651.222,3733.5,11.648,13.52,214.349,4,45,6,2,60.734,20.155,8.249,441.882,58.745,92747.778,336983.713,15567.747,157415.328,195136.131,27.482,8.566,196.562,27.482,8.566,212.178,30.367,10.078,212.5,30.367,10.078,229.382,5.513,4.882,6.287,3.575,4382.068,3517.453,765.956,4920.375,3949.547,796.751,0.902,3185.626
MRM,Budget,260103002,2026,1,3,2,2026-1,149067.546,163978.694,8347.783,15589.691,15567.747,92747.778,8944.053,5366.432,54.964,17.132,7.259,408.741,0.835,0.98,0.925,0.883,0.955,0.884,0.95,5.18,781.942,4651.222,3733.5,11.648,13.52,214.349,5,45,6,2,60.734,20.155,8.249,441.882,58.745,92747.778,336983.713,15567.747,157415.328,195136.131,27.482,8.566,196.562,27.482,8.566,212.178,30.367,10.078,212.5,30.367,10.078,229.382,5.513,4.882,6.287,3.575,4382.068,3517.453,765.956,4920.375,3949.547,796.751,0.902,3185.626
MRM,Budget,260104001,2026,1,4,1,2026-1,149067.546,163978.694,8347.783,15589.691,15567.747,92747.778,8944.053,5366.432,54.964,17.132,7.259,408.741,0.835,0.98,0.925,0.883,0.955,0.884,0.95,5.18,781.942,4651.222,3733.5,11.648,13.52,214.349,6,45,6,2,60.734,20.155,8.249,441.882,58.745,92747.778,336983.713,15567.747,157415.328,195136.131,27.482,8.566,196.562,27.482,8.566,212.178,30.367,10.078,212.5,30.367,10.078,229.382,5.513,4.882,6.287,3.575,4382.068,3517.453,765.956,4920.375,3949.547,796.751,0.902,3185.626
MRM,Budget,260104002,2026,1,4,2,2026-1,149067.546,163978.694,8347.783,15589.691,15567.747,92747.778,8944.053,5366.432,54.964,17.132,7.259,408.741,0.835,0.98,0.925,0.883,0.955,0.884,0.95,5.18,781.942,4651.222,3733.5,11.648,13.52,214.349,7,45,6,2,60.734,20.155,8.249,441.882,58.745,92747.778,336983.713,15567.747,157415.328,195136.131,27.482,8.566,196.562,27.482,8.566,212.178,30.367,10.078,212.5,30.367,10.078,229.382,5.513,4.882,6.287,3.575,4382.068,3517.453,765.956,4920.375,3949.547,796.751,0.902,3185.626
MRM,Budget,260105001,2026,1,5,1,2026-1,149067.546,163978.694,8347.783,15589.691,15567.747,92747.778,8944.053,5366.432,54.964,17.132,7.259,408.741,0.835,0.98,0.925,0.883,0.955,0.884,0.95,5.18,781.942,4651.222,3733.5,11.648,13.52,214.349,8,45,6,2,60.734,20.155,8.249,441.882,58.745,92747.778,336983.713,15567.747,157415.328,195136.131,27.482,8.566,196.562,27.482,8.566,212.178,30.367,10.078,212.5,30.367,10.078,229.382,5.513,4.882,6.287,3.575,4382.068,3517.453,765.956,4920.375,3949.547,796.751,0.902,3185.626
MRM,Budget,260105002,2026,1,5,2,2026-1,149067.546,163978.694,8347.783,15589.691,15567.747,92747.778,8944.053,5366.432,54.964,17.132,7.259,408.741,0.835,0.98,0.925,0.883,0.955,0.884,0.95,5.18,781.942,4651.222,3733.5,11.648,13.52,214.349,9,45,6,2,60.734,20.155,8.249,441.882,58.745,92747.778,336983.713,15567.747,157415.328,195136.131,27.482,8.566,196.562,27.482,8.566,212.178,30.367,10.078,212.5,30.367,10.078,229.382,5.513,4.882,6.287,3.575,4382.068,3517.453,765.956,4920.375,3949.547,796.751,0.902,3185.626
MRM,Budget,260106001,2026,1,6,1,2026-1,149067.546,163978.694,8347.783,15589.691,15567.747,92747.778,8944.053,5366.432,54.964,17.132,7.259,408.741,0.835,0.98,0.925,0.883,0.955,0.884,0.95,5.18,781.942,4651.222,3733.5,11.648,13.52,214.349,10,45,6,2,60.734,20.155,8.249,441.882,58.745,92747.778,336983.713,15567.747,157415.328,195136.131,27.482,8.566,196.562,27.482,8.566,212.178,30.367,10.078,212.5,30.367,10.078,229.382,5.513,4.882,6.287,3.575,4382.068,3517.453,765.956,4920.375,3949.547,796.751,0.902,3185.626
MRM,Budget,260106002,2026,1,6,2,2026-1,149067.546,163978.694,8347.783,15589.691,15567.747,92747.778,8944.053,5366.432,54.964,17.132,7.259,408.741,0.835,0.98,0.925,0.883,0.955,0.884,0.95,5.18,781.942,4651.222,3733.5,11.648,13.52,214.349,11,45,6,2,60.734,20.155,8.249,441.882,58.745,92747.778,336983.713,15567.747,157415.328,195136.131,27.482,8.566,196.562,27.482,8.566,212.178,30.367,10.078,212.5,30.367,10.078,229.382,5.513,4.882,6.287,3.575,4382.068,3517.453,765.956,4920.375,3949.547,796.751,0.902,3185.626
MRM,Budget,260107001,2026,1,7,1,2026-1,149067.546,163978.694,8347.783,15589.691,15567.747,92747.778,8944.053,5366.432,54.964,17.132,7.259,408.741,0.835,0.98,0.925,0.883,0.955,0.884,0.95,5.18,781.942,4651.222,3733.5,11.648,13.52,214.349,12,45,6,2,60.734,20.155,8.249,441.882,58.745,92747.778,336983.713,15567.747,157415.328,195136.131,27.482,8.566,196.562,27.482,8.566,212.178,30.367,10.078,212.5,30.367,10.078,229.382,5.513,4.882,6.287,3.575,4382.068,3517.453,765.956,4920.375,3949.547,796.751,0.902,3185.626
MRM,Budget,260107002,2026,1,7,2,2026-1,149067.546,163978.694,8347.783,15589.691,15567.747,92747.778,8944.053,5366.432,54.964,17.132,7.259,408.741,0.835,0.98,0.925,0.883,0.955,0.884,0.95,5.18,781.942,4651.222,3733.5,11.648,13.52,214.349,13,45,6,2,60.734,20.155,8.249,441.882,58.745,92747.778,336983.713,15567.747,157415.328,195136.131,27.482,8.566,196.562,27.482,8.566,212.178,30.367,10.078,212.5,30.367,10.078,229.382,5.513,4.882,6.287,3.575,4382.068,3517.453,765.956,4920.375,3949.547,796.751,0.902,3185.626
MRM,Budget,260108001,2026,1,8,1,2026-1,149067.546,163978.694,8347.783,15589.691,15567.747,92747.778,8944.053,5366.432,54.964,17.132,7.259,408.741,0.835,0.98,0.925,0.883,0.955,0.884,0.95,5.18,781.942,4651.222,3733.5,11.648,13.52,214.349,14,45,6,2,60.734,20.155,8.249,441.882,58.745,92747.778,336983.713,15567.747,157415.328,195136.131,27.482,8.566,196.562,27.482,8.566,212.178,30.367,10.078,212.5,30.367,10.078,229.382,5.513,4.882,6.287,3.575,4382.068,3517.453,765.956,4920.375,3949.547,796.751,0.902,3185.626
MRM,Budget,260108002,2026,1,8,2,2026-1,149067.546,163978.694,8347.783,15589.691,15567.747,92747.778,8944.053,5366.432,54.964,17.132,7.259,408.741,0.835,0.98,0.925,0.883,0.955,0.884,0.95,5.18,781.942,4651.222,3733.5,11.648,13.52,214.349,15,45,6,2,60.734,20.155,8.249,441.882,58.745,92747.778,336983.713,15567.747,157415.328,195136.131,27.482,8.566,196.562,27.482,8.566,212.178,30.367,10.078,212.5,30.367,10.078,229.382,5.513,4.882,6.287,3.575,4382.068,3517.453,765.956,4920.375,3949.547,796.751,0.902,3185.626
MRM,Budget,260109001,2026,1,9,1,2026-1,149067.546,163978.694,8347.783,15589.691,15567.747,92747.778,8944.053,5366.432,54.964,17.132,7.259,408.741,0.835,0.98,0.925,0.883,0.955,0.884,0.95,5.18,781.942,4651.222,3733.5,11.648,13.52,214.349,16,45,6,2,60.734,20.155,8.249,441.882,58.745,92747.778,336983.713,15567.747,157415.328,195136.131,27.482,8.566,196.562,27.482,8.566,212.178,30.367,10.078,212.5,30.367,10.078,229.382,5.513,4.882,6.287,3.575,4382.068,3517.453,765.956,4920.375,3949.547,796.751,0.902,3185.626
MRM,Budget,260109002,2026,1,9,2,2026-1,149067.546,163978.694,8347.783,15589.691,15567.747,92747.778,8944.053,5366.432,54.964,17.132,7.259,408.741,0.835,0.98,0.925,0.883,0.955,0.884,0.95,5.18,781.942,4651.222,3733.5,11.648,13.52,214.349,17,45,6,2,60.734,20.155,8.249,441.882,58.745,92747.778,336983.713,15567.747,157415.328,195136.131,27.482,8.566,196.562,27.482,8.566,212.178,30.367,10.078,212.5,30.367,10.078,229.382,5.513,4.882,6.287,3.575,4382.068,3517.453,765.956,4920.375,3949.547,796.751,0.902,3185.626
MRM,Budget,260110001,2026,1,10,1,2026-1,149067.546,163978.694,8347.783,15589.691,15567.747,92747.778,8944.053,5366.432,54.964,17.132,7.259,408.741,0.835,0.98,0.925,0.883,0.955,0.884,0.95,5.18,781.942,4651.222,3733.5,11.648,13.52,214.349,18,45,6,2,60.734,20.155,8.249,441.882,58.745,92747.778,336983.713,15567.747,157415.328,195136.131,27.482,8.566,196.562,27.482,8.566,212.178,30.367,10.078,212.5,30.367,10.078,229.382,5.513,4.882,6.287,3.575,4382.068,3517.453,765.956,4920.375,3949.547,796.751,0.902,3185.626
MRM,Budget,260110002,2026,1,10,2,2026-1,149067.546,163978.694,8347.783,15589.691,15567.747,92747.778,8944.053,5366.432,54.964,17.132,7.259,408.741,0.835,0.98,0.925,0.883,0.955,0.884,0.95,5.18,781.942,4651.222,3733.5,11.648,13.52,214.349,19,45,6,2,60.734,20.155,8.249,441.882,58.745,92747.778,336983.713,15567.747,157415.328,195136.131,27.482,8.566,196.562,27.482,8.566,212.178,30.367,10.078,212.5,30.367,10.078,229.382,5.513,4.882,6.287,3.575,4382.068,3517.453,765.956,4920.375,3949.547,796.751,0.902,3185.626
MRM,Budget,260111001,2026,1,11,1,2026-1,149067.546,163978.694,8347.783,15589.691,15567.747,92747.778,8944.053,5366.432,54.964,17.132,7.259,408.741,0.835,0.98,0.925,0.883,0.955,0.884,0.95,5.18,781.942,4651.222,3733.5,11.648,13.52,214.349,20,45,6,2,60.734,20.155,8.249,441.882,58.745,92747.778,336983.713,15567.747,157415.328,195136.131,27.482,8.566,196.562,27.482,8.566,212.178,30.367,10.078,212.5,30.367,10.078,229.382,5.513,4.882,6.287,3.575,4382.068,3517.453,765.956,4920.375,3949.547,796.751,0.902,3185.626
MRM,Budget,260111002,2026,1,11,2,2026-1,149067.546,163978.694,8347.783,15589.691,15567.747,92747.778,8944.053,5366.432,54.964,17.132,7.259,408.741,0.835,0.98,0.925,0.883,0.955,0.884,0.95,5.18,781.942,4651.222,3733.5,11.648,13.52,214.349,21,45,6,2,60.734,20.155,8.249,441.882,58.745,92747.778,336983.713,15567.747,157415.328,195136.131,27.482,8.566,196.562,27.482,8.566,212.178,30.367,10.078,212.5,30.367,10.078,229.382,5.513,4.882,6.287,3.575,4382.068,3517.453,765.956,4920.375,3949.547,796.751,0.902,3185.626
MRM,Budget,260112001,2026,1,12,1,2026-1,149067.546,163978.694,8347.783,15589.691,15567.747,92747.778,8944.053,5366.432,54.964,17.132,7.259,408.741,0.835,0.98,0.925,0.883,0.955,0.884,0.95,5.18,781.942,4651.222,3733.5,11.648,13.52,214.349,22,45,6,2,60.734,20.155,8.249,441.882,58.745,92747.778,336983.713,15567.747,157415.328,195136.131,27.482,8.566,196.562,27.482,8.566,212.178,30.367,10.078,212.5,30.367,10.078,229.382,5.513,4.882,6.287,3.575,4382.068,3517.453,765.956,4920.375,3949.547,796.751,0.902,3185.626
MRM,Budget,260112002,2026,1,12,2,2026-1,149067.546,163978.694,8347.783,15589.691,15567.747,92747.778,8944.053,5366.432,54.964,17.132,7.259,408.741,0.835,0.98,0.925,0.883,0.955,0.884,0.95,5.18,781.942,4651.222,3733.5,11.648,13.52,214.349,23,45,6,2,60.734,20.155,8.249,441.882,58.745,92747.778,336983.713,15567.747,157415.328,195136.131,27.482,8.566,196.562,27.482,8.566,212.178,30.367,10.078,212.5,30.367,10.078,229.382,5.513,4.882,6.287,3.575,4382.068,3517.453,765.956,4920.375,3949.547,796.751,0.902,3185.626
MRM,Budget,260113001,2026,1,13,1,2026-1,149067.546,163978.694,8347.783,15589.691,15567.747,92747.778,8944.053,5366.432,54.964,17.132,7.259,408.741,0.835,0.98,0.925,0.883,0.955,0.884,0.95,5.18,781.942,4651.222,3733.5,11.648,13.52,214.349,24,45,6,2,60.734,20.155,8.249,441.882,58.745,92747.778,336983.713,15567.747,157415.328,195136.131,27.482,8.566,196.562,27.482,8.566,212.178,30.367,10.078,212.5,30.367,10.078,229.382,5.513,4.882,6.287,3.575,4382.068,3517.453,765.956,4920.375,3949.547,796.751,0.902,3185.626
MRM,Budget,260113002,2026,1,13,2,2026-1,149067.546,163978.694,8347.783,15589.691,15567.747,92747.778,8944.053,5366.432,54.964,17.132,7.259,408.741,0.835,0.98,0.925,0.883,0.955,0.884,0.95,5.18,781.942,4651.222,3733.5,11.648,13.52,214.349,25,45,6,2,60.734,20.155,8.249,441.882,58.745,92747.778,336983.713,15567.747,157415.328,195136.131,27.482,8.566,196.562,27.482,8.566,212.178,30.367,10.078,212.5,30.367,10.078,229.382,5.513,4.882,6.287,3.575,4382.068,3517.453,765.956,4920.375,3949.547,796.751,0.902,3185.626
MRM,Budget,260114001,2026,1,14,1,2026-1,149067.546,163978.694,8347.783,15589.691,15567.747,92747.778,8944.053,5366.432,54.964,17.132,7.259,408.741,0.835,0.98,0.925,0.883,0.955,0.884,0.95,5.18,781.942,4651.222,3733.5,11.648,13.52,214.349,26,45,6,2,60.734,20.155,8.249,441.882,58.745,92747.778,336983.713,15567.747,157415.328,195136.131,27.482,8.566,196.562,27.482,8.566,212.178,30.367,10.078,212.5,30.367,10.078,229.382,5.513,4.882,6.287,3.575,4382.068,3517.453,765.956,4920.375,3949.547,796.751,0.902,3185.626
MRM,Budget,260114002,2026,1,14,2,2026-1,149067.546,163978.694,8347.783,15589.691,15567.747,92747.778,8944.053,5366.432,54.964,17.132,7.259,408.741,0.835,0.98,0.925,0.883,0.955,0.884,0.95,5.18,781.942,4651.222,3733.5,11.648,13.52,214.349,27,45,6,2,60.734,20.155,8.249,441.882,58.745,92747.778,336983.713,15567.747,157415.328,195136.131,27.482,8.566,196.562,27.482,8.566,212.178,30.367,10.078,212.5,30.367,10.078,229.382,5.513,4.882,6.287,3.575,4382.068,3517.453,765.956,4920.375,3949.547,796.751,0.902,3185.626
MRM,Budget,260115001,2026,1,15,1,2026-1,149067.546,163978.694,8347.783,15589.691,15567.747,92747.778,8944.053,5366.432,54.964,17.132,7.259,408.741,0.835,0.98,0.925,0.883,0.955,0.884,0.95,5.18,781.942,4651.222,3733.5,11.648,13.52,214.349,28,45,6,2,60.734,20.155,8.249,441.882,58.745,92747.778,336983.713,15567.747,157415.328,195136.131,27.482,8.566,196.562,27.482,8.566,212.178,30.367,10.078,212.5,30.367,10.078,229.382,5.513,4.882,6.287,3.575,4382.068,3517.453,765.956,4920.375,3949.547,796.751,0.902,3185.626
MRM,Budget,260115002,2026,1,15,2,2026-1,149067.546,163978.694,8347.783,15589.691,15567.747,92747.778,8944.053,5366.432,54.964,17.132,7.259,408.741,0.835,0.98,0.925,0.883,0.955,0.884,0.95,5.18,781.942,4651.222,3733.5,11.648,13.52,214.349,29,45,6,2,60.734,20.155,8.249,441.882,58.745,92747.778,336983.713,15567.747,157415.328,195136.131,27.482,8.566,196.562,27.482,8.566,212.178,30.367,10.078,212.5,30.367,10.078,229.382,5.513,4.882,6.287,3.575,4382.068,3517.453,765.956,4920.375,3949.547,796.751,0.902,3185.626
MRM,Budget,260116001,2026,1,16,1,2026-1,149067.546,163978.694,8347.783,15589.691,15567.747,92747.778,8944.053,5366.432,54.964,17.132,7.259,408.741,0.835,0.98,0.925,0.883,0.955,0.884,0.95,5.18,781.942,4651.222,3733.5,11.648,13.52,214.349,30,45,6,2,60.734,20.155,8.249,441.882,58.745,92747.778,336983.713,15567.747,157415.328,195136.131,27.482,8.566,196.562,27.482,8.566,212.178,30.367,10.078,212.5,30.367,10.078,229.382,5.513,4.882,6.287,3.575,4382.068,3517.453,765.956,4920.375,3949.547,796.751,0.902,3185.626
MRM,Budget,260116002,2026,1,16,2,2026-1,149067.546,163978.694,8347.783,15589.691,15567.747,92747.778,8944.053,5366.432,54.964,17.132,7.259,408.741,0.835,0.98,0.925,0.883,0.955,0.884,0.95,5.18,781.942,4651.222,3733.5,11.648,13.52,214.349,31,45,6,2,60.734,20.155,8.249,441.882,58.745,92747.778,336983.713,15567.747,157415.328,195136.131,27.482,8.566,196.562,27.482,8.566,212.178,30.367,10.078,212.5,30.367,10.078,229.382,5.513,4.882,6.287,3.575,4382.068,3517.453,765.956,4920.375,3949.547,796.751,0.902,3185.626
MRM,Budget,260117001,2026,1,17,1,2026-1,149067.546,163978.694,8347.783,15589.691,15567.747,92747.778,8944.053,5366.432,54.964,17.132,7.259,408.741,0.835,0.98,0.925,0.883,0.955,0.884,0.95,5.18,781.942,4651.222,3733.5,11.648,13.52,214.349,32,45,6,2,60.734,20.155,8.249,441.882,58.745,92747.778,336983.713,15567.747,157415.328,195136.131,27.482,8.566,196.562,27.482,8.566,212.178,30.367,10.078,212.5,30.367,10.078,229.382,5.513,4.882,6.287,3.575,4382.068,3517.453,765.956,4920.375,3949.547,796.751,0.902,3185.626
MRM,Budget,260117002,2026,1,17,2,2026-1,149067.546,163978.694,8347.783,15589.691,15567.747,92747.778,8944.053,5366.432,54.964,17.132,7.259,408.741,0.835,0.98,0.925,0.883,0.955,0.884,0.95,5.18,781.942,4651.222,3733.5,11.648,13.52,214.349,33,45,6,2,60.734,20.155,8.249,441.882,58.745,92747.778,336983.713,15567.747,157415.328,195136.131,27.482,8.566,196.562,27.482,8.566,212.178,30.367,10.078,212.5,30.367,10.078,229.382,5.513,4.882,6.287,3.575,4382.068,3517.453,765.956,4920.375,3949.547,796.751,0.902,3185.626
MRM,Budget,260118001,2026,1,18,1,2026-1,149067.546,163978.694,8347.783,15589.691,15567.747,92747.778,8944.053,5366.432,54.964,17.132,7.259,408.741,0.835,0.98,0.925,0.883,0.955,0.884,0.95,5.18,781.942,4651.222,3733.5,11.648,13.52,214.349,34,45,6,2,60.734,20.155,8.249,441.882,58.745,92747.778,336983.713,15567.747,157415.328,195136.131,27.482,8.566,196.562,27.482,8.566,212.178,30.367,10.078,212.5,30.367,10.078,229.382,5.513,4.882,6.287,3.575,4382.068,3517.453,765.956,4920.375,3949.547,796.751,0.902,3185.626
MRM,Budget,260118002,2026,1,18,2,2026-1,149067.546,163978.694,8347.783,15589.691,15567.747,92747.778,8944.053,5366.432,54.964,17.132,7.259,408.741,0.835,0.98,0.925,0.883,0.955,0.884,0.95,5.18,781.942,4651.222,3733.5,11.648,13.52,214.349,35,45,6,2,60.734,20.155,8.249,441.882,58.745,92747.778,336983.713,15567.747,157415.328,195136.131,27.482,8.566,196.562,27.482,8.566,212.178,30.367,10.078,212.5,30.367,10.078,229.382,5.513,4.882,6.287,3.575,4382.068,3517.453,765.956,4920.375,3949.547,796.751,0.902,3185.626
MRM,Budget,260119001,2026,1,19,1,2026-1,149067.546,163978.694,8347.783,15589.691,15567.747,92747.778,8944.053,5366.432,54.964,17.132,7.259,408.741,0.835,0.98,0.925,0.883,0.955,0.884,0.95,5.18,781.942,4651.222,3733.5,11.648,13.52,214.349,36,45,6,2,60.734,20.155,8.249,441.882,58.745,92747.778,336983.713,15567.747,157415.328,195136.131,27.482,8.566,196.562,27.482,8.566,212.178,30.367,10.078,212.5,30.367,10.078,229.382,5.513,4.882,6.287,3.575,4382.068,3517.453,765.956,4920.375,3949.547,796.751,0.902,3185.626
MRM,Budget,260119002,2026,1,19,2,2026-1,149067.546,163978.694,8347.783,15589.691,15567.747,92747.778,8944.053,5366.432,54.964,17.132,7.259,408.741,0.835,0.98,0.925,0.883,0.955,0.884,0.95,5.18,781.942,4651.222,3733.5,11.648,13.52,214.349,37,45,6,2,60.734,20.155,8.249,441.882,58.745,92747.778,336983.713,15567.747,157415.328,195136.131,27.482,8.566,196.562,27.482,8.566,212.178,30.367,10.078,212.5,30.367,10.078,229.382,5.513,4.882,6.287,3.575,4382.068,3517.453,765.956,4920.375,3949.547,796.751,0.902,3185.626
MRM,Budget,260120001,2026,1,20,1,2026-1,149067.546,163978.694,8347.783,15589.691,15567.747,92747.778,8944.053,5366.432,54.964,17.132,7.259,408.741,0.835,0.98,0.925,0.883,0.955,0.884,0.95,5.18,781.942,4651.222,3733.5,11.648,13.52,214.349,38,45,6,2,60.734,20.155,8.249,441.882,58.745,92747.778,336983.713,15567.747,157415.328,195136.131,27.482,8.566,196.562,27.482,8.566,212.178,30.367,10.078,212.5,30.367,10.078,229.382,5.513,4.882,6.287,3.575,4382.068,3517.453,765.956,4920.375,3949.547,796.751,0.902,3185.626
MRM,Budget,260120002,2026,1,20,2,2026-1,149067.546,163978.694,8347.783,15589.691,15567.747,92747.778,8944.053,5366.432,54.964,17.132,7.259,408.741,0.835,0.98,0.925,0.883,0.955,0.884,0.95,5.18,781.942,4651.222,3733.5,11.648,13.52,214.349,39,45,6,2,60.734,20.155,8.249,441.882,58.745,92747.778,336983.713,15567.747,157415.328,195136.131,27.482,8.566,196.562,27.482,8.566,212.178,30.367,10.078,212.5,30.367,10.078,229.382,5.513,4.882,6.287,3.575,4382.068,3517.453,765.956,4920.375,3949.547,796.751,0.902,3185.626
MRM,Budget,260121001,2026,1,21,1,2026-1,149067.546,163978.694,8347.783,15589.691,15567.747,92747.778,8944.053,5366.432,54.964,17.132,7.259,408.741,0.835,0.98,0.925,0.883,0.955,0.884,0.95,5.18,781.942,4651.222,3733.5,11.648,13.52,214.349,40,45,6,2,60.734,20.155,8.249,441.882,58.745,92747.778,336983.713,15567.747,157415.328,195136.131,27.482,8.566,196.562,27.482,8.566,212.178,30.367,10.078,212.5,30.367,10.078,229.382,5.513,4.882,6.287,3.575,4382.068,3517.453,765.956,4920.375,3949.547,796.751,0.902,3185.626
MRM,Budget,260121002,2026,1,21,2,2026-1,149067.546,163978.694,8347.783,15589.691,15567.747,92747.778,8944.053,5366.432,54.964,17.132,7.259,408.741,0.835,0.98,0.925,0.883,0.955,0.884,0.95,5.18,781.942,4651.222,3733.5,11.648,13.52,214.349,41,45,6,2,60.734,20.155,8.249,441.882,58.745,92747.778,336983.713,15567.747,157415.328,195136.131,27.482,8.566,196.562,27.482,8.566,212.178,30.367,10.078,212.5,30.367,10.078,229.382,5.513,4.882,6.287,3.575,4382.068,3517.453,765.956,4920.375,3949.547,796.751,0.902,3185.626
MRM,Budget,260122001,2026,1,22,1,2026-1,149067.546,163978.694,8347.783,15589.691,15567.747,92747.778,8944.053,5366.432,54.964,17.132,7.259,408.741,0.835,0.98,0.925,0.883,0.955,0.884,0.95,5.18,781.942,4651.222,3733.5,11.648,13.52,214.349,42,45,6,2,60.734,20.155,8.249,441.882,58.745,92747.778,336983.713,15567.747,157415.328,195136.131,27.482,8.566,196.562,27.482,8.566,212.178,30.367,10.078,212.5,30.367,10.078,229.382,5.513,4.882,6.287,3.575,4382.068,3517.453,765.956,4920.375,3949.547,796.751,0.902,3185.626
MRM,Budget,260122002,2026,1,22,2,2026-1,149067.546,163978.694,8347.783,15589.691,15567.747,92747.778,8944.053,5366.432,54.964,17.132,7.259,408.741,0.835,0.98,0.925,0.883,0.955,0.884,0.95,5.18,781.942,4651.222,3733.5,11.648,13.52,214.349,43,45,6,2,60.734,20.155,8.249,441.882,58.745,92747.778,336983.713,15567.747,157415.328,195136.131,27.482,8.566,196.562,27.482,8.566,212.178,30.367,10.078,212.5,30.367,10.078,229.382,5.513,4.882,6.287,3.575,4382.068,3517.453,765.956,4920.375,3949.547,796.751,0.902,3185.626
MRM,Budget,260123001,2026,1,23,1,2026-1,149067.546,163978.694,8347.783,15589.691,15567.747,92747.778,8944.053,5366.432,54.964,17.132,7.259,408.741,0.835,0.98,0.925,0.883,0.955,0.884,0.95,5.18,781.942,4651.222,3733.5,11.648,13.52,214.349,44,45,6,2,60.734,20.155,8.249,441.882,58.745,92747.778,336983.713,15567.747,157415.328,195136.131,27.482,8.566,196.562,27.482,8.566,212.178,30.367,10.078,212.5,30.367,10.078,229.382,5.513,4.882,6.287,3.575,4382.068,3517.453,765.956,4920.375,3949.547,796.751,0.902,3185.626
MRM,Budget,260123002,2026,1,23,2,2026-1,149067.546,163978.694,8347.783,15589.691,15567.747,92747.778,8944.053,5366.432,54.964,17.132,7.259,408.741,0.835,0.98,0.925,0.883,0.955,0.884,0.95,5.18,781.942,4651.222,3733.5,11.648,13.52,214.349,45,45,6,2,60.734,20.155,8.249,441.882,58.745,92747.778,336983.713,15567.747,157415.328,195136.131,27.482,8.566,196.562,27.482,8.566,212.178,30.367,10.078,212.5,30.367,10.078,229.382,5.513,4.882,6.287,3.575,4382.068,3517.453,765.956,4920.375,3949.547,796.751,0.902,3185.626
MRM,Budget,260124001,2026,1,24,1,2026-1,149067.546,163978.694,8347.783,15589.691,15567.747,92747.778,8944.053,5366.432,54.964,17.132,7.259,408.741,0.835,0.98,0.925,0.883,0.955,0.884,0.95,5.18,781.942,4651.222,3733.5,11.648,13.52,214.349,46,45,6,2,60.734,20.155,8.249,441.882,58.745,92747.778,336983.713,15567.747,157415.328,195136.131,27.482,8.566,196.562,27.482,8.566,212.178,30.367,10.078,212.5,30.367,10.078,229.382,5.513,4.882,6.287,3.575,4382.068,3517.453,765.956,4920.375,3949.547,796.751,0.902,3185.626
MRM,Budget,260124002,2026,1,24,2,2026-1,149067.546,163978.694,8347.783,15589.691,15567.747,92747.778,8944.053,5366.432,54.964,17.132,7.259,408.741,0.835,0.98,0.925,0.883,0.955,0.884,0.95,5.18,781.942,4651.222,3733.5,11.648,13.52,214.349,47,45,6,2,60.734,20.155,8.249,441.882,58.745,92747.778,336983.713,15567.747,157415.328,195136.131,27.482,8.566,196.562,27.482,8.566,212.178,30.367,10.078,212.5,30.367,10.078,229.382,5.513,4.882,6.287,3.575,4382.068,3517.453,765.956,4920.375,3949.547,796.751,0.902,3185.626
MRM,Budget,260125001,2026,1,25,1,2026-1,149067.546,163978.694,8347.783,15589.691,15567.747,92747.778,8944.053,5366.432,54.964,17.132,7.259,408.741,0.835,0.98,0.925,0.883,0.955,0.884,0.95,5.18,781.942,4651.222,3733.5,11.648,13.52,214.349,48,45,6,2,60.734,20.155,8.249,441.882,58.745,92747.778,336983.713,15567.747,157415.328,195136.131,27.482,8.566,196.562,27.482,8.566,212.178,30.367,10.078,212.5,30.367,10.078,229.382,5.513,4.882,6.287,3.575,4382.068,3517.453,765.956,4920.375,3949.547,796.751,0.902,3185.626
MRM,Budget,260125002,2026,1,25,2,2026-1,149067.546,163978.694,8347.783,15589.691,15567.747,92747.778,8944.053,5366.432,54.964,17.132,7.259,408.741,0.835,0.98,0.925,0.883,0.955,0.884,0.95,5.18,781.942,4651.222,3733.5,11.648,13.52,214.349,49,45,6,2,60.734,20.155,8.249,441.882,58.745,92747.778,336983.713,15567.747,157415.328,195136.131,27.482,8.566,196.562,27.482,8.566,212.178,30.367,10.078,212.5,30.367,10.078,229.382,5.513,4.882,6.287,3.575,4382.068,3517.453,765.956,4920.375,3949.547,796.751,0.902,3185.626
MRM,Budget,260126001,2026,1,26,1,2026-1,149067.546,163978.694,8347.783,15589.691,15567.747,92747.778,8944.053,5366.432,54.964,17.132,7.259,408.741,0.835,0.98,0.925,0.883,0.955,0.884,0.95,5.18,781.942,4651.222,3733.5,11.648,13.52,214.349,50,45,6,2,60.734,20.155,8.249,441.882,58.745,92747.778,336983.713,15567.747,157415.328,195136.131,27.482,8.566,196.562,27.482,8.566,212.178,30.367,10.078,212.5,30.367,10.078,229.382,5.513,4.882,6.287,3.575,4382.068,3517.453,765.956,4920.375,3949.547,796.751,0.902,3185.626
MRM,Budget,260126002,2026,1,26,2,2026-1,149067.546,163978.694,8347.783,15589.691,15567.747,92747.778,8944.053,5366.432,54.964,17.132,7.259,408.741,0.835,0.98,0.925,0.883,0.955,0.884,0.95,5.18,781.942,4651.222,3733.5,11.648,13.52,214.349,51,45,6,2,60.734,20.155,8.249,441.882,58.745,92747.778,336983.713,15567.747,157415.328,195136.131,27.482,8.566,196.562,27.482,8.566,212.178,30.367,10.078,212.5,30.367,10.078,229.382,5.513,4.882,6.287,3.575,4382.068,3517.453,765.956,4920.375,3949.547,796.751,0.902,3185.626
MRM,Budget,260127001,2026,1,27,1,2026-1,149067.546,163978.694,8347.783,15589.691,15567.747,92747.778,8944.053,5366.432,54.964,17.132,7.259,408.741,0.835,0.98,0.925,0.883,0.955,0.884,0.95,5.18,781.942,4651.222,3733.5,11.648,13.52,214.349,52,45,6,2,60.734,20.155,8.249,441.882,58.745,92747.778,336983.713,15567.747,157415.328,195136.131,27.482,8.566,196.562,27.482,8.566,212.178,30.367,10.078,212.5,30.367,10.078,229.382,5.513,4.882,6.287,3.575,4382.068,3517.453,765.956,4920.375,3949.547,796.751,0.902,3185.626
MRM,Budget,260127002,2026,1,27,2,2026-1,149067.546,163978.694,8347.783,15589.691,15567.747,92747.778,8944.053,5366.432,54.964,17.132,7.259,408.741,0.835,0.98,0.925,0.883,0.955,0.884,0.95,5.18,781.942,4651.222,3733.5,11.648,13.52,214.349,53,45,6,2,60.734,20.155,8.249,441.882,58.745,92747.778,336983.713,15567.747,157415.328,195136.131,27.482,8.566,196.562,27.482,8.566,212.178,30.367,10.078,212.5,30.367,10.078,229.382,5.513,4.882,6.287,3.575,4382.068,3517.453,765.956,4920.375,3949.547,796.751,0.902,3185.626
MRM,Budget,260128001,2026,1,28,1,2026-1,149067.546,163978.694,8347.783,15589.691,15567.747,92747.778,8944.053,5366.432,54.964,17.132,7.259,408.741,0.835,0.98,0.925,0.883,0.955,0.884,0.95,5.18,781.942,4651.222,3733.5,11.648,13.52,214.349,54,45,6,2,60.734,20.155,8.249,441.882,58.745,92747.778,336983.713,15567.747,157415.328,195136.131,27.482,8.566,196.562,27.482,8.566,212.178,30.367,10.078,212.5,30.367,10.078,229.382,5.513,4.882,6.287,3.575,4382.068,3517.453,765.956,4920.375,3949.547,796.751,0.902,3185.626
MRM,Budget,260128002,2026,1,28,2,2026-1,149067.546,163978.694,8347.783,15589.691,15567.747,92747.778,8944.053,5366.432,54.964,17.132,7.259,408.741,0.835,0.98,0.925,0.883,0.955,0.884,0.95,5.18,781.942,4651.222,3733.5,11.648,13.52,214.349,55,45,6,2,60.734,20.155,8.249,441.882,58.745,92747.778,336983.713,15567.747,157415.328,195136.131,27.482,8.566,196.562,27.482,8.566,212.178,30.367,10.078,212.5,30.367,10.078,229.382,5.513,4.882,6.287,3.575,4382.068,3517.453,765.956,4920.375,3949.547,796.751,0.902,3185.626
MRM,Budget,260129001,2026,1,29,1,2026-1,149067.546,163978.694,8347.783,15589.691,15567.747,92747.778,8944.053,5366.432,54.964,17.132,7.259,408.741,0.835,0.98,0.925,0.883,0.955,0.884,0.95,5.18,781.942,4651.222,3733.5,11.648,13.52,214.349,56,45,6,2,60.734,20.155,8.249,441.882,58.745,92747.778,336983.713,15567.747,157415.328,195136.131,27.482,8.566,196.562,27.482,8.566,212.178,30.367,10.078,212.5,30.367,10.078,229.382,5.513,4.882,6.287,3.575,4382.068,3517.453,765.956,4920.375,3949.547,796.751,0.902,3185.626
MRM,Budget,260129002,2026,1,29,2,2026-1,149067.546,163978.694,8347.783,15589.691,15567.747,92747.778,8944.053,5366.432,54.964,17.132,7.259,408.741,0.835,0.98,0.925,0.883,0.955,0.884,0.95,5.18,781.942,4651.222,3733.5,11.648,13.52,214.349,57,45,6,2,60.734,20.155,8.249,441.882,58.745,92747.778,336983.713,15567.747,157415.328,195136.131,27.482,8.566,196.562,27.482,8.566,212.178,30.367,10.078,212.5,30.367,10.078,229.382,5.513,4.882,6.287,3.575,4382.068,3517.453,765.956,4920.375,3949.547,796.751,0.902,3185.626
MRM,Budget,260130001,2026,1,30,1,2026-1,149067.546,163978.694,8347.783,15589.691,15567.747,92747.778,8944.053,5366.432,54.964,17.132,7.259,408.741,0.835,0.98,0.925,0.883,0.955,0.884,0.95,5.18,781.942,4651.222,3733.5,11.648,13.52,214.349,58,45,6,2,60.734,20.155,8.249,441.882,58.745,92747.778,336983.713,15567.747,157415.328,195136.131,27.482,8.566,196.562,27.482,8.566,212.178,30.367,10.078,212.5,30.367,10.078,229.382,5.513,4.882,6.287,3.575,4382.068,3517.453,765.956,4920.375,3949.547,796.751,0.902,3185.626
MRM,Budget,260130002,2026,1,30,2,2026-1,149067.546,163978.694,8347.783,15589.691,15567.747,92747.778,8944.053,5366.432,54.964,17.132,7.259,408.741,0.835,0.98,0.925,0.883,0.955,0.884,0.95,5.18,781.942,4651.222,3733.5,11.648,13.52,214.349,59,45,6,2,60.734,20.155,8.249,441.882,58.745,92747.778,336983.713,15567.747,157415.328,195136.131,27.482,8.566,196.562,27.482,8.566,212.178,30.367,10.078,212.5,30.367,10.078,229.382,5.513,4.882,6.287,3.575,4382.068,3517.453,765.956,4920.375,3949.547,796.751,0.902,3185.626
MRM,Budget,260131001,2026,1,31,1,2026-1,149067.546,163978.694,8347.783,15589.691,15567.747,92747.778,8944.053,5366.432,54.964,17.132,7.259,408.741,0.835,0.98,0.925,0.883,0.955,0.884,0.95,5.18,781.942,4651.222,3733.5,11.648,13.52,214.349,60,45,6,2,60.734,20.155,8.249,441.882,58.745,92747.778,336983.713,15567.747,157415.328,195136.131,27.482,8.566,196.562,27.482,8.566,212.178,30.367,10.078,212.5,30.367,10.078,229.382,5.513,4.882,6.287,3.575,4382.068,3517.453,765.956,4920.375,3949.547,796.751,0.902,3185.626
MRM,Budget,260131002,2026,1,31,2,2026-1,149067.546,163978.694,8347.783,15589.691,15567.747,92747.778,8944.053,5366.432,54.964,17.132,7.259,408.741,0.835,0.98,0.925,0.883,0.955,0.884,0.95,5.18,781.942,4651.222,3733.5,11.648,13.52,214.349,61,45,6,2,60.734,20.155,8.249,441.882,58.745,92747.778,336983.713,15567.747,157415.328,195136.131,27.482,8.566,196.562,27.482,8.566,212.178,30.367,10.078,212.5,30.367,10.078,229.382,5.513,4.882,6.287,3.575,4382.068,3517.453,765.956,4920.375,3949.547,796.751,0.902,3185.626
MRM,Budget,260201001,2026,2,1,1,2026-2,147567.095,169395.969,8263.757,15807.748,17235.72,101149.751,8854.026,5312.415,50.037,17.132,7.265,408.741,0.835,0.98,0.925,0.804,0.955,0.884,0.95,5.123,792.125,5080.902,4059.189,11.791,12.715,198.064,62,45,6,2,55.289,20.155,8.256,441.882,62.457,101149.751,341034.569,17235.72,155830.852,202439.437,25.018,6.853,189.622,25.018,10.279,219.119,27.645,8.062,204.997,27.645,12.093,236.885,5.052,5.185,6.968,3.716,4889.258,3899.349,785.998,5272.547,4165.749,797.427,0.902,3534.423
MRM,Budget,260201002,2026,2,1,2,2026-2,147567.095,169395.969,8263.757,15807.748,17235.72,101149.751,8854.026,5312.415,50.037,17.132,7.265,408.741,0.835,0.98,0.925,0.804,0.955,0.884,0.95,5.123,792.125,5080.902,4059.189,11.791,12.715,198.064,63,45,6,2,55.289,20.155,8.256,441.882,62.457,101149.751,341034.569,17235.72,155830.852,202439.437,25.018,6.853,189.622,25.018,10.279,219.119,27.645,8.062,204.997,27.645,12.093,236.885,5.052,5.185,6.968,3.716,4889.258,3899.349,785.998,5272.547,4165.749,797.427,0.902,3534.423
MRM,Budget,260202001,2026,2,2,1,2026-2,147567.095,169395.969,8263.757,15807.748,17235.72,101149.751,8854.026,5312.415,50.037,17.132,7.265,408.741,0.835,0.98,0.925,0.804,0.955,0.884,0.95,5.123,792.125,5080.902,4059.189,11.791,12.715,198.064,64,45,6,2,55.289,20.155,8.256,441.882,62.457,101149.751,341034.569,17235.72,155830.852,202439.437,25.018,6.853,189.622,25.018,10.279,219.119,27.645,8.062,204.997,27.645,12.093,236.885,5.052,5.185,6.968,3.716,4889.258,3899.349,785.998,5272.547,4165.749,797.427,0.902,3534.423
MRM,Budget,260202002,2026,2,2,2,2026-2,147567.095,169395.969,8263.757,15807.748,17235.72,101149.751,8854.026,5312.415,50.037,17.132,7.265,408.741,0.835,0.98,0.925,0.804,0.955,0.884,0.95,5.123,792.125,5080.902,4059.189,11.791,12.715,198.064,65,45,6,2,55.289,20.155,8.256,441.882,62.457,101149.751,341034.569,17235.72,155830.852,202439.437,25.018,6.853,189.622,25.018,10.279,219.119,27.645,8.062,204.997,27.645,12.093,236.885,5.052,5.185,6.968,3.716,4889.258,3899.349,785.998,5272.547,4165.749,797.427,0.902,3534.423
MRM,Budget,260203001,2026,2,3,1,2026-2,147567.095,169395.969,8263.757,15807.748,17235.72,101149.751,8854.026,5312.415,50.037,17.132,7.265,408.741,0.835,0.98,0.925,0.804,0.955,0.884,0.95,5.123,792.125,5080.902,4059.189,11.791,12.715,198.064,66,45,6,2,55.289,20.155,8.256,441.882,62.457,101149.751,341034.569,17235.72,155830.852,202439.437,25.018,6.853,189.622,25.018,10.279,219.119,27.645,8.062,204.997,27.645,12.093,236.885,5.052,5.185,6.968,3.716,4889.258,3899.349,785.998,5272.547,4165.749,797.427,0.902,3534.423
MRM,Budget,260203002,2026,2,3,2,2026-2,147567.095,169395.969,8263.757,15807.748,17235.72,101149.751,8854.026,5312.415,50.037,17.132,7.265,408.741,0.835,0.98,0.925,0.804,0.955,0.884,0.95,5.123,792.125,5080.902,4059.189,11.791,12.715,198.064,67,45,6,2,55.289,20.155,8.256,441.882,62.457,101149.751,341034.569,17235.72,155830.852,202439.437,25.018,6.853,189.622,25.018,10.279,219.119,27.645,8.062,204.997,27.645,12.093,236.885,5.052,5.185,6.968,3.716,4889.258,3899.349,785.998,5272.547,4165.749,797.427,0.902,3534.423
MRM,Budget,260204001,2026,2,4,1,2026-2,147567.095,169395.969,8263.757,15807.748,17235.72,101149.751,8854.026,5312.415,50.037,17.132,7.265,408.741,0.835,0.98,0.925,0.804,0.955,0.884,0.95,5.123,792.125,5080.902,4059.189,11.791,12.715,198.064,68,45,6,2,55.289,20.155,8.256,441.882,62.457,101149.751,341034.569,17235.72,155830.852,202439.437,25.018,6.853,189.622,25.018,10.279,219.119,27.645,8.062,204.997,27.645,12.093,236.885,5.052,5.185,6.968,3.716,4889.258,3899.349,785.998,5272.547,4165.749,797.427,0.902,3534.423
MRM,Budget,260204002,2026,2,4,2,2026-2,147567.095,169395.969,8263.757,15807.748,17235.72,101149.751,8854.026,5312.415,50.037,17.132,7.265,408.741,0.835,0.98,0.925,0.804,0.955,0.884,0.95,5.123,792.125,5080.902,4059.189,11.791,12.715,198.064,69,45,6,2,55.289,20.155,8.256,441.882,62.457,101149.751,341034.569,17235.72,155830.852,202439.437,25.018,6.853,189.622,25.018,10.279,219.119,27.645,8.062,204.997,27.645,12.093,236.885,5.052,5.185,6.968,3.716,4889.258,3899.349,785.998,5272.547,4165.749,797.427,0.902,3534.423
MRM,Budget,260205001,2026,2,5,1,2026-2,147567.095,169395.969,8263.757,15807.748,17235.72,101149.751,8854.026,5312.415,50.037,17.132,7.265,408.741,0.835,0.98,0.925,0.804,0.955,0.884,0.95,5.123,792.125,5080.902,4059.189,11.791,12.715,198.064,70,45,6,2,55.289,20.155,8.256,441.882,62.457,101149.751,341034.569,17235.72,155830.852,202439.437,25.018,6.853,189.622,25.018,10.279,219.119,27.645,8.062,204.997,27.645,12.093,236.885,5.052,5.185,6.968,3.716,4889.258,3899.349,785.998,5272.547,4165.749,797.427,0.902,3534.423
MRM,Budget,260205002,2026,2,5,2,2026-2,147567.095,169395.969,8263.757,15807.748,17235.72,101149.751,8854.026,5312.415,50.037,17.132,7.265,408.741,0.835,0.98,0.925,0.804,0.955,0.884,0.95,5.123,792.125,5080.902,4059.189,11.791,12.715,198.064,71,45,6,2,55.289,20.155,8.256,441.882,62.457,101149.751,341034.569,17235.72,155830.852,202439.437,25.018,6.853,189.622,25.018,10.279,219.119,27.645,8.062,204.997,27.645,12.093,236.885,5.052,5.185,6.968,3.716,4889.258,3899.349,785.998,5272.547,4165.749,797.427,0.902,3534.423
MRM,Budget,260206001,2026,2,6,1,2026-2,147567.095,169395.969,8263.757,15807.748,17235.72,101149.751,8854.026,5312.415,50.037,17.132,7.265,408.741,0.835,0.98,0.925,0.804,0.955,0.884,0.95,5.123,792.125,5080.902,4059.189,11.791,12.715,198.064,72,45,6,2,55.289,20.155,8.256,441.882,62.457,101149.751,341034.569,17235.72,155830.852,202439.437,25.018,6.853,189.622,25.018,10.279,219.119,27.645,8.062,204.997,27.645,12.093,236.885,5.052,5.185,6.968,3.716,4889.258,3899.349,785.998,5272.547,4165.749,797.427,0.902,3534.423
MRM,Budget,260206002,2026,2,6,2,2026-2,147567.095,169395.969,8263.757,15807.748,17235.72,101149.751,8854.026,5312.415,50.037,17.132,7.265,408.741,0.835,0.98,0.925,0.804,0.955,0.884,0.95,5.123,792.125,5080.902,4059.189,11.791,12.715,198.064,73,45,6,2,55.289,20.155,8.256,441.882,62.457,101149.751,341034.569,17235.72,155830.852,202439.437,25.018,6.853,189.622,25.018,10.279,219.119,27.645,8.062,204.997,27.645,12.093,236.885,5.052,5.185,6.968,3.716,4889.258,3899.349,785.998,5272.547,4165.749,797.427,0.902,3534.423
MRM,Budget,260207001,2026,2,7,1,2026-2,147567.095,169395.969,8263.757,15807.748,17235.72,101149.751,8854.026,5312.415,50.037,17.132,7.265,408.741,0.835,0.98,0.925,0.804,0.955,0.884,0.95,5.123,792.125,5080.902,4059.189,11.791,12.715,198.064,74,45,6,2,55.289,20.155,8.256,441.882,62.457,101149.751,341034.569,17235.72,155830.852,202439.437,25.018,6.853,189.622,25.018,10.279,219.119,27.645,8.062,204.997,27.645,12.093,236.885,5.052,5.185,6.968,3.716,4889.258,3899.349,785.998,5272.547,4165.749,797.427,0.902,3534.423
MRM,Budget,260207002,2026,2,7,2,2026-2,147567.095,169395.969,8263.757,15807.748,17235.72,101149.751,8854.026,5312.415,50.037,17.132,7.265,408.741,0.835,0.98,0.925,0.804,0.955,0.884,0.95,5.123,792.125,5080.902,4059.189,11.791,12.715,198.064,75,45,6,2,55.289,20.155,8.256,441.882,62.457,101149.751,341034.569,17235.72,155830.852,202439.437,25.018,6.853,189.622,25.018,10.279,219.119,27.645,8.062,204.997,27.645,12.093,236.885,5.052,5.185,6.968,3.716,4889.258,3899.349,785.998,5272.547,4165.749,797.427,0.902,3534.423
MRM,Budget,260208001,2026,2,8,1,2026-2,147567.095,169395.969,8263.757,15807.748,17235.72,101149.751,8854.026,5312.415,50.037,17.132,7.265,408.741,0.835,0.98,0.925,0.804,0.955,0.884,0.95,5.123,792.125,5080.902,4059.189,11.791,12.715,198.064,76,45,6,2,55.289,20.155,8.256,441.882,62.457,101149.751,341034.569,17235.72,155830.852,202439.437,25.018,6.853,189.622,25.018,10.279,219.119,27.645,8.062,204.997,27.645,12.093,236.885,5.052,5.185,6.968,3.716,4889.258,3899.349,785.998,5272.547,4165.749,797.427,0.902,3534.423
MRM,Budget,260208002,2026,2,8,2,2026-2,147567.095,169395.969,8263.757,15807.748,17235.72,101149.751,8854.026,5312.415,50.037,17.132,7.265,408.741,0.835,0.98,0.925,0.804,0.955,0.884,0.95,5.123,792.125,5080.902,4059.189,11.791,12.715,198.064,77,45,6,2,55.289,20.155,8.256,441.882,62.457,101149.751,341034.569,17235.72,155830.852,202439.437,25.018,6.853,189.622,25.018,10.279,219.119,27.645,8.062,204.997,27.645,12.093,236.885,5.052,5.185,6.968,3.716,4889.258,3899.349,785.998,5272.547,4165.749,797.427,0.902,3534.423
MRM,Budget,260209001,2026,2,9,1,2026-2,147567.095,169395.969,8263.757,15807.748,17235.72,101149.751,8854.026,5312.415,50.037,17.132,7.265,408.741,0.835,0.98,0.925,0.804,0.955,0.884,0.95,5.123,792.125,5080.902,4059.189,11.791,12.715,198.064,78,45,6,2,55.289,20.155,8.256,441.882,62.457,101149.751,341034.569,17235.72,155830.852,202439.437,25.018,6.853,189.622,25.018,10.279,219.119,27.645,8.062,204.997,27.645,12.093,236.885,5.052,5.185,6.968,3.716,4889.258,3899.349,785.998,5272.547,4165.749,797.427,0.902,3534.423
MRM,Budget,260209002,2026,2,9,2,2026-2,147567.095,169395.969,8263.757,15807.748,17235.72,101149.751,8854.026,5312.415,50.037,17.132,7.265,408.741,0.835,0.98,0.925,0.804,0.955,0.884,0.95,5.123,792.125,5080.902,4059.189,11.791,12.715,198.064,79,45,6,2,55.289,20.155,8.256,441.882,62.457,101149.751,341034.569,17235.72,155830.852,202439.437,25.018,6.853,189.622,25.018,10.279,219.119,27.645,8.062,204.997,27.645,12.093,236.885,5.052,5.185,6.968,3.716,4889.258,3899.349,785.998,5272.547,4165.749,797.427,0.902,3534.423
MRM,Budget,260210001,2026,2,10,1,2026-2,147567.095,169395.969,8263.757,15807.748,17235.72,101149.751,8854.026,5312.415,50.037,17.132,7.265,408.741,0.835,0.98,0.925,0.804,0.955,0.884,0.95,5.123,792.125,5080.902,4059.189,11.791,12.715,198.064,80,45,6,2,55.289,20.155,8.256,441.882,62.457,101149.751,341034.569,17235.72,155830.852,202439.437,25.018,6.853,189.622,25.018,10.279,219.119,27.645,8.062,204.997,27.645,12.093,236.885,5.052,5.185,6.968,3.716,4889.258,3899.349,785.998,5272.547,4165.749,797.427,0.902,3534.423
MRM,Budget,260210002,2026,2,10,2,2026-2,147567.095,169395.969,8263.757,15807.748,17235.72,101149.751,8854.026,5312.415,50.037,17.132,7.265,408.741,0.835,0.98,0.925,0.804,0.955,0.884,0.95,5.123,792.125,5080.902,4059.189,11.791,12.715,198.064,81,45,6,2,55.289,20.155,8.256,441.882,62.457,101149.751,341034.569,17235.72,155830.852,202439.437,25.018,6.853,189.622,25.018,10.279,219.119,27.645,8.062,204.997,27.645,12.093,236.885,5.052,5.185,6.968,3.716,4889.258,3899.349,785.998,5272.547,4165.749,797.427,0.902,3534.423
MRM,Budget,260211001,2026,2,11,1,2026-2,147567.095,169395.969,8263.757,15807.748,17235.72,101149.751,8854.026,5312.415,50.037,17.132,7.265,408.741,0.835,0.98,0.925,0.804,0.955,0.884,0.95,5.123,792.125,5080.902,4059.189,11.791,12.715,198.064,82,45,6,2,55.289,20.155,8.256,441.882,62.457,101149.751,341034.569,17235.72,155830.852,202439.437,25.018,6.853,189.622,25.018,10.279,219.119,27.645,8.062,204.997,27.645,12.093,236.885,5.052,5.185,6.968,3.716,4889.258,3899.349,785.998,5272.547,4165.749,797.427,0.902,3534.423
MRM,Budget,260211002,2026,2,11,2,2026-2,147567.095,169395.969,8263.757,15807.748,17235.72,101149.751,8854.026,5312.415,50.037,17.132,7.265,408.741,0.835,0.98,0.925,0.804,0.955,0.884,0.95,5.123,792.125,5080.902,4059.189,11.791,12.715,198.064,83,45,6,2,55.289,20.155,8.256,441.882,62.457,101149.751,341034.569,17235.72,155830.852,202439.437,25.018,6.853,189.622,25.018,10.279,219.119,27.645,8.062,204.997,27.645,12.093,236.885,5.052,5.185,6.968,3.716,4889.258,3899.349,785.998,5272.547,4165.749,797.427,0.902,3534.423
MRM,Budget,260212001,2026,2,12,1,2026-2,147567.095,169395.969,8263.757,15807.748,17235.72,101149.751,8854.026,5312.415,50.037,17.132,7.265,408.741,0.835,0.98,0.925,0.804,0.955,0.884,0.95,5.123,792.125,5080.902,4059.189,11.791,12.715,198.064,84,45,6,2,55.289,20.155,8.256,441.882,62.457,101149.751,341034.569,17235.72,155830.852,202439.437,25.018,6.853,189.622,25.018,10.279,219.119,27.645,8.062,204.997,27.645,12.093,236.885,5.052,5.185,6.968,3.716,4889.258,3899.349,785.998,5272.547,4165.749,797.427,0.902,3534.423
MRM,Budget,260212002,2026,2,12,2,2026-2,147567.095,169395.969,8263.757,15807.748,17235.72,101149.751,8854.026,5312.415,50.037,17.132,7.265,408.741,0.835,0.98,0.925,0.804,0.955,0.884,0.95,5.123,792.125,5080.902,4059.189,11.791,12.715,198.064,85,45,6,2,55.289,20.155,8.256,441.882,62.457,101149.751,341034.569,17235.72,155830.852,202439.437,25.018,6.853,189.622,25.018,10.279,219.119,27.645,8.062,204.997,27.645,12.093,236.885,5.052,5.185,6.968,3.716,4889.258,3899.349,785.998,5272.547,4165.749,797.427,0.902,3534.423
MRM,Budget,260213001,2026,2,13,1,2026-2,147567.095,169395.969,8263.757,15807.748,17235.72,101149.751,8854.026,5312.415,50.037,17.132,7.265,408.741,0.835,0.98,0.925,0.804,0.955,0.884,0.95,5.123,792.125,5080.902,4059.189,11.791,12.715,198.064,86,45,6,2,55.289,20.155,8.256,441.882,62.457,101149.751,341034.569,17235.72,155830.852,202439.437,25.018,6.853,189.622,25.018,10.279,219.119,27.645,8.062,204.997,27.645,12.093,236.885,5.052,5.185,6.968,3.716,4889.258,3899.349,785.998,5272.547,4165.749,797.427,0.902,3534.423
MRM,Budget,260213002,2026,2,13,2,2026-2,147567.095,169395.969,8263.757,15807.748,17235.72,101149.751,8854.026,5312.415,50.037,17.132,7.265,408.741,0.835,0.98,0.925,0.804,0.955,0.884,0.95,5.123,792.125,5080.902,4059.189,11.791,12.715,198.064,87,45,6,2,55.289,20.155,8.256,441.882,62.457,101149.751,341034.569,17235.72,155830.852,202439.437,25.018,6.853,189.622,25.018,10.279,219.119,27.645,8.062,204.997,27.645,12.093,236.885,5.052,5.185,6.968,3.716,4889.258,3899.349,785.998,5272.547,4165.749,797.427,0.902,3534.423
MRM,Budget,260214001,2026,2,14,1,2026-2,147567.095,169395.969,8263.757,15807.748,17235.72,101149.751,8854.026,5312.415,50.037,17.132,7.265,408.741,0.835,0.98,0.925,0.804,0.955,0.884,0.95,5.123,792.125,5080.902,4059.189,11.791,12.715,198.064,88,45,6,2,55.289,20.155,8.256,441.882,62.457,101149.751,341034.569,17235.72,155830.852,202439.437,25.018,6.853,189.622,25.018,10.279,219.119,27.645,8.062,204.997,27.645,12.093,236.885,5.052,5.185,6.968,3.716,4889.258,3899.349,785.998,5272.547,4165.749,797.427,0.902,3534.423
MRM,Budget,260214002,2026,2,14,2,2026-2,147567.095,169395.969,8263.757,15807.748,17235.72,101149.751,8854.026,5312.415,50.037,17.132,7.265,408.741,0.835,0.98,0.925,0.804,0.955,0.884,0.95,5.123,792.125,5080.902,4059.189,11.791,12.715,198.064,89,45,6,2,55.289,20.155,8.256,441.882,62.457,101149.751,341034.569,17235.72,155830.852,202439.437,25.018,6.853,189.622,25.018,10.279,219.119,27.645,8.062,204.997,27.645,12.093,236.885,5.052,5.185,6.968,3.716,4889.258,3899.349,785.998,5272.547,4165.749,797.427,0.902,3534.423
MRM,Budget,260215001,2026,2,15,1,2026-2,147567.095,169395.969,8263.757,15807.748,17235.72,101149.751,8854.026,5312.415,50.037,17.132,7.265,408.741,0.835,0.98,0.925,0.804,0.955,0.884,0.95,5.123,792.125,5080.902,4059.189,11.791,12.715,198.064,90,45,6,2,55.289,20.155,8.256,441.882,62.457,101149.751,341034.569,17235.72,155830.852,202439.437,25.018,6.853,189.622,25.018,10.279,219.119,27.645,8.062,204.997,27.645,12.093,236.885,5.052,5.185,6.968,3.716,4889.258,3899.349,785.998,5272.547,4165.749,797.427,0.902,3534.423
MRM,Budget,260215002,2026,2,15,2,2026-2,147567.095,169395.969,8263.757,15807.748,17235.72,101149.751,8854.026,5312.415,50.037,17.132,7.265,408.741,0.835,0.98,0.925,0.804,0.955,0.884,0.95,5.123,792.125,5080.902,4059.189,11.791,12.715,198.064,91,45,6,2,55.289,20.155,8.256,441.882,62.457,101149.751,341034.569,17235.72,155830.852,202439.437,25.018,6.853,189.622,25.018,10.279,219.119,27.645,8.062,204.997,27.645,12.093,236.885,5.052,5.185,6.968,3.716,4889.258,3899.349,785.998,5272.547,4165.749,797.427,0.902,3534.423
MRM,Budget,260216001,2026,2,16,1,2026-2,147567.095,169395.969,8263.757,15807.748,17235.72,101149.751,8854.026,5312.415,50.037,17.132,7.265,408.741,0.835,0.98,0.925,0.804,0.955,0.884,0.95,5.123,792.125,5080.902,4059.189,11.791,12.715,198.064,92,45,6,2,55.289,20.155,8.256,441.882,62.457,101149.751,341034.569,17235.72,155830.852,202439.437,25.018,6.853,189.622,25.018,10.279,219.119,27.645,8.062,204.997,27.645,12.093,236.885,5.052,5.185,6.968,3.716,4889.258,3899.349,785.998,5272.547,4165.749,797.427,0.902,3534.423
MRM,Budget,260216002,2026,2,16,2,2026-2,147567.095,169395.969,8263.757,15807.748,17235.72,101149.751,8854.026,5312.415,50.037,17.132,7.265,408.741,0.835,0.98,0.925,0.804,0.955,0.884,0.95,5.123,792.125,5080.902,4059.189,11.791,12.715,198.064,93,45,6,2,55.289,20.155,8.256,441.882,62.457,101149.751,341034.569,17235.72,155830.852,202439.437,25.018,6.853,189.622,25.018,10.279,219.119,27.645,8.062,204.997,27.645,12.093,236.885,5.052,5.185,6.968,3.716,4889.258,3899.349,785.998,5272.547,4165.749,797.427,0.902,3534.423
MRM,Budget,260217001,2026,2,17,1,2026-2,147567.095,169395.969,8263.757,15807.748,17235.72,101149.751,8854.026,5312.415,50.037,17.132,7.265,408.741,0.835,0.98,0.925,0.804,0.955,0.884,0.95,5.123,792.125,5080.902,4059.189,11.791,12.715,198.064,94,45,6,2,55.289,20.155,8.256,441.882,62.457,101149.751,341034.569,17235.72,155830.852,202439.437,25.018,6.853,189.622,25.018,10.279,219.119,27.645,8.062,204.997,27.645,12.093,236.885,5.052,5.185,6.968,3.716,4889.258,3899.349,785.998,5272.547,4165.749,797.427,0.902,3534.423
MRM,Budget,260217002,2026,2,17,2,2026-2,147567.095,169395.969,8263.757,15807.748,17235.72,101149.751,8854.026,5312.415,50.037,17.132,7.265,408.741,0.835,0.98,0.925,0.804,0.955,0.884,0.95,5.123,792.125,5080.902,4059.189,11.791,12.715,198.064,95,45,6,2,55.289,20.155,8.256,441.882,62.457,101149.751,341034.569,17235.72,155830.852,202439.437,25.018,6.853,189.622,25.018,10.279,219.119,27.645,8.062,204.997,27.645,12.093,236.885,5.052,5.185,6.968,3.716,4889.258,3899.349,785.998,5272.547,4165.749,797.427,0.902,3534.423
MRM,Budget,260218001,2026,2,18,1,2026-2,147567.095,169395.969,8263.757,15807.748,17235.72,101149.751,8854.026,5312.415,50.037,17.132,7.265,408.741,0.835,0.98,0.925,0.804,0.955,0.884,0.95,5.123,792.125,5080.902,4059.189,11.791,12.715,198.064,96,45,6,2,55.289,20.155,8.256,441.882,62.457,101149.751,341034.569,17235.72,155830.852,202439.437,25.018,6.853,189.622,25.018,10.279,219.119,27.645,8.062,204.997,27.645,12.093,236.885,5.052,5.185,6.968,3.716,4889.258,3899.349,785.998,5272.547,4165.749,797.427,0.902,3534.423
MRM,Budget,260218002,2026,2,18,2,2026-2,147567.095,169395.969,8263.757,15807.748,17235.72,101149.751,8854.026,5312.415,50.037,17.132,7.265,408.741,0.835,0.98,0.925,0.804,0.955,0.884,0.95,5.123,792.125,5080.902,4059.189,11.791,12.715,198.064,97,45,6,2,55.289,20.155,8.256,441.882,62.457,101149.751,341034.569,17235.72,155830.852,202439.437,25.018,6.853,189.622,25.018,10.279,219.119,27.645,8.062,204.997,27.645,12.093,236.885,5.052,5.185,6.968,3.716,4889.258,3899.349,785.998,5272.547,4165.749,797.427,0.902,3534.423
MRM,Budget,260219001,2026,2,19,1,2026-2,147567.095,169395.969,8263.757,15807.748,17235.72,101149.751,8854.026,5312.415,50.037,17.132,7.265,408.741,0.835,0.98,0.925,0.804,0.955,0.884,0.95,5.123,792.125,5080.902,4059.189,11.791,12.715,198.064,98,45,6,2,55.289,20.155,8.256,441.882,62.457,101149.751,341034.569,17235.72,155830.852,202439.437,25.018,6.853,189.622,25.018,10.279,219.119,27.645,8.062,204.997,27.645,12.093,236.885,5.052,5.185,6.968,3.716,4889.258,3899.349,785.998,5272.547,4165.749,797.427,0.902,3534.423
MRM,Budget,260219002,2026,2,19,2,2026-2,147567.095,169395.969,8263.757,15807.748,17235.72,101149.751,8854.026,5312.415,50.037,17.132,7.265,408.741,0.835,0.98,0.925,0.804,0.955,0.884,0.95,5.123,792.125,5080.902,4059.189,11.791,12.715,198.064,99,45,6,2,55.289,20.155,8.256,441.882,62.457,101149.751,341034.569,17235.72,155830.852,202439.437,25.018,6.853,189.622,25.018,10.279,219.119,27.645,8.062,204.997,27.645,12.093,236.885,5.052,5.185,6.968,3.716,4889.258,3899.349,785.998,5272.547,4165.749,797.427,0.902,3534.423
MRM,Budget,260220001,2026,2,20,1,2026-2,147567.095,169395.969,8263.757,15807.748,17235.72,101149.751,8854.026,5312.415,50.037,17.132,7.265,408.741,0.835,0.98,0.925,0.804,0.955,0.884,0.95,5.123,792.125,5080.902,4059.189,11.791,12.715,198.064,100,45,6,2,55.289,20.155,8.256,441.882,62.457,101149.751,341034.569,17235.72,155830.852,202439.437,25.018,6.853,189.622,25.018,10.279,219.119,27.645,8.062,204.997,27.645,12.093,236.885,5.052,5.185,6.968,3.716,4889.258,3899.349,785.998,5272.547,4165.749,797.427,0.902,3534.423
MRM,Budget,260220002,2026,2,20,2,2026-2,147567.095,169395.969,8263.757,15807.748,17235.72,101149.751,8854.026,5312.415,50.037,17.132,7.265,408.741,0.835,0.98,0.925,0.804,0.955,0.884,0.95,5.123,792.125,5080.902,4059.189,11.791,12.715,198.064,101,45,6,2,55.289,20.155,8.256,441.882,62.457,101149.751,341034.569,17235.72,155830.852,202439.437,25.018,6.853,189.622,25.018,10.279,219.119,27.645,8.062,204.997,27.645,12.093,236.885,5.052,5.185,6.968,3.716,4889.258,3899.349,785.998,5272.547,4165.749,797.427,0.902,3534.423
MRM,Budget,260221001,2026,2,21,1,2026-2,147567.095,169395.969,8263.757,15807.748,17235.72,101149.751,8854.026,5312.415,50.037,17.132,7.265,408.741,0.835,0.98,0.925,0.804,0.955,0.884,0.95,5.123,792.125,5080.902,4059.189,11.791,12.715,198.064,102,45,6,2,55.289,20.155,8.256,441.882,62.457,101149.751,341034.569,17235.72,155830.852,202439.437,25.018,6.853,189.622,25.018,10.279,219.119,27.645,8.062,204.997,27.645,12.093,236.885,5.052,5.185,6.968,3.716,4889.258,3899.349,785.998,5272.547,4165.749,797.427,0.902,3534.423
MRM,Budget,260221002,2026,2,21,2,2026-2,147567.095,169395.969,8263.757,15807.748,17235.72,101149.751,8854.026,5312.415,50.037,17.132,7.265,408.741,0.835,0.98,0.925,0.804,0.955,0.884,0.95,5.123,792.125,5080.902,4059.189,11.791,12.715,198.064,103,45,6,2,55.289,20.155,8.256,441.882,62.457,101149.751,341034.569,17235.72,155830.852,202439.437,25.018,6.853,189.622,25.018,10.279,219.119,27.645,8.062,204.997,27.645,12.093,236.885,5.052,5.185,6.968,3.716,4889.258,3899.349,785.998,5272.547,4165.749,797.427,0.902,3534.423
MRM,Budget,260222001,2026,2,22,1,2026-2,147567.095,169395.969,8263.757,15807.748,17235.72,101149.751,8854.026,5312.415,50.037,17.132,7.265,408.741,0.835,0.98,0.925,0.804,0.955,0.884,0.95,5.123,792.125,5080.902,4059.189,11.791,12.715,198.064,104,45,6,2,55.289,20.155,8.256,441.882,62.457,101149.751,341034.569,17235.72,155830.852,202439.437,25.018,6.853,189.622,25.018,10.279,219.119,27.645,8.062,204.997,27.645,12.093,236.885,5.052,5.185,6.968,3.716,4889.258,3899.349,785.998,5272.547,4165.749,797.427,0.902,3534.423
MRM,Budget,260222002,2026,2,22,2,2026-2,147567.095,169395.969,8263.757,15807.748,17235.72,101149.751,8854.026,5312.415,50.037,17.132,7.265,408.741,0.835,0.98,0.925,0.804,0.955,0.884,0.95,5.123,792.125,5080.902,4059.189,11.791,12.715,198.064,105,45,6,2,55.289,20.155,8.256,441.882,62.457,101149.751,341034.569,17235.72,155830.852,202439.437,25.018,6.853,189.622,25.018,10.279,219.119,27.645,8.062,204.997,27.645,12.093,236.885,5.052,5.185,6.968,3.716,4889.258,3899.349,785.998,5272.547,4165.749,797.427,0.902,3534.423
MRM,Budget,260223001,2026,2,23,1,2026-2,147567.095,169395.969,8263.757,15807.748,17235.72,101149.751,8854.026,5312.415,50.037,17.132,7.265,408.741,0.835,0.98,0.925,0.804,0.955,0.884,0.95,5.123,792.125,5080.902,4059.189,11.791,12.715,198.064,106,45,6,2,55.289,20.155,8.256,441.882,62.457,101149.751,341034.569,17235.72,155830.852,202439.437,25.018,6.853,189.622,25.018,10.279,219.119,27.645,8.062,204.997,27.645,12.093,236.885,5.052,5.185,6.968,3.716,4889.258,3899.349,785.998,5272.547,4165.749,797.427,0.902,3534.423
MRM,Budget,260223002,2026,2,23,2,2026-2,147567.095,169395.969,8263.757,15807.748,17235.72,101149.751,8854.026,5312.415,50.037,17.132,7.265,408.741,0.835,0.98,0.925,0.804,0.955,0.884,0.95,5.123,792.125,5080.902,4059.189,11.791,12.715,198.064,107,45,6,2,55.289,20.155,8.256,441.882,62.457,101149.751,341034.569,17235.72,155830.852,202439.437,25.018,6.853,189.622,25.018,10.279,219.119,27.645,8.062,204.997,27.645,12.093,236.885,5.052,5.185,6.968,3.716,4889.258,3899.349,785.998,5272.547,4165.749,797.427,0.902,3534.423
MRM,Budget,260224001,2026,2,24,1,2026-2,147567.095,169395.969,8263.757,15807.748,17235.72,101149.751,8854.026,5312.415,50.037,17.132,7.265,408.741,0.835,0.98,0.925,0.804,0.955,0.884,0.95,5.123,792.125,5080.902,4059.189,11.791,12.715,198.064,108,45,6,2,55.289,20.155,8.256,441.882,62.457,101149.751,341034.569,17235.72,155830.852,202439.437,25.018,6.853,189.622,25.018,10.279,219.119,27.645,8.062,204.997,27.645,12.093,236.885,5.052,5.185,6.968,3.716,4889.258,3899.349,785.998,5272.547,4165.749,797.427,0.902,3534.423
MRM,Budget,260224002,2026,2,24,2,2026-2,147567.095,169395.969,8263.757,15807.748,17235.72,101149.751,8854.026,5312.415,50.037,17.132,7.265,408.741,0.835,0.98,0.925,0.804,0.955,0.884,0.95,5.123,792.125,5080.902,4059.189,11.791,12.715,198.064,109,45,6,2,55.289,20.155,8.256,441.882,62.457,101149.751,341034.569,17235.72,155830.852,202439.437,25.018,6.853,189.622,25.018,10.279,219.119,27.645,8.062,204.997,27.645,12.093,236.885,5.052,5.185,6.968,3.716,4889.258,3899.349,785.998,5272.547,4165.749,797.427,0.902,3534.423
MRM,Budget,260225001,2026,2,25,1,2026-2,147567.095,169395.969,8263.757,15807.748,17235.72,101149.751,8854.026,5312.415,50.037,17.132,7.265,408.741,0.835,0.98,0.925,0.804,0.955,0.884,0.95,5.123,792.125,5080.902,4059.189,11.791,12.715,198.064,110,45,6,2,55.289,20.155,8.256,441.882,62.457,101149.751,341034.569,17235.72,155830.852,202439.437,25.018,6.853,189.622,25.018,10.279,219.119,27.645,8.062,204.997,27.645,12.093,236.885,5.052,5.185,6.968,3.716,4889.258,3899.349,785.998,5272.547,4165.749,797.427,0.902,3534.423
MRM,Budget,260225002,2026,2,25,2,2026-2,147567.095,169395.969,8263.757,15807.748,17235.72,101149.751,8854.026,5312.415,50.037,17.132,7.265,408.741,0.835,0.98,0.925,0.804,0.955,0.884,0.95,5.123,792.125,5080.902,4059.189,11.791,12.715,198.064,111,45,6,2,55.289,20.155,8.256,441.882,62.457,101149.751,341034.569,17235.72,155830.852,202439.437,25.018,6.853,189.622,25.018,10.279,219.119,27.645,8.062,204.997,27.645,12.093,236.885,5.052,5.185,6.968,3.716,4889.258,3899.349,785.998,5272.547,4165.749,797.427,0.902,3534.423
MRM,Budget,260226001,2026,2,26,1,2026-2,147567.095,169395.969,8263.757,15807.748,17235.72,101149.751,8854.026,5312.415,50.037,17.132,7.265,408.741,0.835,0.98,0.925,0.804,0.955,0.884,0.95,5.123,792.125,5080.902,4059.189,11.791,12.715,198.064,112,45,6,2,55.289,20.155,8.256,441.882,62.457,101149.751,341034.569,17235.72,155830.852,202439.437,25.018,6.853,189.622,25.018,10.279,219.119,27.645,8.062,204.997,27.645,12.093,236.885,5.052,5.185,6.968,3.716,4889.258,3899.349,785.998,5272.547,4165.749,797.427,0.902,3534.423
MRM,Budget,260226002,2026,2,26,2,2026-2,147567.095,169395.969,8263.757,15807.748,17235.72,101149.751,8854.026,5312.415,50.037,17.132,7.265,408.741,0.835,0.98,0.925,0.804,0.955,0.884,0.95,5.123,792.125,5080.902,4059.189,11.791,12.715,198.064,113,45,6,2,55.289,20.155,8.256,441.882,62.457,101149.751,341034.569,17235.72,155830.852,202439.437,25.018,6.853,189.622,25.018,10.279,219.119,27.645,8.062,204.997,27.645,12.093,236.885,5.052,5.185,6.968,3.716,4889.258,3899.349,785.998,5272.547,4165.749,797.427,0.902,3534.423
MRM,Budget,260227001,2026,2,27,1,2026-2,147567.095,169395.969,8263.757,15807.748,17235.72,101149.751,8854.026,5312.415,50.037,17.132,7.265,408.741,0.835,0.98,0.925,0.804,0.955,0.884,0.95,5.123,792.125,5080.902,4059.189,11.791,12.715,198.064,114,45,6,2,55.289,20.155,8.256,441.882,62.457,101149.751,341034.569,17235.72,155830.852,202439.437,25.018,6.853,189.622,25.018,10.279,219.119,27.645,8.062,204.997,27.645,12.093,236.885,5.052,5.185,6.968,3.716,4889.258,3899.349,785.998,5272.547,4165.749,797.427,0.902,3534.423
MRM,Budget,260227002,2026,2,27,2,2026-2,147567.095,169395.969,8263.757,15807.748,17235.72,101149.751,8854.026,5312.415,50.037,17.132,7.265,408.741,0.835,0.98,0.925,0.804,0.955,0.884,0.95,5.123,792.125,5080.902,4059.189,11.791,12.715,198.064,115,45,6,2,55.289,20.155,8.256,441.882,62.457,101149.751,341034.569,17235.72,155830.852,202439.437,25.018,6.853,189.622,25.018,10.279,219.119,27.645,8.062,204.997,27.645,12.093,236.885,5.052,5.185,6.968,3.716,4889.258,3899.349,785.998,5272.547,4165.749,797.427,0.902,3534.423
MRM,Budget,260228001,2026,2,28,1,2026-2,147567.095,169395.969,8263.757,15807.748,17235.72,101149.751,8854.026,5312.415,50.037,17.132,7.265,408.741,0.835,0.98,0.925,0.804,0.955,0.884,0.95,5.123,792.125,5080.902,4059.189,11.791,12.715,198.064,116,45,6,2,55.289,20.155,8.256,441.882,62.457,101149.751,341034.569,17235.72,155830.852,202439.437,25.018,6.853,189.622,25.018,10.279,219.119,27.645,8.062,204.997,27.645,12.093,236.885,5.052,5.185,6.968,3.716,4889.258,3899.349,785.998,5272.547,4165.749,797.427,0.902,3534.423
MRM,Budget,260228002,2026,2,28,2,2026-2,147567.095,169395.969,8263.757,15807.748,17235.72,101149.751,8854.026,5312.415,50.037,17.132,7.265,408.741,0.835,0.98,0.925,0.804,0.955,0.884,0.95,5.123,792.125,5080.902,4059.189,11.791,12.715,198.064,117,45,6,2,55.289,20.155,8.256,441.882,62.457,101149.751,341034.569,17235.72,155830.852,202439.437,25.018,6.853,189.622,25.018,10.279,219.119,27.645,8.062,204.997,27.645,12.093,236.885,5.052,5.185,6.968,3.716,4889.258,3899.349,785.998,5272.547,4165.749,797.427,0.902,3534.423
MRM,Budget,260301001,2026,3,1,1,2026-3,154515.916,144060.374,8652.891,14531.403,15567.747,95725.433,9270.955,5562.573,48.029,17.132,6.971,408.741,0.835,0.98,0.925,0.772,0.955,0.884,0.95,5.526,744.584,4959.812,3859.737,11.513,11.141,219.635,118,45,6,2,53.071,20.155,7.922,441.882,61.575,95725.433,321760.584,15567.747,163168.807,174159.524,24.015,10.279,206.688,24.015,6.853,202.053,26.536,12.093,223.446,26.536,8.062,218.436,5.163,5.908,6.092,4.737,4877.058,3788.235,755.057,5042.565,3966.991,733.87,0.902,3263.799
MRM,Budget,260301002,2026,3,1,2,2026-3,154515.916,144060.374,8652.891,14531.403,15567.747,95725.433,9270.955,5562.573,48.029,17.132,6.971,408.741,0.835,0.98,0.925,0.772,0.955,0.884,0.95,5.526,744.584,4959.812,3859.737,11.513,11.141,219.635,119,45,6,2,53.071,20.155,7.922,441.882,61.575,95725.433,321760.584,15567.747,163168.807,174159.524,24.015,10.279,206.688,24.015,6.853,202.053,26.536,12.093,223.446,26.536,8.062,218.436,5.163,5.908,6.092,4.737,4877.058,3788.235,755.057,5042.565,3966.991,733.87,0.902,3263.799
MRM,Budget,260302001,2026,3,2,1,2026-3,154515.916,144060.374,8652.891,14531.403,15567.747,95725.433,9270.955,5562.573,48.029,17.132,6.971,408.741,0.835,0.98,0.925,0.772,0.955,0.884,0.95,5.526,744.584,4959.812,3859.737,11.513,11.141,219.635,120,45,6,2,53.071,20.155,7.922,441.882,61.575,95725.433,321760.584,15567.747,163168.807,174159.524,24.015,10.279,206.688,24.015,6.853,202.053,26.536,12.093,223.446,26.536,8.062,218.436,5.163,5.908,6.092,4.737,4877.058,3788.235,755.057,5042.565,3966.991,733.87,0.902,3263.799
MRM,Budget,260302002,2026,3,2,2,2026-3,154515.916,144060.374,8652.891,14531.403,15567.747,95725.433,9270.955,5562.573,48.029,17.132,6.971,408.741,0.835,0.98,0.925,0.772,0.955,0.884,0.95,5.526,744.584,4959.812,3859.737,11.513,11.141,219.635,121,45,6,2,53.071,20.155,7.922,441.882,61.575,95725.433,321760.584,15567.747,163168.807,174159.524,24.015,10.279,206.688,24.015,6.853,202.053,26.536,12.093,223.446,26.536,8.062,218.436,5.163,5.908,6.092,4.737,4877.058,3788.235,755.057,5042.565,3966.991,733.87,0.902,3263.799
MRM,Budget,260303001,2026,3,3,1,2026-3,154515.916,144060.374,8652.891,14531.403,15567.747,95725.433,9270.955,5562.573,48.029,17.132,6.971,408.741,0.835,0.98,0.925,0.772,0.955,0.884,0.95,5.526,744.584,4959.812,3859.737,11.513,11.141,219.635,122,45,6,2,53.071,20.155,7.922,441.882,61.575,95725.433,321760.584,15567.747,163168.807,174159.524,24.015,10.279,206.688,24.015,6.853,202.053,26.536,12.093,223.446,26.536,8.062,218.436,5.163,5.908,6.092,4.737,4877.058,3788.235,755.057,5042.565,3966.991,733.87,0.902,3263.799
MRM,Budget,260303002,2026,3,3,2,2026-3,154515.916,144060.374,8652.891,14531.403,15567.747,95725.433,9270.955,5562.573,48.029,17.132,6.971,408.741,0.835,0.98,0.925,0.772,0.955,0.884,0.95,5.526,744.584,4959.812,3859.737,11.513,11.141,219.635,123,45,6,2,53.071,20.155,7.922,441.882,61.575,95725.433,321760.584,15567.747,163168.807,174159.524,24.015,10.279,206.688,24.015,6.853,202.053,26.536,12.093,223.446,26.536,8.062,218.436,5.163,5.908,6.092,4.737,4877.058,3788.235,755.057,5042.565,3966.991,733.87,0.902,3263.799
MRM,Budget,260304001,2026,3,4,1,2026-3,154515.916,144060.374,8652.891,14531.403,15567.747,95725.433,9270.955,5562.573,48.029,17.132,6.971,408.741,0.835,0.98,0.925,0.772,0.955,0.884,0.95,5.526,744.584,4959.812,3859.737,11.513,11.141,219.635,124,45,6,2,53.071,20.155,7.922,441.882,61.575,95725.433,321760.584,15567.747,163168.807,174159.524,24.015,10.279,206.688,24.015,6.853,202.053,26.536,12.093,223.446,26.536,8.062,218.436,5.163,5.908,6.092,4.737,4877.058,3788.235,755.057,5042.565,3966.991,733.87,0.902,3263.799
MRM,Budget,260304002,2026,3,4,2,2026-3,154515.916,144060.374,8652.891,14531.403,15567.747,95725.433,9270.955,5562.573,48.029,17.132,6.971,408.741,0.835,0.98,0.925,0.772,0.955,0.884,0.95,5.526,744.584,4959.812,3859.737,11.513,11.141,219.635,125,45,6,2,53.071,20.155,7.922,441.882,61.575,95725.433,321760.584,15567.747,163168.807,174159.524,24.015,10.279,206.688,24.015,6.853,202.053,26.536,12.093,223.446,26.536,8.062,218.436,5.163,5.908,6.092,4.737,4877.058,3788.235,755.057,5042.565,3966.991,733.87,0.902,3263.799
MRM,Budget,260305001,2026,3,5,1,2026-3,154515.916,144060.374,8652.891,14531.403,15567.747,95725.433,9270.955,5562.573,48.029,17.132,6.971,408.741,0.835,0.98,0.925,0.772,0.955,0.884,0.95,5.526,744.584,4959.812,3859.737,11.513,11.141,219.635,126,45,6,2,53.071,20.155,7.922,441.882,61.575,95725.433,321760.584,15567.747,163168.807,174159.524,24.015,10.279,206.688,24.015,6.853,202.053,26.536,12.093,223.446,26.536,8.062,218.436,5.163,5.908,6.092,4.737,4877.058,3788.235,755.057,5042.565,3966.991,733.87,0.902,3263.799
MRM,Budget,260305002,2026,3,5,2,2026-3,154515.916,144060.374,8652.891,14531.403,15567.747,95725.433,9270.955,5562.573,48.029,17.132,6.971,408.741,0.835,0.98,0.925,0.772,0.955,0.884,0.95,5.526,744.584,4959.812,3859.737,11.513,11.141,219.635,127,45,6,2,53.071,20.155,7.922,441.882,61.575,95725.433,321760.584,15567.747,163168.807,174159.524,24.015,10.279,206.688,24.015,6.853,202.053,26.536,12.093,223.446,26.536,8.062,218.436,5.163,5.908,6.092,4.737,4877.058,3788.235,755.057,5042.565,3966.991,733.87,0.902,3263.799
MRM,Budget,260306001,2026,3,6,1,2026-3,154515.916,144060.374,8652.891,14531.403,15567.747,95725.433,9270.955,5562.573,48.029,17.132,6.971,408.741,0.835,0.98,0.925,0.772,0.955,0.884,0.95,5.526,744.584,4959.812,3859.737,11.513,11.141,219.635,128,45,6,2,53.071,20.155,7.922,441.882,61.575,95725.433,321760.584,15567.747,163168.807,174159.524,24.015,10.279,206.688,24.015,6.853,202.053,26.536,12.093,223.446,26.536,8.062,218.436,5.163,5.908,6.092,4.737,4877.058,3788.235,755.057,5042.565,3966.991,733.87,0.902,3263.799
MRM,Budget,260306002,2026,3,6,2,2026-3,154515.916,144060.374,8652.891,14531.403,15567.747,95725.433,9270.955,5562.573,48.029,17.132,6.971,408.741,0.835,0.98,0.925,0.772,0.955,0.884,0.95,5.526,744.584,4959.812,3859.737,11.513,11.141,219.635,129,45,6,2,53.071,20.155,7.922,441.882,61.575,95725.433,321760.584,15567.747,163168.807,174159.524,24.015,10.279,206.688,24.015,6.853,202.053,26.536,12.093,223.446,26.536,8.062,218.436,5.163,5.908,6.092,4.737,4877.058,3788.235,755.057,5042.565,3966.991,733.87,0.902,3263.799
MRM,Budget,260307001,2026,3,7,1,2026-3,154515.916,144060.374,8652.891,14531.403,15567.747,95725.433,9270.955,5562.573,48.029,17.132,6.971,408.741,0.835,0.98,0.925,0.772,0.955,0.884,0.95,5.526,744.584,4959.812,3859.737,11.513,11.141,219.635,130,45,6,2,53.071,20.155,7.922,441.882,61.575,95725.433,321760.584,15567.747,163168.807,174159.524,24.015,10.279,206.688,24.015,6.853,202.053,26.536,12.093,223.446,26.536,8.062,218.436,5.163,5.908,6.092,4.737,4877.058,3788.235,755.057,5042.565,3966.991,733.87,0.902,3263.799
MRM,Budget,260307002,2026,3,7,2,2026-3,154515.916,144060.374,8652.891,14531.403,15567.747,95725.433,9270.955,5562.573,48.029,17.132,6.971,408.741,0.835,0.98,0.925,0.772,0.955,0.884,0.95,5.526,744.584,4959.812,3859.737,11.513,11.141,219.635,131,45,6,2,53.071,20.155,7.922,441.882,61.575,95725.433,321760.584,15567.747,163168.807,174159.524,24.015,10.279,206.688,24.015,6.853,202.053,26.536,12.093,223.446,26.536,8.062,218.436,5.163,5.908,6.092,4.737,4877.058,3788.235,755.057,5042.565,3966.991,733.87,0.902,3263.799
MRM,Budget,260308001,2026,3,8,1,2026-3,154515.916,144060.374,8652.891,14531.403,15567.747,95725.433,9270.955,5562.573,48.029,17.132,6.971,408.741,0.835,0.98,0.925,0.772,0.955,0.884,0.95,5.526,744.584,4959.812,3859.737,11.513,11.141,219.635,132,45,6,2,53.071,20.155,7.922,441.882,61.575,95725.433,321760.584,15567.747,163168.807,174159.524,24.015,10.279,206.688,24.015,6.853,202.053,26.536,12.093,223.446,26.536,8.062,218.436,5.163,5.908,6.092,4.737,4877.058,3788.235,755.057,5042.565,3966.991,733.87,0.902,3263.799
MRM,Budget,260308002,2026,3,8,2,2026-3,154515.916,144060.374,8652.891,14531.403,15567.747,95725.433,9270.955,5562.573,48.029,17.132,6.971,408.741,0.835,0.98,0.925,0.772,0.955,0.884,0.95,5.526,744.584,4959.812,3859.737,11.513,11.141,219.635,133,45,6,2,53.071,20.155,7.922,441.882,61.575,95725.433,321760.584,15567.747,163168.807,174159.524,24.015,10.279,206.688,24.015,6.853,202.053,26.536,12.093,223.446,26.536,8.062,218.436,5.163,5.908,6.092,4.737,4877.058,3788.235,755.057,5042.565,3966.991,733.87,0.902,3263.799
MRM,Budget,260309001,2026,3,9,1,2026-3,154515.916,144060.374,8652.891,14531.403,15567.747,95725.433,9270.955,5562.573,48.029,17.132,6.971,408.741,0.835,0.98,0.925,0.772,0.955,0.884,0.95,5.526,744.584,4959.812,3859.737,11.513,11.141,219.635,134,45,6,2,53.071,20.155,7.922,441.882,61.575,95725.433,321760.584,15567.747,163168.807,174159.524,24.015,10.279,206.688,24.015,6.853,202.053,26.536,12.093,223.446,26.536,8.062,218.436,5.163,5.908,6.092,4.737,4877.058,3788.235,755.057,5042.565,3966.991,733.87,0.902,3263.799
MRM,Budget,260309002,2026,3,9,2,2026-3,154515.916,144060.374,8652.891,14531.403,15567.747,95725.433,9270.955,5562.573,48.029,17.132,6.971,408.741,0.835,0.98,0.925,0.772,0.955,0.884,0.95,5.526,744.584,4959.812,3859.737,11.513,11.141,219.635,135,45,6,2,53.071,20.155,7.922,441.882,61.575,95725.433,321760.584,15567.747,163168.807,174159.524,24.015,10.279,206.688,24.015,6.853,202.053,26.536,12.093,223.446,26.536,8.062,218.436,5.163,5.908,6.092,4.737,4877.058,3788.235,755.057,5042.565,3966.991,733.87,0.902,3263.799
MRM,Budget,260310001,2026,3,10,1,2026-3,154515.916,144060.374,8652.891,14531.403,15567.747,95725.433,9270.955,5562.573,48.029,17.132,6.971,408.741,0.835,0.98,0.925,0.772,0.955,0.884,0.95,5.526,744.584,4959.812,3859.737,11.513,11.141,219.635,136,45,6,2,53.071,20.155,7.922,441.882,61.575,95725.433,321760.584,15567.747,163168.807,174159.524,24.015,10.279,206.688,24.015,6.853,202.053,26.536,12.093,223.446,26.536,8.062,218.436,5.163,5.908,6.092,4.737,4877.058,3788.235,755.057,5042.565,3966.991,733.87,0.902,3263.799
MRM,Budget,260310002,2026,3,10,2,2026-3,154515.916,144060.374,8652.891,14531.403,15567.747,95725.433,9270.955,5562.573,48.029,17.132,6.971,408.741,0.835,0.98,0.925,0.772,0.955,0.884,0.95,5.526,744.584,4959.812,3859.737,11.513,11.141,219.635,137,45,6,2,53.071,20.155,7.922,441.882,61.575,95725.433,321760.584,15567.747,163168.807,174159.524,24.015,10.279,206.688,24.015,6.853,202.053,26.536,12.093,223.446,26.536,8.062,218.436,5.163,5.908,6.092,4.737,4877.058,3788.235,755.057,5042.565,3966.991,733.87,0.902,3263.799
MRM,Budget,260311001,2026,3,11,1,2026-3,154515.916,144060.374,8652.891,14531.403,15567.747,95725.433,9270.955,5562.573,48.029,17.132,6.971,408.741,0.835,0.98,0.925,0.772,0.955,0.884,0.95,5.526,744.584,4959.812,3859.737,11.513,11.141,219.635,138,45,6,2,53.071,20.155,7.922,441.882,61.575,95725.433,321760.584,15567.747,163168.807,174159.524,24.015,10.279,206.688,24.015,6.853,202.053,26.536,12.093,223.446,26.536,8.062,218.436,5.163,5.908,6.092,4.737,4877.058,3788.235,755.057,5042.565,3966.991,733.87,0.902,3263.799
MRM,Budget,260311002,2026,3,11,2,2026-3,154515.916,144060.374,8652.891,14531.403,15567.747,95725.433,9270.955,5562.573,48.029,17.132,6.971,408.741,0.835,0.98,0.925,0.772,0.955,0.884,0.95,5.526,744.584,4959.812,3859.737,11.513,11.141,219.635,139,45,6,2,53.071,20.155,7.922,441.882,61.575,95725.433,321760.584,15567.747,163168.807,174159.524,24.015,10.279,206.688,24.015,6.853,202.053,26.536,12.093,223.446,26.536,8.062,218.436,5.163,5.908,6.092,4.737,4877.058,3788.235,755.057,5042.565,3966.991,733.87,0.902,3263.799
MRM,Budget,260312001,2026,3,12,1,2026-3,154515.916,144060.374,8652.891,14531.403,15567.747,95725.433,9270.955,5562.573,48.029,17.132,6.971,408.741,0.835,0.98,0.925,0.772,0.955,0.884,0.95,5.526,744.584,4959.812,3859.737,11.513,11.141,219.635,140,45,6,2,53.071,20.155,7.922,441.882,61.575,95725.433,321760.584,15567.747,163168.807,174159.524,24.015,10.279,206.688,24.015,6.853,202.053,26.536,12.093,223.446,26.536,8.062,218.436,5.163,5.908,6.092,4.737,4877.058,3788.235,755.057,5042.565,3966.991,733.87,0.902,3263.799
MRM,Budget,260312002,2026,3,12,2,2026-3,154515.916,144060.374,8652.891,14531.403,15567.747,95725.433,9270.955,5562.573,48.029,17.132,6.971,408.741,0.835,0.98,0.925,0.772,0.955,0.884,0.95,5.526,744.584,4959.812,3859.737,11.513,11.141,219.635,141,45,6,2,53.071,20.155,7.922,441.882,61.575,95725.433,321760.584,15567.747,163168.807,174159.524,24.015,10.279,206.688,24.015,6.853,202.053,26.536,12.093,223.446,26.536,8.062,218.436,5.163,5.908,6.092,4.737,4877.058,3788.235,755.057,5042.565,3966.991,733.87,0.902,3263.799
MRM,Budget,260313001,2026,3,13,1,2026-3,154515.916,144060.374,8652.891,14531.403,15567.747,95725.433,9270.955,5562.573,48.029,17.132,6.971,408.741,0.835,0.98,0.925,0.772,0.955,0.884,0.95,5.526,744.584,4959.812,3859.737,11.513,11.141,219.635,142,45,6,2,53.071,20.155,7.922,441.882,61.575,95725.433,321760.584,15567.747,163168.807,174159.524,24.015,10.279,206.688,24.015,6.853,202.053,26.536,12.093,223.446,26.536,8.062,218.436,5.163,5.908,6.092,4.737,4877.058,3788.235,755.057,5042.565,3966.991,733.87,0.902,3263.799
MRM,Budget,260313002,2026,3,13,2,2026-3,154515.916,144060.374,8652.891,14531.403,15567.747,95725.433,9270.955,5562.573,48.029,17.132,6.971,408.741,0.835,0.98,0.925,0.772,0.955,0.884,0.95,5.526,744.584,4959.812,3859.737,11.513,11.141,219.635,143,45,6,2,53.071,20.155,7.922,441.882,61.575,95725.433,321760.584,15567.747,163168.807,174159.524,24.015,10.279,206.688,24.015,6.853,202.053,26.536,12.093,223.446,26.536,8.062,218.436,5.163,5.908,6.092,4.737,4877.058,3788.235,755.057,5042.565,3966.991,733.87,0.902,3263.799
MRM,Budget,260314001,2026,3,14,1,2026-3,154515.916,144060.374,8652.891,14531.403,15567.747,95725.433,9270.955,5562.573,48.029,17.132,6.971,408.741,0.835,0.98,0.925,0.772,0.955,0.884,0.95,5.526,744.584,4959.812,3859.737,11.513,11.141,219.635,144,45,6,2,53.071,20.155,7.922,441.882,61.575,95725.433,321760.584,15567.747,163168.807,174159.524,24.015,10.279,206.688,24.015,6.853,202.053,26.536,12.093,223.446,26.536,8.062,218.436,5.163,5.908,6.092,4.737,4877.058,3788.235,755.057,5042.565,3966.991,733.87,0.902,3263.799
MRM,Budget,260314002,2026,3,14,2,2026-3,154515.916,144060.374,8652.891,14531.403,15567.747,95725.433,9270.955,5562.573,48.029,17.132,6.971,408.741,0.835,0.98,0.925,0.772,0.955,0.884,0.95,5.526,744.584,4959.812,3859.737,11.513,11.141,219.635,145,45,6,2,53.071,20.155,7.922,441.882,61.575,95725.433,321760.584,15567.747,163168.807,174159.524,24.015,10.279,206.688,24.015,6.853,202.053,26.536,12.093,223.446,26.536,8.062,218.436,5.163,5.908,6.092,4.737,4877.058,3788.235,755.057,5042.565,3966.991,733.87,0.902,3263.799
MRM,Budget,260315001,2026,3,15,1,2026-3,154515.916,144060.374,8652.891,14531.403,15567.747,95725.433,9270.955,5562.573,48.029,17.132,6.971,408.741,0.835,0.98,0.925,0.772,0.955,0.884,0.95,5.526,744.584,4959.812,3859.737,11.513,11.141,219.635,146,45,6,2,53.071,20.155,7.922,441.882,61.575,95725.433,321760.584,15567.747,163168.807,174159.524,24.015,10.279,206.688,24.015,6.853,202.053,26.536,12.093,223.446,26.536,8.062,218.436,5.163,5.908,6.092,4.737,4877.058,3788.235,755.057,5042.565,3966.991,733.87,0.902,3263.799
MRM,Budget,260315002,2026,3,15,2,2026-3,154515.916,144060.374,8652.891,14531.403,15567.747,95725.433,9270.955,5562.573,48.029,17.132,6.971,408.741,0.835,0.98,0.925,0.772,0.955,0.884,0.95,5.526,744.584,4959.812,3859.737,11.513,11.141,219.635,147,45,6,2,53.071,20.155,7.922,441.882,61.575,95725.433,321760.584,15567.747,163168.807,174159.524,24.015,10.279,206.688,24.015,6.853,202.053,26.536,12.093,223.446,26.536,8.062,218.436,5.163,5.908,6.092,4.737,4877.058,3788.235,755.057,5042.565,3966.991,733.87,0.902,3263.799
MRM,Budget,260316001,2026,3,16,1,2026-3,154515.916,144060.374,8652.891,14531.403,15567.747,95725.433,9270.955,5562.573,48.029,17.132,6.971,408.741,0.835,0.98,0.925,0.772,0.955,0.884,0.95,5.526,744.584,4959.812,3859.737,11.513,11.141,219.635,148,45,6,2,53.071,20.155,7.922,441.882,61.575,95725.433,321760.584,15567.747,163168.807,174159.524,24.015,10.279,206.688,24.015,6.853,202.053,26.536,12.093,223.446,26.536,8.062,218.436,5.163,5.908,6.092,4.737,4877.058,3788.235,755.057,5042.565,3966.991,733.87,0.902,3263.799
MRM,Budget,260316002,2026,3,16,2,2026-3,154515.916,144060.374,8652.891,14531.403,15567.747,95725.433,9270.955,5562.573,48.029,17.132,6.971,408.741,0.835,0.98,0.925,0.772,0.955,0.884,0.95,5.526,744.584,4959.812,3859.737,11.513,11.141,219.635,149,45,6,2,53.071,20.155,7.922,441.882,61.575,95725.433,321760.584,15567.747,163168.807,174159.524,24.015,10.279,206.688,24.015,6.853,202.053,26.536,12.093,223.446,26.536,8.062,218.436,5.163,5.908,6.092,4.737,4877.058,3788.235,755.057,5042.565,3966.991,733.87,0.902,3263.799
MRM,Budget,260317001,2026,3,17,1,2026-3,154515.916,144060.374,8652.891,14531.403,15567.747,95725.433,9270.955,5562.573,48.029,17.132,6.971,408.741,0.835,0.98,0.925,0.772,0.955,0.884,0.95,5.526,744.584,4959.812,3859.737,11.513,11.141,219.635,150,45,6,2,53.071,20.155,7.922,441.882,61.575,95725.433,321760.584,15567.747,163168.807,174159.524,24.015,10.279,206.688,24.015,6.853,202.053,26.536,12.093,223.446,26.536,8.062,218.436,5.163,5.908,6.092,4.737,4877.058,3788.235,755.057,5042.565,3966.991,733.87,0.902,3263.799
MRM,Budget,260317002,2026,3,17,2,2026-3,154515.916,144060.374,8652.891,14531.403,15567.747,95725.433,9270.955,5562.573,48.029,17.132,6.971,408.741,0.835,0.98,0.925,0.772,0.955,0.884,0.95,5.526,744.584,4959.812,3859.737,11.513,11.141,219.635,151,45,6,2,53.071,20.155,7.922,441.882,61.575,95725.433,321760.584,15567.747,163168.807,174159.524,24.015,10.279,206.688,24.015,6.853,202.053,26.536,12.093,223.446,26.536,8.062,218.436,5.163,5.908,6.092,4.737,4877.058,3788.235,755.057,5042.565,3966.991,733.87,0.902,3263.799
MRM,Budget,260318001,2026,3,18,1,2026-3,154515.916,144060.374,8652.891,14531.403,15567.747,95725.433,9270.955,5562.573,48.029,17.132,6.971,408.741,0.835,0.98,0.925,0.772,0.955,0.884,0.95,5.526,744.584,4959.812,3859.737,11.513,11.141,219.635,152,45,6,2,53.071,20.155,7.922,441.882,61.575,95725.433,321760.584,15567.747,163168.807,174159.524,24.015,10.279,206.688,24.015,6.853,202.053,26.536,12.093,223.446,26.536,8.062,218.436,5.163,5.908,6.092,4.737,4877.058,3788.235,755.057,5042.565,3966.991,733.87,0.902,3263.799
MRM,Budget,260318002,2026,3,18,2,2026-3,154515.916,144060.374,8652.891,14531.403,15567.747,95725.433,9270.955,5562.573,48.029,17.132,6.971,408.741,0.835,0.98,0.925,0.772,0.955,0.884,0.95,5.526,744.584,4959.812,3859.737,11.513,11.141,219.635,153,45,6,2,53.071,20.155,7.922,441.882,61.575,95725.433,321760.584,15567.747,163168.807,174159.524,24.015,10.279,206.688,24.015,6.853,202.053,26.536,12.093,223.446,26.536,8.062,218.436,5.163,5.908,6.092,4.737,4877.058,3788.235,755.057,5042.565,3966.991,733.87,0.902,3263.799
MRM,Budget,260319001,2026,3,19,1,2026-3,154515.916,144060.374,8652.891,14531.403,15567.747,95725.433,9270.955,5562.573,48.029,17.132,6.971,408.741,0.835,0.98,0.925,0.772,0.955,0.884,0.95,5.526,744.584,4959.812,3859.737,11.513,11.141,219.635,154,45,6,2,53.071,20.155,7.922,441.882,61.575,95725.433,321760.584,15567.747,163168.807,174159.524,24.015,10.279,206.688,24.015,6.853,202.053,26.536,12.093,223.446,26.536,8.062,218.436,5.163,5.908,6.092,4.737,4877.058,3788.235,755.057,5042.565,3966.991,733.87,0.902,3263.799
MRM,Budget,260319002,2026,3,19,2,2026-3,154515.916,144060.374,8652.891,14531.403,15567.747,95725.433,9270.955,5562.573,48.029,17.132,6.971,408.741,0.835,0.98,0.925,0.772,0.955,0.884,0.95,5.526,744.584,4959.812,3859.737,11.513,11.141,219.635,155,45,6,2,53.071,20.155,7.922,441.882,61.575,95725.433,321760.584,15567.747,163168.807,174159.524,24.015,10.279,206.688,24.015,6.853,202.053,26.536,12.093,223.446,26.536,8.062,218.436,5.163,5.908,6.092,4.737,4877.058,3788.235,755.057,5042.565,3966.991,733.87,0.902,3263.799
MRM,Budget,260320001,2026,3,20,1,2026-3,154515.916,144060.374,8652.891,14531.403,15567.747,95725.433,9270.955,5562.573,48.029,17.132,6.971,408.741,0.835,0.98,0.925,0.772,0.955,0.884,0.95,5.526,744.584,4959.812,3859.737,11.513,11.141,219.635,156,45,6,2,53.071,20.155,7.922,441.882,61.575,95725.433,321760.584,15567.747,163168.807,174159.524,24.015,10.279,206.688,24.015,6.853,202.053,26.536,12.093,223.446,26.536,8.062,218.436,5.163,5.908,6.092,4.737,4877.058,3788.235,755.057,5042.565,3966.991,733.87,0.902,3263.799
MRM,Budget,260320002,2026,3,20,2,2026-3,154515.916,144060.374,8652.891,14531.403,15567.747,95725.433,9270.955,5562.573,48.029,17.132,6.971,408.741,0.835,0.98,0.925,0.772,0.955,0.884,0.95,5.526,744.584,4959.812,3859.737,11.513,11.141,219.635,157,45,6,2,53.071,20.155,7.922,441.882,61.575,95725.433,321760.584,15567.747,163168.807,174159.524,24.015,10.279,206.688,24.015,6.853,202.053,26.536,12.093,223.446,26.536,8.062,218.436,5.163,5.908,6.092,4.737,4877.058,3788.235,755.057,5042.565,3966.991,733.87,0.902,3263.799
MRM,Budget,260321001,2026,3,21,1,2026-3,154515.916,144060.374,8652.891,14531.403,15567.747,95725.433,9270.955,5562.573,48.029,17.132,6.971,408.741,0.835,0.98,0.925,0.772,0.955,0.884,0.95,5.526,744.584,4959.812,3859.737,11.513,11.141,219.635,158,45,6,2,53.071,20.155,7.922,441.882,61.575,95725.433,321760.584,15567.747,163168.807,174159.524,24.015,10.279,206.688,24.015,6.853,202.053,26.536,12.093,223.446,26.536,8.062,218.436,5.163,5.908,6.092,4.737,4877.058,3788.235,755.057,5042.565,3966.991,733.87,0.902,3263.799
MRM,Budget,260321002,2026,3,21,2,2026-3,154515.916,144060.374,8652.891,14531.403,15567.747,95725.433,9270.955,5562.573,48.029,17.132,6.971,408.741,0.835,0.98,0.925,0.772,0.955,0.884,0.95,5.526,744.584,4959.812,3859.737,11.513,11.141,219.635,159,45,6,2,53.071,20.155,7.922,441.882,61.575,95725.433,321760.584,15567.747,163168.807,174159.524,24.015,10.279,206.688,24.015,6.853,202.053,26.536,12.093,223.446,26.536,8.062,218.436,5.163,5.908,6.092,4.737,4877.058,3788.235,755.057,5042.565,3966.991,733.87,0.902,3263.799
MRM,Budget,260322001,2026,3,22,1,2026-3,154515.916,144060.374,8652.891,14531.403,15567.747,95725.433,9270.955,5562.573,48.029,17.132,6.971,408.741,0.835,0.98,0.925,0.772,0.955,0.884,0.95,5.526,744.584,4959.812,3859.737,11.513,11.141,219.635,160,45,6,2,53.071,20.155,7.922,441.882,61.575,95725.433,321760.584,15567.747,163168.807,174159.524,24.015,10.279,206.688,24.015,6.853,202.053,26.536,12.093,223.446,26.536,8.062,218.436,5.163,5.908,6.092,4.737,4877.058,3788.235,755.057,5042.565,3966.991,733.87,0.902,3263.799
MRM,Budget,260322002,2026,3,22,2,2026-3,154515.916,144060.374,8652.891,14531.403,15567.747,95725.433,9270.955,5562.573,48.029,17.132,6.971,408.741,0.835,0.98,0.925,0.772,0.955,0.884,0.95,5.526,744.584,4959.812,3859.737,11.513,11.141,219.635,161,45,6,2,53.071,20.155,7.922,441.882,61.575,95725.433,321760.584,15567.747,163168.807,174159.524,24.015,10.279,206.688,24.015,6.853,202.053,26.536,12.093,223.446,26.536,8.062,218.436,5.163,5.908,6.092,4.737,4877.058,3788.235,755.057,5042.565,3966.991,733.87,0.902,3263.799
MRM,Budget,260323001,2026,3,23,1,2026-3,154515.916,144060.374,8652.891,14531.403,15567.747,95725.433,9270.955,5562.573,48.029,17.132,6.971,408.741,0.835,0.98,0.925,0.772,0.955,0.884,0.95,5.526,744.584,4959.812,3859.737,11.513,11.141,219.635,162,45,6,2,53.071,20.155,7.922,441.882,61.575,95725.433,321760.584,15567.747,163168.807,174159.524,24.015,10.279,206.688,24.015,6.853,202.053,26.536,12.093,223.446,26.536,8.062,218.436,5.163,5.908,6.092,4.737,4877.058,3788.235,755.057,5042.565,3966.991,733.87,0.902,3263.799
MRM,Budget,260323002,2026,3,23,2,2026-3,154515.916,144060.374,8652.891,14531.403,15567.747,95725.433,9270.955,5562.573,48.029,17.132,6.971,408.741,0.835,0.98,0.925,0.772,0.955,0.884,0.95,5.526,744.584,4959.812,3859.737,11.513,11.141,219.635,163,45,6,2,53.071,20.155,7.922,441.882,61.575,95725.433,321760.584,15567.747,163168.807,174159.524,24.015,10.279,206.688,24.015,6.853,202.053,26.536,12.093,223.446,26.536,8.062,218.436,5.163,5.908,6.092,4.737,4877.058,3788.235,755.057,5042.565,3966.991,733.87,0.902,3263.799
MRM,Budget,260324001,2026,3,24,1,2026-3,154515.916,144060.374,8652.891,14531.403,15567.747,95725.433,9270.955,5562.573,48.029,17.132,6.971,408.741,0.835,0.98,0.925,0.772,0.955,0.884,0.95,5.526,744.584,4959.812,3859.737,11.513,11.141,219.635,164,45,6,2,53.071,20.155,7.922,441.882,61.575,95725.433,321760.584,15567.747,163168.807,174159.524,24.015,10.279,206.688,24.015,6.853,202.053,26.536,12.093,223.446,26.536,8.062,218.436,5.163,5.908,6.092,4.737,4877.058,3788.235,755.057,5042.565,3966.991,733.87,0.902,3263.799
MRM,Budget,260324002,2026,3,24,2,2026-3,154515.916,144060.374,8652.891,14531.403,15567.747,95725.433,9270.955,5562.573,48.029,17.132,6.971,408.741,0.835,0.98,0.925,0.772,0.955,0.884,0.95,5.526,744.584,4959.812,3859.737,11.513,11.141,219.635,165,45,6,2,53.071,20.155,7.922,441.882,61.575,95725.433,321760.584,15567.747,163168.807,174159.524,24.015,10.279,206.688,24.015,6.853,202.053,26.536,12.093,223.446,26.536,8.062,218.436,5.163,5.908,6.092,4.737,4877.058,3788.235,755.057,5042.565,3966.991,733.87,0.902,3263.799
MRM,Budget,260325001,2026,3,25,1,2026-3,154515.916,144060.374,8652.891,14531.403,15567.747,95725.433,9270.955,5562.573,48.029,17.132,6.971,408.741,0.835,0.98,0.925,0.772,0.955,0.884,0.95,5.526,744.584,4959.812,3859.737,11.513,11.141,219.635,166,45,6,2,53.071,20.155,7.922,441.882,61.575,95725.433,321760.584,15567.747,163168.807,174159.524,24.015,10.279,206.688,24.015,6.853,202.053,26.536,12.093,223.446,26.536,8.062,218.436,5.163,5.908,6.092,4.737,4877.058,3788.235,755.057,5042.565,3966.991,733.87,0.902,3263.799
MRM,Budget,260325002,2026,3,25,2,2026-3,154515.916,144060.374,8652.891,14531.403,15567.747,95725.433,9270.955,5562.573,48.029,17.132,6.971,408.741,0.835,0.98,0.925,0.772,0.955,0.884,0.95,5.526,744.584,4959.812,3859.737,11.513,11.141,219.635,167,45,6,2,53.071,20.155,7.922,441.882,61.575,95725.433,321760.584,15567.747,163168.807,174159.524,24.015,10.279,206.688,24.015,6.853,202.053,26.536,12.093,223.446,26.536,8.062,218.436,5.163,5.908,6.092,4.737,4877.058,3788.235,755.057,5042.565,3966.991,733.87,0.902,3263.799
MRM,Budget,260326001,2026,3,26,1,2026-3,154515.916,144060.374,8652.891,14531.403,15567.747,95725.433,9270.955,5562.573,48.029,17.132,6.971,408.741,0.835,0.98,0.925,0.772,0.955,0.884,0.95,5.526,744.584,4959.812,3859.737,11.513,11.141,219.635,168,45,6,2,53.071,20.155,7.922,441.882,61.575,95725.433,321760.584,15567.747,163168.807,174159.524,24.015,10.279,206.688,24.015,6.853,202.053,26.536,12.093,223.446,26.536,8.062,218.436,5.163,5.908,6.092,4.737,4877.058,3788.235,755.057,5042.565,3966.991,733.87,0.902,3263.799
MRM,Budget,260326002,2026,3,26,2,2026-3,154515.916,144060.374,8652.891,14531.403,15567.747,95725.433,9270.955,5562.573,48.029,17.132,6.971,408.741,0.835,0.98,0.925,0.772,0.955,0.884,0.95,5.526,744.584,4959.812,3859.737,11.513,11.141,219.635,169,45,6,2,53.071,20.155,7.922,441.882,61.575,95725.433,321760.584,15567.747,163168.807,174159.524,24.015,10.279,206.688,24.015,6.853,202.053,26.536,12.093,223.446,26.536,8.062,218.436,5.163,5.908,6.092,4.737,4877.058,3788.235,755.057,5042.565,3966.991,733.87,0.902,3263.799
MRM,Budget,260327001,2026,3,27,1,2026-3,154515.916,144060.374,8652.891,14531.403,15567.747,95725.433,9270.955,5562.573,48.029,17.132,6.971,408.741,0.835,0.98,0.925,0.772,0.955,0.884,0.95,5.526,744.584,4959.812,3859.737,11.513,11.141,219.635,170,45,6,2,53.071,20.155,7.922,441.882,61.575,95725.433,321760.584,15567.747,163168.807,174159.524,24.015,10.279,206.688,24.015,6.853,202.053,26.536,12.093,223.446,26.536,8.062,218.436,5.163,5.908,6.092,4.737,4877.058,3788.235,755.057,5042.565,3966.991,733.87,0.902,3263.799
MRM,Budget,260327002,2026,3,27,2,2026-3,154515.916,144060.374,8652.891,14531.403,15567.747,95725.433,9270.955,5562.573,48.029,17.132,6.971,408.741,0.835,0.98,0.925,0.772,0.955,0.884,0.95,5.526,744.584,4959.812,3859.737,11.513,11.141,219.635,171,45,6,2,53.071,20.155,7.922,441.882,61.575,95725.433,321760.584,15567.747,163168.807,174159.524,24.015,10.279,206.688,24.015,6.853,202.053,26.536,12.093,223.446,26.536,8.062,218.436,5.163,5.908,6.092,4.737,4877.058,3788.235,755.057,5042.565,3966.991,733.87,0.902,3263.799
MRM,Budget,260328001,2026,3,28,1,2026-3,154515.916,144060.374,8652.891,14531.403,15567.747,95725.433,9270.955,5562.573,48.029,17.132,6.971,408.741,0.835,0.98,0.925,0.772,0.955,0.884,0.95,5.526,744.584,4959.812,3859.737,11.513,11.141,219.635,172,45,6,2,53.071,20.155,7.922,441.882,61.575,95725.433,321760.584,15567.747,163168.807,174159.524,24.015,10.279,206.688,24.015,6.853,202.053,26.536,12.093,223.446,26.536,8.062,218.436,5.163,5.908,6.092,4.737,4877.058,3788.235,755.057,5042.565,3966.991,733.87,0.902,3263.799
MRM,Budget,260328002,2026,3,28,2,2026-3,154515.916,144060.374,8652.891,14531.403,15567.747,95725.433,9270.955,5562.573,48.029,17.132,6.971,408.741,0.835,0.98,0.925,0.772,0.955,0.884,0.95,5.526,744.584,4959.812,3859.737,11.513,11.141,219.635,173,45,6,2,53.071,20.155,7.922,441.882,61.575,95725.433,321760.584,15567.747,163168.807,174159.524,24.015,10.279,206.688,24.015,6.853,202.053,26.536,12.093,223.446,26.536,8.062,218.436,5.163,5.908,6.092,4.737,4877.058,3788.235,755.057,5042.565,3966.991,733.87,0.902,3263.799
MRM,Budget,260329001,2026,3,29,1,2026-3,154515.916,144060.374,8652.891,14531.403,15567.747,95725.433,9270.955,5562.573,48.029,17.132,6.971,408.741,0.835,0.98,0.925,0.772,0.955,0.884,0.95,5.526,744.584,4959.812,3859.737,11.513,11.141,219.635,174,45,6,2,53.071,20.155,7.922,441.882,61.575,95725.433,321760.584,15567.747,163168.807,174159.524,24.015,10.279,206.688,24.015,6.853,202.053,26.536,12.093,223.446,26.536,8.062,218.436,5.163,5.908,6.092,4.737,4877.058,3788.235,755.057,5042.565,3966.991,733.87,0.902,3263.799
MRM,Budget,260329002,2026,3,29,2,2026-3,154515.916,144060.374,8652.891,14531.403,15567.747,95725.433,9270.955,5562.573,48.029,17.132,6.971,408.741,0.835,0.98,0.925,0.772,0.955,0.884,0.95,5.526,744.584,4959.812,3859.737,11.513,11.141,219.635,175,45,6,2,53.071,20.155,7.922,441.882,61.575,95725.433,321760.584,15567.747,163168.807,174159.524,24.015,10.279,206.688,24.015,6.853,202.053,26.536,12.093,223.446,26.536,8.062,218.436,5.163,5.908,6.092,4.737,4877.058,3788.235,755.057,5042.565,3966.991,733.87,0.902,3263.799
MRM,Budget,260330001,2026,3,30,1,2026-3,154515.916,144060.374,8652.891,14531.403,15567.747,95725.433,9270.955,5562.573,48.029,17.132,6.971,408.741,0.835,0.98,0.925,0.772,0.955,0.884,0.95,5.526,744.584,4959.812,3859.737,11.513,11.141,219.635,176,45,6,2,53.071,20.155,7.922,441.882,61.575,95725.433,321760.584,15567.747,163168.807,174159.524,24.015,10.279,206.688,24.015,6.853,202.053,26.536,12.093,223.446,26.536,8.062,218.436,5.163,5.908,6.092,4.737,4877.058,3788.235,755.057,5042.565,3966.991,733.87,0.902,3263.799
MRM,Budget,260330002,2026,3,30,2,2026-3,154515.916,144060.374,8652.891,14531.403,15567.747,95725.433,9270.955,5562.573,48.029,17.132,6.971,408.741,0.835,0.98,0.925,0.772,0.955,0.884,0.95,5.526,744.584,4959.812,3859.737,11.513,11.141,219.635,177,45,6,2,53.071,20.155,7.922,441.882,61.575,95725.433,321760.584,15567.747,163168.807,174159.524,24.015,10.279,206.688,24.015,6.853,202.053,26.536,12.093,223.446,26.536,8.062,218.436,5.163,5.908,6.092,4.737,4877.058,3788.235,755.057,5042.565,3966.991,733.87,0.902,3263.799
MRM,Budget,260331001,2026,3,31,1,2026-3,154515.916,144060.374,8652.891,14531.403,15567.747,95725.433,9270.955,5562.573,48.029,17.132,6.971,408.741,0.835,0.98,0.925,0.772,0.955,0.884,0.95,5.526,744.584,4959.812,3859.737,11.513,11.141,219.635,178,45,6,2,53.071,20.155,7.922,441.882,61.575,95725.433,321760.584,15567.747,163168.807,174159.524,24.015,10.279,206.688,24.015,6.853,202.053,26.536,12.093,223.446,26.536,8.062,218.436,5.163,5.908,6.092,4.737,4877.058,3788.235,755.057,5042.565,3966.991,733.87,0.902,3263.799
MRM,Budget,260331002,2026,3,31,2,2026-3,154515.916,144060.374,8652.891,14531.403,15567.747,95725.433,9270.955,5562.573,48.029,17.132,6.971,408.741,0.835,0.98,0.925,0.772,0.955,0.884,0.95,5.526,744.584,4959.812,3859.737,11.513,11.141,219.635,179,45,6,2,53.071,20.155,7.922,441.882,61.575,95725.433,321760.584,15567.747,163168.807,174159.524,24.015,10.279,206.688,24.015,6.853,202.053,26.536,12.093,223.446,26.536,8.062,218.436,5.163,5.908,6.092,4.737,4877.058,3788.235,755.057,5042.565,3966.991,733.87,0.902,3263.799
MRM,Budget,260401001,2026,4,1,1,2026-4,132619.405,141514.901,5331.3,16271.52,16086.672,92002.342,5570.015,3342.009,51.053,17.132,10.158,408.741,0.835,0.98,0.925,0.895,0.955,0.884,0.95,5.91,676.482,4254.698,3460.896,11.354,13.995,184.862,180,45,5.5,2,56.412,20.155,11.543,441.882,72.297,92002.342,295102.782,16721.015,137950.705,173873.092,27.847,4.283,191.549,23.206,12.849,217.192,30.77,5.039,207.08,25.642,15.116,234.802,5.279,6.496,8.809,4.298,4254.08,3460.066,695.815,4255.44,3461.172,659.431,0.902,2854.681
MRM,Budget,260401002,2026,4,1,2,2026-4,132619.405,141514.901,5331.3,16271.52,16086.672,92002.342,5570.015,3342.009,51.053,17.132,10.158,408.741,0.835,0.98,0.925,0.895,0.955,0.884,0.95,5.91,676.482,4254.698,3460.896,11.354,13.995,184.862,181,45,5.5,2,56.412,20.155,11.543,441.882,72.297,92002.342,295102.782,16721.015,137950.705,173873.092,27.847,4.283,191.549,23.206,12.849,217.192,30.77,5.039,207.08,25.642,15.116,234.802,5.279,6.496,8.809,4.298,4254.08,3460.066,695.815,4255.44,3461.172,659.431,0.902,2854.681
MRM,Budget,260402001,2026,4,2,1,2026-4,132619.405,141514.901,5331.3,16271.52,16086.672,92002.342,5570.015,3342.009,51.053,17.132,10.158,408.741,0.835,0.98,0.925,0.895,0.955,0.884,0.95,5.91,676.482,4254.698,3460.896,11.354,13.995,184.862,182,45,5.5,2,56.412,20.155,11.543,441.882,72.297,92002.342,295102.782,16721.015,137950.705,173873.092,27.847,4.283,191.549,23.206,12.849,217.192,30.77,5.039,207.08,25.642,15.116,234.802,5.279,6.496,8.809,4.298,4254.08,3460.066,695.815,4255.44,3461.172,659.431,0.902,2854.681
MRM,Budget,260402002,2026,4,2,2,2026-4,132619.405,141514.901,5331.3,16271.52,16086.672,92002.342,5570.015,3342.009,51.053,17.132,10.158,408.741,0.835,0.98,0.925,0.895,0.955,0.884,0.95,5.91,676.482,4254.698,3460.896,11.354,13.995,184.862,183,45,5.5,2,56.412,20.155,11.543,441.882,72.297,92002.342,295102.782,16721.015,137950.705,173873.092,27.847,4.283,191.549,23.206,12.849,217.192,30.77,5.039,207.08,25.642,15.116,234.802,5.279,6.496,8.809,4.298,4254.08,3460.066,695.815,4255.44,3461.172,659.431,0.902,2854.681
MRM,Budget,260403001,2026,4,3,1,2026-4,132619.405,141514.901,5331.3,16271.52,16086.672,92002.342,5570.015,3342.009,51.053,17.132,10.158,408.741,0.835,0.98,0.925,0.895,0.955,0.884,0.95,5.91,676.482,4254.698,3460.896,11.354,13.995,184.862,184,45,5.5,2,56.412,20.155,11.543,441.882,72.297,92002.342,295102.782,16721.015,137950.705,173873.092,27.847,4.283,191.549,23.206,12.849,217.192,30.77,5.039,207.08,25.642,15.116,234.802,5.279,6.496,8.809,4.298,4254.08,3460.066,695.815,4255.44,3461.172,659.431,0.902,2854.681
MRM,Budget,260403002,2026,4,3,2,2026-4,132619.405,141514.901,5331.3,16271.52,16086.672,92002.342,5570.015,3342.009,51.053,17.132,10.158,408.741,0.835,0.98,0.925,0.895,0.955,0.884,0.95,5.91,676.482,4254.698,3460.896,11.354,13.995,184.862,185,45,5.5,2,56.412,20.155,11.543,441.882,72.297,92002.342,295102.782,16721.015,137950.705,173873.092,27.847,4.283,191.549,23.206,12.849,217.192,30.77,5.039,207.08,25.642,15.116,234.802,5.279,6.496,8.809,4.298,4254.08,3460.066,695.815,4255.44,3461.172,659.431,0.902,2854.681
MRM,Budget,260404001,2026,4,4,1,2026-4,132619.405,141514.901,5331.3,16271.52,16086.672,92002.342,5570.015,3342.009,51.053,17.132,10.158,408.741,0.835,0.98,0.925,0.895,0.955,0.884,0.95,5.91,676.482,4254.698,3460.896,11.354,13.995,184.862,186,45,5.5,2,56.412,20.155,11.543,441.882,72.297,92002.342,295102.782,16721.015,137950.705,173873.092,27.847,4.283,191.549,23.206,12.849,217.192,30.77,5.039,207.08,25.642,15.116,234.802,5.279,6.496,8.809,4.298,4254.08,3460.066,695.815,4255.44,3461.172,659.431,0.902,2854.681
MRM,Budget,260404002,2026,4,4,2,2026-4,132619.405,141514.901,5331.3,16271.52,16086.672,92002.342,5570.015,3342.009,51.053,17.132,10.158,408.741,0.835,0.98,0.925,0.895,0.955,0.884,0.95,5.91,676.482,4254.698,3460.896,11.354,13.995,184.862,187,45,5.5,2,56.412,20.155,11.543,441.882,72.297,92002.342,295102.782,16721.015,137950.705,173873.092,27.847,4.283,191.549,23.206,12.849,217.192,30.77,5.039,207.08,25.642,15.116,234.802,5.279,6.496,8.809,4.298,4254.08,3460.066,695.815,4255.44,3461.172,659.431,0.902,2854.681
MRM,Budget,260405001,2026,4,5,1,2026-4,132619.405,141514.901,5331.3,16271.52,16086.672,92002.342,5570.015,3342.009,51.053,17.132,10.158,408.741,0.835,0.98,0.925,0.895,0.955,0.884,0.95,5.91,676.482,4254.698,3460.896,11.354,13.995,184.862,188,45,5.5,2,56.412,20.155,11.543,441.882,72.297,92002.342,295102.782,16721.015,137950.705,173873.092,27.847,4.283,191.549,23.206,12.849,217.192,30.77,5.039,207.08,25.642,15.116,234.802,5.279,6.496,8.809,4.298,4254.08,3460.066,695.815,4255.44,3461.172,659.431,0.902,2854.681
MRM,Budget,260405002,2026,4,5,2,2026-4,132619.405,141514.901,5331.3,16271.52,16086.672,92002.342,5570.015,3342.009,51.053,17.132,10.158,408.741,0.835,0.98,0.925,0.895,0.955,0.884,0.95,5.91,676.482,4254.698,3460.896,11.354,13.995,184.862,189,45,5.5,2,56.412,20.155,11.543,441.882,72.297,92002.342,295102.782,16721.015,137950.705,173873.092,27.847,4.283,191.549,23.206,12.849,217.192,30.77,5.039,207.08,25.642,15.116,234.802,5.279,6.496,8.809,4.298,4254.08,3460.066,695.815,4255.44,3461.172,659.431,0.902,2854.681
MRM,Budget,260406001,2026,4,6,1,2026-4,132619.405,141514.901,5331.3,16271.52,16086.672,92002.342,5570.015,3342.009,51.053,17.132,10.158,408.741,0.835,0.98,0.925,0.895,0.955,0.884,0.95,5.91,676.482,4254.698,3460.896,11.354,13.995,184.862,190,45,5.5,2,56.412,20.155,11.543,441.882,72.297,92002.342,295102.782,16721.015,137950.705,173873.092,27.847,4.283,191.549,23.206,12.849,217.192,30.77,5.039,207.08,25.642,15.116,234.802,5.279,6.496,8.809,4.298,4254.08,3460.066,695.815,4255.44,3461.172,659.431,0.902,2854.681
MRM,Budget,260406002,2026,4,6,2,2026-4,132619.405,141514.901,5331.3,16271.52,16086.672,92002.342,5570.015,3342.009,51.053,17.132,10.158,408.741,0.835,0.98,0.925,0.895,0.955,0.884,0.95,5.91,676.482,4254.698,3460.896,11.354,13.995,184.862,191,45,5.5,2,56.412,20.155,11.543,441.882,72.297,92002.342,295102.782,16721.015,137950.705,173873.092,27.847,4.283,191.549,23.206,12.849,217.192,30.77,5.039,207.08,25.642,15.116,234.802,5.279,6.496,8.809,4.298,4254.08,3460.066,695.815,4255.44,3461.172,659.431,0.902,2854.681
MRM,Budget,260407001,2026,4,7,1,2026-4,132619.405,141514.901,5331.3,16271.52,16086.672,92002.342,5570.015,3342.009,51.053,17.132,10.158,408.741,0.835,0.98,0.925,0.895,0.955,0.884,0.95,5.91,676.482,4254.698,3460.896,11.354,13.995,184.862,192,45,5.5,2,56.412,20.155,11.543,441.882,72.297,92002.342,295102.782,16721.015,137950.705,173873.092,27.847,4.283,191.549,23.206,12.849,217.192,30.77,5.039,207.08,25.642,15.116,234.802,5.279,6.496,8.809,4.298,4254.08,3460.066,695.815,4255.44,3461.172,659.431,0.902,2854.681
MRM,Budget,260407002,2026,4,7,2,2026-4,132619.405,141514.901,5331.3,16271.52,16086.672,92002.342,5570.015,3342.009,51.053,17.132,10.158,408.741,0.835,0.98,0.925,0.895,0.955,0.884,0.95,5.91,676.482,4254.698,3460.896,11.354,13.995,184.862,193,45,5.5,2,56.412,20.155,11.543,441.882,72.297,92002.342,295102.782,16721.015,137950.705,173873.092,27.847,4.283,191.549,23.206,12.849,217.192,30.77,5.039,207.08,25.642,15.116,234.802,5.279,6.496,8.809,4.298,4254.08,3460.066,695.815,4255.44,3461.172,659.431,0.902,2854.681
MRM,Budget,260408001,2026,4,8,1,2026-4,132619.405,141514.901,5331.3,16271.52,16086.672,92002.342,5570.015,3342.009,51.053,17.132,10.158,408.741,0.835,0.98,0.925,0.895,0.955,0.884,0.95,5.91,676.482,4254.698,3460.896,11.354,13.995,184.862,194,45,5.5,2,56.412,20.155,11.543,441.882,72.297,92002.342,295102.782,16721.015,137950.705,173873.092,27.847,4.283,191.549,23.206,12.849,217.192,30.77,5.039,207.08,25.642,15.116,234.802,5.279,6.496,8.809,4.298,4254.08,3460.066,695.815,4255.44,3461.172,659.431,0.902,2854.681
MRM,Budget,260408002,2026,4,8,2,2026-4,132619.405,141514.901,5331.3,16271.52,16086.672,92002.342,5570.015,3342.009,51.053,17.132,10.158,408.741,0.835,0.98,0.925,0.895,0.955,0.884,0.95,5.91,676.482,4254.698,3460.896,11.354,13.995,184.862,195,45,5.5,2,56.412,20.155,11.543,441.882,72.297,92002.342,295102.782,16721.015,137950.705,173873.092,27.847,4.283,191.549,23.206,12.849,217.192,30.77,5.039,207.08,25.642,15.116,234.802,5.279,6.496,8.809,4.298,4254.08,3460.066,695.815,4255.44,3461.172,659.431,0.902,2854.681
MRM,Budget,260409001,2026,4,9,1,2026-4,132619.405,141514.901,5331.3,16271.52,16086.672,92002.342,5570.015,3342.009,51.053,17.132,10.158,408.741,0.835,0.98,0.925,0.895,0.955,0.884,0.95,5.91,676.482,4254.698,3460.896,11.354,13.995,184.862,196,45,5.5,2,56.412,20.155,11.543,441.882,72.297,92002.342,295102.782,16721.015,137950.705,173873.092,27.847,4.283,191.549,23.206,12.849,217.192,30.77,5.039,207.08,25.642,15.116,234.802,5.279,6.496,8.809,4.298,4254.08,3460.066,695.815,4255.44,3461.172,659.431,0.902,2854.681
MRM,Budget,260409002,2026,4,9,2,2026-4,132619.405,141514.901,5331.3,16271.52,16086.672,92002.342,5570.015,3342.009,51.053,17.132,10.158,408.741,0.835,0.98,0.925,0.895,0.955,0.884,0.95,5.91,676.482,4254.698,3460.896,11.354,13.995,184.862,197,45,5.5,2,56.412,20.155,11.543,441.882,72.297,92002.342,295102.782,16721.015,137950.705,173873.092,27.847,4.283,191.549,23.206,12.849,217.192,30.77,5.039,207.08,25.642,15.116,234.802,5.279,6.496,8.809,4.298,4254.08,3460.066,695.815,4255.44,3461.172,659.431,0.902,2854.681
MRM,Budget,260410001,2026,4,10,1,2026-4,132619.405,141514.901,5331.3,16271.52,16086.672,92002.342,5570.015,3342.009,51.053,17.132,10.158,408.741,0.835,0.98,0.925,0.895,0.955,0.884,0.95,5.91,676.482,4254.698,3460.896,11.354,13.995,184.862,198,45,5.5,2,56.412,20.155,11.543,441.882,72.297,92002.342,295102.782,16721.015,137950.705,173873.092,27.847,4.283,191.549,23.206,12.849,217.192,30.77,5.039,207.08,25.642,15.116,234.802,5.279,6.496,8.809,4.298,4254.08,3460.066,695.815,4255.44,3461.172,659.431,0.902,2854.681
MRM,Budget,260410002,2026,4,10,2,2026-4,132619.405,141514.901,5331.3,16271.52,16086.672,92002.342,5570.015,3342.009,51.053,17.132,10.158,408.741,0.835,0.98,0.925,0.895,0.955,0.884,0.95,5.91,676.482,4254.698,3460.896,11.354,13.995,184.862,199,45,5.5,2,56.412,20.155,11.543,441.882,72.297,92002.342,295102.782,16721.015,137950.705,173873.092,27.847,4.283,191.549,23.206,12.849,217.192,30.77,5.039,207.08,25.642,15.116,234.802,5.279,6.496,8.809,4.298,4254.08,3460.066,695.815,4255.44,3461.172,659.431,0.902,2854.681
MRM,Budget,260411001,2026,4,11,1,2026-4,132619.405,141514.901,5331.3,16271.52,16086.672,92002.342,5570.015,3342.009,51.053,17.132,10.158,408.741,0.835,0.98,0.925,0.895,0.955,0.884,0.95,5.91,676.482,4254.698,3460.896,11.354,13.995,184.862,200,45,5.5,2,56.412,20.155,11.543,441.882,72.297,92002.342,295102.782,16721.015,137950.705,173873.092,27.847,4.283,191.549,23.206,12.849,217.192,30.77,5.039,207.08,25.642,15.116,234.802,5.279,6.496,8.809,4.298,4254.08,3460.066,695.815,4255.44,3461.172,659.431,0.902,2854.681
MRM,Budget,260411002,2026,4,11,2,2026-4,132619.405,141514.901,5331.3,16271.52,16086.672,92002.342,5570.015,3342.009,51.053,17.132,10.158,408.741,0.835,0.98,0.925,0.895,0.955,0.884,0.95,5.91,676.482,4254.698,3460.896,11.354,13.995,184.862,201,45,5.5,2,56.412,20.155,11.543,441.882,72.297,92002.342,295102.782,16721.015,137950.705,173873.092,27.847,4.283,191.549,23.206,12.849,217.192,30.77,5.039,207.08,25.642,15.116,234.802,5.279,6.496,8.809,4.298,4254.08,3460.066,695.815,4255.44,3461.172,659.431,0.902,2854.681
MRM,Budget,260412001,2026,4,12,1,2026-4,132619.405,141514.901,5331.3,16271.52,16086.672,92002.342,5570.015,3342.009,51.053,17.132,10.158,408.741,0.835,0.98,0.925,0.895,0.955,0.884,0.95,5.91,676.482,4254.698,3460.896,11.354,13.995,184.862,202,45,5.5,2,56.412,20.155,11.543,441.882,72.297,92002.342,295102.782,16721.015,137950.705,173873.092,27.847,4.283,191.549,23.206,12.849,217.192,30.77,5.039,207.08,25.642,15.116,234.802,5.279,6.496,8.809,4.298,4254.08,3460.066,695.815,4255.44,3461.172,659.431,0.902,2854.681
MRM,Budget,260412002,2026,4,12,2,2026-4,132619.405,141514.901,5331.3,16271.52,16086.672,92002.342,5570.015,3342.009,51.053,17.132,10.158,408.741,0.835,0.98,0.925,0.895,0.955,0.884,0.95,5.91,676.482,4254.698,3460.896,11.354,13.995,184.862,203,45,5.5,2,56.412,20.155,11.543,441.882,72.297,92002.342,295102.782,16721.015,137950.705,173873.092,27.847,4.283,191.549,23.206,12.849,217.192,30.77,5.039,207.08,25.642,15.116,234.802,5.279,6.496,8.809,4.298,4254.08,3460.066,695.815,4255.44,3461.172,659.431,0.902,2854.681
MRM,Budget,260413001,2026,4,13,1,2026-4,132619.405,141514.901,5331.3,16271.52,16086.672,92002.342,5570.015,3342.009,51.053,17.132,10.158,408.741,0.835,0.98,0.925,0.895,0.955,0.884,0.95,5.91,676.482,4254.698,3460.896,11.354,13.995,184.862,204,45,5.5,2,56.412,20.155,11.543,441.882,72.297,92002.342,295102.782,16721.015,137950.705,173873.092,27.847,4.283,191.549,23.206,12.849,217.192,30.77,5.039,207.08,25.642,15.116,234.802,5.279,6.496,8.809,4.298,4254.08,3460.066,695.815,4255.44,3461.172,659.431,0.902,2854.681
MRM,Budget,260413002,2026,4,13,2,2026-4,132619.405,141514.901,5331.3,16271.52,16086.672,92002.342,5570.015,3342.009,51.053,17.132,10.158,408.741,0.835,0.98,0.925,0.895,0.955,0.884,0.95,5.91,676.482,4254.698,3460.896,11.354,13.995,184.862,205,45,5.5,2,56.412,20.155,11.543,441.882,72.297,92002.342,295102.782,16721.015,137950.705,173873.092,27.847,4.283,191.549,23.206,12.849,217.192,30.77,5.039,207.08,25.642,15.116,234.802,5.279,6.496,8.809,4.298,4254.08,3460.066,695.815,4255.44,3461.172,659.431,0.902,2854.681
MRM,Budget,260414001,2026,4,14,1,2026-4,132619.405,141514.901,5331.3,16271.52,16086.672,92002.342,5570.015,3342.009,51.053,17.132,10.158,408.741,0.835,0.98,0.925,0.895,0.955,0.884,0.95,5.91,676.482,4254.698,3460.896,11.354,13.995,184.862,206,45,5.5,2,56.412,20.155,11.543,441.882,72.297,92002.342,295102.782,16721.015,137950.705,173873.092,27.847,4.283,191.549,23.206,12.849,217.192,30.77,5.039,207.08,25.642,15.116,234.802,5.279,6.496,8.809,4.298,4254.08,3460.066,695.815,4255.44,3461.172,659.431,0.902,2854.681
MRM,Budget,260414002,2026,4,14,2,2026-4,132619.405,141514.901,5331.3,16271.52,16086.672,92002.342,5570.015,3342.009,51.053,17.132,10.158,408.741,0.835,0.98,0.925,0.895,0.955,0.884,0.95,5.91,676.482,4254.698,3460.896,11.354,13.995,184.862,207,45,5.5,2,56.412,20.155,11.543,441.882,72.297,92002.342,295102.782,16721.015,137950.705,173873.092,27.847,4.283,191.549,23.206,12.849,217.192,30.77,5.039,207.08,25.642,15.116,234.802,5.279,6.496,8.809,4.298,4254.08,3460.066,695.815,4255.44,3461.172,659.431,0.902,2854.681
MRM,Budget,260415001,2026,4,15,1,2026-4,132619.405,141514.901,5331.3,16271.52,16086.672,92002.342,5570.015,3342.009,51.053,17.132,10.158,408.741,0.835,0.98,0.925,0.895,0.955,0.884,0.95,5.91,676.482,4254.698,3460.896,11.354,13.995,184.862,208,45,5.5,2,56.412,20.155,11.543,441.882,72.297,92002.342,295102.782,16721.015,137950.705,173873.092,27.847,4.283,191.549,23.206,12.849,217.192,30.77,5.039,207.08,25.642,15.116,234.802,5.279,6.496,8.809,4.298,4254.08,3460.066,695.815,4255.44,3461.172,659.431,0.902,2854.681
MRM,Budget,260415002,2026,4,15,2,2026-4,132619.405,141514.901,5331.3,16271.52,16086.672,92002.342,5570.015,3342.009,51.053,17.132,10.158,408.741,0.835,0.98,0.925,0.895,0.955,0.884,0.95,5.91,676.482,4254.698,3460.896,11.354,13.995,184.862,209,45,5.5,2,56.412,20.155,11.543,441.882,72.297,92002.342,295102.782,16721.015,137950.705,173873.092,27.847,4.283,191.549,23.206,12.849,217.192,30.77,5.039,207.08,25.642,15.116,234.802,5.279,6.496,8.809,4.298,4254.08,3460.066,695.815,4255.44,3461.172,659.431,0.902,2854.681
MRM,Budget,260416001,2026,4,16,1,2026-4,132619.405,141514.901,5331.3,16271.52,16086.672,92002.342,5570.015,3342.009,51.053,17.132,10.158,408.741,0.835,0.98,0.925,0.895,0.955,0.884,0.95,5.91,676.482,4254.698,3460.896,11.354,13.995,184.862,210,45,5.5,2,56.412,20.155,11.543,441.882,72.297,92002.342,295102.782,16721.015,137950.705,173873.092,27.847,4.283,191.549,23.206,12.849,217.192,30.77,5.039,207.08,25.642,15.116,234.802,5.279,6.496,8.809,4.298,4254.08,3460.066,695.815,4255.44,3461.172,659.431,0.902,2854.681
MRM,Budget,260416002,2026,4,16,2,2026-4,132619.405,141514.901,5331.3,16271.52,16086.672,92002.342,5570.015,3342.009,51.053,17.132,10.158,408.741,0.835,0.98,0.925,0.895,0.955,0.884,0.95,5.91,676.482,4254.698,3460.896,11.354,13.995,184.862,211,45,5.5,2,56.412,20.155,11.543,441.882,72.297,92002.342,295102.782,16721.015,137950.705,173873.092,27.847,4.283,191.549,23.206,12.849,217.192,30.77,5.039,207.08,25.642,15.116,234.802,5.279,6.496,8.809,4.298,4254.08,3460.066,695.815,4255.44,3461.172,659.431,0.902,2854.681
MRM,Budget,260417001,2026,4,17,1,2026-4,132619.405,141514.901,5331.3,16271.52,16086.672,92002.342,5570.015,3342.009,51.053,17.132,10.158,408.741,0.835,0.98,0.925,0.895,0.955,0.884,0.95,5.91,676.482,4254.698,3460.896,11.354,13.995,184.862,212,45,5.5,2,56.412,20.155,11.543,441.882,72.297,92002.342,295102.782,16721.015,137950.705,173873.092,27.847,4.283,191.549,23.206,12.849,217.192,30.77,5.039,207.08,25.642,15.116,234.802,5.279,6.496,8.809,4.298,4254.08,3460.066,695.815,4255.44,3461.172,659.431,0.902,2854.681
MRM,Budget,260417002,2026,4,17,2,2026-4,132619.405,141514.901,5331.3,16271.52,16086.672,92002.342,5570.015,3342.009,51.053,17.132,10.158,408.741,0.835,0.98,0.925,0.895,0.955,0.884,0.95,5.91,676.482,4254.698,3460.896,11.354,13.995,184.862,213,45,5.5,2,56.412,20.155,11.543,441.882,72.297,92002.342,295102.782,16721.015,137950.705,173873.092,27.847,4.283,191.549,23.206,12.849,217.192,30.77,5.039,207.08,25.642,15.116,234.802,5.279,6.496,8.809,4.298,4254.08,3460.066,695.815,4255.44,3461.172,659.431,0.902,2854.681
MRM,Budget,260418001,2026,4,18,1,2026-4,132619.405,141514.901,5331.3,16271.52,16086.672,92002.342,5570.015,3342.009,51.053,17.132,10.158,408.741,0.835,0.98,0.925,0.895,0.955,0.884,0.95,5.91,676.482,4254.698,3460.896,11.354,13.995,184.862,214,45,5.5,2,56.412,20.155,11.543,441.882,72.297,92002.342,295102.782,16721.015,137950.705,173873.092,27.847,4.283,191.549,23.206,12.849,217.192,30.77,5.039,207.08,25.642,15.116,234.802,5.279,6.496,8.809,4.298,4254.08,3460.066,695.815,4255.44,3461.172,659.431,0.902,2854.681
MRM,Budget,260418002,2026,4,18,2,2026-4,132619.405,141514.901,5331.3,16271.52,16086.672,92002.342,5570.015,3342.009,51.053,17.132,10.158,408.741,0.835,0.98,0.925,0.895,0.955,0.884,0.95,5.91,676.482,4254.698,3460.896,11.354,13.995,184.862,215,45,5.5,2,56.412,20.155,11.543,441.882,72.297,92002.342,295102.782,16721.015,137950.705,173873.092,27.847,4.283,191.549,23.206,12.849,217.192,30.77,5.039,207.08,25.642,15.116,234.802,5.279,6.496,8.809,4.298,4254.08,3460.066,695.815,4255.44,3461.172,659.431,0.902,2854.681
MRM,Budget,260419001,2026,4,19,1,2026-4,132619.405,141514.901,5331.3,16271.52,16086.672,92002.342,5570.015,3342.009,51.053,17.132,10.158,408.741,0.835,0.98,0.925,0.895,0.955,0.884,0.95,5.91,676.482,4254.698,3460.896,11.354,13.995,184.862,216,45,5.5,2,56.412,20.155,11.543,441.882,72.297,92002.342,295102.782,16721.015,137950.705,173873.092,27.847,4.283,191.549,23.206,12.849,217.192,30.77,5.039,207.08,25.642,15.116,234.802,5.279,6.496,8.809,4.298,4254.08,3460.066,695.815,4255.44,3461.172,659.431,0.902,2854.681
MRM,Budget,260419002,2026,4,19,2,2026-4,132619.405,141514.901,5331.3,16271.52,16086.672,92002.342,5570.015,3342.009,51.053,17.132,10.158,408.741,0.835,0.98,0.925,0.895,0.955,0.884,0.95,5.91,676.482,4254.698,3460.896,11.354,13.995,184.862,217,45,5.5,2,56.412,20.155,11.543,441.882,72.297,92002.342,295102.782,16721.015,137950.705,173873.092,27.847,4.283,191.549,23.206,12.849,217.192,30.77,5.039,207.08,25.642,15.116,234.802,5.279,6.496,8.809,4.298,4254.08,3460.066,695.815,4255.44,3461.172,659.431,0.902,2854.681
MRM,Budget,260420001,2026,4,20,1,2026-4,132619.405,141514.901,5331.3,16271.52,16086.672,92002.342,5570.015,3342.009,51.053,17.132,10.158,408.741,0.835,0.98,0.925,0.895,0.955,0.884,0.95,5.91,676.482,4254.698,3460.896,11.354,13.995,184.862,218,45,5.5,2,56.412,20.155,11.543,441.882,72.297,92002.342,295102.782,16721.015,137950.705,173873.092,27.847,4.283,191.549,23.206,12.849,217.192,30.77,5.039,207.08,25.642,15.116,234.802,5.279,6.496,8.809,4.298,4254.08,3460.066,695.815,4255.44,3461.172,659.431,0.902,2854.681
MRM,Budget,260420002,2026,4,20,2,2026-4,132619.405,141514.901,5331.3,16271.52,16086.672,92002.342,5570.015,3342.009,51.053,17.132,10.158,408.741,0.835,0.98,0.925,0.895,0.955,0.884,0.95,5.91,676.482,4254.698,3460.896,11.354,13.995,184.862,219,45,5.5,2,56.412,20.155,11.543,441.882,72.297,92002.342,295102.782,16721.015,137950.705,173873.092,27.847,4.283,191.549,23.206,12.849,217.192,30.77,5.039,207.08,25.642,15.116,234.802,5.279,6.496,8.809,4.298,4254.08,3460.066,695.815,4255.44,3461.172,659.431,0.902,2854.681
MRM,Budget,260421001,2026,4,21,1,2026-4,132619.405,141514.901,5331.3,16271.52,16086.672,92002.342,5570.015,3342.009,51.053,17.132,10.158,408.741,0.835,0.98,0.925,0.895,0.955,0.884,0.95,5.91,676.482,4254.698,3460.896,11.354,13.995,184.862,220,45,5.5,2,56.412,20.155,11.543,441.882,72.297,92002.342,295102.782,16721.015,137950.705,173873.092,27.847,4.283,191.549,23.206,12.849,217.192,30.77,5.039,207.08,25.642,15.116,234.802,5.279,6.496,8.809,4.298,4254.08,3460.066,695.815,4255.44,3461.172,659.431,0.902,2854.681
MRM,Budget,260421002,2026,4,21,2,2026-4,132619.405,141514.901,5331.3,16271.52,16086.672,92002.342,5570.015,3342.009,51.053,17.132,10.158,408.741,0.835,0.98,0.925,0.895,0.955,0.884,0.95,5.91,676.482,4254.698,3460.896,11.354,13.995,184.862,221,45,5.5,2,56.412,20.155,11.543,441.882,72.297,92002.342,295102.782,16721.015,137950.705,173873.092,27.847,4.283,191.549,23.206,12.849,217.192,30.77,5.039,207.08,25.642,15.116,234.802,5.279,6.496,8.809,4.298,4254.08,3460.066,695.815,4255.44,3461.172,659.431,0.902,2854.681
MRM,Budget,260422001,2026,4,22,1,2026-4,132619.405,141514.901,5331.3,16271.52,16086.672,92002.342,5570.015,3342.009,51.053,17.132,10.158,408.741,0.835,0.98,0.925,0.895,0.955,0.884,0.95,5.91,676.482,4254.698,3460.896,11.354,13.995,184.862,222,45,5.5,2,56.412,20.155,11.543,441.882,72.297,92002.342,295102.782,16721.015,137950.705,173873.092,27.847,4.283,191.549,23.206,12.849,217.192,30.77,5.039,207.08,25.642,15.116,234.802,5.279,6.496,8.809,4.298,4254.08,3460.066,695.815,4255.44,3461.172,659.431,0.902,2854.681
MRM,Budget,260422002,2026,4,22,2,2026-4,132619.405,141514.901,5331.3,16271.52,16086.672,92002.342,5570.015,3342.009,51.053,17.132,10.158,408.741,0.835,0.98,0.925,0.895,0.955,0.884,0.95,5.91,676.482,4254.698,3460.896,11.354,13.995,184.862,223,45,5.5,2,56.412,20.155,11.543,441.882,72.297,92002.342,295102.782,16721.015,137950.705,173873.092,27.847,4.283,191.549,23.206,12.849,217.192,30.77,5.039,207.08,25.642,15.116,234.802,5.279,6.496,8.809,4.298,4254.08,3460.066,695.815,4255.44,3461.172,659.431,0.902,2854.681
MRM,Budget,260423001,2026,4,23,1,2026-4,132619.405,141514.901,5331.3,16271.52,16086.672,92002.342,5570.015,3342.009,51.053,17.132,10.158,408.741,0.835,0.98,0.925,0.895,0.955,0.884,0.95,5.91,676.482,4254.698,3460.896,11.354,13.995,184.862,224,45,5.5,2,56.412,20.155,11.543,441.882,72.297,92002.342,295102.782,16721.015,137950.705,173873.092,27.847,4.283,191.549,23.206,12.849,217.192,30.77,5.039,207.08,25.642,15.116,234.802,5.279,6.496,8.809,4.298,4254.08,3460.066,695.815,4255.44,3461.172,659.431,0.902,2854.681
MRM,Budget,260423002,2026,4,23,2,2026-4,132619.405,141514.901,5331.3,16271.52,16086.672,92002.342,5570.015,3342.009,51.053,17.132,10.158,408.741,0.835,0.98,0.925,0.895,0.955,0.884,0.95,5.91,676.482,4254.698,3460.896,11.354,13.995,184.862,225,45,5.5,2,56.412,20.155,11.543,441.882,72.297,92002.342,295102.782,16721.015,137950.705,173873.092,27.847,4.283,191.549,23.206,12.849,217.192,30.77,5.039,207.08,25.642,15.116,234.802,5.279,6.496,8.809,4.298,4254.08,3460.066,695.815,4255.44,3461.172,659.431,0.902,2854.681
MRM,Budget,260424001,2026,4,24,1,2026-4,132619.405,141514.901,5331.3,16271.52,16086.672,92002.342,5570.015,3342.009,51.053,17.132,10.158,408.741,0.835,0.98,0.925,0.895,0.955,0.884,0.95,5.91,676.482,4254.698,3460.896,11.354,13.995,184.862,226,45,5.5,2,56.412,20.155,11.543,441.882,72.297,92002.342,295102.782,16721.015,137950.705,173873.092,27.847,4.283,191.549,23.206,12.849,217.192,30.77,5.039,207.08,25.642,15.116,234.802,5.279,6.496,8.809,4.298,4254.08,3460.066,695.815,4255.44,3461.172,659.431,0.902,2854.681
MRM,Budget,260424002,2026,4,24,2,2026-4,132619.405,141514.901,5331.3,16271.52,16086.672,92002.342,5570.015,3342.009,51.053,17.132,10.158,408.741,0.835,0.98,0.925,0.895,0.955,0.884,0.95,5.91,676.482,4254.698,3460.896,11.354,13.995,184.862,227,45,5.5,2,56.412,20.155,11.543,441.882,72.297,92002.342,295102.782,16721.015,137950.705,173873.092,27.847,4.283,191.549,23.206,12.849,217.192,30.77,5.039,207.08,25.642,15.116,234.802,5.279,6.496,8.809,4.298,4254.08,3460.066,695.815,4255.44,3461.172,659.431,0.902,2854.681
MRM,Budget,260425001,2026,4,25,1,2026-4,132619.405,141514.901,5331.3,16271.52,16086.672,92002.342,5570.015,3342.009,51.053,17.132,10.158,408.741,0.835,0.98,0.925,0.895,0.955,0.884,0.95,5.91,676.482,4254.698,3460.896,11.354,13.995,184.862,228,45,5.5,2,56.412,20.155,11.543,441.882,72.297,92002.342,295102.782,16721.015,137950.705,173873.092,27.847,4.283,191.549,23.206,12.849,217.192,30.77,5.039,207.08,25.642,15.116,234.802,5.279,6.496,8.809,4.298,4254.08,3460.066,695.815,4255.44,3461.172,659.431,0.902,2854.681
MRM,Budget,260425002,2026,4,25,2,2026-4,132619.405,141514.901,5331.3,16271.52,16086.672,92002.342,5570.015,3342.009,51.053,17.132,10.158,408.741,0.835,0.98,0.925,0.895,0.955,0.884,0.95,5.91,676.482,4254.698,3460.896,11.354,13.995,184.862,229,45,5.5,2,56.412,20.155,11.543,441.882,72.297,92002.342,295102.782,16721.015,137950.705,173873.092,27.847,4.283,191.549,23.206,12.849,217.192,30.77,5.039,207.08,25.642,15.116,234.802,5.279,6.496,8.809,4.298,4254.08,3460.066,695.815,4255.44,3461.172,659.431,0.902,2854.681
MRM,Budget,260426001,2026,4,26,1,2026-4,132619.405,141514.901,5331.3,16271.52,16086.672,92002.342,5570.015,3342.009,51.053,17.132,10.158,408.741,0.835,0.98,0.925,0.895,0.955,0.884,0.95,5.91,676.482,4254.698,3460.896,11.354,13.995,184.862,230,45,5.5,2,56.412,20.155,11.543,441.882,72.297,92002.342,295102.782,16721.015,137950.705,173873.092,27.847,4.283,191.549,23.206,12.849,217.192,30.77,5.039,207.08,25.642,15.116,234.802,5.279,6.496,8.809,4.298,4254.08,3460.066,695.815,4255.44,3461.172,659.431,0.902,2854.681
MRM,Budget,260426002,2026,4,26,2,2026-4,132619.405,141514.901,5331.3,16271.52,16086.672,92002.342,5570.015,3342.009,51.053,17.132,10.158,408.741,0.835,0.98,0.925,0.895,0.955,0.884,0.95,5.91,676.482,4254.698,3460.896,11.354,13.995,184.862,231,45,5.5,2,56.412,20.155,11.543,441.882,72.297,92002.342,295102.782,16721.015,137950.705,173873.092,27.847,4.283,191.549,23.206,12.849,217.192,30.77,5.039,207.08,25.642,15.116,234.802,5.279,6.496,8.809,4.298,4254.08,3460.066,695.815,4255.44,3461.172,659.431,0.902,2854.681
MRM,Budget,260427001,2026,4,27,1,2026-4,132619.405,141514.901,5331.3,16271.52,16086.672,92002.342,5570.015,3342.009,51.053,17.132,10.158,408.741,0.835,0.98,0.925,0.895,0.955,0.884,0.95,5.91,676.482,4254.698,3460.896,11.354,13.995,184.862,232,45,5.5,2,56.412,20.155,11.543,441.882,72.297,92002.342,295102.782,16721.015,137950.705,173873.092,27.847,4.283,191.549,23.206,12.849,217.192,30.77,5.039,207.08,25.642,15.116,234.802,5.279,6.496,8.809,4.298,4254.08,3460.066,695.815,4255.44,3461.172,659.431,0.902,2854.681
MRM,Budget,260427002,2026,4,27,2,2026-4,132619.405,141514.901,5331.3,16271.52,16086.672,92002.342,5570.015,3342.009,51.053,17.132,10.158,408.741,0.835,0.98,0.925,0.895,0.955,0.884,0.95,5.91,676.482,4254.698,3460.896,11.354,13.995,184.862,233,45,5.5,2,56.412,20.155,11.543,441.882,72.297,92002.342,295102.782,16721.015,137950.705,173873.092,27.847,4.283,191.549,23.206,12.849,217.192,30.77,5.039,207.08,25.642,15.116,234.802,5.279,6.496,8.809,4.298,4254.08,3460.066,695.815,4255.44,3461.172,659.431,0.902,2854.681
MRM,Budget,260428001,2026,4,28,1,2026-4,132619.405,141514.901,5331.3,16271.52,16086.672,92002.342,5570.015,3342.009,51.053,17.132,10.158,408.741,0.835,0.98,0.925,0.895,0.955,0.884,0.95,5.91,676.482,4254.698,3460.896,11.354,13.995,184.862,234,45,5.5,2,56.412,20.155,11.543,441.882,72.297,92002.342,295102.782,16721.015,137950.705,173873.092,27.847,4.283,191.549,23.206,12.849,217.192,30.77,5.039,207.08,25.642,15.116,234.802,5.279,6.496,8.809,4.298,4254.08,3460.066,695.815,4255.44,3461.172,659.431,0.902,2854.681
MRM,Budget,260428002,2026,4,28,2,2026-4,132619.405,141514.901,5331.3,16271.52,16086.672,92002.342,5570.015,3342.009,51.053,17.132,10.158,408.741,0.835,0.98,0.925,0.895,0.955,0.884,0.95,5.91,676.482,4254.698,3460.896,11.354,13.995,184.862,235,45,5.5,2,56.412,20.155,11.543,441.882,72.297,92002.342,295102.782,16721.015,137950.705,173873.092,27.847,4.283,191.549,23.206,12.849,217.192,30.77,5.039,207.08,25.642,15.116,234.802,5.279,6.496,8.809,4.298,4254.08,3460.066,695.815,4255.44,3461.172,659.431,0.902,2854.681
MRM,Budget,260429001,2026,4,29,1,2026-4,132619.405,141514.901,5331.3,16271.52,16086.672,92002.342,5570.015,3342.009,51.053,17.132,10.158,408.741,0.835,0.98,0.925,0.895,0.955,0.884,0.95,5.91,676.482,4254.698,3460.896,11.354,13.995,184.862,236,45,5.5,2,56.412,20.155,11.543,441.882,72.297,92002.342,295102.782,16721.015,137950.705,173873.092,27.847,4.283,191.549,23.206,12.849,217.192,30.77,5.039,207.08,25.642,15.116,234.802,5.279,6.496,8.809,4.298,4254.08,3460.066,695.815,4255.44,3461.172,659.431,0.902,2854.681
MRM,Budget,260429002,2026,4,29,2,2026-4,132619.405,141514.901,5331.3,16271.52,16086.672,92002.342,5570.015,3342.009,51.053,17.132,10.158,408.741,0.835,0.98,0.925,0.895,0.955,0.884,0.95,5.91,676.482,4254.698,3460.896,11.354,13.995,184.862,237,45,5.5,2,56.412,20.155,11.543,441.882,72.297,92002.342,295102.782,16721.015,137950.705,173873.092,27.847,4.283,191.549,23.206,12.849,217.192,30.77,5.039,207.08,25.642,15.116,234.802,5.279,6.496,8.809,4.298,4254.08,3460.066,695.815,4255.44,3461.172,659.431,0.902,2854.681
MRM,Budget,260430001,2026,4,30,1,2026-4,132619.405,141514.901,5331.3,16271.52,16086.672,92002.342,5570.015,3342.009,51.053,17.132,10.158,408.741,0.835,0.98,0.925,0.895,0.955,0.884,0.95,5.91,676.482,4254.698,3460.896,11.354,13.995,184.862,238,45,5.5,2,56.412,20.155,11.543,441.882,72.297,92002.342,295102.782,16721.015,137950.705,173873.092,27.847,4.283,191.549,23.206,12.849,217.192,30.77,5.039,207.08,25.642,15.116,234.802,5.279,6.496,8.809,4.298,4254.08,3460.066,695.815,4255.44,3461.172,659.431,0.902,2854.681
MRM,Budget,260430002,2026,4,30,2,2026-4,132619.405,141514.901,5331.3,16271.52,16086.672,92002.342,5570.015,3342.009,51.053,17.132,10.158,408.741,0.835,0.98,0.925,0.895,0.955,0.884,0.95,5.91,676.482,4254.698,3460.896,11.354,13.995,184.862,239,45,5.5,2,56.412,20.155,11.543,441.882,72.297,92002.342,295102.782,16721.015,137950.705,173873.092,27.847,4.283,191.549,23.206,12.849,217.192,30.77,5.039,207.08,25.642,15.116,234.802,5.279,6.496,8.809,4.298,4254.08,3460.066,695.815,4255.44,3461.172,659.431,0.902,2854.681
MRM,Budget,260501001,2026,5,1,1,2026-5,134783.795,132338.201,5418.309,15153.485,0,104907.439,5660.919,3396.552,50.384,17.132,9.446,408.741,0.835,0.98,0.925,0.883,0.955,0.884,0.95,5.885,658.4,4218.666,3301.632,11.537,13.491,185.053,240,45,5.5,2,55.672,20.155,10.734,441.882,68.174,104907.439,287079.908,613.881,140202.103,147491.685,27.482,4.283,195.494,22.902,12.849,213.247,30.367,5.039,211.344,25.306,15.116,230.538,5.377,6.4,9.285,3.912,4380.926,3516.536,692.901,4023.955,3229.997,626.771,0.902,2852.834
MRM,Budget,260501002,2026,5,1,2,2026-5,134783.795,132338.201,5418.309,15153.485,0,104907.439,5660.919,3396.552,50.384,17.132,9.446,408.741,0.835,0.98,0.925,0.883,0.955,0.884,0.95,5.885,658.4,4218.666,3301.632,11.537,13.491,185.053,241,45,5.5,2,55.672,20.155,10.734,441.882,68.174,104907.439,287079.908,613.881,140202.103,147491.685,27.482,4.283,195.494,22.902,12.849,213.247,30.367,5.039,211.344,25.306,15.116,230.538,5.377,6.4,9.285,3.912,4380.926,3516.536,692.901,4023.955,3229.997,626.771,0.902,2852.834
MRM,Budget,260502001,2026,5,2,1,2026-5,134783.795,132338.201,5418.309,15153.485,0,104907.439,5660.919,3396.552,50.384,17.132,9.446,408.741,0.835,0.98,0.925,0.883,0.955,0.884,0.95,5.885,658.4,4218.666,3301.632,11.537,13.491,185.053,242,45,5.5,2,55.672,20.155,10.734,441.882,68.174,104907.439,287079.908,613.881,140202.103,147491.685,27.482,4.283,195.494,22.902,12.849,213.247,30.367,5.039,211.344,25.306,15.116,230.538,5.377,6.4,9.285,3.912,4380.926,3516.536,692.901,4023.955,3229.997,626.771,0.902,2852.834
MRM,Budget,260502002,2026,5,2,2,2026-5,134783.795,132338.201,5418.309,15153.485,0,104907.439,5660.919,3396.552,50.384,17.132,9.446,408.741,0.835,0.98,0.925,0.883,0.955,0.884,0.95,5.885,658.4,4218.666,3301.632,11.537,13.491,185.053,243,45,5.5,2,55.672,20.155,10.734,441.882,68.174,104907.439,287079.908,613.881,140202.103,147491.685,27.482,4.283,195.494,22.902,12.849,213.247,30.367,5.039,211.344,25.306,15.116,230.538,5.377,6.4,9.285,3.912,4380.926,3516.536,692.901,4023.955,3229.997,626.771,0.902,2852.834
MRM,Budget,260503001,2026,5,3,1,2026-5,134783.795,132338.201,5418.309,15153.485,0,104907.439,5660.919,3396.552,50.384,17.132,9.446,408.741,0.835,0.98,0.925,0.883,0.955,0.884,0.95,5.885,658.4,4218.666,3301.632,11.537,13.491,185.053,244,45,5.5,2,55.672,20.155,10.734,441.882,68.174,104907.439,287079.908,613.881,140202.103,147491.685,27.482,4.283,195.494,22.902,12.849,213.247,30.367,5.039,211.344,25.306,15.116,230.538,5.377,6.4,9.285,3.912,4380.926,3516.536,692.901,4023.955,3229.997,626.771,0.902,2852.834
MRM,Budget,260503002,2026,5,3,2,2026-5,134783.795,132338.201,5418.309,15153.485,0,104907.439,5660.919,3396.552,50.384,17.132,9.446,408.741,0.835,0.98,0.925,0.883,0.955,0.884,0.95,5.885,658.4,4218.666,3301.632,11.537,13.491,185.053,245,45,5.5,2,55.672,20.155,10.734,441.882,68.174,104907.439,287079.908,613.881,140202.103,147491.685,27.482,4.283,195.494,22.902,12.849,213.247,30.367,5.039,211.344,25.306,15.116,230.538,5.377,6.4,9.285,3.912,4380.926,3516.536,692.901,4023.955,3229.997,626.771,0.902,2852.834
MRM,Budget,260504001,2026,5,4,1,2026-5,134783.795,132338.201,5418.309,15153.485,0,104907.439,5660.919,3396.552,50.384,17.132,9.446,408.741,0.835,0.98,0.925,0.883,0.955,0.884,0.95,5.885,658.4,4218.666,3301.632,11.537,13.491,185.053,246,45,5.5,2,55.672,20.155,10.734,441.882,68.174,104907.439,287079.908,613.881,140202.103,147491.685,27.482,4.283,195.494,22.902,12.849,213.247,30.367,5.039,211.344,25.306,15.116,230.538,5.377,6.4,9.285,3.912,4380.926,3516.536,692.901,4023.955,3229.997,626.771,0.902,2852.834
MRM,Budget,260504002,2026,5,4,2,2026-5,134783.795,132338.201,5418.309,15153.485,0,104907.439,5660.919,3396.552,50.384,17.132,9.446,408.741,0.835,0.98,0.925,0.883,0.955,0.884,0.95,5.885,658.4,4218.666,3301.632,11.537,13.491,185.053,247,45,5.5,2,55.672,20.155,10.734,441.882,68.174,104907.439,287079.908,613.881,140202.103,147491.685,27.482,4.283,195.494,22.902,12.849,213.247,30.367,5.039,211.344,25.306,15.116,230.538,5.377,6.4,9.285,3.912,4380.926,3516.536,692.901,4023.955,3229.997,626.771,0.902,2852.834
MRM,Budget,260505001,2026,5,5,1,2026-5,134783.795,132338.201,5418.309,15153.485,0,104907.439,5660.919,3396.552,50.384,17.132,9.446,408.741,0.835,0.98,0.925,0.883,0.955,0.884,0.95,5.885,658.4,4218.666,3301.632,11.537,13.491,185.053,248,45,5.5,2,55.672,20.155,10.734,441.882,68.174,104907.439,287079.908,613.881,140202.103,147491.685,27.482,4.283,195.494,22.902,12.849,213.247,30.367,5.039,211.344,25.306,15.116,230.538,5.377,6.4,9.285,3.912,4380.926,3516.536,692.901,4023.955,3229.997,626.771,0.902,2852.834
MRM,Budget,260505002,2026,5,5,2,2026-5,134783.795,132338.201,5418.309,15153.485,0,104907.439,5660.919,3396.552,50.384,17.132,9.446,408.741,0.835,0.98,0.925,0.883,0.955,0.884,0.95,5.885,658.4,4218.666,3301.632,11.537,13.491,185.053,249,45,5.5,2,55.672,20.155,10.734,441.882,68.174,104907.439,287079.908,613.881,140202.103,147491.685,27.482,4.283,195.494,22.902,12.849,213.247,30.367,5.039,211.344,25.306,15.116,230.538,5.377,6.4,9.285,3.912,4380.926,3516.536,692.901,4023.955,3229.997,626.771,0.902,2852.834
MRM,Budget,260506001,2026,5,6,1,2026-5,134783.795,132338.201,5418.309,15153.485,0,104907.439,5660.919,3396.552,50.384,17.132,9.446,408.741,0.835,0.98,0.925,0.883,0.955,0.884,0.95,5.885,658.4,4218.666,3301.632,11.537,13.491,185.053,250,45,5.5,2,55.672,20.155,10.734,441.882,68.174,104907.439,287079.908,613.881,140202.103,147491.685,27.482,4.283,195.494,22.902,12.849,213.247,30.367,5.039,211.344,25.306,15.116,230.538,5.377,6.4,9.285,3.912,4380.926,3516.536,692.901,4023.955,3229.997,626.771,0.902,2852.834
MRM,Budget,260506002,2026,5,6,2,2026-5,134783.795,132338.201,5418.309,15153.485,0,104907.439,5660.919,3396.552,50.384,17.132,9.446,408.741,0.835,0.98,0.925,0.883,0.955,0.884,0.95,5.885,658.4,4218.666,3301.632,11.537,13.491,185.053,251,45,5.5,2,55.672,20.155,10.734,441.882,68.174,104907.439,287079.908,613.881,140202.103,147491.685,27.482,4.283,195.494,22.902,12.849,213.247,30.367,5.039,211.344,25.306,15.116,230.538,5.377,6.4,9.285,3.912,4380.926,3516.536,692.901,4023.955,3229.997,626.771,0.902,2852.834
MRM,Budget,260507001,2026,5,7,1,2026-5,134783.795,132338.201,5418.309,15153.485,0,104907.439,5660.919,3396.552,50.384,17.132,9.446,408.741,0.835,0.98,0.925,0.883,0.955,0.884,0.95,5.885,658.4,4218.666,3301.632,11.537,13.491,185.053,252,45,5.5,2,55.672,20.155,10.734,441.882,68.174,104907.439,287079.908,613.881,140202.103,147491.685,27.482,4.283,195.494,22.902,12.849,213.247,30.367,5.039,211.344,25.306,15.116,230.538,5.377,6.4,9.285,3.912,4380.926,3516.536,692.901,4023.955,3229.997,626.771,0.902,2852.834
MRM,Budget,260507002,2026,5,7,2,2026-5,134783.795,132338.201,5418.309,15153.485,0,104907.439,5660.919,3396.552,50.384,17.132,9.446,408.741,0.835,0.98,0.925,0.883,0.955,0.884,0.95,5.885,658.4,4218.666,3301.632,11.537,13.491,185.053,253,45,5.5,2,55.672,20.155,10.734,441.882,68.174,104907.439,287079.908,613.881,140202.103,147491.685,27.482,4.283,195.494,22.902,12.849,213.247,30.367,5.039,211.344,25.306,15.116,230.538,5.377,6.4,9.285,3.912,4380.926,3516.536,692.901,4023.955,3229.997,626.771,0.902,2852.834
MRM,Budget,260508001,2026,5,8,1,2026-5,134783.795,132338.201,5418.309,15153.485,0,104907.439,5660.919,3396.552,50.384,17.132,9.446,408.741,0.835,0.98,0.925,0.883,0.955,0.884,0.95,5.885,658.4,4218.666,3301.632,11.537,13.491,185.053,254,45,5.5,2,55.672,20.155,10.734,441.882,68.174,104907.439,287079.908,613.881,140202.103,147491.685,27.482,4.283,195.494,22.902,12.849,213.247,30.367,5.039,211.344,25.306,15.116,230.538,5.377,6.4,9.285,3.912,4380.926,3516.536,692.901,4023.955,3229.997,626.771,0.902,2852.834
MRM,Budget,260508002,2026,5,8,2,2026-5,134783.795,132338.201,5418.309,15153.485,0,104907.439,5660.919,3396.552,50.384,17.132,9.446,408.741,0.835,0.98,0.925,0.883,0.955,0.884,0.95,5.885,658.4,4218.666,3301.632,11.537,13.491,185.053,255,45,5.5,2,55.672,20.155,10.734,441.882,68.174,104907.439,287079.908,613.881,140202.103,147491.685,27.482,4.283,195.494,22.902,12.849,213.247,30.367,5.039,211.344,25.306,15.116,230.538,5.377,6.4,9.285,3.912,4380.926,3516.536,692.901,4023.955,3229.997,626.771,0.902,2852.834
MRM,Budget,260509001,2026,5,9,1,2026-5,134783.795,132338.201,5418.309,15153.485,0,104907.439,5660.919,3396.552,50.384,17.132,9.446,408.741,0.835,0.98,0.925,0.883,0.955,0.884,0.95,5.885,658.4,4218.666,3301.632,11.537,13.491,185.053,256,45,5.5,2,55.672,20.155,10.734,441.882,68.174,104907.439,287079.908,613.881,140202.103,147491.685,27.482,4.283,195.494,22.902,12.849,213.247,30.367,5.039,211.344,25.306,15.116,230.538,5.377,6.4,9.285,3.912,4380.926,3516.536,692.901,4023.955,3229.997,626.771,0.902,2852.834
MRM,Budget,260509002,2026,5,9,2,2026-5,134783.795,132338.201,5418.309,15153.485,0,104907.439,5660.919,3396.552,50.384,17.132,9.446,408.741,0.835,0.98,0.925,0.883,0.955,0.884,0.95,5.885,658.4,4218.666,3301.632,11.537,13.491,185.053,257,45,5.5,2,55.672,20.155,10.734,441.882,68.174,104907.439,287079.908,613.881,140202.103,147491.685,27.482,4.283,195.494,22.902,12.849,213.247,30.367,5.039,211.344,25.306,15.116,230.538,5.377,6.4,9.285,3.912,4380.926,3516.536,692.901,4023.955,3229.997,626.771,0.902,2852.834
MRM,Budget,260510001,2026,5,10,1,2026-5,134783.795,132338.201,5418.309,15153.485,0,104907.439,5660.919,3396.552,50.384,17.132,9.446,408.741,0.835,0.98,0.925,0.883,0.955,0.884,0.95,5.885,658.4,4218.666,3301.632,11.537,13.491,185.053,258,45,5.5,2,55.672,20.155,10.734,441.882,68.174,104907.439,287079.908,613.881,140202.103,147491.685,27.482,4.283,195.494,22.902,12.849,213.247,30.367,5.039,211.344,25.306,15.116,230.538,5.377,6.4,9.285,3.912,4380.926,3516.536,692.901,4023.955,3229.997,626.771,0.902,2852.834
MRM,Budget,260510002,2026,5,10,2,2026-5,134783.795,132338.201,5418.309,15153.485,0,104907.439,5660.919,3396.552,50.384,17.132,9.446,408.741,0.835,0.98,0.925,0.883,0.955,0.884,0.95,5.885,658.4,4218.666,3301.632,11.537,13.491,185.053,259,45,5.5,2,55.672,20.155,10.734,441.882,68.174,104907.439,287079.908,613.881,140202.103,147491.685,27.482,4.283,195.494,22.902,12.849,213.247,30.367,5.039,211.344,25.306,15.116,230.538,5.377,6.4,9.285,3.912,4380.926,3516.536,692.901,4023.955,3229.997,626.771,0.902,2852.834
MRM,Budget,260511001,2026,5,11,1,2026-5,134783.795,132338.201,5418.309,15153.485,0,104907.439,5660.919,3396.552,50.384,17.132,9.446,408.741,0.835,0.98,0.925,0.883,0.955,0.884,0.95,5.885,658.4,4218.666,3301.632,11.537,13.491,185.053,260,45,5.5,2,55.672,20.155,10.734,441.882,68.174,104907.439,287079.908,613.881,140202.103,147491.685,27.482,4.283,195.494,22.902,12.849,213.247,30.367,5.039,211.344,25.306,15.116,230.538,5.377,6.4,9.285,3.912,4380.926,3516.536,692.901,4023.955,3229.997,626.771,0.902,2852.834
MRM,Budget,260511002,2026,5,11,2,2026-5,134783.795,132338.201,5418.309,15153.485,0,104907.439,5660.919,3396.552,50.384,17.132,9.446,408.741,0.835,0.98,0.925,0.883,0.955,0.884,0.95,5.885,658.4,4218.666,3301.632,11.537,13.491,185.053,261,45,5.5,2,55.672,20.155,10.734,441.882,68.174,104907.439,287079.908,613.881,140202.103,147491.685,27.482,4.283,195.494,22.902,12.849,213.247,30.367,5.039,211.344,25.306,15.116,230.538,5.377,6.4,9.285,3.912,4380.926,3516.536,692.901,4023.955,3229.997,626.771,0.902,2852.834
MRM,Budget,260512001,2026,5,12,1,2026-5,134783.795,132338.201,5418.309,15153.485,0,104907.439,5660.919,3396.552,50.384,17.132,9.446,408.741,0.835,0.98,0.925,0.883,0.955,0.884,0.95,5.885,658.4,4218.666,3301.632,11.537,13.491,185.053,262,45,5.5,2,55.672,20.155,10.734,441.882,68.174,104907.439,287079.908,613.881,140202.103,147491.685,27.482,4.283,195.494,22.902,12.849,213.247,30.367,5.039,211.344,25.306,15.116,230.538,5.377,6.4,9.285,3.912,4380.926,3516.536,692.901,4023.955,3229.997,626.771,0.902,2852.834
MRM,Budget,260512002,2026,5,12,2,2026-5,134783.795,132338.201,5418.309,15153.485,0,104907.439,5660.919,3396.552,50.384,17.132,9.446,408.741,0.835,0.98,0.925,0.883,0.955,0.884,0.95,5.885,658.4,4218.666,3301.632,11.537,13.491,185.053,263,45,5.5,2,55.672,20.155,10.734,441.882,68.174,104907.439,287079.908,613.881,140202.103,147491.685,27.482,4.283,195.494,22.902,12.849,213.247,30.367,5.039,211.344,25.306,15.116,230.538,5.377,6.4,9.285,3.912,4380.926,3516.536,692.901,4023.955,3229.997,626.771,0.902,2852.834
MRM,Budget,260513001,2026,5,13,1,2026-5,134783.795,132338.201,5418.309,15153.485,0,104907.439,5660.919,3396.552,50.384,17.132,9.446,408.741,0.835,0.98,0.925,0.883,0.955,0.884,0.95,5.885,658.4,4218.666,3301.632,11.537,13.491,185.053,264,45,5.5,2,55.672,20.155,10.734,441.882,68.174,104907.439,287079.908,613.881,140202.103,147491.685,27.482,4.283,195.494,22.902,12.849,213.247,30.367,5.039,211.344,25.306,15.116,230.538,5.377,6.4,9.285,3.912,4380.926,3516.536,692.901,4023.955,3229.997,626.771,0.902,2852.834
MRM,Budget,260513002,2026,5,13,2,2026-5,134783.795,132338.201,5418.309,15153.485,0,104907.439,5660.919,3396.552,50.384,17.132,9.446,408.741,0.835,0.98,0.925,0.883,0.955,0.884,0.95,5.885,658.4,4218.666,3301.632,11.537,13.491,185.053,265,45,5.5,2,55.672,20.155,10.734,441.882,68.174,104907.439,287079.908,613.881,140202.103,147491.685,27.482,4.283,195.494,22.902,12.849,213.247,30.367,5.039,211.344,25.306,15.116,230.538,5.377,6.4,9.285,3.912,4380.926,3516.536,692.901,4023.955,3229.997,626.771,0.902,2852.834
MRM,Budget,260514001,2026,5,14,1,2026-5,134783.795,132338.201,5418.309,15153.485,0,104907.439,5660.919,3396.552,50.384,17.132,9.446,408.741,0.835,0.98,0.925,0.883,0.955,0.884,0.95,5.885,658.4,4218.666,3301.632,11.537,13.491,185.053,266,45,5.5,2,55.672,20.155,10.734,441.882,68.174,104907.439,287079.908,613.881,140202.103,147491.685,27.482,4.283,195.494,22.902,12.849,213.247,30.367,5.039,211.344,25.306,15.116,230.538,5.377,6.4,9.285,3.912,4380.926,3516.536,692.901,4023.955,3229.997,626.771,0.902,2852.834
MRM,Budget,260514002,2026,5,14,2,2026-5,134783.795,132338.201,5418.309,15153.485,0,104907.439,5660.919,3396.552,50.384,17.132,9.446,408.741,0.835,0.98,0.925,0.883,0.955,0.884,0.95,5.885,658.4,4218.666,3301.632,11.537,13.491,185.053,267,45,5.5,2,55.672,20.155,10.734,441.882,68.174,104907.439,287079.908,613.881,140202.103,147491.685,27.482,4.283,195.494,22.902,12.849,213.247,30.367,5.039,211.344,25.306,15.116,230.538,5.377,6.4,9.285,3.912,4380.926,3516.536,692.901,4023.955,3229.997,626.771,0.902,2852.834
MRM,Budget,260515001,2026,5,15,1,2026-5,134783.795,132338.201,5418.309,15153.485,0,104907.439,5660.919,3396.552,50.384,17.132,9.446,408.741,0.835,0.98,0.925,0.883,0.955,0.884,0.95,5.885,658.4,4218.666,3301.632,11.537,13.491,185.053,268,45,5.5,2,55.672,20.155,10.734,441.882,68.174,104907.439,287079.908,613.881,140202.103,147491.685,27.482,4.283,195.494,22.902,12.849,213.247,30.367,5.039,211.344,25.306,15.116,230.538,5.377,6.4,9.285,3.912,4380.926,3516.536,692.901,4023.955,3229.997,626.771,0.902,2852.834
MRM,Budget,260515002,2026,5,15,2,2026-5,134783.795,132338.201,5418.309,15153.485,0,104907.439,5660.919,3396.552,50.384,17.132,9.446,408.741,0.835,0.98,0.925,0.883,0.955,0.884,0.95,5.885,658.4,4218.666,3301.632,11.537,13.491,185.053,269,45,5.5,2,55.672,20.155,10.734,441.882,68.174,104907.439,287079.908,613.881,140202.103,147491.685,27.482,4.283,195.494,22.902,12.849,213.247,30.367,5.039,211.344,25.306,15.116,230.538,5.377,6.4,9.285,3.912,4380.926,3516.536,692.901,4023.955,3229.997,626.771,0.902,2852.834
MRM,Budget,260516001,2026,5,16,1,2026-5,134783.795,132338.201,5418.309,15153.485,0,104907.439,5660.919,3396.552,50.384,17.132,9.446,408.741,0.835,0.98,0.925,0.883,0.955,0.884,0.95,5.885,658.4,4218.666,3301.632,11.537,13.491,185.053,270,45,5.5,2,55.672,20.155,10.734,441.882,68.174,104907.439,287079.908,613.881,140202.103,147491.685,27.482,4.283,195.494,22.902,12.849,213.247,30.367,5.039,211.344,25.306,15.116,230.538,5.377,6.4,9.285,3.912,4380.926,3516.536,692.901,4023.955,3229.997,626.771,0.902,2852.834
MRM,Budget,260516002,2026,5,16,2,2026-5,134783.795,132338.201,5418.309,15153.485,0,104907.439,5660.919,3396.552,50.384,17.132,9.446,408.741,0.835,0.98,0.925,0.883,0.955,0.884,0.95,5.885,658.4,4218.666,3301.632,11.537,13.491,185.053,271,45,5.5,2,55.672,20.155,10.734,441.882,68.174,104907.439,287079.908,613.881,140202.103,147491.685,27.482,4.283,195.494,22.902,12.849,213.247,30.367,5.039,211.344,25.306,15.116,230.538,5.377,6.4,9.285,3.912,4380.926,3516.536,692.901,4023.955,3229.997,626.771,0.902,2852.834
MRM,Budget,260517001,2026,5,17,1,2026-5,134783.795,132338.201,5418.309,15153.485,0,104907.439,5660.919,3396.552,50.384,17.132,9.446,408.741,0.835,0.98,0.925,0.883,0.955,0.884,0.95,5.885,658.4,4218.666,3301.632,11.537,13.491,185.053,272,45,5.5,2,55.672,20.155,10.734,441.882,68.174,104907.439,287079.908,613.881,140202.103,147491.685,27.482,4.283,195.494,22.902,12.849,213.247,30.367,5.039,211.344,25.306,15.116,230.538,5.377,6.4,9.285,3.912,4380.926,3516.536,692.901,4023.955,3229.997,626.771,0.902,2852.834
MRM,Budget,260517002,2026,5,17,2,2026-5,134783.795,132338.201,5418.309,15153.485,0,104907.439,5660.919,3396.552,50.384,17.132,9.446,408.741,0.835,0.98,0.925,0.883,0.955,0.884,0.95,5.885,658.4,4218.666,3301.632,11.537,13.491,185.053,273,45,5.5,2,55.672,20.155,10.734,441.882,68.174,104907.439,287079.908,613.881,140202.103,147491.685,27.482,4.283,195.494,22.902,12.849,213.247,30.367,5.039,211.344,25.306,15.116,230.538,5.377,6.4,9.285,3.912,4380.926,3516.536,692.901,4023.955,3229.997,626.771,0.902,2852.834
MRM,Budget,260518001,2026,5,18,1,2026-5,134783.795,132338.201,5418.309,15153.485,0,104907.439,5660.919,3396.552,50.384,17.132,9.446,408.741,0.835,0.98,0.925,0.883,0.955,0.884,0.95,5.885,658.4,4218.666,3301.632,11.537,13.491,185.053,274,45,5.5,2,55.672,20.155,10.734,441.882,68.174,104907.439,287079.908,613.881,140202.103,147491.685,27.482,4.283,195.494,22.902,12.849,213.247,30.367,5.039,211.344,25.306,15.116,230.538,5.377,6.4,9.285,3.912,4380.926,3516.536,692.901,4023.955,3229.997,626.771,0.902,2852.834
MRM,Budget,260518002,2026,5,18,2,2026-5,134783.795,132338.201,5418.309,15153.485,0,104907.439,5660.919,3396.552,50.384,17.132,9.446,408.741,0.835,0.98,0.925,0.883,0.955,0.884,0.95,5.885,658.4,4218.666,3301.632,11.537,13.491,185.053,275,45,5.5,2,55.672,20.155,10.734,441.882,68.174,104907.439,287079.908,613.881,140202.103,147491.685,27.482,4.283,195.494,22.902,12.849,213.247,30.367,5.039,211.344,25.306,15.116,230.538,5.377,6.4,9.285,3.912,4380.926,3516.536,692.901,4023.955,3229.997,626.771,0.902,2852.834
MRM,Budget,260519001,2026,5,19,1,2026-5,134783.795,132338.201,5418.309,15153.485,0,104907.439,5660.919,3396.552,50.384,17.132,9.446,408.741,0.835,0.98,0.925,0.883,0.955,0.884,0.95,5.885,658.4,4218.666,3301.632,11.537,13.491,185.053,276,45,5.5,2,55.672,20.155,10.734,441.882,68.174,104907.439,287079.908,613.881,140202.103,147491.685,27.482,4.283,195.494,22.902,12.849,213.247,30.367,5.039,211.344,25.306,15.116,230.538,5.377,6.4,9.285,3.912,4380.926,3516.536,692.901,4023.955,3229.997,626.771,0.902,2852.834
MRM,Budget,260519002,2026,5,19,2,2026-5,134783.795,132338.201,5418.309,15153.485,0,104907.439,5660.919,3396.552,50.384,17.132,9.446,408.741,0.835,0.98,0.925,0.883,0.955,0.884,0.95,5.885,658.4,4218.666,3301.632,11.537,13.491,185.053,277,45,5.5,2,55.672,20.155,10.734,441.882,68.174,104907.439,287079.908,613.881,140202.103,147491.685,27.482,4.283,195.494,22.902,12.849,213.247,30.367,5.039,211.344,25.306,15.116,230.538,5.377,6.4,9.285,3.912,4380.926,3516.536,692.901,4023.955,3229.997,626.771,0.902,2852.834
MRM,Budget,260520001,2026,5,20,1,2026-5,134783.795,132338.201,5418.309,15153.485,0,104907.439,5660.919,3396.552,50.384,17.132,9.446,408.741,0.835,0.98,0.925,0.883,0.955,0.884,0.95,5.885,658.4,4218.666,3301.632,11.537,13.491,185.053,278,45,5.5,2,55.672,20.155,10.734,441.882,68.174,104907.439,287079.908,613.881,140202.103,147491.685,27.482,4.283,195.494,22.902,12.849,213.247,30.367,5.039,211.344,25.306,15.116,230.538,5.377,6.4,9.285,3.912,4380.926,3516.536,692.901,4023.955,3229.997,626.771,0.902,2852.834
MRM,Budget,260520002,2026,5,20,2,2026-5,134783.795,132338.201,5418.309,15153.485,0,104907.439,5660.919,3396.552,50.384,17.132,9.446,408.741,0.835,0.98,0.925,0.883,0.955,0.884,0.95,5.885,658.4,4218.666,3301.632,11.537,13.491,185.053,279,45,5.5,2,55.672,20.155,10.734,441.882,68.174,104907.439,287079.908,613.881,140202.103,147491.685,27.482,4.283,195.494,22.902,12.849,213.247,30.367,5.039,211.344,25.306,15.116,230.538,5.377,6.4,9.285,3.912,4380.926,3516.536,692.901,4023.955,3229.997,626.771,0.902,2852.834
MRM,Budget,260521001,2026,5,21,1,2026-5,134783.795,132338.201,5418.309,15153.485,0,104907.439,5660.919,3396.552,50.384,17.132,9.446,408.741,0.835,0.98,0.925,0.883,0.955,0.884,0.95,5.885,658.4,4218.666,3301.632,11.537,13.491,185.053,280,45,5.5,2,55.672,20.155,10.734,441.882,68.174,104907.439,287079.908,613.881,140202.103,147491.685,27.482,4.283,195.494,22.902,12.849,213.247,30.367,5.039,211.344,25.306,15.116,230.538,5.377,6.4,9.285,3.912,4380.926,3516.536,692.901,4023.955,3229.997,626.771,0.902,2852.834
MRM,Budget,260521002,2026,5,21,2,2026-5,134783.795,132338.201,5418.309,15153.485,0,104907.439,5660.919,3396.552,50.384,17.132,9.446,408.741,0.835,0.98,0.925,0.883,0.955,0.884,0.95,5.885,658.4,4218.666,3301.632,11.537,13.491,185.053,281,45,5.5,2,55.672,20.155,10.734,441.882,68.174,104907.439,287079.908,613.881,140202.103,147491.685,27.482,4.283,195.494,22.902,12.849,213.247,30.367,5.039,211.344,25.306,15.116,230.538,5.377,6.4,9.285,3.912,4380.926,3516.536,692.901,4023.955,3229.997,626.771,0.902,2852.834
MRM,Budget,260522001,2026,5,22,1,2026-5,134783.795,132338.201,5418.309,15153.485,0,104907.439,5660.919,3396.552,50.384,17.132,9.446,408.741,0.835,0.98,0.925,0.883,0.955,0.884,0.95,5.885,658.4,4218.666,3301.632,11.537,13.491,185.053,282,45,5.5,2,55.672,20.155,10.734,441.882,68.174,104907.439,287079.908,613.881,140202.103,147491.685,27.482,4.283,195.494,22.902,12.849,213.247,30.367,5.039,211.344,25.306,15.116,230.538,5.377,6.4,9.285,3.912,4380.926,3516.536,692.901,4023.955,3229.997,626.771,0.902,2852.834
MRM,Budget,260522002,2026,5,22,2,2026-5,134783.795,132338.201,5418.309,15153.485,0,104907.439,5660.919,3396.552,50.384,17.132,9.446,408.741,0.835,0.98,0.925,0.883,0.955,0.884,0.95,5.885,658.4,4218.666,3301.632,11.537,13.491,185.053,283,45,5.5,2,55.672,20.155,10.734,441.882,68.174,104907.439,287079.908,613.881,140202.103,147491.685,27.482,4.283,195.494,22.902,12.849,213.247,30.367,5.039,211.344,25.306,15.116,230.538,5.377,6.4,9.285,3.912,4380.926,3516.536,692.901,4023.955,3229.997,626.771,0.902,2852.834
MRM,Budget,260523001,2026,5,23,1,2026-5,134783.795,132338.201,5418.309,15153.485,0,104907.439,5660.919,3396.552,50.384,17.132,9.446,408.741,0.835,0.98,0.925,0.883,0.955,0.884,0.95,5.885,658.4,4218.666,3301.632,11.537,13.491,185.053,284,45,5.5,2,55.672,20.155,10.734,441.882,68.174,104907.439,287079.908,613.881,140202.103,147491.685,27.482,4.283,195.494,22.902,12.849,213.247,30.367,5.039,211.344,25.306,15.116,230.538,5.377,6.4,9.285,3.912,4380.926,3516.536,692.901,4023.955,3229.997,626.771,0.902,2852.834
MRM,Budget,260523002,2026,5,23,2,2026-5,134783.795,132338.201,5418.309,15153.485,0,104907.439,5660.919,3396.552,50.384,17.132,9.446,408.741,0.835,0.98,0.925,0.883,0.955,0.884,0.95,5.885,658.4,4218.666,3301.632,11.537,13.491,185.053,285,45,5.5,2,55.672,20.155,10.734,441.882,68.174,104907.439,287079.908,613.881,140202.103,147491.685,27.482,4.283,195.494,22.902,12.849,213.247,30.367,5.039,211.344,25.306,15.116,230.538,5.377,6.4,9.285,3.912,4380.926,3516.536,692.901,4023.955,3229.997,626.771,0.902,2852.834
MRM,Budget,260524001,2026,5,24,1,2026-5,134783.795,132338.201,5418.309,15153.485,0,104907.439,5660.919,3396.552,50.384,17.132,9.446,408.741,0.835,0.98,0.925,0.883,0.955,0.884,0.95,5.885,658.4,4218.666,3301.632,11.537,13.491,185.053,286,45,5.5,2,55.672,20.155,10.734,441.882,68.174,104907.439,287079.908,613.881,140202.103,147491.685,27.482,4.283,195.494,22.902,12.849,213.247,30.367,5.039,211.344,25.306,15.116,230.538,5.377,6.4,9.285,3.912,4380.926,3516.536,692.901,4023.955,3229.997,626.771,0.902,2852.834
MRM,Budget,260524002,2026,5,24,2,2026-5,134783.795,132338.201,5418.309,15153.485,0,104907.439,5660.919,3396.552,50.384,17.132,9.446,408.741,0.835,0.98,0.925,0.883,0.955,0.884,0.95,5.885,658.4,4218.666,3301.632,11.537,13.491,185.053,287,45,5.5,2,55.672,20.155,10.734,441.882,68.174,104907.439,287079.908,613.881,140202.103,147491.685,27.482,4.283,195.494,22.902,12.849,213.247,30.367,5.039,211.344,25.306,15.116,230.538,5.377,6.4,9.285,3.912,4380.926,3516.536,692.901,4023.955,3229.997,626.771,0.902,2852.834
MRM,Budget,260525001,2026,5,25,1,2026-5,134783.795,132338.201,5418.309,15153.485,0,104907.439,5660.919,3396.552,50.384,17.132,9.446,408.741,0.835,0.98,0.925,0.883,0.955,0.884,0.95,5.885,658.4,4218.666,3301.632,11.537,13.491,185.053,288,45,5.5,2,55.672,20.155,10.734,441.882,68.174,104907.439,287079.908,613.881,140202.103,147491.685,27.482,4.283,195.494,22.902,12.849,213.247,30.367,5.039,211.344,25.306,15.116,230.538,5.377,6.4,9.285,3.912,4380.926,3516.536,692.901,4023.955,3229.997,626.771,0.902,2852.834
MRM,Budget,260525002,2026,5,25,2,2026-5,134783.795,132338.201,5418.309,15153.485,0,104907.439,5660.919,3396.552,50.384,17.132,9.446,408.741,0.835,0.98,0.925,0.883,0.955,0.884,0.95,5.885,658.4,4218.666,3301.632,11.537,13.491,185.053,289,45,5.5,2,55.672,20.155,10.734,441.882,68.174,104907.439,287079.908,613.881,140202.103,147491.685,27.482,4.283,195.494,22.902,12.849,213.247,30.367,5.039,211.344,25.306,15.116,230.538,5.377,6.4,9.285,3.912,4380.926,3516.536,692.901,4023.955,3229.997,626.771,0.902,2852.834
MRM,Budget,260526001,2026,5,26,1,2026-5,134783.795,132338.201,5418.309,15153.485,0,104907.439,5660.919,3396.552,50.384,17.132,9.446,408.741,0.835,0.98,0.925,0.883,0.955,0.884,0.95,5.885,658.4,4218.666,3301.632,11.537,13.491,185.053,290,45,5.5,2,55.672,20.155,10.734,441.882,68.174,104907.439,287079.908,613.881,140202.103,147491.685,27.482,4.283,195.494,22.902,12.849,213.247,30.367,5.039,211.344,25.306,15.116,230.538,5.377,6.4,9.285,3.912,4380.926,3516.536,692.901,4023.955,3229.997,626.771,0.902,2852.834
MRM,Budget,260526002,2026,5,26,2,2026-5,134783.795,132338.201,5418.309,15153.485,0,104907.439,5660.919,3396.552,50.384,17.132,9.446,408.741,0.835,0.98,0.925,0.883,0.955,0.884,0.95,5.885,658.4,4218.666,3301.632,11.537,13.491,185.053,291,45,5.5,2,55.672,20.155,10.734,441.882,68.174,104907.439,287079.908,613.881,140202.103,147491.685,27.482,4.283,195.494,22.902,12.849,213.247,30.367,5.039,211.344,25.306,15.116,230.538,5.377,6.4,9.285,3.912,4380.926,3516.536,692.901,4023.955,3229.997,626.771,0.902,2852.834
MRM,Budget,260527001,2026,5,27,1,2026-5,134783.795,132338.201,5418.309,15153.485,0,104907.439,5660.919,3396.552,50.384,17.132,9.446,408.741,0.835,0.98,0.925,0.883,0.955,0.884,0.95,5.885,658.4,4218.666,3301.632,11.537,13.491,185.053,292,45,5.5,2,55.672,20.155,10.734,441.882,68.174,104907.439,287079.908,613.881,140202.103,147491.685,27.482,4.283,195.494,22.902,12.849,213.247,30.367,5.039,211.344,25.306,15.116,230.538,5.377,6.4,9.285,3.912,4380.926,3516.536,692.901,4023.955,3229.997,626.771,0.902,2852.834
MRM,Budget,260527002,2026,5,27,2,2026-5,134783.795,132338.201,5418.309,15153.485,0,104907.439,5660.919,3396.552,50.384,17.132,9.446,408.741,0.835,0.98,0.925,0.883,0.955,0.884,0.95,5.885,658.4,4218.666,3301.632,11.537,13.491,185.053,293,45,5.5,2,55.672,20.155,10.734,441.882,68.174,104907.439,287079.908,613.881,140202.103,147491.685,27.482,4.283,195.494,22.902,12.849,213.247,30.367,5.039,211.344,25.306,15.116,230.538,5.377,6.4,9.285,3.912,4380.926,3516.536,692.901,4023.955,3229.997,626.771,0.902,2852.834
MRM,Budget,260528001,2026,5,28,1,2026-5,134783.795,132338.201,5418.309,15153.485,0,104907.439,5660.919,3396.552,50.384,17.132,9.446,408.741,0.835,0.98,0.925,0.883,0.955,0.884,0.95,5.885,658.4,4218.666,3301.632,11.537,13.491,185.053,294,45,5.5,2,55.672,20.155,10.734,441.882,68.174,104907.439,287079.908,613.881,140202.103,147491.685,27.482,4.283,195.494,22.902,12.849,213.247,30.367,5.039,211.344,25.306,15.116,230.538,5.377,6.4,9.285,3.912,4380.926,3516.536,692.901,4023.955,3229.997,626.771,0.902,2852.834
MRM,Budget,260528002,2026,5,28,2,2026-5,134783.795,132338.201,5418.309,15153.485,0,104907.439,5660.919,3396.552,50.384,17.132,9.446,408.741,0.835,0.98,0.925,0.883,0.955,0.884,0.95,5.885,658.4,4218.666,3301.632,11.537,13.491,185.053,295,45,5.5,2,55.672,20.155,10.734,441.882,68.174,104907.439,287079.908,613.881,140202.103,147491.685,27.482,4.283,195.494,22.902,12.849,213.247,30.367,5.039,211.344,25.306,15.116,230.538,5.377,6.4,9.285,3.912,4380.926,3516.536,692.901,4023.955,3229.997,626.771,0.902,2852.834
MRM,Budget,260529001,2026,5,29,1,2026-5,134783.795,132338.201,5418.309,15153.485,0,104907.439,5660.919,3396.552,50.384,17.132,9.446,408.741,0.835,0.98,0.925,0.883,0.955,0.884,0.95,5.885,658.4,4218.666,3301.632,11.537,13.491,185.053,296,45,5.5,2,55.672,20.155,10.734,441.882,68.174,104907.439,287079.908,613.881,140202.103,147491.685,27.482,4.283,195.494,22.902,12.849,213.247,30.367,5.039,211.344,25.306,15.116,230.538,5.377,6.4,9.285,3.912,4380.926,3516.536,692.901,4023.955,3229.997,626.771,0.902,2852.834
MRM,Budget,260529002,2026,5,29,2,2026-5,134783.795,132338.201,5418.309,15153.485,0,104907.439,5660.919,3396.552,50.384,17.132,9.446,408.741,0.835,0.98,0.925,0.883,0.955,0.884,0.95,5.885,658.4,4218.666,3301.632,11.537,13.491,185.053,297,45,5.5,2,55.672,20.155,10.734,441.882,68.174,104907.439,287079.908,613.881,140202.103,147491.685,27.482,4.283,195.494,22.902,12.849,213.247,30.367,5.039,211.344,25.306,15.116,230.538,5.377,6.4,9.285,3.912,4380.926,3516.536,692.901,4023.955,3229.997,626.771,0.902,2852.834
MRM,Budget,260530001,2026,5,30,1,2026-5,134783.795,132338.201,5418.309,15153.485,0,104907.439,5660.919,3396.552,50.384,17.132,9.446,408.741,0.835,0.98,0.925,0.883,0.955,0.884,0.95,5.885,658.4,4218.666,3301.632,11.537,13.491,185.053,298,45,5.5,2,55.672,20.155,10.734,441.882,68.174,104907.439,287079.908,613.881,140202.103,147491.685,27.482,4.283,195.494,22.902,12.849,213.247,30.367,5.039,211.344,25.306,15.116,230.538,5.377,6.4,9.285,3.912,4380.926,3516.536,692.901,4023.955,3229.997,626.771,0.902,2852.834
MRM,Budget,260530002,2026,5,30,2,2026-5,134783.795,132338.201,5418.309,15153.485,0,104907.439,5660.919,3396.552,50.384,17.132,9.446,408.741,0.835,0.98,0.925,0.883,0.955,0.884,0.95,5.885,658.4,4218.666,3301.632,11.537,13.491,185.053,299,45,5.5,2,55.672,20.155,10.734,441.882,68.174,104907.439,287079.908,613.881,140202.103,147491.685,27.482,4.283,195.494,22.902,12.849,213.247,30.367,5.039,211.344,25.306,15.116,230.538,5.377,6.4,9.285,3.912,4380.926,3516.536,692.901,4023.955,3229.997,626.771,0.902,2852.834
MRM,Budget,260531001,2026,5,31,1,2026-5,134783.795,132338.201,5418.309,15153.485,0,104907.439,5660.919,3396.552,50.384,17.132,9.446,408.741,0.835,0.98,0.925,0.883,0.955,0.884,0.95,5.885,658.4,4218.666,3301.632,11.537,13.491,185.053,300,45,5.5,2,55.672,20.155,10.734,441.882,68.174,104907.439,287079.908,613.881,140202.103,147491.685,27.482,4.283,195.494,22.902,12.849,213.247,30.367,5.039,211.344,25.306,15.116,230.538,5.377,6.4,9.285,3.912,4380.926,3516.536,692.901,4023.955,3229.997,626.771,0.902,2852.834
MRM,Budget,260531002,2026,5,31,2,2026-5,134783.795,132338.201,5418.309,15153.485,0,104907.439,5660.919,3396.552,50.384,17.132,9.446,408.741,0.835,0.98,0.925,0.883,0.955,0.884,0.95,5.885,658.4,4218.666,3301.632,11.537,13.491,185.053,301,45,5.5,2,55.672,20.155,10.734,441.882,68.174,104907.439,287079.908,613.881,140202.103,147491.685,27.482,4.283,195.494,22.902,12.849,213.247,30.367,5.039,211.344,25.306,15.116,230.538,5.377,6.4,9.285,3.912,4380.926,3516.536,692.901,4023.955,3229.997,626.771,0.902,2852.834
MRM,Budget,260601001,2026,6,1,1,2026-6,154434.663,122273.72,6208.273,16788.224,0,95935.385,6486.256,3891.754,49.67,15.84,11.275,408.741,0.835,0.98,0.925,0.871,0.955,0.817333333,0.95,5.796,681.257,4464.708,3579.32,11.35,13.333,185.081,302,45,5.5,2,54.884,18.635,12.812,441.882,79.127,95935.385,299070.537,634.344,160642.937,139061.944,27.093,7.92,216.902,22.577,7.92,191.839,29.937,9.318,234.489,24.947,9.318,207.393,4.893,6.932,8.81,3.153,4740.331,3381.157,715.562,4133.96,3777.482,642.471,0.902,3322.993
MRM,Budget,260601002,2026,6,1,2,2026-6,154434.663,122273.72,6208.273,16788.224,0,95935.385,6486.256,3891.754,49.67,15.84,11.275,408.741,0.835,0.98,0.925,0.871,0.955,0.817333333,0.95,5.796,681.257,4464.708,3579.32,11.35,13.333,185.081,303,45,5.5,2,54.884,18.635,12.812,441.882,79.127,95935.385,299070.537,634.344,160642.937,139061.944,27.093,7.92,216.902,22.577,7.92,191.839,29.937,9.318,234.489,24.947,9.318,207.393,4.893,6.932,8.81,3.153,4740.331,3381.157,715.562,4133.96,3777.482,642.471,0.902,3322.993
MRM,Budget,260602001,2026,6,2,1,2026-6,154434.663,122273.72,6208.273,16788.224,0,95935.385,6486.256,3891.754,49.67,15.84,11.275,408.741,0.835,0.98,0.925,0.871,0.955,0.817333333,0.95,5.796,681.257,4464.708,3579.32,11.35,13.333,185.081,304,45,5.5,2,54.884,18.635,12.812,441.882,79.127,95935.385,299070.537,634.344,160642.937,139061.944,27.093,7.92,216.902,22.577,7.92,191.839,29.937,9.318,234.489,24.947,9.318,207.393,4.893,6.932,8.81,3.153,4740.331,3381.157,715.562,4133.96,3777.482,642.471,0.902,3322.993
MRM,Budget,260602002,2026,6,2,2,2026-6,154434.663,122273.72,6208.273,16788.224,0,95935.385,6486.256,3891.754,49.67,15.84,11.275,408.741,0.835,0.98,0.925,0.871,0.955,0.817333333,0.95,5.796,681.257,4464.708,3579.32,11.35,13.333,185.081,305,45,5.5,2,54.884,18.635,12.812,441.882,79.127,95935.385,299070.537,634.344,160642.937,139061.944,27.093,7.92,216.902,22.577,7.92,191.839,29.937,9.318,234.489,24.947,9.318,207.393,4.893,6.932,8.81,3.153,4740.331,3381.157,715.562,4133.96,3777.482,642.471,0.902,3322.993
MRM,Budget,260603001,2026,6,3,1,2026-6,154434.663,122273.72,6208.273,16788.224,0,95935.385,6486.256,3891.754,49.67,15.84,11.275,408.741,0.835,0.98,0.925,0.871,0.955,0.817333333,0.95,5.796,681.257,4464.708,3579.32,11.35,13.333,185.081,306,45,5.5,2,54.884,18.635,12.812,441.882,79.127,95935.385,299070.537,634.344,160642.937,139061.944,27.093,7.92,216.902,22.577,7.92,191.839,29.937,9.318,234.489,24.947,9.318,207.393,4.893,6.932,8.81,3.153,4740.331,3381.157,715.562,4133.96,3777.482,642.471,0.902,3322.993
MRM,Budget,260603002,2026,6,3,2,2026-6,154434.663,122273.72,6208.273,16788.224,0,95935.385,6486.256,3891.754,49.67,15.84,11.275,408.741,0.835,0.98,0.925,0.871,0.955,0.817333333,0.95,5.796,681.257,4464.708,3579.32,11.35,13.333,185.081,307,45,5.5,2,54.884,18.635,12.812,441.882,79.127,95935.385,299070.537,634.344,160642.937,139061.944,27.093,7.92,216.902,22.577,7.92,191.839,29.937,9.318,234.489,24.947,9.318,207.393,4.893,6.932,8.81,3.153,4740.331,3381.157,715.562,4133.96,3777.482,642.471,0.902,3322.993
MRM,Budget,260604001,2026,6,4,1,2026-6,154434.663,122273.72,6208.273,16788.224,0,95935.385,6486.256,3891.754,49.67,15.84,11.275,408.741,0.835,0.98,0.925,0.871,0.955,0.817333333,0.95,5.796,681.257,4464.708,3579.32,11.35,13.333,185.081,308,45,5.5,2,54.884,18.635,12.812,441.882,79.127,95935.385,299070.537,634.344,160642.937,139061.944,27.093,7.92,216.902,22.577,7.92,191.839,29.937,9.318,234.489,24.947,9.318,207.393,4.893,6.932,8.81,3.153,4740.331,3381.157,715.562,4133.96,3777.482,642.471,0.902,3322.993
MRM,Budget,260604002,2026,6,4,2,2026-6,154434.663,122273.72,6208.273,16788.224,0,95935.385,6486.256,3891.754,49.67,15.84,11.275,408.741,0.835,0.98,0.925,0.871,0.955,0.817333333,0.95,5.796,681.257,4464.708,3579.32,11.35,13.333,185.081,309,45,5.5,2,54.884,18.635,12.812,441.882,79.127,95935.385,299070.537,634.344,160642.937,139061.944,27.093,7.92,216.902,22.577,7.92,191.839,29.937,9.318,234.489,24.947,9.318,207.393,4.893,6.932,8.81,3.153,4740.331,3381.157,715.562,4133.96,3777.482,642.471,0.902,3322.993
MRM,Budget,260605001,2026,6,5,1,2026-6,154434.663,122273.72,6208.273,16788.224,0,95935.385,6486.256,3891.754,49.67,15.84,11.275,408.741,0.835,0.98,0.925,0.871,0.955,0.817333333,0.95,5.796,681.257,4464.708,3579.32,11.35,13.333,185.081,310,45,5.5,2,54.884,18.635,12.812,441.882,79.127,95935.385,299070.537,634.344,160642.937,139061.944,27.093,7.92,216.902,22.577,7.92,191.839,29.937,9.318,234.489,24.947,9.318,207.393,4.893,6.932,8.81,3.153,4740.331,3381.157,715.562,4133.96,3777.482,642.471,0.902,3322.993
MRM,Budget,260605002,2026,6,5,2,2026-6,154434.663,122273.72,6208.273,16788.224,0,95935.385,6486.256,3891.754,49.67,15.84,11.275,408.741,0.835,0.98,0.925,0.871,0.955,0.817333333,0.95,5.796,681.257,4464.708,3579.32,11.35,13.333,185.081,311,45,5.5,2,54.884,18.635,12.812,441.882,79.127,95935.385,299070.537,634.344,160642.937,139061.944,27.093,7.92,216.902,22.577,7.92,191.839,29.937,9.318,234.489,24.947,9.318,207.393,4.893,6.932,8.81,3.153,4740.331,3381.157,715.562,4133.96,3777.482,642.471,0.902,3322.993
MRM,Budget,260606001,2026,6,6,1,2026-6,154434.663,122273.72,6208.273,16788.224,0,95935.385,6486.256,3891.754,49.67,15.84,11.275,408.741,0.835,0.98,0.925,0.871,0.955,0.817333333,0.95,5.796,681.257,4464.708,3579.32,11.35,13.333,185.081,312,45,5.5,2,54.884,18.635,12.812,441.882,79.127,95935.385,299070.537,634.344,160642.937,139061.944,27.093,7.92,216.902,22.577,7.92,191.839,29.937,9.318,234.489,24.947,9.318,207.393,4.893,6.932,8.81,3.153,4740.331,3381.157,715.562,4133.96,3777.482,642.471,0.902,3322.993
MRM,Budget,260606002,2026,6,6,2,2026-6,154434.663,122273.72,6208.273,16788.224,0,95935.385,6486.256,3891.754,49.67,15.84,11.275,408.741,0.835,0.98,0.925,0.871,0.955,0.817333333,0.95,5.796,681.257,4464.708,3579.32,11.35,13.333,185.081,313,45,5.5,2,54.884,18.635,12.812,441.882,79.127,95935.385,299070.537,634.344,160642.937,139061.944,27.093,7.92,216.902,22.577,7.92,191.839,29.937,9.318,234.489,24.947,9.318,207.393,4.893,6.932,8.81,3.153,4740.331,3381.157,715.562,4133.96,3777.482,642.471,0.902,3322.993
MRM,Budget,260607001,2026,6,7,1,2026-6,154434.663,122273.72,6208.273,16788.224,0,95935.385,6486.256,3891.754,49.67,15.84,11.275,408.741,0.835,0.98,0.925,0.871,0.955,0.817333333,0.95,5.796,681.257,4464.708,3579.32,11.35,13.333,185.081,314,45,5.5,2,54.884,18.635,12.812,441.882,79.127,95935.385,299070.537,634.344,160642.937,139061.944,27.093,7.92,216.902,22.577,7.92,191.839,29.937,9.318,234.489,24.947,9.318,207.393,4.893,6.932,8.81,3.153,4740.331,3381.157,715.562,4133.96,3777.482,642.471,0.902,3322.993
MRM,Budget,260607002,2026,6,7,2,2026-6,154434.663,122273.72,6208.273,16788.224,0,95935.385,6486.256,3891.754,49.67,15.84,11.275,408.741,0.835,0.98,0.925,0.871,0.955,0.817333333,0.95,5.796,681.257,4464.708,3579.32,11.35,13.333,185.081,315,45,5.5,2,54.884,18.635,12.812,441.882,79.127,95935.385,299070.537,634.344,160642.937,139061.944,27.093,7.92,216.902,22.577,7.92,191.839,29.937,9.318,234.489,24.947,9.318,207.393,4.893,6.932,8.81,3.153,4740.331,3381.157,715.562,4133.96,3777.482,642.471,0.902,3322.993
MRM,Budget,260608001,2026,6,8,1,2026-6,154434.663,122273.72,6208.273,16788.224,0,95935.385,6486.256,3891.754,49.67,15.84,11.275,408.741,0.835,0.98,0.925,0.871,0.955,0.817333333,0.95,5.796,681.257,4464.708,3579.32,11.35,13.333,185.081,316,45,5.5,2,54.884,18.635,12.812,441.882,79.127,95935.385,299070.537,634.344,160642.937,139061.944,27.093,7.92,216.902,22.577,7.92,191.839,29.937,9.318,234.489,24.947,9.318,207.393,4.893,6.932,8.81,3.153,4740.331,3381.157,715.562,4133.96,3777.482,642.471,0.902,3322.993
MRM,Budget,260608002,2026,6,8,2,2026-6,154434.663,122273.72,6208.273,16788.224,0,95935.385,6486.256,3891.754,49.67,15.84,11.275,408.741,0.835,0.98,0.925,0.871,0.955,0.817333333,0.95,5.796,681.257,4464.708,3579.32,11.35,13.333,185.081,317,45,5.5,2,54.884,18.635,12.812,441.882,79.127,95935.385,299070.537,634.344,160642.937,139061.944,27.093,7.92,216.902,22.577,7.92,191.839,29.937,9.318,234.489,24.947,9.318,207.393,4.893,6.932,8.81,3.153,4740.331,3381.157,715.562,4133.96,3777.482,642.471,0.902,3322.993
MRM,Budget,260609001,2026,6,9,1,2026-6,154434.663,122273.72,6208.273,16788.224,0,95935.385,6486.256,3891.754,49.67,15.84,11.275,408.741,0.835,0.98,0.925,0.871,0.955,0.817333333,0.95,5.796,681.257,4464.708,3579.32,11.35,13.333,185.081,318,45,5.5,2,54.884,18.635,12.812,441.882,79.127,95935.385,299070.537,634.344,160642.937,139061.944,27.093,7.92,216.902,22.577,7.92,191.839,29.937,9.318,234.489,24.947,9.318,207.393,4.893,6.932,8.81,3.153,4740.331,3381.157,715.562,4133.96,3777.482,642.471,0.902,3322.993
MRM,Budget,260609002,2026,6,9,2,2026-6,154434.663,122273.72,6208.273,16788.224,0,95935.385,6486.256,3891.754,49.67,15.84,11.275,408.741,0.835,0.98,0.925,0.871,0.955,0.817333333,0.95,5.796,681.257,4464.708,3579.32,11.35,13.333,185.081,319,45,5.5,2,54.884,18.635,12.812,441.882,79.127,95935.385,299070.537,634.344,160642.937,139061.944,27.093,7.92,216.902,22.577,7.92,191.839,29.937,9.318,234.489,24.947,9.318,207.393,4.893,6.932,8.81,3.153,4740.331,3381.157,715.562,4133.96,3777.482,642.471,0.902,3322.993
MRM,Budget,260610001,2026,6,10,1,2026-6,154434.663,122273.72,6208.273,16788.224,0,95935.385,6486.256,3891.754,49.67,15.84,11.275,408.741,0.835,0.98,0.925,0.871,0.955,0.817333333,0.95,5.796,681.257,4464.708,3579.32,11.35,13.333,185.081,320,45,5.5,2,54.884,18.635,12.812,441.882,79.127,95935.385,299070.537,634.344,160642.937,139061.944,27.093,7.92,216.902,22.577,7.92,191.839,29.937,9.318,234.489,24.947,9.318,207.393,4.893,6.932,8.81,3.153,4740.331,3381.157,715.562,4133.96,3777.482,642.471,0.902,3322.993
MRM,Budget,260610002,2026,6,10,2,2026-6,154434.663,122273.72,6208.273,16788.224,0,95935.385,6486.256,3891.754,49.67,15.84,11.275,408.741,0.835,0.98,0.925,0.871,0.955,0.817333333,0.95,5.796,681.257,4464.708,3579.32,11.35,13.333,185.081,321,45,5.5,2,54.884,18.635,12.812,441.882,79.127,95935.385,299070.537,634.344,160642.937,139061.944,27.093,7.92,216.902,22.577,7.92,191.839,29.937,9.318,234.489,24.947,9.318,207.393,4.893,6.932,8.81,3.153,4740.331,3381.157,715.562,4133.96,3777.482,642.471,0.902,3322.993
MRM,Budget,260611001,2026,6,11,1,2026-6,154434.663,122273.72,6208.273,16788.224,0,95935.385,6486.256,3891.754,49.67,15.84,11.275,408.741,0.835,0.98,0.925,0.871,0.955,0.817333333,0.95,5.796,681.257,4464.708,3579.32,11.35,13.333,185.081,322,45,5.5,2,54.884,18.635,12.812,441.882,79.127,95935.385,299070.537,634.344,160642.937,139061.944,27.093,7.92,216.902,22.577,7.92,191.839,29.937,9.318,234.489,24.947,9.318,207.393,4.893,6.932,8.81,3.153,4740.331,3381.157,715.562,4133.96,3777.482,642.471,0.902,3322.993
MRM,Budget,260611002,2026,6,11,2,2026-6,154434.663,122273.72,6208.273,16788.224,0,95935.385,6486.256,3891.754,49.67,15.84,11.275,408.741,0.835,0.98,0.925,0.871,0.955,0.817333333,0.95,5.796,681.257,4464.708,3579.32,11.35,13.333,185.081,323,45,5.5,2,54.884,18.635,12.812,441.882,79.127,95935.385,299070.537,634.344,160642.937,139061.944,27.093,7.92,216.902,22.577,7.92,191.839,29.937,9.318,234.489,24.947,9.318,207.393,4.893,6.932,8.81,3.153,4740.331,3381.157,715.562,4133.96,3777.482,642.471,0.902,3322.993
MRM,Budget,260612001,2026,6,12,1,2026-6,154434.663,122273.72,6208.273,16788.224,0,95935.385,6486.256,3891.754,49.67,15.84,11.275,408.741,0.835,0.98,0.925,0.871,0.955,0.817333333,0.95,5.796,681.257,4464.708,3579.32,11.35,13.333,185.081,324,45,5.5,2,54.884,18.635,12.812,441.882,79.127,95935.385,299070.537,634.344,160642.937,139061.944,27.093,7.92,216.902,22.577,7.92,191.839,29.937,9.318,234.489,24.947,9.318,207.393,4.893,6.932,8.81,3.153,4740.331,3381.157,715.562,4133.96,3777.482,642.471,0.902,3322.993
MRM,Budget,260612002,2026,6,12,2,2026-6,154434.663,122273.72,6208.273,16788.224,0,95935.385,6486.256,3891.754,49.67,15.84,11.275,408.741,0.835,0.98,0.925,0.871,0.955,0.817333333,0.95,5.796,681.257,4464.708,3579.32,11.35,13.333,185.081,325,45,5.5,2,54.884,18.635,12.812,441.882,79.127,95935.385,299070.537,634.344,160642.937,139061.944,27.093,7.92,216.902,22.577,7.92,191.839,29.937,9.318,234.489,24.947,9.318,207.393,4.893,6.932,8.81,3.153,4740.331,3381.157,715.562,4133.96,3777.482,642.471,0.902,3322.993
MRM,Budget,260613001,2026,6,13,1,2026-6,154434.663,122273.72,6208.273,16788.224,0,95935.385,6486.256,3891.754,49.67,15.84,11.275,408.741,0.835,0.98,0.925,0.871,0.955,0.817333333,0.95,5.796,681.257,4464.708,3579.32,11.35,13.333,185.081,326,45,5.5,2,54.884,18.635,12.812,441.882,79.127,95935.385,299070.537,634.344,160642.937,139061.944,27.093,7.92,216.902,22.577,7.92,191.839,29.937,9.318,234.489,24.947,9.318,207.393,4.893,6.932,8.81,3.153,4740.331,3381.157,715.562,4133.96,3777.482,642.471,0.902,3322.993
MRM,Budget,260613002,2026,6,13,2,2026-6,154434.663,122273.72,6208.273,16788.224,0,95935.385,6486.256,3891.754,49.67,15.84,11.275,408.741,0.835,0.98,0.925,0.871,0.955,0.817333333,0.95,5.796,681.257,4464.708,3579.32,11.35,13.333,185.081,327,45,5.5,2,54.884,18.635,12.812,441.882,79.127,95935.385,299070.537,634.344,160642.937,139061.944,27.093,7.92,216.902,22.577,7.92,191.839,29.937,9.318,234.489,24.947,9.318,207.393,4.893,6.932,8.81,3.153,4740.331,3381.157,715.562,4133.96,3777.482,642.471,0.902,3322.993
MRM,Budget,260614001,2026,6,14,1,2026-6,154434.663,122273.72,6208.273,16788.224,0,95935.385,6486.256,3891.754,49.67,15.84,11.275,408.741,0.835,0.98,0.925,0.871,0.955,0.817333333,0.95,5.796,681.257,4464.708,3579.32,11.35,13.333,185.081,328,45,5.5,2,54.884,18.635,12.812,441.882,79.127,95935.385,299070.537,634.344,160642.937,139061.944,27.093,7.92,216.902,22.577,7.92,191.839,29.937,9.318,234.489,24.947,9.318,207.393,4.893,6.932,8.81,3.153,4740.331,3381.157,715.562,4133.96,3777.482,642.471,0.902,3322.993
MRM,Budget,260614002,2026,6,14,2,2026-6,154434.663,122273.72,6208.273,16788.224,0,95935.385,6486.256,3891.754,49.67,15.84,11.275,408.741,0.835,0.98,0.925,0.871,0.955,0.817333333,0.95,5.796,681.257,4464.708,3579.32,11.35,13.333,185.081,329,45,5.5,2,54.884,18.635,12.812,441.882,79.127,95935.385,299070.537,634.344,160642.937,139061.944,27.093,7.92,216.902,22.577,7.92,191.839,29.937,9.318,234.489,24.947,9.318,207.393,4.893,6.932,8.81,3.153,4740.331,3381.157,715.562,4133.96,3777.482,642.471,0.902,3322.993
MRM,Budget,260615001,2026,6,15,1,2026-6,154434.663,122273.72,6208.273,16788.224,0,95935.385,6486.256,3891.754,49.67,15.84,11.275,408.741,0.835,0.98,0.925,0.871,0.955,0.817333333,0.95,5.796,681.257,4464.708,3579.32,11.35,13.333,185.081,330,45,5.5,2,54.884,18.635,12.812,441.882,79.127,95935.385,299070.537,634.344,160642.937,139061.944,27.093,7.92,216.902,22.577,7.92,191.839,29.937,9.318,234.489,24.947,9.318,207.393,4.893,6.932,8.81,3.153,4740.331,3381.157,715.562,4133.96,3777.482,642.471,0.902,3322.993
MRM,Budget,260615002,2026,6,15,2,2026-6,154434.663,122273.72,6208.273,16788.224,0,95935.385,6486.256,3891.754,49.67,15.84,11.275,408.741,0.835,0.98,0.925,0.871,0.955,0.817333333,0.95,5.796,681.257,4464.708,3579.32,11.35,13.333,185.081,331,45,5.5,2,54.884,18.635,12.812,441.882,79.127,95935.385,299070.537,634.344,160642.937,139061.944,27.093,7.92,216.902,22.577,7.92,191.839,29.937,9.318,234.489,24.947,9.318,207.393,4.893,6.932,8.81,3.153,4740.331,3381.157,715.562,4133.96,3777.482,642.471,0.902,3322.993
MRM,Budget,260616001,2026,6,16,1,2026-6,154434.663,122273.72,6208.273,16788.224,0,95935.385,6486.256,3891.754,49.67,15.84,11.275,408.741,0.835,0.98,0.925,0.871,0.955,0.817333333,0.95,5.796,681.257,4464.708,3579.32,11.35,13.333,185.081,332,45,5.5,2,54.884,18.635,12.812,441.882,79.127,95935.385,299070.537,634.344,160642.937,139061.944,27.093,7.92,216.902,22.577,7.92,191.839,29.937,9.318,234.489,24.947,9.318,207.393,4.893,6.932,8.81,3.153,4740.331,3381.157,715.562,4133.96,3777.482,642.471,0.902,3322.993
MRM,Budget,260616002,2026,6,16,2,2026-6,154434.663,122273.72,6208.273,16788.224,0,95935.385,6486.256,3891.754,49.67,15.84,11.275,408.741,0.835,0.98,0.925,0.871,0.955,0.817333333,0.95,5.796,681.257,4464.708,3579.32,11.35,13.333,185.081,333,45,5.5,2,54.884,18.635,12.812,441.882,79.127,95935.385,299070.537,634.344,160642.937,139061.944,27.093,7.92,216.902,22.577,7.92,191.839,29.937,9.318,234.489,24.947,9.318,207.393,4.893,6.932,8.81,3.153,4740.331,3381.157,715.562,4133.96,3777.482,642.471,0.902,3322.993
MRM,Budget,260617001,2026,6,17,1,2026-6,154434.663,122273.72,6208.273,16788.224,0,95935.385,6486.256,3891.754,49.67,15.84,11.275,408.741,0.835,0.98,0.925,0.871,0.955,0.817333333,0.95,5.796,681.257,4464.708,3579.32,11.35,13.333,185.081,334,45,5.5,2,54.884,18.635,12.812,441.882,79.127,95935.385,299070.537,634.344,160642.937,139061.944,27.093,7.92,216.902,22.577,7.92,191.839,29.937,9.318,234.489,24.947,9.318,207.393,4.893,6.932,8.81,3.153,4740.331,3381.157,715.562,4133.96,3777.482,642.471,0.902,3322.993
MRM,Budget,260617002,2026,6,17,2,2026-6,154434.663,122273.72,6208.273,16788.224,0,95935.385,6486.256,3891.754,49.67,15.84,11.275,408.741,0.835,0.98,0.925,0.871,0.955,0.817333333,0.95,5.796,681.257,4464.708,3579.32,11.35,13.333,185.081,335,45,5.5,2,54.884,18.635,12.812,441.882,79.127,95935.385,299070.537,634.344,160642.937,139061.944,27.093,7.92,216.902,22.577,7.92,191.839,29.937,9.318,234.489,24.947,9.318,207.393,4.893,6.932,8.81,3.153,4740.331,3381.157,715.562,4133.96,3777.482,642.471,0.902,3322.993
MRM,Budget,260618001,2026,6,18,1,2026-6,154434.663,122273.72,6208.273,16788.224,0,95935.385,6486.256,3891.754,49.67,15.84,11.275,408.741,0.835,0.98,0.925,0.871,0.955,0.817333333,0.95,5.796,681.257,4464.708,3579.32,11.35,13.333,185.081,336,45,5.5,2,54.884,18.635,12.812,441.882,79.127,95935.385,299070.537,634.344,160642.937,139061.944,27.093,7.92,216.902,22.577,7.92,191.839,29.937,9.318,234.489,24.947,9.318,207.393,4.893,6.932,8.81,3.153,4740.331,3381.157,715.562,4133.96,3777.482,642.471,0.902,3322.993
MRM,Budget,260618002,2026,6,18,2,2026-6,154434.663,122273.72,6208.273,16788.224,0,95935.385,6486.256,3891.754,49.67,15.84,11.275,408.741,0.835,0.98,0.925,0.871,0.955,0.817333333,0.95,5.796,681.257,4464.708,3579.32,11.35,13.333,185.081,337,45,5.5,2,54.884,18.635,12.812,441.882,79.127,95935.385,299070.537,634.344,160642.937,139061.944,27.093,7.92,216.902,22.577,7.92,191.839,29.937,9.318,234.489,24.947,9.318,207.393,4.893,6.932,8.81,3.153,4740.331,3381.157,715.562,4133.96,3777.482,642.471,0.902,3322.993
MRM,Budget,260619001,2026,6,19,1,2026-6,154434.663,122273.72,6208.273,16788.224,0,95935.385,6486.256,3891.754,49.67,15.84,11.275,408.741,0.835,0.98,0.925,0.871,0.955,0.817333333,0.95,5.796,681.257,4464.708,3579.32,11.35,13.333,185.081,338,45,5.5,2,54.884,18.635,12.812,441.882,79.127,95935.385,299070.537,634.344,160642.937,139061.944,27.093,7.92,216.902,22.577,7.92,191.839,29.937,9.318,234.489,24.947,9.318,207.393,4.893,6.932,8.81,3.153,4740.331,3381.157,715.562,4133.96,3777.482,642.471,0.902,3322.993
MRM,Budget,260619002,2026,6,19,2,2026-6,154434.663,122273.72,6208.273,16788.224,0,95935.385,6486.256,3891.754,49.67,15.84,11.275,408.741,0.835,0.98,0.925,0.871,0.955,0.817333333,0.95,5.796,681.257,4464.708,3579.32,11.35,13.333,185.081,339,45,5.5,2,54.884,18.635,12.812,441.882,79.127,95935.385,299070.537,634.344,160642.937,139061.944,27.093,7.92,216.902,22.577,7.92,191.839,29.937,9.318,234.489,24.947,9.318,207.393,4.893,6.932,8.81,3.153,4740.331,3381.157,715.562,4133.96,3777.482,642.471,0.902,3322.993
MRM,Budget,260620001,2026,6,20,1,2026-6,154434.663,122273.72,6208.273,16788.224,0,95935.385,6486.256,3891.754,49.67,15.84,11.275,408.741,0.835,0.98,0.925,0.871,0.955,0.817333333,0.95,5.796,681.257,4464.708,3579.32,11.35,13.333,185.081,340,45,5.5,2,54.884,18.635,12.812,441.882,79.127,95935.385,299070.537,634.344,160642.937,139061.944,27.093,7.92,216.902,22.577,7.92,191.839,29.937,9.318,234.489,24.947,9.318,207.393,4.893,6.932,8.81,3.153,4740.331,3381.157,715.562,4133.96,3777.482,642.471,0.902,3322.993
MRM,Budget,260620002,2026,6,20,2,2026-6,154434.663,122273.72,6208.273,16788.224,0,95935.385,6486.256,3891.754,49.67,15.84,11.275,408.741,0.835,0.98,0.925,0.871,0.955,0.817333333,0.95,5.796,681.257,4464.708,3579.32,11.35,13.333,185.081,341,45,5.5,2,54.884,18.635,12.812,441.882,79.127,95935.385,299070.537,634.344,160642.937,139061.944,27.093,7.92,216.902,22.577,7.92,191.839,29.937,9.318,234.489,24.947,9.318,207.393,4.893,6.932,8.81,3.153,4740.331,3381.157,715.562,4133.96,3777.482,642.471,0.902,3322.993
MRM,Budget,260621001,2026,6,21,1,2026-6,154434.663,122273.72,6208.273,16788.224,0,95935.385,6486.256,3891.754,49.67,15.84,11.275,408.741,0.835,0.98,0.925,0.871,0.955,0.817333333,0.95,5.796,681.257,4464.708,3579.32,11.35,13.333,185.081,342,45,5.5,2,54.884,18.635,12.812,441.882,79.127,95935.385,299070.537,634.344,160642.937,139061.944,27.093,7.92,216.902,22.577,7.92,191.839,29.937,9.318,234.489,24.947,9.318,207.393,4.893,6.932,8.81,3.153,4740.331,3381.157,715.562,4133.96,3777.482,642.471,0.902,3322.993
MRM,Budget,260621002,2026,6,21,2,2026-6,154434.663,122273.72,6208.273,16788.224,0,95935.385,6486.256,3891.754,49.67,15.84,11.275,408.741,0.835,0.98,0.925,0.871,0.955,0.817333333,0.95,5.796,681.257,4464.708,3579.32,11.35,13.333,185.081,343,45,5.5,2,54.884,18.635,12.812,441.882,79.127,95935.385,299070.537,634.344,160642.937,139061.944,27.093,7.92,216.902,22.577,7.92,191.839,29.937,9.318,234.489,24.947,9.318,207.393,4.893,6.932,8.81,3.153,4740.331,3381.157,715.562,4133.96,3777.482,642.471,0.902,3322.993
MRM,Budget,260622001,2026,6,22,1,2026-6,154434.663,122273.72,6208.273,16788.224,0,95935.385,6486.256,3891.754,49.67,15.84,11.275,408.741,0.835,0.98,0.925,0.871,0.955,0.817333333,0.95,5.796,681.257,4464.708,3579.32,11.35,13.333,185.081,344,45,5.5,2,54.884,18.635,12.812,441.882,79.127,95935.385,299070.537,634.344,160642.937,139061.944,27.093,7.92,216.902,22.577,7.92,191.839,29.937,9.318,234.489,24.947,9.318,207.393,4.893,6.932,8.81,3.153,4740.331,3381.157,715.562,4133.96,3777.482,642.471,0.902,3322.993
MRM,Budget,260622002,2026,6,22,2,2026-6,154434.663,122273.72,6208.273,16788.224,0,95935.385,6486.256,3891.754,49.67,15.84,11.275,408.741,0.835,0.98,0.925,0.871,0.955,0.817333333,0.95,5.796,681.257,4464.708,3579.32,11.35,13.333,185.081,345,45,5.5,2,54.884,18.635,12.812,441.882,79.127,95935.385,299070.537,634.344,160642.937,139061.944,27.093,7.92,216.902,22.577,7.92,191.839,29.937,9.318,234.489,24.947,9.318,207.393,4.893,6.932,8.81,3.153,4740.331,3381.157,715.562,4133.96,3777.482,642.471,0.902,3322.993
MRM,Budget,260623001,2026,6,23,1,2026-6,154434.663,122273.72,6208.273,16788.224,0,95935.385,6486.256,3891.754,49.67,15.84,11.275,408.741,0.835,0.98,0.925,0.871,0.955,0.817333333,0.95,5.796,681.257,4464.708,3579.32,11.35,13.333,185.081,346,45,5.5,2,54.884,18.635,12.812,441.882,79.127,95935.385,299070.537,634.344,160642.937,139061.944,27.093,7.92,216.902,22.577,7.92,191.839,29.937,9.318,234.489,24.947,9.318,207.393,4.893,6.932,8.81,3.153,4740.331,3381.157,715.562,4133.96,3777.482,642.471,0.902,3322.993
MRM,Budget,260623002,2026,6,23,2,2026-6,154434.663,122273.72,6208.273,16788.224,0,95935.385,6486.256,3891.754,49.67,15.84,11.275,408.741,0.835,0.98,0.925,0.871,0.955,0.817333333,0.95,5.796,681.257,4464.708,3579.32,11.35,13.333,185.081,347,45,5.5,2,54.884,18.635,12.812,441.882,79.127,95935.385,299070.537,634.344,160642.937,139061.944,27.093,7.92,216.902,22.577,7.92,191.839,29.937,9.318,234.489,24.947,9.318,207.393,4.893,6.932,8.81,3.153,4740.331,3381.157,715.562,4133.96,3777.482,642.471,0.902,3322.993
MRM,Budget,260624001,2026,6,24,1,2026-6,154434.663,122273.72,6208.273,16788.224,0,95935.385,6486.256,3891.754,49.67,15.84,11.275,408.741,0.835,0.98,0.925,0.871,0.955,0.817333333,0.95,5.796,681.257,4464.708,3579.32,11.35,13.333,185.081,348,45,5.5,2,54.884,18.635,12.812,441.882,79.127,95935.385,299070.537,634.344,160642.937,139061.944,27.093,7.92,216.902,22.577,7.92,191.839,29.937,9.318,234.489,24.947,9.318,207.393,4.893,6.932,8.81,3.153,4740.331,3381.157,715.562,4133.96,3777.482,642.471,0.902,3322.993
MRM,Budget,260624002,2026,6,24,2,2026-6,154434.663,122273.72,6208.273,16788.224,0,95935.385,6486.256,3891.754,49.67,15.84,11.275,408.741,0.835,0.98,0.925,0.871,0.955,0.817333333,0.95,5.796,681.257,4464.708,3579.32,11.35,13.333,185.081,349,45,5.5,2,54.884,18.635,12.812,441.882,79.127,95935.385,299070.537,634.344,160642.937,139061.944,27.093,7.92,216.902,22.577,7.92,191.839,29.937,9.318,234.489,24.947,9.318,207.393,4.893,6.932,8.81,3.153,4740.331,3381.157,715.562,4133.96,3777.482,642.471,0.902,3322.993
MRM,Budget,260625001,2026,6,25,1,2026-6,154434.663,122273.72,6208.273,16788.224,0,95935.385,6486.256,3891.754,49.67,15.84,11.275,408.741,0.835,0.98,0.925,0.871,0.955,0.817333333,0.95,5.796,681.257,4464.708,3579.32,11.35,13.333,185.081,350,45,5.5,2,54.884,18.635,12.812,441.882,79.127,95935.385,299070.537,634.344,160642.937,139061.944,27.093,7.92,216.902,22.577,7.92,191.839,29.937,9.318,234.489,24.947,9.318,207.393,4.893,6.932,8.81,3.153,4740.331,3381.157,715.562,4133.96,3777.482,642.471,0.902,3322.993
MRM,Budget,260625002,2026,6,25,2,2026-6,154434.663,122273.72,6208.273,16788.224,0,95935.385,6486.256,3891.754,49.67,15.84,11.275,408.741,0.835,0.98,0.925,0.871,0.955,0.817333333,0.95,5.796,681.257,4464.708,3579.32,11.35,13.333,185.081,351,45,5.5,2,54.884,18.635,12.812,441.882,79.127,95935.385,299070.537,634.344,160642.937,139061.944,27.093,7.92,216.902,22.577,7.92,191.839,29.937,9.318,234.489,24.947,9.318,207.393,4.893,6.932,8.81,3.153,4740.331,3381.157,715.562,4133.96,3777.482,642.471,0.902,3322.993
MRM,Budget,260626001,2026,6,26,1,2026-6,154434.663,122273.72,6208.273,16788.224,0,95935.385,6486.256,3891.754,49.67,15.84,11.275,408.741,0.835,0.98,0.925,0.871,0.955,0.817333333,0.95,5.796,681.257,4464.708,3579.32,11.35,13.333,185.081,352,45,5.5,2,54.884,18.635,12.812,441.882,79.127,95935.385,299070.537,634.344,160642.937,139061.944,27.093,7.92,216.902,22.577,7.92,191.839,29.937,9.318,234.489,24.947,9.318,207.393,4.893,6.932,8.81,3.153,4740.331,3381.157,715.562,4133.96,3777.482,642.471,0.902,3322.993
MRM,Budget,260626002,2026,6,26,2,2026-6,154434.663,122273.72,6208.273,16788.224,0,95935.385,6486.256,3891.754,49.67,15.84,11.275,408.741,0.835,0.98,0.925,0.871,0.955,0.817333333,0.95,5.796,681.257,4464.708,3579.32,11.35,13.333,185.081,353,45,5.5,2,54.884,18.635,12.812,441.882,79.127,95935.385,299070.537,634.344,160642.937,139061.944,27.093,7.92,216.902,22.577,7.92,191.839,29.937,9.318,234.489,24.947,9.318,207.393,4.893,6.932,8.81,3.153,4740.331,3381.157,715.562,4133.96,3777.482,642.471,0.902,3322.993
MRM,Budget,260627001,2026,6,27,1,2026-6,154434.663,122273.72,6208.273,16788.224,0,95935.385,6486.256,3891.754,49.67,15.84,11.275,408.741,0.835,0.98,0.925,0.871,0.955,0.817333333,0.95,5.796,681.257,4464.708,3579.32,11.35,13.333,185.081,354,45,5.5,2,54.884,18.635,12.812,441.882,79.127,95935.385,299070.537,634.344,160642.937,139061.944,27.093,7.92,216.902,22.577,7.92,191.839,29.937,9.318,234.489,24.947,9.318,207.393,4.893,6.932,8.81,3.153,4740.331,3381.157,715.562,4133.96,3777.482,642.471,0.902,3322.993
MRM,Budget,260627002,2026,6,27,2,2026-6,154434.663,122273.72,6208.273,16788.224,0,95935.385,6486.256,3891.754,49.67,15.84,11.275,408.741,0.835,0.98,0.925,0.871,0.955,0.817333333,0.95,5.796,681.257,4464.708,3579.32,11.35,13.333,185.081,355,45,5.5,2,54.884,18.635,12.812,441.882,79.127,95935.385,299070.537,634.344,160642.937,139061.944,27.093,7.92,216.902,22.577,7.92,191.839,29.937,9.318,234.489,24.947,9.318,207.393,4.893,6.932,8.81,3.153,4740.331,3381.157,715.562,4133.96,3777.482,642.471,0.902,3322.993
MRM,Budget,260628001,2026,6,28,1,2026-6,154434.663,122273.72,6208.273,16788.224,0,95935.385,6486.256,3891.754,49.67,15.84,11.275,408.741,0.835,0.98,0.925,0.871,0.955,0.817333333,0.95,5.796,681.257,4464.708,3579.32,11.35,13.333,185.081,356,45,5.5,2,54.884,18.635,12.812,441.882,79.127,95935.385,299070.537,634.344,160642.937,139061.944,27.093,7.92,216.902,22.577,7.92,191.839,29.937,9.318,234.489,24.947,9.318,207.393,4.893,6.932,8.81,3.153,4740.331,3381.157,715.562,4133.96,3777.482,642.471,0.902,3322.993
MRM,Budget,260628002,2026,6,28,2,2026-6,154434.663,122273.72,6208.273,16788.224,0,95935.385,6486.256,3891.754,49.67,15.84,11.275,408.741,0.835,0.98,0.925,0.871,0.955,0.817333333,0.95,5.796,681.257,4464.708,3579.32,11.35,13.333,185.081,357,45,5.5,2,54.884,18.635,12.812,441.882,79.127,95935.385,299070.537,634.344,160642.937,139061.944,27.093,7.92,216.902,22.577,7.92,191.839,29.937,9.318,234.489,24.947,9.318,207.393,4.893,6.932,8.81,3.153,4740.331,3381.157,715.562,4133.96,3777.482,642.471,0.902,3322.993
MRM,Budget,260629001,2026,6,29,1,2026-6,154434.663,122273.72,6208.273,16788.224,0,95935.385,6486.256,3891.754,49.67,15.84,11.275,408.741,0.835,0.98,0.925,0.871,0.955,0.817333333,0.95,5.796,681.257,4464.708,3579.32,11.35,13.333,185.081,358,45,5.5,2,54.884,18.635,12.812,441.882,79.127,95935.385,299070.537,634.344,160642.937,139061.944,27.093,7.92,216.902,22.577,7.92,191.839,29.937,9.318,234.489,24.947,9.318,207.393,4.893,6.932,8.81,3.153,4740.331,3381.157,715.562,4133.96,3777.482,642.471,0.902,3322.993
MRM,Budget,260629002,2026,6,29,2,2026-6,154434.663,122273.72,6208.273,16788.224,0,95935.385,6486.256,3891.754,49.67,15.84,11.275,408.741,0.835,0.98,0.925,0.871,0.955,0.817333333,0.95,5.796,681.257,4464.708,3579.32,11.35,13.333,185.081,359,45,5.5,2,54.884,18.635,12.812,441.882,79.127,95935.385,299070.537,634.344,160642.937,139061.944,27.093,7.92,216.902,22.577,7.92,191.839,29.937,9.318,234.489,24.947,9.318,207.393,4.893,6.932,8.81,3.153,4740.331,3381.157,715.562,4133.96,3777.482,642.471,0.902,3322.993
MRM,Budget,260630001,2026,6,30,1,2026-6,154434.663,122273.72,6208.273,16788.224,0,95935.385,6486.256,3891.754,49.67,15.84,11.275,408.741,0.835,0.98,0.925,0.871,0.955,0.817333333,0.95,5.796,681.257,4464.708,3579.32,11.35,13.333,185.081,360,45,5.5,2,54.884,18.635,12.812,441.882,79.127,95935.385,299070.537,634.344,160642.937,139061.944,27.093,7.92,216.902,22.577,7.92,191.839,29.937,9.318,234.489,24.947,9.318,207.393,4.893,6.932,8.81,3.153,4740.331,3381.157,715.562,4133.96,3777.482,642.471,0.902,3322.993
MRM,Budget,260630002,2026,6,30,2,2026-6,154434.663,122273.72,6208.273,16788.224,0,95935.385,6486.256,3891.754,49.67,15.84,11.275,408.741,0.835,0.98,0.925,0.871,0.955,0.817333333,0.95,5.796,681.257,4464.708,3579.32,11.35,13.333,185.081,361,45,5.5,2,54.884,18.635,12.812,441.882,79.127,95935.385,299070.537,634.344,160642.937,139061.944,27.093,7.92,216.902,22.577,7.92,191.839,29.937,9.318,234.489,24.947,9.318,207.393,4.893,6.932,8.81,3.153,4740.331,3381.157,715.562,4133.96,3777.482,642.471,0.902,3322.993
MRM,Budget,260701001,2026,7,1,1,2026-7,155939.439,117687.205,5052.438,14481.973,0,83110.644,5301.941,3181.165,50.384,17.132,9.687,408.741,0.835,0.98,0.925,0.883,0.955,0.884,0.95,5.882,672.214,4289.625,3422.528,11.312,12.5,197.629,362,45,5.5,2,55.672,20.155,11.008,441.882,68.731,83110.644,292547.173,613.881,160991.876,132169.178,27.482,8.566,220.49,22.902,8.566,188.251,30.367,10.078,238.368,25.306,10.078,203.514,4.93,7.137,9.561,3.714,4547.769,3650.459,708.654,3979.853,3194.597,629.533,0.902,3236.404
MRM,Budget,260701002,2026,7,1,2,2026-7,155939.439,117687.205,5052.438,14481.973,0,83110.644,5301.941,3181.165,50.384,17.132,9.687,408.741,0.835,0.98,0.925,0.883,0.955,0.884,0.95,5.882,672.214,4289.625,3422.528,11.312,12.5,197.629,363,45,5.5,2,55.672,20.155,11.008,441.882,68.731,83110.644,292547.173,613.881,160991.876,132169.178,27.482,8.566,220.49,22.902,8.566,188.251,30.367,10.078,238.368,25.306,10.078,203.514,4.93,7.137,9.561,3.714,4547.769,3650.459,708.654,3979.853,3194.597,629.533,0.902,3236.404
MRM,Budget,260702001,2026,7,2,1,2026-7,155939.439,117687.205,5052.438,14481.973,0,83110.644,5301.941,3181.165,50.384,17.132,9.687,408.741,0.835,0.98,0.925,0.883,0.955,0.884,0.95,5.882,672.214,4289.625,3422.528,11.312,12.5,197.629,364,45,5.5,2,55.672,20.155,11.008,441.882,68.731,83110.644,292547.173,613.881,160991.876,132169.178,27.482,8.566,220.49,22.902,8.566,188.251,30.367,10.078,238.368,25.306,10.078,203.514,4.93,7.137,9.561,3.714,4547.769,3650.459,708.654,3979.853,3194.597,629.533,0.902,3236.404
MRM,Budget,260702002,2026,7,2,2,2026-7,155939.439,117687.205,5052.438,14481.973,0,83110.644,5301.941,3181.165,50.384,17.132,9.687,408.741,0.835,0.98,0.925,0.883,0.955,0.884,0.95,5.882,672.214,4289.625,3422.528,11.312,12.5,197.629,365,45,5.5,2,55.672,20.155,11.008,441.882,68.731,83110.644,292547.173,613.881,160991.876,132169.178,27.482,8.566,220.49,22.902,8.566,188.251,30.367,10.078,238.368,25.306,10.078,203.514,4.93,7.137,9.561,3.714,4547.769,3650.459,708.654,3979.853,3194.597,629.533,0.902,3236.404
MRM,Budget,260703001,2026,7,3,1,2026-7,155939.439,117687.205,5052.438,14481.973,0,83110.644,5301.941,3181.165,50.384,17.132,9.687,408.741,0.835,0.98,0.925,0.883,0.955,0.884,0.95,5.882,672.214,4289.625,3422.528,11.312,12.5,197.629,366,45,5.5,2,55.672,20.155,11.008,441.882,68.731,83110.644,292547.173,613.881,160991.876,132169.178,27.482,8.566,220.49,22.902,8.566,188.251,30.367,10.078,238.368,25.306,10.078,203.514,4.93,7.137,9.561,3.714,4547.769,3650.459,708.654,3979.853,3194.597,629.533,0.902,3236.404
MRM,Budget,260703002,2026,7,3,2,2026-7,155939.439,117687.205,5052.438,14481.973,0,83110.644,5301.941,3181.165,50.384,17.132,9.687,408.741,0.835,0.98,0.925,0.883,0.955,0.884,0.95,5.882,672.214,4289.625,3422.528,11.312,12.5,197.629,367,45,5.5,2,55.672,20.155,11.008,441.882,68.731,83110.644,292547.173,613.881,160991.876,132169.178,27.482,8.566,220.49,22.902,8.566,188.251,30.367,10.078,238.368,25.306,10.078,203.514,4.93,7.137,9.561,3.714,4547.769,3650.459,708.654,3979.853,3194.597,629.533,0.902,3236.404
MRM,Budget,260704001,2026,7,4,1,2026-7,155939.439,117687.205,5052.438,14481.973,0,83110.644,5301.941,3181.165,50.384,17.132,9.687,408.741,0.835,0.98,0.925,0.883,0.955,0.884,0.95,5.882,672.214,4289.625,3422.528,11.312,12.5,197.629,368,45,5.5,2,55.672,20.155,11.008,441.882,68.731,83110.644,292547.173,613.881,160991.876,132169.178,27.482,8.566,220.49,22.902,8.566,188.251,30.367,10.078,238.368,25.306,10.078,203.514,4.93,7.137,9.561,3.714,4547.769,3650.459,708.654,3979.853,3194.597,629.533,0.902,3236.404
MRM,Budget,260704002,2026,7,4,2,2026-7,155939.439,117687.205,5052.438,14481.973,0,83110.644,5301.941,3181.165,50.384,17.132,9.687,408.741,0.835,0.98,0.925,0.883,0.955,0.884,0.95,5.882,672.214,4289.625,3422.528,11.312,12.5,197.629,369,45,5.5,2,55.672,20.155,11.008,441.882,68.731,83110.644,292547.173,613.881,160991.876,132169.178,27.482,8.566,220.49,22.902,8.566,188.251,30.367,10.078,238.368,25.306,10.078,203.514,4.93,7.137,9.561,3.714,4547.769,3650.459,708.654,3979.853,3194.597,629.533,0.902,3236.404
MRM,Budget,260705001,2026,7,5,1,2026-7,155939.439,117687.205,5052.438,14481.973,0,83110.644,5301.941,3181.165,50.384,17.132,9.687,408.741,0.835,0.98,0.925,0.883,0.955,0.884,0.95,5.882,672.214,4289.625,3422.528,11.312,12.5,197.629,370,45,5.5,2,55.672,20.155,11.008,441.882,68.731,83110.644,292547.173,613.881,160991.876,132169.178,27.482,8.566,220.49,22.902,8.566,188.251,30.367,10.078,238.368,25.306,10.078,203.514,4.93,7.137,9.561,3.714,4547.769,3650.459,708.654,3979.853,3194.597,629.533,0.902,3236.404
MRM,Budget,260705002,2026,7,5,2,2026-7,155939.439,117687.205,5052.438,14481.973,0,83110.644,5301.941,3181.165,50.384,17.132,9.687,408.741,0.835,0.98,0.925,0.883,0.955,0.884,0.95,5.882,672.214,4289.625,3422.528,11.312,12.5,197.629,371,45,5.5,2,55.672,20.155,11.008,441.882,68.731,83110.644,292547.173,613.881,160991.876,132169.178,27.482,8.566,220.49,22.902,8.566,188.251,30.367,10.078,238.368,25.306,10.078,203.514,4.93,7.137,9.561,3.714,4547.769,3650.459,708.654,3979.853,3194.597,629.533,0.902,3236.404
MRM,Budget,260706001,2026,7,6,1,2026-7,155939.439,117687.205,5052.438,14481.973,0,83110.644,5301.941,3181.165,50.384,17.132,9.687,408.741,0.835,0.98,0.925,0.883,0.955,0.884,0.95,5.882,672.214,4289.625,3422.528,11.312,12.5,197.629,372,45,5.5,2,55.672,20.155,11.008,441.882,68.731,83110.644,292547.173,613.881,160991.876,132169.178,27.482,8.566,220.49,22.902,8.566,188.251,30.367,10.078,238.368,25.306,10.078,203.514,4.93,7.137,9.561,3.714,4547.769,3650.459,708.654,3979.853,3194.597,629.533,0.902,3236.404
MRM,Budget,260706002,2026,7,6,2,2026-7,155939.439,117687.205,5052.438,14481.973,0,83110.644,5301.941,3181.165,50.384,17.132,9.687,408.741,0.835,0.98,0.925,0.883,0.955,0.884,0.95,5.882,672.214,4289.625,3422.528,11.312,12.5,197.629,373,45,5.5,2,55.672,20.155,11.008,441.882,68.731,83110.644,292547.173,613.881,160991.876,132169.178,27.482,8.566,220.49,22.902,8.566,188.251,30.367,10.078,238.368,25.306,10.078,203.514,4.93,7.137,9.561,3.714,4547.769,3650.459,708.654,3979.853,3194.597,629.533,0.902,3236.404
MRM,Budget,260707001,2026,7,7,1,2026-7,155939.439,117687.205,5052.438,14481.973,0,83110.644,5301.941,3181.165,50.384,17.132,9.687,408.741,0.835,0.98,0.925,0.883,0.955,0.884,0.95,5.882,672.214,4289.625,3422.528,11.312,12.5,197.629,374,45,5.5,2,55.672,20.155,11.008,441.882,68.731,83110.644,292547.173,613.881,160991.876,132169.178,27.482,8.566,220.49,22.902,8.566,188.251,30.367,10.078,238.368,25.306,10.078,203.514,4.93,7.137,9.561,3.714,4547.769,3650.459,708.654,3979.853,3194.597,629.533,0.902,3236.404
MRM,Budget,260707002,2026,7,7,2,2026-7,155939.439,117687.205,5052.438,14481.973,0,83110.644,5301.941,3181.165,50.384,17.132,9.687,408.741,0.835,0.98,0.925,0.883,0.955,0.884,0.95,5.882,672.214,4289.625,3422.528,11.312,12.5,197.629,375,45,5.5,2,55.672,20.155,11.008,441.882,68.731,83110.644,292547.173,613.881,160991.876,132169.178,27.482,8.566,220.49,22.902,8.566,188.251,30.367,10.078,238.368,25.306,10.078,203.514,4.93,7.137,9.561,3.714,4547.769,3650.459,708.654,3979.853,3194.597,629.533,0.902,3236.404
MRM,Budget,260708001,2026,7,8,1,2026-7,155939.439,117687.205,5052.438,14481.973,0,83110.644,5301.941,3181.165,50.384,17.132,9.687,408.741,0.835,0.98,0.925,0.883,0.955,0.884,0.95,5.882,672.214,4289.625,3422.528,11.312,12.5,197.629,376,45,5.5,2,55.672,20.155,11.008,441.882,68.731,83110.644,292547.173,613.881,160991.876,132169.178,27.482,8.566,220.49,22.902,8.566,188.251,30.367,10.078,238.368,25.306,10.078,203.514,4.93,7.137,9.561,3.714,4547.769,3650.459,708.654,3979.853,3194.597,629.533,0.902,3236.404
MRM,Budget,260708002,2026,7,8,2,2026-7,155939.439,117687.205,5052.438,14481.973,0,83110.644,5301.941,3181.165,50.384,17.132,9.687,408.741,0.835,0.98,0.925,0.883,0.955,0.884,0.95,5.882,672.214,4289.625,3422.528,11.312,12.5,197.629,377,45,5.5,2,55.672,20.155,11.008,441.882,68.731,83110.644,292547.173,613.881,160991.876,132169.178,27.482,8.566,220.49,22.902,8.566,188.251,30.367,10.078,238.368,25.306,10.078,203.514,4.93,7.137,9.561,3.714,4547.769,3650.459,708.654,3979.853,3194.597,629.533,0.902,3236.404
MRM,Budget,260709001,2026,7,9,1,2026-7,155939.439,117687.205,5052.438,14481.973,0,83110.644,5301.941,3181.165,50.384,17.132,9.687,408.741,0.835,0.98,0.925,0.883,0.955,0.884,0.95,5.882,672.214,4289.625,3422.528,11.312,12.5,197.629,378,45,5.5,2,55.672,20.155,11.008,441.882,68.731,83110.644,292547.173,613.881,160991.876,132169.178,27.482,8.566,220.49,22.902,8.566,188.251,30.367,10.078,238.368,25.306,10.078,203.514,4.93,7.137,9.561,3.714,4547.769,3650.459,708.654,3979.853,3194.597,629.533,0.902,3236.404
MRM,Budget,260709002,2026,7,9,2,2026-7,155939.439,117687.205,5052.438,14481.973,0,83110.644,5301.941,3181.165,50.384,17.132,9.687,408.741,0.835,0.98,0.925,0.883,0.955,0.884,0.95,5.882,672.214,4289.625,3422.528,11.312,12.5,197.629,379,45,5.5,2,55.672,20.155,11.008,441.882,68.731,83110.644,292547.173,613.881,160991.876,132169.178,27.482,8.566,220.49,22.902,8.566,188.251,30.367,10.078,238.368,25.306,10.078,203.514,4.93,7.137,9.561,3.714,4547.769,3650.459,708.654,3979.853,3194.597,629.533,0.902,3236.404
MRM,Budget,260710001,2026,7,10,1,2026-7,155939.439,117687.205,5052.438,14481.973,0,83110.644,5301.941,3181.165,50.384,17.132,9.687,408.741,0.835,0.98,0.925,0.883,0.955,0.884,0.95,5.882,672.214,4289.625,3422.528,11.312,12.5,197.629,380,45,5.5,2,55.672,20.155,11.008,441.882,68.731,83110.644,292547.173,613.881,160991.876,132169.178,27.482,8.566,220.49,22.902,8.566,188.251,30.367,10.078,238.368,25.306,10.078,203.514,4.93,7.137,9.561,3.714,4547.769,3650.459,708.654,3979.853,3194.597,629.533,0.902,3236.404
MRM,Budget,260710002,2026,7,10,2,2026-7,155939.439,117687.205,5052.438,14481.973,0,83110.644,5301.941,3181.165,50.384,17.132,9.687,408.741,0.835,0.98,0.925,0.883,0.955,0.884,0.95,5.882,672.214,4289.625,3422.528,11.312,12.5,197.629,381,45,5.5,2,55.672,20.155,11.008,441.882,68.731,83110.644,292547.173,613.881,160991.876,132169.178,27.482,8.566,220.49,22.902,8.566,188.251,30.367,10.078,238.368,25.306,10.078,203.514,4.93,7.137,9.561,3.714,4547.769,3650.459,708.654,3979.853,3194.597,629.533,0.902,3236.404
MRM,Budget,260711001,2026,7,11,1,2026-7,155939.439,117687.205,5052.438,14481.973,0,83110.644,5301.941,3181.165,50.384,17.132,9.687,408.741,0.835,0.98,0.925,0.883,0.955,0.884,0.95,5.882,672.214,4289.625,3422.528,11.312,12.5,197.629,382,45,5.5,2,55.672,20.155,11.008,441.882,68.731,83110.644,292547.173,613.881,160991.876,132169.178,27.482,8.566,220.49,22.902,8.566,188.251,30.367,10.078,238.368,25.306,10.078,203.514,4.93,7.137,9.561,3.714,4547.769,3650.459,708.654,3979.853,3194.597,629.533,0.902,3236.404
MRM,Budget,260711002,2026,7,11,2,2026-7,155939.439,117687.205,5052.438,14481.973,0,83110.644,5301.941,3181.165,50.384,17.132,9.687,408.741,0.835,0.98,0.925,0.883,0.955,0.884,0.95,5.882,672.214,4289.625,3422.528,11.312,12.5,197.629,383,45,5.5,2,55.672,20.155,11.008,441.882,68.731,83110.644,292547.173,613.881,160991.876,132169.178,27.482,8.566,220.49,22.902,8.566,188.251,30.367,10.078,238.368,25.306,10.078,203.514,4.93,7.137,9.561,3.714,4547.769,3650.459,708.654,3979.853,3194.597,629.533,0.902,3236.404
MRM,Budget,260712001,2026,7,12,1,2026-7,155939.439,117687.205,5052.438,14481.973,0,83110.644,5301.941,3181.165,50.384,17.132,9.687,408.741,0.835,0.98,0.925,0.883,0.955,0.884,0.95,5.882,672.214,4289.625,3422.528,11.312,12.5,197.629,384,45,5.5,2,55.672,20.155,11.008,441.882,68.731,83110.644,292547.173,613.881,160991.876,132169.178,27.482,8.566,220.49,22.902,8.566,188.251,30.367,10.078,238.368,25.306,10.078,203.514,4.93,7.137,9.561,3.714,4547.769,3650.459,708.654,3979.853,3194.597,629.533,0.902,3236.404
MRM,Budget,260712002,2026,7,12,2,2026-7,155939.439,117687.205,5052.438,14481.973,0,83110.644,5301.941,3181.165,50.384,17.132,9.687,408.741,0.835,0.98,0.925,0.883,0.955,0.884,0.95,5.882,672.214,4289.625,3422.528,11.312,12.5,197.629,385,45,5.5,2,55.672,20.155,11.008,441.882,68.731,83110.644,292547.173,613.881,160991.876,132169.178,27.482,8.566,220.49,22.902,8.566,188.251,30.367,10.078,238.368,25.306,10.078,203.514,4.93,7.137,9.561,3.714,4547.769,3650.459,708.654,3979.853,3194.597,629.533,0.902,3236.404
MRM,Budget,260713001,2026,7,13,1,2026-7,155939.439,117687.205,5052.438,14481.973,0,83110.644,5301.941,3181.165,50.384,17.132,9.687,408.741,0.835,0.98,0.925,0.883,0.955,0.884,0.95,5.882,672.214,4289.625,3422.528,11.312,12.5,197.629,386,45,5.5,2,55.672,20.155,11.008,441.882,68.731,83110.644,292547.173,613.881,160991.876,132169.178,27.482,8.566,220.49,22.902,8.566,188.251,30.367,10.078,238.368,25.306,10.078,203.514,4.93,7.137,9.561,3.714,4547.769,3650.459,708.654,3979.853,3194.597,629.533,0.902,3236.404
MRM,Budget,260713002,2026,7,13,2,2026-7,155939.439,117687.205,5052.438,14481.973,0,83110.644,5301.941,3181.165,50.384,17.132,9.687,408.741,0.835,0.98,0.925,0.883,0.955,0.884,0.95,5.882,672.214,4289.625,3422.528,11.312,12.5,197.629,387,45,5.5,2,55.672,20.155,11.008,441.882,68.731,83110.644,292547.173,613.881,160991.876,132169.178,27.482,8.566,220.49,22.902,8.566,188.251,30.367,10.078,238.368,25.306,10.078,203.514,4.93,7.137,9.561,3.714,4547.769,3650.459,708.654,3979.853,3194.597,629.533,0.902,3236.404
MRM,Budget,260714001,2026,7,14,1,2026-7,155939.439,117687.205,5052.438,14481.973,0,83110.644,5301.941,3181.165,50.384,17.132,9.687,408.741,0.835,0.98,0.925,0.883,0.955,0.884,0.95,5.882,672.214,4289.625,3422.528,11.312,12.5,197.629,388,45,5.5,2,55.672,20.155,11.008,441.882,68.731,83110.644,292547.173,613.881,160991.876,132169.178,27.482,8.566,220.49,22.902,8.566,188.251,30.367,10.078,238.368,25.306,10.078,203.514,4.93,7.137,9.561,3.714,4547.769,3650.459,708.654,3979.853,3194.597,629.533,0.902,3236.404
MRM,Budget,260714002,2026,7,14,2,2026-7,155939.439,117687.205,5052.438,14481.973,0,83110.644,5301.941,3181.165,50.384,17.132,9.687,408.741,0.835,0.98,0.925,0.883,0.955,0.884,0.95,5.882,672.214,4289.625,3422.528,11.312,12.5,197.629,389,45,5.5,2,55.672,20.155,11.008,441.882,68.731,83110.644,292547.173,613.881,160991.876,132169.178,27.482,8.566,220.49,22.902,8.566,188.251,30.367,10.078,238.368,25.306,10.078,203.514,4.93,7.137,9.561,3.714,4547.769,3650.459,708.654,3979.853,3194.597,629.533,0.902,3236.404
MRM,Budget,260715001,2026,7,15,1,2026-7,155939.439,117687.205,5052.438,14481.973,0,83110.644,5301.941,3181.165,50.384,17.132,9.687,408.741,0.835,0.98,0.925,0.883,0.955,0.884,0.95,5.882,672.214,4289.625,3422.528,11.312,12.5,197.629,390,45,5.5,2,55.672,20.155,11.008,441.882,68.731,83110.644,292547.173,613.881,160991.876,132169.178,27.482,8.566,220.49,22.902,8.566,188.251,30.367,10.078,238.368,25.306,10.078,203.514,4.93,7.137,9.561,3.714,4547.769,3650.459,708.654,3979.853,3194.597,629.533,0.902,3236.404
MRM,Budget,260715002,2026,7,15,2,2026-7,155939.439,117687.205,5052.438,14481.973,0,83110.644,5301.941,3181.165,50.384,17.132,9.687,408.741,0.835,0.98,0.925,0.883,0.955,0.884,0.95,5.882,672.214,4289.625,3422.528,11.312,12.5,197.629,391,45,5.5,2,55.672,20.155,11.008,441.882,68.731,83110.644,292547.173,613.881,160991.876,132169.178,27.482,8.566,220.49,22.902,8.566,188.251,30.367,10.078,238.368,25.306,10.078,203.514,4.93,7.137,9.561,3.714,4547.769,3650.459,708.654,3979.853,3194.597,629.533,0.902,3236.404
MRM,Budget,260716001,2026,7,16,1,2026-7,155939.439,117687.205,5052.438,14481.973,0,83110.644,5301.941,3181.165,50.384,17.132,9.687,408.741,0.835,0.98,0.925,0.883,0.955,0.884,0.95,5.882,672.214,4289.625,3422.528,11.312,12.5,197.629,392,45,5.5,2,55.672,20.155,11.008,441.882,68.731,83110.644,292547.173,613.881,160991.876,132169.178,27.482,8.566,220.49,22.902,8.566,188.251,30.367,10.078,238.368,25.306,10.078,203.514,4.93,7.137,9.561,3.714,4547.769,3650.459,708.654,3979.853,3194.597,629.533,0.902,3236.404
MRM,Budget,260716002,2026,7,16,2,2026-7,155939.439,117687.205,5052.438,14481.973,0,83110.644,5301.941,3181.165,50.384,17.132,9.687,408.741,0.835,0.98,0.925,0.883,0.955,0.884,0.95,5.882,672.214,4289.625,3422.528,11.312,12.5,197.629,393,45,5.5,2,55.672,20.155,11.008,441.882,68.731,83110.644,292547.173,613.881,160991.876,132169.178,27.482,8.566,220.49,22.902,8.566,188.251,30.367,10.078,238.368,25.306,10.078,203.514,4.93,7.137,9.561,3.714,4547.769,3650.459,708.654,3979.853,3194.597,629.533,0.902,3236.404
MRM,Budget,260717001,2026,7,17,1,2026-7,155939.439,117687.205,5052.438,14481.973,0,83110.644,5301.941,3181.165,50.384,17.132,9.687,408.741,0.835,0.98,0.925,0.883,0.955,0.884,0.95,5.882,672.214,4289.625,3422.528,11.312,12.5,197.629,394,45,5.5,2,55.672,20.155,11.008,441.882,68.731,83110.644,292547.173,613.881,160991.876,132169.178,27.482,8.566,220.49,22.902,8.566,188.251,30.367,10.078,238.368,25.306,10.078,203.514,4.93,7.137,9.561,3.714,4547.769,3650.459,708.654,3979.853,3194.597,629.533,0.902,3236.404
MRM,Budget,260717002,2026,7,17,2,2026-7,155939.439,117687.205,5052.438,14481.973,0,83110.644,5301.941,3181.165,50.384,17.132,9.687,408.741,0.835,0.98,0.925,0.883,0.955,0.884,0.95,5.882,672.214,4289.625,3422.528,11.312,12.5,197.629,395,45,5.5,2,55.672,20.155,11.008,441.882,68.731,83110.644,292547.173,613.881,160991.876,132169.178,27.482,8.566,220.49,22.902,8.566,188.251,30.367,10.078,238.368,25.306,10.078,203.514,4.93,7.137,9.561,3.714,4547.769,3650.459,708.654,3979.853,3194.597,629.533,0.902,3236.404
MRM,Budget,260718001,2026,7,18,1,2026-7,155939.439,117687.205,5052.438,14481.973,0,83110.644,5301.941,3181.165,50.384,17.132,9.687,408.741,0.835,0.98,0.925,0.883,0.955,0.884,0.95,5.882,672.214,4289.625,3422.528,11.312,12.5,197.629,396,45,5.5,2,55.672,20.155,11.008,441.882,68.731,83110.644,292547.173,613.881,160991.876,132169.178,27.482,8.566,220.49,22.902,8.566,188.251,30.367,10.078,238.368,25.306,10.078,203.514,4.93,7.137,9.561,3.714,4547.769,3650.459,708.654,3979.853,3194.597,629.533,0.902,3236.404
MRM,Budget,260718002,2026,7,18,2,2026-7,155939.439,117687.205,5052.438,14481.973,0,83110.644,5301.941,3181.165,50.384,17.132,9.687,408.741,0.835,0.98,0.925,0.883,0.955,0.884,0.95,5.882,672.214,4289.625,3422.528,11.312,12.5,197.629,397,45,5.5,2,55.672,20.155,11.008,441.882,68.731,83110.644,292547.173,613.881,160991.876,132169.178,27.482,8.566,220.49,22.902,8.566,188.251,30.367,10.078,238.368,25.306,10.078,203.514,4.93,7.137,9.561,3.714,4547.769,3650.459,708.654,3979.853,3194.597,629.533,0.902,3236.404
MRM,Budget,260719001,2026,7,19,1,2026-7,155939.439,117687.205,5052.438,14481.973,0,83110.644,5301.941,3181.165,50.384,17.132,9.687,408.741,0.835,0.98,0.925,0.883,0.955,0.884,0.95,5.882,672.214,4289.625,3422.528,11.312,12.5,197.629,398,45,5.5,2,55.672,20.155,11.008,441.882,68.731,83110.644,292547.173,613.881,160991.876,132169.178,27.482,8.566,220.49,22.902,8.566,188.251,30.367,10.078,238.368,25.306,10.078,203.514,4.93,7.137,9.561,3.714,4547.769,3650.459,708.654,3979.853,3194.597,629.533,0.902,3236.404
MRM,Budget,260719002,2026,7,19,2,2026-7,155939.439,117687.205,5052.438,14481.973,0,83110.644,5301.941,3181.165,50.384,17.132,9.687,408.741,0.835,0.98,0.925,0.883,0.955,0.884,0.95,5.882,672.214,4289.625,3422.528,11.312,12.5,197.629,399,45,5.5,2,55.672,20.155,11.008,441.882,68.731,83110.644,292547.173,613.881,160991.876,132169.178,27.482,8.566,220.49,22.902,8.566,188.251,30.367,10.078,238.368,25.306,10.078,203.514,4.93,7.137,9.561,3.714,4547.769,3650.459,708.654,3979.853,3194.597,629.533,0.902,3236.404
MRM,Budget,260720001,2026,7,20,1,2026-7,155939.439,117687.205,5052.438,14481.973,0,83110.644,5301.941,3181.165,50.384,17.132,9.687,408.741,0.835,0.98,0.925,0.883,0.955,0.884,0.95,5.882,672.214,4289.625,3422.528,11.312,12.5,197.629,400,45,5.5,2,55.672,20.155,11.008,441.882,68.731,83110.644,292547.173,613.881,160991.876,132169.178,27.482,8.566,220.49,22.902,8.566,188.251,30.367,10.078,238.368,25.306,10.078,203.514,4.93,7.137,9.561,3.714,4547.769,3650.459,708.654,3979.853,3194.597,629.533,0.902,3236.404
MRM,Budget,260720002,2026,7,20,2,2026-7,155939.439,117687.205,5052.438,14481.973,0,83110.644,5301.941,3181.165,50.384,17.132,9.687,408.741,0.835,0.98,0.925,0.883,0.955,0.884,0.95,5.882,672.214,4289.625,3422.528,11.312,12.5,197.629,401,45,5.5,2,55.672,20.155,11.008,441.882,68.731,83110.644,292547.173,613.881,160991.876,132169.178,27.482,8.566,220.49,22.902,8.566,188.251,30.367,10.078,238.368,25.306,10.078,203.514,4.93,7.137,9.561,3.714,4547.769,3650.459,708.654,3979.853,3194.597,629.533,0.902,3236.404
MRM,Budget,260721001,2026,7,21,1,2026-7,155939.439,117687.205,5052.438,14481.973,0,83110.644,5301.941,3181.165,50.384,17.132,9.687,408.741,0.835,0.98,0.925,0.883,0.955,0.884,0.95,5.882,672.214,4289.625,3422.528,11.312,12.5,197.629,402,45,5.5,2,55.672,20.155,11.008,441.882,68.731,83110.644,292547.173,613.881,160991.876,132169.178,27.482,8.566,220.49,22.902,8.566,188.251,30.367,10.078,238.368,25.306,10.078,203.514,4.93,7.137,9.561,3.714,4547.769,3650.459,708.654,3979.853,3194.597,629.533,0.902,3236.404
MRM,Budget,260721002,2026,7,21,2,2026-7,155939.439,117687.205,5052.438,14481.973,0,83110.644,5301.941,3181.165,50.384,17.132,9.687,408.741,0.835,0.98,0.925,0.883,0.955,0.884,0.95,5.882,672.214,4289.625,3422.528,11.312,12.5,197.629,403,45,5.5,2,55.672,20.155,11.008,441.882,68.731,83110.644,292547.173,613.881,160991.876,132169.178,27.482,8.566,220.49,22.902,8.566,188.251,30.367,10.078,238.368,25.306,10.078,203.514,4.93,7.137,9.561,3.714,4547.769,3650.459,708.654,3979.853,3194.597,629.533,0.902,3236.404
MRM,Budget,260722001,2026,7,22,1,2026-7,155939.439,117687.205,5052.438,14481.973,0,83110.644,5301.941,3181.165,50.384,17.132,9.687,408.741,0.835,0.98,0.925,0.883,0.955,0.884,0.95,5.882,672.214,4289.625,3422.528,11.312,12.5,197.629,404,45,5.5,2,55.672,20.155,11.008,441.882,68.731,83110.644,292547.173,613.881,160991.876,132169.178,27.482,8.566,220.49,22.902,8.566,188.251,30.367,10.078,238.368,25.306,10.078,203.514,4.93,7.137,9.561,3.714,4547.769,3650.459,708.654,3979.853,3194.597,629.533,0.902,3236.404
MRM,Budget,260722002,2026,7,22,2,2026-7,155939.439,117687.205,5052.438,14481.973,0,83110.644,5301.941,3181.165,50.384,17.132,9.687,408.741,0.835,0.98,0.925,0.883,0.955,0.884,0.95,5.882,672.214,4289.625,3422.528,11.312,12.5,197.629,405,45,5.5,2,55.672,20.155,11.008,441.882,68.731,83110.644,292547.173,613.881,160991.876,132169.178,27.482,8.566,220.49,22.902,8.566,188.251,30.367,10.078,238.368,25.306,10.078,203.514,4.93,7.137,9.561,3.714,4547.769,3650.459,708.654,3979.853,3194.597,629.533,0.902,3236.404
MRM,Budget,260723001,2026,7,23,1,2026-7,155939.439,117687.205,5052.438,14481.973,0,83110.644,5301.941,3181.165,50.384,17.132,9.687,408.741,0.835,0.98,0.925,0.883,0.955,0.884,0.95,5.882,672.214,4289.625,3422.528,11.312,12.5,197.629,406,45,5.5,2,55.672,20.155,11.008,441.882,68.731,83110.644,292547.173,613.881,160991.876,132169.178,27.482,8.566,220.49,22.902,8.566,188.251,30.367,10.078,238.368,25.306,10.078,203.514,4.93,7.137,9.561,3.714,4547.769,3650.459,708.654,3979.853,3194.597,629.533,0.902,3236.404
MRM,Budget,260723002,2026,7,23,2,2026-7,155939.439,117687.205,5052.438,14481.973,0,83110.644,5301.941,3181.165,50.384,17.132,9.687,408.741,0.835,0.98,0.925,0.883,0.955,0.884,0.95,5.882,672.214,4289.625,3422.528,11.312,12.5,197.629,407,45,5.5,2,55.672,20.155,11.008,441.882,68.731,83110.644,292547.173,613.881,160991.876,132169.178,27.482,8.566,220.49,22.902,8.566,188.251,30.367,10.078,238.368,25.306,10.078,203.514,4.93,7.137,9.561,3.714,4547.769,3650.459,708.654,3979.853,3194.597,629.533,0.902,3236.404
MRM,Budget,260724001,2026,7,24,1,2026-7,155939.439,117687.205,5052.438,14481.973,0,83110.644,5301.941,3181.165,50.384,17.132,9.687,408.741,0.835,0.98,0.925,0.883,0.955,0.884,0.95,5.882,672.214,4289.625,3422.528,11.312,12.5,197.629,408,45,5.5,2,55.672,20.155,11.008,441.882,68.731,83110.644,292547.173,613.881,160991.876,132169.178,27.482,8.566,220.49,22.902,8.566,188.251,30.367,10.078,238.368,25.306,10.078,203.514,4.93,7.137,9.561,3.714,4547.769,3650.459,708.654,3979.853,3194.597,629.533,0.902,3236.404
MRM,Budget,260724002,2026,7,24,2,2026-7,155939.439,117687.205,5052.438,14481.973,0,83110.644,5301.941,3181.165,50.384,17.132,9.687,408.741,0.835,0.98,0.925,0.883,0.955,0.884,0.95,5.882,672.214,4289.625,3422.528,11.312,12.5,197.629,409,45,5.5,2,55.672,20.155,11.008,441.882,68.731,83110.644,292547.173,613.881,160991.876,132169.178,27.482,8.566,220.49,22.902,8.566,188.251,30.367,10.078,238.368,25.306,10.078,203.514,4.93,7.137,9.561,3.714,4547.769,3650.459,708.654,3979.853,3194.597,629.533,0.902,3236.404
MRM,Budget,260725001,2026,7,25,1,2026-7,155939.439,117687.205,5052.438,14481.973,0,83110.644,5301.941,3181.165,50.384,17.132,9.687,408.741,0.835,0.98,0.925,0.883,0.955,0.884,0.95,5.882,672.214,4289.625,3422.528,11.312,12.5,197.629,410,45,5.5,2,55.672,20.155,11.008,441.882,68.731,83110.644,292547.173,613.881,160991.876,132169.178,27.482,8.566,220.49,22.902,8.566,188.251,30.367,10.078,238.368,25.306,10.078,203.514,4.93,7.137,9.561,3.714,4547.769,3650.459,708.654,3979.853,3194.597,629.533,0.902,3236.404
MRM,Budget,260725002,2026,7,25,2,2026-7,155939.439,117687.205,5052.438,14481.973,0,83110.644,5301.941,3181.165,50.384,17.132,9.687,408.741,0.835,0.98,0.925,0.883,0.955,0.884,0.95,5.882,672.214,4289.625,3422.528,11.312,12.5,197.629,411,45,5.5,2,55.672,20.155,11.008,441.882,68.731,83110.644,292547.173,613.881,160991.876,132169.178,27.482,8.566,220.49,22.902,8.566,188.251,30.367,10.078,238.368,25.306,10.078,203.514,4.93,7.137,9.561,3.714,4547.769,3650.459,708.654,3979.853,3194.597,629.533,0.902,3236.404
MRM,Budget,260726001,2026,7,26,1,2026-7,155939.439,117687.205,5052.438,14481.973,0,83110.644,5301.941,3181.165,50.384,17.132,9.687,408.741,0.835,0.98,0.925,0.883,0.955,0.884,0.95,5.882,672.214,4289.625,3422.528,11.312,12.5,197.629,412,45,5.5,2,55.672,20.155,11.008,441.882,68.731,83110.644,292547.173,613.881,160991.876,132169.178,27.482,8.566,220.49,22.902,8.566,188.251,30.367,10.078,238.368,25.306,10.078,203.514,4.93,7.137,9.561,3.714,4547.769,3650.459,708.654,3979.853,3194.597,629.533,0.902,3236.404
MRM,Budget,260726002,2026,7,26,2,2026-7,155939.439,117687.205,5052.438,14481.973,0,83110.644,5301.941,3181.165,50.384,17.132,9.687,408.741,0.835,0.98,0.925,0.883,0.955,0.884,0.95,5.882,672.214,4289.625,3422.528,11.312,12.5,197.629,413,45,5.5,2,55.672,20.155,11.008,441.882,68.731,83110.644,292547.173,613.881,160991.876,132169.178,27.482,8.566,220.49,22.902,8.566,188.251,30.367,10.078,238.368,25.306,10.078,203.514,4.93,7.137,9.561,3.714,4547.769,3650.459,708.654,3979.853,3194.597,629.533,0.902,3236.404
MRM,Budget,260727001,2026,7,27,1,2026-7,155939.439,117687.205,5052.438,14481.973,0,83110.644,5301.941,3181.165,50.384,17.132,9.687,408.741,0.835,0.98,0.925,0.883,0.955,0.884,0.95,5.882,672.214,4289.625,3422.528,11.312,12.5,197.629,414,45,5.5,2,55.672,20.155,11.008,441.882,68.731,83110.644,292547.173,613.881,160991.876,132169.178,27.482,8.566,220.49,22.902,8.566,188.251,30.367,10.078,238.368,25.306,10.078,203.514,4.93,7.137,9.561,3.714,4547.769,3650.459,708.654,3979.853,3194.597,629.533,0.902,3236.404
MRM,Budget,260727002,2026,7,27,2,2026-7,155939.439,117687.205,5052.438,14481.973,0,83110.644,5301.941,3181.165,50.384,17.132,9.687,408.741,0.835,0.98,0.925,0.883,0.955,0.884,0.95,5.882,672.214,4289.625,3422.528,11.312,12.5,197.629,415,45,5.5,2,55.672,20.155,11.008,441.882,68.731,83110.644,292547.173,613.881,160991.876,132169.178,27.482,8.566,220.49,22.902,8.566,188.251,30.367,10.078,238.368,25.306,10.078,203.514,4.93,7.137,9.561,3.714,4547.769,3650.459,708.654,3979.853,3194.597,629.533,0.902,3236.404
MRM,Budget,260728001,2026,7,28,1,2026-7,155939.439,117687.205,5052.438,14481.973,0,83110.644,5301.941,3181.165,50.384,17.132,9.687,408.741,0.835,0.98,0.925,0.883,0.955,0.884,0.95,5.882,672.214,4289.625,3422.528,11.312,12.5,197.629,416,45,5.5,2,55.672,20.155,11.008,441.882,68.731,83110.644,292547.173,613.881,160991.876,132169.178,27.482,8.566,220.49,22.902,8.566,188.251,30.367,10.078,238.368,25.306,10.078,203.514,4.93,7.137,9.561,3.714,4547.769,3650.459,708.654,3979.853,3194.597,629.533,0.902,3236.404
MRM,Budget,260728002,2026,7,28,2,2026-7,155939.439,117687.205,5052.438,14481.973,0,83110.644,5301.941,3181.165,50.384,17.132,9.687,408.741,0.835,0.98,0.925,0.883,0.955,0.884,0.95,5.882,672.214,4289.625,3422.528,11.312,12.5,197.629,417,45,5.5,2,55.672,20.155,11.008,441.882,68.731,83110.644,292547.173,613.881,160991.876,132169.178,27.482,8.566,220.49,22.902,8.566,188.251,30.367,10.078,238.368,25.306,10.078,203.514,4.93,7.137,9.561,3.714,4547.769,3650.459,708.654,3979.853,3194.597,629.533,0.902,3236.404
MRM,Budget,260729001,2026,7,29,1,2026-7,155939.439,117687.205,5052.438,14481.973,0,83110.644,5301.941,3181.165,50.384,17.132,9.687,408.741,0.835,0.98,0.925,0.883,0.955,0.884,0.95,5.882,672.214,4289.625,3422.528,11.312,12.5,197.629,418,45,5.5,2,55.672,20.155,11.008,441.882,68.731,83110.644,292547.173,613.881,160991.876,132169.178,27.482,8.566,220.49,22.902,8.566,188.251,30.367,10.078,238.368,25.306,10.078,203.514,4.93,7.137,9.561,3.714,4547.769,3650.459,708.654,3979.853,3194.597,629.533,0.902,3236.404
MRM,Budget,260729002,2026,7,29,2,2026-7,155939.439,117687.205,5052.438,14481.973,0,83110.644,5301.941,3181.165,50.384,17.132,9.687,408.741,0.835,0.98,0.925,0.883,0.955,0.884,0.95,5.882,672.214,4289.625,3422.528,11.312,12.5,197.629,419,45,5.5,2,55.672,20.155,11.008,441.882,68.731,83110.644,292547.173,613.881,160991.876,132169.178,27.482,8.566,220.49,22.902,8.566,188.251,30.367,10.078,238.368,25.306,10.078,203.514,4.93,7.137,9.561,3.714,4547.769,3650.459,708.654,3979.853,3194.597,629.533,0.902,3236.404
MRM,Budget,260730001,2026,7,30,1,2026-7,155939.439,117687.205,5052.438,14481.973,0,83110.644,5301.941,3181.165,50.384,17.132,9.687,408.741,0.835,0.98,0.925,0.883,0.955,0.884,0.95,5.882,672.214,4289.625,3422.528,11.312,12.5,197.629,420,45,5.5,2,55.672,20.155,11.008,441.882,68.731,83110.644,292547.173,613.881,160991.876,132169.178,27.482,8.566,220.49,22.902,8.566,188.251,30.367,10.078,238.368,25.306,10.078,203.514,4.93,7.137,9.561,3.714,4547.769,3650.459,708.654,3979.853,3194.597,629.533,0.902,3236.404
MRM,Budget,260730002,2026,7,30,2,2026-7,155939.439,117687.205,5052.438,14481.973,0,83110.644,5301.941,3181.165,50.384,17.132,9.687,408.741,0.835,0.98,0.925,0.883,0.955,0.884,0.95,5.882,672.214,4289.625,3422.528,11.312,12.5,197.629,421,45,5.5,2,55.672,20.155,11.008,441.882,68.731,83110.644,292547.173,613.881,160991.876,132169.178,27.482,8.566,220.49,22.902,8.566,188.251,30.367,10.078,238.368,25.306,10.078,203.514,4.93,7.137,9.561,3.714,4547.769,3650.459,708.654,3979.853,3194.597,629.533,0.902,3236.404
MRM,Budget,260731001,2026,7,31,1,2026-7,155939.439,117687.205,5052.438,14481.973,0,83110.644,5301.941,3181.165,50.384,17.132,9.687,408.741,0.835,0.98,0.925,0.883,0.955,0.884,0.95,5.882,672.214,4289.625,3422.528,11.312,12.5,197.629,422,45,5.5,2,55.672,20.155,11.008,441.882,68.731,83110.644,292547.173,613.881,160991.876,132169.178,27.482,8.566,220.49,22.902,8.566,188.251,30.367,10.078,238.368,25.306,10.078,203.514,4.93,7.137,9.561,3.714,4547.769,3650.459,708.654,3979.853,3194.597,629.533,0.902,3236.404
MRM,Budget,260731002,2026,7,31,2,2026-7,155939.439,117687.205,5052.438,14481.973,0,83110.644,5301.941,3181.165,50.384,17.132,9.687,408.741,0.835,0.98,0.925,0.883,0.955,0.884,0.95,5.882,672.214,4289.625,3422.528,11.312,12.5,197.629,423,45,5.5,2,55.672,20.155,11.008,441.882,68.731,83110.644,292547.173,613.881,160991.876,132169.178,27.482,8.566,220.49,22.902,8.566,188.251,30.367,10.078,238.368,25.306,10.078,203.514,4.93,7.137,9.561,3.714,4547.769,3650.459,708.654,3979.853,3194.597,629.533,0.902,3236.404
MRM,Budget,260801001,2026,8,1,1,2026-8,148548.526,114415.155,4812.972,14058.03,0,95444.52,5050.65,3030.39,44.745,17.132,9.505,408.741,0.835,0.98,0.925,0.719,0.955,0.884,0.95,6.873,645.223,4479.508,3694.545,11.712,13.341,181.387,424,45,6,2,49.442,20.155,10.801,441.882,66.979,95444.52,281220.803,613.881,153361.498,128473.185,22.372,11.992,216.426,22.372,5.14,192.315,24.721,14.109,233.974,24.721,6.047,207.908,5.389,8.795,9.863,3.746,4722.13,3602.337,687.743,4236.887,3909.699,597.372,0.902,3192.108
MRM,Budget,260801002,2026,8,1,2,2026-8,148548.526,114415.155,4812.972,14058.03,0,95444.52,5050.65,3030.39,44.745,17.132,9.505,408.741,0.835,0.98,0.925,0.719,0.955,0.884,0.95,6.873,645.223,4479.508,3694.545,11.712,13.341,181.387,425,45,6,2,49.442,20.155,10.801,441.882,66.979,95444.52,281220.803,613.881,153361.498,128473.185,22.372,11.992,216.426,22.372,5.14,192.315,24.721,14.109,233.974,24.721,6.047,207.908,5.389,8.795,9.863,3.746,4722.13,3602.337,687.743,4236.887,3909.699,597.372,0.902,3192.108
MRM,Budget,260802001,2026,8,2,1,2026-8,148548.526,114415.155,4812.972,14058.03,0,95444.52,5050.65,3030.39,44.745,17.132,9.505,408.741,0.835,0.98,0.925,0.719,0.955,0.884,0.95,6.873,645.223,4479.508,3694.545,11.712,13.341,181.387,426,45,6,2,49.442,20.155,10.801,441.882,66.979,95444.52,281220.803,613.881,153361.498,128473.185,22.372,11.992,216.426,22.372,5.14,192.315,24.721,14.109,233.974,24.721,6.047,207.908,5.389,8.795,9.863,3.746,4722.13,3602.337,687.743,4236.887,3909.699,597.372,0.902,3192.108
MRM,Budget,260802002,2026,8,2,2,2026-8,148548.526,114415.155,4812.972,14058.03,0,95444.52,5050.65,3030.39,44.745,17.132,9.505,408.741,0.835,0.98,0.925,0.719,0.955,0.884,0.95,6.873,645.223,4479.508,3694.545,11.712,13.341,181.387,427,45,6,2,49.442,20.155,10.801,441.882,66.979,95444.52,281220.803,613.881,153361.498,128473.185,22.372,11.992,216.426,22.372,5.14,192.315,24.721,14.109,233.974,24.721,6.047,207.908,5.389,8.795,9.863,3.746,4722.13,3602.337,687.743,4236.887,3909.699,597.372,0.902,3192.108
MRM,Budget,260803001,2026,8,3,1,2026-8,148548.526,114415.155,4812.972,14058.03,0,95444.52,5050.65,3030.39,44.745,17.132,9.505,408.741,0.835,0.98,0.925,0.719,0.955,0.884,0.95,6.873,645.223,4479.508,3694.545,11.712,13.341,181.387,428,45,6,2,49.442,20.155,10.801,441.882,66.979,95444.52,281220.803,613.881,153361.498,128473.185,22.372,11.992,216.426,22.372,5.14,192.315,24.721,14.109,233.974,24.721,6.047,207.908,5.389,8.795,9.863,3.746,4722.13,3602.337,687.743,4236.887,3909.699,597.372,0.902,3192.108
MRM,Budget,260803002,2026,8,3,2,2026-8,148548.526,114415.155,4812.972,14058.03,0,95444.52,5050.65,3030.39,44.745,17.132,9.505,408.741,0.835,0.98,0.925,0.719,0.955,0.884,0.95,6.873,645.223,4479.508,3694.545,11.712,13.341,181.387,429,45,6,2,49.442,20.155,10.801,441.882,66.979,95444.52,281220.803,613.881,153361.498,128473.185,22.372,11.992,216.426,22.372,5.14,192.315,24.721,14.109,233.974,24.721,6.047,207.908,5.389,8.795,9.863,3.746,4722.13,3602.337,687.743,4236.887,3909.699,597.372,0.902,3192.108
MRM,Budget,260804001,2026,8,4,1,2026-8,148548.526,114415.155,4812.972,14058.03,0,95444.52,5050.65,3030.39,44.745,17.132,9.505,408.741,0.835,0.98,0.925,0.719,0.955,0.884,0.95,6.873,645.223,4479.508,3694.545,11.712,13.341,181.387,430,45,6,2,49.442,20.155,10.801,441.882,66.979,95444.52,281220.803,613.881,153361.498,128473.185,22.372,11.992,216.426,22.372,5.14,192.315,24.721,14.109,233.974,24.721,6.047,207.908,5.389,8.795,9.863,3.746,4722.13,3602.337,687.743,4236.887,3909.699,597.372,0.902,3192.108
MRM,Budget,260804002,2026,8,4,2,2026-8,148548.526,114415.155,4812.972,14058.03,0,95444.52,5050.65,3030.39,44.745,17.132,9.505,408.741,0.835,0.98,0.925,0.719,0.955,0.884,0.95,6.873,645.223,4479.508,3694.545,11.712,13.341,181.387,431,45,6,2,49.442,20.155,10.801,441.882,66.979,95444.52,281220.803,613.881,153361.498,128473.185,22.372,11.992,216.426,22.372,5.14,192.315,24.721,14.109,233.974,24.721,6.047,207.908,5.389,8.795,9.863,3.746,4722.13,3602.337,687.743,4236.887,3909.699,597.372,0.902,3192.108
MRM,Budget,260805001,2026,8,5,1,2026-8,148548.526,114415.155,4812.972,14058.03,0,95444.52,5050.65,3030.39,44.745,17.132,9.505,408.741,0.835,0.98,0.925,0.719,0.955,0.884,0.95,6.873,645.223,4479.508,3694.545,11.712,13.341,181.387,432,45,6,2,49.442,20.155,10.801,441.882,66.979,95444.52,281220.803,613.881,153361.498,128473.185,22.372,11.992,216.426,22.372,5.14,192.315,24.721,14.109,233.974,24.721,6.047,207.908,5.389,8.795,9.863,3.746,4722.13,3602.337,687.743,4236.887,3909.699,597.372,0.902,3192.108
MRM,Budget,260805002,2026,8,5,2,2026-8,148548.526,114415.155,4812.972,14058.03,0,95444.52,5050.65,3030.39,44.745,17.132,9.505,408.741,0.835,0.98,0.925,0.719,0.955,0.884,0.95,6.873,645.223,4479.508,3694.545,11.712,13.341,181.387,433,45,6,2,49.442,20.155,10.801,441.882,66.979,95444.52,281220.803,613.881,153361.498,128473.185,22.372,11.992,216.426,22.372,5.14,192.315,24.721,14.109,233.974,24.721,6.047,207.908,5.389,8.795,9.863,3.746,4722.13,3602.337,687.743,4236.887,3909.699,597.372,0.902,3192.108
MRM,Budget,260806001,2026,8,6,1,2026-8,148548.526,114415.155,4812.972,14058.03,0,95444.52,5050.65,3030.39,44.745,17.132,9.505,408.741,0.835,0.98,0.925,0.719,0.955,0.884,0.95,6.873,645.223,4479.508,3694.545,11.712,13.341,181.387,434,45,6,2,49.442,20.155,10.801,441.882,66.979,95444.52,281220.803,613.881,153361.498,128473.185,22.372,11.992,216.426,22.372,5.14,192.315,24.721,14.109,233.974,24.721,6.047,207.908,5.389,8.795,9.863,3.746,4722.13,3602.337,687.743,4236.887,3909.699,597.372,0.902,3192.108
MRM,Budget,260806002,2026,8,6,2,2026-8,148548.526,114415.155,4812.972,14058.03,0,95444.52,5050.65,3030.39,44.745,17.132,9.505,408.741,0.835,0.98,0.925,0.719,0.955,0.884,0.95,6.873,645.223,4479.508,3694.545,11.712,13.341,181.387,435,45,6,2,49.442,20.155,10.801,441.882,66.979,95444.52,281220.803,613.881,153361.498,128473.185,22.372,11.992,216.426,22.372,5.14,192.315,24.721,14.109,233.974,24.721,6.047,207.908,5.389,8.795,9.863,3.746,4722.13,3602.337,687.743,4236.887,3909.699,597.372,0.902,3192.108
MRM,Budget,260807001,2026,8,7,1,2026-8,148548.526,114415.155,4812.972,14058.03,0,95444.52,5050.65,3030.39,44.745,17.132,9.505,408.741,0.835,0.98,0.925,0.719,0.955,0.884,0.95,6.873,645.223,4479.508,3694.545,11.712,13.341,181.387,436,45,6,2,49.442,20.155,10.801,441.882,66.979,95444.52,281220.803,613.881,153361.498,128473.185,22.372,11.992,216.426,22.372,5.14,192.315,24.721,14.109,233.974,24.721,6.047,207.908,5.389,8.795,9.863,3.746,4722.13,3602.337,687.743,4236.887,3909.699,597.372,0.902,3192.108
MRM,Budget,260807002,2026,8,7,2,2026-8,148548.526,114415.155,4812.972,14058.03,0,95444.52,5050.65,3030.39,44.745,17.132,9.505,408.741,0.835,0.98,0.925,0.719,0.955,0.884,0.95,6.873,645.223,4479.508,3694.545,11.712,13.341,181.387,437,45,6,2,49.442,20.155,10.801,441.882,66.979,95444.52,281220.803,613.881,153361.498,128473.185,22.372,11.992,216.426,22.372,5.14,192.315,24.721,14.109,233.974,24.721,6.047,207.908,5.389,8.795,9.863,3.746,4722.13,3602.337,687.743,4236.887,3909.699,597.372,0.902,3192.108
MRM,Budget,260808001,2026,8,8,1,2026-8,148548.526,114415.155,4812.972,14058.03,0,95444.52,5050.65,3030.39,44.745,17.132,9.505,408.741,0.835,0.98,0.925,0.719,0.955,0.884,0.95,6.873,645.223,4479.508,3694.545,11.712,13.341,181.387,438,45,6,2,49.442,20.155,10.801,441.882,66.979,95444.52,281220.803,613.881,153361.498,128473.185,22.372,11.992,216.426,22.372,5.14,192.315,24.721,14.109,233.974,24.721,6.047,207.908,5.389,8.795,9.863,3.746,4722.13,3602.337,687.743,4236.887,3909.699,597.372,0.902,3192.108
MRM,Budget,260808002,2026,8,8,2,2026-8,148548.526,114415.155,4812.972,14058.03,0,95444.52,5050.65,3030.39,44.745,17.132,9.505,408.741,0.835,0.98,0.925,0.719,0.955,0.884,0.95,6.873,645.223,4479.508,3694.545,11.712,13.341,181.387,439,45,6,2,49.442,20.155,10.801,441.882,66.979,95444.52,281220.803,613.881,153361.498,128473.185,22.372,11.992,216.426,22.372,5.14,192.315,24.721,14.109,233.974,24.721,6.047,207.908,5.389,8.795,9.863,3.746,4722.13,3602.337,687.743,4236.887,3909.699,597.372,0.902,3192.108
MRM,Budget,260809001,2026,8,9,1,2026-8,148548.526,114415.155,4812.972,14058.03,0,95444.52,5050.65,3030.39,44.745,17.132,9.505,408.741,0.835,0.98,0.925,0.719,0.955,0.884,0.95,6.873,645.223,4479.508,3694.545,11.712,13.341,181.387,440,45,6,2,49.442,20.155,10.801,441.882,66.979,95444.52,281220.803,613.881,153361.498,128473.185,22.372,11.992,216.426,22.372,5.14,192.315,24.721,14.109,233.974,24.721,6.047,207.908,5.389,8.795,9.863,3.746,4722.13,3602.337,687.743,4236.887,3909.699,597.372,0.902,3192.108
MRM,Budget,260809002,2026,8,9,2,2026-8,148548.526,114415.155,4812.972,14058.03,0,95444.52,5050.65,3030.39,44.745,17.132,9.505,408.741,0.835,0.98,0.925,0.719,0.955,0.884,0.95,6.873,645.223,4479.508,3694.545,11.712,13.341,181.387,441,45,6,2,49.442,20.155,10.801,441.882,66.979,95444.52,281220.803,613.881,153361.498,128473.185,22.372,11.992,216.426,22.372,5.14,192.315,24.721,14.109,233.974,24.721,6.047,207.908,5.389,8.795,9.863,3.746,4722.13,3602.337,687.743,4236.887,3909.699,597.372,0.902,3192.108
MRM,Budget,260810001,2026,8,10,1,2026-8,148548.526,114415.155,4812.972,14058.03,0,95444.52,5050.65,3030.39,44.745,17.132,9.505,408.741,0.835,0.98,0.925,0.719,0.955,0.884,0.95,6.873,645.223,4479.508,3694.545,11.712,13.341,181.387,442,45,6,2,49.442,20.155,10.801,441.882,66.979,95444.52,281220.803,613.881,153361.498,128473.185,22.372,11.992,216.426,22.372,5.14,192.315,24.721,14.109,233.974,24.721,6.047,207.908,5.389,8.795,9.863,3.746,4722.13,3602.337,687.743,4236.887,3909.699,597.372,0.902,3192.108
MRM,Budget,260810002,2026,8,10,2,2026-8,148548.526,114415.155,4812.972,14058.03,0,95444.52,5050.65,3030.39,44.745,17.132,9.505,408.741,0.835,0.98,0.925,0.719,0.955,0.884,0.95,6.873,645.223,4479.508,3694.545,11.712,13.341,181.387,443,45,6,2,49.442,20.155,10.801,441.882,66.979,95444.52,281220.803,613.881,153361.498,128473.185,22.372,11.992,216.426,22.372,5.14,192.315,24.721,14.109,233.974,24.721,6.047,207.908,5.389,8.795,9.863,3.746,4722.13,3602.337,687.743,4236.887,3909.699,597.372,0.902,3192.108
MRM,Budget,260811001,2026,8,11,1,2026-8,148548.526,114415.155,4812.972,14058.03,0,95444.52,5050.65,3030.39,44.745,17.132,9.505,408.741,0.835,0.98,0.925,0.719,0.955,0.884,0.95,6.873,645.223,4479.508,3694.545,11.712,13.341,181.387,444,45,6,2,49.442,20.155,10.801,441.882,66.979,95444.52,281220.803,613.881,153361.498,128473.185,22.372,11.992,216.426,22.372,5.14,192.315,24.721,14.109,233.974,24.721,6.047,207.908,5.389,8.795,9.863,3.746,4722.13,3602.337,687.743,4236.887,3909.699,597.372,0.902,3192.108
MRM,Budget,260811002,2026,8,11,2,2026-8,148548.526,114415.155,4812.972,14058.03,0,95444.52,5050.65,3030.39,44.745,17.132,9.505,408.741,0.835,0.98,0.925,0.719,0.955,0.884,0.95,6.873,645.223,4479.508,3694.545,11.712,13.341,181.387,445,45,6,2,49.442,20.155,10.801,441.882,66.979,95444.52,281220.803,613.881,153361.498,128473.185,22.372,11.992,216.426,22.372,5.14,192.315,24.721,14.109,233.974,24.721,6.047,207.908,5.389,8.795,9.863,3.746,4722.13,3602.337,687.743,4236.887,3909.699,597.372,0.902,3192.108
MRM,Budget,260812001,2026,8,12,1,2026-8,148548.526,114415.155,4812.972,14058.03,0,95444.52,5050.65,3030.39,44.745,17.132,9.505,408.741,0.835,0.98,0.925,0.719,0.955,0.884,0.95,6.873,645.223,4479.508,3694.545,11.712,13.341,181.387,446,45,6,2,49.442,20.155,10.801,441.882,66.979,95444.52,281220.803,613.881,153361.498,128473.185,22.372,11.992,216.426,22.372,5.14,192.315,24.721,14.109,233.974,24.721,6.047,207.908,5.389,8.795,9.863,3.746,4722.13,3602.337,687.743,4236.887,3909.699,597.372,0.902,3192.108
MRM,Budget,260812002,2026,8,12,2,2026-8,148548.526,114415.155,4812.972,14058.03,0,95444.52,5050.65,3030.39,44.745,17.132,9.505,408.741,0.835,0.98,0.925,0.719,0.955,0.884,0.95,6.873,645.223,4479.508,3694.545,11.712,13.341,181.387,447,45,6,2,49.442,20.155,10.801,441.882,66.979,95444.52,281220.803,613.881,153361.498,128473.185,22.372,11.992,216.426,22.372,5.14,192.315,24.721,14.109,233.974,24.721,6.047,207.908,5.389,8.795,9.863,3.746,4722.13,3602.337,687.743,4236.887,3909.699,597.372,0.902,3192.108
MRM,Budget,260813001,2026,8,13,1,2026-8,148548.526,114415.155,4812.972,14058.03,0,95444.52,5050.65,3030.39,44.745,17.132,9.505,408.741,0.835,0.98,0.925,0.719,0.955,0.884,0.95,6.873,645.223,4479.508,3694.545,11.712,13.341,181.387,448,45,6,2,49.442,20.155,10.801,441.882,66.979,95444.52,281220.803,613.881,153361.498,128473.185,22.372,11.992,216.426,22.372,5.14,192.315,24.721,14.109,233.974,24.721,6.047,207.908,5.389,8.795,9.863,3.746,4722.13,3602.337,687.743,4236.887,3909.699,597.372,0.902,3192.108
MRM,Budget,260813002,2026,8,13,2,2026-8,148548.526,114415.155,4812.972,14058.03,0,95444.52,5050.65,3030.39,44.745,17.132,9.505,408.741,0.835,0.98,0.925,0.719,0.955,0.884,0.95,6.873,645.223,4479.508,3694.545,11.712,13.341,181.387,449,45,6,2,49.442,20.155,10.801,441.882,66.979,95444.52,281220.803,613.881,153361.498,128473.185,22.372,11.992,216.426,22.372,5.14,192.315,24.721,14.109,233.974,24.721,6.047,207.908,5.389,8.795,9.863,3.746,4722.13,3602.337,687.743,4236.887,3909.699,597.372,0.902,3192.108
MRM,Budget,260814001,2026,8,14,1,2026-8,148548.526,114415.155,4812.972,14058.03,0,95444.52,5050.65,3030.39,44.745,17.132,9.505,408.741,0.835,0.98,0.925,0.719,0.955,0.884,0.95,6.873,645.223,4479.508,3694.545,11.712,13.341,181.387,450,45,6,2,49.442,20.155,10.801,441.882,66.979,95444.52,281220.803,613.881,153361.498,128473.185,22.372,11.992,216.426,22.372,5.14,192.315,24.721,14.109,233.974,24.721,6.047,207.908,5.389,8.795,9.863,3.746,4722.13,3602.337,687.743,4236.887,3909.699,597.372,0.902,3192.108
MRM,Budget,260814002,2026,8,14,2,2026-8,148548.526,114415.155,4812.972,14058.03,0,95444.52,5050.65,3030.39,44.745,17.132,9.505,408.741,0.835,0.98,0.925,0.719,0.955,0.884,0.95,6.873,645.223,4479.508,3694.545,11.712,13.341,181.387,451,45,6,2,49.442,20.155,10.801,441.882,66.979,95444.52,281220.803,613.881,153361.498,128473.185,22.372,11.992,216.426,22.372,5.14,192.315,24.721,14.109,233.974,24.721,6.047,207.908,5.389,8.795,9.863,3.746,4722.13,3602.337,687.743,4236.887,3909.699,597.372,0.902,3192.108
MRM,Budget,260815001,2026,8,15,1,2026-8,148548.526,114415.155,4812.972,14058.03,0,95444.52,5050.65,3030.39,44.745,17.132,9.505,408.741,0.835,0.98,0.925,0.719,0.955,0.884,0.95,6.873,645.223,4479.508,3694.545,11.712,13.341,181.387,452,45,6,2,49.442,20.155,10.801,441.882,66.979,95444.52,281220.803,613.881,153361.498,128473.185,22.372,11.992,216.426,22.372,5.14,192.315,24.721,14.109,233.974,24.721,6.047,207.908,5.389,8.795,9.863,3.746,4722.13,3602.337,687.743,4236.887,3909.699,597.372,0.902,3192.108
MRM,Budget,260815002,2026,8,15,2,2026-8,148548.526,114415.155,4812.972,14058.03,0,95444.52,5050.65,3030.39,44.745,17.132,9.505,408.741,0.835,0.98,0.925,0.719,0.955,0.884,0.95,6.873,645.223,4479.508,3694.545,11.712,13.341,181.387,453,45,6,2,49.442,20.155,10.801,441.882,66.979,95444.52,281220.803,613.881,153361.498,128473.185,22.372,11.992,216.426,22.372,5.14,192.315,24.721,14.109,233.974,24.721,6.047,207.908,5.389,8.795,9.863,3.746,4722.13,3602.337,687.743,4236.887,3909.699,597.372,0.902,3192.108
MRM,Budget,260816001,2026,8,16,1,2026-8,148548.526,114415.155,4812.972,14058.03,0,95444.52,5050.65,3030.39,44.745,17.132,9.505,408.741,0.835,0.98,0.925,0.719,0.955,0.884,0.95,6.873,645.223,4479.508,3694.545,11.712,13.341,181.387,454,45,6,2,49.442,20.155,10.801,441.882,66.979,95444.52,281220.803,613.881,153361.498,128473.185,22.372,11.992,216.426,22.372,5.14,192.315,24.721,14.109,233.974,24.721,6.047,207.908,5.389,8.795,9.863,3.746,4722.13,3602.337,687.743,4236.887,3909.699,597.372,0.902,3192.108
MRM,Budget,260816002,2026,8,16,2,2026-8,148548.526,114415.155,4812.972,14058.03,0,95444.52,5050.65,3030.39,44.745,17.132,9.505,408.741,0.835,0.98,0.925,0.719,0.955,0.884,0.95,6.873,645.223,4479.508,3694.545,11.712,13.341,181.387,455,45,6,2,49.442,20.155,10.801,441.882,66.979,95444.52,281220.803,613.881,153361.498,128473.185,22.372,11.992,216.426,22.372,5.14,192.315,24.721,14.109,233.974,24.721,6.047,207.908,5.389,8.795,9.863,3.746,4722.13,3602.337,687.743,4236.887,3909.699,597.372,0.902,3192.108
MRM,Budget,260817001,2026,8,17,1,2026-8,148548.526,114415.155,4812.972,14058.03,0,95444.52,5050.65,3030.39,44.745,17.132,9.505,408.741,0.835,0.98,0.925,0.719,0.955,0.884,0.95,6.873,645.223,4479.508,3694.545,11.712,13.341,181.387,456,45,6,2,49.442,20.155,10.801,441.882,66.979,95444.52,281220.803,613.881,153361.498,128473.185,22.372,11.992,216.426,22.372,5.14,192.315,24.721,14.109,233.974,24.721,6.047,207.908,5.389,8.795,9.863,3.746,4722.13,3602.337,687.743,4236.887,3909.699,597.372,0.902,3192.108
MRM,Budget,260817002,2026,8,17,2,2026-8,148548.526,114415.155,4812.972,14058.03,0,95444.52,5050.65,3030.39,44.745,17.132,9.505,408.741,0.835,0.98,0.925,0.719,0.955,0.884,0.95,6.873,645.223,4479.508,3694.545,11.712,13.341,181.387,457,45,6,2,49.442,20.155,10.801,441.882,66.979,95444.52,281220.803,613.881,153361.498,128473.185,22.372,11.992,216.426,22.372,5.14,192.315,24.721,14.109,233.974,24.721,6.047,207.908,5.389,8.795,9.863,3.746,4722.13,3602.337,687.743,4236.887,3909.699,597.372,0.902,3192.108
MRM,Budget,260818001,2026,8,18,1,2026-8,148548.526,114415.155,4812.972,14058.03,0,95444.52,5050.65,3030.39,44.745,17.132,9.505,408.741,0.835,0.98,0.925,0.719,0.955,0.884,0.95,6.873,645.223,4479.508,3694.545,11.712,13.341,181.387,458,45,6,2,49.442,20.155,10.801,441.882,66.979,95444.52,281220.803,613.881,153361.498,128473.185,22.372,11.992,216.426,22.372,5.14,192.315,24.721,14.109,233.974,24.721,6.047,207.908,5.389,8.795,9.863,3.746,4722.13,3602.337,687.743,4236.887,3909.699,597.372,0.902,3192.108
MRM,Budget,260818002,2026,8,18,2,2026-8,148548.526,114415.155,4812.972,14058.03,0,95444.52,5050.65,3030.39,44.745,17.132,9.505,408.741,0.835,0.98,0.925,0.719,0.955,0.884,0.95,6.873,645.223,4479.508,3694.545,11.712,13.341,181.387,459,45,6,2,49.442,20.155,10.801,441.882,66.979,95444.52,281220.803,613.881,153361.498,128473.185,22.372,11.992,216.426,22.372,5.14,192.315,24.721,14.109,233.974,24.721,6.047,207.908,5.389,8.795,9.863,3.746,4722.13,3602.337,687.743,4236.887,3909.699,597.372,0.902,3192.108
MRM,Budget,260819001,2026,8,19,1,2026-8,148548.526,114415.155,4812.972,14058.03,0,95444.52,5050.65,3030.39,44.745,17.132,9.505,408.741,0.835,0.98,0.925,0.719,0.955,0.884,0.95,6.873,645.223,4479.508,3694.545,11.712,13.341,181.387,460,45,6,2,49.442,20.155,10.801,441.882,66.979,95444.52,281220.803,613.881,153361.498,128473.185,22.372,11.992,216.426,22.372,5.14,192.315,24.721,14.109,233.974,24.721,6.047,207.908,5.389,8.795,9.863,3.746,4722.13,3602.337,687.743,4236.887,3909.699,597.372,0.902,3192.108
MRM,Budget,260819002,2026,8,19,2,2026-8,148548.526,114415.155,4812.972,14058.03,0,95444.52,5050.65,3030.39,44.745,17.132,9.505,408.741,0.835,0.98,0.925,0.719,0.955,0.884,0.95,6.873,645.223,4479.508,3694.545,11.712,13.341,181.387,461,45,6,2,49.442,20.155,10.801,441.882,66.979,95444.52,281220.803,613.881,153361.498,128473.185,22.372,11.992,216.426,22.372,5.14,192.315,24.721,14.109,233.974,24.721,6.047,207.908,5.389,8.795,9.863,3.746,4722.13,3602.337,687.743,4236.887,3909.699,597.372,0.902,3192.108
MRM,Budget,260820001,2026,8,20,1,2026-8,148548.526,114415.155,4812.972,14058.03,0,95444.52,5050.65,3030.39,44.745,17.132,9.505,408.741,0.835,0.98,0.925,0.719,0.955,0.884,0.95,6.873,645.223,4479.508,3694.545,11.712,13.341,181.387,462,45,6,2,49.442,20.155,10.801,441.882,66.979,95444.52,281220.803,613.881,153361.498,128473.185,22.372,11.992,216.426,22.372,5.14,192.315,24.721,14.109,233.974,24.721,6.047,207.908,5.389,8.795,9.863,3.746,4722.13,3602.337,687.743,4236.887,3909.699,597.372,0.902,3192.108
MRM,Budget,260820002,2026,8,20,2,2026-8,148548.526,114415.155,4812.972,14058.03,0,95444.52,5050.65,3030.39,44.745,17.132,9.505,408.741,0.835,0.98,0.925,0.719,0.955,0.884,0.95,6.873,645.223,4479.508,3694.545,11.712,13.341,181.387,463,45,6,2,49.442,20.155,10.801,441.882,66.979,95444.52,281220.803,613.881,153361.498,128473.185,22.372,11.992,216.426,22.372,5.14,192.315,24.721,14.109,233.974,24.721,6.047,207.908,5.389,8.795,9.863,3.746,4722.13,3602.337,687.743,4236.887,3909.699,597.372,0.902,3192.108
MRM,Budget,260821001,2026,8,21,1,2026-8,148548.526,114415.155,4812.972,14058.03,0,95444.52,5050.65,3030.39,44.745,17.132,9.505,408.741,0.835,0.98,0.925,0.719,0.955,0.884,0.95,6.873,645.223,4479.508,3694.545,11.712,13.341,181.387,464,45,6,2,49.442,20.155,10.801,441.882,66.979,95444.52,281220.803,613.881,153361.498,128473.185,22.372,11.992,216.426,22.372,5.14,192.315,24.721,14.109,233.974,24.721,6.047,207.908,5.389,8.795,9.863,3.746,4722.13,3602.337,687.743,4236.887,3909.699,597.372,0.902,3192.108
MRM,Budget,260821002,2026,8,21,2,2026-8,148548.526,114415.155,4812.972,14058.03,0,95444.52,5050.65,3030.39,44.745,17.132,9.505,408.741,0.835,0.98,0.925,0.719,0.955,0.884,0.95,6.873,645.223,4479.508,3694.545,11.712,13.341,181.387,465,45,6,2,49.442,20.155,10.801,441.882,66.979,95444.52,281220.803,613.881,153361.498,128473.185,22.372,11.992,216.426,22.372,5.14,192.315,24.721,14.109,233.974,24.721,6.047,207.908,5.389,8.795,9.863,3.746,4722.13,3602.337,687.743,4236.887,3909.699,597.372,0.902,3192.108
MRM,Budget,260822001,2026,8,22,1,2026-8,148548.526,114415.155,4812.972,14058.03,0,95444.52,5050.65,3030.39,44.745,17.132,9.505,408.741,0.835,0.98,0.925,0.719,0.955,0.884,0.95,6.873,645.223,4479.508,3694.545,11.712,13.341,181.387,466,45,6,2,49.442,20.155,10.801,441.882,66.979,95444.52,281220.803,613.881,153361.498,128473.185,22.372,11.992,216.426,22.372,5.14,192.315,24.721,14.109,233.974,24.721,6.047,207.908,5.389,8.795,9.863,3.746,4722.13,3602.337,687.743,4236.887,3909.699,597.372,0.902,3192.108
MRM,Budget,260822002,2026,8,22,2,2026-8,148548.526,114415.155,4812.972,14058.03,0,95444.52,5050.65,3030.39,44.745,17.132,9.505,408.741,0.835,0.98,0.925,0.719,0.955,0.884,0.95,6.873,645.223,4479.508,3694.545,11.712,13.341,181.387,467,45,6,2,49.442,20.155,10.801,441.882,66.979,95444.52,281220.803,613.881,153361.498,128473.185,22.372,11.992,216.426,22.372,5.14,192.315,24.721,14.109,233.974,24.721,6.047,207.908,5.389,8.795,9.863,3.746,4722.13,3602.337,687.743,4236.887,3909.699,597.372,0.902,3192.108
MRM,Budget,260823001,2026,8,23,1,2026-8,148548.526,114415.155,4812.972,14058.03,0,95444.52,5050.65,3030.39,44.745,17.132,9.505,408.741,0.835,0.98,0.925,0.719,0.955,0.884,0.95,6.873,645.223,4479.508,3694.545,11.712,13.341,181.387,468,45,6,2,49.442,20.155,10.801,441.882,66.979,95444.52,281220.803,613.881,153361.498,128473.185,22.372,11.992,216.426,22.372,5.14,192.315,24.721,14.109,233.974,24.721,6.047,207.908,5.389,8.795,9.863,3.746,4722.13,3602.337,687.743,4236.887,3909.699,597.372,0.902,3192.108
MRM,Budget,260823002,2026,8,23,2,2026-8,148548.526,114415.155,4812.972,14058.03,0,95444.52,5050.65,3030.39,44.745,17.132,9.505,408.741,0.835,0.98,0.925,0.719,0.955,0.884,0.95,6.873,645.223,4479.508,3694.545,11.712,13.341,181.387,469,45,6,2,49.442,20.155,10.801,441.882,66.979,95444.52,281220.803,613.881,153361.498,128473.185,22.372,11.992,216.426,22.372,5.14,192.315,24.721,14.109,233.974,24.721,6.047,207.908,5.389,8.795,9.863,3.746,4722.13,3602.337,687.743,4236.887,3909.699,597.372,0.902,3192.108
MRM,Budget,260824001,2026,8,24,1,2026-8,148548.526,114415.155,4812.972,14058.03,0,95444.52,5050.65,3030.39,44.745,17.132,9.505,408.741,0.835,0.98,0.925,0.719,0.955,0.884,0.95,6.873,645.223,4479.508,3694.545,11.712,13.341,181.387,470,45,6,2,49.442,20.155,10.801,441.882,66.979,95444.52,281220.803,613.881,153361.498,128473.185,22.372,11.992,216.426,22.372,5.14,192.315,24.721,14.109,233.974,24.721,6.047,207.908,5.389,8.795,9.863,3.746,4722.13,3602.337,687.743,4236.887,3909.699,597.372,0.902,3192.108
MRM,Budget,260824002,2026,8,24,2,2026-8,148548.526,114415.155,4812.972,14058.03,0,95444.52,5050.65,3030.39,44.745,17.132,9.505,408.741,0.835,0.98,0.925,0.719,0.955,0.884,0.95,6.873,645.223,4479.508,3694.545,11.712,13.341,181.387,471,45,6,2,49.442,20.155,10.801,441.882,66.979,95444.52,281220.803,613.881,153361.498,128473.185,22.372,11.992,216.426,22.372,5.14,192.315,24.721,14.109,233.974,24.721,6.047,207.908,5.389,8.795,9.863,3.746,4722.13,3602.337,687.743,4236.887,3909.699,597.372,0.902,3192.108
MRM,Budget,260825001,2026,8,25,1,2026-8,148548.526,114415.155,4812.972,14058.03,0,95444.52,5050.65,3030.39,44.745,17.132,9.505,408.741,0.835,0.98,0.925,0.719,0.955,0.884,0.95,6.873,645.223,4479.508,3694.545,11.712,13.341,181.387,472,45,6,2,49.442,20.155,10.801,441.882,66.979,95444.52,281220.803,613.881,153361.498,128473.185,22.372,11.992,216.426,22.372,5.14,192.315,24.721,14.109,233.974,24.721,6.047,207.908,5.389,8.795,9.863,3.746,4722.13,3602.337,687.743,4236.887,3909.699,597.372,0.902,3192.108
MRM,Budget,260825002,2026,8,25,2,2026-8,148548.526,114415.155,4812.972,14058.03,0,95444.52,5050.65,3030.39,44.745,17.132,9.505,408.741,0.835,0.98,0.925,0.719,0.955,0.884,0.95,6.873,645.223,4479.508,3694.545,11.712,13.341,181.387,473,45,6,2,49.442,20.155,10.801,441.882,66.979,95444.52,281220.803,613.881,153361.498,128473.185,22.372,11.992,216.426,22.372,5.14,192.315,24.721,14.109,233.974,24.721,6.047,207.908,5.389,8.795,9.863,3.746,4722.13,3602.337,687.743,4236.887,3909.699,597.372,0.902,3192.108
MRM,Budget,260826001,2026,8,26,1,2026-8,148548.526,114415.155,4812.972,14058.03,0,95444.52,5050.65,3030.39,44.745,17.132,9.505,408.741,0.835,0.98,0.925,0.719,0.955,0.884,0.95,6.873,645.223,4479.508,3694.545,11.712,13.341,181.387,474,45,6,2,49.442,20.155,10.801,441.882,66.979,95444.52,281220.803,613.881,153361.498,128473.185,22.372,11.992,216.426,22.372,5.14,192.315,24.721,14.109,233.974,24.721,6.047,207.908,5.389,8.795,9.863,3.746,4722.13,3602.337,687.743,4236.887,3909.699,597.372,0.902,3192.108
MRM,Budget,260826002,2026,8,26,2,2026-8,148548.526,114415.155,4812.972,14058.03,0,95444.52,5050.65,3030.39,44.745,17.132,9.505,408.741,0.835,0.98,0.925,0.719,0.955,0.884,0.95,6.873,645.223,4479.508,3694.545,11.712,13.341,181.387,475,45,6,2,49.442,20.155,10.801,441.882,66.979,95444.52,281220.803,613.881,153361.498,128473.185,22.372,11.992,216.426,22.372,5.14,192.315,24.721,14.109,233.974,24.721,6.047,207.908,5.389,8.795,9.863,3.746,4722.13,3602.337,687.743,4236.887,3909.699,597.372,0.902,3192.108
MRM,Budget,260827001,2026,8,27,1,2026-8,148548.526,114415.155,4812.972,14058.03,0,95444.52,5050.65,3030.39,44.745,17.132,9.505,408.741,0.835,0.98,0.925,0.719,0.955,0.884,0.95,6.873,645.223,4479.508,3694.545,11.712,13.341,181.387,476,45,6,2,49.442,20.155,10.801,441.882,66.979,95444.52,281220.803,613.881,153361.498,128473.185,22.372,11.992,216.426,22.372,5.14,192.315,24.721,14.109,233.974,24.721,6.047,207.908,5.389,8.795,9.863,3.746,4722.13,3602.337,687.743,4236.887,3909.699,597.372,0.902,3192.108
MRM,Budget,260827002,2026,8,27,2,2026-8,148548.526,114415.155,4812.972,14058.03,0,95444.52,5050.65,3030.39,44.745,17.132,9.505,408.741,0.835,0.98,0.925,0.719,0.955,0.884,0.95,6.873,645.223,4479.508,3694.545,11.712,13.341,181.387,477,45,6,2,49.442,20.155,10.801,441.882,66.979,95444.52,281220.803,613.881,153361.498,128473.185,22.372,11.992,216.426,22.372,5.14,192.315,24.721,14.109,233.974,24.721,6.047,207.908,5.389,8.795,9.863,3.746,4722.13,3602.337,687.743,4236.887,3909.699,597.372,0.902,3192.108
MRM,Budget,260828001,2026,8,28,1,2026-8,148548.526,114415.155,4812.972,14058.03,0,95444.52,5050.65,3030.39,44.745,17.132,9.505,408.741,0.835,0.98,0.925,0.719,0.955,0.884,0.95,6.873,645.223,4479.508,3694.545,11.712,13.341,181.387,478,45,6,2,49.442,20.155,10.801,441.882,66.979,95444.52,281220.803,613.881,153361.498,128473.185,22.372,11.992,216.426,22.372,5.14,192.315,24.721,14.109,233.974,24.721,6.047,207.908,5.389,8.795,9.863,3.746,4722.13,3602.337,687.743,4236.887,3909.699,597.372,0.902,3192.108
MRM,Budget,260828002,2026,8,28,2,2026-8,148548.526,114415.155,4812.972,14058.03,0,95444.52,5050.65,3030.39,44.745,17.132,9.505,408.741,0.835,0.98,0.925,0.719,0.955,0.884,0.95,6.873,645.223,4479.508,3694.545,11.712,13.341,181.387,479,45,6,2,49.442,20.155,10.801,441.882,66.979,95444.52,281220.803,613.881,153361.498,128473.185,22.372,11.992,216.426,22.372,5.14,192.315,24.721,14.109,233.974,24.721,6.047,207.908,5.389,8.795,9.863,3.746,4722.13,3602.337,687.743,4236.887,3909.699,597.372,0.902,3192.108
MRM,Budget,260829001,2026,8,29,1,2026-8,148548.526,114415.155,4812.972,14058.03,0,95444.52,5050.65,3030.39,44.745,17.132,9.505,408.741,0.835,0.98,0.925,0.719,0.955,0.884,0.95,6.873,645.223,4479.508,3694.545,11.712,13.341,181.387,480,45,6,2,49.442,20.155,10.801,441.882,66.979,95444.52,281220.803,613.881,153361.498,128473.185,22.372,11.992,216.426,22.372,5.14,192.315,24.721,14.109,233.974,24.721,6.047,207.908,5.389,8.795,9.863,3.746,4722.13,3602.337,687.743,4236.887,3909.699,597.372,0.902,3192.108
MRM,Budget,260829002,2026,8,29,2,2026-8,148548.526,114415.155,4812.972,14058.03,0,95444.52,5050.65,3030.39,44.745,17.132,9.505,408.741,0.835,0.98,0.925,0.719,0.955,0.884,0.95,6.873,645.223,4479.508,3694.545,11.712,13.341,181.387,481,45,6,2,49.442,20.155,10.801,441.882,66.979,95444.52,281220.803,613.881,153361.498,128473.185,22.372,11.992,216.426,22.372,5.14,192.315,24.721,14.109,233.974,24.721,6.047,207.908,5.389,8.795,9.863,3.746,4722.13,3602.337,687.743,4236.887,3909.699,597.372,0.902,3192.108
MRM,Budget,260830001,2026,8,30,1,2026-8,148548.526,114415.155,4812.972,14058.03,0,95444.52,5050.65,3030.39,44.745,17.132,9.505,408.741,0.835,0.98,0.925,0.719,0.955,0.884,0.95,6.873,645.223,4479.508,3694.545,11.712,13.341,181.387,482,45,6,2,49.442,20.155,10.801,441.882,66.979,95444.52,281220.803,613.881,153361.498,128473.185,22.372,11.992,216.426,22.372,5.14,192.315,24.721,14.109,233.974,24.721,6.047,207.908,5.389,8.795,9.863,3.746,4722.13,3602.337,687.743,4236.887,3909.699,597.372,0.902,3192.108
MRM,Budget,260830002,2026,8,30,2,2026-8,148548.526,114415.155,4812.972,14058.03,0,95444.52,5050.65,3030.39,44.745,17.132,9.505,408.741,0.835,0.98,0.925,0.719,0.955,0.884,0.95,6.873,645.223,4479.508,3694.545,11.712,13.341,181.387,483,45,6,2,49.442,20.155,10.801,441.882,66.979,95444.52,281220.803,613.881,153361.498,128473.185,22.372,11.992,216.426,22.372,5.14,192.315,24.721,14.109,233.974,24.721,6.047,207.908,5.389,8.795,9.863,3.746,4722.13,3602.337,687.743,4236.887,3909.699,597.372,0.902,3192.108
MRM,Budget,260831001,2026,8,31,1,2026-8,148548.526,114415.155,4812.972,14058.03,0,95444.52,5050.65,3030.39,44.745,17.132,9.505,408.741,0.835,0.98,0.925,0.719,0.955,0.884,0.95,6.873,645.223,4479.508,3694.545,11.712,13.341,181.387,484,45,6,2,49.442,20.155,10.801,441.882,66.979,95444.52,281220.803,613.881,153361.498,128473.185,22.372,11.992,216.426,22.372,5.14,192.315,24.721,14.109,233.974,24.721,6.047,207.908,5.389,8.795,9.863,3.746,4722.13,3602.337,687.743,4236.887,3909.699,597.372,0.902,3192.108
MRM,Budget,260831002,2026,8,31,2,2026-8,148548.526,114415.155,4812.972,14058.03,0,95444.52,5050.65,3030.39,44.745,17.132,9.505,408.741,0.835,0.98,0.925,0.719,0.955,0.884,0.95,6.873,645.223,4479.508,3694.545,11.712,13.341,181.387,485,45,6,2,49.442,20.155,10.801,441.882,66.979,95444.52,281220.803,613.881,153361.498,128473.185,22.372,11.992,216.426,22.372,5.14,192.315,24.721,14.109,233.974,24.721,6.047,207.908,5.389,8.795,9.863,3.746,4722.13,3602.337,687.743,4236.887,3909.699,597.372,0.902,3192.108
MRM,Budget,260901001,2026,9,1,1,2026-9,153959.9,120515.696,4988.301,15726.36,0,83283.564,5234.637,3140.782,55.694,17.132,10.795,408.741,0.835,0.98,0.925,0.895,0.955,0.884,0.95,5.919,674.442,3950.932,3247.108,11.465,14.779,186.188,486,45,6,2,61.54,20.155,12.267,441.882,70.324,83283.564,294555.912,634.344,158948.201,136242.055,27.847,8.566,218.092,27.847,8.566,190.649,30.77,10.078,235.775,30.77,10.078,206.107,4.934,7.17,8.973,3.224,4431.19,3604.119,707.352,3470.675,2890.097,636.794,0.902,3346.567
MRM,Budget,260901002,2026,9,1,2,2026-9,153959.9,120515.696,4988.301,15726.36,0,83283.564,5234.637,3140.782,55.694,17.132,10.795,408.741,0.835,0.98,0.925,0.895,0.955,0.884,0.95,5.919,674.442,3950.932,3247.108,11.465,14.779,186.188,487,45,6,2,61.54,20.155,12.267,441.882,70.324,83283.564,294555.912,634.344,158948.201,136242.055,27.847,8.566,218.092,27.847,8.566,190.649,30.77,10.078,235.775,30.77,10.078,206.107,4.934,7.17,8.973,3.224,4431.19,3604.119,707.352,3470.675,2890.097,636.794,0.902,3346.567
MRM,Budget,260902001,2026,9,2,1,2026-9,153959.9,120515.696,4988.301,15726.36,0,83283.564,5234.637,3140.782,55.694,17.132,10.795,408.741,0.835,0.98,0.925,0.895,0.955,0.884,0.95,5.919,674.442,3950.932,3247.108,11.465,14.779,186.188,488,45,6,2,61.54,20.155,12.267,441.882,70.324,83283.564,294555.912,634.344,158948.201,136242.055,27.847,8.566,218.092,27.847,8.566,190.649,30.77,10.078,235.775,30.77,10.078,206.107,4.934,7.17,8.973,3.224,4431.19,3604.119,707.352,3470.675,2890.097,636.794,0.902,3346.567
MRM,Budget,260902002,2026,9,2,2,2026-9,153959.9,120515.696,4988.301,15726.36,0,83283.564,5234.637,3140.782,55.694,17.132,10.795,408.741,0.835,0.98,0.925,0.895,0.955,0.884,0.95,5.919,674.442,3950.932,3247.108,11.465,14.779,186.188,489,45,6,2,61.54,20.155,12.267,441.882,70.324,83283.564,294555.912,634.344,158948.201,136242.055,27.847,8.566,218.092,27.847,8.566,190.649,30.77,10.078,235.775,30.77,10.078,206.107,4.934,7.17,8.973,3.224,4431.19,3604.119,707.352,3470.675,2890.097,636.794,0.902,3346.567
MRM,Budget,260903001,2026,9,3,1,2026-9,153959.9,120515.696,4988.301,15726.36,0,83283.564,5234.637,3140.782,55.694,17.132,10.795,408.741,0.835,0.98,0.925,0.895,0.955,0.884,0.95,5.919,674.442,3950.932,3247.108,11.465,14.779,186.188,490,45,6,2,61.54,20.155,12.267,441.882,70.324,83283.564,294555.912,634.344,158948.201,136242.055,27.847,8.566,218.092,27.847,8.566,190.649,30.77,10.078,235.775,30.77,10.078,206.107,4.934,7.17,8.973,3.224,4431.19,3604.119,707.352,3470.675,2890.097,636.794,0.902,3346.567
MRM,Budget,260903002,2026,9,3,2,2026-9,153959.9,120515.696,4988.301,15726.36,0,83283.564,5234.637,3140.782,55.694,17.132,10.795,408.741,0.835,0.98,0.925,0.895,0.955,0.884,0.95,5.919,674.442,3950.932,3247.108,11.465,14.779,186.188,491,45,6,2,61.54,20.155,12.267,441.882,70.324,83283.564,294555.912,634.344,158948.201,136242.055,27.847,8.566,218.092,27.847,8.566,190.649,30.77,10.078,235.775,30.77,10.078,206.107,4.934,7.17,8.973,3.224,4431.19,3604.119,707.352,3470.675,2890.097,636.794,0.902,3346.567
MRM,Budget,260904001,2026,9,4,1,2026-9,153959.9,120515.696,4988.301,15726.36,0,83283.564,5234.637,3140.782,55.694,17.132,10.795,408.741,0.835,0.98,0.925,0.895,0.955,0.884,0.95,5.919,674.442,3950.932,3247.108,11.465,14.779,186.188,492,45,6,2,61.54,20.155,12.267,441.882,70.324,83283.564,294555.912,634.344,158948.201,136242.055,27.847,8.566,218.092,27.847,8.566,190.649,30.77,10.078,235.775,30.77,10.078,206.107,4.934,7.17,8.973,3.224,4431.19,3604.119,707.352,3470.675,2890.097,636.794,0.902,3346.567
MRM,Budget,260904002,2026,9,4,2,2026-9,153959.9,120515.696,4988.301,15726.36,0,83283.564,5234.637,3140.782,55.694,17.132,10.795,408.741,0.835,0.98,0.925,0.895,0.955,0.884,0.95,5.919,674.442,3950.932,3247.108,11.465,14.779,186.188,493,45,6,2,61.54,20.155,12.267,441.882,70.324,83283.564,294555.912,634.344,158948.201,136242.055,27.847,8.566,218.092,27.847,8.566,190.649,30.77,10.078,235.775,30.77,10.078,206.107,4.934,7.17,8.973,3.224,4431.19,3604.119,707.352,3470.675,2890.097,636.794,0.902,3346.567
MRM,Budget,260905001,2026,9,5,1,2026-9,153959.9,120515.696,4988.301,15726.36,0,83283.564,5234.637,3140.782,55.694,17.132,10.795,408.741,0.835,0.98,0.925,0.895,0.955,0.884,0.95,5.919,674.442,3950.932,3247.108,11.465,14.779,186.188,494,45,6,2,61.54,20.155,12.267,441.882,70.324,83283.564,294555.912,634.344,158948.201,136242.055,27.847,8.566,218.092,27.847,8.566,190.649,30.77,10.078,235.775,30.77,10.078,206.107,4.934,7.17,8.973,3.224,4431.19,3604.119,707.352,3470.675,2890.097,636.794,0.902,3346.567
MRM,Budget,260905002,2026,9,5,2,2026-9,153959.9,120515.696,4988.301,15726.36,0,83283.564,5234.637,3140.782,55.694,17.132,10.795,408.741,0.835,0.98,0.925,0.895,0.955,0.884,0.95,5.919,674.442,3950.932,3247.108,11.465,14.779,186.188,495,45,6,2,61.54,20.155,12.267,441.882,70.324,83283.564,294555.912,634.344,158948.201,136242.055,27.847,8.566,218.092,27.847,8.566,190.649,30.77,10.078,235.775,30.77,10.078,206.107,4.934,7.17,8.973,3.224,4431.19,3604.119,707.352,3470.675,2890.097,636.794,0.902,3346.567
MRM,Budget,260906001,2026,9,6,1,2026-9,153959.9,120515.696,4988.301,15726.36,0,83283.564,5234.637,3140.782,55.694,17.132,10.795,408.741,0.835,0.98,0.925,0.895,0.955,0.884,0.95,5.919,674.442,3950.932,3247.108,11.465,14.779,186.188,496,45,6,2,61.54,20.155,12.267,441.882,70.324,83283.564,294555.912,634.344,158948.201,136242.055,27.847,8.566,218.092,27.847,8.566,190.649,30.77,10.078,235.775,30.77,10.078,206.107,4.934,7.17,8.973,3.224,4431.19,3604.119,707.352,3470.675,2890.097,636.794,0.902,3346.567
MRM,Budget,260906002,2026,9,6,2,2026-9,153959.9,120515.696,4988.301,15726.36,0,83283.564,5234.637,3140.782,55.694,17.132,10.795,408.741,0.835,0.98,0.925,0.895,0.955,0.884,0.95,5.919,674.442,3950.932,3247.108,11.465,14.779,186.188,497,45,6,2,61.54,20.155,12.267,441.882,70.324,83283.564,294555.912,634.344,158948.201,136242.055,27.847,8.566,218.092,27.847,8.566,190.649,30.77,10.078,235.775,30.77,10.078,206.107,4.934,7.17,8.973,3.224,4431.19,3604.119,707.352,3470.675,2890.097,636.794,0.902,3346.567
MRM,Budget,260907001,2026,9,7,1,2026-9,153959.9,120515.696,4988.301,15726.36,0,83283.564,5234.637,3140.782,55.694,17.132,10.795,408.741,0.835,0.98,0.925,0.895,0.955,0.884,0.95,5.919,674.442,3950.932,3247.108,11.465,14.779,186.188,498,45,6,2,61.54,20.155,12.267,441.882,70.324,83283.564,294555.912,634.344,158948.201,136242.055,27.847,8.566,218.092,27.847,8.566,190.649,30.77,10.078,235.775,30.77,10.078,206.107,4.934,7.17,8.973,3.224,4431.19,3604.119,707.352,3470.675,2890.097,636.794,0.902,3346.567
MRM,Budget,260907002,2026,9,7,2,2026-9,153959.9,120515.696,4988.301,15726.36,0,83283.564,5234.637,3140.782,55.694,17.132,10.795,408.741,0.835,0.98,0.925,0.895,0.955,0.884,0.95,5.919,674.442,3950.932,3247.108,11.465,14.779,186.188,499,45,6,2,61.54,20.155,12.267,441.882,70.324,83283.564,294555.912,634.344,158948.201,136242.055,27.847,8.566,218.092,27.847,8.566,190.649,30.77,10.078,235.775,30.77,10.078,206.107,4.934,7.17,8.973,3.224,4431.19,3604.119,707.352,3470.675,2890.097,636.794,0.902,3346.567
MRM,Budget,260908001,2026,9,8,1,2026-9,153959.9,120515.696,4988.301,15726.36,0,83283.564,5234.637,3140.782,55.694,17.132,10.795,408.741,0.835,0.98,0.925,0.895,0.955,0.884,0.95,5.919,674.442,3950.932,3247.108,11.465,14.779,186.188,500,45,6,2,61.54,20.155,12.267,441.882,70.324,83283.564,294555.912,634.344,158948.201,136242.055,27.847,8.566,218.092,27.847,8.566,190.649,30.77,10.078,235.775,30.77,10.078,206.107,4.934,7.17,8.973,3.224,4431.19,3604.119,707.352,3470.675,2890.097,636.794,0.902,3346.567
MRM,Budget,260908002,2026,9,8,2,2026-9,153959.9,120515.696,4988.301,15726.36,0,83283.564,5234.637,3140.782,55.694,17.132,10.795,408.741,0.835,0.98,0.925,0.895,0.955,0.884,0.95,5.919,674.442,3950.932,3247.108,11.465,14.779,186.188,501,45,6,2,61.54,20.155,12.267,441.882,70.324,83283.564,294555.912,634.344,158948.201,136242.055,27.847,8.566,218.092,27.847,8.566,190.649,30.77,10.078,235.775,30.77,10.078,206.107,4.934,7.17,8.973,3.224,4431.19,3604.119,707.352,3470.675,2890.097,636.794,0.902,3346.567
MRM,Budget,260909001,2026,9,9,1,2026-9,153959.9,120515.696,4988.301,15726.36,0,83283.564,5234.637,3140.782,55.694,17.132,10.795,408.741,0.835,0.98,0.925,0.895,0.955,0.884,0.95,5.919,674.442,3950.932,3247.108,11.465,14.779,186.188,502,45,6,2,61.54,20.155,12.267,441.882,70.324,83283.564,294555.912,634.344,158948.201,136242.055,27.847,8.566,218.092,27.847,8.566,190.649,30.77,10.078,235.775,30.77,10.078,206.107,4.934,7.17,8.973,3.224,4431.19,3604.119,707.352,3470.675,2890.097,636.794,0.902,3346.567
MRM,Budget,260909002,2026,9,9,2,2026-9,153959.9,120515.696,4988.301,15726.36,0,83283.564,5234.637,3140.782,55.694,17.132,10.795,408.741,0.835,0.98,0.925,0.895,0.955,0.884,0.95,5.919,674.442,3950.932,3247.108,11.465,14.779,186.188,503,45,6,2,61.54,20.155,12.267,441.882,70.324,83283.564,294555.912,634.344,158948.201,136242.055,27.847,8.566,218.092,27.847,8.566,190.649,30.77,10.078,235.775,30.77,10.078,206.107,4.934,7.17,8.973,3.224,4431.19,3604.119,707.352,3470.675,2890.097,636.794,0.902,3346.567
MRM,Budget,260910001,2026,9,10,1,2026-9,153959.9,120515.696,4988.301,15726.36,0,83283.564,5234.637,3140.782,55.694,17.132,10.795,408.741,0.835,0.98,0.925,0.895,0.955,0.884,0.95,5.919,674.442,3950.932,3247.108,11.465,14.779,186.188,504,45,6,2,61.54,20.155,12.267,441.882,70.324,83283.564,294555.912,634.344,158948.201,136242.055,27.847,8.566,218.092,27.847,8.566,190.649,30.77,10.078,235.775,30.77,10.078,206.107,4.934,7.17,8.973,3.224,4431.19,3604.119,707.352,3470.675,2890.097,636.794,0.902,3346.567
MRM,Budget,260910002,2026,9,10,2,2026-9,153959.9,120515.696,4988.301,15726.36,0,83283.564,5234.637,3140.782,55.694,17.132,10.795,408.741,0.835,0.98,0.925,0.895,0.955,0.884,0.95,5.919,674.442,3950.932,3247.108,11.465,14.779,186.188,505,45,6,2,61.54,20.155,12.267,441.882,70.324,83283.564,294555.912,634.344,158948.201,136242.055,27.847,8.566,218.092,27.847,8.566,190.649,30.77,10.078,235.775,30.77,10.078,206.107,4.934,7.17,8.973,3.224,4431.19,3604.119,707.352,3470.675,2890.097,636.794,0.902,3346.567
MRM,Budget,260911001,2026,9,11,1,2026-9,153959.9,120515.696,4988.301,15726.36,0,83283.564,5234.637,3140.782,55.694,17.132,10.795,408.741,0.835,0.98,0.925,0.895,0.955,0.884,0.95,5.919,674.442,3950.932,3247.108,11.465,14.779,186.188,506,45,6,2,61.54,20.155,12.267,441.882,70.324,83283.564,294555.912,634.344,158948.201,136242.055,27.847,8.566,218.092,27.847,8.566,190.649,30.77,10.078,235.775,30.77,10.078,206.107,4.934,7.17,8.973,3.224,4431.19,3604.119,707.352,3470.675,2890.097,636.794,0.902,3346.567
MRM,Budget,260911002,2026,9,11,2,2026-9,153959.9,120515.696,4988.301,15726.36,0,83283.564,5234.637,3140.782,55.694,17.132,10.795,408.741,0.835,0.98,0.925,0.895,0.955,0.884,0.95,5.919,674.442,3950.932,3247.108,11.465,14.779,186.188,507,45,6,2,61.54,20.155,12.267,441.882,70.324,83283.564,294555.912,634.344,158948.201,136242.055,27.847,8.566,218.092,27.847,8.566,190.649,30.77,10.078,235.775,30.77,10.078,206.107,4.934,7.17,8.973,3.224,4431.19,3604.119,707.352,3470.675,2890.097,636.794,0.902,3346.567
MRM,Budget,260912001,2026,9,12,1,2026-9,153959.9,120515.696,4988.301,15726.36,0,83283.564,5234.637,3140.782,55.694,17.132,10.795,408.741,0.835,0.98,0.925,0.895,0.955,0.884,0.95,5.919,674.442,3950.932,3247.108,11.465,14.779,186.188,508,45,6,2,61.54,20.155,12.267,441.882,70.324,83283.564,294555.912,634.344,158948.201,136242.055,27.847,8.566,218.092,27.847,8.566,190.649,30.77,10.078,235.775,30.77,10.078,206.107,4.934,7.17,8.973,3.224,4431.19,3604.119,707.352,3470.675,2890.097,636.794,0.902,3346.567
MRM,Budget,260912002,2026,9,12,2,2026-9,153959.9,120515.696,4988.301,15726.36,0,83283.564,5234.637,3140.782,55.694,17.132,10.795,408.741,0.835,0.98,0.925,0.895,0.955,0.884,0.95,5.919,674.442,3950.932,3247.108,11.465,14.779,186.188,509,45,6,2,61.54,20.155,12.267,441.882,70.324,83283.564,294555.912,634.344,158948.201,136242.055,27.847,8.566,218.092,27.847,8.566,190.649,30.77,10.078,235.775,30.77,10.078,206.107,4.934,7.17,8.973,3.224,4431.19,3604.119,707.352,3470.675,2890.097,636.794,0.902,3346.567
MRM,Budget,260913001,2026,9,13,1,2026-9,153959.9,120515.696,4988.301,15726.36,0,83283.564,5234.637,3140.782,55.694,17.132,10.795,408.741,0.835,0.98,0.925,0.895,0.955,0.884,0.95,5.919,674.442,3950.932,3247.108,11.465,14.779,186.188,510,45,6,2,61.54,20.155,12.267,441.882,70.324,83283.564,294555.912,634.344,158948.201,136242.055,27.847,8.566,218.092,27.847,8.566,190.649,30.77,10.078,235.775,30.77,10.078,206.107,4.934,7.17,8.973,3.224,4431.19,3604.119,707.352,3470.675,2890.097,636.794,0.902,3346.567
MRM,Budget,260913002,2026,9,13,2,2026-9,153959.9,120515.696,4988.301,15726.36,0,83283.564,5234.637,3140.782,55.694,17.132,10.795,408.741,0.835,0.98,0.925,0.895,0.955,0.884,0.95,5.919,674.442,3950.932,3247.108,11.465,14.779,186.188,511,45,6,2,61.54,20.155,12.267,441.882,70.324,83283.564,294555.912,634.344,158948.201,136242.055,27.847,8.566,218.092,27.847,8.566,190.649,30.77,10.078,235.775,30.77,10.078,206.107,4.934,7.17,8.973,3.224,4431.19,3604.119,707.352,3470.675,2890.097,636.794,0.902,3346.567
MRM,Budget,260914001,2026,9,14,1,2026-9,153959.9,120515.696,4988.301,15726.36,0,83283.564,5234.637,3140.782,55.694,17.132,10.795,408.741,0.835,0.98,0.925,0.895,0.955,0.884,0.95,5.919,674.442,3950.932,3247.108,11.465,14.779,186.188,512,45,6,2,61.54,20.155,12.267,441.882,70.324,83283.564,294555.912,634.344,158948.201,136242.055,27.847,8.566,218.092,27.847,8.566,190.649,30.77,10.078,235.775,30.77,10.078,206.107,4.934,7.17,8.973,3.224,4431.19,3604.119,707.352,3470.675,2890.097,636.794,0.902,3346.567
MRM,Budget,260914002,2026,9,14,2,2026-9,153959.9,120515.696,4988.301,15726.36,0,83283.564,5234.637,3140.782,55.694,17.132,10.795,408.741,0.835,0.98,0.925,0.895,0.955,0.884,0.95,5.919,674.442,3950.932,3247.108,11.465,14.779,186.188,513,45,6,2,61.54,20.155,12.267,441.882,70.324,83283.564,294555.912,634.344,158948.201,136242.055,27.847,8.566,218.092,27.847,8.566,190.649,30.77,10.078,235.775,30.77,10.078,206.107,4.934,7.17,8.973,3.224,4431.19,3604.119,707.352,3470.675,2890.097,636.794,0.902,3346.567
MRM,Budget,260915001,2026,9,15,1,2026-9,153959.9,120515.696,4988.301,15726.36,0,83283.564,5234.637,3140.782,55.694,17.132,10.795,408.741,0.835,0.98,0.925,0.895,0.955,0.884,0.95,5.919,674.442,3950.932,3247.108,11.465,14.779,186.188,514,45,6,2,61.54,20.155,12.267,441.882,70.324,83283.564,294555.912,634.344,158948.201,136242.055,27.847,8.566,218.092,27.847,8.566,190.649,30.77,10.078,235.775,30.77,10.078,206.107,4.934,7.17,8.973,3.224,4431.19,3604.119,707.352,3470.675,2890.097,636.794,0.902,3346.567
MRM,Budget,260915002,2026,9,15,2,2026-9,153959.9,120515.696,4988.301,15726.36,0,83283.564,5234.637,3140.782,55.694,17.132,10.795,408.741,0.835,0.98,0.925,0.895,0.955,0.884,0.95,5.919,674.442,3950.932,3247.108,11.465,14.779,186.188,515,45,6,2,61.54,20.155,12.267,441.882,70.324,83283.564,294555.912,634.344,158948.201,136242.055,27.847,8.566,218.092,27.847,8.566,190.649,30.77,10.078,235.775,30.77,10.078,206.107,4.934,7.17,8.973,3.224,4431.19,3604.119,707.352,3470.675,2890.097,636.794,0.902,3346.567
MRM,Budget,260916001,2026,9,16,1,2026-9,153959.9,120515.696,4988.301,15726.36,0,83283.564,5234.637,3140.782,55.694,17.132,10.795,408.741,0.835,0.98,0.925,0.895,0.955,0.884,0.95,5.919,674.442,3950.932,3247.108,11.465,14.779,186.188,516,45,6,2,61.54,20.155,12.267,441.882,70.324,83283.564,294555.912,634.344,158948.201,136242.055,27.847,8.566,218.092,27.847,8.566,190.649,30.77,10.078,235.775,30.77,10.078,206.107,4.934,7.17,8.973,3.224,4431.19,3604.119,707.352,3470.675,2890.097,636.794,0.902,3346.567
MRM,Budget,260916002,2026,9,16,2,2026-9,153959.9,120515.696,4988.301,15726.36,0,83283.564,5234.637,3140.782,55.694,17.132,10.795,408.741,0.835,0.98,0.925,0.895,0.955,0.884,0.95,5.919,674.442,3950.932,3247.108,11.465,14.779,186.188,517,45,6,2,61.54,20.155,12.267,441.882,70.324,83283.564,294555.912,634.344,158948.201,136242.055,27.847,8.566,218.092,27.847,8.566,190.649,30.77,10.078,235.775,30.77,10.078,206.107,4.934,7.17,8.973,3.224,4431.19,3604.119,707.352,3470.675,2890.097,636.794,0.902,3346.567
MRM,Budget,260917001,2026,9,17,1,2026-9,153959.9,120515.696,4988.301,15726.36,0,83283.564,5234.637,3140.782,55.694,17.132,10.795,408.741,0.835,0.98,0.925,0.895,0.955,0.884,0.95,5.919,674.442,3950.932,3247.108,11.465,14.779,186.188,518,45,6,2,61.54,20.155,12.267,441.882,70.324,83283.564,294555.912,634.344,158948.201,136242.055,27.847,8.566,218.092,27.847,8.566,190.649,30.77,10.078,235.775,30.77,10.078,206.107,4.934,7.17,8.973,3.224,4431.19,3604.119,707.352,3470.675,2890.097,636.794,0.902,3346.567
MRM,Budget,260917002,2026,9,17,2,2026-9,153959.9,120515.696,4988.301,15726.36,0,83283.564,5234.637,3140.782,55.694,17.132,10.795,408.741,0.835,0.98,0.925,0.895,0.955,0.884,0.95,5.919,674.442,3950.932,3247.108,11.465,14.779,186.188,519,45,6,2,61.54,20.155,12.267,441.882,70.324,83283.564,294555.912,634.344,158948.201,136242.055,27.847,8.566,218.092,27.847,8.566,190.649,30.77,10.078,235.775,30.77,10.078,206.107,4.934,7.17,8.973,3.224,4431.19,3604.119,707.352,3470.675,2890.097,636.794,0.902,3346.567
MRM,Budget,260918001,2026,9,18,1,2026-9,153959.9,120515.696,4988.301,15726.36,0,83283.564,5234.637,3140.782,55.694,17.132,10.795,408.741,0.835,0.98,0.925,0.895,0.955,0.884,0.95,5.919,674.442,3950.932,3247.108,11.465,14.779,186.188,520,45,6,2,61.54,20.155,12.267,441.882,70.324,83283.564,294555.912,634.344,158948.201,136242.055,27.847,8.566,218.092,27.847,8.566,190.649,30.77,10.078,235.775,30.77,10.078,206.107,4.934,7.17,8.973,3.224,4431.19,3604.119,707.352,3470.675,2890.097,636.794,0.902,3346.567
MRM,Budget,260918002,2026,9,18,2,2026-9,153959.9,120515.696,4988.301,15726.36,0,83283.564,5234.637,3140.782,55.694,17.132,10.795,408.741,0.835,0.98,0.925,0.895,0.955,0.884,0.95,5.919,674.442,3950.932,3247.108,11.465,14.779,186.188,521,45,6,2,61.54,20.155,12.267,441.882,70.324,83283.564,294555.912,634.344,158948.201,136242.055,27.847,8.566,218.092,27.847,8.566,190.649,30.77,10.078,235.775,30.77,10.078,206.107,4.934,7.17,8.973,3.224,4431.19,3604.119,707.352,3470.675,2890.097,636.794,0.902,3346.567
MRM,Budget,260919001,2026,9,19,1,2026-9,153959.9,120515.696,4988.301,15726.36,0,83283.564,5234.637,3140.782,55.694,17.132,10.795,408.741,0.835,0.98,0.925,0.895,0.955,0.884,0.95,5.919,674.442,3950.932,3247.108,11.465,14.779,186.188,522,45,6,2,61.54,20.155,12.267,441.882,70.324,83283.564,294555.912,634.344,158948.201,136242.055,27.847,8.566,218.092,27.847,8.566,190.649,30.77,10.078,235.775,30.77,10.078,206.107,4.934,7.17,8.973,3.224,4431.19,3604.119,707.352,3470.675,2890.097,636.794,0.902,3346.567
MRM,Budget,260919002,2026,9,19,2,2026-9,153959.9,120515.696,4988.301,15726.36,0,83283.564,5234.637,3140.782,55.694,17.132,10.795,408.741,0.835,0.98,0.925,0.895,0.955,0.884,0.95,5.919,674.442,3950.932,3247.108,11.465,14.779,186.188,523,45,6,2,61.54,20.155,12.267,441.882,70.324,83283.564,294555.912,634.344,158948.201,136242.055,27.847,8.566,218.092,27.847,8.566,190.649,30.77,10.078,235.775,30.77,10.078,206.107,4.934,7.17,8.973,3.224,4431.19,3604.119,707.352,3470.675,2890.097,636.794,0.902,3346.567
MRM,Budget,260920001,2026,9,20,1,2026-9,153959.9,120515.696,4988.301,15726.36,0,83283.564,5234.637,3140.782,55.694,17.132,10.795,408.741,0.835,0.98,0.925,0.895,0.955,0.884,0.95,5.919,674.442,3950.932,3247.108,11.465,14.779,186.188,524,45,6,2,61.54,20.155,12.267,441.882,70.324,83283.564,294555.912,634.344,158948.201,136242.055,27.847,8.566,218.092,27.847,8.566,190.649,30.77,10.078,235.775,30.77,10.078,206.107,4.934,7.17,8.973,3.224,4431.19,3604.119,707.352,3470.675,2890.097,636.794,0.902,3346.567
MRM,Budget,260920002,2026,9,20,2,2026-9,153959.9,120515.696,4988.301,15726.36,0,83283.564,5234.637,3140.782,55.694,17.132,10.795,408.741,0.835,0.98,0.925,0.895,0.955,0.884,0.95,5.919,674.442,3950.932,3247.108,11.465,14.779,186.188,525,45,6,2,61.54,20.155,12.267,441.882,70.324,83283.564,294555.912,634.344,158948.201,136242.055,27.847,8.566,218.092,27.847,8.566,190.649,30.77,10.078,235.775,30.77,10.078,206.107,4.934,7.17,8.973,3.224,4431.19,3604.119,707.352,3470.675,2890.097,636.794,0.902,3346.567
MRM,Budget,260921001,2026,9,21,1,2026-9,153959.9,120515.696,4988.301,15726.36,0,83283.564,5234.637,3140.782,55.694,17.132,10.795,408.741,0.835,0.98,0.925,0.895,0.955,0.884,0.95,5.919,674.442,3950.932,3247.108,11.465,14.779,186.188,526,45,6,2,61.54,20.155,12.267,441.882,70.324,83283.564,294555.912,634.344,158948.201,136242.055,27.847,8.566,218.092,27.847,8.566,190.649,30.77,10.078,235.775,30.77,10.078,206.107,4.934,7.17,8.973,3.224,4431.19,3604.119,707.352,3470.675,2890.097,636.794,0.902,3346.567
MRM,Budget,260921002,2026,9,21,2,2026-9,153959.9,120515.696,4988.301,15726.36,0,83283.564,5234.637,3140.782,55.694,17.132,10.795,408.741,0.835,0.98,0.925,0.895,0.955,0.884,0.95,5.919,674.442,3950.932,3247.108,11.465,14.779,186.188,527,45,6,2,61.54,20.155,12.267,441.882,70.324,83283.564,294555.912,634.344,158948.201,136242.055,27.847,8.566,218.092,27.847,8.566,190.649,30.77,10.078,235.775,30.77,10.078,206.107,4.934,7.17,8.973,3.224,4431.19,3604.119,707.352,3470.675,2890.097,636.794,0.902,3346.567
MRM,Budget,260922001,2026,9,22,1,2026-9,153959.9,120515.696,4988.301,15726.36,0,83283.564,5234.637,3140.782,55.694,17.132,10.795,408.741,0.835,0.98,0.925,0.895,0.955,0.884,0.95,5.919,674.442,3950.932,3247.108,11.465,14.779,186.188,528,45,6,2,61.54,20.155,12.267,441.882,70.324,83283.564,294555.912,634.344,158948.201,136242.055,27.847,8.566,218.092,27.847,8.566,190.649,30.77,10.078,235.775,30.77,10.078,206.107,4.934,7.17,8.973,3.224,4431.19,3604.119,707.352,3470.675,2890.097,636.794,0.902,3346.567
MRM,Budget,260922002,2026,9,22,2,2026-9,153959.9,120515.696,4988.301,15726.36,0,83283.564,5234.637,3140.782,55.694,17.132,10.795,408.741,0.835,0.98,0.925,0.895,0.955,0.884,0.95,5.919,674.442,3950.932,3247.108,11.465,14.779,186.188,529,45,6,2,61.54,20.155,12.267,441.882,70.324,83283.564,294555.912,634.344,158948.201,136242.055,27.847,8.566,218.092,27.847,8.566,190.649,30.77,10.078,235.775,30.77,10.078,206.107,4.934,7.17,8.973,3.224,4431.19,3604.119,707.352,3470.675,2890.097,636.794,0.902,3346.567
MRM,Budget,260923001,2026,9,23,1,2026-9,153959.9,120515.696,4988.301,15726.36,0,83283.564,5234.637,3140.782,55.694,17.132,10.795,408.741,0.835,0.98,0.925,0.895,0.955,0.884,0.95,5.919,674.442,3950.932,3247.108,11.465,14.779,186.188,530,45,6,2,61.54,20.155,12.267,441.882,70.324,83283.564,294555.912,634.344,158948.201,136242.055,27.847,8.566,218.092,27.847,8.566,190.649,30.77,10.078,235.775,30.77,10.078,206.107,4.934,7.17,8.973,3.224,4431.19,3604.119,707.352,3470.675,2890.097,636.794,0.902,3346.567
MRM,Budget,260923002,2026,9,23,2,2026-9,153959.9,120515.696,4988.301,15726.36,0,83283.564,5234.637,3140.782,55.694,17.132,10.795,408.741,0.835,0.98,0.925,0.895,0.955,0.884,0.95,5.919,674.442,3950.932,3247.108,11.465,14.779,186.188,531,45,6,2,61.54,20.155,12.267,441.882,70.324,83283.564,294555.912,634.344,158948.201,136242.055,27.847,8.566,218.092,27.847,8.566,190.649,30.77,10.078,235.775,30.77,10.078,206.107,4.934,7.17,8.973,3.224,4431.19,3604.119,707.352,3470.675,2890.097,636.794,0.902,3346.567
MRM,Budget,260924001,2026,9,24,1,2026-9,153959.9,120515.696,4988.301,15726.36,0,83283.564,5234.637,3140.782,55.694,17.132,10.795,408.741,0.835,0.98,0.925,0.895,0.955,0.884,0.95,5.919,674.442,3950.932,3247.108,11.465,14.779,186.188,532,45,6,2,61.54,20.155,12.267,441.882,70.324,83283.564,294555.912,634.344,158948.201,136242.055,27.847,8.566,218.092,27.847,8.566,190.649,30.77,10.078,235.775,30.77,10.078,206.107,4.934,7.17,8.973,3.224,4431.19,3604.119,707.352,3470.675,2890.097,636.794,0.902,3346.567
MRM,Budget,260924002,2026,9,24,2,2026-9,153959.9,120515.696,4988.301,15726.36,0,83283.564,5234.637,3140.782,55.694,17.132,10.795,408.741,0.835,0.98,0.925,0.895,0.955,0.884,0.95,5.919,674.442,3950.932,3247.108,11.465,14.779,186.188,533,45,6,2,61.54,20.155,12.267,441.882,70.324,83283.564,294555.912,634.344,158948.201,136242.055,27.847,8.566,218.092,27.847,8.566,190.649,30.77,10.078,235.775,30.77,10.078,206.107,4.934,7.17,8.973,3.224,4431.19,3604.119,707.352,3470.675,2890.097,636.794,0.902,3346.567
MRM,Budget,260925001,2026,9,25,1,2026-9,153959.9,120515.696,4988.301,15726.36,0,83283.564,5234.637,3140.782,55.694,17.132,10.795,408.741,0.835,0.98,0.925,0.895,0.955,0.884,0.95,5.919,674.442,3950.932,3247.108,11.465,14.779,186.188,534,45,6,2,61.54,20.155,12.267,441.882,70.324,83283.564,294555.912,634.344,158948.201,136242.055,27.847,8.566,218.092,27.847,8.566,190.649,30.77,10.078,235.775,30.77,10.078,206.107,4.934,7.17,8.973,3.224,4431.19,3604.119,707.352,3470.675,2890.097,636.794,0.902,3346.567
MRM,Budget,260925002,2026,9,25,2,2026-9,153959.9,120515.696,4988.301,15726.36,0,83283.564,5234.637,3140.782,55.694,17.132,10.795,408.741,0.835,0.98,0.925,0.895,0.955,0.884,0.95,5.919,674.442,3950.932,3247.108,11.465,14.779,186.188,535,45,6,2,61.54,20.155,12.267,441.882,70.324,83283.564,294555.912,634.344,158948.201,136242.055,27.847,8.566,218.092,27.847,8.566,190.649,30.77,10.078,235.775,30.77,10.078,206.107,4.934,7.17,8.973,3.224,4431.19,3604.119,707.352,3470.675,2890.097,636.794,0.902,3346.567
MRM,Budget,260926001,2026,9,26,1,2026-9,153959.9,120515.696,4988.301,15726.36,0,83283.564,5234.637,3140.782,55.694,17.132,10.795,408.741,0.835,0.98,0.925,0.895,0.955,0.884,0.95,5.919,674.442,3950.932,3247.108,11.465,14.779,186.188,536,45,6,2,61.54,20.155,12.267,441.882,70.324,83283.564,294555.912,634.344,158948.201,136242.055,27.847,8.566,218.092,27.847,8.566,190.649,30.77,10.078,235.775,30.77,10.078,206.107,4.934,7.17,8.973,3.224,4431.19,3604.119,707.352,3470.675,2890.097,636.794,0.902,3346.567
MRM,Budget,260926002,2026,9,26,2,2026-9,153959.9,120515.696,4988.301,15726.36,0,83283.564,5234.637,3140.782,55.694,17.132,10.795,408.741,0.835,0.98,0.925,0.895,0.955,0.884,0.95,5.919,674.442,3950.932,3247.108,11.465,14.779,186.188,537,45,6,2,61.54,20.155,12.267,441.882,70.324,83283.564,294555.912,634.344,158948.201,136242.055,27.847,8.566,218.092,27.847,8.566,190.649,30.77,10.078,235.775,30.77,10.078,206.107,4.934,7.17,8.973,3.224,4431.19,3604.119,707.352,3470.675,2890.097,636.794,0.902,3346.567
MRM,Budget,260927001,2026,9,27,1,2026-9,153959.9,120515.696,4988.301,15726.36,0,83283.564,5234.637,3140.782,55.694,17.132,10.795,408.741,0.835,0.98,0.925,0.895,0.955,0.884,0.95,5.919,674.442,3950.932,3247.108,11.465,14.779,186.188,538,45,6,2,61.54,20.155,12.267,441.882,70.324,83283.564,294555.912,634.344,158948.201,136242.055,27.847,8.566,218.092,27.847,8.566,190.649,30.77,10.078,235.775,30.77,10.078,206.107,4.934,7.17,8.973,3.224,4431.19,3604.119,707.352,3470.675,2890.097,636.794,0.902,3346.567
MRM,Budget,260927002,2026,9,27,2,2026-9,153959.9,120515.696,4988.301,15726.36,0,83283.564,5234.637,3140.782,55.694,17.132,10.795,408.741,0.835,0.98,0.925,0.895,0.955,0.884,0.95,5.919,674.442,3950.932,3247.108,11.465,14.779,186.188,539,45,6,2,61.54,20.155,12.267,441.882,70.324,83283.564,294555.912,634.344,158948.201,136242.055,27.847,8.566,218.092,27.847,8.566,190.649,30.77,10.078,235.775,30.77,10.078,206.107,4.934,7.17,8.973,3.224,4431.19,3604.119,707.352,3470.675,2890.097,636.794,0.902,3346.567
MRM,Budget,260928001,2026,9,28,1,2026-9,153959.9,120515.696,4988.301,15726.36,0,83283.564,5234.637,3140.782,55.694,17.132,10.795,408.741,0.835,0.98,0.925,0.895,0.955,0.884,0.95,5.919,674.442,3950.932,3247.108,11.465,14.779,186.188,540,45,6,2,61.54,20.155,12.267,441.882,70.324,83283.564,294555.912,634.344,158948.201,136242.055,27.847,8.566,218.092,27.847,8.566,190.649,30.77,10.078,235.775,30.77,10.078,206.107,4.934,7.17,8.973,3.224,4431.19,3604.119,707.352,3470.675,2890.097,636.794,0.902,3346.567
MRM,Budget,260928002,2026,9,28,2,2026-9,153959.9,120515.696,4988.301,15726.36,0,83283.564,5234.637,3140.782,55.694,17.132,10.795,408.741,0.835,0.98,0.925,0.895,0.955,0.884,0.95,5.919,674.442,3950.932,3247.108,11.465,14.779,186.188,541,45,6,2,61.54,20.155,12.267,441.882,70.324,83283.564,294555.912,634.344,158948.201,136242.055,27.847,8.566,218.092,27.847,8.566,190.649,30.77,10.078,235.775,30.77,10.078,206.107,4.934,7.17,8.973,3.224,4431.19,3604.119,707.352,3470.675,2890.097,636.794,0.902,3346.567
MRM,Budget,260929001,2026,9,29,1,2026-9,153959.9,120515.696,4988.301,15726.36,0,83283.564,5234.637,3140.782,55.694,17.132,10.795,408.741,0.835,0.98,0.925,0.895,0.955,0.884,0.95,5.919,674.442,3950.932,3247.108,11.465,14.779,186.188,542,45,6,2,61.54,20.155,12.267,441.882,70.324,83283.564,294555.912,634.344,158948.201,136242.055,27.847,8.566,218.092,27.847,8.566,190.649,30.77,10.078,235.775,30.77,10.078,206.107,4.934,7.17,8.973,3.224,4431.19,3604.119,707.352,3470.675,2890.097,636.794,0.902,3346.567
MRM,Budget,260929002,2026,9,29,2,2026-9,153959.9,120515.696,4988.301,15726.36,0,83283.564,5234.637,3140.782,55.694,17.132,10.795,408.741,0.835,0.98,0.925,0.895,0.955,0.884,0.95,5.919,674.442,3950.932,3247.108,11.465,14.779,186.188,543,45,6,2,61.54,20.155,12.267,441.882,70.324,83283.564,294555.912,634.344,158948.201,136242.055,27.847,8.566,218.092,27.847,8.566,190.649,30.77,10.078,235.775,30.77,10.078,206.107,4.934,7.17,8.973,3.224,4431.19,3604.119,707.352,3470.675,2890.097,636.794,0.902,3346.567
MRM,Budget,260930001,2026,9,30,1,2026-9,153959.9,120515.696,4988.301,15726.36,0,83283.564,5234.637,3140.782,55.694,17.132,10.795,408.741,0.835,0.98,0.925,0.895,0.955,0.884,0.95,5.919,674.442,3950.932,3247.108,11.465,14.779,186.188,544,45,6,2,61.54,20.155,12.267,441.882,70.324,83283.564,294555.912,634.344,158948.201,136242.055,27.847,8.566,218.092,27.847,8.566,190.649,30.77,10.078,235.775,30.77,10.078,206.107,4.934,7.17,8.973,3.224,4431.19,3604.119,707.352,3470.675,2890.097,636.794,0.902,3346.567
MRM,Budget,260930002,2026,9,30,2,2026-9,153959.9,120515.696,4988.301,15726.36,0,83283.564,5234.637,3140.782,55.694,17.132,10.795,408.741,0.835,0.98,0.925,0.895,0.955,0.884,0.95,5.919,674.442,3950.932,3247.108,11.465,14.779,186.188,545,45,6,2,61.54,20.155,12.267,441.882,70.324,83283.564,294555.912,634.344,158948.201,136242.055,27.847,8.566,218.092,27.847,8.566,190.649,30.77,10.078,235.775,30.77,10.078,206.107,4.934,7.17,8.973,3.224,4431.19,3604.119,707.352,3470.675,2890.097,636.794,0.902,3346.567
MRM,Budget,261001001,2026,10,1,1,2026-10,133405.522,138243.794,5176.134,14998.935,0,97186.082,5736.437,3441.862,46.412,17.132,9.031,408.741,0.835,0.98,0.925,0.895,0.955,0.884,0.95,6.178,669.312,4528.363,3701.079,11.079,16.171,187.078,546,45,5,2,51.284,20.155,10.262,441.882,64.596,97186.082,291210.504,613.881,138581.657,153242.728,23.206,6.853,182.515,23.206,10.279,226.226,25.642,8.062,197.313,25.642,12.093,244.569,4.878,7.422,10.933,3.82,4647.369,3788.235,733.122,4409.357,3642.974,617.83,0.902,2711.577
MRM,Budget,261001002,2026,10,1,2,2026-10,133405.522,138243.794,5176.134,14998.935,0,97186.082,5736.437,3441.862,46.412,17.132,9.031,408.741,0.835,0.98,0.925,0.895,0.955,0.884,0.95,6.178,669.312,4528.363,3701.079,11.079,16.171,187.078,547,45,5,2,51.284,20.155,10.262,441.882,64.596,97186.082,291210.504,613.881,138581.657,153242.728,23.206,6.853,182.515,23.206,10.279,226.226,25.642,8.062,197.313,25.642,12.093,244.569,4.878,7.422,10.933,3.82,4647.369,3788.235,733.122,4409.357,3642.974,617.83,0.902,2711.577
MRM,Budget,261002001,2026,10,2,1,2026-10,133405.522,138243.794,5176.134,14998.935,0,97186.082,5736.437,3441.862,46.412,17.132,9.031,408.741,0.835,0.98,0.925,0.895,0.955,0.884,0.95,6.178,669.312,4528.363,3701.079,11.079,16.171,187.078,548,45,5,2,51.284,20.155,10.262,441.882,64.596,97186.082,291210.504,613.881,138581.657,153242.728,23.206,6.853,182.515,23.206,10.279,226.226,25.642,8.062,197.313,25.642,12.093,244.569,4.878,7.422,10.933,3.82,4647.369,3788.235,733.122,4409.357,3642.974,617.83,0.902,2711.577
MRM,Budget,261002002,2026,10,2,2,2026-10,133405.522,138243.794,5176.134,14998.935,0,97186.082,5736.437,3441.862,46.412,17.132,9.031,408.741,0.835,0.98,0.925,0.895,0.955,0.884,0.95,6.178,669.312,4528.363,3701.079,11.079,16.171,187.078,549,45,5,2,51.284,20.155,10.262,441.882,64.596,97186.082,291210.504,613.881,138581.657,153242.728,23.206,6.853,182.515,23.206,10.279,226.226,25.642,8.062,197.313,25.642,12.093,244.569,4.878,7.422,10.933,3.82,4647.369,3788.235,733.122,4409.357,3642.974,617.83,0.902,2711.577
MRM,Budget,261003001,2026,10,3,1,2026-10,133405.522,138243.794,5176.134,14998.935,0,97186.082,5736.437,3441.862,46.412,17.132,9.031,408.741,0.835,0.98,0.925,0.895,0.955,0.884,0.95,6.178,669.312,4528.363,3701.079,11.079,16.171,187.078,550,45,5,2,51.284,20.155,10.262,441.882,64.596,97186.082,291210.504,613.881,138581.657,153242.728,23.206,6.853,182.515,23.206,10.279,226.226,25.642,8.062,197.313,25.642,12.093,244.569,4.878,7.422,10.933,3.82,4647.369,3788.235,733.122,4409.357,3642.974,617.83,0.902,2711.577
MRM,Budget,261003002,2026,10,3,2,2026-10,133405.522,138243.794,5176.134,14998.935,0,97186.082,5736.437,3441.862,46.412,17.132,9.031,408.741,0.835,0.98,0.925,0.895,0.955,0.884,0.95,6.178,669.312,4528.363,3701.079,11.079,16.171,187.078,551,45,5,2,51.284,20.155,10.262,441.882,64.596,97186.082,291210.504,613.881,138581.657,153242.728,23.206,6.853,182.515,23.206,10.279,226.226,25.642,8.062,197.313,25.642,12.093,244.569,4.878,7.422,10.933,3.82,4647.369,3788.235,733.122,4409.357,3642.974,617.83,0.902,2711.577
MRM,Budget,261004001,2026,10,4,1,2026-10,133405.522,138243.794,5176.134,14998.935,0,97186.082,5736.437,3441.862,46.412,17.132,9.031,408.741,0.835,0.98,0.925,0.895,0.955,0.884,0.95,6.178,669.312,4528.363,3701.079,11.079,16.171,187.078,552,45,5,2,51.284,20.155,10.262,441.882,64.596,97186.082,291210.504,613.881,138581.657,153242.728,23.206,6.853,182.515,23.206,10.279,226.226,25.642,8.062,197.313,25.642,12.093,244.569,4.878,7.422,10.933,3.82,4647.369,3788.235,733.122,4409.357,3642.974,617.83,0.902,2711.577
MRM,Budget,261004002,2026,10,4,2,2026-10,133405.522,138243.794,5176.134,14998.935,0,97186.082,5736.437,3441.862,46.412,17.132,9.031,408.741,0.835,0.98,0.925,0.895,0.955,0.884,0.95,6.178,669.312,4528.363,3701.079,11.079,16.171,187.078,553,45,5,2,51.284,20.155,10.262,441.882,64.596,97186.082,291210.504,613.881,138581.657,153242.728,23.206,6.853,182.515,23.206,10.279,226.226,25.642,8.062,197.313,25.642,12.093,244.569,4.878,7.422,10.933,3.82,4647.369,3788.235,733.122,4409.357,3642.974,617.83,0.902,2711.577
MRM,Budget,261005001,2026,10,5,1,2026-10,133405.522,138243.794,5176.134,14998.935,0,97186.082,5736.437,3441.862,46.412,17.132,9.031,408.741,0.835,0.98,0.925,0.895,0.955,0.884,0.95,6.178,669.312,4528.363,3701.079,11.079,16.171,187.078,554,45,5,2,51.284,20.155,10.262,441.882,64.596,97186.082,291210.504,613.881,138581.657,153242.728,23.206,6.853,182.515,23.206,10.279,226.226,25.642,8.062,197.313,25.642,12.093,244.569,4.878,7.422,10.933,3.82,4647.369,3788.235,733.122,4409.357,3642.974,617.83,0.902,2711.577
MRM,Budget,261005002,2026,10,5,2,2026-10,133405.522,138243.794,5176.134,14998.935,0,97186.082,5736.437,3441.862,46.412,17.132,9.031,408.741,0.835,0.98,0.925,0.895,0.955,0.884,0.95,6.178,669.312,4528.363,3701.079,11.079,16.171,187.078,555,45,5,2,51.284,20.155,10.262,441.882,64.596,97186.082,291210.504,613.881,138581.657,153242.728,23.206,6.853,182.515,23.206,10.279,226.226,25.642,8.062,197.313,25.642,12.093,244.569,4.878,7.422,10.933,3.82,4647.369,3788.235,733.122,4409.357,3642.974,617.83,0.902,2711.577
MRM,Budget,261006001,2026,10,6,1,2026-10,133405.522,138243.794,5176.134,14998.935,0,97186.082,5736.437,3441.862,46.412,17.132,9.031,408.741,0.835,0.98,0.925,0.895,0.955,0.884,0.95,6.178,669.312,4528.363,3701.079,11.079,16.171,187.078,556,45,5,2,51.284,20.155,10.262,441.882,64.596,97186.082,291210.504,613.881,138581.657,153242.728,23.206,6.853,182.515,23.206,10.279,226.226,25.642,8.062,197.313,25.642,12.093,244.569,4.878,7.422,10.933,3.82,4647.369,3788.235,733.122,4409.357,3642.974,617.83,0.902,2711.577
MRM,Budget,261006002,2026,10,6,2,2026-10,133405.522,138243.794,5176.134,14998.935,0,97186.082,5736.437,3441.862,46.412,17.132,9.031,408.741,0.835,0.98,0.925,0.895,0.955,0.884,0.95,6.178,669.312,4528.363,3701.079,11.079,16.171,187.078,557,45,5,2,51.284,20.155,10.262,441.882,64.596,97186.082,291210.504,613.881,138581.657,153242.728,23.206,6.853,182.515,23.206,10.279,226.226,25.642,8.062,197.313,25.642,12.093,244.569,4.878,7.422,10.933,3.82,4647.369,3788.235,733.122,4409.357,3642.974,617.83,0.902,2711.577
MRM,Budget,261007001,2026,10,7,1,2026-10,133405.522,138243.794,5176.134,14998.935,0,97186.082,5736.437,3441.862,46.412,17.132,9.031,408.741,0.835,0.98,0.925,0.895,0.955,0.884,0.95,6.178,669.312,4528.363,3701.079,11.079,16.171,187.078,558,45,5,2,51.284,20.155,10.262,441.882,64.596,97186.082,291210.504,613.881,138581.657,153242.728,23.206,6.853,182.515,23.206,10.279,226.226,25.642,8.062,197.313,25.642,12.093,244.569,4.878,7.422,10.933,3.82,4647.369,3788.235,733.122,4409.357,3642.974,617.83,0.902,2711.577
MRM,Budget,261007002,2026,10,7,2,2026-10,133405.522,138243.794,5176.134,14998.935,0,97186.082,5736.437,3441.862,46.412,17.132,9.031,408.741,0.835,0.98,0.925,0.895,0.955,0.884,0.95,6.178,669.312,4528.363,3701.079,11.079,16.171,187.078,559,45,5,2,51.284,20.155,10.262,441.882,64.596,97186.082,291210.504,613.881,138581.657,153242.728,23.206,6.853,182.515,23.206,10.279,226.226,25.642,8.062,197.313,25.642,12.093,244.569,4.878,7.422,10.933,3.82,4647.369,3788.235,733.122,4409.357,3642.974,617.83,0.902,2711.577
MRM,Budget,261008001,2026,10,8,1,2026-10,133405.522,138243.794,5176.134,14998.935,0,97186.082,5736.437,3441.862,46.412,17.132,9.031,408.741,0.835,0.98,0.925,0.895,0.955,0.884,0.95,6.178,669.312,4528.363,3701.079,11.079,16.171,187.078,560,45,5,2,51.284,20.155,10.262,441.882,64.596,97186.082,291210.504,613.881,138581.657,153242.728,23.206,6.853,182.515,23.206,10.279,226.226,25.642,8.062,197.313,25.642,12.093,244.569,4.878,7.422,10.933,3.82,4647.369,3788.235,733.122,4409.357,3642.974,617.83,0.902,2711.577
MRM,Budget,261008002,2026,10,8,2,2026-10,133405.522,138243.794,5176.134,14998.935,0,97186.082,5736.437,3441.862,46.412,17.132,9.031,408.741,0.835,0.98,0.925,0.895,0.955,0.884,0.95,6.178,669.312,4528.363,3701.079,11.079,16.171,187.078,561,45,5,2,51.284,20.155,10.262,441.882,64.596,97186.082,291210.504,613.881,138581.657,153242.728,23.206,6.853,182.515,23.206,10.279,226.226,25.642,8.062,197.313,25.642,12.093,244.569,4.878,7.422,10.933,3.82,4647.369,3788.235,733.122,4409.357,3642.974,617.83,0.902,2711.577
MRM,Budget,261009001,2026,10,9,1,2026-10,133405.522,138243.794,5176.134,14998.935,0,97186.082,5736.437,3441.862,46.412,17.132,9.031,408.741,0.835,0.98,0.925,0.895,0.955,0.884,0.95,6.178,669.312,4528.363,3701.079,11.079,16.171,187.078,562,45,5,2,51.284,20.155,10.262,441.882,64.596,97186.082,291210.504,613.881,138581.657,153242.728,23.206,6.853,182.515,23.206,10.279,226.226,25.642,8.062,197.313,25.642,12.093,244.569,4.878,7.422,10.933,3.82,4647.369,3788.235,733.122,4409.357,3642.974,617.83,0.902,2711.577
MRM,Budget,261009002,2026,10,9,2,2026-10,133405.522,138243.794,5176.134,14998.935,0,97186.082,5736.437,3441.862,46.412,17.132,9.031,408.741,0.835,0.98,0.925,0.895,0.955,0.884,0.95,6.178,669.312,4528.363,3701.079,11.079,16.171,187.078,563,45,5,2,51.284,20.155,10.262,441.882,64.596,97186.082,291210.504,613.881,138581.657,153242.728,23.206,6.853,182.515,23.206,10.279,226.226,25.642,8.062,197.313,25.642,12.093,244.569,4.878,7.422,10.933,3.82,4647.369,3788.235,733.122,4409.357,3642.974,617.83,0.902,2711.577
MRM,Budget,261010001,2026,10,10,1,2026-10,133405.522,138243.794,5176.134,14998.935,0,97186.082,5736.437,3441.862,46.412,17.132,9.031,408.741,0.835,0.98,0.925,0.895,0.955,0.884,0.95,6.178,669.312,4528.363,3701.079,11.079,16.171,187.078,564,45,5,2,51.284,20.155,10.262,441.882,64.596,97186.082,291210.504,613.881,138581.657,153242.728,23.206,6.853,182.515,23.206,10.279,226.226,25.642,8.062,197.313,25.642,12.093,244.569,4.878,7.422,10.933,3.82,4647.369,3788.235,733.122,4409.357,3642.974,617.83,0.902,2711.577
MRM,Budget,261010002,2026,10,10,2,2026-10,133405.522,138243.794,5176.134,14998.935,0,97186.082,5736.437,3441.862,46.412,17.132,9.031,408.741,0.835,0.98,0.925,0.895,0.955,0.884,0.95,6.178,669.312,4528.363,3701.079,11.079,16.171,187.078,565,45,5,2,51.284,20.155,10.262,441.882,64.596,97186.082,291210.504,613.881,138581.657,153242.728,23.206,6.853,182.515,23.206,10.279,226.226,25.642,8.062,197.313,25.642,12.093,244.569,4.878,7.422,10.933,3.82,4647.369,3788.235,733.122,4409.357,3642.974,617.83,0.902,2711.577
MRM,Budget,261011001,2026,10,11,1,2026-10,133405.522,138243.794,5176.134,14998.935,0,97186.082,5736.437,3441.862,46.412,17.132,9.031,408.741,0.835,0.98,0.925,0.895,0.955,0.884,0.95,6.178,669.312,4528.363,3701.079,11.079,16.171,187.078,566,45,5,2,51.284,20.155,10.262,441.882,64.596,97186.082,291210.504,613.881,138581.657,153242.728,23.206,6.853,182.515,23.206,10.279,226.226,25.642,8.062,197.313,25.642,12.093,244.569,4.878,7.422,10.933,3.82,4647.369,3788.235,733.122,4409.357,3642.974,617.83,0.902,2711.577
MRM,Budget,261011002,2026,10,11,2,2026-10,133405.522,138243.794,5176.134,14998.935,0,97186.082,5736.437,3441.862,46.412,17.132,9.031,408.741,0.835,0.98,0.925,0.895,0.955,0.884,0.95,6.178,669.312,4528.363,3701.079,11.079,16.171,187.078,567,45,5,2,51.284,20.155,10.262,441.882,64.596,97186.082,291210.504,613.881,138581.657,153242.728,23.206,6.853,182.515,23.206,10.279,226.226,25.642,8.062,197.313,25.642,12.093,244.569,4.878,7.422,10.933,3.82,4647.369,3788.235,733.122,4409.357,3642.974,617.83,0.902,2711.577
MRM,Budget,261012001,2026,10,12,1,2026-10,133405.522,138243.794,5176.134,14998.935,0,97186.082,5736.437,3441.862,46.412,17.132,9.031,408.741,0.835,0.98,0.925,0.895,0.955,0.884,0.95,6.178,669.312,4528.363,3701.079,11.079,16.171,187.078,568,45,5,2,51.284,20.155,10.262,441.882,64.596,97186.082,291210.504,613.881,138581.657,153242.728,23.206,6.853,182.515,23.206,10.279,226.226,25.642,8.062,197.313,25.642,12.093,244.569,4.878,7.422,10.933,3.82,4647.369,3788.235,733.122,4409.357,3642.974,617.83,0.902,2711.577
MRM,Budget,261012002,2026,10,12,2,2026-10,133405.522,138243.794,5176.134,14998.935,0,97186.082,5736.437,3441.862,46.412,17.132,9.031,408.741,0.835,0.98,0.925,0.895,0.955,0.884,0.95,6.178,669.312,4528.363,3701.079,11.079,16.171,187.078,569,45,5,2,51.284,20.155,10.262,441.882,64.596,97186.082,291210.504,613.881,138581.657,153242.728,23.206,6.853,182.515,23.206,10.279,226.226,25.642,8.062,197.313,25.642,12.093,244.569,4.878,7.422,10.933,3.82,4647.369,3788.235,733.122,4409.357,3642.974,617.83,0.902,2711.577
MRM,Budget,261013001,2026,10,13,1,2026-10,133405.522,138243.794,5176.134,14998.935,0,97186.082,5736.437,3441.862,46.412,17.132,9.031,408.741,0.835,0.98,0.925,0.895,0.955,0.884,0.95,6.178,669.312,4528.363,3701.079,11.079,16.171,187.078,570,45,5,2,51.284,20.155,10.262,441.882,64.596,97186.082,291210.504,613.881,138581.657,153242.728,23.206,6.853,182.515,23.206,10.279,226.226,25.642,8.062,197.313,25.642,12.093,244.569,4.878,7.422,10.933,3.82,4647.369,3788.235,733.122,4409.357,3642.974,617.83,0.902,2711.577
MRM,Budget,261013002,2026,10,13,2,2026-10,133405.522,138243.794,5176.134,14998.935,0,97186.082,5736.437,3441.862,46.412,17.132,9.031,408.741,0.835,0.98,0.925,0.895,0.955,0.884,0.95,6.178,669.312,4528.363,3701.079,11.079,16.171,187.078,571,45,5,2,51.284,20.155,10.262,441.882,64.596,97186.082,291210.504,613.881,138581.657,153242.728,23.206,6.853,182.515,23.206,10.279,226.226,25.642,8.062,197.313,25.642,12.093,244.569,4.878,7.422,10.933,3.82,4647.369,3788.235,733.122,4409.357,3642.974,617.83,0.902,2711.577
MRM,Budget,261014001,2026,10,14,1,2026-10,133405.522,138243.794,5176.134,14998.935,0,97186.082,5736.437,3441.862,46.412,17.132,9.031,408.741,0.835,0.98,0.925,0.895,0.955,0.884,0.95,6.178,669.312,4528.363,3701.079,11.079,16.171,187.078,572,45,5,2,51.284,20.155,10.262,441.882,64.596,97186.082,291210.504,613.881,138581.657,153242.728,23.206,6.853,182.515,23.206,10.279,226.226,25.642,8.062,197.313,25.642,12.093,244.569,4.878,7.422,10.933,3.82,4647.369,3788.235,733.122,4409.357,3642.974,617.83,0.902,2711.577
MRM,Budget,261014002,2026,10,14,2,2026-10,133405.522,138243.794,5176.134,14998.935,0,97186.082,5736.437,3441.862,46.412,17.132,9.031,408.741,0.835,0.98,0.925,0.895,0.955,0.884,0.95,6.178,669.312,4528.363,3701.079,11.079,16.171,187.078,573,45,5,2,51.284,20.155,10.262,441.882,64.596,97186.082,291210.504,613.881,138581.657,153242.728,23.206,6.853,182.515,23.206,10.279,226.226,25.642,8.062,197.313,25.642,12.093,244.569,4.878,7.422,10.933,3.82,4647.369,3788.235,733.122,4409.357,3642.974,617.83,0.902,2711.577
MRM,Budget,261015001,2026,10,15,1,2026-10,133405.522,138243.794,5176.134,14998.935,0,97186.082,5736.437,3441.862,46.412,17.132,9.031,408.741,0.835,0.98,0.925,0.895,0.955,0.884,0.95,6.178,669.312,4528.363,3701.079,11.079,16.171,187.078,574,45,5,2,51.284,20.155,10.262,441.882,64.596,97186.082,291210.504,613.881,138581.657,153242.728,23.206,6.853,182.515,23.206,10.279,226.226,25.642,8.062,197.313,25.642,12.093,244.569,4.878,7.422,10.933,3.82,4647.369,3788.235,733.122,4409.357,3642.974,617.83,0.902,2711.577
MRM,Budget,261015002,2026,10,15,2,2026-10,133405.522,138243.794,5176.134,14998.935,0,97186.082,5736.437,3441.862,46.412,17.132,9.031,408.741,0.835,0.98,0.925,0.895,0.955,0.884,0.95,6.178,669.312,4528.363,3701.079,11.079,16.171,187.078,575,45,5,2,51.284,20.155,10.262,441.882,64.596,97186.082,291210.504,613.881,138581.657,153242.728,23.206,6.853,182.515,23.206,10.279,226.226,25.642,8.062,197.313,25.642,12.093,244.569,4.878,7.422,10.933,3.82,4647.369,3788.235,733.122,4409.357,3642.974,617.83,0.902,2711.577
MRM,Budget,261016001,2026,10,16,1,2026-10,133405.522,138243.794,5176.134,14998.935,0,97186.082,5736.437,3441.862,46.412,17.132,9.031,408.741,0.835,0.98,0.925,0.895,0.955,0.884,0.95,6.178,669.312,4528.363,3701.079,11.079,16.171,187.078,576,45,5,2,51.284,20.155,10.262,441.882,64.596,97186.082,291210.504,613.881,138581.657,153242.728,23.206,6.853,182.515,23.206,10.279,226.226,25.642,8.062,197.313,25.642,12.093,244.569,4.878,7.422,10.933,3.82,4647.369,3788.235,733.122,4409.357,3642.974,617.83,0.902,2711.577
MRM,Budget,261016002,2026,10,16,2,2026-10,133405.522,138243.794,5176.134,14998.935,0,97186.082,5736.437,3441.862,46.412,17.132,9.031,408.741,0.835,0.98,0.925,0.895,0.955,0.884,0.95,6.178,669.312,4528.363,3701.079,11.079,16.171,187.078,577,45,5,2,51.284,20.155,10.262,441.882,64.596,97186.082,291210.504,613.881,138581.657,153242.728,23.206,6.853,182.515,23.206,10.279,226.226,25.642,8.062,197.313,25.642,12.093,244.569,4.878,7.422,10.933,3.82,4647.369,3788.235,733.122,4409.357,3642.974,617.83,0.902,2711.577
MRM,Budget,261017001,2026,10,17,1,2026-10,133405.522,138243.794,5176.134,14998.935,0,97186.082,5736.437,3441.862,46.412,17.132,9.031,408.741,0.835,0.98,0.925,0.895,0.955,0.884,0.95,6.178,669.312,4528.363,3701.079,11.079,16.171,187.078,578,45,5,2,51.284,20.155,10.262,441.882,64.596,97186.082,291210.504,613.881,138581.657,153242.728,23.206,6.853,182.515,23.206,10.279,226.226,25.642,8.062,197.313,25.642,12.093,244.569,4.878,7.422,10.933,3.82,4647.369,3788.235,733.122,4409.357,3642.974,617.83,0.902,2711.577
MRM,Budget,261017002,2026,10,17,2,2026-10,133405.522,138243.794,5176.134,14998.935,0,97186.082,5736.437,3441.862,46.412,17.132,9.031,408.741,0.835,0.98,0.925,0.895,0.955,0.884,0.95,6.178,669.312,4528.363,3701.079,11.079,16.171,187.078,579,45,5,2,51.284,20.155,10.262,441.882,64.596,97186.082,291210.504,613.881,138581.657,153242.728,23.206,6.853,182.515,23.206,10.279,226.226,25.642,8.062,197.313,25.642,12.093,244.569,4.878,7.422,10.933,3.82,4647.369,3788.235,733.122,4409.357,3642.974,617.83,0.902,2711.577
MRM,Budget,261018001,2026,10,18,1,2026-10,133405.522,138243.794,5176.134,14998.935,0,97186.082,5736.437,3441.862,46.412,17.132,9.031,408.741,0.835,0.98,0.925,0.895,0.955,0.884,0.95,6.178,669.312,4528.363,3701.079,11.079,16.171,187.078,580,45,5,2,51.284,20.155,10.262,441.882,64.596,97186.082,291210.504,613.881,138581.657,153242.728,23.206,6.853,182.515,23.206,10.279,226.226,25.642,8.062,197.313,25.642,12.093,244.569,4.878,7.422,10.933,3.82,4647.369,3788.235,733.122,4409.357,3642.974,617.83,0.902,2711.577
MRM,Budget,261018002,2026,10,18,2,2026-10,133405.522,138243.794,5176.134,14998.935,0,97186.082,5736.437,3441.862,46.412,17.132,9.031,408.741,0.835,0.98,0.925,0.895,0.955,0.884,0.95,6.178,669.312,4528.363,3701.079,11.079,16.171,187.078,581,45,5,2,51.284,20.155,10.262,441.882,64.596,97186.082,291210.504,613.881,138581.657,153242.728,23.206,6.853,182.515,23.206,10.279,226.226,25.642,8.062,197.313,25.642,12.093,244.569,4.878,7.422,10.933,3.82,4647.369,3788.235,733.122,4409.357,3642.974,617.83,0.902,2711.577
MRM,Budget,261019001,2026,10,19,1,2026-10,133405.522,138243.794,5176.134,14998.935,0,97186.082,5736.437,3441.862,46.412,17.132,9.031,408.741,0.835,0.98,0.925,0.895,0.955,0.884,0.95,6.178,669.312,4528.363,3701.079,11.079,16.171,187.078,582,45,5,2,51.284,20.155,10.262,441.882,64.596,97186.082,291210.504,613.881,138581.657,153242.728,23.206,6.853,182.515,23.206,10.279,226.226,25.642,8.062,197.313,25.642,12.093,244.569,4.878,7.422,10.933,3.82,4647.369,3788.235,733.122,4409.357,3642.974,617.83,0.902,2711.577
MRM,Budget,261019002,2026,10,19,2,2026-10,133405.522,138243.794,5176.134,14998.935,0,97186.082,5736.437,3441.862,46.412,17.132,9.031,408.741,0.835,0.98,0.925,0.895,0.955,0.884,0.95,6.178,669.312,4528.363,3701.079,11.079,16.171,187.078,583,45,5,2,51.284,20.155,10.262,441.882,64.596,97186.082,291210.504,613.881,138581.657,153242.728,23.206,6.853,182.515,23.206,10.279,226.226,25.642,8.062,197.313,25.642,12.093,244.569,4.878,7.422,10.933,3.82,4647.369,3788.235,733.122,4409.357,3642.974,617.83,0.902,2711.577
MRM,Budget,261020001,2026,10,20,1,2026-10,133405.522,138243.794,5176.134,14998.935,0,97186.082,5736.437,3441.862,46.412,17.132,9.031,408.741,0.835,0.98,0.925,0.895,0.955,0.884,0.95,6.178,669.312,4528.363,3701.079,11.079,16.171,187.078,584,45,5,2,51.284,20.155,10.262,441.882,64.596,97186.082,291210.504,613.881,138581.657,153242.728,23.206,6.853,182.515,23.206,10.279,226.226,25.642,8.062,197.313,25.642,12.093,244.569,4.878,7.422,10.933,3.82,4647.369,3788.235,733.122,4409.357,3642.974,617.83,0.902,2711.577
MRM,Budget,261020002,2026,10,20,2,2026-10,133405.522,138243.794,5176.134,14998.935,0,97186.082,5736.437,3441.862,46.412,17.132,9.031,408.741,0.835,0.98,0.925,0.895,0.955,0.884,0.95,6.178,669.312,4528.363,3701.079,11.079,16.171,187.078,585,45,5,2,51.284,20.155,10.262,441.882,64.596,97186.082,291210.504,613.881,138581.657,153242.728,23.206,6.853,182.515,23.206,10.279,226.226,25.642,8.062,197.313,25.642,12.093,244.569,4.878,7.422,10.933,3.82,4647.369,3788.235,733.122,4409.357,3642.974,617.83,0.902,2711.577
MRM,Budget,261021001,2026,10,21,1,2026-10,133405.522,138243.794,5176.134,14998.935,0,97186.082,5736.437,3441.862,46.412,17.132,9.031,408.741,0.835,0.98,0.925,0.895,0.955,0.884,0.95,6.178,669.312,4528.363,3701.079,11.079,16.171,187.078,586,45,5,2,51.284,20.155,10.262,441.882,64.596,97186.082,291210.504,613.881,138581.657,153242.728,23.206,6.853,182.515,23.206,10.279,226.226,25.642,8.062,197.313,25.642,12.093,244.569,4.878,7.422,10.933,3.82,4647.369,3788.235,733.122,4409.357,3642.974,617.83,0.902,2711.577
MRM,Budget,261021002,2026,10,21,2,2026-10,133405.522,138243.794,5176.134,14998.935,0,97186.082,5736.437,3441.862,46.412,17.132,9.031,408.741,0.835,0.98,0.925,0.895,0.955,0.884,0.95,6.178,669.312,4528.363,3701.079,11.079,16.171,187.078,587,45,5,2,51.284,20.155,10.262,441.882,64.596,97186.082,291210.504,613.881,138581.657,153242.728,23.206,6.853,182.515,23.206,10.279,226.226,25.642,8.062,197.313,25.642,12.093,244.569,4.878,7.422,10.933,3.82,4647.369,3788.235,733.122,4409.357,3642.974,617.83,0.902,2711.577
MRM,Budget,261022001,2026,10,22,1,2026-10,133405.522,138243.794,5176.134,14998.935,0,97186.082,5736.437,3441.862,46.412,17.132,9.031,408.741,0.835,0.98,0.925,0.895,0.955,0.884,0.95,6.178,669.312,4528.363,3701.079,11.079,16.171,187.078,588,45,5,2,51.284,20.155,10.262,441.882,64.596,97186.082,291210.504,613.881,138581.657,153242.728,23.206,6.853,182.515,23.206,10.279,226.226,25.642,8.062,197.313,25.642,12.093,244.569,4.878,7.422,10.933,3.82,4647.369,3788.235,733.122,4409.357,3642.974,617.83,0.902,2711.577
MRM,Budget,261022002,2026,10,22,2,2026-10,133405.522,138243.794,5176.134,14998.935,0,97186.082,5736.437,3441.862,46.412,17.132,9.031,408.741,0.835,0.98,0.925,0.895,0.955,0.884,0.95,6.178,669.312,4528.363,3701.079,11.079,16.171,187.078,589,45,5,2,51.284,20.155,10.262,441.882,64.596,97186.082,291210.504,613.881,138581.657,153242.728,23.206,6.853,182.515,23.206,10.279,226.226,25.642,8.062,197.313,25.642,12.093,244.569,4.878,7.422,10.933,3.82,4647.369,3788.235,733.122,4409.357,3642.974,617.83,0.902,2711.577
MRM,Budget,261023001,2026,10,23,1,2026-10,133405.522,138243.794,5176.134,14998.935,0,97186.082,5736.437,3441.862,46.412,17.132,9.031,408.741,0.835,0.98,0.925,0.895,0.955,0.884,0.95,6.178,669.312,4528.363,3701.079,11.079,16.171,187.078,590,45,5,2,51.284,20.155,10.262,441.882,64.596,97186.082,291210.504,613.881,138581.657,153242.728,23.206,6.853,182.515,23.206,10.279,226.226,25.642,8.062,197.313,25.642,12.093,244.569,4.878,7.422,10.933,3.82,4647.369,3788.235,733.122,4409.357,3642.974,617.83,0.902,2711.577
MRM,Budget,261023002,2026,10,23,2,2026-10,133405.522,138243.794,5176.134,14998.935,0,97186.082,5736.437,3441.862,46.412,17.132,9.031,408.741,0.835,0.98,0.925,0.895,0.955,0.884,0.95,6.178,669.312,4528.363,3701.079,11.079,16.171,187.078,591,45,5,2,51.284,20.155,10.262,441.882,64.596,97186.082,291210.504,613.881,138581.657,153242.728,23.206,6.853,182.515,23.206,10.279,226.226,25.642,8.062,197.313,25.642,12.093,244.569,4.878,7.422,10.933,3.82,4647.369,3788.235,733.122,4409.357,3642.974,617.83,0.902,2711.577
MRM,Budget,261024001,2026,10,24,1,2026-10,133405.522,138243.794,5176.134,14998.935,0,97186.082,5736.437,3441.862,46.412,17.132,9.031,408.741,0.835,0.98,0.925,0.895,0.955,0.884,0.95,6.178,669.312,4528.363,3701.079,11.079,16.171,187.078,592,45,5,2,51.284,20.155,10.262,441.882,64.596,97186.082,291210.504,613.881,138581.657,153242.728,23.206,6.853,182.515,23.206,10.279,226.226,25.642,8.062,197.313,25.642,12.093,244.569,4.878,7.422,10.933,3.82,4647.369,3788.235,733.122,4409.357,3642.974,617.83,0.902,2711.577
MRM,Budget,261024002,2026,10,24,2,2026-10,133405.522,138243.794,5176.134,14998.935,0,97186.082,5736.437,3441.862,46.412,17.132,9.031,408.741,0.835,0.98,0.925,0.895,0.955,0.884,0.95,6.178,669.312,4528.363,3701.079,11.079,16.171,187.078,593,45,5,2,51.284,20.155,10.262,441.882,64.596,97186.082,291210.504,613.881,138581.657,153242.728,23.206,6.853,182.515,23.206,10.279,226.226,25.642,8.062,197.313,25.642,12.093,244.569,4.878,7.422,10.933,3.82,4647.369,3788.235,733.122,4409.357,3642.974,617.83,0.902,2711.577
MRM,Budget,261025001,2026,10,25,1,2026-10,133405.522,138243.794,5176.134,14998.935,0,97186.082,5736.437,3441.862,46.412,17.132,9.031,408.741,0.835,0.98,0.925,0.895,0.955,0.884,0.95,6.178,669.312,4528.363,3701.079,11.079,16.171,187.078,594,45,5,2,51.284,20.155,10.262,441.882,64.596,97186.082,291210.504,613.881,138581.657,153242.728,23.206,6.853,182.515,23.206,10.279,226.226,25.642,8.062,197.313,25.642,12.093,244.569,4.878,7.422,10.933,3.82,4647.369,3788.235,733.122,4409.357,3642.974,617.83,0.902,2711.577
MRM,Budget,261025002,2026,10,25,2,2026-10,133405.522,138243.794,5176.134,14998.935,0,97186.082,5736.437,3441.862,46.412,17.132,9.031,408.741,0.835,0.98,0.925,0.895,0.955,0.884,0.95,6.178,669.312,4528.363,3701.079,11.079,16.171,187.078,595,45,5,2,51.284,20.155,10.262,441.882,64.596,97186.082,291210.504,613.881,138581.657,153242.728,23.206,6.853,182.515,23.206,10.279,226.226,25.642,8.062,197.313,25.642,12.093,244.569,4.878,7.422,10.933,3.82,4647.369,3788.235,733.122,4409.357,3642.974,617.83,0.902,2711.577
MRM,Budget,261026001,2026,10,26,1,2026-10,133405.522,138243.794,5176.134,14998.935,0,97186.082,5736.437,3441.862,46.412,17.132,9.031,408.741,0.835,0.98,0.925,0.895,0.955,0.884,0.95,6.178,669.312,4528.363,3701.079,11.079,16.171,187.078,596,45,5,2,51.284,20.155,10.262,441.882,64.596,97186.082,291210.504,613.881,138581.657,153242.728,23.206,6.853,182.515,23.206,10.279,226.226,25.642,8.062,197.313,25.642,12.093,244.569,4.878,7.422,10.933,3.82,4647.369,3788.235,733.122,4409.357,3642.974,617.83,0.902,2711.577
MRM,Budget,261026002,2026,10,26,2,2026-10,133405.522,138243.794,5176.134,14998.935,0,97186.082,5736.437,3441.862,46.412,17.132,9.031,408.741,0.835,0.98,0.925,0.895,0.955,0.884,0.95,6.178,669.312,4528.363,3701.079,11.079,16.171,187.078,597,45,5,2,51.284,20.155,10.262,441.882,64.596,97186.082,291210.504,613.881,138581.657,153242.728,23.206,6.853,182.515,23.206,10.279,226.226,25.642,8.062,197.313,25.642,12.093,244.569,4.878,7.422,10.933,3.82,4647.369,3788.235,733.122,4409.357,3642.974,617.83,0.902,2711.577
MRM,Budget,261027001,2026,10,27,1,2026-10,133405.522,138243.794,5176.134,14998.935,0,97186.082,5736.437,3441.862,46.412,17.132,9.031,408.741,0.835,0.98,0.925,0.895,0.955,0.884,0.95,6.178,669.312,4528.363,3701.079,11.079,16.171,187.078,598,45,5,2,51.284,20.155,10.262,441.882,64.596,97186.082,291210.504,613.881,138581.657,153242.728,23.206,6.853,182.515,23.206,10.279,226.226,25.642,8.062,197.313,25.642,12.093,244.569,4.878,7.422,10.933,3.82,4647.369,3788.235,733.122,4409.357,3642.974,617.83,0.902,2711.577
MRM,Budget,261027002,2026,10,27,2,2026-10,133405.522,138243.794,5176.134,14998.935,0,97186.082,5736.437,3441.862,46.412,17.132,9.031,408.741,0.835,0.98,0.925,0.895,0.955,0.884,0.95,6.178,669.312,4528.363,3701.079,11.079,16.171,187.078,599,45,5,2,51.284,20.155,10.262,441.882,64.596,97186.082,291210.504,613.881,138581.657,153242.728,23.206,6.853,182.515,23.206,10.279,226.226,25.642,8.062,197.313,25.642,12.093,244.569,4.878,7.422,10.933,3.82,4647.369,3788.235,733.122,4409.357,3642.974,617.83,0.902,2711.577
MRM,Budget,261028001,2026,10,28,1,2026-10,133405.522,138243.794,5176.134,14998.935,0,97186.082,5736.437,3441.862,46.412,17.132,9.031,408.741,0.835,0.98,0.925,0.895,0.955,0.884,0.95,6.178,669.312,4528.363,3701.079,11.079,16.171,187.078,600,45,5,2,51.284,20.155,10.262,441.882,64.596,97186.082,291210.504,613.881,138581.657,153242.728,23.206,6.853,182.515,23.206,10.279,226.226,25.642,8.062,197.313,25.642,12.093,244.569,4.878,7.422,10.933,3.82,4647.369,3788.235,733.122,4409.357,3642.974,617.83,0.902,2711.577
MRM,Budget,261028002,2026,10,28,2,2026-10,133405.522,138243.794,5176.134,14998.935,0,97186.082,5736.437,3441.862,46.412,17.132,9.031,408.741,0.835,0.98,0.925,0.895,0.955,0.884,0.95,6.178,669.312,4528.363,3701.079,11.079,16.171,187.078,601,45,5,2,51.284,20.155,10.262,441.882,64.596,97186.082,291210.504,613.881,138581.657,153242.728,23.206,6.853,182.515,23.206,10.279,226.226,25.642,8.062,197.313,25.642,12.093,244.569,4.878,7.422,10.933,3.82,4647.369,3788.235,733.122,4409.357,3642.974,617.83,0.902,2711.577
MRM,Budget,261029001,2026,10,29,1,2026-10,133405.522,138243.794,5176.134,14998.935,0,97186.082,5736.437,3441.862,46.412,17.132,9.031,408.741,0.835,0.98,0.925,0.895,0.955,0.884,0.95,6.178,669.312,4528.363,3701.079,11.079,16.171,187.078,602,45,5,2,51.284,20.155,10.262,441.882,64.596,97186.082,291210.504,613.881,138581.657,153242.728,23.206,6.853,182.515,23.206,10.279,226.226,25.642,8.062,197.313,25.642,12.093,244.569,4.878,7.422,10.933,3.82,4647.369,3788.235,733.122,4409.357,3642.974,617.83,0.902,2711.577
MRM,Budget,261029002,2026,10,29,2,2026-10,133405.522,138243.794,5176.134,14998.935,0,97186.082,5736.437,3441.862,46.412,17.132,9.031,408.741,0.835,0.98,0.925,0.895,0.955,0.884,0.95,6.178,669.312,4528.363,3701.079,11.079,16.171,187.078,603,45,5,2,51.284,20.155,10.262,441.882,64.596,97186.082,291210.504,613.881,138581.657,153242.728,23.206,6.853,182.515,23.206,10.279,226.226,25.642,8.062,197.313,25.642,12.093,244.569,4.878,7.422,10.933,3.82,4647.369,3788.235,733.122,4409.357,3642.974,617.83,0.902,2711.577
MRM,Budget,261030001,2026,10,30,1,2026-10,133405.522,138243.794,5176.134,14998.935,0,97186.082,5736.437,3441.862,46.412,17.132,9.031,408.741,0.835,0.98,0.925,0.895,0.955,0.884,0.95,6.178,669.312,4528.363,3701.079,11.079,16.171,187.078,604,45,5,2,51.284,20.155,10.262,441.882,64.596,97186.082,291210.504,613.881,138581.657,153242.728,23.206,6.853,182.515,23.206,10.279,226.226,25.642,8.062,197.313,25.642,12.093,244.569,4.878,7.422,10.933,3.82,4647.369,3788.235,733.122,4409.357,3642.974,617.83,0.902,2711.577
MRM,Budget,261030002,2026,10,30,2,2026-10,133405.522,138243.794,5176.134,14998.935,0,97186.082,5736.437,3441.862,46.412,17.132,9.031,408.741,0.835,0.98,0.925,0.895,0.955,0.884,0.95,6.178,669.312,4528.363,3701.079,11.079,16.171,187.078,605,45,5,2,51.284,20.155,10.262,441.882,64.596,97186.082,291210.504,613.881,138581.657,153242.728,23.206,6.853,182.515,23.206,10.279,226.226,25.642,8.062,197.313,25.642,12.093,244.569,4.878,7.422,10.933,3.82,4647.369,3788.235,733.122,4409.357,3642.974,617.83,0.902,2711.577
MRM,Budget,261031001,2026,10,31,1,2026-10,133405.522,138243.794,5176.134,14998.935,0,97186.082,5736.437,3441.862,46.412,17.132,9.031,408.741,0.835,0.98,0.925,0.895,0.955,0.884,0.95,6.178,669.312,4528.363,3701.079,11.079,16.171,187.078,606,45,5,2,51.284,20.155,10.262,441.882,64.596,97186.082,291210.504,613.881,138581.657,153242.728,23.206,6.853,182.515,23.206,10.279,226.226,25.642,8.062,197.313,25.642,12.093,244.569,4.878,7.422,10.933,3.82,4647.369,3788.235,733.122,4409.357,3642.974,617.83,0.902,2711.577
MRM,Budget,261031002,2026,10,31,2,2026-10,133405.522,138243.794,5176.134,14998.935,0,97186.082,5736.437,3441.862,46.412,17.132,9.031,408.741,0.835,0.98,0.925,0.895,0.955,0.884,0.95,6.178,669.312,4528.363,3701.079,11.079,16.171,187.078,607,45,5,2,51.284,20.155,10.262,441.882,64.596,97186.082,291210.504,613.881,138581.657,153242.728,23.206,6.853,182.515,23.206,10.279,226.226,25.642,8.062,197.313,25.642,12.093,244.569,4.878,7.422,10.933,3.82,4647.369,3788.235,733.122,4409.357,3642.974,617.83,0.902,2711.577
MRM,Budget,261101001,2026,11,1,1,2026-11,157457.133,131994.322,6109.337,12978.641,0,98494.194,6770.657,4062.394,44.38,15.84,7.08,408.741,0.835,0.98,0.925,0.713,0.955,0.817333333,0.95,6.04,712.596,4956.845,4500.242,11.631,12.606,211.712,608,45,6,2,49.038,18.635,8.046,441.882,54.789,98494.194,307905.088,634.344,163566.469,144972.963,25.888,7.128,207.799,18.492,8.712,200.942,28.606,8.386,224.648,20.433,10.249,217.234,4.834,7.468,9.901,4.79,4999.064,4000.138,760.011,4897.738,4909.419,663.563,0.902,3471.954
MRM,Budget,261101002,2026,11,1,2,2026-11,157457.133,131994.322,6109.337,12978.641,0,98494.194,6770.657,4062.394,44.38,15.84,7.08,408.741,0.835,0.98,0.925,0.713,0.955,0.817333333,0.95,6.04,712.596,4956.845,4500.242,11.631,12.606,211.712,609,45,6,2,49.038,18.635,8.046,441.882,54.789,98494.194,307905.088,634.344,163566.469,144972.963,25.888,7.128,207.799,18.492,8.712,200.942,28.606,8.386,224.648,20.433,10.249,217.234,4.834,7.468,9.901,4.79,4999.064,4000.138,760.011,4897.738,4909.419,663.563,0.902,3471.954
MRM,Budget,261102001,2026,11,2,1,2026-11,157457.133,131994.322,6109.337,12978.641,0,98494.194,6770.657,4062.394,44.38,15.84,7.08,408.741,0.835,0.98,0.925,0.713,0.955,0.817333333,0.95,6.04,712.596,4956.845,4500.242,11.631,12.606,211.712,610,45,6,2,49.038,18.635,8.046,441.882,54.789,98494.194,307905.088,634.344,163566.469,144972.963,25.888,7.128,207.799,18.492,8.712,200.942,28.606,8.386,224.648,20.433,10.249,217.234,4.834,7.468,9.901,4.79,4999.064,4000.138,760.011,4897.738,4909.419,663.563,0.902,3471.954
MRM,Budget,261102002,2026,11,2,2,2026-11,157457.133,131994.322,6109.337,12978.641,0,98494.194,6770.657,4062.394,44.38,15.84,7.08,408.741,0.835,0.98,0.925,0.713,0.955,0.817333333,0.95,6.04,712.596,4956.845,4500.242,11.631,12.606,211.712,611,45,6,2,49.038,18.635,8.046,441.882,54.789,98494.194,307905.088,634.344,163566.469,144972.963,25.888,7.128,207.799,18.492,8.712,200.942,28.606,8.386,224.648,20.433,10.249,217.234,4.834,7.468,9.901,4.79,4999.064,4000.138,760.011,4897.738,4909.419,663.563,0.902,3471.954
MRM,Budget,261103001,2026,11,3,1,2026-11,157457.133,131994.322,6109.337,12978.641,0,98494.194,6770.657,4062.394,44.38,15.84,7.08,408.741,0.835,0.98,0.925,0.713,0.955,0.817333333,0.95,6.04,712.596,4956.845,4500.242,11.631,12.606,211.712,612,45,6,2,49.038,18.635,8.046,441.882,54.789,98494.194,307905.088,634.344,163566.469,144972.963,25.888,7.128,207.799,18.492,8.712,200.942,28.606,8.386,224.648,20.433,10.249,217.234,4.834,7.468,9.901,4.79,4999.064,4000.138,760.011,4897.738,4909.419,663.563,0.902,3471.954
MRM,Budget,261103002,2026,11,3,2,2026-11,157457.133,131994.322,6109.337,12978.641,0,98494.194,6770.657,4062.394,44.38,15.84,7.08,408.741,0.835,0.98,0.925,0.713,0.955,0.817333333,0.95,6.04,712.596,4956.845,4500.242,11.631,12.606,211.712,613,45,6,2,49.038,18.635,8.046,441.882,54.789,98494.194,307905.088,634.344,163566.469,144972.963,25.888,7.128,207.799,18.492,8.712,200.942,28.606,8.386,224.648,20.433,10.249,217.234,4.834,7.468,9.901,4.79,4999.064,4000.138,760.011,4897.738,4909.419,663.563,0.902,3471.954
MRM,Budget,261104001,2026,11,4,1,2026-11,157457.133,131994.322,6109.337,12978.641,0,98494.194,6770.657,4062.394,44.38,15.84,7.08,408.741,0.835,0.98,0.925,0.713,0.955,0.817333333,0.95,6.04,712.596,4956.845,4500.242,11.631,12.606,211.712,614,45,6,2,49.038,18.635,8.046,441.882,54.789,98494.194,307905.088,634.344,163566.469,144972.963,25.888,7.128,207.799,18.492,8.712,200.942,28.606,8.386,224.648,20.433,10.249,217.234,4.834,7.468,9.901,4.79,4999.064,4000.138,760.011,4897.738,4909.419,663.563,0.902,3471.954
MRM,Budget,261104002,2026,11,4,2,2026-11,157457.133,131994.322,6109.337,12978.641,0,98494.194,6770.657,4062.394,44.38,15.84,7.08,408.741,0.835,0.98,0.925,0.713,0.955,0.817333333,0.95,6.04,712.596,4956.845,4500.242,11.631,12.606,211.712,615,45,6,2,49.038,18.635,8.046,441.882,54.789,98494.194,307905.088,634.344,163566.469,144972.963,25.888,7.128,207.799,18.492,8.712,200.942,28.606,8.386,224.648,20.433,10.249,217.234,4.834,7.468,9.901,4.79,4999.064,4000.138,760.011,4897.738,4909.419,663.563,0.902,3471.954
MRM,Budget,261105001,2026,11,5,1,2026-11,157457.133,131994.322,6109.337,12978.641,0,98494.194,6770.657,4062.394,44.38,15.84,7.08,408.741,0.835,0.98,0.925,0.713,0.955,0.817333333,0.95,6.04,712.596,4956.845,4500.242,11.631,12.606,211.712,616,45,6,2,49.038,18.635,8.046,441.882,54.789,98494.194,307905.088,634.344,163566.469,144972.963,25.888,7.128,207.799,18.492,8.712,200.942,28.606,8.386,224.648,20.433,10.249,217.234,4.834,7.468,9.901,4.79,4999.064,4000.138,760.011,4897.738,4909.419,663.563,0.902,3471.954
MRM,Budget,261105002,2026,11,5,2,2026-11,157457.133,131994.322,6109.337,12978.641,0,98494.194,6770.657,4062.394,44.38,15.84,7.08,408.741,0.835,0.98,0.925,0.713,0.955,0.817333333,0.95,6.04,712.596,4956.845,4500.242,11.631,12.606,211.712,617,45,6,2,49.038,18.635,8.046,441.882,54.789,98494.194,307905.088,634.344,163566.469,144972.963,25.888,7.128,207.799,18.492,8.712,200.942,28.606,8.386,224.648,20.433,10.249,217.234,4.834,7.468,9.901,4.79,4999.064,4000.138,760.011,4897.738,4909.419,663.563,0.902,3471.954
MRM,Budget,261106001,2026,11,6,1,2026-11,157457.133,131994.322,6109.337,12978.641,0,98494.194,6770.657,4062.394,44.38,15.84,7.08,408.741,0.835,0.98,0.925,0.713,0.955,0.817333333,0.95,6.04,712.596,4956.845,4500.242,11.631,12.606,211.712,618,45,6,2,49.038,18.635,8.046,441.882,54.789,98494.194,307905.088,634.344,163566.469,144972.963,25.888,7.128,207.799,18.492,8.712,200.942,28.606,8.386,224.648,20.433,10.249,217.234,4.834,7.468,9.901,4.79,4999.064,4000.138,760.011,4897.738,4909.419,663.563,0.902,3471.954
MRM,Budget,261106002,2026,11,6,2,2026-11,157457.133,131994.322,6109.337,12978.641,0,98494.194,6770.657,4062.394,44.38,15.84,7.08,408.741,0.835,0.98,0.925,0.713,0.955,0.817333333,0.95,6.04,712.596,4956.845,4500.242,11.631,12.606,211.712,619,45,6,2,49.038,18.635,8.046,441.882,54.789,98494.194,307905.088,634.344,163566.469,144972.963,25.888,7.128,207.799,18.492,8.712,200.942,28.606,8.386,224.648,20.433,10.249,217.234,4.834,7.468,9.901,4.79,4999.064,4000.138,760.011,4897.738,4909.419,663.563,0.902,3471.954
MRM,Budget,261107001,2026,11,7,1,2026-11,157457.133,131994.322,6109.337,12978.641,0,98494.194,6770.657,4062.394,44.38,15.84,7.08,408.741,0.835,0.98,0.925,0.713,0.955,0.817333333,0.95,6.04,712.596,4956.845,4500.242,11.631,12.606,211.712,620,45,6,2,49.038,18.635,8.046,441.882,54.789,98494.194,307905.088,634.344,163566.469,144972.963,25.888,7.128,207.799,18.492,8.712,200.942,28.606,8.386,224.648,20.433,10.249,217.234,4.834,7.468,9.901,4.79,4999.064,4000.138,760.011,4897.738,4909.419,663.563,0.902,3471.954
MRM,Budget,261107002,2026,11,7,2,2026-11,157457.133,131994.322,6109.337,12978.641,0,98494.194,6770.657,4062.394,44.38,15.84,7.08,408.741,0.835,0.98,0.925,0.713,0.955,0.817333333,0.95,6.04,712.596,4956.845,4500.242,11.631,12.606,211.712,621,45,6,2,49.038,18.635,8.046,441.882,54.789,98494.194,307905.088,634.344,163566.469,144972.963,25.888,7.128,207.799,18.492,8.712,200.942,28.606,8.386,224.648,20.433,10.249,217.234,4.834,7.468,9.901,4.79,4999.064,4000.138,760.011,4897.738,4909.419,663.563,0.902,3471.954
MRM,Budget,261108001,2026,11,8,1,2026-11,157457.133,131994.322,6109.337,12978.641,0,98494.194,6770.657,4062.394,44.38,15.84,7.08,408.741,0.835,0.98,0.925,0.713,0.955,0.817333333,0.95,6.04,712.596,4956.845,4500.242,11.631,12.606,211.712,622,45,6,2,49.038,18.635,8.046,441.882,54.789,98494.194,307905.088,634.344,163566.469,144972.963,25.888,7.128,207.799,18.492,8.712,200.942,28.606,8.386,224.648,20.433,10.249,217.234,4.834,7.468,9.901,4.79,4999.064,4000.138,760.011,4897.738,4909.419,663.563,0.902,3471.954
MRM,Budget,261108002,2026,11,8,2,2026-11,157457.133,131994.322,6109.337,12978.641,0,98494.194,6770.657,4062.394,44.38,15.84,7.08,408.741,0.835,0.98,0.925,0.713,0.955,0.817333333,0.95,6.04,712.596,4956.845,4500.242,11.631,12.606,211.712,623,45,6,2,49.038,18.635,8.046,441.882,54.789,98494.194,307905.088,634.344,163566.469,144972.963,25.888,7.128,207.799,18.492,8.712,200.942,28.606,8.386,224.648,20.433,10.249,217.234,4.834,7.468,9.901,4.79,4999.064,4000.138,760.011,4897.738,4909.419,663.563,0.902,3471.954
MRM,Budget,261109001,2026,11,9,1,2026-11,157457.133,131994.322,6109.337,12978.641,0,98494.194,6770.657,4062.394,44.38,15.84,7.08,408.741,0.835,0.98,0.925,0.713,0.955,0.817333333,0.95,6.04,712.596,4956.845,4500.242,11.631,12.606,211.712,624,45,6,2,49.038,18.635,8.046,441.882,54.789,98494.194,307905.088,634.344,163566.469,144972.963,25.888,7.128,207.799,18.492,8.712,200.942,28.606,8.386,224.648,20.433,10.249,217.234,4.834,7.468,9.901,4.79,4999.064,4000.138,760.011,4897.738,4909.419,663.563,0.902,3471.954
MRM,Budget,261109002,2026,11,9,2,2026-11,157457.133,131994.322,6109.337,12978.641,0,98494.194,6770.657,4062.394,44.38,15.84,7.08,408.741,0.835,0.98,0.925,0.713,0.955,0.817333333,0.95,6.04,712.596,4956.845,4500.242,11.631,12.606,211.712,625,45,6,2,49.038,18.635,8.046,441.882,54.789,98494.194,307905.088,634.344,163566.469,144972.963,25.888,7.128,207.799,18.492,8.712,200.942,28.606,8.386,224.648,20.433,10.249,217.234,4.834,7.468,9.901,4.79,4999.064,4000.138,760.011,4897.738,4909.419,663.563,0.902,3471.954
MRM,Budget,261110001,2026,11,10,1,2026-11,157457.133,131994.322,6109.337,12978.641,0,98494.194,6770.657,4062.394,44.38,15.84,7.08,408.741,0.835,0.98,0.925,0.713,0.955,0.817333333,0.95,6.04,712.596,4956.845,4500.242,11.631,12.606,211.712,626,45,6,2,49.038,18.635,8.046,441.882,54.789,98494.194,307905.088,634.344,163566.469,144972.963,25.888,7.128,207.799,18.492,8.712,200.942,28.606,8.386,224.648,20.433,10.249,217.234,4.834,7.468,9.901,4.79,4999.064,4000.138,760.011,4897.738,4909.419,663.563,0.902,3471.954
MRM,Budget,261110002,2026,11,10,2,2026-11,157457.133,131994.322,6109.337,12978.641,0,98494.194,6770.657,4062.394,44.38,15.84,7.08,408.741,0.835,0.98,0.925,0.713,0.955,0.817333333,0.95,6.04,712.596,4956.845,4500.242,11.631,12.606,211.712,627,45,6,2,49.038,18.635,8.046,441.882,54.789,98494.194,307905.088,634.344,163566.469,144972.963,25.888,7.128,207.799,18.492,8.712,200.942,28.606,8.386,224.648,20.433,10.249,217.234,4.834,7.468,9.901,4.79,4999.064,4000.138,760.011,4897.738,4909.419,663.563,0.902,3471.954
MRM,Budget,261111001,2026,11,11,1,2026-11,157457.133,131994.322,6109.337,12978.641,0,98494.194,6770.657,4062.394,44.38,15.84,7.08,408.741,0.835,0.98,0.925,0.713,0.955,0.817333333,0.95,6.04,712.596,4956.845,4500.242,11.631,12.606,211.712,628,45,6,2,49.038,18.635,8.046,441.882,54.789,98494.194,307905.088,634.344,163566.469,144972.963,25.888,7.128,207.799,18.492,8.712,200.942,28.606,8.386,224.648,20.433,10.249,217.234,4.834,7.468,9.901,4.79,4999.064,4000.138,760.011,4897.738,4909.419,663.563,0.902,3471.954
MRM,Budget,261111002,2026,11,11,2,2026-11,157457.133,131994.322,6109.337,12978.641,0,98494.194,6770.657,4062.394,44.38,15.84,7.08,408.741,0.835,0.98,0.925,0.713,0.955,0.817333333,0.95,6.04,712.596,4956.845,4500.242,11.631,12.606,211.712,629,45,6,2,49.038,18.635,8.046,441.882,54.789,98494.194,307905.088,634.344,163566.469,144972.963,25.888,7.128,207.799,18.492,8.712,200.942,28.606,8.386,224.648,20.433,10.249,217.234,4.834,7.468,9.901,4.79,4999.064,4000.138,760.011,4897.738,4909.419,663.563,0.902,3471.954
MRM,Budget,261112001,2026,11,12,1,2026-11,157457.133,131994.322,6109.337,12978.641,0,98494.194,6770.657,4062.394,44.38,15.84,7.08,408.741,0.835,0.98,0.925,0.713,0.955,0.817333333,0.95,6.04,712.596,4956.845,4500.242,11.631,12.606,211.712,630,45,6,2,49.038,18.635,8.046,441.882,54.789,98494.194,307905.088,634.344,163566.469,144972.963,25.888,7.128,207.799,18.492,8.712,200.942,28.606,8.386,224.648,20.433,10.249,217.234,4.834,7.468,9.901,4.79,4999.064,4000.138,760.011,4897.738,4909.419,663.563,0.902,3471.954
MRM,Budget,261112002,2026,11,12,2,2026-11,157457.133,131994.322,6109.337,12978.641,0,98494.194,6770.657,4062.394,44.38,15.84,7.08,408.741,0.835,0.98,0.925,0.713,0.955,0.817333333,0.95,6.04,712.596,4956.845,4500.242,11.631,12.606,211.712,631,45,6,2,49.038,18.635,8.046,441.882,54.789,98494.194,307905.088,634.344,163566.469,144972.963,25.888,7.128,207.799,18.492,8.712,200.942,28.606,8.386,224.648,20.433,10.249,217.234,4.834,7.468,9.901,4.79,4999.064,4000.138,760.011,4897.738,4909.419,663.563,0.902,3471.954
MRM,Budget,261113001,2026,11,13,1,2026-11,157457.133,131994.322,6109.337,12978.641,0,98494.194,6770.657,4062.394,44.38,15.84,7.08,408.741,0.835,0.98,0.925,0.713,0.955,0.817333333,0.95,6.04,712.596,4956.845,4500.242,11.631,12.606,211.712,632,45,6,2,49.038,18.635,8.046,441.882,54.789,98494.194,307905.088,634.344,163566.469,144972.963,25.888,7.128,207.799,18.492,8.712,200.942,28.606,8.386,224.648,20.433,10.249,217.234,4.834,7.468,9.901,4.79,4999.064,4000.138,760.011,4897.738,4909.419,663.563,0.902,3471.954
MRM,Budget,261113002,2026,11,13,2,2026-11,157457.133,131994.322,6109.337,12978.641,0,98494.194,6770.657,4062.394,44.38,15.84,7.08,408.741,0.835,0.98,0.925,0.713,0.955,0.817333333,0.95,6.04,712.596,4956.845,4500.242,11.631,12.606,211.712,633,45,6,2,49.038,18.635,8.046,441.882,54.789,98494.194,307905.088,634.344,163566.469,144972.963,25.888,7.128,207.799,18.492,8.712,200.942,28.606,8.386,224.648,20.433,10.249,217.234,4.834,7.468,9.901,4.79,4999.064,4000.138,760.011,4897.738,4909.419,663.563,0.902,3471.954
MRM,Budget,261114001,2026,11,14,1,2026-11,157457.133,131994.322,6109.337,12978.641,0,98494.194,6770.657,4062.394,44.38,15.84,7.08,408.741,0.835,0.98,0.925,0.713,0.955,0.817333333,0.95,6.04,712.596,4956.845,4500.242,11.631,12.606,211.712,634,45,6,2,49.038,18.635,8.046,441.882,54.789,98494.194,307905.088,634.344,163566.469,144972.963,25.888,7.128,207.799,18.492,8.712,200.942,28.606,8.386,224.648,20.433,10.249,217.234,4.834,7.468,9.901,4.79,4999.064,4000.138,760.011,4897.738,4909.419,663.563,0.902,3471.954
MRM,Budget,261114002,2026,11,14,2,2026-11,157457.133,131994.322,6109.337,12978.641,0,98494.194,6770.657,4062.394,44.38,15.84,7.08,408.741,0.835,0.98,0.925,0.713,0.955,0.817333333,0.95,6.04,712.596,4956.845,4500.242,11.631,12.606,211.712,635,45,6,2,49.038,18.635,8.046,441.882,54.789,98494.194,307905.088,634.344,163566.469,144972.963,25.888,7.128,207.799,18.492,8.712,200.942,28.606,8.386,224.648,20.433,10.249,217.234,4.834,7.468,9.901,4.79,4999.064,4000.138,760.011,4897.738,4909.419,663.563,0.902,3471.954
MRM,Budget,261115001,2026,11,15,1,2026-11,157457.133,131994.322,6109.337,12978.641,0,98494.194,6770.657,4062.394,44.38,15.84,7.08,408.741,0.835,0.98,0.925,0.713,0.955,0.817333333,0.95,6.04,712.596,4956.845,4500.242,11.631,12.606,211.712,636,45,6,2,49.038,18.635,8.046,441.882,54.789,98494.194,307905.088,634.344,163566.469,144972.963,25.888,7.128,207.799,18.492,8.712,200.942,28.606,8.386,224.648,20.433,10.249,217.234,4.834,7.468,9.901,4.79,4999.064,4000.138,760.011,4897.738,4909.419,663.563,0.902,3471.954
MRM,Budget,261115002,2026,11,15,2,2026-11,157457.133,131994.322,6109.337,12978.641,0,98494.194,6770.657,4062.394,44.38,15.84,7.08,408.741,0.835,0.98,0.925,0.713,0.955,0.817333333,0.95,6.04,712.596,4956.845,4500.242,11.631,12.606,211.712,637,45,6,2,49.038,18.635,8.046,441.882,54.789,98494.194,307905.088,634.344,163566.469,144972.963,25.888,7.128,207.799,18.492,8.712,200.942,28.606,8.386,224.648,20.433,10.249,217.234,4.834,7.468,9.901,4.79,4999.064,4000.138,760.011,4897.738,4909.419,663.563,0.902,3471.954
MRM,Budget,261116001,2026,11,16,1,2026-11,157457.133,131994.322,6109.337,12978.641,0,98494.194,6770.657,4062.394,44.38,15.84,7.08,408.741,0.835,0.98,0.925,0.713,0.955,0.817333333,0.95,6.04,712.596,4956.845,4500.242,11.631,12.606,211.712,638,45,6,2,49.038,18.635,8.046,441.882,54.789,98494.194,307905.088,634.344,163566.469,144972.963,25.888,7.128,207.799,18.492,8.712,200.942,28.606,8.386,224.648,20.433,10.249,217.234,4.834,7.468,9.901,4.79,4999.064,4000.138,760.011,4897.738,4909.419,663.563,0.902,3471.954
MRM,Budget,261116002,2026,11,16,2,2026-11,157457.133,131994.322,6109.337,12978.641,0,98494.194,6770.657,4062.394,44.38,15.84,7.08,408.741,0.835,0.98,0.925,0.713,0.955,0.817333333,0.95,6.04,712.596,4956.845,4500.242,11.631,12.606,211.712,639,45,6,2,49.038,18.635,8.046,441.882,54.789,98494.194,307905.088,634.344,163566.469,144972.963,25.888,7.128,207.799,18.492,8.712,200.942,28.606,8.386,224.648,20.433,10.249,217.234,4.834,7.468,9.901,4.79,4999.064,4000.138,760.011,4897.738,4909.419,663.563,0.902,3471.954
MRM,Budget,261117001,2026,11,17,1,2026-11,157457.133,131994.322,6109.337,12978.641,0,98494.194,6770.657,4062.394,44.38,15.84,7.08,408.741,0.835,0.98,0.925,0.713,0.955,0.817333333,0.95,6.04,712.596,4956.845,4500.242,11.631,12.606,211.712,640,45,6,2,49.038,18.635,8.046,441.882,54.789,98494.194,307905.088,634.344,163566.469,144972.963,25.888,7.128,207.799,18.492,8.712,200.942,28.606,8.386,224.648,20.433,10.249,217.234,4.834,7.468,9.901,4.79,4999.064,4000.138,760.011,4897.738,4909.419,663.563,0.902,3471.954
MRM,Budget,261117002,2026,11,17,2,2026-11,157457.133,131994.322,6109.337,12978.641,0,98494.194,6770.657,4062.394,44.38,15.84,7.08,408.741,0.835,0.98,0.925,0.713,0.955,0.817333333,0.95,6.04,712.596,4956.845,4500.242,11.631,12.606,211.712,641,45,6,2,49.038,18.635,8.046,441.882,54.789,98494.194,307905.088,634.344,163566.469,144972.963,25.888,7.128,207.799,18.492,8.712,200.942,28.606,8.386,224.648,20.433,10.249,217.234,4.834,7.468,9.901,4.79,4999.064,4000.138,760.011,4897.738,4909.419,663.563,0.902,3471.954
MRM,Budget,261118001,2026,11,18,1,2026-11,157457.133,131994.322,6109.337,12978.641,0,98494.194,6770.657,4062.394,44.38,15.84,7.08,408.741,0.835,0.98,0.925,0.713,0.955,0.817333333,0.95,6.04,712.596,4956.845,4500.242,11.631,12.606,211.712,642,45,6,2,49.038,18.635,8.046,441.882,54.789,98494.194,307905.088,634.344,163566.469,144972.963,25.888,7.128,207.799,18.492,8.712,200.942,28.606,8.386,224.648,20.433,10.249,217.234,4.834,7.468,9.901,4.79,4999.064,4000.138,760.011,4897.738,4909.419,663.563,0.902,3471.954
MRM,Budget,261118002,2026,11,18,2,2026-11,157457.133,131994.322,6109.337,12978.641,0,98494.194,6770.657,4062.394,44.38,15.84,7.08,408.741,0.835,0.98,0.925,0.713,0.955,0.817333333,0.95,6.04,712.596,4956.845,4500.242,11.631,12.606,211.712,643,45,6,2,49.038,18.635,8.046,441.882,54.789,98494.194,307905.088,634.344,163566.469,144972.963,25.888,7.128,207.799,18.492,8.712,200.942,28.606,8.386,224.648,20.433,10.249,217.234,4.834,7.468,9.901,4.79,4999.064,4000.138,760.011,4897.738,4909.419,663.563,0.902,3471.954
MRM,Budget,261119001,2026,11,19,1,2026-11,157457.133,131994.322,6109.337,12978.641,0,98494.194,6770.657,4062.394,44.38,15.84,7.08,408.741,0.835,0.98,0.925,0.713,0.955,0.817333333,0.95,6.04,712.596,4956.845,4500.242,11.631,12.606,211.712,644,45,6,2,49.038,18.635,8.046,441.882,54.789,98494.194,307905.088,634.344,163566.469,144972.963,25.888,7.128,207.799,18.492,8.712,200.942,28.606,8.386,224.648,20.433,10.249,217.234,4.834,7.468,9.901,4.79,4999.064,4000.138,760.011,4897.738,4909.419,663.563,0.902,3471.954
MRM,Budget,261119002,2026,11,19,2,2026-11,157457.133,131994.322,6109.337,12978.641,0,98494.194,6770.657,4062.394,44.38,15.84,7.08,408.741,0.835,0.98,0.925,0.713,0.955,0.817333333,0.95,6.04,712.596,4956.845,4500.242,11.631,12.606,211.712,645,45,6,2,49.038,18.635,8.046,441.882,54.789,98494.194,307905.088,634.344,163566.469,144972.963,25.888,7.128,207.799,18.492,8.712,200.942,28.606,8.386,224.648,20.433,10.249,217.234,4.834,7.468,9.901,4.79,4999.064,4000.138,760.011,4897.738,4909.419,663.563,0.902,3471.954
MRM,Budget,261120001,2026,11,20,1,2026-11,157457.133,131994.322,6109.337,12978.641,0,98494.194,6770.657,4062.394,44.38,15.84,7.08,408.741,0.835,0.98,0.925,0.713,0.955,0.817333333,0.95,6.04,712.596,4956.845,4500.242,11.631,12.606,211.712,646,45,6,2,49.038,18.635,8.046,441.882,54.789,98494.194,307905.088,634.344,163566.469,144972.963,25.888,7.128,207.799,18.492,8.712,200.942,28.606,8.386,224.648,20.433,10.249,217.234,4.834,7.468,9.901,4.79,4999.064,4000.138,760.011,4897.738,4909.419,663.563,0.902,3471.954
MRM,Budget,261120002,2026,11,20,2,2026-11,157457.133,131994.322,6109.337,12978.641,0,98494.194,6770.657,4062.394,44.38,15.84,7.08,408.741,0.835,0.98,0.925,0.713,0.955,0.817333333,0.95,6.04,712.596,4956.845,4500.242,11.631,12.606,211.712,647,45,6,2,49.038,18.635,8.046,441.882,54.789,98494.194,307905.088,634.344,163566.469,144972.963,25.888,7.128,207.799,18.492,8.712,200.942,28.606,8.386,224.648,20.433,10.249,217.234,4.834,7.468,9.901,4.79,4999.064,4000.138,760.011,4897.738,4909.419,663.563,0.902,3471.954
MRM,Budget,261121001,2026,11,21,1,2026-11,157457.133,131994.322,6109.337,12978.641,0,98494.194,6770.657,4062.394,44.38,15.84,7.08,408.741,0.835,0.98,0.925,0.713,0.955,0.817333333,0.95,6.04,712.596,4956.845,4500.242,11.631,12.606,211.712,648,45,6,2,49.038,18.635,8.046,441.882,54.789,98494.194,307905.088,634.344,163566.469,144972.963,25.888,7.128,207.799,18.492,8.712,200.942,28.606,8.386,224.648,20.433,10.249,217.234,4.834,7.468,9.901,4.79,4999.064,4000.138,760.011,4897.738,4909.419,663.563,0.902,3471.954
MRM,Budget,261121002,2026,11,21,2,2026-11,157457.133,131994.322,6109.337,12978.641,0,98494.194,6770.657,4062.394,44.38,15.84,7.08,408.741,0.835,0.98,0.925,0.713,0.955,0.817333333,0.95,6.04,712.596,4956.845,4500.242,11.631,12.606,211.712,649,45,6,2,49.038,18.635,8.046,441.882,54.789,98494.194,307905.088,634.344,163566.469,144972.963,25.888,7.128,207.799,18.492,8.712,200.942,28.606,8.386,224.648,20.433,10.249,217.234,4.834,7.468,9.901,4.79,4999.064,4000.138,760.011,4897.738,4909.419,663.563,0.902,3471.954
MRM,Budget,261122001,2026,11,22,1,2026-11,157457.133,131994.322,6109.337,12978.641,0,98494.194,6770.657,4062.394,44.38,15.84,7.08,408.741,0.835,0.98,0.925,0.713,0.955,0.817333333,0.95,6.04,712.596,4956.845,4500.242,11.631,12.606,211.712,650,45,6,2,49.038,18.635,8.046,441.882,54.789,98494.194,307905.088,634.344,163566.469,144972.963,25.888,7.128,207.799,18.492,8.712,200.942,28.606,8.386,224.648,20.433,10.249,217.234,4.834,7.468,9.901,4.79,4999.064,4000.138,760.011,4897.738,4909.419,663.563,0.902,3471.954
MRM,Budget,261122002,2026,11,22,2,2026-11,157457.133,131994.322,6109.337,12978.641,0,98494.194,6770.657,4062.394,44.38,15.84,7.08,408.741,0.835,0.98,0.925,0.713,0.955,0.817333333,0.95,6.04,712.596,4956.845,4500.242,11.631,12.606,211.712,651,45,6,2,49.038,18.635,8.046,441.882,54.789,98494.194,307905.088,634.344,163566.469,144972.963,25.888,7.128,207.799,18.492,8.712,200.942,28.606,8.386,224.648,20.433,10.249,217.234,4.834,7.468,9.901,4.79,4999.064,4000.138,760.011,4897.738,4909.419,663.563,0.902,3471.954
MRM,Budget,261123001,2026,11,23,1,2026-11,157457.133,131994.322,6109.337,12978.641,0,98494.194,6770.657,4062.394,44.38,15.84,7.08,408.741,0.835,0.98,0.925,0.713,0.955,0.817333333,0.95,6.04,712.596,4956.845,4500.242,11.631,12.606,211.712,652,45,6,2,49.038,18.635,8.046,441.882,54.789,98494.194,307905.088,634.344,163566.469,144972.963,25.888,7.128,207.799,18.492,8.712,200.942,28.606,8.386,224.648,20.433,10.249,217.234,4.834,7.468,9.901,4.79,4999.064,4000.138,760.011,4897.738,4909.419,663.563,0.902,3471.954
MRM,Budget,261123002,2026,11,23,2,2026-11,157457.133,131994.322,6109.337,12978.641,0,98494.194,6770.657,4062.394,44.38,15.84,7.08,408.741,0.835,0.98,0.925,0.713,0.955,0.817333333,0.95,6.04,712.596,4956.845,4500.242,11.631,12.606,211.712,653,45,6,2,49.038,18.635,8.046,441.882,54.789,98494.194,307905.088,634.344,163566.469,144972.963,25.888,7.128,207.799,18.492,8.712,200.942,28.606,8.386,224.648,20.433,10.249,217.234,4.834,7.468,9.901,4.79,4999.064,4000.138,760.011,4897.738,4909.419,663.563,0.902,3471.954
MRM,Budget,261124001,2026,11,24,1,2026-11,157457.133,131994.322,6109.337,12978.641,0,98494.194,6770.657,4062.394,44.38,15.84,7.08,408.741,0.835,0.98,0.925,0.713,0.955,0.817333333,0.95,6.04,712.596,4956.845,4500.242,11.631,12.606,211.712,654,45,6,2,49.038,18.635,8.046,441.882,54.789,98494.194,307905.088,634.344,163566.469,144972.963,25.888,7.128,207.799,18.492,8.712,200.942,28.606,8.386,224.648,20.433,10.249,217.234,4.834,7.468,9.901,4.79,4999.064,4000.138,760.011,4897.738,4909.419,663.563,0.902,3471.954
MRM,Budget,261124002,2026,11,24,2,2026-11,157457.133,131994.322,6109.337,12978.641,0,98494.194,6770.657,4062.394,44.38,15.84,7.08,408.741,0.835,0.98,0.925,0.713,0.955,0.817333333,0.95,6.04,712.596,4956.845,4500.242,11.631,12.606,211.712,655,45,6,2,49.038,18.635,8.046,441.882,54.789,98494.194,307905.088,634.344,163566.469,144972.963,25.888,7.128,207.799,18.492,8.712,200.942,28.606,8.386,224.648,20.433,10.249,217.234,4.834,7.468,9.901,4.79,4999.064,4000.138,760.011,4897.738,4909.419,663.563,0.902,3471.954
MRM,Budget,261125001,2026,11,25,1,2026-11,157457.133,131994.322,6109.337,12978.641,0,98494.194,6770.657,4062.394,44.38,15.84,7.08,408.741,0.835,0.98,0.925,0.713,0.955,0.817333333,0.95,6.04,712.596,4956.845,4500.242,11.631,12.606,211.712,656,45,6,2,49.038,18.635,8.046,441.882,54.789,98494.194,307905.088,634.344,163566.469,144972.963,25.888,7.128,207.799,18.492,8.712,200.942,28.606,8.386,224.648,20.433,10.249,217.234,4.834,7.468,9.901,4.79,4999.064,4000.138,760.011,4897.738,4909.419,663.563,0.902,3471.954
MRM,Budget,261125002,2026,11,25,2,2026-11,157457.133,131994.322,6109.337,12978.641,0,98494.194,6770.657,4062.394,44.38,15.84,7.08,408.741,0.835,0.98,0.925,0.713,0.955,0.817333333,0.95,6.04,712.596,4956.845,4500.242,11.631,12.606,211.712,657,45,6,2,49.038,18.635,8.046,441.882,54.789,98494.194,307905.088,634.344,163566.469,144972.963,25.888,7.128,207.799,18.492,8.712,200.942,28.606,8.386,224.648,20.433,10.249,217.234,4.834,7.468,9.901,4.79,4999.064,4000.138,760.011,4897.738,4909.419,663.563,0.902,3471.954
MRM,Budget,261126001,2026,11,26,1,2026-11,157457.133,131994.322,6109.337,12978.641,0,98494.194,6770.657,4062.394,44.38,15.84,7.08,408.741,0.835,0.98,0.925,0.713,0.955,0.817333333,0.95,6.04,712.596,4956.845,4500.242,11.631,12.606,211.712,658,45,6,2,49.038,18.635,8.046,441.882,54.789,98494.194,307905.088,634.344,163566.469,144972.963,25.888,7.128,207.799,18.492,8.712,200.942,28.606,8.386,224.648,20.433,10.249,217.234,4.834,7.468,9.901,4.79,4999.064,4000.138,760.011,4897.738,4909.419,663.563,0.902,3471.954
MRM,Budget,261126002,2026,11,26,2,2026-11,157457.133,131994.322,6109.337,12978.641,0,98494.194,6770.657,4062.394,44.38,15.84,7.08,408.741,0.835,0.98,0.925,0.713,0.955,0.817333333,0.95,6.04,712.596,4956.845,4500.242,11.631,12.606,211.712,659,45,6,2,49.038,18.635,8.046,441.882,54.789,98494.194,307905.088,634.344,163566.469,144972.963,25.888,7.128,207.799,18.492,8.712,200.942,28.606,8.386,224.648,20.433,10.249,217.234,4.834,7.468,9.901,4.79,4999.064,4000.138,760.011,4897.738,4909.419,663.563,0.902,3471.954
MRM,Budget,261127001,2026,11,27,1,2026-11,157457.133,131994.322,6109.337,12978.641,0,98494.194,6770.657,4062.394,44.38,15.84,7.08,408.741,0.835,0.98,0.925,0.713,0.955,0.817333333,0.95,6.04,712.596,4956.845,4500.242,11.631,12.606,211.712,660,45,6,2,49.038,18.635,8.046,441.882,54.789,98494.194,307905.088,634.344,163566.469,144972.963,25.888,7.128,207.799,18.492,8.712,200.942,28.606,8.386,224.648,20.433,10.249,217.234,4.834,7.468,9.901,4.79,4999.064,4000.138,760.011,4897.738,4909.419,663.563,0.902,3471.954
MRM,Budget,261127002,2026,11,27,2,2026-11,157457.133,131994.322,6109.337,12978.641,0,98494.194,6770.657,4062.394,44.38,15.84,7.08,408.741,0.835,0.98,0.925,0.713,0.955,0.817333333,0.95,6.04,712.596,4956.845,4500.242,11.631,12.606,211.712,661,45,6,2,49.038,18.635,8.046,441.882,54.789,98494.194,307905.088,634.344,163566.469,144972.963,25.888,7.128,207.799,18.492,8.712,200.942,28.606,8.386,224.648,20.433,10.249,217.234,4.834,7.468,9.901,4.79,4999.064,4000.138,760.011,4897.738,4909.419,663.563,0.902,3471.954
MRM,Budget,261128001,2026,11,28,1,2026-11,157457.133,131994.322,6109.337,12978.641,0,98494.194,6770.657,4062.394,44.38,15.84,7.08,408.741,0.835,0.98,0.925,0.713,0.955,0.817333333,0.95,6.04,712.596,4956.845,4500.242,11.631,12.606,211.712,662,45,6,2,49.038,18.635,8.046,441.882,54.789,98494.194,307905.088,634.344,163566.469,144972.963,25.888,7.128,207.799,18.492,8.712,200.942,28.606,8.386,224.648,20.433,10.249,217.234,4.834,7.468,9.901,4.79,4999.064,4000.138,760.011,4897.738,4909.419,663.563,0.902,3471.954
MRM,Budget,261128002,2026,11,28,2,2026-11,157457.133,131994.322,6109.337,12978.641,0,98494.194,6770.657,4062.394,44.38,15.84,7.08,408.741,0.835,0.98,0.925,0.713,0.955,0.817333333,0.95,6.04,712.596,4956.845,4500.242,11.631,12.606,211.712,663,45,6,2,49.038,18.635,8.046,441.882,54.789,98494.194,307905.088,634.344,163566.469,144972.963,25.888,7.128,207.799,18.492,8.712,200.942,28.606,8.386,224.648,20.433,10.249,217.234,4.834,7.468,9.901,4.79,4999.064,4000.138,760.011,4897.738,4909.419,663.563,0.902,3471.954
MRM,Budget,261129001,2026,11,29,1,2026-11,157457.133,131994.322,6109.337,12978.641,0,98494.194,6770.657,4062.394,44.38,15.84,7.08,408.741,0.835,0.98,0.925,0.713,0.955,0.817333333,0.95,6.04,712.596,4956.845,4500.242,11.631,12.606,211.712,664,45,6,2,49.038,18.635,8.046,441.882,54.789,98494.194,307905.088,634.344,163566.469,144972.963,25.888,7.128,207.799,18.492,8.712,200.942,28.606,8.386,224.648,20.433,10.249,217.234,4.834,7.468,9.901,4.79,4999.064,4000.138,760.011,4897.738,4909.419,663.563,0.902,3471.954
MRM,Budget,261129002,2026,11,29,2,2026-11,157457.133,131994.322,6109.337,12978.641,0,98494.194,6770.657,4062.394,44.38,15.84,7.08,408.741,0.835,0.98,0.925,0.713,0.955,0.817333333,0.95,6.04,712.596,4956.845,4500.242,11.631,12.606,211.712,665,45,6,2,49.038,18.635,8.046,441.882,54.789,98494.194,307905.088,634.344,163566.469,144972.963,25.888,7.128,207.799,18.492,8.712,200.942,28.606,8.386,224.648,20.433,10.249,217.234,4.834,7.468,9.901,4.79,4999.064,4000.138,760.011,4897.738,4909.419,663.563,0.902,3471.954
MRM,Budget,261130001,2026,11,30,1,2026-11,157457.133,131994.322,6109.337,12978.641,0,98494.194,6770.657,4062.394,44.38,15.84,7.08,408.741,0.835,0.98,0.925,0.713,0.955,0.817333333,0.95,6.04,712.596,4956.845,4500.242,11.631,12.606,211.712,666,45,6,2,49.038,18.635,8.046,441.882,54.789,98494.194,307905.088,634.344,163566.469,144972.963,25.888,7.128,207.799,18.492,8.712,200.942,28.606,8.386,224.648,20.433,10.249,217.234,4.834,7.468,9.901,4.79,4999.064,4000.138,760.011,4897.738,4909.419,663.563,0.902,3471.954
MRM,Budget,261130002,2026,11,30,2,2026-11,157457.133,131994.322,6109.337,12978.641,0,98494.194,6770.657,4062.394,44.38,15.84,7.08,408.741,0.835,0.98,0.925,0.713,0.955,0.817333333,0.95,6.04,712.596,4956.845,4500.242,11.631,12.606,211.712,667,45,6,2,49.038,18.635,8.046,441.882,54.789,98494.194,307905.088,634.344,163566.469,144972.963,25.888,7.128,207.799,18.492,8.712,200.942,28.606,8.386,224.648,20.433,10.249,217.234,4.834,7.468,9.901,4.79,4999.064,4000.138,760.011,4897.738,4909.419,663.563,0.902,3471.954
MRM,Budget,261201001,2026,12,1,1,2026-12,159192.907,144478.522,6176.685,13753.388,0,100028.008,6845.295,4107.177,54.964,14.006,7.323,408.741,0.835,0.98,0.925,0.883,0.955,0.722709677,0.95,6.021,748.828,4787.89,3064.031,11.563,11.173,232.325,668,45,6,2,60.734,16.478,8.321,441.882,54.002,100028.008,322987.622,613.881,165369.592,158231.911,27.482,10.505,203.456,27.482,3.502,205.285,30.367,12.358,219.953,30.367,4.119,221.929,4.969,7.168,8.412,5.645,4736.243,2809.173,784.79,4839.537,3828.605,713.185,0.902,3377.164
MRM,Budget,261201002,2026,12,1,2,2026-12,159192.907,144478.522,6176.685,13753.388,0,100028.008,6845.295,4107.177,54.964,14.006,7.323,408.741,0.835,0.98,0.925,0.883,0.955,0.722709677,0.95,6.021,748.828,4787.89,3064.031,11.563,11.173,232.325,669,45,6,2,60.734,16.478,8.321,441.882,54.002,100028.008,322987.622,613.881,165369.592,158231.911,27.482,10.505,203.456,27.482,3.502,205.285,30.367,12.358,219.953,30.367,4.119,221.929,4.969,7.168,8.412,5.645,4736.243,2809.173,784.79,4839.537,3828.605,713.185,0.902,3377.164
MRM,Budget,261202001,2026,12,2,1,2026-12,159192.907,144478.522,6176.685,13753.388,0,100028.008,6845.295,4107.177,54.964,14.006,7.323,408.741,0.835,0.98,0.925,0.883,0.955,0.722709677,0.95,6.021,748.828,4787.89,3064.031,11.563,11.173,232.325,670,45,6,2,60.734,16.478,8.321,441.882,54.002,100028.008,322987.622,613.881,165369.592,158231.911,27.482,10.505,203.456,27.482,3.502,205.285,30.367,12.358,219.953,30.367,4.119,221.929,4.969,7.168,8.412,5.645,4736.243,2809.173,784.79,4839.537,3828.605,713.185,0.902,3377.164
MRM,Budget,261202002,2026,12,2,2,2026-12,159192.907,144478.522,6176.685,13753.388,0,100028.008,6845.295,4107.177,54.964,14.006,7.323,408.741,0.835,0.98,0.925,0.883,0.955,0.722709677,0.95,6.021,748.828,4787.89,3064.031,11.563,11.173,232.325,671,45,6,2,60.734,16.478,8.321,441.882,54.002,100028.008,322987.622,613.881,165369.592,158231.911,27.482,10.505,203.456,27.482,3.502,205.285,30.367,12.358,219.953,30.367,4.119,221.929,4.969,7.168,8.412,5.645,4736.243,2809.173,784.79,4839.537,3828.605,713.185,0.902,3377.164
MRM,Budget,261203001,2026,12,3,1,2026-12,159192.907,144478.522,6176.685,13753.388,0,100028.008,6845.295,4107.177,54.964,14.006,7.323,408.741,0.835,0.98,0.925,0.883,0.955,0.722709677,0.95,6.021,748.828,4787.89,3064.031,11.563,11.173,232.325,672,45,6,2,60.734,16.478,8.321,441.882,54.002,100028.008,322987.622,613.881,165369.592,158231.911,27.482,10.505,203.456,27.482,3.502,205.285,30.367,12.358,219.953,30.367,4.119,221.929,4.969,7.168,8.412,5.645,4736.243,2809.173,784.79,4839.537,3828.605,713.185,0.902,3377.164
MRM,Budget,261203002,2026,12,3,2,2026-12,159192.907,144478.522,6176.685,13753.388,0,100028.008,6845.295,4107.177,54.964,14.006,7.323,408.741,0.835,0.98,0.925,0.883,0.955,0.722709677,0.95,6.021,748.828,4787.89,3064.031,11.563,11.173,232.325,673,45,6,2,60.734,16.478,8.321,441.882,54.002,100028.008,322987.622,613.881,165369.592,158231.911,27.482,10.505,203.456,27.482,3.502,205.285,30.367,12.358,219.953,30.367,4.119,221.929,4.969,7.168,8.412,5.645,4736.243,2809.173,784.79,4839.537,3828.605,713.185,0.902,3377.164
MRM,Budget,261204001,2026,12,4,1,2026-12,159192.907,144478.522,6176.685,13753.388,0,100028.008,6845.295,4107.177,54.964,14.006,7.323,408.741,0.835,0.98,0.925,0.883,0.955,0.722709677,0.95,6.021,748.828,4787.89,3064.031,11.563,11.173,232.325,674,45,6,2,60.734,16.478,8.321,441.882,54.002,100028.008,322987.622,613.881,165369.592,158231.911,27.482,10.505,203.456,27.482,3.502,205.285,30.367,12.358,219.953,30.367,4.119,221.929,4.969,7.168,8.412,5.645,4736.243,2809.173,784.79,4839.537,3828.605,713.185,0.902,3377.164
MRM,Budget,261204002,2026,12,4,2,2026-12,159192.907,144478.522,6176.685,13753.388,0,100028.008,6845.295,4107.177,54.964,14.006,7.323,408.741,0.835,0.98,0.925,0.883,0.955,0.722709677,0.95,6.021,748.828,4787.89,3064.031,11.563,11.173,232.325,675,45,6,2,60.734,16.478,8.321,441.882,54.002,100028.008,322987.622,613.881,165369.592,158231.911,27.482,10.505,203.456,27.482,3.502,205.285,30.367,12.358,219.953,30.367,4.119,221.929,4.969,7.168,8.412,5.645,4736.243,2809.173,784.79,4839.537,3828.605,713.185,0.902,3377.164
MRM,Budget,261205001,2026,12,5,1,2026-12,159192.907,144478.522,6176.685,13753.388,0,100028.008,6845.295,4107.177,54.964,14.006,7.323,408.741,0.835,0.98,0.925,0.883,0.955,0.722709677,0.95,6.021,748.828,4787.89,3064.031,11.563,11.173,232.325,676,45,6,2,60.734,16.478,8.321,441.882,54.002,100028.008,322987.622,613.881,165369.592,158231.911,27.482,10.505,203.456,27.482,3.502,205.285,30.367,12.358,219.953,30.367,4.119,221.929,4.969,7.168,8.412,5.645,4736.243,2809.173,784.79,4839.537,3828.605,713.185,0.902,3377.164
MRM,Budget,261205002,2026,12,5,2,2026-12,159192.907,144478.522,6176.685,13753.388,0,100028.008,6845.295,4107.177,54.964,14.006,7.323,408.741,0.835,0.98,0.925,0.883,0.955,0.722709677,0.95,6.021,748.828,4787.89,3064.031,11.563,11.173,232.325,677,45,6,2,60.734,16.478,8.321,441.882,54.002,100028.008,322987.622,613.881,165369.592,158231.911,27.482,10.505,203.456,27.482,3.502,205.285,30.367,12.358,219.953,30.367,4.119,221.929,4.969,7.168,8.412,5.645,4736.243,2809.173,784.79,4839.537,3828.605,713.185,0.902,3377.164
MRM,Budget,261206001,2026,12,6,1,2026-12,159192.907,144478.522,6176.685,13753.388,0,100028.008,6845.295,4107.177,54.964,14.006,7.323,408.741,0.835,0.98,0.925,0.883,0.955,0.722709677,0.95,6.021,748.828,4787.89,3064.031,11.563,11.173,232.325,678,45,6,2,60.734,16.478,8.321,441.882,54.002,100028.008,322987.622,613.881,165369.592,158231.911,27.482,10.505,203.456,27.482,3.502,205.285,30.367,12.358,219.953,30.367,4.119,221.929,4.969,7.168,8.412,5.645,4736.243,2809.173,784.79,4839.537,3828.605,713.185,0.902,3377.164
MRM,Budget,261206002,2026,12,6,2,2026-12,159192.907,144478.522,6176.685,13753.388,0,100028.008,6845.295,4107.177,54.964,14.006,7.323,408.741,0.835,0.98,0.925,0.883,0.955,0.722709677,0.95,6.021,748.828,4787.89,3064.031,11.563,11.173,232.325,679,45,6,2,60.734,16.478,8.321,441.882,54.002,100028.008,322987.622,613.881,165369.592,158231.911,27.482,10.505,203.456,27.482,3.502,205.285,30.367,12.358,219.953,30.367,4.119,221.929,4.969,7.168,8.412,5.645,4736.243,2809.173,784.79,4839.537,3828.605,713.185,0.902,3377.164
MRM,Budget,261207001,2026,12,7,1,2026-12,159192.907,144478.522,6176.685,13753.388,0,100028.008,6845.295,4107.177,54.964,14.006,7.323,408.741,0.835,0.98,0.925,0.883,0.955,0.722709677,0.95,6.021,748.828,4787.89,3064.031,11.563,11.173,232.325,680,45,6,2,60.734,16.478,8.321,441.882,54.002,100028.008,322987.622,613.881,165369.592,158231.911,27.482,10.505,203.456,27.482,3.502,205.285,30.367,12.358,219.953,30.367,4.119,221.929,4.969,7.168,8.412,5.645,4736.243,2809.173,784.79,4839.537,3828.605,713.185,0.902,3377.164
MRM,Budget,261207002,2026,12,7,2,2026-12,159192.907,144478.522,6176.685,13753.388,0,100028.008,6845.295,4107.177,54.964,14.006,7.323,408.741,0.835,0.98,0.925,0.883,0.955,0.722709677,0.95,6.021,748.828,4787.89,3064.031,11.563,11.173,232.325,681,45,6,2,60.734,16.478,8.321,441.882,54.002,100028.008,322987.622,613.881,165369.592,158231.911,27.482,10.505,203.456,27.482,3.502,205.285,30.367,12.358,219.953,30.367,4.119,221.929,4.969,7.168,8.412,5.645,4736.243,2809.173,784.79,4839.537,3828.605,713.185,0.902,3377.164
MRM,Budget,261208001,2026,12,8,1,2026-12,159192.907,144478.522,6176.685,13753.388,0,100028.008,6845.295,4107.177,54.964,14.006,7.323,408.741,0.835,0.98,0.925,0.883,0.955,0.722709677,0.95,6.021,748.828,4787.89,3064.031,11.563,11.173,232.325,682,45,6,2,60.734,16.478,8.321,441.882,54.002,100028.008,322987.622,613.881,165369.592,158231.911,27.482,10.505,203.456,27.482,3.502,205.285,30.367,12.358,219.953,30.367,4.119,221.929,4.969,7.168,8.412,5.645,4736.243,2809.173,784.79,4839.537,3828.605,713.185,0.902,3377.164
MRM,Budget,261208002,2026,12,8,2,2026-12,159192.907,144478.522,6176.685,13753.388,0,100028.008,6845.295,4107.177,54.964,14.006,7.323,408.741,0.835,0.98,0.925,0.883,0.955,0.722709677,0.95,6.021,748.828,4787.89,3064.031,11.563,11.173,232.325,683,45,6,2,60.734,16.478,8.321,441.882,54.002,100028.008,322987.622,613.881,165369.592,158231.911,27.482,10.505,203.456,27.482,3.502,205.285,30.367,12.358,219.953,30.367,4.119,221.929,4.969,7.168,8.412,5.645,4736.243,2809.173,784.79,4839.537,3828.605,713.185,0.902,3377.164
MRM,Budget,261209001,2026,12,9,1,2026-12,159192.907,144478.522,6176.685,13753.388,0,100028.008,6845.295,4107.177,54.964,14.006,7.323,408.741,0.835,0.98,0.925,0.883,0.955,0.722709677,0.95,6.021,748.828,4787.89,3064.031,11.563,11.173,232.325,684,45,6,2,60.734,16.478,8.321,441.882,54.002,100028.008,322987.622,613.881,165369.592,158231.911,27.482,10.505,203.456,27.482,3.502,205.285,30.367,12.358,219.953,30.367,4.119,221.929,4.969,7.168,8.412,5.645,4736.243,2809.173,784.79,4839.537,3828.605,713.185,0.902,3377.164
MRM,Budget,261209002,2026,12,9,2,2026-12,159192.907,144478.522,6176.685,13753.388,0,100028.008,6845.295,4107.177,54.964,14.006,7.323,408.741,0.835,0.98,0.925,0.883,0.955,0.722709677,0.95,6.021,748.828,4787.89,3064.031,11.563,11.173,232.325,685,45,6,2,60.734,16.478,8.321,441.882,54.002,100028.008,322987.622,613.881,165369.592,158231.911,27.482,10.505,203.456,27.482,3.502,205.285,30.367,12.358,219.953,30.367,4.119,221.929,4.969,7.168,8.412,5.645,4736.243,2809.173,784.79,4839.537,3828.605,713.185,0.902,3377.164
MRM,Budget,261210001,2026,12,10,1,2026-12,159192.907,144478.522,6176.685,13753.388,0,100028.008,6845.295,4107.177,54.964,14.006,7.323,408.741,0.835,0.98,0.925,0.883,0.955,0.722709677,0.95,6.021,748.828,4787.89,3064.031,11.563,11.173,232.325,686,45,6,2,60.734,16.478,8.321,441.882,54.002,100028.008,322987.622,613.881,165369.592,158231.911,27.482,10.505,203.456,27.482,3.502,205.285,30.367,12.358,219.953,30.367,4.119,221.929,4.969,7.168,8.412,5.645,4736.243,2809.173,784.79,4839.537,3828.605,713.185,0.902,3377.164
MRM,Budget,261210002,2026,12,10,2,2026-12,159192.907,144478.522,6176.685,13753.388,0,100028.008,6845.295,4107.177,54.964,14.006,7.323,408.741,0.835,0.98,0.925,0.883,0.955,0.722709677,0.95,6.021,748.828,4787.89,3064.031,11.563,11.173,232.325,687,45,6,2,60.734,16.478,8.321,441.882,54.002,100028.008,322987.622,613.881,165369.592,158231.911,27.482,10.505,203.456,27.482,3.502,205.285,30.367,12.358,219.953,30.367,4.119,221.929,4.969,7.168,8.412,5.645,4736.243,2809.173,784.79,4839.537,3828.605,713.185,0.902,3377.164
MRM,Budget,261211001,2026,12,11,1,2026-12,159192.907,144478.522,6176.685,13753.388,0,100028.008,6845.295,4107.177,54.964,14.006,7.323,408.741,0.835,0.98,0.925,0.883,0.955,0.722709677,0.95,6.021,748.828,4787.89,3064.031,11.563,11.173,232.325,688,45,6,2,60.734,16.478,8.321,441.882,54.002,100028.008,322987.622,613.881,165369.592,158231.911,27.482,10.505,203.456,27.482,3.502,205.285,30.367,12.358,219.953,30.367,4.119,221.929,4.969,7.168,8.412,5.645,4736.243,2809.173,784.79,4839.537,3828.605,713.185,0.902,3377.164
MRM,Budget,261211002,2026,12,11,2,2026-12,159192.907,144478.522,6176.685,13753.388,0,100028.008,6845.295,4107.177,54.964,14.006,7.323,408.741,0.835,0.98,0.925,0.883,0.955,0.722709677,0.95,6.021,748.828,4787.89,3064.031,11.563,11.173,232.325,689,45,6,2,60.734,16.478,8.321,441.882,54.002,100028.008,322987.622,613.881,165369.592,158231.911,27.482,10.505,203.456,27.482,3.502,205.285,30.367,12.358,219.953,30.367,4.119,221.929,4.969,7.168,8.412,5.645,4736.243,2809.173,784.79,4839.537,3828.605,713.185,0.902,3377.164
MRM,Budget,261212001,2026,12,12,1,2026-12,159192.907,144478.522,6176.685,13753.388,0,100028.008,6845.295,4107.177,54.964,14.006,7.323,408.741,0.835,0.98,0.925,0.883,0.955,0.722709677,0.95,6.021,748.828,4787.89,3064.031,11.563,11.173,232.325,690,45,6,2,60.734,16.478,8.321,441.882,54.002,100028.008,322987.622,613.881,165369.592,158231.911,27.482,10.505,203.456,27.482,3.502,205.285,30.367,12.358,219.953,30.367,4.119,221.929,4.969,7.168,8.412,5.645,4736.243,2809.173,784.79,4839.537,3828.605,713.185,0.902,3377.164
MRM,Budget,261212002,2026,12,12,2,2026-12,159192.907,144478.522,6176.685,13753.388,0,100028.008,6845.295,4107.177,54.964,14.006,7.323,408.741,0.835,0.98,0.925,0.883,0.955,0.722709677,0.95,6.021,748.828,4787.89,3064.031,11.563,11.173,232.325,691,45,6,2,60.734,16.478,8.321,441.882,54.002,100028.008,322987.622,613.881,165369.592,158231.911,27.482,10.505,203.456,27.482,3.502,205.285,30.367,12.358,219.953,30.367,4.119,221.929,4.969,7.168,8.412,5.645,4736.243,2809.173,784.79,4839.537,3828.605,713.185,0.902,3377.164
MRM,Budget,261213001,2026,12,13,1,2026-12,159192.907,144478.522,6176.685,13753.388,0,100028.008,6845.295,4107.177,54.964,14.006,7.323,408.741,0.835,0.98,0.925,0.883,0.955,0.722709677,0.95,6.021,748.828,4787.89,3064.031,11.563,11.173,232.325,692,45,6,2,60.734,16.478,8.321,441.882,54.002,100028.008,322987.622,613.881,165369.592,158231.911,27.482,10.505,203.456,27.482,3.502,205.285,30.367,12.358,219.953,30.367,4.119,221.929,4.969,7.168,8.412,5.645,4736.243,2809.173,784.79,4839.537,3828.605,713.185,0.902,3377.164
MRM,Budget,261213002,2026,12,13,2,2026-12,159192.907,144478.522,6176.685,13753.388,0,100028.008,6845.295,4107.177,54.964,14.006,7.323,408.741,0.835,0.98,0.925,0.883,0.955,0.722709677,0.95,6.021,748.828,4787.89,3064.031,11.563,11.173,232.325,693,45,6,2,60.734,16.478,8.321,441.882,54.002,100028.008,322987.622,613.881,165369.592,158231.911,27.482,10.505,203.456,27.482,3.502,205.285,30.367,12.358,219.953,30.367,4.119,221.929,4.969,7.168,8.412,5.645,4736.243,2809.173,784.79,4839.537,3828.605,713.185,0.902,3377.164
MRM,Budget,261214001,2026,12,14,1,2026-12,159192.907,144478.522,6176.685,13753.388,0,100028.008,6845.295,4107.177,54.964,14.006,7.323,408.741,0.835,0.98,0.925,0.883,0.955,0.722709677,0.95,6.021,748.828,4787.89,3064.031,11.563,11.173,232.325,694,45,6,2,60.734,16.478,8.321,441.882,54.002,100028.008,322987.622,613.881,165369.592,158231.911,27.482,10.505,203.456,27.482,3.502,205.285,30.367,12.358,219.953,30.367,4.119,221.929,4.969,7.168,8.412,5.645,4736.243,2809.173,784.79,4839.537,3828.605,713.185,0.902,3377.164
MRM,Budget,261214002,2026,12,14,2,2026-12,159192.907,144478.522,6176.685,13753.388,0,100028.008,6845.295,4107.177,54.964,14.006,7.323,408.741,0.835,0.98,0.925,0.883,0.955,0.722709677,0.95,6.021,748.828,4787.89,3064.031,11.563,11.173,232.325,695,45,6,2,60.734,16.478,8.321,441.882,54.002,100028.008,322987.622,613.881,165369.592,158231.911,27.482,10.505,203.456,27.482,3.502,205.285,30.367,12.358,219.953,30.367,4.119,221.929,4.969,7.168,8.412,5.645,4736.243,2809.173,784.79,4839.537,3828.605,713.185,0.902,3377.164
MRM,Budget,261215001,2026,12,15,1,2026-12,159192.907,144478.522,6176.685,13753.388,0,100028.008,6845.295,4107.177,54.964,14.006,7.323,408.741,0.835,0.98,0.925,0.883,0.955,0.722709677,0.95,6.021,748.828,4787.89,3064.031,11.563,11.173,232.325,696,45,6,2,60.734,16.478,8.321,441.882,54.002,100028.008,322987.622,613.881,165369.592,158231.911,27.482,10.505,203.456,27.482,3.502,205.285,30.367,12.358,219.953,30.367,4.119,221.929,4.969,7.168,8.412,5.645,4736.243,2809.173,784.79,4839.537,3828.605,713.185,0.902,3377.164
MRM,Budget,261215002,2026,12,15,2,2026-12,159192.907,144478.522,6176.685,13753.388,0,100028.008,6845.295,4107.177,54.964,14.006,7.323,408.741,0.835,0.98,0.925,0.883,0.955,0.722709677,0.95,6.021,748.828,4787.89,3064.031,11.563,11.173,232.325,697,45,6,2,60.734,16.478,8.321,441.882,54.002,100028.008,322987.622,613.881,165369.592,158231.911,27.482,10.505,203.456,27.482,3.502,205.285,30.367,12.358,219.953,30.367,4.119,221.929,4.969,7.168,8.412,5.645,4736.243,2809.173,784.79,4839.537,3828.605,713.185,0.902,3377.164
MRM,Budget,261216001,2026,12,16,1,2026-12,159192.907,144478.522,6176.685,13753.388,0,100028.008,6845.295,4107.177,54.964,14.006,7.323,408.741,0.835,0.98,0.925,0.883,0.955,0.722709677,0.95,6.021,748.828,4787.89,3064.031,11.563,11.173,232.325,698,45,6,2,60.734,16.478,8.321,441.882,54.002,100028.008,322987.622,613.881,165369.592,158231.911,27.482,10.505,203.456,27.482,3.502,205.285,30.367,12.358,219.953,30.367,4.119,221.929,4.969,7.168,8.412,5.645,4736.243,2809.173,784.79,4839.537,3828.605,713.185,0.902,3377.164
MRM,Budget,261216002,2026,12,16,2,2026-12,159192.907,144478.522,6176.685,13753.388,0,100028.008,6845.295,4107.177,54.964,14.006,7.323,408.741,0.835,0.98,0.925,0.883,0.955,0.722709677,0.95,6.021,748.828,4787.89,3064.031,11.563,11.173,232.325,699,45,6,2,60.734,16.478,8.321,441.882,54.002,100028.008,322987.622,613.881,165369.592,158231.911,27.482,10.505,203.456,27.482,3.502,205.285,30.367,12.358,219.953,30.367,4.119,221.929,4.969,7.168,8.412,5.645,4736.243,2809.173,784.79,4839.537,3828.605,713.185,0.902,3377.164
MRM,Budget,261217001,2026,12,17,1,2026-12,159192.907,144478.522,6176.685,13753.388,0,100028.008,6845.295,4107.177,54.964,14.006,7.323,408.741,0.835,0.98,0.925,0.883,0.955,0.722709677,0.95,6.021,748.828,4787.89,3064.031,11.563,11.173,232.325,700,45,6,2,60.734,16.478,8.321,441.882,54.002,100028.008,322987.622,613.881,165369.592,158231.911,27.482,10.505,203.456,27.482,3.502,205.285,30.367,12.358,219.953,30.367,4.119,221.929,4.969,7.168,8.412,5.645,4736.243,2809.173,784.79,4839.537,3828.605,713.185,0.902,3377.164
MRM,Budget,261217002,2026,12,17,2,2026-12,159192.907,144478.522,6176.685,13753.388,0,100028.008,6845.295,4107.177,54.964,14.006,7.323,408.741,0.835,0.98,0.925,0.883,0.955,0.722709677,0.95,6.021,748.828,4787.89,3064.031,11.563,11.173,232.325,701,45,6,2,60.734,16.478,8.321,441.882,54.002,100028.008,322987.622,613.881,165369.592,158231.911,27.482,10.505,203.456,27.482,3.502,205.285,30.367,12.358,219.953,30.367,4.119,221.929,4.969,7.168,8.412,5.645,4736.243,2809.173,784.79,4839.537,3828.605,713.185,0.902,3377.164
MRM,Budget,261218001,2026,12,18,1,2026-12,159192.907,144478.522,6176.685,13753.388,0,100028.008,6845.295,4107.177,54.964,14.006,7.323,408.741,0.835,0.98,0.925,0.883,0.955,0.722709677,0.95,6.021,748.828,4787.89,3064.031,11.563,11.173,232.325,702,45,6,2,60.734,16.478,8.321,441.882,54.002,100028.008,322987.622,613.881,165369.592,158231.911,27.482,10.505,203.456,27.482,3.502,205.285,30.367,12.358,219.953,30.367,4.119,221.929,4.969,7.168,8.412,5.645,4736.243,2809.173,784.79,4839.537,3828.605,713.185,0.902,3377.164
MRM,Budget,261218002,2026,12,18,2,2026-12,159192.907,144478.522,6176.685,13753.388,0,100028.008,6845.295,4107.177,54.964,14.006,7.323,408.741,0.835,0.98,0.925,0.883,0.955,0.722709677,0.95,6.021,748.828,4787.89,3064.031,11.563,11.173,232.325,703,45,6,2,60.734,16.478,8.321,441.882,54.002,100028.008,322987.622,613.881,165369.592,158231.911,27.482,10.505,203.456,27.482,3.502,205.285,30.367,12.358,219.953,30.367,4.119,221.929,4.969,7.168,8.412,5.645,4736.243,2809.173,784.79,4839.537,3828.605,713.185,0.902,3377.164
MRM,Budget,261219001,2026,12,19,1,2026-12,159192.907,144478.522,6176.685,13753.388,0,100028.008,6845.295,4107.177,54.964,14.006,7.323,408.741,0.835,0.98,0.925,0.883,0.955,0.722709677,0.95,6.021,748.828,4787.89,3064.031,11.563,11.173,232.325,704,45,6,2,60.734,16.478,8.321,441.882,54.002,100028.008,322987.622,613.881,165369.592,158231.911,27.482,10.505,203.456,27.482,3.502,205.285,30.367,12.358,219.953,30.367,4.119,221.929,4.969,7.168,8.412,5.645,4736.243,2809.173,784.79,4839.537,3828.605,713.185,0.902,3377.164
MRM,Budget,261219002,2026,12,19,2,2026-12,159192.907,144478.522,6176.685,13753.388,0,100028.008,6845.295,4107.177,54.964,14.006,7.323,408.741,0.835,0.98,0.925,0.883,0.955,0.722709677,0.95,6.021,748.828,4787.89,3064.031,11.563,11.173,232.325,705,45,6,2,60.734,16.478,8.321,441.882,54.002,100028.008,322987.622,613.881,165369.592,158231.911,27.482,10.505,203.456,27.482,3.502,205.285,30.367,12.358,219.953,30.367,4.119,221.929,4.969,7.168,8.412,5.645,4736.243,2809.173,784.79,4839.537,3828.605,713.185,0.902,3377.164
MRM,Budget,261220001,2026,12,20,1,2026-12,159192.907,144478.522,6176.685,13753.388,0,100028.008,6845.295,4107.177,54.964,14.006,7.323,408.741,0.835,0.98,0.925,0.883,0.955,0.722709677,0.95,6.021,748.828,4787.89,3064.031,11.563,11.173,232.325,706,45,6,2,60.734,16.478,8.321,441.882,54.002,100028.008,322987.622,613.881,165369.592,158231.911,27.482,10.505,203.456,27.482,3.502,205.285,30.367,12.358,219.953,30.367,4.119,221.929,4.969,7.168,8.412,5.645,4736.243,2809.173,784.79,4839.537,3828.605,713.185,0.902,3377.164
MRM,Budget,261220002,2026,12,20,2,2026-12,159192.907,144478.522,6176.685,13753.388,0,100028.008,6845.295,4107.177,54.964,14.006,7.323,408.741,0.835,0.98,0.925,0.883,0.955,0.722709677,0.95,6.021,748.828,4787.89,3064.031,11.563,11.173,232.325,707,45,6,2,60.734,16.478,8.321,441.882,54.002,100028.008,322987.622,613.881,165369.592,158231.911,27.482,10.505,203.456,27.482,3.502,205.285,30.367,12.358,219.953,30.367,4.119,221.929,4.969,7.168,8.412,5.645,4736.243,2809.173,784.79,4839.537,3828.605,713.185,0.902,3377.164
MRM,Budget,261221001,2026,12,21,1,2026-12,159192.907,144478.522,6176.685,13753.388,0,100028.008,6845.295,4107.177,54.964,14.006,7.323,408.741,0.835,0.98,0.925,0.883,0.955,0.722709677,0.95,6.021,748.828,4787.89,3064.031,11.563,11.173,232.325,708,45,6,2,60.734,16.478,8.321,441.882,54.002,100028.008,322987.622,613.881,165369.592,158231.911,27.482,10.505,203.456,27.482,3.502,205.285,30.367,12.358,219.953,30.367,4.119,221.929,4.969,7.168,8.412,5.645,4736.243,2809.173,784.79,4839.537,3828.605,713.185,0.902,3377.164
MRM,Budget,261221002,2026,12,21,2,2026-12,159192.907,144478.522,6176.685,13753.388,0,100028.008,6845.295,4107.177,54.964,14.006,7.323,408.741,0.835,0.98,0.925,0.883,0.955,0.722709677,0.95,6.021,748.828,4787.89,3064.031,11.563,11.173,232.325,709,45,6,2,60.734,16.478,8.321,441.882,54.002,100028.008,322987.622,613.881,165369.592,158231.911,27.482,10.505,203.456,27.482,3.502,205.285,30.367,12.358,219.953,30.367,4.119,221.929,4.969,7.168,8.412,5.645,4736.243,2809.173,784.79,4839.537,3828.605,713.185,0.902,3377.164
MRM,Budget,261222001,2026,12,22,1,2026-12,159192.907,144478.522,6176.685,13753.388,0,100028.008,6845.295,4107.177,54.964,14.006,7.323,408.741,0.835,0.98,0.925,0.883,0.955,0.722709677,0.95,6.021,748.828,4787.89,3064.031,11.563,11.173,232.325,710,45,6,2,60.734,16.478,8.321,441.882,54.002,100028.008,322987.622,613.881,165369.592,158231.911,27.482,10.505,203.456,27.482,3.502,205.285,30.367,12.358,219.953,30.367,4.119,221.929,4.969,7.168,8.412,5.645,4736.243,2809.173,784.79,4839.537,3828.605,713.185,0.902,3377.164
MRM,Budget,261222002,2026,12,22,2,2026-12,159192.907,144478.522,6176.685,13753.388,0,100028.008,6845.295,4107.177,54.964,14.006,7.323,408.741,0.835,0.98,0.925,0.883,0.955,0.722709677,0.95,6.021,748.828,4787.89,3064.031,11.563,11.173,232.325,711,45,6,2,60.734,16.478,8.321,441.882,54.002,100028.008,322987.622,613.881,165369.592,158231.911,27.482,10.505,203.456,27.482,3.502,205.285,30.367,12.358,219.953,30.367,4.119,221.929,4.969,7.168,8.412,5.645,4736.243,2809.173,784.79,4839.537,3828.605,713.185,0.902,3377.164
MRM,Budget,261223001,2026,12,23,1,2026-12,159192.907,144478.522,6176.685,13753.388,0,100028.008,6845.295,4107.177,54.964,14.006,7.323,408.741,0.835,0.98,0.925,0.883,0.955,0.722709677,0.95,6.021,748.828,4787.89,3064.031,11.563,11.173,232.325,712,45,6,2,60.734,16.478,8.321,441.882,54.002,100028.008,322987.622,613.881,165369.592,158231.911,27.482,10.505,203.456,27.482,3.502,205.285,30.367,12.358,219.953,30.367,4.119,221.929,4.969,7.168,8.412,5.645,4736.243,2809.173,784.79,4839.537,3828.605,713.185,0.902,3377.164
MRM,Budget,261223002,2026,12,23,2,2026-12,159192.907,144478.522,6176.685,13753.388,0,100028.008,6845.295,4107.177,54.964,14.006,7.323,408.741,0.835,0.98,0.925,0.883,0.955,0.722709677,0.95,6.021,748.828,4787.89,3064.031,11.563,11.173,232.325,713,45,6,2,60.734,16.478,8.321,441.882,54.002,100028.008,322987.622,613.881,165369.592,158231.911,27.482,10.505,203.456,27.482,3.502,205.285,30.367,12.358,219.953,30.367,4.119,221.929,4.969,7.168,8.412,5.645,4736.243,2809.173,784.79,4839.537,3828.605,713.185,0.902,3377.164
MRM,Budget,261224001,2026,12,24,1,2026-12,159192.907,144478.522,6176.685,13753.388,0,100028.008,6845.295,4107.177,54.964,14.006,7.323,408.741,0.835,0.98,0.925,0.883,0.955,0.722709677,0.95,6.021,748.828,4787.89,3064.031,11.563,11.173,232.325,714,45,6,2,60.734,16.478,8.321,441.882,54.002,100028.008,322987.622,613.881,165369.592,158231.911,27.482,10.505,203.456,27.482,3.502,205.285,30.367,12.358,219.953,30.367,4.119,221.929,4.969,7.168,8.412,5.645,4736.243,2809.173,784.79,4839.537,3828.605,713.185,0.902,3377.164
MRM,Budget,261224002,2026,12,24,2,2026-12,159192.907,144478.522,6176.685,13753.388,0,100028.008,6845.295,4107.177,54.964,14.006,7.323,408.741,0.835,0.98,0.925,0.883,0.955,0.722709677,0.95,6.021,748.828,4787.89,3064.031,11.563,11.173,232.325,715,45,6,2,60.734,16.478,8.321,441.882,54.002,100028.008,322987.622,613.881,165369.592,158231.911,27.482,10.505,203.456,27.482,3.502,205.285,30.367,12.358,219.953,30.367,4.119,221.929,4.969,7.168,8.412,5.645,4736.243,2809.173,784.79,4839.537,3828.605,713.185,0.902,3377.164
MRM,Budget,261225001,2026,12,25,1,2026-12,159192.907,144478.522,6176.685,13753.388,0,100028.008,6845.295,4107.177,54.964,14.006,7.323,408.741,0.835,0.98,0.925,0.883,0.955,0.722709677,0.95,6.021,748.828,4787.89,3064.031,11.563,11.173,232.325,716,45,6,2,60.734,16.478,8.321,441.882,54.002,100028.008,322987.622,613.881,165369.592,158231.911,27.482,10.505,203.456,27.482,3.502,205.285,30.367,12.358,219.953,30.367,4.119,221.929,4.969,7.168,8.412,5.645,4736.243,2809.173,784.79,4839.537,3828.605,713.185,0.902,3377.164
MRM,Budget,261225002,2026,12,25,2,2026-12,159192.907,144478.522,6176.685,13753.388,0,100028.008,6845.295,4107.177,54.964,14.006,7.323,408.741,0.835,0.98,0.925,0.883,0.955,0.722709677,0.95,6.021,748.828,4787.89,3064.031,11.563,11.173,232.325,717,45,6,2,60.734,16.478,8.321,441.882,54.002,100028.008,322987.622,613.881,165369.592,158231.911,27.482,10.505,203.456,27.482,3.502,205.285,30.367,12.358,219.953,30.367,4.119,221.929,4.969,7.168,8.412,5.645,4736.243,2809.173,784.79,4839.537,3828.605,713.185,0.902,3377.164
MRM,Budget,261226001,2026,12,26,1,2026-12,159192.907,144478.522,6176.685,13753.388,0,100028.008,6845.295,4107.177,54.964,14.006,7.323,408.741,0.835,0.98,0.925,0.883,0.955,0.722709677,0.95,6.021,748.828,4787.89,3064.031,11.563,11.173,232.325,718,45,6,2,60.734,16.478,8.321,441.882,54.002,100028.008,322987.622,613.881,165369.592,158231.911,27.482,10.505,203.456,27.482,3.502,205.285,30.367,12.358,219.953,30.367,4.119,221.929,4.969,7.168,8.412,5.645,4736.243,2809.173,784.79,4839.537,3828.605,713.185,0.902,3377.164
MRM,Budget,261226002,2026,12,26,2,2026-12,159192.907,144478.522,6176.685,13753.388,0,100028.008,6845.295,4107.177,54.964,14.006,7.323,408.741,0.835,0.98,0.925,0.883,0.955,0.722709677,0.95,6.021,748.828,4787.89,3064.031,11.563,11.173,232.325,719,45,6,2,60.734,16.478,8.321,441.882,54.002,100028.008,322987.622,613.881,165369.592,158231.911,27.482,10.505,203.456,27.482,3.502,205.285,30.367,12.358,219.953,30.367,4.119,221.929,4.969,7.168,8.412,5.645,4736.243,2809.173,784.79,4839.537,3828.605,713.185,0.902,3377.164
MRM,Budget,261227001,2026,12,27,1,2026-12,159192.907,144478.522,6176.685,13753.388,0,100028.008,6845.295,4107.177,54.964,14.006,7.323,408.741,0.835,0.98,0.925,0.883,0.955,0.722709677,0.95,6.021,748.828,4787.89,3064.031,11.563,11.173,232.325,720,45,6,2,60.734,16.478,8.321,441.882,54.002,100028.008,322987.622,613.881,165369.592,158231.911,27.482,10.505,203.456,27.482,3.502,205.285,30.367,12.358,219.953,30.367,4.119,221.929,4.969,7.168,8.412,5.645,4736.243,2809.173,784.79,4839.537,3828.605,713.185,0.902,3377.164
MRM,Budget,261227002,2026,12,27,2,2026-12,159192.907,144478.522,6176.685,13753.388,0,100028.008,6845.295,4107.177,54.964,14.006,7.323,408.741,0.835,0.98,0.925,0.883,0.955,0.722709677,0.95,6.021,748.828,4787.89,3064.031,11.563,11.173,232.325,721,45,6,2,60.734,16.478,8.321,441.882,54.002,100028.008,322987.622,613.881,165369.592,158231.911,27.482,10.505,203.456,27.482,3.502,205.285,30.367,12.358,219.953,30.367,4.119,221.929,4.969,7.168,8.412,5.645,4736.243,2809.173,784.79,4839.537,3828.605,713.185,0.902,3377.164
MRM,Budget,261228001,2026,12,28,1,2026-12,159192.907,144478.522,6176.685,13753.388,0,100028.008,6845.295,4107.177,54.964,14.006,7.323,408.741,0.835,0.98,0.925,0.883,0.955,0.722709677,0.95,6.021,748.828,4787.89,3064.031,11.563,11.173,232.325,722,45,6,2,60.734,16.478,8.321,441.882,54.002,100028.008,322987.622,613.881,165369.592,158231.911,27.482,10.505,203.456,27.482,3.502,205.285,30.367,12.358,219.953,30.367,4.119,221.929,4.969,7.168,8.412,5.645,4736.243,2809.173,784.79,4839.537,3828.605,713.185,0.902,3377.164
MRM,Budget,261228002,2026,12,28,2,2026-12,159192.907,144478.522,6176.685,13753.388,0,100028.008,6845.295,4107.177,54.964,14.006,7.323,408.741,0.835,0.98,0.925,0.883,0.955,0.722709677,0.95,6.021,748.828,4787.89,3064.031,11.563,11.173,232.325,723,45,6,2,60.734,16.478,8.321,441.882,54.002,100028.008,322987.622,613.881,165369.592,158231.911,27.482,10.505,203.456,27.482,3.502,205.285,30.367,12.358,219.953,30.367,4.119,221.929,4.969,7.168,8.412,5.645,4736.243,2809.173,784.79,4839.537,3828.605,713.185,0.902,3377.164
MRM,Budget,261229001,2026,12,29,1,2026-12,159192.907,144478.522,6176.685,13753.388,0,100028.008,6845.295,4107.177,54.964,14.006,7.323,408.741,0.835,0.98,0.925,0.883,0.955,0.722709677,0.95,6.021,748.828,4787.89,3064.031,11.563,11.173,232.325,724,45,6,2,60.734,16.478,8.321,441.882,54.002,100028.008,322987.622,613.881,165369.592,158231.911,27.482,10.505,203.456,27.482,3.502,205.285,30.367,12.358,219.953,30.367,4.119,221.929,4.969,7.168,8.412,5.645,4736.243,2809.173,784.79,4839.537,3828.605,713.185,0.902,3377.164
MRM,Budget,261229002,2026,12,29,2,2026-12,159192.907,144478.522,6176.685,13753.388,0,100028.008,6845.295,4107.177,54.964,14.006,7.323,408.741,0.835,0.98,0.925,0.883,0.955,0.722709677,0.95,6.021,748.828,4787.89,3064.031,11.563,11.173,232.325,725,45,6,2,60.734,16.478,8.321,441.882,54.002,100028.008,322987.622,613.881,165369.592,158231.911,27.482,10.505,203.456,27.482,3.502,205.285,30.367,12.358,219.953,30.367,4.119,221.929,4.969,7.168,8.412,5.645,4736.243,2809.173,784.79,4839.537,3828.605,713.185,0.902,3377.164
MRM,Budget,261230001,2026,12,30,1,2026-12,159192.907,144478.522,6176.685,13753.388,0,100028.008,6845.295,4107.177,54.964,14.006,7.323,408.741,0.835,0.98,0.925,0.883,0.955,0.722709677,0.95,6.021,748.828,4787.89,3064.031,11.563,11.173,232.325,726,45,6,2,60.734,16.478,8.321,441.882,54.002,100028.008,322987.622,613.881,165369.592,158231.911,27.482,10.505,203.456,27.482,3.502,205.285,30.367,12.358,219.953,30.367,4.119,221.929,4.969,7.168,8.412,5.645,4736.243,2809.173,784.79,4839.537,3828.605,713.185,0.902,3377.164
MRM,Budget,261230002,2026,12,30,2,2026-12,159192.907,144478.522,6176.685,13753.388,0,100028.008,6845.295,4107.177,54.964,14.006,7.323,408.741,0.835,0.98,0.925,0.883,0.955,0.722709677,0.95,6.021,748.828,4787.89,3064.031,11.563,11.173,232.325,727,45,6,2,60.734,16.478,8.321,441.882,54.002,100028.008,322987.622,613.881,165369.592,158231.911,27.482,10.505,203.456,27.482,3.502,205.285,30.367,12.358,219.953,30.367,4.119,221.929,4.969,7.168,8.412,5.645,4736.243,2809.173,784.79,4839.537,3828.605,713.185,0.902,3377.164
MRM,Budget,261231001,2026,12,31,1,2026-12,159192.907,144478.522,6176.685,13753.388,0,100028.008,6845.295,4107.177,54.964,14.006,7.323,408.741,0.835,0.98,0.925,0.883,0.955,0.722709677,0.95,6.021,748.828,4787.89,3064.031,11.563,11.173,232.325,728,45,6,2,60.734,16.478,8.321,441.882,54.002,100028.008,322987.622,613.881,165369.592,158231.911,27.482,10.505,203.456,27.482,3.502,205.285,30.367,12.358,219.953,30.367,4.119,221.929,4.969,7.168,8.412,5.645,4736.243,2809.173,784.79,4839.537,3828.605,713.185,0.902,3377.164
MRM,Budget,261231002,2026,12,31,2,2026-12,159192.907,144478.522,6176.685,13753.388,0,100028.008,6845.295,4107.177,54.964,14.006,7.323,408.741,0.835,0.98,0.925,0.883,0.955,0.722709677,0.95,6.021,748.828,4787.89,3064.031,11.563,11.173,232.325,729,45,6,2,60.734,16.478,8.321,441.882,54.002,100028.008,322987.622,613.881,165369.592,158231.911,27.482,10.505,203.456,27.482,3.502,205.285,30.367,12.358,219.953,30.367,4.119,221.929,4.969,7.168,8.412,5.645,4736.243,2809.173,784.79,4839.537,3828.605,713.185,0.902,3377.164
