Pit,Material,HD (km),Month,SF,Cycle (hrs),TPNOH (t/h),Cycle (min),Fixed (min),Travel (min)
MRM,Ore,0.5,Jan,1.07,0.245005533,1585.311139,14.70033196,7.9099,6.790431961
MRM,Ore,0.5,Feb,1.07,0.245005533,1585.311139,14.70033196,8.3314,6.368931961
MRM,Ore,0.5,Mar,1.027,0.245005533,1521.602373,14.70033196,7.9672,6.733131961
MRM,Ore,0.5,Apr,0.958,0.245005533,1419.372029,14.70033196,7.9729,6.727431961
MRM,Ore,0.5,May,0.958,0.245005533,1419.372029,14.70033196,7.5509,7.149431961
MRM,Ore,0.5,Jun,0.958,0.245005533,1419.372029,14.70033196,7.74,6.960331961
MRM,Ore,0.5,Jul,0.958,0.245005533,1419.372029,14.70033196,7.7183,6.982031961
MRM,Ore,0.5,Aug,0.958,0.245005533,1419.372029,14.70033196,7.8197,6.880631961
MRM,Ore,0.5,Sep,0.958,0.245005533,1419.372029,14.70033196,7.734,6.966331961
MRM,Ore,0.5,Oct,0.987,0.245005533,1462.338405,14.70033196,7.185,7.515331961
MRM,Ore,0.5,Nov,1.027,0.245005533,1521.602373,14.70033196,7.2715,7.428831961
MRM,Ore,0.5,Dec,1.07,0.245005533,1585.311139,14.70033196,7.2057,7.494631961
MRM,Ore,0.6,Jan,1.07,0.25523978,1521.745554,15.31438679,7.9099,7.404486788
MRM,Ore,0.6,Feb,1.07,0.25523978,1521.745554,15.31438679,8.3314,6.982986788
MRM,Ore,0.6,Mar,1.027,0.25523978,1460.591293,15.31438679,7.9672,7.347186788
MRM,Ore,0.6,Apr,0.958,0.25523978,1362.460038,15.31438679,7.9729,7.341486788
MRM,Ore,0.6,May,0.958,0.25523978,1362.460038,15.31438679,7.5509,7.763486788
MRM,Ore,0.6,Jun,0.958,0.25523978,1362.460038,15.31438679,7.74,7.574386788
MRM,Ore,0.6,Jul,0.958,0.25523978,1362.460038,15.31438679,7.7183,7.596086788
MRM,Ore,0.6,Aug,0.958,0.25523978,1362.460038,15.31438679,7.8197,7.494686788
MRM,Ore,0.6,Sep,0.958,0.25523978,1362.460038,15.31438679,7.734,7.580386788
MRM,Ore,0.6,Oct,0.987,0.25523978,1403.703609,15.31438679,7.185,8.129386788
MRM,Ore,0.6,Nov,1.027,0.25523978,1460.591293,15.31438679,7.2715,8.042886788
MRM,Ore,0.6,Dec,1.07,0.25523978,1521.745554,15.31438679,7.2057,8.108686788
MRM,Ore,0.7,Jan,1.07,0.264703211,1467.341477,15.88219264,7.9099,7.97229264
MRM,Ore,0.7,Feb,1.07,0.264703211,1467.341477,15.88219264,8.3314,7.55079264
MRM,Ore,0.7,Mar,1.027,0.264703211,1408.373548,15.88219264,7.9672,7.91499264
MRM,Ore,0.7,Apr,0.958,0.264703211,1313.750593,15.88219264,7.9729,7.90929264
MRM,Ore,0.7,May,0.958,0.264703211,1313.750593,15.88219264,7.5509,8.33129264
MRM,Ore,0.7,Jun,0.958,0.264703211,1313.750593,15.88219264,7.74,8.14219264
MRM,Ore,0.7,Jul,0.958,0.264703211,1313.750593,15.88219264,7.7183,8.16389264
MRM,Ore,0.7,Aug,0.958,0.264703211,1313.750593,15.88219264,7.8197,8.06249264
MRM,Ore,0.7,Sep,0.958,0.264703211,1313.750593,15.88219264,7.734,8.14819264
MRM,Ore,0.7,Oct,0.987,0.264703211,1353.519661,15.88219264,7.185,8.69719264
MRM,Ore,0.7,Nov,1.027,0.264703211,1408.373548,15.88219264,7.2715,8.61069264
MRM,Ore,0.7,Dec,1.07,0.264703211,1467.341477,15.88219264,7.2057,8.67649264
MRM,Ore,0.8,Jan,1.07,0.273553234,1419.869887,16.41319406,7.9099,8.503294064
MRM,Ore,0.8,Feb,1.07,0.273553234,1419.869887,16.41319406,8.3314,8.081794064
MRM,Ore,0.8,Mar,1.027,0.273553234,1362.809695,16.41319406,7.9672,8.445994064
MRM,Ore,0.8,Apr,0.958,0.273553234,1271.247992,16.41319406,7.9729,8.440294064
MRM,Ore,0.8,May,0.958,0.273553234,1271.247992,16.41319406,7.5509,8.862294064
MRM,Ore,0.8,Jun,0.958,0.273553234,1271.247992,16.41319406,7.74,8.673194064
MRM,Ore,0.8,Jul,0.958,0.273553234,1271.247992,16.41319406,7.7183,8.694894064
MRM,Ore,0.8,Aug,0.958,0.273553234,1271.247992,16.41319406,7.8197,8.593494064
MRM,Ore,0.8,Sep,0.958,0.273553234,1271.247992,16.41319406,7.734,8.679194064
MRM,Ore,0.8,Oct,0.987,0.273553234,1309.730447,16.41319406,7.185,9.228194064
MRM,Ore,0.8,Nov,1.027,0.273553234,1362.809695,16.41319406,7.2715,9.141694064
MRM,Ore,0.8,Dec,1.07,0.273553234,1419.869887,16.41319406,7.2057,9.207494064
MRM,Ore,0.9,Jan,1.07,0.28189972,1377.830386,16.9139832,7.9099,9.004083195
MRM,Ore,0.9,Feb,1.07,0.28189972,1377.830386,16.9139832,8.3314,8.582583195
MRM,Ore,0.9,Mar,1.027,0.28189972,1322.459632,16.9139832,7.9672,8.946783195
MRM,Ore,0.9,Apr,0.958,0.28189972,1233.608888,16.9139832,7.9729,8.941083195
MRM,Ore,0.9,May,0.958,0.28189972,1233.608888,16.9139832,7.5509,9.363083195
MRM,Ore,0.9,Jun,0.958,0.28189972,1233.608888,16.9139832,7.74,9.173983195
MRM,Ore,0.9,Jul,0.958,0.28189972,1233.608888,16.9139832,7.7183,9.195683195
MRM,Ore,0.9,Aug,0.958,0.28189972,1233.608888,16.9139832,7.8197,9.094283195
MRM,Ore,0.9,Sep,0.958,0.28189972,1233.608888,16.9139832,7.734,9.179983195
MRM,Ore,0.9,Oct,0.987,0.28189972,1270.951954,16.9139832,7.185,9.728983195
MRM,Ore,0.9,Nov,1.027,0.28189972,1322.459632,16.9139832,7.2715,9.642483195
MRM,Ore,0.9,Dec,1.07,0.28189972,1377.830386,16.9139832,7.2057,9.708283195
MRM,Ore,1,Jan,1.07,0.289823,1340.162789,17.38938,7.9099,9.47948
MRM,Ore,1,Feb,1.07,0.289823,1340.162789,17.38938,8.3314,9.05798
MRM,Ore,1,Mar,1.027,0.289823,1286.30578,17.38938,7.9672,9.42218
MRM,Ore,1,Apr,0.958,0.289823,1199.884067,17.38938,7.9729,9.41648
MRM,Ore,1,May,0.958,0.289823,1199.884067,17.38938,7.5509,9.83848
MRM,Ore,1,Jun,0.958,0.289823,1199.884067,17.38938,7.74,9.64938
MRM,Ore,1,Jul,0.958,0.289823,1199.884067,17.38938,7.7183,9.67108
MRM,Ore,1,Aug,0.958,0.289823,1199.884067,17.38938,7.8197,9.56968
MRM,Ore,1,Sep,0.958,0.289823,1199.884067,17.38938,7.734,9.65538
MRM,Ore,1,Oct,0.987,0.289823,1236.206236,17.38938,7.185,10.20438
MRM,Ore,1,Nov,1.027,0.289823,1286.30578,17.38938,7.2715,10.11788
MRM,Ore,1,Dec,1.07,0.289823,1340.162789,17.38938,7.2057,10.18368
MRM,Ore,1.1,Jan,1.07,0.297383946,1306.089335,17.84303674,7.9099,9.933136745
MRM,Ore,1.1,Feb,1.07,0.297383946,1306.089335,17.84303674,8.3314,9.511636745
MRM,Ore,1.1,Mar,1.027,0.297383946,1253.601633,17.84303674,7.9672,9.875836745
MRM,Ore,1.1,Apr,0.958,0.297383946,1169.377181,17.84303674,7.9729,9.870136745
MRM,Ore,1.1,May,0.958,0.297383946,1169.377181,17.84303674,7.5509,10.29213674
MRM,Ore,1.1,Jun,0.958,0.297383946,1169.377181,17.84303674,7.74,10.10303674
MRM,Ore,1.1,Jul,0.958,0.297383946,1169.377181,17.84303674,7.7183,10.12473674
MRM,Ore,1.1,Aug,0.958,0.297383946,1169.377181,17.84303674,7.8197,10.02333674
MRM,Ore,1.1,Sep,0.958,0.297383946,1169.377181,17.84303674,7.734,10.10903674
MRM,Ore,1.1,Oct,0.987,0.297383946,1204.775863,17.84303674,7.185,10.65803674
MRM,Ore,1.1,Nov,1.027,0.297383946,1253.601633,17.84303674,7.2715,10.57153674
MRM,Ore,1.1,Dec,1.07,0.297383946,1306.089335,17.84303674,7.2057,10.63733674
MRM,Ore,1.2,Jan,1.07,0.304630006,1275.022132,18.27780037,7.9099,10.36790037
MRM,Ore,1.2,Feb,1.07,0.304630006,1275.022132,18.27780037,8.3314,9.946400372
MRM,Ore,1.2,Mar,1.027,0.304630006,1223.782925,18.27780037,7.9672,10.31060037
MRM,Ore,1.2,Apr,0.958,0.304630006,1141.561872,18.27780037,7.9729,10.30490037
MRM,Ore,1.2,May,0.958,0.304630006,1141.561872,18.27780037,7.5509,10.72690037
MRM,Ore,1.2,Jun,0.958,0.304630006,1141.561872,18.27780037,7.74,10.53780037
MRM,Ore,1.2,Jul,0.958,0.304630006,1141.561872,18.27780037,7.7183,10.55950037
MRM,Ore,1.2,Aug,0.958,0.304630006,1141.561872,18.27780037,7.8197,10.45810037
MRM,Ore,1.2,Sep,0.958,0.304630006,1141.561872,18.27780037,7.734,10.54380037
MRM,Ore,1.2,Oct,0.987,0.304630006,1176.118546,18.27780037,7.185,11.09280037
MRM,Ore,1.2,Nov,1.027,0.304630006,1223.782925,18.27780037,7.2715,11.00630037
MRM,Ore,1.2,Dec,1.07,0.304630006,1275.022132,18.27780037,7.2057,11.07210037
MRM,Ore,1.3,Jan,1.07,0.31159903,1246.505808,18.69594177,7.9099,10.78604177
MRM,Ore,1.3,Feb,1.07,0.31159903,1246.505808,18.69594177,8.3314,10.36454177
MRM,Ore,1.3,Mar,1.027,0.31159903,1196.412584,18.69594177,7.9672,10.72874177
MRM,Ore,1.3,Apr,0.958,0.31159903,1116.030433,18.69594177,7.9729,10.72304177
MRM,Ore,1.3,May,0.958,0.31159903,1116.030433,18.69594177,7.5509,11.14504177
MRM,Ore,1.3,Jun,0.958,0.31159903,1116.030433,18.69594177,7.74,10.95594177
MRM,Ore,1.3,Jul,0.958,0.31159903,1116.030433,18.69594177,7.7183,10.97764177
MRM,Ore,1.3,Aug,0.958,0.31159903,1116.030433,18.69594177,7.8197,10.87624177
MRM,Ore,1.3,Sep,0.958,0.31159903,1116.030433,18.69594177,7.734,10.96194177
MRM,Ore,1.3,Oct,0.987,0.31159903,1149.814236,18.69594177,7.185,11.51094177
MRM,Ore,1.3,Nov,1.027,0.31159903,1196.412584,18.69594177,7.2715,11.42444177
MRM,Ore,1.3,Dec,1.07,0.31159903,1246.505808,18.69594177,7.2057,11.49024177
MRM,Ore,1.4,Jan,1.07,0.318321788,1220.180379,19.09930729,7.9099,11.18940729
MRM,Ore,1.4,Feb,1.07,0.318321788,1220.180379,19.09930729,8.3314,10.76790729
MRM,Ore,1.4,Mar,1.027,0.318321788,1171.145093,19.09930729,7.9672,11.13210729
MRM,Ore,1.4,Apr,0.958,0.318321788,1092.460564,19.09930729,7.9729,11.12640729
MRM,Ore,1.4,May,0.958,0.318321788,1092.460564,19.09930729,7.5509,11.54840729
MRM,Ore,1.4,Jun,0.958,0.318321788,1092.460564,19.09930729,7.74,11.35930729
MRM,Ore,1.4,Jul,0.958,0.318321788,1092.460564,19.09930729,7.7183,11.38100729
MRM,Ore,1.4,Aug,0.958,0.318321788,1092.460564,19.09930729,7.8197,11.27960729
MRM,Ore,1.4,Sep,0.958,0.318321788,1092.460564,19.09930729,7.734,11.36530729
MRM,Ore,1.4,Oct,0.987,0.318321788,1125.530873,19.09930729,7.185,11.91430729
MRM,Ore,1.4,Nov,1.027,0.318321788,1171.145093,19.09930729,7.2715,11.82780729
MRM,Ore,1.4,Dec,1.07,0.318321788,1220.180379,19.09930729,7.2057,11.89360729
MRM,Ore,1.5,Jan,1.07,0.324823707,1195.756317,19.48942244,7.9099,11.57952244
MRM,Ore,1.5,Feb,1.07,0.324823707,1195.756317,19.48942244,8.3314,11.15802244
MRM,Ore,1.5,Mar,1.027,0.324823707,1147.702558,19.48942244,7.9672,11.52222244
MRM,Ore,1.5,Apr,0.958,0.324823707,1070.593039,19.48942244,7.9729,11.51652244
MRM,Ore,1.5,May,0.958,0.324823707,1070.593039,19.48942244,7.5509,11.93852244
MRM,Ore,1.5,Jun,0.958,0.324823707,1070.593039,19.48942244,7.74,11.74942244
MRM,Ore,1.5,Jul,0.958,0.324823707,1070.593039,19.48942244,7.7183,11.77112244
MRM,Ore,1.5,Aug,0.958,0.324823707,1070.593039,19.48942244,7.8197,11.66972244
MRM,Ore,1.5,Sep,0.958,0.324823707,1070.593039,19.48942244,7.734,11.75542244
MRM,Ore,1.5,Oct,0.987,0.324823707,1103.001388,19.48942244,7.185,12.30442244
MRM,Ore,1.5,Nov,1.027,0.324823707,1147.702558,19.48942244,7.2715,12.21792244
MRM,Ore,1.5,Dec,1.07,0.324823707,1195.756317,19.48942244,7.2057,12.28372244
MRM,Ore,1.6,Jan,1.07,0.331126087,1172.997283,19.8675652,7.9099,11.9576652
MRM,Ore,1.6,Feb,1.07,0.331126087,1172.997283,19.8675652,8.3314,11.5361652
MRM,Ore,1.6,Mar,1.027,0.331126087,1125.85814,19.8675652,7.9672,11.9003652
MRM,Ore,1.6,Apr,0.958,0.331126087,1050.216259,19.8675652,7.9729,11.8946652
MRM,Ore,1.6,May,0.958,0.331126087,1050.216259,19.8675652,7.5509,12.3166652
MRM,Ore,1.6,Jun,0.958,0.331126087,1050.216259,19.8675652,7.74,12.1275652
MRM,Ore,1.6,Jul,0.958,0.331126087,1050.216259,19.8675652,7.7183,12.1492652
MRM,Ore,1.6,Aug,0.958,0.331126087,1050.216259,19.8675652,7.8197,12.0478652
MRM,Ore,1.6,Sep,0.958,0.331126087,1050.216259,19.8675652,7.734,12.1335652
MRM,Ore,1.6,Oct,0.987,0.331126087,1082.007774,19.8675652,7.185,12.6825652
MRM,Ore,1.6,Nov,1.027,0.331126087,1125.85814,19.8675652,7.2715,12.5960652
MRM,Ore,1.6,Dec,1.07,0.331126087,1172.997283,19.8675652,7.2057,12.6618652
MRM,Ore,1.7,Jan,1.07,0.337246982,1151.707859,20.23481894,7.9099,12.32491894
MRM,Ore,1.7,Feb,1.07,0.337246982,1151.707859,20.23481894,8.3314,11.90341894
MRM,Ore,1.7,Mar,1.027,0.337246982,1105.424272,20.23481894,7.9672,12.26761894
MRM,Ore,1.7,Apr,0.958,0.337246982,1031.155261,20.23481894,7.9729,12.26191894
MRM,Ore,1.7,May,0.958,0.337246982,1031.155261,20.23481894,7.5509,12.68391894
MRM,Ore,1.7,Jun,0.958,0.337246982,1031.155261,20.23481894,7.74,12.49481894
MRM,Ore,1.7,Jul,0.958,0.337246982,1031.155261,20.23481894,7.7183,12.51651894
MRM,Ore,1.7,Aug,0.958,0.337246982,1031.155261,20.23481894,7.8197,12.41511894
MRM,Ore,1.7,Sep,0.958,0.337246982,1031.155261,20.23481894,7.734,12.50081894
MRM,Ore,1.7,Oct,0.987,0.337246982,1062.369773,20.23481894,7.185,13.04981894
MRM,Ore,1.7,Nov,1.027,0.337246982,1105.424272,20.23481894,7.2715,12.96331894
MRM,Ore,1.7,Dec,1.07,0.337246982,1151.707859,20.23481894,7.2057,13.02911894
MRM,Ore,1.8,Jan,1.07,0.343201861,1131.724631,20.59211169,7.9099,12.68221169
MRM,Ore,1.8,Feb,1.07,0.343201861,1131.724631,20.59211169,8.3314,12.26071169
MRM,Ore,1.8,Mar,1.027,0.343201861,1086.244108,20.59211169,7.9672,12.62491169
MRM,Ore,1.8,Apr,0.958,0.343201861,1013.263735,20.59211169,7.9729,12.61921169
MRM,Ore,1.8,May,0.958,0.343201861,1013.263735,20.59211169,7.5509,13.04121169
MRM,Ore,1.8,Jun,0.958,0.343201861,1013.263735,20.59211169,7.74,12.85211169
MRM,Ore,1.8,Jul,0.958,0.343201861,1013.263735,20.59211169,7.7183,12.87381169
MRM,Ore,1.8,Aug,0.958,0.343201861,1013.263735,20.59211169,7.8197,12.77241169
MRM,Ore,1.8,Sep,0.958,0.343201861,1013.263735,20.59211169,7.734,12.85811169
MRM,Ore,1.8,Oct,0.987,0.343201861,1043.936646,20.59211169,7.185,13.40711169
MRM,Ore,1.8,Nov,1.027,0.343201861,1086.244108,20.59211169,7.2715,13.32061169
MRM,Ore,1.8,Dec,1.07,0.343201861,1131.724631,20.59211169,7.2057,13.38641169
MRM,Ore,1.9,Jan,1.07,0.349004096,1112.909576,20.94024573,7.9099,13.03034573
MRM,Ore,1.9,Feb,1.07,0.349004096,1112.909576,20.94024573,8.3314,12.60884573
MRM,Ore,1.9,Mar,1.027,0.349004096,1068.185173,20.94024573,7.9672,12.97304573
MRM,Ore,1.9,Apr,0.958,0.349004096,996.4181064,20.94024573,7.9729,12.96734573
MRM,Ore,1.9,May,0.958,0.349004096,996.4181064,20.94024573,7.5509,13.38934573
MRM,Ore,1.9,Jun,0.958,0.349004096,996.4181064,20.94024573,7.74,13.20024573
MRM,Ore,1.9,Jul,0.958,0.349004096,996.4181064,20.94024573,7.7183,13.22194573
MRM,Ore,1.9,Aug,0.958,0.349004096,996.4181064,20.94024573,7.8197,13.12054573
MRM,Ore,1.9,Sep,0.958,0.349004096,996.4181064,20.94024573,7.734,13.20624573
MRM,Ore,1.9,Oct,0.987,0.349004096,1026.581076,20.94024573,7.185,13.75524573
MRM,Ore,1.9,Nov,1.027,0.349004096,1068.185173,20.94024573,7.2715,13.66874573
MRM,Ore,1.9,Dec,1.07,0.349004096,1112.909576,20.94024573,7.2057,13.73454573
MRM,Ore,2,Jan,1.07,0.354665339,1095.145078,21.27992031,7.9099,13.37002031
MRM,Ore,2,Feb,1.07,0.354665339,1095.145078,21.27992031,8.3314,12.94852031
MRM,Ore,2,Mar,1.027,0.354665339,1051.134575,21.27992031,7.9672,13.31272031
MRM,Ore,2,Apr,0.958,0.354665339,980.5130702,21.27992031,7.9729,13.30702031
MRM,Ore,2,May,0.958,0.354665339,980.5130702,21.27992031,7.5509,13.72902031
MRM,Ore,2,Jun,0.958,0.354665339,980.5130702,21.27992031,7.74,13.53992031
MRM,Ore,2,Jul,0.958,0.354665339,980.5130702,21.27992031,7.7183,13.56162031
MRM,Ore,2,Aug,0.958,0.354665339,980.5130702,21.27992031,7.8197,13.46022031
MRM,Ore,2,Sep,0.958,0.354665339,980.5130702,21.27992031,7.734,13.54592031
MRM,Ore,2,Oct,0.987,0.354665339,1010.194572,21.27992031,7.185,14.09492031
MRM,Ore,2,Nov,1.027,0.354665339,1051.134575,21.27992031,7.2715,14.00842031
MRM,Ore,2,Dec,1.07,0.354665339,1095.145078,21.27992031,7.2057,14.07422031
MRM,Ore,2.1,Jan,1.07,0.360195822,1078.330109,21.61174931,7.9099,13.70184931
MRM,Ore,2.1,Feb,1.07,0.360195822,1078.330109,21.61174931,8.3314,13.28034931
MRM,Ore,2.1,Mar,1.027,0.360195822,1034.995348,21.61174931,7.9672,13.64454931
MRM,Ore,2.1,Apr,0.958,0.360195822,965.4581727,21.61174931,7.9729,13.63884931
MRM,Ore,2.1,May,0.958,0.360195822,965.4581727,21.61174931,7.5509,14.06084931
MRM,Ore,2.1,Jun,0.958,0.360195822,965.4581727,21.61174931,7.74,13.87174931
MRM,Ore,2.1,Jul,0.958,0.360195822,965.4581727,21.61174931,7.7183,13.89344931
MRM,Ore,2.1,Aug,0.958,0.360195822,965.4581727,21.61174931,7.8197,13.79204931
MRM,Ore,2.1,Sep,0.958,0.360195822,965.4581727,21.61174931,7.734,13.87774931
MRM,Ore,2.1,Oct,0.987,0.360195822,994.683942,21.61174931,7.185,14.42674931
MRM,Ore,2.1,Nov,1.027,0.360195822,1034.995348,21.61174931,7.2715,14.34024931
MRM,Ore,2.1,Dec,1.07,0.360195822,1078.330109,21.61174931,7.2057,14.40604931
MRM,Ore,2.2,Jan,1.07,0.365604587,1062.377262,21.93627521,7.9099,14.02637521
MRM,Ore,2.2,Feb,1.07,0.365604587,1062.377262,21.93627521,8.3314,13.60487521
MRM,Ore,2.2,Mar,1.027,0.365604587,1019.683596,21.93627521,7.9672,13.96907521
MRM,Ore,2.2,Apr,0.958,0.365604587,951.1751562,21.93627521,7.9729,13.96337521
MRM,Ore,2.2,May,0.958,0.365604587,951.1751562,21.93627521,7.5509,14.38537521
MRM,Ore,2.2,Jun,0.958,0.365604587,951.1751562,21.93627521,7.74,14.19627521
MRM,Ore,2.2,Jul,0.958,0.365604587,951.1751562,21.93627521,7.7183,14.21797521
MRM,Ore,2.2,Aug,0.958,0.365604587,951.1751562,21.93627521,7.8197,14.11657521
MRM,Ore,2.2,Sep,0.958,0.365604587,951.1751562,21.93627521,7.734,14.20227521
MRM,Ore,2.2,Oct,0.987,0.365604587,979.9685586,21.93627521,7.185,14.75127521
MRM,Ore,2.2,Nov,1.027,0.365604587,1019.683596,21.93627521,7.2715,14.66477521
MRM,Ore,2.2,Dec,1.07,0.365604587,1062.377262,21.93627521,7.2057,14.73057521
MRM,Ore,2.3,Jan,1.07,0.370899671,1047.21042,22.25398024,7.9099,14.34408024
MRM,Ore,2.3,Feb,1.07,0.370899671,1047.21042,22.25398024,8.3314,13.92258024
MRM,Ore,2.3,Mar,1.027,0.370899671,1005.126263,22.25398024,7.9672,14.28678024
MRM,Ore,2.3,Apr,0.958,0.370899671,937.5958717,22.25398024,7.9729,14.28108024
MRM,Ore,2.3,May,0.958,0.370899671,937.5958717,22.25398024,7.5509,14.70308024
MRM,Ore,2.3,Jun,0.958,0.370899671,937.5958717,22.25398024,7.74,14.51398024
MRM,Ore,2.3,Jul,0.958,0.370899671,937.5958717,22.25398024,7.7183,14.53568024
MRM,Ore,2.3,Aug,0.958,0.370899671,937.5958717,22.25398024,7.8197,14.43428024
MRM,Ore,2.3,Sep,0.958,0.370899671,937.5958717,22.25398024,7.734,14.51998024
MRM,Ore,2.3,Oct,0.987,0.370899671,965.9782102,22.25398024,7.185,15.06898024
MRM,Ore,2.3,Nov,1.027,0.370899671,1005.126263,22.25398024,7.2715,14.98248024
MRM,Ore,2.3,Dec,1.07,0.370899671,1047.21042,22.25398024,7.2057,15.04828024
MRM,Ore,2.4,Jan,1.07,0.376088256,1032.762905,22.56529537,7.9099,14.65539537
MRM,Ore,2.4,Feb,1.07,0.376088256,1032.762905,22.56529537,8.3314,14.23389537
MRM,Ore,2.4,Mar,1.027,0.376088256,991.2593491,22.56529537,7.9672,14.59809537
MRM,Ore,2.4,Apr,0.958,0.376088256,924.6606198,22.56529537,7.9729,14.59239537
MRM,Ore,2.4,May,0.958,0.376088256,924.6606198,22.56529537,7.5509,15.01439537
MRM,Ore,2.4,Jun,0.958,0.376088256,924.6606198,22.56529537,7.74,14.82529537
MRM,Ore,2.4,Jul,0.958,0.376088256,924.6606198,22.56529537,7.7183,14.84699537
MRM,Ore,2.4,Aug,0.958,0.376088256,924.6606198,22.56529537,7.8197,14.74559537
MRM,Ore,2.4,Sep,0.958,0.376088256,924.6606198,22.56529537,7.734,14.83129537
MRM,Ore,2.4,Oct,0.987,0.376088256,952.6513901,22.56529537,7.185,15.38029537
MRM,Ore,2.4,Nov,1.027,0.376088256,991.2593491,22.56529537,7.2715,15.29379537
MRM,Ore,2.4,Dec,1.07,0.376088256,1032.762905,22.56529537,7.2057,15.35959537
MRM,Ore,2.5,Jan,1.07,0.381176794,1018.975986,22.87060767,7.9099,14.96070767
MRM,Ore,2.5,Feb,1.07,0.381176794,1018.975986,22.87060767,8.3314,14.53920767
MRM,Ore,2.5,Mar,1.027,0.381176794,978.0264838,22.87060767,7.9672,14.90340767
MRM,Ore,2.5,Apr,0.958,0.381176794,912.3168174,22.87060767,7.9729,14.89770767
MRM,Ore,2.5,May,0.958,0.381176794,912.3168174,22.87060767,7.5509,15.31970767
MRM,Ore,2.5,Jun,0.958,0.381176794,912.3168174,22.87060767,7.74,15.13060767
MRM,Ore,2.5,Jul,0.958,0.381176794,912.3168174,22.87060767,7.7183,15.15230767
MRM,Ore,2.5,Aug,0.958,0.381176794,912.3168174,22.87060767,7.8197,15.05090767
MRM,Ore,2.5,Sep,0.958,0.381176794,912.3168174,22.87060767,7.734,15.13660767
MRM,Ore,2.5,Oct,0.987,0.381176794,939.9339236,22.87060767,7.185,15.68560767
MRM,Ore,2.5,Nov,1.027,0.381176794,978.0264838,22.87060767,7.2715,15.59910767
MRM,Ore,2.5,Dec,1.07,0.381176794,1018.975986,22.87060767,7.2057,15.66490767
MRM,Ore,2.6,Jan,1.07,0.386171105,1005.797675,23.17026633,7.9099,15.26036633
MRM,Ore,2.6,Feb,1.07,0.386171105,1005.797675,23.17026633,8.3314,14.83886633
MRM,Ore,2.6,Mar,1.027,0.386171105,965.3777683,23.17026633,7.9672,15.20306633
MRM,Ore,2.6,Apr,0.958,0.386171105,900.5179182,23.17026633,7.9729,15.19736633
MRM,Ore,2.6,May,0.958,0.386171105,900.5179182,23.17026633,7.5509,15.61936633
MRM,Ore,2.6,Jun,0.958,0.386171105,900.5179182,23.17026633,7.74,15.43026633
MRM,Ore,2.6,Jul,0.958,0.386171105,900.5179182,23.17026633,7.7183,15.45196633
MRM,Ore,2.6,Aug,0.958,0.386171105,900.5179182,23.17026633,7.8197,15.35056633
MRM,Ore,2.6,Sep,0.958,0.386171105,900.5179182,23.17026633,7.734,15.43626633
MRM,Ore,2.6,Oct,0.987,0.386171105,927.7778552,23.17026633,7.185,15.98526633
MRM,Ore,2.6,Nov,1.027,0.386171105,965.3777683,23.17026633,7.2715,15.89876633
MRM,Ore,2.6,Dec,1.07,0.386171105,1005.797675,23.17026633,7.2057,15.96456633
MRM,Ore,2.7,Jan,1.07,0.391076461,993.1817388,23.46458769,7.9099,15.55468769
MRM,Ore,2.7,Feb,1.07,0.391076461,993.1817388,23.46458769,8.3314,15.13318769
MRM,Ore,2.7,Mar,1.027,0.391076461,953.2688278,23.46458769,7.9672,15.49738769
MRM,Ore,2.7,Apr,0.958,0.391076461,889.2225288,23.46458769,7.9729,15.49168769
MRM,Ore,2.7,May,0.958,0.391076461,889.2225288,23.46458769,7.5509,15.91368769
MRM,Ore,2.7,Jun,0.958,0.391076461,889.2225288,23.46458769,7.74,15.72458769
MRM,Ore,2.7,Jul,0.958,0.391076461,889.2225288,23.46458769,7.7183,15.74628769
MRM,Ore,2.7,Aug,0.958,0.391076461,889.2225288,23.46458769,7.8197,15.64488769
MRM,Ore,2.7,Sep,0.958,0.391076461,889.2225288,23.46458769,7.734,15.73058769
MRM,Ore,2.7,Oct,0.987,0.391076461,916.1405385,23.46458769,7.185,16.27958769
MRM,Ore,2.7,Nov,1.027,0.391076461,953.2688278,23.46458769,7.2715,16.19308769
MRM,Ore,2.7,Dec,1.07,0.391076461,993.1817388,23.46458769,7.2057,16.25888769
MRM,Ore,2.8,Jan,1.07,0.395897657,981.0868884,23.75385939,7.9099,15.84395939
MRM,Ore,2.8,Feb,1.07,0.395897657,981.0868884,23.75385939,8.3314,15.42245939
MRM,Ore,2.8,Mar,1.027,0.395897657,941.6600321,23.75385939,7.9672,15.78665939
MRM,Ore,2.8,Apr,0.958,0.395897657,878.3936814,23.75385939,7.9729,15.78095939
MRM,Ore,2.8,May,0.958,0.395897657,878.3936814,23.75385939,7.5509,16.20295939
MRM,Ore,2.8,Jun,0.958,0.395897657,878.3936814,23.75385939,7.74,16.01385939
MRM,Ore,2.8,Jul,0.958,0.395897657,878.3936814,23.75385939,7.7183,16.03555939
MRM,Ore,2.8,Aug,0.958,0.395897657,878.3936814,23.75385939,7.8197,15.93415939
MRM,Ore,2.8,Sep,0.958,0.395897657,878.3936814,23.75385939,7.734,16.01985939
MRM,Ore,2.8,Oct,0.987,0.395897657,904.9838867,23.75385939,7.185,16.56885939
MRM,Ore,2.8,Nov,1.027,0.395897657,941.6600321,23.75385939,7.2715,16.48235939
MRM,Ore,2.8,Dec,1.07,0.395897657,981.0868884,23.75385939,7.2057,16.54815939
MRM,Ore,2.9,Jan,1.07,0.400639066,969.476102,24.03834396,7.9099,16.12844396
MRM,Ore,2.9,Feb,1.07,0.400639066,969.476102,24.03834396,8.3314,15.70694396
MRM,Ore,2.9,Mar,1.027,0.400639066,930.5158474,24.03834396,7.9672,16.07114396
MRM,Ore,2.9,Apr,0.958,0.400639066,867.9982296,24.03834396,7.9729,16.06544396
MRM,Ore,2.9,May,0.958,0.400639066,867.9982296,24.03834396,7.5509,16.48744396
MRM,Ore,2.9,Jun,0.958,0.400639066,867.9982296,24.03834396,7.74,16.29834396
MRM,Ore,2.9,Jul,0.958,0.400639066,867.9982296,24.03834396,7.7183,16.32004396
MRM,Ore,2.9,Aug,0.958,0.400639066,867.9982296,24.03834396,7.8197,16.21864396
MRM,Ore,2.9,Sep,0.958,0.400639066,867.9982296,24.03834396,7.734,16.30434396
MRM,Ore,2.9,Oct,0.987,0.400639066,894.2737501,24.03834396,7.185,16.85334396
MRM,Ore,2.9,Nov,1.027,0.400639066,930.5158474,24.03834396,7.2715,16.76684396
MRM,Ore,2.9,Dec,1.07,0.400639066,969.476102,24.03834396,7.2057,16.83264396
MRM,Ore,3,Jan,1.07,0.405304695,958.3160631,24.31828172,7.9099,16.40838172
MRM,Ore,3,Feb,1.07,0.405304695,958.3160631,24.31828172,8.3314,15.98688172
MRM,Ore,3,Mar,1.027,0.405304695,919.804296,24.31828172,7.9672,16.35108172
MRM,Ore,3,Apr,0.958,0.405304695,858.0063443,24.31828172,7.9729,16.34538172
MRM,Ore,3,May,0.958,0.405304695,858.0063443,24.31828172,7.5509,16.76738172
MRM,Ore,3,Jun,0.958,0.405304695,858.0063443,24.31828172,7.74,16.57828172
MRM,Ore,3,Jul,0.958,0.405304695,858.0063443,24.31828172,7.7183,16.59998172
MRM,Ore,3,Aug,0.958,0.405304695,858.0063443,24.31828172,7.8197,16.49858172
MRM,Ore,3,Sep,0.958,0.405304695,858.0063443,24.31828172,7.734,16.58428172
MRM,Ore,3,Oct,0.987,0.405304695,883.9793965,24.31828172,7.185,17.13328172
MRM,Ore,3,Nov,1.027,0.405304695,919.804296,24.31828172,7.2715,17.04678172
MRM,Ore,3,Dec,1.07,0.405304695,958.3160631,24.31828172,7.2057,17.11258172
MRM,Ore,3.1,Jan,1.07,0.409898223,947.5766859,24.5938934,7.9099,16.6839934
MRM,Ore,3.1,Feb,1.07,0.409898223,947.5766859,24.5938934,8.3314,16.2624934
MRM,Ore,3.1,Mar,1.027,0.409898223,909.4965013,24.5938934,7.9672,16.6266934
MRM,Ore,3.1,Apr,0.958,0.409898223,848.3910889,24.5938934,7.9729,16.6209934
MRM,Ore,3.1,May,0.958,0.409898223,848.3910889,24.5938934,7.5509,17.0429934
MRM,Ore,3.1,Jun,0.958,0.409898223,848.3910889,24.5938934,7.74,16.8538934
MRM,Ore,3.1,Jul,0.958,0.409898223,848.3910889,24.5938934,7.7183,16.8755934
MRM,Ore,3.1,Aug,0.958,0.409898223,848.3910889,24.5938934,7.8197,16.7741934
MRM,Ore,3.1,Sep,0.958,0.409898223,848.3910889,24.5938934,7.734,16.8598934
MRM,Ore,3.1,Oct,0.987,0.409898223,874.0730738,24.5938934,7.185,17.4088934
MRM,Ore,3.1,Nov,1.027,0.409898223,909.4965013,24.5938934,7.2715,17.3223934
MRM,Ore,3.1,Dec,1.07,0.409898223,947.5766859,24.5938934,7.2057,17.3881934
MRM,Ore,3.2,Jan,1.07,0.414423038,937.230715,24.86538227,7.9099,16.95548227
MRM,Ore,3.2,Feb,1.07,0.414423038,937.230715,24.86538227,8.3314,16.53398227
MRM,Ore,3.2,Mar,1.027,0.414423038,899.5663031,24.86538227,7.9672,16.89818227
MRM,Ore,3.2,Apr,0.958,0.414423038,839.1280607,24.86538227,7.9729,16.89248227
MRM,Ore,3.2,May,0.958,0.414423038,839.1280607,24.86538227,7.5509,17.31448227
MRM,Ore,3.2,Jun,0.958,0.414423038,839.1280607,24.86538227,7.74,17.12538227
MRM,Ore,3.2,Jul,0.958,0.414423038,839.1280607,24.86538227,7.7183,17.14708227
MRM,Ore,3.2,Aug,0.958,0.414423038,839.1280607,24.86538227,7.8197,17.04568227
MRM,Ore,3.2,Sep,0.958,0.414423038,839.1280607,24.86538227,7.734,17.13138227
MRM,Ore,3.2,Oct,0.987,0.414423038,864.5296408,24.86538227,7.185,17.68038227
MRM,Ore,3.2,Nov,1.027,0.414423038,899.5663031,24.86538227,7.2715,17.59388227
MRM,Ore,3.2,Dec,1.07,0.414423038,937.230715,24.86538227,7.2057,17.65968227
MRM,Ore,3.3,Jan,1.07,0.418882267,927.2533845,25.13293603,7.9099,17.22303603
MRM,Ore,3.3,Feb,1.07,0.418882267,927.2533845,25.13293603,8.3314,16.80153603
MRM,Ore,3.3,Mar,1.027,0.418882267,889.9899307,25.13293603,7.9672,17.16573603
MRM,Ore,3.3,Apr,0.958,0.418882267,830.1950863,25.13293603,7.9729,17.16003603
MRM,Ore,3.3,May,0.958,0.418882267,830.1950863,25.13293603,7.5509,17.58203603
MRM,Ore,3.3,Jun,0.958,0.418882267,830.1950863,25.13293603,7.74,17.39293603
MRM,Ore,3.3,Jul,0.958,0.418882267,830.1950863,25.13293603,7.7183,17.41463603
MRM,Ore,3.3,Aug,0.958,0.418882267,830.1950863,25.13293603,7.8197,17.31323603
MRM,Ore,3.3,Sep,0.958,0.418882267,830.1950863,25.13293603,7.734,17.39893603
MRM,Ore,3.3,Oct,0.987,0.418882267,855.3262528,25.13293603,7.185,17.94793603
MRM,Ore,3.3,Nov,1.027,0.418882267,889.9899307,25.13293603,7.2715,17.86143603
MRM,Ore,3.3,Dec,1.07,0.418882267,927.2533845,25.13293603,7.2057,17.92723603
MRM,Ore,3.4,Jan,1.07,0.423278808,917.6221271,25.39672847,7.9099,17.48682847
MRM,Ore,3.4,Feb,1.07,0.423278808,917.6221271,25.39672847,8.3314,17.06532847
MRM,Ore,3.4,Mar,1.027,0.423278808,880.7457239,25.39672847,7.9672,17.42952847
MRM,Ore,3.4,Apr,0.958,0.423278808,821.5719605,25.39672847,7.9729,17.42382847
MRM,Ore,3.4,May,0.958,0.423278808,821.5719605,25.39672847,7.5509,17.84582847
MRM,Ore,3.4,Jun,0.958,0.423278808,821.5719605,25.39672847,7.74,17.65672847
MRM,Ore,3.4,Jul,0.958,0.423278808,821.5719605,25.39672847,7.7183,17.67842847
MRM,Ore,3.4,Aug,0.958,0.423278808,821.5719605,25.39672847,7.8197,17.57702847
MRM,Ore,3.4,Sep,0.958,0.423278808,821.5719605,25.39672847,7.734,17.66272847
MRM,Ore,3.4,Oct,0.987,0.423278808,846.4420929,25.39672847,7.185,18.21172847
MRM,Ore,3.4,Nov,1.027,0.423278808,880.7457239,25.39672847,7.2715,18.12522847
MRM,Ore,3.4,Dec,1.07,0.423278808,917.6221271,25.39672847,7.2057,18.19102847
MRM,Ore,3.5,Jan,1.07,0.427615347,908.3163239,25.65692082,7.9099,17.74702082
MRM,Ore,3.5,Feb,1.07,0.427615347,908.3163239,25.65692082,8.3314,17.32552082
MRM,Ore,3.5,Mar,1.027,0.427615347,871.8138922,25.65692082,7.9672,17.68972082
MRM,Ore,3.5,Apr,0.958,0.427615347,813.2402227,25.65692082,7.9729,17.68402082
MRM,Ore,3.5,May,0.958,0.427615347,813.2402227,25.65692082,7.5509,18.10602082
MRM,Ore,3.5,Jun,0.958,0.427615347,813.2402227,25.65692082,7.74,17.91692082
MRM,Ore,3.5,Jul,0.958,0.427615347,813.2402227,25.65692082,7.7183,17.93862082
MRM,Ore,3.5,Aug,0.958,0.427615347,813.2402227,25.65692082,7.8197,17.83722082
MRM,Ore,3.5,Sep,0.958,0.427615347,813.2402227,25.65692082,7.734,17.92292082
MRM,Ore,3.5,Oct,0.987,0.427615347,837.8581418,25.65692082,7.185,18.47192082
MRM,Ore,3.5,Nov,1.027,0.427615347,871.8138922,25.65692082,7.2715,18.38542082
MRM,Ore,3.5,Dec,1.07,0.427615347,908.3163239,25.65692082,7.2057,18.45122082
MRM,Ore,3.6,Jan,1.07,0.431894384,899.3170892,25.91366302,7.9099,18.00376302
MRM,Ore,3.6,Feb,1.07,0.431894384,899.3170892,25.91366302,8.3314,17.58226302
MRM,Ore,3.6,Mar,1.027,0.431894384,863.176309,25.91366302,7.9672,17.94646302
MRM,Ore,3.6,Apr,0.958,0.431894384,805.182964,25.91366302,7.9729,17.94076302
MRM,Ore,3.6,May,0.958,0.431894384,805.182964,25.91366302,7.5509,18.36276302
MRM,Ore,3.6,Jun,0.958,0.431894384,805.182964,25.91366302,7.74,18.17366302
MRM,Ore,3.6,Jul,0.958,0.431894384,805.182964,25.91366302,7.7183,18.19536302
MRM,Ore,3.6,Aug,0.958,0.431894384,805.182964,25.91366302,7.8197,18.09396302
MRM,Ore,3.6,Sep,0.958,0.431894384,805.182964,25.91366302,7.734,18.17966302
MRM,Ore,3.6,Oct,0.987,0.431894384,829.5569786,25.91366302,7.185,18.72866302
MRM,Ore,3.6,Nov,1.027,0.431894384,863.176309,25.91366302,7.2715,18.64216302
MRM,Ore,3.6,Dec,1.07,0.431894384,899.3170892,25.91366302,7.2057,18.70796302
MRM,Ore,3.7,Jan,1.07,0.436118247,890.6070836,26.16709482,7.9099,18.25719482
MRM,Ore,3.7,Feb,1.07,0.436118247,890.6070836,26.16709482,8.3314,17.83569482
MRM,Ore,3.7,Mar,1.027,0.436118247,854.8163316,26.16709482,7.9672,18.19989482
MRM,Ore,3.7,Apr,0.958,0.436118247,797.3846599,26.16709482,7.9729,18.19419482
MRM,Ore,3.7,May,0.958,0.436118247,797.3846599,26.16709482,7.5509,18.61619482
MRM,Ore,3.7,Jun,0.958,0.436118247,797.3846599,26.16709482,7.74,18.42709482
MRM,Ore,3.7,Jul,0.958,0.436118247,797.3846599,26.16709482,7.7183,18.44879482
MRM,Ore,3.7,Aug,0.958,0.436118247,797.3846599,26.16709482,7.8197,18.34739482
MRM,Ore,3.7,Sep,0.958,0.436118247,797.3846599,26.16709482,7.734,18.43309482
MRM,Ore,3.7,Oct,0.987,0.436118247,821.5226089,26.16709482,7.185,18.98209482
MRM,Ore,3.7,Nov,1.027,0.436118247,854.8163316,26.16709482,7.2715,18.89559482
MRM,Ore,3.7,Dec,1.07,0.436118247,890.6070836,26.16709482,7.2057,18.96139482
MRM,Ore,3.8,Jan,1.07,0.440289111,882.1703515,26.41734667,7.9099,18.50744667
MRM,Ore,3.8,Feb,1.07,0.440289111,882.1703515,26.41734667,8.3314,18.08594667
MRM,Ore,3.8,Mar,1.027,0.440289111,846.7186458,26.41734667,7.9672,18.45014667
MRM,Ore,3.8,Apr,0.958,0.440289111,789.831025,26.41734667,7.9729,18.44444667
MRM,Ore,3.8,May,0.958,0.440289111,789.831025,26.41734667,7.5509,18.86644667
MRM,Ore,3.8,Jun,0.958,0.440289111,789.831025,26.41734667,7.74,18.67734667
MRM,Ore,3.8,Jul,0.958,0.440289111,789.831025,26.41734667,7.7183,18.69904667
MRM,Ore,3.8,Aug,0.958,0.440289111,789.831025,26.41734667,7.8197,18.59764667
MRM,Ore,3.8,Sep,0.958,0.440289111,789.831025,26.41734667,7.734,18.68334667
MRM,Ore,3.8,Oct,0.987,0.440289111,813.7403149,26.41734667,7.185,19.23234667
MRM,Ore,3.8,Nov,1.027,0.440289111,846.7186458,26.41734667,7.2715,19.14584667
MRM,Ore,3.8,Dec,1.07,0.440289111,882.1703515,26.41734667,7.2057,19.21164667
MRM,Ore,3.9,Jan,1.07,0.444409011,873.9921799,26.66454064,7.9099,18.75464064
MRM,Ore,3.9,Feb,1.07,0.444409011,873.9921799,26.66454064,8.3314,18.33314064
MRM,Ore,3.9,Mar,1.027,0.444409011,838.8691297,26.66454064,7.9672,18.69734064
MRM,Ore,3.9,Apr,0.958,0.444409011,782.5088863,26.66454064,7.9729,18.69164064
MRM,Ore,3.9,May,0.958,0.444409011,782.5088863,26.66454064,7.5509,19.11364064
MRM,Ore,3.9,Jun,0.958,0.444409011,782.5088863,26.66454064,7.74,18.92454064
MRM,Ore,3.9,Jul,0.958,0.444409011,782.5088863,26.66454064,7.7183,18.94624064
MRM,Ore,3.9,Aug,0.958,0.444409011,782.5088863,26.66454064,7.8197,18.84484064
MRM,Ore,3.9,Sep,0.958,0.444409011,782.5088863,26.66454064,7.734,18.93054064
MRM,Ore,3.9,Oct,0.987,0.444409011,806.1965248,26.66454064,7.185,19.47954064
MRM,Ore,3.9,Nov,1.027,0.444409011,838.8691297,26.66454064,7.2715,19.39304064
MRM,Ore,3.9,Dec,1.07,0.444409011,873.9921799,26.66454064,7.2057,19.45884064
MRM,Ore,4,Jan,1.07,0.448479852,866.0589739,26.90879109,7.9099,18.99889109
MRM,Ore,4,Feb,1.07,0.448479852,866.0589739,26.90879109,8.3314,18.57739109
MRM,Ore,4,Mar,1.027,0.448479852,831.2547347,26.90879109,7.9672,18.94159109
MRM,Ore,4,Apr,0.958,0.448479852,775.4060719,26.90879109,7.9729,18.93589109
MRM,Ore,4,May,0.958,0.448479852,775.4060719,26.90879109,7.5509,19.35789109
MRM,Ore,4,Jun,0.958,0.448479852,775.4060719,26.90879109,7.74,19.16879109
MRM,Ore,4,Jul,0.958,0.448479852,775.4060719,26.90879109,7.7183,19.19049109
MRM,Ore,4,Aug,0.958,0.448479852,775.4060719,26.90879109,7.8197,19.08909109
MRM,Ore,4,Sep,0.958,0.448479852,775.4060719,26.90879109,7.734,19.17479109
MRM,Ore,4,Oct,0.987,0.448479852,798.8786983,26.90879109,7.185,19.72379109
MRM,Ore,4,Nov,1.027,0.448479852,831.2547347,26.90879109,7.2715,19.63729109
MRM,Ore,4,Dec,1.07,0.448479852,866.0589739,26.90879109,7.2057,19.70309109
MRM,Ore,4.1,Jan,1.07,0.452503423,858.3581476,27.15020538,7.9099,19.24030538
MRM,Ore,4.1,Feb,1.07,0.452503423,858.3581476,27.15020538,8.3314,18.81880538
MRM,Ore,4.1,Mar,1.027,0.452503423,823.863381,27.15020538,7.9672,19.18300538
MRM,Ore,4.1,Apr,0.958,0.452503423,768.5113135,27.15020538,7.9729,19.17730538
MRM,Ore,4.1,May,0.958,0.452503423,768.5113135,27.15020538,7.5509,19.59930538
MRM,Ore,4.1,Jun,0.958,0.452503423,768.5113135,27.15020538,7.74,19.41020538
MRM,Ore,4.1,Jul,0.958,0.452503423,768.5113135,27.15020538,7.7183,19.43190538
MRM,Ore,4.1,Aug,0.958,0.452503423,768.5113135,27.15020538,7.8197,19.33050538
MRM,Ore,4.1,Sep,0.958,0.452503423,768.5113135,27.15020538,7.734,19.41620538
MRM,Ore,4.1,Oct,0.987,0.452503423,791.7752259,27.15020538,7.185,19.96520538
MRM,Ore,4.1,Nov,1.027,0.452503423,823.863381,27.15020538,7.2715,19.87870538
MRM,Ore,4.1,Dec,1.07,0.452503423,858.3581476,27.15020538,7.2057,19.94450538
MRM,Ore,4.2,Jan,1.07,0.456481407,850.8780285,27.38888445,7.9099,19.47898445
MRM,Ore,4.2,Feb,1.07,0.456481407,850.8780285,27.38888445,8.3314,19.05748445
MRM,Ore,4.2,Mar,1.027,0.456481407,816.6838647,27.38888445,7.9672,19.42168445
MRM,Ore,4.2,Apr,0.958,0.456481407,761.8141601,27.38888445,7.9729,19.41598445
MRM,Ore,4.2,May,0.958,0.456481407,761.8141601,27.38888445,7.5509,19.83798445
MRM,Ore,4.2,Jun,0.958,0.456481407,761.8141601,27.38888445,7.74,19.64888445
MRM,Ore,4.2,Jul,0.958,0.456481407,761.8141601,27.38888445,7.7183,19.67058445
MRM,Ore,4.2,Aug,0.958,0.456481407,761.8141601,27.38888445,7.8197,19.56918445
MRM,Ore,4.2,Sep,0.958,0.456481407,761.8141601,27.38888445,7.734,19.65488445
MRM,Ore,4.2,Oct,0.987,0.456481407,784.8753403,27.38888445,7.185,20.20388445
MRM,Ore,4.2,Nov,1.027,0.456481407,816.6838647,27.38888445,7.2715,20.11738445
MRM,Ore,4.2,Dec,1.07,0.456481407,850.8780285,27.38888445,7.2057,20.18318445
MRM,Ore,4.3,Jan,1.07,0.460415389,843.6077715,27.62492332,7.9099,19.71502332
MRM,Ore,4.3,Feb,1.07,0.460415389,843.6077715,27.62492332,8.3314,19.29352332
MRM,Ore,4.3,Mar,1.027,0.460415389,809.705777,27.62492332,7.9672,19.65772332
MRM,Ore,4.3,Apr,0.958,0.460415389,755.304902,27.62492332,7.9729,19.65202332
MRM,Ore,4.3,May,0.958,0.460415389,755.304902,27.62492332,7.5509,20.07402332
MRM,Ore,4.3,Jun,0.958,0.460415389,755.304902,27.62492332,7.74,19.88492332
MRM,Ore,4.3,Jul,0.958,0.460415389,755.304902,27.62492332,7.7183,19.90662332
MRM,Ore,4.3,Aug,0.958,0.460415389,755.304902,27.62492332,7.8197,19.80522332
MRM,Ore,4.3,Sep,0.958,0.460415389,755.304902,27.62492332,7.734,19.89092332
MRM,Ore,4.3,Oct,0.987,0.460415389,778.1690379,27.62492332,7.185,20.43992332
MRM,Ore,4.3,Nov,1.027,0.460415389,809.705777,27.62492332,7.2715,20.35342332
MRM,Ore,4.3,Dec,1.07,0.460415389,843.6077715,27.62492332,7.2057,20.41922332
MRM,Ore,4.4,Jan,1.07,0.46430686,836.5372846,27.85841161,7.9099,19.94851161
MRM,Ore,4.4,Feb,1.07,0.46430686,836.5372846,27.85841161,8.3314,19.52701161
MRM,Ore,4.4,Mar,1.027,0.46430686,802.9194311,27.85841161,7.9672,19.89121161
MRM,Ore,4.4,Apr,0.958,0.46430686,748.9745034,27.85841161,7.9729,19.88551161
MRM,Ore,4.4,May,0.958,0.46430686,748.9745034,27.85841161,7.5509,20.30751161
MRM,Ore,4.4,Jun,0.958,0.46430686,748.9745034,27.85841161,7.74,20.11841161
MRM,Ore,4.4,Jul,0.958,0.46430686,748.9745034,27.85841161,7.7183,20.14011161
MRM,Ore,4.4,Aug,0.958,0.46430686,748.9745034,27.85841161,7.8197,20.03871161
MRM,Ore,4.4,Sep,0.958,0.46430686,748.9745034,27.85841161,7.734,20.12441161
MRM,Ore,4.4,Oct,0.987,0.46430686,771.6470092,27.85841161,7.185,20.67341161
MRM,Ore,4.4,Nov,1.027,0.46430686,802.9194311,27.85841161,7.2715,20.58691161
MRM,Ore,4.4,Dec,1.07,0.46430686,836.5372846,27.85841161,7.2057,20.65271161
MRM,Ore,4.5,Jan,1.07,0.468157232,829.6571608,28.08943393,7.9099,20.17953393
MRM,Ore,4.5,Feb,1.07,0.468157232,829.6571608,28.08943393,8.3314,19.75803393
MRM,Ore,4.5,Mar,1.027,0.468157232,796.3157983,28.08943393,7.9672,20.12223393
MRM,Ore,4.5,Apr,0.958,0.468157232,742.8145421,28.08943393,7.9729,20.11653393
MRM,Ore,4.5,May,0.958,0.468157232,742.8145421,28.08943393,7.5509,20.53853393
MRM,Ore,4.5,Jun,0.958,0.468157232,742.8145421,28.08943393,7.74,20.34943393
MRM,Ore,4.5,Jul,0.958,0.468157232,742.8145421,28.08943393,7.7183,20.37113393
MRM,Ore,4.5,Aug,0.958,0.468157232,742.8145421,28.08943393,7.8197,20.26973393
MRM,Ore,4.5,Sep,0.958,0.468157232,742.8145421,28.08943393,7.734,20.35543393
MRM,Ore,4.5,Oct,0.987,0.468157232,765.3005773,28.08943393,7.185,20.90443393
MRM,Ore,4.5,Nov,1.027,0.468157232,796.3157983,28.08943393,7.2715,20.81793393
MRM,Ore,4.5,Dec,1.07,0.468157232,829.6571608,28.08943393,7.2057,20.88373393
MRM,Ore,4.6,Jan,1.07,0.471967838,822.958619,28.31807027,7.9099,20.40817027
MRM,Ore,4.6,Feb,1.07,0.471967838,822.958619,28.31807027,8.3314,19.98667027
MRM,Ore,4.6,Mar,1.027,0.471967838,789.8864502,28.31807027,7.9672,20.35087027
MRM,Ore,4.6,Apr,0.958,0.471967838,736.8171561,28.31807027,7.9729,20.34517027
MRM,Ore,4.6,May,0.958,0.471967838,736.8171561,28.31807027,7.5509,20.76717027
MRM,Ore,4.6,Jun,0.958,0.471967838,736.8171561,28.31807027,7.74,20.57807027
MRM,Ore,4.6,Jul,0.958,0.471967838,736.8171561,28.31807027,7.7183,20.59977027
MRM,Ore,4.6,Aug,0.958,0.471967838,736.8171561,28.31807027,7.8197,20.49837027
MRM,Ore,4.6,Sep,0.958,0.471967838,736.8171561,28.31807027,7.734,20.58407027
MRM,Ore,4.6,Oct,0.987,0.471967838,759.121642,28.31807027,7.185,21.13307027
MRM,Ore,4.6,Nov,1.027,0.471967838,789.8864502,28.31807027,7.2715,21.04657027
MRM,Ore,4.6,Dec,1.07,0.471967838,822.958619,28.31807027,7.2057,21.11237027
MRM,Ore,4.7,Jan,1.07,0.475739939,816.4334502,28.54439636,7.9099,20.63449636
MRM,Ore,4.7,Feb,1.07,0.475739939,816.4334502,28.54439636,8.3314,20.21299636
MRM,Ore,4.7,Mar,1.027,0.475739939,783.6235078,28.54439636,7.9672,20.57719636
MRM,Ore,4.7,Apr,0.958,0.475739939,730.9749956,28.54439636,7.9729,20.57149636
MRM,Ore,4.7,May,0.958,0.475739939,730.9749956,28.54439636,7.5509,20.99349636
MRM,Ore,4.7,Jun,0.958,0.475739939,730.9749956,28.54439636,7.74,20.80439636
MRM,Ore,4.7,Jul,0.958,0.475739939,730.9749956,28.54439636,7.7183,20.82609636
MRM,Ore,4.7,Aug,0.958,0.475739939,730.9749956,28.54439636,7.8197,20.72469636
MRM,Ore,4.7,Sep,0.958,0.475739939,730.9749956,28.54439636,7.734,20.81039636
MRM,Ore,4.7,Oct,0.987,0.475739939,753.1026311,28.54439636,7.185,21.35939636
MRM,Ore,4.7,Nov,1.027,0.475739939,783.6235078,28.54439636,7.2715,21.27289636
MRM,Ore,4.7,Dec,1.07,0.475739939,816.4334502,28.54439636,7.2057,21.33869636
MRM,Ore,4.8,Jan,1.07,0.479474733,810.0739695,28.76848396,7.9099,20.85858396
MRM,Ore,4.8,Feb,1.07,0.479474733,810.0739695,28.76848396,8.3314,20.43708396
MRM,Ore,4.8,Mar,1.027,0.479474733,777.519595,28.76848396,7.9672,20.80128396
MRM,Ore,4.8,Apr,0.958,0.479474733,725.2811802,28.76848396,7.9729,20.79558396
MRM,Ore,4.8,May,0.958,0.479474733,725.2811802,28.76848396,7.5509,21.21758396
MRM,Ore,4.8,Jun,0.958,0.479474733,725.2811802,28.76848396,7.74,21.02848396
MRM,Ore,4.8,Jul,0.958,0.479474733,725.2811802,28.76848396,7.7183,21.05018396
MRM,Ore,4.8,Aug,0.958,0.479474733,725.2811802,28.76848396,7.8197,20.94878396
MRM,Ore,4.8,Sep,0.958,0.479474733,725.2811802,28.76848396,7.734,21.03448396
MRM,Ore,4.8,Oct,0.987,0.479474733,747.236456,28.76848396,7.185,21.58348396
MRM,Ore,4.8,Nov,1.027,0.479474733,777.519595,28.76848396,7.2715,21.49698396
MRM,Ore,4.8,Dec,1.07,0.479474733,810.0739695,28.76848396,7.2057,21.56278396
MRM,Ore,4.9,Jan,1.07,0.483173353,803.8729734,28.99040118,7.9099,21.08050118
MRM,Ore,4.9,Feb,1.07,0.483173353,803.8729734,28.99040118,8.3314,20.65900118
MRM,Ore,4.9,Mar,1.027,0.483173353,771.5677978,28.99040118,7.9672,21.02320118
MRM,Ore,4.9,Apr,0.958,0.483173353,719.7292603,28.99040118,7.9729,21.01750118
MRM,Ore,4.9,May,0.958,0.483173353,719.7292603,28.99040118,7.5509,21.43950118
MRM,Ore,4.9,Jun,0.958,0.483173353,719.7292603,28.99040118,7.74,21.25040118
MRM,Ore,4.9,Jul,0.958,0.483173353,719.7292603,28.99040118,7.7183,21.27210118
MRM,Ore,4.9,Aug,0.958,0.483173353,719.7292603,28.99040118,7.8197,21.17070118
MRM,Ore,4.9,Sep,0.958,0.483173353,719.7292603,28.99040118,7.734,21.25640118
MRM,Ore,4.9,Oct,0.987,0.483173353,741.5164717,28.99040118,7.185,21.80540118
MRM,Ore,4.9,Nov,1.027,0.483173353,771.5677978,28.99040118,7.2715,21.71890118
MRM,Ore,4.9,Dec,1.07,0.483173353,803.8729734,28.99040118,7.2057,21.78470118
MRM,Ore,5,Jan,1.07,0.486836878,797.8237007,29.21021271,7.9099,21.30031271
MRM,Ore,5,Feb,1.07,0.486836878,797.8237007,29.21021271,8.3314,20.87881271
MRM,Ore,5,Mar,1.027,0.486836878,765.7616268,29.21021271,7.9672,21.24301271
MRM,Ore,5,Apr,0.958,0.486836878,714.3131825,29.21021271,7.9729,21.23731271
MRM,Ore,5,May,0.958,0.486836878,714.3131825,29.21021271,7.5509,21.65931271
MRM,Ore,5,Jun,0.958,0.486836878,714.3131825,29.21021271,7.74,21.47021271
MRM,Ore,5,Jul,0.958,0.486836878,714.3131825,29.21021271,7.7183,21.49191271
MRM,Ore,5,Aug,0.958,0.486836878,714.3131825,29.21021271,7.8197,21.39051271
MRM,Ore,5,Sep,0.958,0.486836878,714.3131825,29.21021271,7.734,21.47621271
MRM,Ore,5,Oct,0.987,0.486836878,735.9364417,29.21021271,7.185,22.02521271
MRM,Ore,5,Nov,1.027,0.486836878,765.7616268,29.21021271,7.2715,21.93871271
MRM,Ore,5,Dec,1.07,0.486836878,797.8237007,29.21021271,7.2057,22.00451271
MRM,Ore,5.1,Jan,1.07,0.490466334,791.9197979,29.42798003,7.9099,21.51808003
MRM,Ore,5.1,Feb,1.07,0.490466334,791.9197979,29.42798003,8.3314,21.09658003
MRM,Ore,5.1,Mar,1.027,0.490466334,760.0949836,29.42798003,7.9672,21.46078003
MRM,Ore,5.1,Apr,0.958,0.490466334,709.0272583,29.42798003,7.9729,21.45508003
MRM,Ore,5.1,May,0.958,0.490466334,709.0272583,29.42798003,7.5509,21.87708003
MRM,Ore,5.1,Jun,0.958,0.490466334,709.0272583,29.42798003,7.74,21.68798003
MRM,Ore,5.1,Jul,0.958,0.490466334,709.0272583,29.42798003,7.7183,21.70968003
MRM,Ore,5.1,Aug,0.958,0.490466334,709.0272583,29.42798003,7.8197,21.60828003
MRM,Ore,5.1,Sep,0.958,0.490466334,709.0272583,29.42798003,7.734,21.69398003
MRM,Ore,5.1,Oct,0.987,0.490466334,730.4905052,29.42798003,7.185,22.24298003
MRM,Ore,5.1,Nov,1.027,0.490466334,760.0949836,29.42798003,7.2715,22.15648003
MRM,Ore,5.1,Dec,1.07,0.490466334,791.9197979,29.42798003,7.2057,22.22228003
MRM,Ore,5.2,Jan,1.07,0.494062695,786.1552871,29.64376171,7.9099,21.73386171
MRM,Ore,5.2,Feb,1.07,0.494062695,786.1552871,29.64376171,8.3314,21.31236171
MRM,Ore,5.2,Mar,1.027,0.494062695,754.5621307,29.64376171,7.9672,21.67656171
MRM,Ore,5.2,Apr,0.958,0.494062695,703.8661356,29.64376171,7.9729,21.67086171
MRM,Ore,5.2,May,0.958,0.494062695,703.8661356,29.64376171,7.5509,22.09286171
MRM,Ore,5.2,Jun,0.958,0.494062695,703.8661356,29.64376171,7.74,21.90376171
MRM,Ore,5.2,Jul,0.958,0.494062695,703.8661356,29.64376171,7.7183,21.92546171
MRM,Ore,5.2,Aug,0.958,0.494062695,703.8661356,29.64376171,7.8197,21.82406171
MRM,Ore,5.2,Sep,0.958,0.494062695,703.8661356,29.64376171,7.734,21.90976171
MRM,Ore,5.2,Oct,0.987,0.494062695,725.173148,29.64376171,7.185,22.45876171
MRM,Ore,5.2,Nov,1.027,0.494062695,754.5621307,29.64376171,7.2715,22.37226171
MRM,Ore,5.2,Dec,1.07,0.494062695,786.1552871,29.64376171,7.2057,22.43806171
MRM,Ore,5.3,Jan,1.07,0.497626892,780.524538,29.85761352,7.9099,21.94771352
MRM,Ore,5.3,Feb,1.07,0.497626892,780.524538,29.85761352,8.3314,21.52621352
MRM,Ore,5.3,Mar,1.027,0.497626892,749.1576641,29.85761352,7.9672,21.89041352
MRM,Ore,5.3,Apr,0.958,0.497626892,698.8247733,29.85761352,7.9729,21.88471352
MRM,Ore,5.3,May,0.958,0.497626892,698.8247733,29.85761352,7.5509,22.30671352
MRM,Ore,5.3,Jun,0.958,0.497626892,698.8247733,29.85761352,7.74,22.11761352
MRM,Ore,5.3,Jul,0.958,0.497626892,698.8247733,29.85761352,7.7183,22.13931352
MRM,Ore,5.3,Aug,0.958,0.497626892,698.8247733,29.85761352,7.8197,22.03791352
MRM,Ore,5.3,Sep,0.958,0.497626892,698.8247733,29.85761352,7.734,22.12361352
MRM,Ore,5.3,Oct,0.987,0.497626892,719.9791767,29.85761352,7.185,22.67261352
MRM,Ore,5.3,Nov,1.027,0.497626892,749.1576641,29.85761352,7.2715,22.58611352
MRM,Ore,5.3,Dec,1.07,0.497626892,780.524538,29.85761352,7.2057,22.65191352
MRM,Ore,5.4,Jan,1.07,0.501159811,775.0222415,30.06958865,7.9099,22.15968865
MRM,Ore,5.4,Feb,1.07,0.501159811,775.0222415,30.06958865,8.3314,21.73818865
MRM,Ore,5.4,Mar,1.027,0.501159811,743.8764879,30.06958865,7.9672,22.10238865
MRM,Ore,5.4,Apr,0.958,0.501159811,693.8984181,30.06958865,7.9729,22.09668865
MRM,Ore,5.4,May,0.958,0.501159811,693.8984181,30.06958865,7.5509,22.51868865
MRM,Ore,5.4,Jun,0.958,0.501159811,693.8984181,30.06958865,7.74,22.32958865
MRM,Ore,5.4,Jul,0.958,0.501159811,693.8984181,30.06958865,7.7183,22.35128865
MRM,Ore,5.4,Aug,0.958,0.501159811,693.8984181,30.06958865,7.8197,22.24988865
MRM,Ore,5.4,Sep,0.958,0.501159811,693.8984181,30.06958865,7.734,22.33558865
MRM,Ore,5.4,Oct,0.987,0.501159811,714.9036938,30.06958865,7.185,22.88458865
MRM,Ore,5.4,Nov,1.027,0.501159811,743.8764879,30.06958865,7.2715,22.79808865
MRM,Ore,5.4,Dec,1.07,0.501159811,775.0222415,30.06958865,7.2057,22.86388865
MRM,Ore,5.5,Jan,1.07,0.504662298,769.6433863,30.27973788,7.9099,22.36983788
MRM,Ore,5.5,Feb,1.07,0.504662298,769.6433863,30.27973788,8.3314,21.94833788
MRM,Ore,5.5,Mar,1.027,0.504662298,738.7137922,30.27973788,7.9672,22.31253788
MRM,Ore,5.5,Apr,0.958,0.504662298,689.0825832,30.27973788,7.9729,22.30683788
MRM,Ore,5.5,May,0.958,0.504662298,689.0825832,30.27973788,7.5509,22.72883788
MRM,Ore,5.5,Jun,0.958,0.504662298,689.0825832,30.27973788,7.74,22.53973788
MRM,Ore,5.5,Jul,0.958,0.504662298,689.0825832,30.27973788,7.7183,22.56143788
MRM,Ore,5.5,Aug,0.958,0.504662298,689.0825832,30.27973788,7.8197,22.46003788
MRM,Ore,5.5,Sep,0.958,0.504662298,689.0825832,30.27973788,7.734,22.54573788
MRM,Ore,5.5,Oct,0.987,0.504662298,709.9420769,30.27973788,7.185,23.09473788
MRM,Ore,5.5,Nov,1.027,0.504662298,738.7137922,30.27973788,7.2715,23.00823788
MRM,Ore,5.5,Dec,1.07,0.504662298,769.6433863,30.27973788,7.2057,23.07403788
MRM,Ore,5.6,Jan,1.07,0.508135162,764.3832372,30.48810972,7.9099,22.57820972
MRM,Ore,5.6,Feb,1.07,0.508135162,764.3832372,30.48810972,8.3314,22.15670972
MRM,Ore,5.6,Mar,1.027,0.508135162,733.6650323,30.48810972,7.9672,22.52090972
MRM,Ore,5.6,Apr,0.958,0.508135162,684.3730292,30.48810972,7.9729,22.51520972
MRM,Ore,5.6,May,0.958,0.508135162,684.3730292,30.48810972,7.5509,22.93720972
MRM,Ore,5.6,Jun,0.958,0.508135162,684.3730292,30.48810972,7.74,22.74810972
MRM,Ore,5.6,Jul,0.958,0.508135162,684.3730292,30.48810972,7.7183,22.76980972
MRM,Ore,5.6,Aug,0.958,0.508135162,684.3730292,30.48810972,7.8197,22.66840972
MRM,Ore,5.6,Sep,0.958,0.508135162,684.3730292,30.48810972,7.734,22.75410972
MRM,Ore,5.6,Oct,0.987,0.508135162,705.089958,30.48810972,7.185,23.30310972
MRM,Ore,5.6,Nov,1.027,0.508135162,733.6650323,30.48810972,7.2715,23.21660972
MRM,Ore,5.6,Dec,1.07,0.508135162,764.3832372,30.48810972,7.2057,23.28240972
MRM,Ore,5.7,Jan,1.07,0.511579175,759.2373158,30.69475053,7.9099,22.78485053
MRM,Ore,5.7,Feb,1.07,0.511579175,759.2373158,30.69475053,8.3314,22.36335053
MRM,Ore,5.7,Mar,1.027,0.511579175,728.7259097,30.69475053,7.9672,22.72755053
MRM,Ore,5.7,Apr,0.958,0.511579175,679.7657463,30.69475053,7.9729,22.72185053
MRM,Ore,5.7,May,0.958,0.511579175,679.7657463,30.69475053,7.5509,23.14385053
MRM,Ore,5.7,Jun,0.958,0.511579175,679.7657463,30.69475053,7.74,22.95475053
MRM,Ore,5.7,Jul,0.958,0.511579175,679.7657463,30.69475053,7.7183,22.97645053
MRM,Ore,5.7,Aug,0.958,0.511579175,679.7657463,30.69475053,7.8197,22.87505053
MRM,Ore,5.7,Sep,0.958,0.511579175,679.7657463,30.69475053,7.734,22.96075053
MRM,Ore,5.7,Oct,0.987,0.511579175,700.3432063,30.69475053,7.185,23.50975053
MRM,Ore,5.7,Nov,1.027,0.511579175,728.7259097,30.69475053,7.2715,23.42325053
MRM,Ore,5.7,Dec,1.07,0.511579175,759.2373158,30.69475053,7.2057,23.48905053
MRM,Ore,5.8,Jan,1.07,0.514995078,754.2013825,30.89970469,7.9099,22.98980469
MRM,Ore,5.8,Feb,1.07,0.514995078,754.2013825,30.89970469,8.3314,22.56830469
MRM,Ore,5.8,Mar,1.027,0.514995078,723.892355,30.89970469,7.9672,22.93250469
MRM,Ore,5.8,Apr,0.958,0.514995078,675.2569388,30.89970469,7.9729,22.92680469
MRM,Ore,5.8,May,0.958,0.514995078,675.2569388,30.89970469,7.5509,23.34880469
MRM,Ore,5.8,Jun,0.958,0.514995078,675.2569388,30.89970469,7.74,23.15970469
MRM,Ore,5.8,Jul,0.958,0.514995078,675.2569388,30.89970469,7.7183,23.18140469
MRM,Ore,5.8,Aug,0.958,0.514995078,675.2569388,30.89970469,7.8197,23.08000469
MRM,Ore,5.8,Sep,0.958,0.514995078,675.2569388,30.89970469,7.734,23.16570469
MRM,Ore,5.8,Oct,0.987,0.514995078,695.6979108,30.89970469,7.185,23.71470469
MRM,Ore,5.8,Nov,1.027,0.514995078,723.892355,30.89970469,7.2715,23.62820469
MRM,Ore,5.8,Dec,1.07,0.514995078,754.2013825,30.89970469,7.2057,23.69400469
MRM,Ore,5.9,Jan,1.07,0.518383579,749.27142,31.10301471,7.9099,23.19311471
MRM,Ore,5.9,Feb,1.07,0.518383579,749.27142,31.10301471,8.3314,22.77161471
MRM,Ore,5.9,Mar,1.027,0.518383579,719.1605124,31.10301471,7.9672,23.13581471
MRM,Ore,5.9,Apr,0.958,0.518383579,670.8430097,31.10301471,7.9729,23.13011471
MRM,Ore,5.9,May,0.958,0.518383579,670.8430097,31.10301471,7.5509,23.55211471
MRM,Ore,5.9,Jun,0.958,0.518383579,670.8430097,31.10301471,7.74,23.36301471
MRM,Ore,5.9,Jul,0.958,0.518383579,670.8430097,31.10301471,7.7183,23.38471471
MRM,Ore,5.9,Aug,0.958,0.518383579,670.8430097,31.10301471,7.8197,23.28331471
MRM,Ore,5.9,Sep,0.958,0.518383579,670.8430097,31.10301471,7.734,23.36901471
MRM,Ore,5.9,Oct,0.987,0.518383579,691.1503659,31.10301471,7.185,23.91801471
MRM,Ore,5.9,Nov,1.027,0.518383579,719.1605124,31.10301471,7.2715,23.83151471
MRM,Ore,5.9,Dec,1.07,0.518383579,749.27142,31.10301471,7.2057,23.89731471
MRM,Ore,6,Jan,1.07,0.521745355,744.4436181,31.30472131,7.9099,23.39482131
MRM,Ore,6,Feb,1.07,0.521745355,744.4436181,31.30472131,8.3314,22.97332131
MRM,Ore,6,Mar,1.027,0.521745355,714.5267251,31.30472131,7.9672,23.33752131
MRM,Ore,6,Apr,0.958,0.521745355,666.5205478,31.30472131,7.9729,23.33182131
MRM,Ore,6,May,0.958,0.521745355,666.5205478,31.30472131,7.5509,23.75382131
MRM,Ore,6,Jun,0.958,0.521745355,666.5205478,31.30472131,7.74,23.56472131
MRM,Ore,6,Jul,0.958,0.521745355,666.5205478,31.30472131,7.7183,23.58642131
MRM,Ore,6,Aug,0.958,0.521745355,666.5205478,31.30472131,7.8197,23.48502131
MRM,Ore,6,Sep,0.958,0.521745355,666.5205478,31.30472131,7.734,23.57072131
MRM,Ore,6,Oct,0.987,0.521745355,686.6970571,31.30472131,7.185,24.11972131
MRM,Ore,6,Nov,1.027,0.521745355,714.5267251,31.30472131,7.2715,24.03322131
MRM,Ore,6,Dec,1.07,0.521745355,744.4436181,31.30472131,7.2057,24.09902131
MRM,Ore,6.1,Jan,1.07,0.5258,738.7029289,31.548,7.9099,23.6381
MRM,Ore,6.1,Feb,1.07,0.5258,738.7029289,31.548,8.3314,23.2166
MRM,Ore,6.1,Mar,1.027,0.5258,709.0167364,31.548,7.9672,23.5808
MRM,Ore,6.1,Apr,0.958,0.5258,661.3807531,31.548,7.9729,23.5751
MRM,Ore,6.1,May,0.958,0.5258,661.3807531,31.548,7.5509,23.9971
MRM,Ore,6.1,Jun,0.958,0.5258,661.3807531,31.548,7.74,23.808
MRM,Ore,6.1,Jul,0.958,0.5258,661.3807531,31.548,7.7183,23.8297
MRM,Ore,6.1,Aug,0.958,0.5258,661.3807531,31.548,7.8197,23.7283
MRM,Ore,6.1,Sep,0.958,0.5258,661.3807531,31.548,7.734,23.814
MRM,Ore,6.1,Oct,0.987,0.5258,681.4016736,31.548,7.185,24.363
MRM,Ore,6.1,Nov,1.027,0.5258,709.0167364,31.548,7.2715,24.2765
MRM,Ore,6.1,Dec,1.07,0.5258,738.7029289,31.548,7.2057,24.3423
MRM,Ore,6.2,Jan,1.07,0.5298,733.1257078,31.788,7.9099,23.8781
MRM,Ore,6.2,Feb,1.07,0.5298,733.1257078,31.788,8.3314,23.4566
MRM,Ore,6.2,Mar,1.027,0.5298,703.6636467,31.788,7.9672,23.8208
MRM,Ore,6.2,Apr,0.958,0.5298,656.387316,31.788,7.9729,23.8151
MRM,Ore,6.2,May,0.958,0.5298,656.387316,31.788,7.5509,24.2371
MRM,Ore,6.2,Jun,0.958,0.5298,656.387316,31.788,7.74,24.048
MRM,Ore,6.2,Jul,0.958,0.5298,656.387316,31.788,7.7183,24.0697
MRM,Ore,6.2,Aug,0.958,0.5298,656.387316,31.788,7.8197,23.9683
MRM,Ore,6.2,Sep,0.958,0.5298,656.387316,31.788,7.734,24.054
MRM,Ore,6.2,Oct,0.987,0.5298,676.2570781,31.788,7.185,24.603
MRM,Ore,6.2,Nov,1.027,0.5298,703.6636467,31.788,7.2715,24.5165
MRM,Ore,6.2,Dec,1.07,0.5298,733.1257078,31.788,7.2057,24.5823
MRM,Ore,6.3,Jan,1.07,0.5338,727.6320719,32.028,7.9099,24.1181
MRM,Ore,6.3,Feb,1.07,0.5338,727.6320719,32.028,8.3314,23.6966
MRM,Ore,6.3,Mar,1.027,0.5338,698.3907831,32.028,7.9672,24.0608
MRM,Ore,6.3,Apr,0.958,0.5338,651.4687149,32.028,7.9729,24.0551
MRM,Ore,6.3,May,0.958,0.5338,651.4687149,32.028,7.5509,24.4771
MRM,Ore,6.3,Jun,0.958,0.5338,651.4687149,32.028,7.74,24.288
MRM,Ore,6.3,Jul,0.958,0.5338,651.4687149,32.028,7.7183,24.3097
MRM,Ore,6.3,Aug,0.958,0.5338,651.4687149,32.028,7.8197,24.2083
MRM,Ore,6.3,Sep,0.958,0.5338,651.4687149,32.028,7.734,24.294
MRM,Ore,6.3,Oct,0.987,0.5338,671.1895841,32.028,7.185,24.843
MRM,Ore,6.3,Nov,1.027,0.5338,698.3907831,32.028,7.2715,24.7565
MRM,Ore,6.3,Dec,1.07,0.5338,727.6320719,32.028,7.2057,24.8223
MRM,Ore,6.4,Jan,1.07,0.5378,722.2201562,32.268,7.9099,24.3581
MRM,Ore,6.4,Feb,1.07,0.5378,722.2201562,32.268,8.3314,23.9366
MRM,Ore,6.4,Mar,1.027,0.5378,693.1963555,32.268,7.9672,24.3008
MRM,Ore,6.4,Apr,0.958,0.5378,646.62328,32.268,7.9729,24.2951
MRM,Ore,6.4,May,0.958,0.5378,646.62328,32.268,7.5509,24.7171
MRM,Ore,6.4,Jun,0.958,0.5378,646.62328,32.268,7.74,24.528
MRM,Ore,6.4,Jul,0.958,0.5378,646.62328,32.268,7.7183,24.5497
MRM,Ore,6.4,Aug,0.958,0.5378,646.62328,32.268,7.8197,24.4483
MRM,Ore,6.4,Sep,0.958,0.5378,646.62328,32.268,7.734,24.534
MRM,Ore,6.4,Oct,0.987,0.5378,666.1974712,32.268,7.185,25.083
MRM,Ore,6.4,Nov,1.027,0.5378,693.1963555,32.268,7.2715,24.9965
MRM,Ore,6.4,Dec,1.07,0.5378,722.2201562,32.268,7.2057,25.0623
MRM,Ore,6.5,Jan,1.07,0.5418,716.8881506,32.508,7.9099,24.5981
MRM,Ore,6.5,Feb,1.07,0.5418,716.8881506,32.508,8.3314,24.1766
MRM,Ore,6.5,Mar,1.027,0.5418,688.0786268,32.508,7.9672,24.5408
MRM,Ore,6.5,Apr,0.958,0.5418,641.8493909,32.508,7.9729,24.5351
MRM,Ore,6.5,May,0.958,0.5418,641.8493909,32.508,7.5509,24.9571
MRM,Ore,6.5,Jun,0.958,0.5418,641.8493909,32.508,7.74,24.768
MRM,Ore,6.5,Jul,0.958,0.5418,641.8493909,32.508,7.7183,24.7897
MRM,Ore,6.5,Aug,0.958,0.5418,641.8493909,32.508,7.8197,24.6883
MRM,Ore,6.5,Sep,0.958,0.5418,641.8493909,32.508,7.734,24.774
MRM,Ore,6.5,Oct,0.987,0.5418,661.2790698,32.508,7.185,25.323
MRM,Ore,6.5,Nov,1.027,0.5418,688.0786268,32.508,7.2715,25.2365
MRM,Ore,6.5,Dec,1.07,0.5418,716.8881506,32.508,7.2057,25.3023
MRM,Ore,6.6,Jan,1.07,0.5458,711.6342983,32.748,7.9099,24.8381
MRM,Ore,6.6,Feb,1.07,0.5458,711.6342983,32.748,8.3314,24.4166
MRM,Ore,6.6,Mar,1.027,0.5458,683.0359106,32.748,7.9672,24.7808
MRM,Ore,6.6,Apr,0.958,0.5458,637.1454745,32.748,7.9729,24.7751
MRM,Ore,6.6,May,0.958,0.5458,637.1454745,32.748,7.5509,25.1971
MRM,Ore,6.6,Jun,0.958,0.5458,637.1454745,32.748,7.74,25.008
MRM,Ore,6.6,Jul,0.958,0.5458,637.1454745,32.748,7.7183,25.0297
MRM,Ore,6.6,Aug,0.958,0.5458,637.1454745,32.748,7.8197,24.9283
MRM,Ore,6.6,Sep,0.958,0.5458,637.1454745,32.748,7.734,25.014
MRM,Ore,6.6,Oct,0.987,0.5458,656.4327593,32.748,7.185,25.563
MRM,Ore,6.6,Nov,1.027,0.5458,683.0359106,32.748,7.2715,25.4765
MRM,Ore,6.6,Dec,1.07,0.5458,711.6342983,32.748,7.2057,25.5423
MRM,Ore,6.7,Jan,1.07,0.5498,706.4568934,32.988,7.9099,25.0781
MRM,Ore,6.7,Feb,1.07,0.5498,706.4568934,32.988,8.3314,24.6566
MRM,Ore,6.7,Mar,1.027,0.5498,678.0665697,32.988,7.9672,25.0208
MRM,Ore,6.7,Apr,0.958,0.5498,632.5100036,32.988,7.9729,25.0151
MRM,Ore,6.7,May,0.958,0.5498,632.5100036,32.988,7.5509,25.4371
MRM,Ore,6.7,Jun,0.958,0.5498,632.5100036,32.988,7.74,25.248
MRM,Ore,6.7,Jul,0.958,0.5498,632.5100036,32.988,7.7183,25.2697
MRM,Ore,6.7,Aug,0.958,0.5498,632.5100036,32.988,7.8197,25.1683
MRM,Ore,6.7,Sep,0.958,0.5498,632.5100036,32.988,7.734,25.254
MRM,Ore,6.7,Oct,0.987,0.5498,651.6569662,32.988,7.185,25.803
MRM,Ore,6.7,Nov,1.027,0.5498,678.0665697,32.988,7.2715,25.7165
MRM,Ore,6.7,Dec,1.07,0.5498,706.4568934,32.988,7.2057,25.7823
MRM,Ore,6.8,Jan,1.07,0.5538,701.3542795,33.228,7.9099,25.3181
MRM,Ore,6.8,Feb,1.07,0.5538,701.3542795,33.228,8.3314,24.8966
MRM,Ore,6.8,Mar,1.027,0.5538,673.1690141,33.228,7.9672,25.2608
MRM,Ore,6.8,Apr,0.958,0.5538,627.9414951,33.228,7.9729,25.2551
MRM,Ore,6.8,May,0.958,0.5538,627.9414951,33.228,7.5509,25.6771
MRM,Ore,6.8,Jun,0.958,0.5538,627.9414951,33.228,7.74,25.488
MRM,Ore,6.8,Jul,0.958,0.5538,627.9414951,33.228,7.7183,25.5097
MRM,Ore,6.8,Aug,0.958,0.5538,627.9414951,33.228,7.8197,25.4083
MRM,Ore,6.8,Sep,0.958,0.5538,627.9414951,33.228,7.734,25.494
MRM,Ore,6.8,Oct,0.987,0.5538,646.9501625,33.228,7.185,26.043
MRM,Ore,6.8,Nov,1.027,0.5538,673.1690141,33.228,7.2715,25.9565
MRM,Ore,6.8,Dec,1.07,0.5538,701.3542795,33.228,7.2057,26.0223
MRM,Ore,6.9,Jan,1.07,0.5578,696.3248476,33.468,7.9099,25.5581
MRM,Ore,6.9,Feb,1.07,0.5578,696.3248476,33.468,8.3314,25.1366
MRM,Ore,6.9,Mar,1.027,0.5578,668.3416995,33.468,7.9672,25.5008
MRM,Ore,6.9,Apr,0.958,0.5578,623.4385084,33.468,7.9729,25.4951
MRM,Ore,6.9,May,0.958,0.5578,623.4385084,33.468,7.5509,25.9171
MRM,Ore,6.9,Jun,0.958,0.5578,623.4385084,33.468,7.74,25.728
MRM,Ore,6.9,Jul,0.958,0.5578,623.4385084,33.468,7.7183,25.7497
MRM,Ore,6.9,Aug,0.958,0.5578,623.4385084,33.468,7.8197,25.6483
MRM,Ore,6.9,Sep,0.958,0.5578,623.4385084,33.468,7.734,25.734
MRM,Ore,6.9,Oct,0.987,0.5578,642.3108641,33.468,7.185,26.283
MRM,Ore,6.9,Nov,1.027,0.5578,668.3416995,33.468,7.2715,26.1965
MRM,Ore,6.9,Dec,1.07,0.5578,696.3248476,33.468,7.2057,26.2623
MRM,Ore,7,Jan,1.07,0.5618,691.3670345,33.708,7.9099,25.7981
MRM,Ore,7,Feb,1.07,0.5618,691.3670345,33.708,8.3314,25.3766
MRM,Ore,7,Mar,1.027,0.5618,663.5831257,33.708,7.9672,25.7408
MRM,Ore,7,Apr,0.958,0.5618,618.999644,33.708,7.9729,25.7351
MRM,Ore,7,May,0.958,0.5618,618.999644,33.708,7.5509,26.1571
MRM,Ore,7,Jun,0.958,0.5618,618.999644,33.708,7.74,25.968
MRM,Ore,7,Jul,0.958,0.5618,618.999644,33.708,7.7183,25.9897
MRM,Ore,7,Aug,0.958,0.5618,618.999644,33.708,7.8197,25.8883
MRM,Ore,7,Sep,0.958,0.5618,618.999644,33.708,7.734,25.974
MRM,Ore,7,Oct,0.987,0.5618,637.737629,33.708,7.185,26.523
MRM,Ore,7,Nov,1.027,0.5618,663.5831257,33.708,7.2715,26.4365
MRM,Ore,7,Dec,1.07,0.5618,691.3670345,33.708,7.2057,26.5023
MRM,Ore,7.1,Jan,1.07,0.5658,686.4793213,33.948,7.9099,26.0381
MRM,Ore,7.1,Feb,1.07,0.5658,686.4793213,33.948,8.3314,25.6166
MRM,Ore,7.1,Mar,1.027,0.5658,658.8918346,33.948,7.9672,25.9808
MRM,Ore,7.1,Apr,0.958,0.5658,614.6235419,33.948,7.9729,25.9751
MRM,Ore,7.1,May,0.958,0.5658,614.6235419,33.948,7.5509,26.3971
MRM,Ore,7.1,Jun,0.958,0.5658,614.6235419,33.948,7.74,26.208
MRM,Ore,7.1,Jul,0.958,0.5658,614.6235419,33.948,7.7183,26.2297
MRM,Ore,7.1,Aug,0.958,0.5658,614.6235419,33.948,7.8197,26.1283
MRM,Ore,7.1,Sep,0.958,0.5658,614.6235419,33.948,7.734,26.214
MRM,Ore,7.1,Oct,0.987,0.5658,633.2290562,33.948,7.185,26.763
MRM,Ore,7.1,Nov,1.027,0.5658,658.8918346,33.948,7.2715,26.6765
MRM,Ore,7.1,Dec,1.07,0.5658,686.4793213,33.948,7.2057,26.7423
MRM,Ore,7.2,Jan,1.07,0.5698,681.6602317,34.188,7.9099,26.2781
MRM,Ore,7.2,Feb,1.07,0.5698,681.6602317,34.188,8.3314,25.8566
MRM,Ore,7.2,Mar,1.027,0.5698,654.2664093,34.188,7.9672,26.2208
MRM,Ore,7.2,Apr,0.958,0.5698,610.3088803,34.188,7.9729,26.2151
MRM,Ore,7.2,May,0.958,0.5698,610.3088803,34.188,7.5509,26.6371
MRM,Ore,7.2,Jun,0.958,0.5698,610.3088803,34.188,7.74,26.448
MRM,Ore,7.2,Jul,0.958,0.5698,610.3088803,34.188,7.7183,26.4697
MRM,Ore,7.2,Aug,0.958,0.5698,610.3088803,34.188,7.8197,26.3683
MRM,Ore,7.2,Sep,0.958,0.5698,610.3088803,34.188,7.734,26.454
MRM,Ore,7.2,Oct,0.987,0.5698,628.7837838,34.188,7.185,27.003
MRM,Ore,7.2,Nov,1.027,0.5698,654.2664093,34.188,7.2715,26.9165
MRM,Ore,7.2,Dec,1.07,0.5698,681.6602317,34.188,7.2057,26.9823
MRM,Ore,7.3,Jan,1.07,0.5738,676.9083304,34.428,7.9099,26.5181
MRM,Ore,7.3,Feb,1.07,0.5738,676.9083304,34.428,8.3314,26.0966
MRM,Ore,7.3,Mar,1.027,0.5738,649.7054723,34.428,7.9672,26.4608
MRM,Ore,7.3,Apr,0.958,0.5738,606.0543743,34.428,7.9729,26.4551
MRM,Ore,7.3,May,0.958,0.5738,606.0543743,34.428,7.5509,26.8771
MRM,Ore,7.3,Jun,0.958,0.5738,606.0543743,34.428,7.74,26.688
MRM,Ore,7.3,Jul,0.958,0.5738,606.0543743,34.428,7.7183,26.7097
MRM,Ore,7.3,Aug,0.958,0.5738,606.0543743,34.428,7.8197,26.6083
MRM,Ore,7.3,Sep,0.958,0.5738,606.0543743,34.428,7.734,26.694
MRM,Ore,7.3,Oct,0.987,0.5738,624.400488,34.428,7.185,27.243
MRM,Ore,7.3,Nov,1.027,0.5738,649.7054723,34.428,7.2715,27.1565
MRM,Ore,7.3,Dec,1.07,0.5738,676.9083304,34.428,7.2057,27.2223
MRM,Ore,7.4,Jan,1.07,0.5778,672.2222222,34.668,7.9099,26.7581
MRM,Ore,7.4,Feb,1.07,0.5778,672.2222222,34.668,8.3314,26.3366
MRM,Ore,7.4,Mar,1.027,0.5778,645.2076843,34.668,7.9672,26.7008
MRM,Ore,7.4,Apr,0.958,0.5778,601.8587747,34.668,7.9729,26.6951
MRM,Ore,7.4,May,0.958,0.5778,601.8587747,34.668,7.5509,27.1171
MRM,Ore,7.4,Jun,0.958,0.5778,601.8587747,34.668,7.74,26.928
MRM,Ore,7.4,Jul,0.958,0.5778,601.8587747,34.668,7.7183,26.9497
MRM,Ore,7.4,Aug,0.958,0.5778,601.8587747,34.668,7.8197,26.8483
MRM,Ore,7.4,Sep,0.958,0.5778,601.8587747,34.668,7.734,26.934
MRM,Ore,7.4,Oct,0.987,0.5778,620.0778816,34.668,7.185,27.483
MRM,Ore,7.4,Nov,1.027,0.5778,645.2076843,34.668,7.2715,27.3965
MRM,Ore,7.4,Dec,1.07,0.5778,672.2222222,34.668,7.2057,27.4623
MRM,Ore,7.5,Jan,1.07,0.5818,667.60055,34.908,7.9099,26.9981
MRM,Ore,7.5,Feb,1.07,0.5818,667.60055,34.908,8.3314,26.5766
MRM,Ore,7.5,Mar,1.027,0.5818,640.7717429,34.908,7.9672,26.9408
MRM,Ore,7.5,Apr,0.958,0.5818,597.7208663,34.908,7.9729,26.9351
MRM,Ore,7.5,May,0.958,0.5818,597.7208663,34.908,7.5509,27.3571
MRM,Ore,7.5,Jun,0.958,0.5818,597.7208663,34.908,7.74,27.168
MRM,Ore,7.5,Jul,0.958,0.5818,597.7208663,34.908,7.7183,27.1897
MRM,Ore,7.5,Aug,0.958,0.5818,597.7208663,34.908,7.8197,27.0883
MRM,Ore,7.5,Sep,0.958,0.5818,597.7208663,34.908,7.734,27.174
MRM,Ore,7.5,Oct,0.987,0.5818,615.814713,34.908,7.185,27.723
MRM,Ore,7.5,Nov,1.027,0.5818,640.7717429,34.908,7.2715,27.6365
MRM,Ore,7.5,Dec,1.07,0.5818,667.60055,34.908,7.2057,27.7023
MRM,Ore,7.6,Jan,1.07,0.5858,663.0419939,35.148,7.9099,27.2381
MRM,Ore,7.6,Feb,1.07,0.5858,663.0419939,35.148,8.3314,26.8166
MRM,Ore,7.6,Mar,1.027,0.5858,636.396381,35.148,7.9672,27.1808
MRM,Ore,7.6,Apr,0.958,0.5858,593.6394674,35.148,7.9729,27.1751
MRM,Ore,7.6,May,0.958,0.5858,593.6394674,35.148,7.5509,27.5971
MRM,Ore,7.6,Jun,0.958,0.5858,593.6394674,35.148,7.74,27.408
MRM,Ore,7.6,Jul,0.958,0.5858,593.6394674,35.148,7.7183,27.4297
MRM,Ore,7.6,Aug,0.958,0.5858,593.6394674,35.148,7.8197,27.3283
MRM,Ore,7.6,Sep,0.958,0.5858,593.6394674,35.148,7.734,27.414
MRM,Ore,7.6,Oct,0.987,0.5858,611.6097644,35.148,7.185,27.963
MRM,Ore,7.6,Nov,1.027,0.5858,636.396381,35.148,7.2715,27.8765
MRM,Ore,7.6,Dec,1.07,0.5858,663.0419939,35.148,7.2057,27.9423
MRM,Ore,7.7,Jan,1.07,0.5898,658.5452696,35.388,7.9099,27.4781
MRM,Ore,7.7,Feb,1.07,0.5898,658.5452696,35.388,8.3314,27.0566
MRM,Ore,7.7,Mar,1.027,0.5898,632.0803662,35.388,7.9672,27.4208
MRM,Ore,7.7,Apr,0.958,0.5898,589.6134283,35.388,7.9729,27.4151
MRM,Ore,7.7,May,0.958,0.5898,589.6134283,35.388,7.5509,27.8371
MRM,Ore,7.7,Jun,0.958,0.5898,589.6134283,35.388,7.74,27.648
MRM,Ore,7.7,Jul,0.958,0.5898,589.6134283,35.388,7.7183,27.6697
MRM,Ore,7.7,Aug,0.958,0.5898,589.6134283,35.388,7.8197,27.5683
MRM,Ore,7.7,Sep,0.958,0.5898,589.6134283,35.388,7.734,27.654
MRM,Ore,7.7,Oct,0.987,0.5898,607.4618515,35.388,7.185,28.203
MRM,Ore,7.7,Nov,1.027,0.5898,632.0803662,35.388,7.2715,28.1165
MRM,Ore,7.7,Dec,1.07,0.5898,658.5452696,35.388,7.2057,28.1823
MRM,Ore,7.8,Jan,1.07,0.5938,654.1091277,35.628,7.9099,27.7181
MRM,Ore,7.8,Feb,1.07,0.5938,654.1091277,35.628,8.3314,27.2966
MRM,Ore,7.8,Mar,1.027,0.5938,627.8224992,35.628,7.9672,27.6608
MRM,Ore,7.8,Apr,0.958,0.5938,585.6416302,35.628,7.9729,27.6551
MRM,Ore,7.8,May,0.958,0.5938,585.6416302,35.628,7.5509,28.0771
MRM,Ore,7.8,Jun,0.958,0.5938,585.6416302,35.628,7.74,27.888
MRM,Ore,7.8,Jul,0.958,0.5938,585.6416302,35.628,7.7183,27.9097
MRM,Ore,7.8,Aug,0.958,0.5938,585.6416302,35.628,7.8197,27.8083
MRM,Ore,7.8,Sep,0.958,0.5938,585.6416302,35.628,7.734,27.894
MRM,Ore,7.8,Oct,0.987,0.5938,603.3698215,35.628,7.185,28.443
MRM,Ore,7.8,Nov,1.027,0.5938,627.8224992,35.628,7.2715,28.3565
MRM,Ore,7.8,Dec,1.07,0.5938,654.1091277,35.628,7.2057,28.4223
MRM,Ore,7.9,Jan,1.07,0.5978,649.732352,35.868,7.9099,27.9581
MRM,Ore,7.9,Feb,1.07,0.5978,649.732352,35.868,8.3314,27.5366
MRM,Ore,7.9,Mar,1.027,0.5978,623.6216126,35.868,7.9672,27.9008
MRM,Ore,7.9,Apr,0.958,0.5978,581.7229843,35.868,7.9729,27.8951
MRM,Ore,7.9,May,0.958,0.5978,581.7229843,35.868,7.5509,28.3171
MRM,Ore,7.9,Jun,0.958,0.5978,581.7229843,35.868,7.74,28.128
MRM,Ore,7.9,Jul,0.958,0.5978,581.7229843,35.868,7.7183,28.1497
MRM,Ore,7.9,Aug,0.958,0.5978,581.7229843,35.868,7.8197,28.0483
MRM,Ore,7.9,Sep,0.958,0.5978,581.7229843,35.868,7.734,28.134
MRM,Ore,7.9,Oct,0.987,0.5978,599.3325527,35.868,7.185,28.683
MRM,Ore,7.9,Nov,1.027,0.5978,623.6216126,35.868,7.2715,28.5965
MRM,Ore,7.9,Dec,1.07,0.5978,649.732352,35.868,7.2057,28.6623
MRM,Ore,8,Jan,1.07,0.6018,645.4137587,36.108,7.9099,28.1981
MRM,Ore,8,Feb,1.07,0.6018,645.4137587,36.108,8.3314,27.7766
MRM,Ore,8,Mar,1.027,0.6018,619.4765703,36.108,7.9672,28.1408
MRM,Ore,8,Apr,0.958,0.6018,577.8564307,36.108,7.9729,28.1351
MRM,Ore,8,May,0.958,0.6018,577.8564307,36.108,7.5509,28.5571
MRM,Ore,8,Jun,0.958,0.6018,577.8564307,36.108,7.74,28.368
MRM,Ore,8,Jul,0.958,0.6018,577.8564307,36.108,7.7183,28.3897
MRM,Ore,8,Aug,0.958,0.6018,577.8564307,36.108,7.8197,28.2883
MRM,Ore,8,Sep,0.958,0.6018,577.8564307,36.108,7.734,28.374
MRM,Ore,8,Oct,0.987,0.6018,595.3489531,36.108,7.185,28.923
MRM,Ore,8,Nov,1.027,0.6018,619.4765703,36.108,7.2715,28.8365
MRM,Ore,8,Dec,1.07,0.6018,645.4137587,36.108,7.2057,28.9023
MRM,Ore,8.1,Jan,1.07,0.6058,641.1521954,36.348,7.9099,28.4381
MRM,Ore,8.1,Feb,1.07,0.6058,641.1521954,36.348,8.3314,28.0166
MRM,Ore,8.1,Mar,1.027,0.6058,615.3862661,36.348,7.9672,28.3808
MRM,Ore,8.1,Apr,0.958,0.6058,574.0409376,36.348,7.9729,28.3751
MRM,Ore,8.1,May,0.958,0.6058,574.0409376,36.348,7.5509,28.7971
MRM,Ore,8.1,Jun,0.958,0.6058,574.0409376,36.348,7.74,28.608
MRM,Ore,8.1,Jul,0.958,0.6058,574.0409376,36.348,7.7183,28.6297
MRM,Ore,8.1,Aug,0.958,0.6058,574.0409376,36.348,7.8197,28.5283
MRM,Ore,8.1,Sep,0.958,0.6058,574.0409376,36.348,7.734,28.614
MRM,Ore,8.1,Oct,0.987,0.6058,591.4179597,36.348,7.185,29.163
MRM,Ore,8.1,Nov,1.027,0.6058,615.3862661,36.348,7.2715,29.0765
MRM,Ore,8.1,Dec,1.07,0.6058,641.1521954,36.348,7.2057,29.1423
MRM,Ore,8.2,Jan,1.07,0.6098,636.9465398,36.588,7.9099,28.6781
MRM,Ore,8.2,Feb,1.07,0.6098,636.9465398,36.588,8.3314,28.2566
MRM,Ore,8.2,Mar,1.027,0.6098,611.3496228,36.588,7.9672,28.6208
MRM,Ore,8.2,Apr,0.958,0.6098,570.2755002,36.588,7.9729,28.6151
MRM,Ore,8.2,May,0.958,0.6098,570.2755002,36.588,7.5509,29.0371
MRM,Ore,8.2,Jun,0.958,0.6098,570.2755002,36.588,7.74,28.848
MRM,Ore,8.2,Jul,0.958,0.6098,570.2755002,36.588,7.7183,28.8697
MRM,Ore,8.2,Aug,0.958,0.6098,570.2755002,36.588,7.8197,28.7683
MRM,Ore,8.2,Sep,0.958,0.6098,570.2755002,36.588,7.734,28.854
MRM,Ore,8.2,Oct,0.987,0.6098,587.5385372,36.588,7.185,29.403
MRM,Ore,8.2,Nov,1.027,0.6098,611.3496228,36.588,7.2715,29.3165
MRM,Ore,8.2,Dec,1.07,0.6098,636.9465398,36.588,7.2057,29.3823
MRM,Ore,8.3,Jan,1.07,0.6138,632.7956989,36.828,7.9099,28.9181
MRM,Ore,8.3,Feb,1.07,0.6138,632.7956989,36.828,8.3314,28.4966
MRM,Ore,8.3,Mar,1.027,0.6138,607.3655914,36.828,7.9672,28.8608
MRM,Ore,8.3,Apr,0.958,0.6138,566.5591398,36.828,7.9729,28.8551
MRM,Ore,8.3,May,0.958,0.6138,566.5591398,36.828,7.5509,29.2771
MRM,Ore,8.3,Jun,0.958,0.6138,566.5591398,36.828,7.74,29.088
MRM,Ore,8.3,Jul,0.958,0.6138,566.5591398,36.828,7.7183,29.1097
MRM,Ore,8.3,Aug,0.958,0.6138,566.5591398,36.828,7.8197,29.0083
MRM,Ore,8.3,Sep,0.958,0.6138,566.5591398,36.828,7.734,29.094
MRM,Ore,8.3,Oct,0.987,0.6138,583.7096774,36.828,7.185,29.643
MRM,Ore,8.3,Nov,1.027,0.6138,607.3655914,36.828,7.2715,29.5565
MRM,Ore,8.3,Dec,1.07,0.6138,632.7956989,36.828,7.2057,29.6223
MRM,Ore,8.4,Jan,1.07,0.6178,628.698608,37.068,7.9099,29.1581
MRM,Ore,8.4,Feb,1.07,0.6178,628.698608,37.068,8.3314,28.7366
MRM,Ore,8.4,Mar,1.027,0.6178,603.4331499,37.068,7.9672,29.1008
MRM,Ore,8.4,Apr,0.958,0.6178,562.8909032,37.068,7.9729,29.0951
MRM,Ore,8.4,May,0.958,0.6178,562.8909032,37.068,7.5509,29.5171
MRM,Ore,8.4,Jun,0.958,0.6178,562.8909032,37.068,7.74,29.328
MRM,Ore,8.4,Jul,0.958,0.6178,562.8909032,37.068,7.7183,29.3497
MRM,Ore,8.4,Aug,0.958,0.6178,562.8909032,37.068,7.8197,29.2483
MRM,Ore,8.4,Sep,0.958,0.6178,562.8909032,37.068,7.734,29.334
MRM,Ore,8.4,Oct,0.987,0.6178,579.9303982,37.068,7.185,29.883
MRM,Ore,8.4,Nov,1.027,0.6178,603.4331499,37.068,7.2715,29.7965
MRM,Ore,8.4,Dec,1.07,0.6178,628.698608,37.068,7.2057,29.8623
MRM,Ore,8.5,Jan,1.07,0.6218,624.6542297,37.308,7.9099,29.3981
MRM,Ore,8.5,Feb,1.07,0.6218,624.6542297,37.308,8.3314,28.9766
MRM,Ore,8.5,Mar,1.027,0.6218,599.5513027,37.308,7.9672,29.3408
MRM,Ore,8.5,Apr,0.958,0.6218,559.2698617,37.308,7.9729,29.3351
MRM,Ore,8.5,May,0.958,0.6218,559.2698617,37.308,7.5509,29.7571
MRM,Ore,8.5,Jun,0.958,0.6218,559.2698617,37.308,7.74,29.568
MRM,Ore,8.5,Jul,0.958,0.6218,559.2698617,37.308,7.7183,29.5897
MRM,Ore,8.5,Aug,0.958,0.6218,559.2698617,37.308,7.8197,29.4883
MRM,Ore,8.5,Sep,0.958,0.6218,559.2698617,37.308,7.734,29.574
MRM,Ore,8.5,Oct,0.987,0.6218,576.1997427,37.308,7.185,30.123
MRM,Ore,8.5,Nov,1.027,0.6218,599.5513027,37.308,7.2715,30.0365
MRM,Ore,8.5,Dec,1.07,0.6218,624.6542297,37.308,7.2057,30.1023
MRM,Ore,8.6,Jan,1.07,0.6258,620.6615532,37.548,7.9099,29.6381
MRM,Ore,8.6,Feb,1.07,0.6258,620.6615532,37.548,8.3314,29.2166
MRM,Ore,8.6,Mar,1.027,0.6258,595.7190796,37.548,7.9672,29.5808
MRM,Ore,8.6,Apr,0.958,0.6258,555.6951103,37.548,7.9729,29.5751
MRM,Ore,8.6,May,0.958,0.6258,555.6951103,37.548,7.5509,29.9971
MRM,Ore,8.6,Jun,0.958,0.6258,555.6951103,37.548,7.74,29.808
MRM,Ore,8.6,Jul,0.958,0.6258,555.6951103,37.548,7.7183,29.8297
MRM,Ore,8.6,Aug,0.958,0.6258,555.6951103,37.548,7.8197,29.7283
MRM,Ore,8.6,Sep,0.958,0.6258,555.6951103,37.548,7.734,29.814
MRM,Ore,8.6,Oct,0.987,0.6258,572.5167785,37.548,7.185,30.363
MRM,Ore,8.6,Nov,1.027,0.6258,595.7190796,37.548,7.2715,30.2765
MRM,Ore,8.6,Dec,1.07,0.6258,620.6615532,37.548,7.2057,30.3423
MRM,Ore,8.7,Jan,1.07,0.6298,616.7195935,37.788,7.9099,29.8781
MRM,Ore,8.7,Feb,1.07,0.6298,616.7195935,37.788,8.3314,29.4566
MRM,Ore,8.7,Mar,1.027,0.6298,591.9355351,37.788,7.9672,29.8208
MRM,Ore,8.7,Apr,0.958,0.6298,552.1657669,37.788,7.9729,29.8151
MRM,Ore,8.7,May,0.958,0.6298,552.1657669,37.788,7.5509,30.2371
MRM,Ore,8.7,Jun,0.958,0.6298,552.1657669,37.788,7.74,30.048
MRM,Ore,8.7,Jul,0.958,0.6298,552.1657669,37.788,7.7183,30.0697
MRM,Ore,8.7,Aug,0.958,0.6298,552.1657669,37.788,7.8197,29.9683
MRM,Ore,8.7,Sep,0.958,0.6298,552.1657669,37.788,7.734,30.054
MRM,Ore,8.7,Oct,0.987,0.6298,568.880597,37.788,7.185,30.603
MRM,Ore,8.7,Nov,1.027,0.6298,591.9355351,37.788,7.2715,30.5165
MRM,Ore,8.7,Dec,1.07,0.6298,616.7195935,37.788,7.2057,30.5823
MRM,Ore,8.8,Jan,1.07,0.6338,612.8273903,38.028,7.9099,30.1181
MRM,Ore,8.8,Feb,1.07,0.6338,612.8273903,38.028,8.3314,29.6966
MRM,Ore,8.8,Mar,1.027,0.6338,588.1997476,38.028,7.9672,30.0608
MRM,Ore,8.8,Apr,0.958,0.6338,548.6809719,38.028,7.9729,30.0551
MRM,Ore,8.8,May,0.958,0.6338,548.6809719,38.028,7.5509,30.4771
MRM,Ore,8.8,Jun,0.958,0.6338,548.6809719,38.028,7.74,30.288
MRM,Ore,8.8,Jul,0.958,0.6338,548.6809719,38.028,7.7183,30.3097
MRM,Ore,8.8,Aug,0.958,0.6338,548.6809719,38.028,7.8197,30.2083
MRM,Ore,8.8,Sep,0.958,0.6338,548.6809719,38.028,7.734,30.294
MRM,Ore,8.8,Oct,0.987,0.6338,565.2903124,38.028,7.185,30.843
MRM,Ore,8.8,Nov,1.027,0.6338,588.1997476,38.028,7.2715,30.7565
MRM,Ore,8.8,Dec,1.07,0.6338,612.8273903,38.028,7.2057,30.8223
MRM,Ore,8.9,Jan,1.07,0.6378,608.9840075,38.268,7.9099,30.3581
MRM,Ore,8.9,Feb,1.07,0.6378,608.9840075,38.268,8.3314,29.9366
MRM,Ore,8.9,Mar,1.027,0.6378,584.5108184,38.268,7.9672,30.3008
MRM,Ore,8.9,Apr,0.958,0.6378,545.2398871,38.268,7.9729,30.2951
MRM,Ore,8.9,May,0.958,0.6378,545.2398871,38.268,7.5509,30.7171
MRM,Ore,8.9,Jun,0.958,0.6378,545.2398871,38.268,7.74,30.528
MRM,Ore,8.9,Jul,0.958,0.6378,545.2398871,38.268,7.7183,30.5497
MRM,Ore,8.9,Aug,0.958,0.6378,545.2398871,38.268,7.8197,30.4483
MRM,Ore,8.9,Sep,0.958,0.6378,545.2398871,38.268,7.734,30.534
MRM,Ore,8.9,Oct,0.987,0.6378,561.7450611,38.268,7.185,31.083
MRM,Ore,8.9,Nov,1.027,0.6378,584.5108184,38.268,7.2715,30.9965
MRM,Ore,8.9,Dec,1.07,0.6378,608.9840075,38.268,7.2057,31.0623
MRM,Ore,9,Jan,1.07,0.6418,605.1885323,38.508,7.9099,30.5981
MRM,Ore,9,Feb,1.07,0.6418,605.1885323,38.508,8.3314,30.1766
MRM,Ore,9,Mar,1.027,0.6418,580.8678716,38.508,7.9672,30.5408
MRM,Ore,9,Apr,0.958,0.6418,541.8416952,38.508,7.9729,30.5351
MRM,Ore,9,May,0.958,0.6418,541.8416952,38.508,7.5509,30.9571
MRM,Ore,9,Jun,0.958,0.6418,541.8416952,38.508,7.74,30.768
MRM,Ore,9,Jul,0.958,0.6418,541.8416952,38.508,7.7183,30.7897
MRM,Ore,9,Aug,0.958,0.6418,541.8416952,38.508,7.8197,30.6883
MRM,Ore,9,Sep,0.958,0.6418,541.8416952,38.508,7.734,30.774
MRM,Ore,9,Oct,0.987,0.6418,558.2440012,38.508,7.185,31.323
MRM,Ore,9,Nov,1.027,0.6418,580.8678716,38.508,7.2715,31.2365
MRM,Ore,9,Dec,1.07,0.6418,605.1885323,38.508,7.2057,31.3023
MRM,Ore,9.1,Jan,1.07,0.6458,601.4400743,38.748,7.9099,30.8381
MRM,Ore,9.1,Feb,1.07,0.6458,601.4400743,38.748,8.3314,30.4166
MRM,Ore,9.1,Mar,1.027,0.6458,577.2700526,38.748,7.9672,30.7808
MRM,Ore,9.1,Apr,0.958,0.6458,538.4855993,38.748,7.9729,30.7751
MRM,Ore,9.1,May,0.958,0.6458,538.4855993,38.748,7.5509,31.1971
MRM,Ore,9.1,Jun,0.958,0.6458,538.4855993,38.748,7.74,31.008
MRM,Ore,9.1,Jul,0.958,0.6458,538.4855993,38.748,7.7183,31.0297
MRM,Ore,9.1,Aug,0.958,0.6458,538.4855993,38.748,7.8197,30.9283
MRM,Ore,9.1,Sep,0.958,0.6458,538.4855993,38.748,7.734,31.014
MRM,Ore,9.1,Oct,0.987,0.6458,554.7863116,38.748,7.185,31.563
MRM,Ore,9.1,Nov,1.027,0.6458,577.2700526,38.748,7.2715,31.4765
MRM,Ore,9.1,Dec,1.07,0.6458,601.4400743,38.748,7.2057,31.5423
MRM,Ore,9.2,Jan,1.07,0.6498,597.7377655,38.988,7.9099,31.0781
MRM,Ore,9.2,Feb,1.07,0.6498,597.7377655,38.988,8.3314,30.6566
MRM,Ore,9.2,Mar,1.027,0.6498,573.7165282,38.988,7.9672,31.0208
MRM,Ore,9.2,Apr,0.958,0.6498,535.1708218,38.988,7.9729,31.0151
MRM,Ore,9.2,May,0.958,0.6498,535.1708218,38.988,7.5509,31.4371
MRM,Ore,9.2,Jun,0.958,0.6498,535.1708218,38.988,7.74,31.248
MRM,Ore,9.2,Jul,0.958,0.6498,535.1708218,38.988,7.7183,31.2697
MRM,Ore,9.2,Aug,0.958,0.6498,535.1708218,38.988,7.8197,31.1683
MRM,Ore,9.2,Sep,0.958,0.6498,535.1708218,38.988,7.734,31.254
MRM,Ore,9.2,Oct,0.987,0.6498,551.3711911,38.988,7.185,31.803
MRM,Ore,9.2,Nov,1.027,0.6498,573.7165282,38.988,7.2715,31.7165
MRM,Ore,9.2,Dec,1.07,0.6498,597.7377655,38.988,7.2057,31.7823
MRM,Ore,9.3,Jan,1.07,0.6538,594.0807586,39.228,7.9099,31.3181
MRM,Ore,9.3,Feb,1.07,0.6538,594.0807586,39.228,8.3314,30.8966
MRM,Ore,9.3,Mar,1.027,0.6538,570.2064852,39.228,7.9672,31.2608
MRM,Ore,9.3,Apr,0.958,0.6538,531.8966045,39.228,7.9729,31.2551
MRM,Ore,9.3,May,0.958,0.6538,531.8966045,39.228,7.5509,31.6771
MRM,Ore,9.3,Jun,0.958,0.6538,531.8966045,39.228,7.74,31.488
MRM,Ore,9.3,Jul,0.958,0.6538,531.8966045,39.228,7.7183,31.5097
MRM,Ore,9.3,Aug,0.958,0.6538,531.8966045,39.228,7.8197,31.4083
MRM,Ore,9.3,Sep,0.958,0.6538,531.8966045,39.228,7.734,31.494
MRM,Ore,9.3,Oct,0.987,0.6538,547.9978587,39.228,7.185,32.043
MRM,Ore,9.3,Nov,1.027,0.6538,570.2064852,39.228,7.2715,31.9565
MRM,Ore,9.3,Dec,1.07,0.6538,594.0807586,39.228,7.2057,32.0223
MRM,Ore,9.4,Jan,1.07,0.6578,590.4682274,39.468,7.9099,31.5581
MRM,Ore,9.4,Feb,1.07,0.6578,590.4682274,39.468,8.3314,31.1366
MRM,Ore,9.4,Mar,1.027,0.6578,566.7391304,39.468,7.9672,31.5008
MRM,Ore,9.4,Apr,0.958,0.6578,528.6622074,39.468,7.9729,31.4951
MRM,Ore,9.4,May,0.958,0.6578,528.6622074,39.468,7.5509,31.9171
MRM,Ore,9.4,Jun,0.958,0.6578,528.6622074,39.468,7.74,31.728
MRM,Ore,9.4,Jul,0.958,0.6578,528.6622074,39.468,7.7183,31.7497
MRM,Ore,9.4,Aug,0.958,0.6578,528.6622074,39.468,7.8197,31.6483
MRM,Ore,9.4,Sep,0.958,0.6578,528.6622074,39.468,7.734,31.734
MRM,Ore,9.4,Oct,0.987,0.6578,544.6655518,39.468,7.185,32.283
MRM,Ore,9.4,Nov,1.027,0.6578,566.7391304,39.468,7.2715,32.1965
MRM,Ore,9.4,Dec,1.07,0.6578,590.4682274,39.468,7.2057,32.2623
MRM,Ore,9.5,Jan,1.07,0.6618,586.8993654,39.708,7.9099,31.7981
MRM,Ore,9.5,Feb,1.07,0.6618,586.8993654,39.708,8.3314,31.3766
MRM,Ore,9.5,Mar,1.027,0.6618,563.3136899,39.708,7.9672,31.7408
MRM,Ore,9.5,Apr,0.958,0.6618,525.4669084,39.708,7.9729,31.7351
MRM,Ore,9.5,May,0.958,0.6618,525.4669084,39.708,7.5509,32.1571
MRM,Ore,9.5,Jun,0.958,0.6618,525.4669084,39.708,7.74,31.968
MRM,Ore,9.5,Jul,0.958,0.6618,525.4669084,39.708,7.7183,31.9897
MRM,Ore,9.5,Aug,0.958,0.6618,525.4669084,39.708,7.8197,31.8883
MRM,Ore,9.5,Sep,0.958,0.6618,525.4669084,39.708,7.734,31.974
MRM,Ore,9.5,Oct,0.987,0.6618,541.3735267,39.708,7.185,32.523
MRM,Ore,9.5,Nov,1.027,0.6618,563.3136899,39.708,7.2715,32.4365
MRM,Ore,9.5,Dec,1.07,0.6618,586.8993654,39.708,7.2057,32.5023
MRM,Ore,9.6,Jan,1.07,0.6658,583.3733854,39.948,7.9099,32.0381
MRM,Ore,9.6,Feb,1.07,0.6658,583.3733854,39.948,8.3314,31.6166
MRM,Ore,9.6,Mar,1.027,0.6658,559.9294082,39.948,7.9672,31.9808
MRM,Ore,9.6,Apr,0.958,0.6658,522.310003,39.948,7.9729,31.9751
MRM,Ore,9.6,May,0.958,0.6658,522.310003,39.948,7.5509,32.3971
MRM,Ore,9.6,Jun,0.958,0.6658,522.310003,39.948,7.74,32.208
MRM,Ore,9.6,Jul,0.958,0.6658,522.310003,39.948,7.7183,32.2297
MRM,Ore,9.6,Aug,0.958,0.6658,522.310003,39.948,7.8197,32.1283
MRM,Ore,9.6,Sep,0.958,0.6658,522.310003,39.948,7.734,32.214
MRM,Ore,9.6,Oct,0.987,0.6658,538.1210574,39.948,7.185,32.763
MRM,Ore,9.6,Nov,1.027,0.6658,559.9294082,39.948,7.2715,32.6765
MRM,Ore,9.6,Dec,1.07,0.6658,583.3733854,39.948,7.2057,32.7423
MRM,Ore,9.7,Jan,1.07,0.6698,579.8895193,40.188,7.9099,32.2781
MRM,Ore,9.7,Feb,1.07,0.6698,579.8895193,40.188,8.3314,31.8566
MRM,Ore,9.7,Mar,1.027,0.6698,556.5855479,40.188,7.9672,32.2208
MRM,Ore,9.7,Apr,0.958,0.6698,519.1908032,40.188,7.9729,32.2151
MRM,Ore,9.7,May,0.958,0.6698,519.1908032,40.188,7.5509,32.6371
MRM,Ore,9.7,Jun,0.958,0.6698,519.1908032,40.188,7.74,32.448
MRM,Ore,9.7,Jul,0.958,0.6698,519.1908032,40.188,7.7183,32.4697
MRM,Ore,9.7,Aug,0.958,0.6698,519.1908032,40.188,7.8197,32.3683
MRM,Ore,9.7,Sep,0.958,0.6698,519.1908032,40.188,7.734,32.454
MRM,Ore,9.7,Oct,0.987,0.6698,534.9074351,40.188,7.185,33.003
MRM,Ore,9.7,Nov,1.027,0.6698,556.5855479,40.188,7.2715,32.9165
MRM,Ore,9.7,Dec,1.07,0.6698,579.8895193,40.188,7.2057,32.9823
MRM,Ore,9.8,Jan,1.07,0.6738,576.4470169,40.428,7.9099,32.5181
MRM,Ore,9.8,Feb,1.07,0.6738,576.4470169,40.428,8.3314,32.0966
MRM,Ore,9.8,Mar,1.027,0.6738,553.2813891,40.428,7.9672,32.4608
MRM,Ore,9.8,Apr,0.958,0.6738,516.1086376,40.428,7.9729,32.4551
MRM,Ore,9.8,May,0.958,0.6738,516.1086376,40.428,7.5509,32.8771
MRM,Ore,9.8,Jun,0.958,0.6738,516.1086376,40.428,7.74,32.688
MRM,Ore,9.8,Jul,0.958,0.6738,516.1086376,40.428,7.7183,32.7097
MRM,Ore,9.8,Aug,0.958,0.6738,516.1086376,40.428,7.8197,32.6083
MRM,Ore,9.8,Sep,0.958,0.6738,516.1086376,40.428,7.734,32.694
MRM,Ore,9.8,Oct,0.987,0.6738,531.7319679,40.428,7.185,33.243
MRM,Ore,9.8,Nov,1.027,0.6738,553.2813891,40.428,7.2715,33.1565
MRM,Ore,9.8,Dec,1.07,0.6738,576.4470169,40.428,7.2057,33.2223
MRM,Ore,9.9,Jan,1.07,0.6778,573.0451461,40.668,7.9099,32.7581
MRM,Ore,9.9,Feb,1.07,0.6778,573.0451461,40.668,8.3314,32.3366
MRM,Ore,9.9,Mar,1.027,0.6778,550.016229,40.668,7.9672,32.7008
MRM,Ore,9.9,Apr,0.958,0.6778,513.0628504,40.668,7.9729,32.6951
MRM,Ore,9.9,May,0.958,0.6778,513.0628504,40.668,7.5509,33.1171
MRM,Ore,9.9,Jun,0.958,0.6778,513.0628504,40.668,7.74,32.928
MRM,Ore,9.9,Jul,0.958,0.6778,513.0628504,40.668,7.7183,32.9497
MRM,Ore,9.9,Aug,0.958,0.6778,513.0628504,40.668,7.8197,32.8483
MRM,Ore,9.9,Sep,0.958,0.6778,513.0628504,40.668,7.734,32.934
MRM,Ore,9.9,Oct,0.987,0.6778,528.5939805,40.668,7.185,33.483
MRM,Ore,9.9,Nov,1.027,0.6778,550.016229,40.668,7.2715,33.3965
MRM,Ore,9.9,Dec,1.07,0.6778,573.0451461,40.668,7.2057,33.4623
MRM,Ore,10,Jan,1.07,0.6818,569.6831916,40.908,7.9099,32.9981
MRM,Ore,10,Feb,1.07,0.6818,569.6831916,40.908,8.3314,32.5766
MRM,Ore,10,Mar,1.027,0.6818,546.7893811,40.908,7.9672,32.9408
MRM,Ore,10,Apr,0.958,0.6818,510.0528014,40.908,7.9729,32.9351
MRM,Ore,10,May,0.958,0.6818,510.0528014,40.908,7.5509,33.3571
MRM,Ore,10,Jun,0.958,0.6818,510.0528014,40.908,7.74,33.168
MRM,Ore,10,Jul,0.958,0.6818,510.0528014,40.908,7.7183,33.1897
MRM,Ore,10,Aug,0.958,0.6818,510.0528014,40.908,7.8197,33.0883
MRM,Ore,10,Sep,0.958,0.6818,510.0528014,40.908,7.734,33.174
MRM,Ore,10,Oct,0.987,0.6818,525.4928131,40.908,7.185,33.723
MRM,Ore,10,Nov,1.027,0.6818,546.7893811,40.908,7.2715,33.6365
MRM,Ore,10,Dec,1.07,0.6818,569.6831916,40.908,7.2057,33.7023
MRM,Ore,10.1,Jan,1.07,0.6858,566.3604549,41.148,7.9099,33.2381
MRM,Ore,10.1,Feb,1.07,0.6858,566.3604549,41.148,8.3314,32.8166
MRM,Ore,10.1,Mar,1.027,0.6858,543.600175,41.148,7.9672,33.1808
MRM,Ore,10.1,Apr,0.958,0.6858,507.0778653,41.148,7.9729,33.1751
MRM,Ore,10.1,May,0.958,0.6858,507.0778653,41.148,7.5509,33.5971
MRM,Ore,10.1,Jun,0.958,0.6858,507.0778653,41.148,7.74,33.408
MRM,Ore,10.1,Jul,0.958,0.6858,507.0778653,41.148,7.7183,33.4297
MRM,Ore,10.1,Aug,0.958,0.6858,507.0778653,41.148,7.8197,33.3283
MRM,Ore,10.1,Sep,0.958,0.6858,507.0778653,41.148,7.734,33.414
MRM,Ore,10.1,Oct,0.987,0.6858,522.4278215,41.148,7.185,33.963
MRM,Ore,10.1,Nov,1.027,0.6858,543.600175,41.148,7.2715,33.8765
MRM,Ore,10.1,Dec,1.07,0.6858,566.3604549,41.148,7.2057,33.9423
MRM,Ore,10.2,Jan,1.07,0.6898,563.076254,41.388,7.9099,33.4781
MRM,Ore,10.2,Feb,1.07,0.6898,563.076254,41.388,8.3314,33.0566
MRM,Ore,10.2,Mar,1.027,0.6898,540.4479559,41.388,7.9672,33.4208
MRM,Ore,10.2,Apr,0.958,0.6898,504.1374311,41.388,7.9729,33.4151
MRM,Ore,10.2,May,0.958,0.6898,504.1374311,41.388,7.5509,33.8371
MRM,Ore,10.2,Jun,0.958,0.6898,504.1374311,41.388,7.74,33.648
MRM,Ore,10.2,Jul,0.958,0.6898,504.1374311,41.388,7.7183,33.6697
MRM,Ore,10.2,Aug,0.958,0.6898,504.1374311,41.388,7.8197,33.5683
MRM,Ore,10.2,Sep,0.958,0.6898,504.1374311,41.388,7.734,33.654
MRM,Ore,10.2,Oct,0.987,0.6898,519.3983763,41.388,7.185,34.203
MRM,Ore,10.2,Nov,1.027,0.6898,540.4479559,41.388,7.2715,34.1165
MRM,Ore,10.2,Dec,1.07,0.6898,563.076254,41.388,7.2057,34.1823
MRM,Ore,10.3,Jan,1.07,0.6938,559.8299222,41.628,7.9099,33.7181
MRM,Ore,10.3,Feb,1.07,0.6938,559.8299222,41.628,8.3314,33.2966
MRM,Ore,10.3,Mar,1.027,0.6938,537.3320842,41.628,7.9672,33.6608
MRM,Ore,10.3,Apr,0.958,0.6938,501.2309023,41.628,7.9729,33.6551
MRM,Ore,10.3,May,0.958,0.6938,501.2309023,41.628,7.5509,34.0771
MRM,Ore,10.3,Jun,0.958,0.6938,501.2309023,41.628,7.74,33.888
MRM,Ore,10.3,Jul,0.958,0.6938,501.2309023,41.628,7.7183,33.9097
MRM,Ore,10.3,Aug,0.958,0.6938,501.2309023,41.628,7.8197,33.8083
MRM,Ore,10.3,Sep,0.958,0.6938,501.2309023,41.628,7.734,33.894
MRM,Ore,10.3,Oct,0.987,0.6938,516.4038628,41.628,7.185,34.443
MRM,Ore,10.3,Nov,1.027,0.6938,537.3320842,41.628,7.2715,34.3565
MRM,Ore,10.3,Dec,1.07,0.6938,559.8299222,41.628,7.2057,34.4223
MRM,Ore,10.4,Jan,1.07,0.6978,556.6208083,41.868,7.9099,33.9581
MRM,Ore,10.4,Feb,1.07,0.6978,556.6208083,41.868,8.3314,33.5366
MRM,Ore,10.4,Mar,1.027,0.6978,534.2519347,41.868,7.9672,33.9008
MRM,Ore,10.4,Apr,0.958,0.6978,498.3576956,41.868,7.9729,33.8951
MRM,Ore,10.4,May,0.958,0.6978,498.3576956,41.868,7.5509,34.3171
MRM,Ore,10.4,Jun,0.958,0.6978,498.3576956,41.868,7.74,34.128
MRM,Ore,10.4,Jul,0.958,0.6978,498.3576956,41.868,7.7183,34.1497
MRM,Ore,10.4,Aug,0.958,0.6978,498.3576956,41.868,7.8197,34.0483
MRM,Ore,10.4,Sep,0.958,0.6978,498.3576956,41.868,7.734,34.134
MRM,Ore,10.4,Oct,0.987,0.6978,513.4436801,41.868,7.185,34.683
MRM,Ore,10.4,Nov,1.027,0.6978,534.2519347,41.868,7.2715,34.5965
MRM,Ore,10.4,Dec,1.07,0.6978,556.6208083,41.868,7.2057,34.6623
MRM,Ore,10.5,Jan,1.07,0.7018,553.4482759,42.108,7.9099,34.1981
MRM,Ore,10.5,Feb,1.07,0.7018,553.4482759,42.108,8.3314,33.7766
MRM,Ore,10.5,Mar,1.027,0.7018,531.2068966,42.108,7.9672,34.1408
MRM,Ore,10.5,Apr,0.958,0.7018,495.5172414,42.108,7.9729,34.1351
MRM,Ore,10.5,May,0.958,0.7018,495.5172414,42.108,7.5509,34.5571
MRM,Ore,10.5,Jun,0.958,0.7018,495.5172414,42.108,7.74,34.368
MRM,Ore,10.5,Jul,0.958,0.7018,495.5172414,42.108,7.7183,34.3897
MRM,Ore,10.5,Aug,0.958,0.7018,495.5172414,42.108,7.8197,34.2883
MRM,Ore,10.5,Sep,0.958,0.7018,495.5172414,42.108,7.734,34.374
MRM,Ore,10.5,Oct,0.987,0.7018,510.5172414,42.108,7.185,34.923
MRM,Ore,10.5,Nov,1.027,0.7018,531.2068966,42.108,7.2715,34.8365
MRM,Ore,10.5,Dec,1.07,0.7018,553.4482759,42.108,7.2057,34.9023
MRM,Ore,10.6,Jan,1.07,0.7058,550.311703,42.348,7.9099,34.4381
MRM,Ore,10.6,Feb,1.07,0.7058,550.311703,42.348,8.3314,34.0166
MRM,Ore,10.6,Mar,1.027,0.7058,528.1963729,42.348,7.9672,34.3808
MRM,Ore,10.6,Apr,0.958,0.7058,492.7089827,42.348,7.9729,34.3751
MRM,Ore,10.6,May,0.958,0.7058,492.7089827,42.348,7.5509,34.7971
MRM,Ore,10.6,Jun,0.958,0.7058,492.7089827,42.348,7.74,34.608
MRM,Ore,10.6,Jul,0.958,0.7058,492.7089827,42.348,7.7183,34.6297
MRM,Ore,10.6,Aug,0.958,0.7058,492.7089827,42.348,7.8197,34.5283
MRM,Ore,10.6,Sep,0.958,0.7058,492.7089827,42.348,7.734,34.614
MRM,Ore,10.6,Oct,0.987,0.7058,507.6239728,42.348,7.185,35.163
MRM,Ore,10.6,Nov,1.027,0.7058,528.1963729,42.348,7.2715,35.0765
MRM,Ore,10.6,Dec,1.07,0.7058,550.311703,42.348,7.2057,35.1423
MRM,Ore,10.7,Jan,1.07,0.7098,547.2104818,42.588,7.9099,34.6781
MRM,Ore,10.7,Feb,1.07,0.7098,547.2104818,42.588,8.3314,34.2566
MRM,Ore,10.7,Mar,1.027,0.7098,525.2197802,42.588,7.9672,34.6208
MRM,Ore,10.7,Apr,0.958,0.7098,489.9323753,42.588,7.9729,34.6151
MRM,Ore,10.7,May,0.958,0.7098,489.9323753,42.588,7.5509,35.0371
MRM,Ore,10.7,Jun,0.958,0.7098,489.9323753,42.588,7.74,34.848
MRM,Ore,10.7,Jul,0.958,0.7098,489.9323753,42.588,7.7183,34.8697
MRM,Ore,10.7,Aug,0.958,0.7098,489.9323753,42.588,7.8197,34.7683
MRM,Ore,10.7,Sep,0.958,0.7098,489.9323753,42.588,7.734,34.854
MRM,Ore,10.7,Oct,0.987,0.7098,504.7633136,42.588,7.185,35.403
MRM,Ore,10.7,Nov,1.027,0.7098,525.2197802,42.588,7.2715,35.3165
MRM,Ore,10.7,Dec,1.07,0.7098,547.2104818,42.588,7.2057,35.3823
MRM,Ore,10.8,Jan,1.07,0.7138,544.1440179,42.828,7.9099,34.9181
MRM,Ore,10.8,Feb,1.07,0.7138,544.1440179,42.828,8.3314,34.4966
MRM,Ore,10.8,Mar,1.027,0.7138,522.2765481,42.828,7.9672,34.8608
MRM,Ore,10.8,Apr,0.958,0.7138,487.1868871,42.828,7.9729,34.8551
MRM,Ore,10.8,May,0.958,0.7138,487.1868871,42.828,7.5509,35.2771
MRM,Ore,10.8,Jun,0.958,0.7138,487.1868871,42.828,7.74,35.088
MRM,Ore,10.8,Jul,0.958,0.7138,487.1868871,42.828,7.7183,35.1097
MRM,Ore,10.8,Aug,0.958,0.7138,487.1868871,42.828,7.8197,35.0083
MRM,Ore,10.8,Sep,0.958,0.7138,487.1868871,42.828,7.734,35.094
MRM,Ore,10.8,Oct,0.987,0.7138,501.9347156,42.828,7.185,35.643
MRM,Ore,10.8,Nov,1.027,0.7138,522.2765481,42.828,7.2715,35.5565
MRM,Ore,10.8,Dec,1.07,0.7138,544.1440179,42.828,7.2057,35.6223
MRM,Ore,10.9,Jan,1.07,0.7178,541.1117303,43.068,7.9099,35.1581
MRM,Ore,10.9,Feb,1.07,0.7178,541.1117303,43.068,8.3314,34.7366
MRM,Ore,10.9,Mar,1.027,0.7178,519.3661187,43.068,7.9672,35.1008
MRM,Ore,10.9,Apr,0.958,0.7178,484.4719978,43.068,7.9729,35.0951
MRM,Ore,10.9,May,0.958,0.7178,484.4719978,43.068,7.5509,35.5171
MRM,Ore,10.9,Jun,0.958,0.7178,484.4719978,43.068,7.74,35.328
MRM,Ore,10.9,Jul,0.958,0.7178,484.4719978,43.068,7.7183,35.3497
MRM,Ore,10.9,Aug,0.958,0.7178,484.4719978,43.068,7.8197,35.2483
MRM,Ore,10.9,Sep,0.958,0.7178,484.4719978,43.068,7.734,35.334
MRM,Ore,10.9,Oct,0.987,0.7178,499.1376428,43.068,7.185,35.883
MRM,Ore,10.9,Nov,1.027,0.7178,519.3661187,43.068,7.2715,35.7965
MRM,Ore,10.9,Dec,1.07,0.7178,541.1117303,43.068,7.2057,35.8623
MRM,Ore,11,Jan,1.07,0.7218,538.1130507,43.308,7.9099,35.3981
MRM,Ore,11,Feb,1.07,0.7218,538.1130507,43.308,8.3314,34.9766
MRM,Ore,11,Mar,1.027,0.7218,516.4879468,43.308,7.9672,35.3408
MRM,Ore,11,Apr,0.958,0.7218,481.7871987,43.308,7.9729,35.3351
MRM,Ore,11,May,0.958,0.7218,481.7871987,43.308,7.5509,35.7571
MRM,Ore,11,Jun,0.958,0.7218,481.7871987,43.308,7.74,35.568
MRM,Ore,11,Jul,0.958,0.7218,481.7871987,43.308,7.7183,35.5897
MRM,Ore,11,Aug,0.958,0.7218,481.7871987,43.308,7.8197,35.4883
MRM,Ore,11,Sep,0.958,0.7218,481.7871987,43.308,7.734,35.574
MRM,Ore,11,Oct,0.987,0.7218,496.3715711,43.308,7.185,36.123
MRM,Ore,11,Nov,1.027,0.7218,516.4879468,43.308,7.2715,36.0365
MRM,Ore,11,Dec,1.07,0.7218,538.1130507,43.308,7.2057,36.1023
MRM,Ore,11.1,Jan,1.07,0.7258,535.1474235,43.548,7.9099,35.6381
MRM,Ore,11.1,Feb,1.07,0.7258,535.1474235,43.548,8.3314,35.2166
MRM,Ore,11.1,Mar,1.027,0.7258,513.641499,43.548,7.9672,35.5808
MRM,Ore,11.1,Apr,0.958,0.7258,479.1319923,43.548,7.9729,35.5751
MRM,Ore,11.1,May,0.958,0.7258,479.1319923,43.548,7.5509,35.9971
MRM,Ore,11.1,Jun,0.958,0.7258,479.1319923,43.548,7.74,35.808
MRM,Ore,11.1,Jul,0.958,0.7258,479.1319923,43.548,7.7183,35.8297
MRM,Ore,11.1,Aug,0.958,0.7258,479.1319923,43.548,7.8197,35.7283
MRM,Ore,11.1,Sep,0.958,0.7258,479.1319923,43.548,7.734,35.814
MRM,Ore,11.1,Oct,0.987,0.7258,493.6359879,43.548,7.185,36.363
MRM,Ore,11.1,Nov,1.027,0.7258,513.641499,43.548,7.2715,36.2765
MRM,Ore,11.1,Dec,1.07,0.7258,535.1474235,43.548,7.2057,36.3423
MRM,Ore,11.2,Jan,1.07,0.7298,532.2143053,43.788,7.9099,35.8781
MRM,Ore,11.2,Feb,1.07,0.7298,532.2143053,43.788,8.3314,35.4566
MRM,Ore,11.2,Mar,1.027,0.7298,510.8262538,43.788,7.9672,35.8208
MRM,Ore,11.2,Apr,0.958,0.7298,476.505892,43.788,7.9729,35.8151
MRM,Ore,11.2,May,0.958,0.7298,476.505892,43.788,7.5509,36.2371
MRM,Ore,11.2,Jun,0.958,0.7298,476.505892,43.788,7.74,36.048
MRM,Ore,11.2,Jul,0.958,0.7298,476.505892,43.788,7.7183,36.0697
MRM,Ore,11.2,Aug,0.958,0.7298,476.505892,43.788,7.8197,35.9683
MRM,Ore,11.2,Sep,0.958,0.7298,476.505892,43.788,7.734,36.054
MRM,Ore,11.2,Oct,0.987,0.7298,490.9303919,43.788,7.185,36.603
MRM,Ore,11.2,Nov,1.027,0.7298,510.8262538,43.788,7.2715,36.5165
MRM,Ore,11.2,Dec,1.07,0.7298,532.2143053,43.788,7.2057,36.5823
MRM,Ore,11.3,Jan,1.07,0.7338,529.3131643,44.028,7.9099,36.1181
MRM,Ore,11.3,Feb,1.07,0.7338,529.3131643,44.028,8.3314,35.6966
MRM,Ore,11.3,Mar,1.027,0.7338,508.0417007,44.028,7.9672,36.0608
MRM,Ore,11.3,Apr,0.958,0.7338,473.9084219,44.028,7.9729,36.0551
MRM,Ore,11.3,May,0.958,0.7338,473.9084219,44.028,7.5509,36.4771
MRM,Ore,11.3,Jun,0.958,0.7338,473.9084219,44.028,7.74,36.288
MRM,Ore,11.3,Jul,0.958,0.7338,473.9084219,44.028,7.7183,36.3097
MRM,Ore,11.3,Aug,0.958,0.7338,473.9084219,44.028,7.8197,36.2083
MRM,Ore,11.3,Sep,0.958,0.7338,473.9084219,44.028,7.734,36.294
MRM,Ore,11.3,Oct,0.987,0.7338,488.2542927,44.028,7.185,36.843
MRM,Ore,11.3,Nov,1.027,0.7338,508.0417007,44.028,7.2715,36.7565
MRM,Ore,11.3,Dec,1.07,0.7338,529.3131643,44.028,7.2057,36.8223
MRM,Ore,11.4,Jan,1.07,0.7378,526.4434806,44.268,7.9099,36.3581
MRM,Ore,11.4,Feb,1.07,0.7378,526.4434806,44.268,8.3314,35.9366
MRM,Ore,11.4,Mar,1.027,0.7378,505.2873407,44.268,7.9672,36.3008
MRM,Ore,11.4,Apr,0.958,0.7378,471.3391163,44.268,7.9729,36.2951
MRM,Ore,11.4,May,0.958,0.7378,471.3391163,44.268,7.5509,36.7171
MRM,Ore,11.4,Jun,0.958,0.7378,471.3391163,44.268,7.74,36.528
MRM,Ore,11.4,Jul,0.958,0.7378,471.3391163,44.268,7.7183,36.5497
MRM,Ore,11.4,Aug,0.958,0.7378,471.3391163,44.268,7.8197,36.4483
MRM,Ore,11.4,Sep,0.958,0.7378,471.3391163,44.268,7.734,36.534
MRM,Ore,11.4,Oct,0.987,0.7378,485.6072106,44.268,7.185,37.083
MRM,Ore,11.4,Nov,1.027,0.7378,505.2873407,44.268,7.2715,36.9965
MRM,Ore,11.4,Dec,1.07,0.7378,526.4434806,44.268,7.2057,37.0623
MRM,Ore,11.5,Jan,1.07,0.7418,523.6047452,44.508,7.9099,36.5981
MRM,Ore,11.5,Feb,1.07,0.7418,523.6047452,44.508,8.3314,36.1766
MRM,Ore,11.5,Mar,1.027,0.7418,502.5626854,44.508,7.9672,36.5408
MRM,Ore,11.5,Apr,0.958,0.7418,468.7975195,44.508,7.9729,36.5351
MRM,Ore,11.5,May,0.958,0.7418,468.7975195,44.508,7.5509,36.9571
MRM,Ore,11.5,Jun,0.958,0.7418,468.7975195,44.508,7.74,36.768
MRM,Ore,11.5,Jul,0.958,0.7418,468.7975195,44.508,7.7183,36.7897
MRM,Ore,11.5,Aug,0.958,0.7418,468.7975195,44.508,7.8197,36.6883
MRM,Ore,11.5,Sep,0.958,0.7418,468.7975195,44.508,7.734,36.774
MRM,Ore,11.5,Oct,0.987,0.7418,482.9886762,44.508,7.185,37.323
MRM,Ore,11.5,Nov,1.027,0.7418,502.5626854,44.508,7.2715,37.2365
MRM,Ore,11.5,Dec,1.07,0.7418,523.6047452,44.508,7.2057,37.3023
MRM,Ore,11.6,Jan,1.07,0.7458,520.7964602,44.748,7.9099,36.8381
MRM,Ore,11.6,Feb,1.07,0.7458,520.7964602,44.748,8.3314,36.4166
MRM,Ore,11.6,Mar,1.027,0.7458,499.8672566,44.748,7.9672,36.7808
MRM,Ore,11.6,Apr,0.958,0.7458,466.2831858,44.748,7.9729,36.7751
MRM,Ore,11.6,May,0.958,0.7458,466.2831858,44.748,7.5509,37.1971
MRM,Ore,11.6,Jun,0.958,0.7458,466.2831858,44.748,7.74,37.008
MRM,Ore,11.6,Jul,0.958,0.7458,466.2831858,44.748,7.7183,37.0297
MRM,Ore,11.6,Aug,0.958,0.7458,466.2831858,44.748,7.8197,36.9283
MRM,Ore,11.6,Sep,0.958,0.7458,466.2831858,44.748,7.734,37.014
MRM,Ore,11.6,Oct,0.987,0.7458,480.3982301,44.748,7.185,37.563
MRM,Ore,11.6,Nov,1.027,0.7458,499.8672566,44.748,7.2715,37.4765
MRM,Ore,11.6,Dec,1.07,0.7458,520.7964602,44.748,7.2057,37.5423
MRM,Ore,11.7,Jan,1.07,0.7498,518.0181382,44.988,7.9099,37.0781
MRM,Ore,11.7,Feb,1.07,0.7498,518.0181382,44.988,8.3314,36.6566
MRM,Ore,11.7,Mar,1.027,0.7498,497.2005868,44.988,7.9672,37.0208
MRM,Ore,11.7,Apr,0.958,0.7498,463.7956788,44.988,7.9729,37.0151
MRM,Ore,11.7,May,0.958,0.7498,463.7956788,44.988,7.5509,37.4371
MRM,Ore,11.7,Jun,0.958,0.7498,463.7956788,44.988,7.74,37.248
MRM,Ore,11.7,Jul,0.958,0.7498,463.7956788,44.988,7.7183,37.2697
MRM,Ore,11.7,Aug,0.958,0.7498,463.7956788,44.988,7.8197,37.1683
MRM,Ore,11.7,Sep,0.958,0.7498,463.7956788,44.988,7.734,37.254
MRM,Ore,11.7,Oct,0.987,0.7498,477.8354228,44.988,7.185,37.803
MRM,Ore,11.7,Nov,1.027,0.7498,497.2005868,44.988,7.2715,37.7165
MRM,Ore,11.7,Dec,1.07,0.7498,518.0181382,44.988,7.2057,37.7823
MRM,Ore,11.8,Jan,1.07,0.7538,515.2693022,45.228,7.9099,37.3181
MRM,Ore,11.8,Feb,1.07,0.7538,515.2693022,45.228,8.3314,36.8966
MRM,Ore,11.8,Mar,1.027,0.7538,494.5622181,45.228,7.9672,37.2608
MRM,Ore,11.8,Apr,0.958,0.7538,461.3345715,45.228,7.9729,37.2551
MRM,Ore,11.8,May,0.958,0.7538,461.3345715,45.228,7.5509,37.6771
MRM,Ore,11.8,Jun,0.958,0.7538,461.3345715,45.228,7.74,37.488
MRM,Ore,11.8,Jul,0.958,0.7538,461.3345715,45.228,7.7183,37.5097
MRM,Ore,11.8,Aug,0.958,0.7538,461.3345715,45.228,7.8197,37.4083
MRM,Ore,11.8,Sep,0.958,0.7538,461.3345715,45.228,7.734,37.494
MRM,Ore,11.8,Oct,0.987,0.7538,475.2998143,45.228,7.185,38.043
MRM,Ore,11.8,Nov,1.027,0.7538,494.5622181,45.228,7.2715,37.9565
MRM,Ore,11.8,Dec,1.07,0.7538,515.2693022,45.228,7.2057,38.0223
MRM,Ore,11.9,Jan,1.07,0.7578,512.5494854,45.468,7.9099,37.5581
MRM,Ore,11.9,Feb,1.07,0.7578,512.5494854,45.468,8.3314,37.1366
MRM,Ore,11.9,Mar,1.027,0.7578,491.9517023,45.468,7.9672,37.5008
MRM,Ore,11.9,Apr,0.958,0.7578,458.8994458,45.468,7.9729,37.4951
MRM,Ore,11.9,May,0.958,0.7578,458.8994458,45.468,7.5509,37.9171
MRM,Ore,11.9,Jun,0.958,0.7578,458.8994458,45.468,7.74,37.728
MRM,Ore,11.9,Jul,0.958,0.7578,458.8994458,45.468,7.7183,37.7497
MRM,Ore,11.9,Aug,0.958,0.7578,458.8994458,45.468,7.8197,37.6483
MRM,Ore,11.9,Sep,0.958,0.7578,458.8994458,45.468,7.734,37.734
MRM,Ore,11.9,Oct,0.987,0.7578,472.7909739,45.468,7.185,38.283
MRM,Ore,11.9,Nov,1.027,0.7578,491.9517023,45.468,7.2715,38.1965
MRM,Ore,11.9,Dec,1.07,0.7578,512.5494854,45.468,7.2057,38.2623
MRM,Ore,12,Jan,1.07,0.7618,509.8582305,45.708,7.9099,37.7981
MRM,Ore,12,Feb,1.07,0.7618,509.8582305,45.708,8.3314,37.3766
MRM,Ore,12,Mar,1.027,0.7618,489.3686007,45.708,7.9672,37.7408
MRM,Ore,12,Apr,0.958,0.7618,456.4898924,45.708,7.9729,37.7351
MRM,Ore,12,May,0.958,0.7618,456.4898924,45.708,7.5509,38.1571
MRM,Ore,12,Jun,0.958,0.7618,456.4898924,45.708,7.74,37.968
MRM,Ore,12,Jul,0.958,0.7618,456.4898924,45.708,7.7183,37.9897
MRM,Ore,12,Aug,0.958,0.7618,456.4898924,45.708,7.8197,37.8883
MRM,Ore,12,Sep,0.958,0.7618,456.4898924,45.708,7.734,37.974
MRM,Ore,12,Oct,0.987,0.7618,470.3084799,45.708,7.185,38.523
MRM,Ore,12,Nov,1.027,0.7618,489.3686007,45.708,7.2715,38.4365
MRM,Ore,12,Dec,1.07,0.7618,509.8582305,45.708,7.2057,38.5023
MRM,Ore,12.1,Jan,1.07,0.7658,507.1950901,45.948,7.9099,38.0381
MRM,Ore,12.1,Feb,1.07,0.7658,507.1950901,45.948,8.3314,37.6166
MRM,Ore,12.1,Mar,1.027,0.7658,486.8124837,45.948,7.9672,37.9808
MRM,Ore,12.1,Apr,0.958,0.7658,454.1055106,45.948,7.9729,37.9751
MRM,Ore,12.1,May,0.958,0.7658,454.1055106,45.948,7.5509,38.3971
MRM,Ore,12.1,Jun,0.958,0.7658,454.1055106,45.948,7.74,38.208
MRM,Ore,12.1,Jul,0.958,0.7658,454.1055106,45.948,7.7183,38.2297
MRM,Ore,12.1,Aug,0.958,0.7658,454.1055106,45.948,7.8197,38.1283
MRM,Ore,12.1,Sep,0.958,0.7658,454.1055106,45.948,7.734,38.214
MRM,Ore,12.1,Oct,0.987,0.7658,467.8519196,45.948,7.185,38.763
MRM,Ore,12.1,Nov,1.027,0.7658,486.8124837,45.948,7.2715,38.6765
MRM,Ore,12.1,Dec,1.07,0.7658,507.1950901,45.948,7.2057,38.7423
MRM,Ore,12.2,Jan,1.07,0.7698,504.5596259,46.188,7.9099,38.2781
MRM,Ore,12.2,Feb,1.07,0.7698,504.5596259,46.188,8.3314,37.8566
MRM,Ore,12.2,Mar,1.027,0.7698,484.2829306,46.188,7.9672,38.2208
MRM,Ore,12.2,Apr,0.958,0.7698,451.745908,46.188,7.9729,38.2151
MRM,Ore,12.2,May,0.958,0.7698,451.745908,46.188,7.5509,38.6371
MRM,Ore,12.2,Jun,0.958,0.7698,451.745908,46.188,7.74,38.448
MRM,Ore,12.2,Jul,0.958,0.7698,451.745908,46.188,7.7183,38.4697
MRM,Ore,12.2,Aug,0.958,0.7698,451.745908,46.188,7.8197,38.3683
MRM,Ore,12.2,Sep,0.958,0.7698,451.745908,46.188,7.734,38.454
MRM,Ore,12.2,Oct,0.987,0.7698,465.4208885,46.188,7.185,39.003
MRM,Ore,12.2,Nov,1.027,0.7698,484.2829306,46.188,7.2715,38.9165
MRM,Ore,12.2,Dec,1.07,0.7698,504.5596259,46.188,7.2057,38.9823
MRM,Ore,12.3,Jan,1.07,0.7738,501.9514086,46.428,7.9099,38.5181
MRM,Ore,12.3,Feb,1.07,0.7738,501.9514086,46.428,8.3314,38.0966
MRM,Ore,12.3,Mar,1.027,0.7738,481.7795296,46.428,7.9672,38.4608
MRM,Ore,12.3,Apr,0.958,0.7738,449.4107004,46.428,7.9729,38.4551
MRM,Ore,12.3,May,0.958,0.7738,449.4107004,46.428,7.5509,38.8771
MRM,Ore,12.3,Jun,0.958,0.7738,449.4107004,46.428,7.74,38.688
MRM,Ore,12.3,Jul,0.958,0.7738,449.4107004,46.428,7.7183,38.7097
MRM,Ore,12.3,Aug,0.958,0.7738,449.4107004,46.428,7.8197,38.6083
MRM,Ore,12.3,Sep,0.958,0.7738,449.4107004,46.428,7.734,38.694
MRM,Ore,12.3,Oct,0.987,0.7738,463.014991,46.428,7.185,39.243
MRM,Ore,12.3,Nov,1.027,0.7738,481.7795296,46.428,7.2715,39.1565
MRM,Ore,12.3,Dec,1.07,0.7738,501.9514086,46.428,7.2057,39.2223
MRM,Ore,12.4,Jan,1.07,0.7778,499.370018,46.668,7.9099,38.7581
MRM,Ore,12.4,Feb,1.07,0.7778,499.370018,46.668,8.3314,38.3366
MRM,Ore,12.4,Mar,1.027,0.7778,479.3018771,46.668,7.9672,38.7008
MRM,Ore,12.4,Apr,0.958,0.7778,447.0995114,46.668,7.9729,38.6951
MRM,Ore,12.4,May,0.958,0.7778,447.0995114,46.668,7.5509,39.1171
MRM,Ore,12.4,Jun,0.958,0.7778,447.0995114,46.668,7.74,38.928
MRM,Ore,12.4,Jul,0.958,0.7778,447.0995114,46.668,7.7183,38.9497
MRM,Ore,12.4,Aug,0.958,0.7778,447.0995114,46.668,7.8197,38.8483
MRM,Ore,12.4,Sep,0.958,0.7778,447.0995114,46.668,7.734,38.934
MRM,Ore,12.4,Oct,0.987,0.7778,460.633839,46.668,7.185,39.483
MRM,Ore,12.4,Nov,1.027,0.7778,479.3018771,46.668,7.2715,39.3965
MRM,Ore,12.4,Dec,1.07,0.7778,499.370018,46.668,7.2057,39.4623
MRM,Ore,12.5,Jan,1.07,0.7818,496.8150422,46.908,7.9099,38.9981
MRM,Ore,12.5,Feb,1.07,0.7818,496.8150422,46.908,8.3314,38.5766
MRM,Ore,12.5,Mar,1.027,0.7818,476.8495779,46.908,7.9672,38.9408
MRM,Ore,12.5,Apr,0.958,0.7818,444.8119724,46.908,7.9729,38.9351
MRM,Ore,12.5,May,0.958,0.7818,444.8119724,46.908,7.5509,39.3571
MRM,Ore,12.5,Jun,0.958,0.7818,444.8119724,46.908,7.74,39.168
MRM,Ore,12.5,Jul,0.958,0.7818,444.8119724,46.908,7.7183,39.1897
MRM,Ore,12.5,Aug,0.958,0.7818,444.8119724,46.908,7.8197,39.0883
MRM,Ore,12.5,Sep,0.958,0.7818,444.8119724,46.908,7.734,39.174
MRM,Ore,12.5,Oct,0.987,0.7818,458.277053,46.908,7.185,39.723
MRM,Ore,12.5,Nov,1.027,0.7818,476.8495779,46.908,7.2715,39.6365
MRM,Ore,12.5,Dec,1.07,0.7818,496.8150422,46.908,7.2057,39.7023
MRM,Ore,12.6,Jan,1.07,0.7858,494.2860779,47.148,7.9099,39.2381
MRM,Ore,12.6,Feb,1.07,0.7858,494.2860779,47.148,8.3314,38.8166
MRM,Ore,12.6,Mar,1.027,0.7858,474.4222448,47.148,7.9672,39.1808
MRM,Ore,12.6,Apr,0.958,0.7858,442.5477221,47.148,7.9729,39.1751
MRM,Ore,12.6,May,0.958,0.7858,442.5477221,47.148,7.5509,39.5971
MRM,Ore,12.6,Jun,0.958,0.7858,442.5477221,47.148,7.74,39.408
MRM,Ore,12.6,Jul,0.958,0.7858,442.5477221,47.148,7.7183,39.4297
MRM,Ore,12.6,Aug,0.958,0.7858,442.5477221,47.148,7.8197,39.3283
MRM,Ore,12.6,Sep,0.958,0.7858,442.5477221,47.148,7.734,39.414
MRM,Ore,12.6,Oct,0.987,0.7858,455.9442606,47.148,7.185,39.963
MRM,Ore,12.6,Nov,1.027,0.7858,474.4222448,47.148,7.2715,39.8765
MRM,Ore,12.6,Dec,1.07,0.7858,494.2860779,47.148,7.2057,39.9423
MRM,Ore,12.7,Jan,1.07,0.7898,491.7827298,47.388,7.9099,39.4781
MRM,Ore,12.7,Feb,1.07,0.7898,491.7827298,47.388,8.3314,39.0566
MRM,Ore,12.7,Mar,1.027,0.7898,472.0194986,47.388,7.9672,39.4208
MRM,Ore,12.7,Apr,0.958,0.7898,440.3064067,47.388,7.9729,39.4151
MRM,Ore,12.7,May,0.958,0.7898,440.3064067,47.388,7.5509,39.8371
MRM,Ore,12.7,Jun,0.958,0.7898,440.3064067,47.388,7.74,39.648
MRM,Ore,12.7,Jul,0.958,0.7898,440.3064067,47.388,7.7183,39.6697
MRM,Ore,12.7,Aug,0.958,0.7898,440.3064067,47.388,7.8197,39.5683
MRM,Ore,12.7,Sep,0.958,0.7898,440.3064067,47.388,7.734,39.654
MRM,Ore,12.7,Oct,0.987,0.7898,453.6350975,47.388,7.185,40.203
MRM,Ore,12.7,Nov,1.027,0.7898,472.0194986,47.388,7.2715,40.1165
MRM,Ore,12.7,Dec,1.07,0.7898,491.7827298,47.388,7.2057,40.1823
MRM,Ore,12.8,Jan,1.07,0.7938,489.3046107,47.628,7.9099,39.7181
MRM,Ore,12.8,Feb,1.07,0.7938,489.3046107,47.628,8.3314,39.2966
MRM,Ore,12.8,Mar,1.027,0.7938,469.6409675,47.628,7.9672,39.6608
MRM,Ore,12.8,Apr,0.958,0.7938,438.0876795,47.628,7.9729,39.6551
MRM,Ore,12.8,May,0.958,0.7938,438.0876795,47.628,7.5509,40.0771
MRM,Ore,12.8,Jun,0.958,0.7938,438.0876795,47.628,7.74,39.888
MRM,Ore,12.8,Jul,0.958,0.7938,438.0876795,47.628,7.7183,39.9097
MRM,Ore,12.8,Aug,0.958,0.7938,438.0876795,47.628,7.8197,39.8083
MRM,Ore,12.8,Sep,0.958,0.7938,438.0876795,47.628,7.734,39.894
MRM,Ore,12.8,Oct,0.987,0.7938,451.3492063,47.628,7.185,40.443
MRM,Ore,12.8,Nov,1.027,0.7938,469.6409675,47.628,7.2715,40.3565
MRM,Ore,12.8,Dec,1.07,0.7938,489.3046107,47.628,7.2057,40.4223
MRM,Ore,12.9,Jan,1.07,0.7978,486.8513412,47.868,7.9099,39.9581
MRM,Ore,12.9,Feb,1.07,0.7978,486.8513412,47.868,8.3314,39.5366
MRM,Ore,12.9,Mar,1.027,0.7978,467.2862873,47.868,7.9672,39.9008
MRM,Ore,12.9,Apr,0.958,0.7978,435.8912008,47.868,7.9729,39.8951
MRM,Ore,12.9,May,0.958,0.7978,435.8912008,47.868,7.5509,40.3171
MRM,Ore,12.9,Jun,0.958,0.7978,435.8912008,47.868,7.74,40.128
MRM,Ore,12.9,Jul,0.958,0.7978,435.8912008,47.868,7.7183,40.1497
MRM,Ore,12.9,Aug,0.958,0.7978,435.8912008,47.868,7.8197,40.0483
MRM,Ore,12.9,Sep,0.958,0.7978,435.8912008,47.868,7.734,40.134
MRM,Ore,12.9,Oct,0.987,0.7978,449.0862372,47.868,7.185,40.683
MRM,Ore,12.9,Nov,1.027,0.7978,467.2862873,47.868,7.2715,40.5965
MRM,Ore,12.9,Dec,1.07,0.7978,486.8513412,47.868,7.2057,40.6623
MRM,Ore,13,Jan,1.07,0.8018,484.4225493,48.108,7.9099,40.1981
MRM,Ore,13,Feb,1.07,0.8018,484.4225493,48.108,8.3314,39.7766
MRM,Ore,13,Mar,1.027,0.8018,464.955101,48.108,7.9672,40.1408
MRM,Ore,13,Apr,0.958,0.8018,433.7166376,48.108,7.9729,40.1351
MRM,Ore,13,May,0.958,0.8018,433.7166376,48.108,7.5509,40.5571
MRM,Ore,13,Jun,0.958,0.8018,433.7166376,48.108,7.74,40.368
MRM,Ore,13,Jul,0.958,0.8018,433.7166376,48.108,7.7183,40.3897
MRM,Ore,13,Aug,0.958,0.8018,433.7166376,48.108,7.8197,40.2883
MRM,Ore,13,Sep,0.958,0.8018,433.7166376,48.108,7.734,40.374
MRM,Ore,13,Oct,0.987,0.8018,446.8458468,48.108,7.185,40.923
MRM,Ore,13,Nov,1.027,0.8018,464.955101,48.108,7.2715,40.8365
MRM,Ore,13,Dec,1.07,0.8018,484.4225493,48.108,7.2057,40.9023
MRM,Ore,13.1,Jan,1.07,0.8058,482.0178704,48.348,7.9099,40.4381
MRM,Ore,13.1,Feb,1.07,0.8058,482.0178704,48.348,8.3314,40.0166
MRM,Ore,13.1,Mar,1.027,0.8058,462.6470588,48.348,7.9672,40.3808
MRM,Ore,13.1,Apr,0.958,0.8058,431.5636634,48.348,7.9729,40.3751
MRM,Ore,13.1,May,0.958,0.8058,431.5636634,48.348,7.5509,40.7971
MRM,Ore,13.1,Jun,0.958,0.8058,431.5636634,48.348,7.74,40.608
MRM,Ore,13.1,Jul,0.958,0.8058,431.5636634,48.348,7.7183,40.6297
MRM,Ore,13.1,Aug,0.958,0.8058,431.5636634,48.348,7.8197,40.5283
MRM,Ore,13.1,Sep,0.958,0.8058,431.5636634,48.348,7.734,40.614
MRM,Ore,13.1,Oct,0.987,0.8058,444.6276992,48.348,7.185,41.163
MRM,Ore,13.1,Nov,1.027,0.8058,462.6470588,48.348,7.2715,41.0765
MRM,Ore,13.1,Dec,1.07,0.8058,482.0178704,48.348,7.2057,41.1423
MRM,Ore,13.2,Jan,1.07,0.8098,479.6369474,48.588,7.9099,40.6781
MRM,Ore,13.2,Feb,1.07,0.8098,479.6369474,48.588,8.3314,40.2566
MRM,Ore,13.2,Mar,1.027,0.8098,460.3618177,48.588,7.9672,40.6208
MRM,Ore,13.2,Apr,0.958,0.8098,429.4319585,48.588,7.9729,40.6151
MRM,Ore,13.2,May,0.958,0.8098,429.4319585,48.588,7.5509,41.0371
MRM,Ore,13.2,Jun,0.958,0.8098,429.4319585,48.588,7.74,40.848
MRM,Ore,13.2,Jul,0.958,0.8098,429.4319585,48.588,7.7183,40.8697
MRM,Ore,13.2,Aug,0.958,0.8098,429.4319585,48.588,7.8197,40.7683
MRM,Ore,13.2,Sep,0.958,0.8098,429.4319585,48.588,7.734,40.854
MRM,Ore,13.2,Oct,0.987,0.8098,442.4314646,48.588,7.185,41.403
MRM,Ore,13.2,Nov,1.027,0.8098,460.3618177,48.588,7.2715,41.3165
MRM,Ore,13.2,Dec,1.07,0.8098,479.6369474,48.588,7.2057,41.3823
MRM,Ore,13.3,Jan,1.07,0.8138,477.2794298,48.828,7.9099,40.9181
MRM,Ore,13.3,Feb,1.07,0.8138,477.2794298,48.828,8.3314,40.4966
MRM,Ore,13.3,Mar,1.027,0.8138,458.0990415,48.828,7.9672,40.8608
MRM,Ore,13.3,Apr,0.958,0.8138,427.3212091,48.828,7.9729,40.8551
MRM,Ore,13.3,May,0.958,0.8138,427.3212091,48.828,7.5509,41.2771
MRM,Ore,13.3,Jun,0.958,0.8138,427.3212091,48.828,7.74,41.088
MRM,Ore,13.3,Jul,0.958,0.8138,427.3212091,48.828,7.7183,41.1097
MRM,Ore,13.3,Aug,0.958,0.8138,427.3212091,48.828,7.8197,41.0083
MRM,Ore,13.3,Sep,0.958,0.8138,427.3212091,48.828,7.734,41.094
MRM,Ore,13.3,Oct,0.987,0.8138,440.2568199,48.828,7.185,41.643
MRM,Ore,13.3,Nov,1.027,0.8138,458.0990415,48.828,7.2715,41.5565
MRM,Ore,13.3,Dec,1.07,0.8138,477.2794298,48.828,7.2057,41.6223
MRM,Ore,13.4,Jan,1.07,0.8178,474.9449743,49.068,7.9099,41.1581
MRM,Ore,13.4,Feb,1.07,0.8178,474.9449743,49.068,8.3314,40.7366
MRM,Ore,13.4,Mar,1.027,0.8178,455.8584006,49.068,7.9672,41.1008
MRM,Ore,13.4,Apr,0.958,0.8178,425.2311079,49.068,7.9729,41.0951
MRM,Ore,13.4,May,0.958,0.8178,425.2311079,49.068,7.5509,41.5171
MRM,Ore,13.4,Jun,0.958,0.8178,425.2311079,49.068,7.74,41.328
MRM,Ore,13.4,Jul,0.958,0.8178,425.2311079,49.068,7.7183,41.3497
MRM,Ore,13.4,Aug,0.958,0.8178,425.2311079,49.068,7.8197,41.2483
MRM,Ore,13.4,Sep,0.958,0.8178,425.2311079,49.068,7.734,41.334
MRM,Ore,13.4,Oct,0.987,0.8178,438.1034483,49.068,7.185,41.883
MRM,Ore,13.4,Nov,1.027,0.8178,455.8584006,49.068,7.2715,41.7965
MRM,Ore,13.4,Dec,1.07,0.8178,474.9449743,49.068,7.2057,41.8623
MRM,Ore,13.5,Jan,1.07,0.8218,472.6332441,49.308,7.9099,41.3981
MRM,Ore,13.5,Feb,1.07,0.8218,472.6332441,49.308,8.3314,40.9766
MRM,Ore,13.5,Mar,1.027,0.8218,453.6395717,49.308,7.9672,41.3408
MRM,Ore,13.5,Apr,0.958,0.8218,423.1613531,49.308,7.9729,41.3351
MRM,Ore,13.5,May,0.958,0.8218,423.1613531,49.308,7.5509,41.7571
MRM,Ore,13.5,Jun,0.958,0.8218,423.1613531,49.308,7.74,41.568
MRM,Ore,13.5,Jul,0.958,0.8218,423.1613531,49.308,7.7183,41.5897
MRM,Ore,13.5,Aug,0.958,0.8218,423.1613531,49.308,7.8197,41.4883
MRM,Ore,13.5,Sep,0.958,0.8218,423.1613531,49.308,7.734,41.574
MRM,Ore,13.5,Oct,0.987,0.8218,435.9710392,49.308,7.185,42.123
MRM,Ore,13.5,Nov,1.027,0.8218,453.6395717,49.308,7.2715,42.0365
MRM,Ore,13.5,Dec,1.07,0.8218,472.6332441,49.308,7.2057,42.1023
MRM,Ore,13.6,Jan,1.07,0.8258,470.3439089,49.548,7.9099,41.6381
MRM,Ore,13.6,Feb,1.07,0.8258,470.3439089,49.548,8.3314,41.2166
MRM,Ore,13.6,Mar,1.027,0.8258,451.4422378,49.548,7.9672,41.5808
MRM,Ore,13.6,Apr,0.958,0.8258,421.1116493,49.548,7.9729,41.5751
MRM,Ore,13.6,May,0.958,0.8258,421.1116493,49.548,7.5509,41.9971
MRM,Ore,13.6,Jun,0.958,0.8258,421.1116493,49.548,7.74,41.808
MRM,Ore,13.6,Jul,0.958,0.8258,421.1116493,49.548,7.7183,41.8297
MRM,Ore,13.6,Aug,0.958,0.8258,421.1116493,49.548,7.8197,41.7283
MRM,Ore,13.6,Sep,0.958,0.8258,421.1116493,49.548,7.734,41.814
MRM,Ore,13.6,Oct,0.987,0.8258,433.859288,49.548,7.185,42.363
MRM,Ore,13.6,Nov,1.027,0.8258,451.4422378,49.548,7.2715,42.2765
MRM,Ore,13.6,Dec,1.07,0.8258,470.3439089,49.548,7.2057,42.3423
MRM,Ore,13.7,Jan,1.07,0.8298,468.076645,49.788,7.9099,41.8781
MRM,Ore,13.7,Feb,1.07,0.8298,468.076645,49.788,8.3314,41.4566
MRM,Ore,13.7,Mar,1.027,0.8298,449.2660882,49.788,7.9672,41.8208
MRM,Ore,13.7,Apr,0.958,0.8298,419.0817064,49.788,7.9729,41.8151
MRM,Ore,13.7,May,0.958,0.8298,419.0817064,49.788,7.5509,42.2371
MRM,Ore,13.7,Jun,0.958,0.8298,419.0817064,49.788,7.74,42.048
MRM,Ore,13.7,Jul,0.958,0.8298,419.0817064,49.788,7.7183,42.0697
MRM,Ore,13.7,Aug,0.958,0.8298,419.0817064,49.788,7.8197,41.9683
MRM,Ore,13.7,Sep,0.958,0.8298,419.0817064,49.788,7.734,42.054
MRM,Ore,13.7,Oct,0.987,0.8298,431.7678959,49.788,7.185,42.603
MRM,Ore,13.7,Nov,1.027,0.8298,449.2660882,49.788,7.2715,42.5165
MRM,Ore,13.7,Dec,1.07,0.8298,468.076645,49.788,7.2057,42.5823
MRM,Ore,13.8,Jan,1.07,0.8338,465.8311346,50.028,7.9099,42.1181
MRM,Ore,13.8,Feb,1.07,0.8338,465.8311346,50.028,8.3314,41.6966
MRM,Ore,13.8,Mar,1.027,0.8338,447.1108179,50.028,7.9672,42.0608
MRM,Ore,13.8,Apr,0.958,0.8338,417.0712401,50.028,7.9729,42.0551
MRM,Ore,13.8,May,0.958,0.8338,417.0712401,50.028,7.5509,42.4771
MRM,Ore,13.8,Jun,0.958,0.8338,417.0712401,50.028,7.74,42.288
MRM,Ore,13.8,Jul,0.958,0.8338,417.0712401,50.028,7.7183,42.3097
MRM,Ore,13.8,Aug,0.958,0.8338,417.0712401,50.028,7.8197,42.2083
MRM,Ore,13.8,Sep,0.958,0.8338,417.0712401,50.028,7.734,42.294
MRM,Ore,13.8,Oct,0.987,0.8338,429.6965699,50.028,7.185,42.843
MRM,Ore,13.8,Nov,1.027,0.8338,447.1108179,50.028,7.2715,42.7565
MRM,Ore,13.8,Dec,1.07,0.8338,465.8311346,50.028,7.2057,42.8223
MRM,Ore,13.9,Jan,1.07,0.8378,463.6070661,50.268,7.9099,42.3581
MRM,Ore,13.9,Feb,1.07,0.8378,463.6070661,50.268,8.3314,41.9366
MRM,Ore,13.9,Mar,1.027,0.8378,444.976128,50.268,7.9672,42.3008
MRM,Ore,13.9,Apr,0.958,0.8378,415.0799714,50.268,7.9729,42.2951
MRM,Ore,13.9,May,0.958,0.8378,415.0799714,50.268,7.5509,42.7171
MRM,Ore,13.9,Jun,0.958,0.8378,415.0799714,50.268,7.74,42.528
MRM,Ore,13.9,Jul,0.958,0.8378,415.0799714,50.268,7.7183,42.5497
MRM,Ore,13.9,Aug,0.958,0.8378,415.0799714,50.268,7.8197,42.4483
MRM,Ore,13.9,Sep,0.958,0.8378,415.0799714,50.268,7.734,42.534
MRM,Ore,13.9,Oct,0.987,0.8378,427.6450227,50.268,7.185,43.083
MRM,Ore,13.9,Nov,1.027,0.8378,444.976128,50.268,7.2715,42.9965
MRM,Ore,13.9,Dec,1.07,0.8378,463.6070661,50.268,7.2057,43.0623
MRM,Ore,14,Jan,1.07,0.8418,461.404134,50.508,7.9099,42.5981
MRM,Ore,14,Feb,1.07,0.8418,461.404134,50.508,8.3314,42.1766
MRM,Ore,14,Mar,1.027,0.8418,442.8617249,50.508,7.9672,42.5408
MRM,Ore,14,Apr,0.958,0.8418,413.1076265,50.508,7.9729,42.5351
MRM,Ore,14,May,0.958,0.8418,413.1076265,50.508,7.5509,42.9571
MRM,Ore,14,Jun,0.958,0.8418,413.1076265,50.508,7.74,42.768
MRM,Ore,14,Jul,0.958,0.8418,413.1076265,50.508,7.7183,42.7897
MRM,Ore,14,Aug,0.958,0.8418,413.1076265,50.508,7.8197,42.6883
MRM,Ore,14,Sep,0.958,0.8418,413.1076265,50.508,7.734,42.774
MRM,Ore,14,Oct,0.987,0.8418,425.6129722,50.508,7.185,43.323
MRM,Ore,14,Nov,1.027,0.8418,442.8617249,50.508,7.2715,43.2365
MRM,Ore,14,Dec,1.07,0.8418,461.404134,50.508,7.2057,43.3023
MRM,Ore,14.1,Jan,1.07,0.8458,459.2220383,50.748,7.9099,42.8381
MRM,Ore,14.1,Feb,1.07,0.8458,459.2220383,50.748,8.3314,42.4166
MRM,Ore,14.1,Mar,1.027,0.8458,440.7673209,50.748,7.9672,42.7808
MRM,Ore,14.1,Apr,0.958,0.8458,411.1539371,50.748,7.9729,42.7751
MRM,Ore,14.1,May,0.958,0.8458,411.1539371,50.748,7.5509,43.1971
MRM,Ore,14.1,Jun,0.958,0.8458,411.1539371,50.748,7.74,43.008
MRM,Ore,14.1,Jul,0.958,0.8458,411.1539371,50.748,7.7183,43.0297
MRM,Ore,14.1,Aug,0.958,0.8458,411.1539371,50.748,7.8197,42.9283
MRM,Ore,14.1,Sep,0.958,0.8458,411.1539371,50.748,7.734,43.014
MRM,Ore,14.1,Oct,0.987,0.8458,423.6001419,50.748,7.185,43.563
MRM,Ore,14.1,Nov,1.027,0.8458,440.7673209,50.748,7.2715,43.4765
MRM,Ore,14.1,Dec,1.07,0.8458,459.2220383,50.748,7.2057,43.5423
MRM,Ore,14.2,Jan,1.07,0.8498,457.0604848,50.988,7.9099,43.0781
MRM,Ore,14.2,Feb,1.07,0.8498,457.0604848,50.988,8.3314,42.6566
MRM,Ore,14.2,Mar,1.027,0.8498,438.6926336,50.988,7.9672,43.0208
MRM,Ore,14.2,Apr,0.958,0.8498,409.2186397,50.988,7.9729,43.0151
MRM,Ore,14.2,May,0.958,0.8498,409.2186397,50.988,7.5509,43.4371
MRM,Ore,14.2,Jun,0.958,0.8498,409.2186397,50.988,7.74,43.248
MRM,Ore,14.2,Jul,0.958,0.8498,409.2186397,50.988,7.7183,43.2697
MRM,Ore,14.2,Aug,0.958,0.8498,409.2186397,50.988,7.8197,43.1683
MRM,Ore,14.2,Sep,0.958,0.8498,409.2186397,50.988,7.734,43.254
MRM,Ore,14.2,Oct,0.987,0.8498,421.6062603,50.988,7.185,43.803
MRM,Ore,14.2,Nov,1.027,0.8498,438.6926336,50.988,7.2715,43.7165
MRM,Ore,14.2,Dec,1.07,0.8498,457.0604848,50.988,7.2057,43.7823
MRM,Ore,14.3,Jan,1.07,0.8538,454.9191848,51.228,7.9099,43.3181
MRM,Ore,14.3,Feb,1.07,0.8538,454.9191848,51.228,8.3314,42.8966
MRM,Ore,14.3,Mar,1.027,0.8538,436.6373858,51.228,7.9672,43.2608
MRM,Ore,14.3,Apr,0.958,0.8538,407.3014758,51.228,7.9729,43.2551
MRM,Ore,14.3,May,0.958,0.8538,407.3014758,51.228,7.5509,43.6771
MRM,Ore,14.3,Jun,0.958,0.8538,407.3014758,51.228,7.74,43.488
MRM,Ore,14.3,Jul,0.958,0.8538,407.3014758,51.228,7.7183,43.5097
MRM,Ore,14.3,Aug,0.958,0.8538,407.3014758,51.228,7.8197,43.4083
MRM,Ore,14.3,Sep,0.958,0.8538,407.3014758,51.228,7.734,43.494
MRM,Ore,14.3,Oct,0.987,0.8538,419.6310611,51.228,7.185,44.043
MRM,Ore,14.3,Nov,1.027,0.8538,436.6373858,51.228,7.2715,43.9565
MRM,Ore,14.3,Dec,1.07,0.8538,454.9191848,51.228,7.2057,44.0223
MRM,Ore,14.4,Jan,1.07,0.8578,452.797855,51.468,7.9099,43.5581
MRM,Ore,14.4,Feb,1.07,0.8578,452.797855,51.468,8.3314,43.1366
MRM,Ore,14.4,Mar,1.027,0.8578,434.6013057,51.468,7.9672,43.5008
MRM,Ore,14.4,Apr,0.958,0.8578,405.4021917,51.468,7.9729,43.4951
MRM,Ore,14.4,May,0.958,0.8578,405.4021917,51.468,7.5509,43.9171
MRM,Ore,14.4,Jun,0.958,0.8578,405.4021917,51.468,7.74,43.728
MRM,Ore,14.4,Jul,0.958,0.8578,405.4021917,51.468,7.7183,43.7497
MRM,Ore,14.4,Aug,0.958,0.8578,405.4021917,51.468,7.8197,43.6483
MRM,Ore,14.4,Sep,0.958,0.8578,405.4021917,51.468,7.734,43.734
MRM,Ore,14.4,Oct,0.987,0.8578,417.674283,51.468,7.185,44.283
MRM,Ore,14.4,Nov,1.027,0.8578,434.6013057,51.468,7.2715,44.1965
MRM,Ore,14.4,Dec,1.07,0.8578,452.797855,51.468,7.2057,44.2623
MRM,Ore,14.5,Jan,1.07,0.8618,450.6962172,51.708,7.9099,43.7981
MRM,Ore,14.5,Feb,1.07,0.8618,450.6962172,51.708,8.3314,43.3766
MRM,Ore,14.5,Mar,1.027,0.8618,432.5841262,51.708,7.9672,43.7408
MRM,Ore,14.5,Apr,0.958,0.8618,403.5205384,51.708,7.9729,43.7351
MRM,Ore,14.5,May,0.958,0.8618,403.5205384,51.708,7.5509,44.1571
MRM,Ore,14.5,Jun,0.958,0.8618,403.5205384,51.708,7.74,43.968
MRM,Ore,14.5,Jul,0.958,0.8618,403.5205384,51.708,7.7183,43.9897
MRM,Ore,14.5,Aug,0.958,0.8618,403.5205384,51.708,7.8197,43.8883
MRM,Ore,14.5,Sep,0.958,0.8618,403.5205384,51.708,7.734,43.974
MRM,Ore,14.5,Oct,0.987,0.8618,415.7356695,51.708,7.185,44.523
MRM,Ore,14.5,Nov,1.027,0.8618,432.5841262,51.708,7.2715,44.4365
MRM,Ore,14.5,Dec,1.07,0.8618,450.6962172,51.708,7.2057,44.5023
MRM,Ore,14.6,Jan,1.07,0.8658,448.6139986,51.948,7.9099,44.0381
MRM,Ore,14.6,Feb,1.07,0.8658,448.6139986,51.948,8.3314,43.6166
MRM,Ore,14.6,Mar,1.027,0.8658,430.5855856,51.948,7.9672,43.9808
MRM,Ore,14.6,Apr,0.958,0.8658,401.6562717,51.948,7.9729,43.9751
MRM,Ore,14.6,May,0.958,0.8658,401.6562717,51.948,7.5509,44.3971
MRM,Ore,14.6,Jun,0.958,0.8658,401.6562717,51.948,7.74,44.208
MRM,Ore,14.6,Jul,0.958,0.8658,401.6562717,51.948,7.7183,44.2297
MRM,Ore,14.6,Aug,0.958,0.8658,401.6562717,51.948,7.8197,44.1283
MRM,Ore,14.6,Sep,0.958,0.8658,401.6562717,51.948,7.734,44.214
MRM,Ore,14.6,Oct,0.987,0.8658,413.8149688,51.948,7.185,44.763
MRM,Ore,14.6,Nov,1.027,0.8658,430.5855856,51.948,7.2715,44.6765
MRM,Ore,14.6,Dec,1.07,0.8658,448.6139986,51.948,7.2057,44.7423
MRM,Ore,14.7,Jan,1.07,0.8698,446.5509312,52.188,7.9099,44.2781
MRM,Ore,14.7,Feb,1.07,0.8698,446.5509312,52.188,8.3314,43.8566
MRM,Ore,14.7,Mar,1.027,0.8698,428.6054265,52.188,7.9672,44.2208
MRM,Ore,14.7,Apr,0.958,0.8698,399.8091515,52.188,7.9729,44.2151
MRM,Ore,14.7,May,0.958,0.8698,399.8091515,52.188,7.5509,44.6371
MRM,Ore,14.7,Jun,0.958,0.8698,399.8091515,52.188,7.74,44.448
MRM,Ore,14.7,Jul,0.958,0.8698,399.8091515,52.188,7.7183,44.4697
MRM,Ore,14.7,Aug,0.958,0.8698,399.8091515,52.188,7.8197,44.3683
MRM,Ore,14.7,Sep,0.958,0.8698,399.8091515,52.188,7.734,44.454
MRM,Ore,14.7,Oct,0.987,0.8698,411.9119338,52.188,7.185,45.003
MRM,Ore,14.7,Nov,1.027,0.8698,428.6054265,52.188,7.2715,44.9165
MRM,Ore,14.7,Dec,1.07,0.8698,446.5509312,52.188,7.2057,44.9823
MRM,Ore,14.8,Jan,1.07,0.8738,444.5067521,52.428,7.9099,44.5181
MRM,Ore,14.8,Feb,1.07,0.8738,444.5067521,52.428,8.3314,44.0966
MRM,Ore,14.8,Mar,1.027,0.8738,426.6433967,52.428,7.9672,44.4608
MRM,Ore,14.8,Apr,0.958,0.8738,397.9789425,52.428,7.9729,44.4551
MRM,Ore,14.8,May,0.958,0.8738,397.9789425,52.428,7.5509,44.8771
MRM,Ore,14.8,Jun,0.958,0.8738,397.9789425,52.428,7.74,44.688
MRM,Ore,14.8,Jul,0.958,0.8738,397.9789425,52.428,7.7183,44.7097
MRM,Ore,14.8,Aug,0.958,0.8738,397.9789425,52.428,7.8197,44.6083
MRM,Ore,14.8,Sep,0.958,0.8738,397.9789425,52.428,7.734,44.694
MRM,Ore,14.8,Oct,0.987,0.8738,410.0263218,52.428,7.185,45.243
MRM,Ore,14.8,Nov,1.027,0.8738,426.6433967,52.428,7.2715,45.1565
MRM,Ore,14.8,Dec,1.07,0.8738,444.5067521,52.428,7.2057,45.2223
MRM,Ore,14.9,Jan,1.07,0.8778,442.481203,52.668,7.9099,44.7581
MRM,Ore,14.9,Feb,1.07,0.8778,442.481203,52.668,8.3314,44.3366
MRM,Ore,14.9,Mar,1.027,0.8778,424.6992481,52.668,7.9672,44.7008
MRM,Ore,14.9,Apr,0.958,0.8778,396.1654135,52.668,7.9729,44.6951
MRM,Ore,14.9,May,0.958,0.8778,396.1654135,52.668,7.5509,45.1171
MRM,Ore,14.9,Jun,0.958,0.8778,396.1654135,52.668,7.74,44.928
MRM,Ore,14.9,Jul,0.958,0.8778,396.1654135,52.668,7.7183,44.9497
MRM,Ore,14.9,Aug,0.958,0.8778,396.1654135,52.668,7.8197,44.8483
MRM,Ore,14.9,Sep,0.958,0.8778,396.1654135,52.668,7.734,44.934
MRM,Ore,14.9,Oct,0.987,0.8778,408.1578947,52.668,7.185,45.483
MRM,Ore,14.9,Nov,1.027,0.8778,424.6992481,52.668,7.2715,45.3965
MRM,Ore,14.9,Dec,1.07,0.8778,442.481203,52.668,7.2057,45.4623
MRM,Ore,15,Jan,1.07,0.8818,440.4740304,52.908,7.9099,44.9981
MRM,Ore,15,Feb,1.07,0.8818,440.4740304,52.908,8.3314,44.5766
MRM,Ore,15,Mar,1.027,0.8818,422.7727376,52.908,7.9672,44.9408
MRM,Ore,15,Apr,0.958,0.8818,394.3683375,52.908,7.9729,44.9351
MRM,Ore,15,May,0.958,0.8818,394.3683375,52.908,7.5509,45.3571
MRM,Ore,15,Jun,0.958,0.8818,394.3683375,52.908,7.74,45.168
MRM,Ore,15,Jul,0.958,0.8818,394.3683375,52.908,7.7183,45.1897
MRM,Ore,15,Aug,0.958,0.8818,394.3683375,52.908,7.8197,45.0883
MRM,Ore,15,Sep,0.958,0.8818,394.3683375,52.908,7.734,45.174
MRM,Ore,15,Oct,0.987,0.8818,406.3064187,52.908,7.185,45.723
MRM,Ore,15,Nov,1.027,0.8818,422.7727376,52.908,7.2715,45.6365
MRM,Ore,15,Dec,1.07,0.8818,440.4740304,52.908,7.2057,45.7023
MRM,Ore,15.1,Jan,1.07,0.8858,438.4849853,53.148,7.9099,45.2381
MRM,Ore,15.1,Feb,1.07,0.8858,438.4849853,53.148,8.3314,44.8166
MRM,Ore,15.1,Mar,1.027,0.8858,420.8636261,53.148,7.9672,45.1808
MRM,Ore,15.1,Apr,0.958,0.8858,392.5874915,53.148,7.9729,45.1751
MRM,Ore,15.1,May,0.958,0.8858,392.5874915,53.148,7.5509,45.5971
MRM,Ore,15.1,Jun,0.958,0.8858,392.5874915,53.148,7.74,45.408
MRM,Ore,15.1,Jul,0.958,0.8858,392.5874915,53.148,7.7183,45.4297
MRM,Ore,15.1,Aug,0.958,0.8858,392.5874915,53.148,7.8197,45.3283
MRM,Ore,15.1,Sep,0.958,0.8858,392.5874915,53.148,7.734,45.414
MRM,Ore,15.1,Oct,0.987,0.8858,404.471664,53.148,7.185,45.963
MRM,Ore,15.1,Nov,1.027,0.8858,420.8636261,53.148,7.2715,45.8765
MRM,Ore,15.1,Dec,1.07,0.8858,438.4849853,53.148,7.2057,45.9423
MRM,Ore,15.2,Jan,1.07,0.8898,436.5138233,53.388,7.9099,45.4781
MRM,Ore,15.2,Feb,1.07,0.8898,436.5138233,53.388,8.3314,45.0566
MRM,Ore,15.2,Mar,1.027,0.8898,418.971679,53.388,7.9672,45.4208
MRM,Ore,15.2,Apr,0.958,0.8898,390.8226568,53.388,7.9729,45.4151
MRM,Ore,15.2,May,0.958,0.8898,390.8226568,53.388,7.5509,45.8371
MRM,Ore,15.2,Jun,0.958,0.8898,390.8226568,53.388,7.74,45.648
MRM,Ore,15.2,Jul,0.958,0.8898,390.8226568,53.388,7.7183,45.6697
MRM,Ore,15.2,Aug,0.958,0.8898,390.8226568,53.388,7.8197,45.5683
MRM,Ore,15.2,Sep,0.958,0.8898,390.8226568,53.388,7.734,45.654
MRM,Ore,15.2,Oct,0.987,0.8898,402.6534053,53.388,7.185,46.203
MRM,Ore,15.2,Nov,1.027,0.8898,418.971679,53.388,7.2715,46.1165
MRM,Ore,15.2,Dec,1.07,0.8898,436.5138233,53.388,7.2057,46.1823
MRM,Ore,15.3,Jan,1.07,0.8938,434.5603043,53.628,7.9099,45.7181
MRM,Ore,15.3,Feb,1.07,0.8938,434.5603043,53.628,8.3314,45.2966
MRM,Ore,15.3,Mar,1.027,0.8938,417.0966659,53.628,7.9672,45.6608
MRM,Ore,15.3,Apr,0.958,0.8938,389.0736183,53.628,7.9729,45.6551
MRM,Ore,15.3,May,0.958,0.8938,389.0736183,53.628,7.5509,46.0771
MRM,Ore,15.3,Jun,0.958,0.8938,389.0736183,53.628,7.74,45.888
MRM,Ore,15.3,Jul,0.958,0.8938,389.0736183,53.628,7.7183,45.9097
MRM,Ore,15.3,Aug,0.958,0.8938,389.0736183,53.628,7.8197,45.8083
MRM,Ore,15.3,Sep,0.958,0.8938,389.0736183,53.628,7.734,45.894
MRM,Ore,15.3,Oct,0.987,0.8938,400.8514209,53.628,7.185,46.443
MRM,Ore,15.3,Nov,1.027,0.8938,417.0966659,53.628,7.2715,46.3565
MRM,Ore,15.3,Dec,1.07,0.8938,434.5603043,53.628,7.2057,46.4223
MRM,Ore,15.4,Jan,1.07,0.8978,432.6241925,53.868,7.9099,45.9581
MRM,Ore,15.4,Feb,1.07,0.8978,432.6241925,53.868,8.3314,45.5366
MRM,Ore,15.4,Mar,1.027,0.8978,415.2383604,53.868,7.9672,45.9008
MRM,Ore,15.4,Apr,0.958,0.8978,387.3401648,53.868,7.9729,45.8951
MRM,Ore,15.4,May,0.958,0.8978,387.3401648,53.868,7.5509,46.3171
MRM,Ore,15.4,Jun,0.958,0.8978,387.3401648,53.868,7.74,46.128
MRM,Ore,15.4,Jul,0.958,0.8978,387.3401648,53.868,7.7183,46.1497
MRM,Ore,15.4,Aug,0.958,0.8978,387.3401648,53.868,7.8197,46.0483
MRM,Ore,15.4,Sep,0.958,0.8978,387.3401648,53.868,7.734,46.134
MRM,Ore,15.4,Oct,0.987,0.8978,399.0654934,53.868,7.185,46.683
MRM,Ore,15.4,Nov,1.027,0.8978,415.2383604,53.868,7.2715,46.5965
MRM,Ore,15.4,Dec,1.07,0.8978,432.6241925,53.868,7.2057,46.6623
MRM,Ore,15.5,Jan,1.07,0.9018,430.7052562,54.108,7.9099,46.1981
MRM,Ore,15.5,Feb,1.07,0.9018,430.7052562,54.108,8.3314,45.7766
MRM,Ore,15.5,Mar,1.027,0.9018,413.3965403,54.108,7.9672,46.1408
MRM,Ore,15.5,Apr,0.958,0.9018,385.6220892,54.108,7.9729,46.1351
MRM,Ore,15.5,May,0.958,0.9018,385.6220892,54.108,7.5509,46.5571
MRM,Ore,15.5,Jun,0.958,0.9018,385.6220892,54.108,7.74,46.368
MRM,Ore,15.5,Jul,0.958,0.9018,385.6220892,54.108,7.7183,46.3897
MRM,Ore,15.5,Aug,0.958,0.9018,385.6220892,54.108,7.8197,46.2883
MRM,Ore,15.5,Sep,0.958,0.9018,385.6220892,54.108,7.734,46.374
MRM,Ore,15.5,Oct,0.987,0.9018,397.2954092,54.108,7.185,46.923
MRM,Ore,15.5,Nov,1.027,0.9018,413.3965403,54.108,7.2715,46.8365
MRM,Ore,15.5,Dec,1.07,0.9018,430.7052562,54.108,7.2057,46.9023
MRM,Waste,0.5,Jan,1.07,0.257216181,1510.052746,15.43297084,7.3101,8.122870843
MRM,Waste,0.5,Feb,1.07,0.257216181,1510.052746,15.43297084,8.5839,6.849070843
MRM,Waste,0.5,Mar,1.027,0.257216181,1449.368383,15.43297084,8.4449,6.988070843
MRM,Waste,0.5,Apr,0.958,0.257216181,1351.99115,15.43297084,7.4474,7.985570843
MRM,Waste,0.5,May,0.958,0.257216181,1351.99115,15.43297084,7.2845,8.148470843
MRM,Waste,0.5,Jun,0.958,0.257216181,1351.99115,15.43297084,6.6787,8.754270843
MRM,Waste,0.5,Jul,0.958,0.257216181,1351.99115,15.43297084,6.4176,9.015370843
MRM,Waste,0.5,Aug,0.958,0.257216181,1351.99115,15.43297084,6.4107,9.022270843
MRM,Waste,0.5,Sep,0.958,0.257216181,1351.99115,15.43297084,5.9258,9.507170843
MRM,Waste,0.5,Oct,0.987,0.257216181,1392.917813,15.43297084,6.876,8.556970843
MRM,Waste,0.5,Nov,1.027,0.257216181,1449.368383,15.43297084,6.4353,8.997670843
MRM,Waste,0.5,Dec,1.07,0.257216181,1510.052746,15.43297084,6.6599,8.773070843
MRM,Waste,0.6,Jan,1.07,0.266717706,1456.258778,16.00306233,7.3101,8.69296233
MRM,Waste,0.6,Feb,1.07,0.266717706,1456.258778,16.00306233,8.5839,7.41916233
MRM,Waste,0.6,Mar,1.027,0.266717706,1397.736229,16.00306233,8.4449,7.55816233
MRM,Waste,0.6,Apr,0.958,0.266717706,1303.827953,16.00306233,7.4474,8.55566233
MRM,Waste,0.6,May,0.958,0.266717706,1303.827953,16.00306233,7.2845,8.71856233
MRM,Waste,0.6,Jun,0.958,0.266717706,1303.827953,16.00306233,6.6787,9.32436233
MRM,Waste,0.6,Jul,0.958,0.266717706,1303.827953,16.00306233,6.4176,9.58546233
MRM,Waste,0.6,Aug,0.958,0.266717706,1303.827953,16.00306233,6.4107,9.59236233
MRM,Waste,0.6,Sep,0.958,0.266717706,1303.827953,16.00306233,5.9258,10.07726233
MRM,Waste,0.6,Oct,0.987,0.266717706,1343.296649,16.00306233,6.876,9.12706233
MRM,Waste,0.6,Nov,1.027,0.266717706,1397.736229,16.00306233,6.4353,9.56776233
MRM,Waste,0.6,Dec,1.07,0.266717706,1456.258778,16.00306233,6.6599,9.34316233
MRM,Waste,0.7,Jan,1.07,0.275625069,1409.196925,16.53750415,7.3101,9.22740415
MRM,Waste,0.7,Feb,1.07,0.275625069,1409.196925,16.53750415,8.5839,7.95360415
MRM,Waste,0.7,Mar,1.027,0.275625069,1352.565647,16.53750415,8.4449,8.09260415
MRM,Waste,0.7,Apr,0.958,0.275625069,1261.6922,16.53750415,7.4474,9.09010415
MRM,Waste,0.7,May,0.958,0.275625069,1261.6922,16.53750415,7.2845,9.25300415
MRM,Waste,0.7,Jun,0.958,0.275625069,1261.6922,16.53750415,6.6787,9.85880415
MRM,Waste,0.7,Jul,0.958,0.275625069,1261.6922,16.53750415,6.4176,10.11990415
MRM,Waste,0.7,Aug,0.958,0.275625069,1261.6922,16.53750415,6.4107,10.12680415
MRM,Waste,0.7,Sep,0.958,0.275625069,1261.6922,16.53750415,5.9258,10.61170415
MRM,Waste,0.7,Oct,0.987,0.275625069,1299.885388,16.53750415,6.876,9.66150415
MRM,Waste,0.7,Nov,1.027,0.275625069,1352.565647,16.53750415,6.4353,10.10220415
MRM,Waste,0.7,Dec,1.07,0.275625069,1409.196925,16.53750415,6.6599,9.87760415
MRM,Waste,0.8,Jan,1.07,0.284053509,1367.383216,17.04321052,7.3101,9.733110516
MRM,Waste,0.8,Feb,1.07,0.284053509,1367.383216,17.04321052,8.5839,8.459310516
MRM,Waste,0.8,Mar,1.027,0.284053509,1312.432301,17.04321052,8.4449,8.598310516
MRM,Waste,0.8,Apr,0.958,0.284053509,1224.255253,17.04321052,7.4474,9.595810516
MRM,Waste,0.8,May,0.958,0.284053509,1224.255253,17.04321052,7.2845,9.758710516
MRM,Waste,0.8,Jun,0.958,0.284053509,1224.255253,17.04321052,6.6787,10.36451052
MRM,Waste,0.8,Jul,0.958,0.284053509,1224.255253,17.04321052,6.4176,10.62561052
MRM,Waste,0.8,Aug,0.958,0.284053509,1224.255253,17.04321052,6.4107,10.63251052
MRM,Waste,0.8,Sep,0.958,0.284053509,1224.255253,17.04321052,5.9258,11.11741052
MRM,Waste,0.8,Oct,0.987,0.284053509,1261.315172,17.04321052,6.876,10.16721052
MRM,Waste,0.8,Nov,1.027,0.284053509,1312.432301,17.04321052,6.4353,10.60791052
MRM,Waste,0.8,Dec,1.07,0.284053509,1367.383216,17.04321052,6.6599,10.38331052
MRM,Waste,0.9,Jan,1.07,0.292084435,1329.786712,17.52506608,7.3101,10.21496608
MRM,Waste,0.9,Feb,1.07,0.292084435,1329.786712,17.52506608,8.5839,8.941166081
MRM,Waste,0.9,Mar,1.027,0.292084435,1276.346685,17.52506608,8.4449,9.080166081
MRM,Waste,0.9,Apr,0.958,0.292084435,1190.594084,17.52506608,7.4474,10.07766608
MRM,Waste,0.9,May,0.958,0.292084435,1190.594084,17.52506608,7.2845,10.24056608
MRM,Waste,0.9,Jun,0.958,0.292084435,1190.594084,17.52506608,6.6787,10.84636608
MRM,Waste,0.9,Jul,0.958,0.292084435,1190.594084,17.52506608,6.4176,11.10746608
MRM,Waste,0.9,Aug,0.958,0.292084435,1190.594084,17.52506608,6.4107,11.11436608
MRM,Waste,0.9,Sep,0.958,0.292084435,1190.594084,17.52506608,5.9258,11.59926608
MRM,Waste,0.9,Oct,0.987,0.292084435,1226.635032,17.52506608,6.876,10.64906608
MRM,Waste,0.9,Nov,1.027,0.292084435,1276.346685,17.52506608,6.4353,11.08976608
MRM,Waste,0.9,Dec,1.07,0.292084435,1329.786712,17.52506608,6.6599,10.86516608
MRM,Waste,1,Jan,1.07,0.299778,1295.658788,17.98668,7.3101,10.67658
MRM,Waste,1,Feb,1.07,0.299778,1295.658788,17.98668,8.5839,9.40278
MRM,Waste,1,Mar,1.027,0.299778,1243.590257,17.98668,8.4449,9.54178
MRM,Waste,1,Apr,0.958,0.299778,1160.038428,17.98668,7.4474,10.53928
MRM,Waste,1,May,0.958,0.299778,1160.038428,17.98668,7.2845,10.70218
MRM,Waste,1,Jun,0.958,0.299778,1160.038428,17.98668,6.6787,11.30798
MRM,Waste,1,Jul,0.958,0.299778,1160.038428,17.98668,6.4176,11.56908
MRM,Waste,1,Aug,0.958,0.299778,1160.038428,17.98668,6.4107,11.57598
MRM,Waste,1,Sep,0.958,0.299778,1160.038428,17.98668,5.9258,12.06088
MRM,Waste,1,Oct,0.987,0.299778,1195.154414,17.98668,6.876,11.11068
MRM,Waste,1,Nov,1.027,0.299778,1243.590257,17.98668,6.4353,11.55138
MRM,Waste,1,Dec,1.07,0.299778,1295.658788,17.98668,6.6599,11.32678
MRM,Waste,1.1,Jan,1.07,0.307180209,1264.436929,18.43081254,7.3101,11.12071254
MRM,Waste,1.1,Feb,1.07,0.307180209,1264.436929,18.43081254,8.5839,9.84691254
MRM,Waste,1.1,Mar,1.027,0.307180209,1213.623108,18.43081254,8.4449,9.98591254
MRM,Waste,1.1,Apr,0.958,0.307180209,1132.084652,18.43081254,7.4474,10.98341254
MRM,Waste,1.1,May,0.958,0.307180209,1132.084652,18.43081254,7.2845,11.14631254
MRM,Waste,1.1,Jun,0.958,0.307180209,1132.084652,18.43081254,6.6787,11.75211254
MRM,Waste,1.1,Jul,0.958,0.307180209,1132.084652,18.43081254,6.4176,12.01321254
MRM,Waste,1.1,Aug,0.958,0.307180209,1132.084652,18.43081254,6.4107,12.02011254
MRM,Waste,1.1,Sep,0.958,0.307180209,1132.084652,18.43081254,5.9258,12.50501254
MRM,Waste,1.1,Oct,0.987,0.307180209,1166.354438,18.43081254,6.876,11.55481254
MRM,Waste,1.1,Nov,1.027,0.307180209,1213.623108,18.43081254,6.4353,11.99551254
MRM,Waste,1.1,Dec,1.07,0.307180209,1264.436929,18.43081254,6.6599,11.77091254
MRM,Waste,1.2,Jan,1.07,0.314327221,1235.686805,18.85963329,7.3101,11.54953329
MRM,Waste,1.2,Feb,1.07,0.314327221,1235.686805,18.85963329,8.5839,10.27573329
MRM,Waste,1.2,Mar,1.027,0.314327221,1186.028363,18.85963329,8.4449,10.41473329
MRM,Waste,1.2,Apr,0.958,0.314327221,1106.343887,18.85963329,7.4474,11.41223329
MRM,Waste,1.2,May,0.958,0.314327221,1106.343887,18.85963329,7.2845,11.57513329
MRM,Waste,1.2,Jun,0.958,0.314327221,1106.343887,18.85963329,6.6787,12.18093329
MRM,Waste,1.2,Jul,0.958,0.314327221,1106.343887,18.85963329,6.4176,12.44203329
MRM,Waste,1.2,Aug,0.958,0.314327221,1106.343887,18.85963329,6.4107,12.44893329
MRM,Waste,1.2,Sep,0.958,0.314327221,1106.343887,18.85963329,5.9258,12.93383329
MRM,Waste,1.2,Oct,0.987,0.314327221,1139.834464,18.85963329,6.876,11.98363329
MRM,Waste,1.2,Nov,1.027,0.314327221,1186.028363,18.85963329,6.4353,12.42433329
MRM,Waste,1.2,Dec,1.07,0.314327221,1235.686805,18.85963329,6.6599,12.19973329
MRM,Waste,1.3,Jan,1.07,0.321248099,1209.065521,19.27488594,7.3101,11.96478594
MRM,Waste,1.3,Feb,1.07,0.321248099,1209.065521,19.27488594,8.5839,10.69098594
MRM,Waste,1.3,Mar,1.027,0.321248099,1160.476906,19.27488594,8.4449,10.82998594
MRM,Waste,1.3,Apr,0.958,0.321248099,1082.50913,19.27488594,7.4474,11.82748594
MRM,Waste,1.3,May,0.958,0.321248099,1082.50913,19.27488594,7.2845,11.99038594
MRM,Waste,1.3,Jun,0.958,0.321248099,1082.50913,19.27488594,6.6787,12.59618594
MRM,Waste,1.3,Jul,0.958,0.321248099,1082.50913,19.27488594,6.4176,12.85728594
MRM,Waste,1.3,Aug,0.958,0.321248099,1082.50913,19.27488594,6.4107,12.86418594
MRM,Waste,1.3,Sep,0.958,0.321248099,1082.50913,19.27488594,5.9258,13.34908594
MRM,Waste,1.3,Oct,0.987,0.321248099,1115.278195,19.27488594,6.876,12.39888594
MRM,Waste,1.3,Nov,1.027,0.321248099,1160.476906,19.27488594,6.4353,12.83958594
MRM,Waste,1.3,Dec,1.07,0.321248099,1209.065521,19.27488594,6.6599,12.61498594
MRM,Waste,1.4,Jan,1.07,0.327966633,1184.297306,19.67799798,7.3101,12.36789798
MRM,Waste,1.4,Feb,1.07,0.327966633,1184.297306,19.67799798,8.5839,11.09409798
MRM,Waste,1.4,Mar,1.027,0.327966633,1136.70405,19.67799798,8.4449,11.23309798
MRM,Waste,1.4,Apr,0.958,0.327966633,1060.333476,19.67799798,7.4474,12.23059798
MRM,Waste,1.4,May,0.958,0.327966633,1060.333476,19.67799798,7.2845,12.39349798
MRM,Waste,1.4,Jun,0.958,0.327966633,1060.333476,19.67799798,6.6787,12.99929798
MRM,Waste,1.4,Jul,0.958,0.327966633,1060.333476,19.67799798,6.4176,13.26039798
MRM,Waste,1.4,Aug,0.958,0.327966633,1060.333476,19.67799798,6.4107,13.26729798
MRM,Waste,1.4,Sep,0.958,0.327966633,1060.333476,19.67799798,5.9258,13.75219798
MRM,Waste,1.4,Oct,0.987,0.327966633,1092.431253,19.67799798,6.876,12.80199798
MRM,Waste,1.4,Nov,1.027,0.327966633,1136.70405,19.67799798,6.4353,13.24269798
MRM,Waste,1.4,Dec,1.07,0.327966633,1184.297306,19.67799798,6.6599,13.01809798
MRM,Waste,1.5,Jan,1.07,0.334502607,1161.15687,20.07015642,7.3101,12.76005642
MRM,Waste,1.5,Feb,1.07,0.334502607,1161.15687,20.07015642,8.5839,11.48625642
MRM,Waste,1.5,Mar,1.027,0.334502607,1114.493556,20.07015642,8.4449,11.62525642
MRM,Waste,1.5,Apr,0.958,0.334502607,1039.615216,20.07015642,7.4474,12.62275642
MRM,Waste,1.5,May,0.958,0.334502607,1039.615216,20.07015642,7.2845,12.78565642
MRM,Waste,1.5,Jun,0.958,0.334502607,1039.615216,20.07015642,6.6787,13.39145642
MRM,Waste,1.5,Jul,0.958,0.334502607,1039.615216,20.07015642,6.4176,13.65255642
MRM,Waste,1.5,Aug,0.958,0.334502607,1039.615216,20.07015642,6.4107,13.65945642
MRM,Waste,1.5,Sep,0.958,0.334502607,1039.615216,20.07015642,5.9258,14.14435642
MRM,Waste,1.5,Oct,0.987,0.334502607,1071.085823,20.07015642,6.876,13.19415642
MRM,Waste,1.5,Nov,1.027,0.334502607,1114.493556,20.07015642,6.4353,13.63485642
MRM,Waste,1.5,Dec,1.07,0.334502607,1161.15687,20.07015642,6.6599,13.41025642
MRM,Waste,1.6,Jan,1.07,0.340872691,1139.457663,20.45236148,7.3101,13.14226148
MRM,Waste,1.6,Feb,1.07,0.340872691,1139.457663,20.45236148,8.5839,11.86846148
MRM,Waste,1.6,Mar,1.027,0.340872691,1093.666373,20.45236148,8.4449,12.00746148
MRM,Waste,1.6,Apr,0.958,0.340872691,1020.187328,20.45236148,7.4474,13.00496148
MRM,Waste,1.6,May,0.958,0.340872691,1020.187328,20.45236148,7.2845,13.16786148
MRM,Waste,1.6,Jun,0.958,0.340872691,1020.187328,20.45236148,6.6787,13.77366148
MRM,Waste,1.6,Jul,0.958,0.340872691,1020.187328,20.45236148,6.4176,14.03476148
MRM,Waste,1.6,Aug,0.958,0.340872691,1020.187328,20.45236148,6.4107,14.04166148
MRM,Waste,1.6,Sep,0.958,0.340872691,1020.187328,20.45236148,5.9258,14.52656148
MRM,Waste,1.6,Oct,0.987,0.340872691,1051.069825,20.45236148,6.876,13.57636148
MRM,Waste,1.6,Nov,1.027,0.340872691,1093.666373,20.45236148,6.4353,14.01706148
MRM,Waste,1.6,Dec,1.07,0.340872691,1139.457663,20.45236148,6.6599,13.79246148
MRM,Waste,1.7,Jan,1.07,0.347091096,1119.043399,20.82546576,7.3101,13.51536576
MRM,Waste,1.7,Feb,1.07,0.347091096,1119.043399,20.82546576,8.5839,12.24156576
MRM,Waste,1.7,Mar,1.027,0.347091096,1074.072496,20.82546576,8.4449,12.38056576
MRM,Waste,1.7,Apr,0.958,0.347091096,1001.909885,20.82546576,7.4474,13.37806576
MRM,Waste,1.7,May,0.958,0.347091096,1001.909885,20.82546576,7.2845,13.54096576
MRM,Waste,1.7,Jun,0.958,0.347091096,1001.909885,20.82546576,6.6787,14.14676576
MRM,Waste,1.7,Jul,0.958,0.347091096,1001.909885,20.82546576,6.4176,14.40786576
MRM,Waste,1.7,Aug,0.958,0.347091096,1001.909885,20.82546576,6.4107,14.41476576
MRM,Waste,1.7,Sep,0.958,0.347091096,1001.909885,20.82546576,5.9258,14.89966576
MRM,Waste,1.7,Oct,0.987,0.347091096,1032.239098,20.82546576,6.876,13.94946576
MRM,Waste,1.7,Nov,1.027,0.347091096,1074.072496,20.82546576,6.4353,14.39016576
MRM,Waste,1.7,Dec,1.07,0.347091096,1119.043399,20.82546576,6.6599,14.16556576
MRM,Waste,1.8,Jan,1.07,0.353170057,1099.781798,21.1902034,7.3101,13.8801034
MRM,Waste,1.8,Feb,1.07,0.353170057,1099.781798,21.1902034,8.5839,12.6063034
MRM,Waste,1.8,Mar,1.027,0.353170057,1055.58496,21.1902034,8.4449,12.7453034
MRM,Waste,1.8,Apr,0.958,0.353170057,984.6644511,21.1902034,7.4474,13.7428034
MRM,Waste,1.8,May,0.958,0.353170057,984.6644511,21.1902034,7.2845,13.9057034
MRM,Waste,1.8,Jun,0.958,0.353170057,984.6644511,21.1902034,6.6787,14.5115034
MRM,Waste,1.8,Jul,0.958,0.353170057,984.6644511,21.1902034,6.4176,14.7726034
MRM,Waste,1.8,Aug,0.958,0.353170057,984.6644511,21.1902034,6.4107,14.7795034
MRM,Waste,1.8,Sep,0.958,0.353170057,984.6644511,21.1902034,5.9258,15.2644034
MRM,Waste,1.8,Oct,0.987,0.353170057,1014.471621,21.1902034,6.876,14.3142034
MRM,Waste,1.8,Nov,1.027,0.353170057,1055.58496,21.1902034,6.4353,14.7549034
MRM,Waste,1.8,Dec,1.07,0.353170057,1099.781798,21.1902034,6.6599,14.5303034
MRM,Waste,1.9,Jan,1.07,0.359120202,1081.559873,21.54721212,7.3101,14.23711212
MRM,Waste,1.9,Feb,1.07,0.359120202,1081.559873,21.54721212,8.5839,12.96331212
MRM,Waste,1.9,Mar,1.027,0.359120202,1038.095317,21.54721212,8.4449,13.10231212
MRM,Waste,1.9,Apr,0.958,0.359120202,968.3498675,21.54721212,7.4474,14.09981212
MRM,Waste,1.9,May,0.958,0.359120202,968.3498675,21.54721212,7.2845,14.26271212
MRM,Waste,1.9,Jun,0.958,0.359120202,968.3498675,21.54721212,6.6787,14.86851212
MRM,Waste,1.9,Jul,0.958,0.359120202,968.3498675,21.54721212,6.4176,15.12961212
MRM,Waste,1.9,Aug,0.958,0.359120202,968.3498675,21.54721212,6.4107,15.13651212
MRM,Waste,1.9,Sep,0.958,0.359120202,968.3498675,21.54721212,5.9258,15.62141212
MRM,Waste,1.9,Oct,0.987,0.359120202,997.6631725,21.54721212,6.876,14.67121212
MRM,Waste,1.9,Nov,1.027,0.359120202,1038.095317,21.54721212,6.4353,15.11191212
MRM,Waste,1.9,Dec,1.07,0.359120202,1081.559873,21.54721212,6.6599,14.88731212
MRM,Waste,2,Jan,1.07,0.364950838,1064.280335,21.89705028,7.3101,14.58695028
MRM,Waste,2,Feb,1.07,0.364950838,1064.280335,21.89705028,8.5839,13.31315028
MRM,Waste,2,Mar,1.027,0.364950838,1021.51019,21.89705028,8.4449,13.45215028
MRM,Waste,2,Apr,0.958,0.364950838,952.8790286,21.89705028,7.4474,14.44965028
MRM,Waste,2,May,0.958,0.364950838,952.8790286,21.89705028,7.2845,14.61255028
MRM,Waste,2,Jun,0.958,0.364950838,952.8790286,21.89705028,6.6787,15.21835028
MRM,Waste,2,Jul,0.958,0.364950838,952.8790286,21.89705028,6.4176,15.47945028
MRM,Waste,2,Aug,0.958,0.364950838,952.8790286,21.89705028,6.4107,15.48635028
MRM,Waste,2,Sep,0.958,0.364950838,952.8790286,21.89705028,5.9258,15.97125028
MRM,Waste,2,Oct,0.987,0.364950838,981.7240096,21.89705028,6.876,15.02105028
MRM,Waste,2,Nov,1.027,0.364950838,1021.51019,21.89705028,6.4353,15.46175028
MRM,Waste,2,Dec,1.07,0.364950838,1064.280335,21.89705028,6.6599,15.23715028
MRM,Waste,2.1,Jan,1.07,0.37067017,1047.858801,22.24021021,7.3101,14.93011021
MRM,Waste,2.1,Feb,1.07,0.37067017,1047.858801,22.24021021,8.5839,13.65631021
MRM,Waste,2.1,Mar,1.027,0.37067017,1005.748587,22.24021021,8.4449,13.79531021
MRM,Waste,2.1,Apr,0.958,0.37067017,938.1763841,22.24021021,7.4474,14.79281021
MRM,Waste,2.1,May,0.958,0.37067017,938.1763841,22.24021021,7.2845,14.95571021
MRM,Waste,2.1,Jun,0.958,0.37067017,938.1763841,22.24021021,6.6787,15.56151021
MRM,Waste,2.1,Jul,0.958,0.37067017,938.1763841,22.24021021,6.4176,15.82261021
MRM,Waste,2.1,Aug,0.958,0.37067017,938.1763841,22.24021021,6.4107,15.82951021
MRM,Waste,2.1,Sep,0.958,0.37067017,938.1763841,22.24021021,5.9258,16.31441021
MRM,Waste,2.1,Oct,0.987,0.37067017,966.5762955,22.24021021,6.876,15.36421021
MRM,Waste,2.1,Nov,1.027,0.37067017,1005.748587,22.24021021,6.4353,15.80491021
MRM,Waste,2.1,Dec,1.07,0.37067017,1047.858801,22.24021021,6.6599,15.58031021
MRM,Waste,2.2,Jan,1.07,0.37628548,1032.2216,22.57712878,7.3101,15.26702878
MRM,Waste,2.2,Feb,1.07,0.37628548,1032.2216,22.57712878,8.5839,13.99322878
MRM,Waste,2.2,Mar,1.027,0.37628548,990.7397978,22.57712878,8.4449,14.13222878
MRM,Waste,2.2,Apr,0.958,0.37628548,924.175975,22.57712878,7.4474,15.12972878
MRM,Waste,2.2,May,0.958,0.37628548,924.175975,22.57712878,7.2845,15.29262878
MRM,Waste,2.2,Jun,0.958,0.37628548,924.175975,22.57712878,6.6787,15.89842878
MRM,Waste,2.2,Jul,0.958,0.37628548,924.175975,22.57712878,6.4176,16.15952878
MRM,Waste,2.2,Aug,0.958,0.37628548,924.175975,22.57712878,6.4107,16.16642878
MRM,Waste,2.2,Sep,0.958,0.37628548,924.175975,22.57712878,5.9258,16.65132878
MRM,Waste,2.2,Oct,0.987,0.37628548,952.1520745,22.57712878,6.876,15.70112878
MRM,Waste,2.2,Nov,1.027,0.37628548,990.7397978,22.57712878,6.4353,16.14182878
MRM,Waste,2.2,Dec,1.07,0.37628548,1032.2216,22.57712878,6.6599,15.91722878
MRM,Waste,2.3,Jan,1.07,0.381803264,1017.304033,22.90819582,7.3101,15.59809582
MRM,Waste,2.3,Feb,1.07,0.381803264,1017.304033,22.90819582,8.5839,14.32429582
MRM,Waste,2.3,Mar,1.027,0.381803264,976.4217214,22.90819582,8.4449,14.46329582
MRM,Waste,2.3,Apr,0.958,0.381803264,910.8198726,22.90819582,7.4474,15.46079582
MRM,Waste,2.3,May,0.958,0.381803264,910.8198726,22.90819582,7.2845,15.62369582
MRM,Waste,2.3,Jun,0.958,0.381803264,910.8198726,22.90819582,6.6787,16.22949582
MRM,Waste,2.3,Jul,0.958,0.381803264,910.8198726,22.90819582,6.4176,16.49059582
MRM,Waste,2.3,Aug,0.958,0.381803264,910.8198726,22.90819582,6.4107,16.49749582
MRM,Waste,2.3,Sep,0.958,0.381803264,910.8198726,22.90819582,5.9258,16.98239582
MRM,Waste,2.3,Oct,0.987,0.381803264,938.3916641,22.90819582,6.876,16.03219582
MRM,Waste,2.3,Nov,1.027,0.381803264,976.4217214,22.90819582,6.4353,16.47289582
MRM,Waste,2.3,Dec,1.07,0.381803264,1017.304033,22.90819582,6.6599,16.24829582
MRM,Waste,2.4,Jan,1.07,0.387229351,1003.048965,23.23376108,7.3101,15.92366108
MRM,Waste,2.4,Feb,1.07,0.387229351,1003.048965,23.23376108,8.5839,14.64986108
MRM,Waste,2.4,Mar,1.027,0.387229351,962.7395206,23.23376108,8.4449,14.78886108
MRM,Waste,2.4,Apr,0.958,0.387229351,898.0569238,23.23376108,7.4474,15.78636108
MRM,Waste,2.4,May,0.958,0.387229351,898.0569238,23.23376108,7.2845,15.94926108
MRM,Waste,2.4,Jun,0.958,0.387229351,898.0569238,23.23376108,6.6787,16.55506108
MRM,Waste,2.4,Jul,0.958,0.387229351,898.0569238,23.23376108,6.4176,16.81616108
MRM,Waste,2.4,Aug,0.958,0.387229351,898.0569238,23.23376108,6.4107,16.82306108
MRM,Waste,2.4,Sep,0.958,0.387229351,898.0569238,23.23376108,5.9258,17.30796108
MRM,Waste,2.4,Oct,0.987,0.387229351,925.242363,23.23376108,6.876,16.35776108
MRM,Waste,2.4,Nov,1.027,0.387229351,962.7395206,23.23376108,6.4353,16.79846108
MRM,Waste,2.4,Dec,1.07,0.387229351,1003.048965,23.23376108,6.6599,16.57386108
MRM,Waste,2.5,Jan,1.07,0.392568996,989.4056945,23.55413975,7.3101,16.24403975
MRM,Waste,2.5,Feb,1.07,0.392568996,989.4056945,23.55413975,8.5839,14.97023975
MRM,Waste,2.5,Mar,1.027,0.392568996,949.644531,23.55413975,8.4449,15.10923975
MRM,Waste,2.5,Apr,0.958,0.392568996,885.8417339,23.55413975,7.4474,16.10673975
MRM,Waste,2.5,May,0.958,0.392568996,885.8417339,23.55413975,7.2845,16.26963975
MRM,Waste,2.5,Jun,0.958,0.392568996,885.8417339,23.55413975,6.6787,16.87543975
MRM,Waste,2.5,Jul,0.958,0.392568996,885.8417339,23.55413975,6.4176,17.13653975
MRM,Waste,2.5,Aug,0.958,0.392568996,885.8417339,23.55413975,6.4107,17.14343975
MRM,Waste,2.5,Sep,0.958,0.392568996,885.8417339,23.55413975,5.9258,17.62833975
MRM,Waste,2.5,Oct,0.987,0.392568996,912.6574023,23.55413975,6.876,16.67813975
MRM,Waste,2.5,Nov,1.027,0.392568996,949.644531,23.55413975,6.4353,17.11883975
MRM,Waste,2.5,Dec,1.07,0.392568996,989.4056945,23.55413975,6.6599,16.89423975
MRM,Waste,2.6,Jan,1.07,0.397826953,976.3290213,23.8696172,7.3101,16.5595172
MRM,Waste,2.6,Feb,1.07,0.397826953,976.3290213,23.8696172,8.5839,15.2857172
MRM,Waste,2.6,Mar,1.027,0.397826953,937.093369,23.8696172,8.4449,15.4247172
MRM,Waste,2.6,Apr,0.958,0.397826953,874.133834,23.8696172,7.4474,16.4222172
MRM,Waste,2.6,May,0.958,0.397826953,874.133834,23.8696172,7.2845,16.5851172
MRM,Waste,2.6,Jun,0.958,0.397826953,874.133834,23.8696172,6.6787,17.1909172
MRM,Waste,2.6,Jul,0.958,0.397826953,874.133834,23.8696172,6.4176,17.4520172
MRM,Waste,2.6,Aug,0.958,0.397826953,874.133834,23.8696172,6.4107,17.4589172
MRM,Waste,2.6,Sep,0.958,0.397826953,874.133834,23.8696172,5.9258,17.9438172
MRM,Waste,2.6,Oct,0.987,0.397826953,900.5950879,23.8696172,6.876,16.9936172
MRM,Waste,2.6,Nov,1.027,0.397826953,937.093369,23.8696172,6.4353,17.4343172
MRM,Waste,2.6,Dec,1.07,0.397826953,976.3290213,23.8696172,6.6599,17.2097172
MRM,Waste,2.7,Jan,1.07,0.403007546,963.7784797,24.18045276,7.3101,16.87035276
MRM,Waste,2.7,Feb,1.07,0.403007546,963.7784797,24.18045276,8.5839,15.59655276
MRM,Waste,2.7,Mar,1.027,0.403007546,925.047195,24.18045276,8.4449,15.73555276
MRM,Waste,2.7,Apr,0.958,0.403007546,862.8969939,24.18045276,7.4474,16.73305276
MRM,Waste,2.7,May,0.958,0.403007546,862.8969939,24.18045276,7.2845,16.89595276
MRM,Waste,2.7,Jun,0.958,0.403007546,862.8969939,24.18045276,6.6787,17.50175276
MRM,Waste,2.7,Jul,0.958,0.403007546,862.8969939,24.18045276,6.4176,17.76285276
MRM,Waste,2.7,Aug,0.958,0.403007546,862.8969939,24.18045276,6.4107,17.76975276
MRM,Waste,2.7,Sep,0.958,0.403007546,862.8969939,24.18045276,5.9258,18.25465276
MRM,Waste,2.7,Oct,0.987,0.403007546,889.0180929,24.18045276,6.876,17.30445276
MRM,Waste,2.7,Nov,1.027,0.403007546,925.047195,24.18045276,6.4353,17.74515276
MRM,Waste,2.7,Dec,1.07,0.403007546,963.7784797,24.18045276,6.6599,17.52055276
MRM,Waste,2.8,Jan,1.07,0.408114717,951.7177007,24.48688302,7.3101,17.17678302
MRM,Waste,2.8,Feb,1.07,0.408114717,951.7177007,24.48688302,8.5839,15.90298302
MRM,Waste,2.8,Mar,1.027,0.408114717,913.4711015,24.48688302,8.4449,16.04198302
MRM,Waste,2.8,Apr,0.958,0.408114717,852.0986516,24.48688302,7.4474,17.03948302
MRM,Waste,2.8,May,0.958,0.408114717,852.0986516,24.48688302,7.2845,17.20238302
MRM,Waste,2.8,Jun,0.958,0.408114717,852.0986516,24.48688302,6.6787,17.80818302
MRM,Waste,2.8,Jul,0.958,0.408114717,852.0986516,24.48688302,6.4176,18.06928302
MRM,Waste,2.8,Aug,0.958,0.408114717,852.0986516,24.48688302,6.4107,18.07618302
MRM,Waste,2.8,Sep,0.958,0.408114717,852.0986516,24.48688302,5.9258,18.56108302
MRM,Waste,2.8,Oct,0.987,0.408114717,877.8928697,24.48688302,6.876,17.61088302
MRM,Waste,2.8,Nov,1.027,0.408114717,913.4711015,24.48688302,6.4353,18.05158302
MRM,Waste,2.8,Dec,1.07,0.408114717,951.7177007,24.48688302,6.6599,17.82698302
MRM,Waste,2.9,Jan,1.07,0.413152075,940.1138789,24.78912451,7.3101,17.47902451
MRM,Waste,2.9,Feb,1.07,0.413152075,940.1138789,24.78912451,8.5839,16.20522451
MRM,Waste,2.9,Mar,1.027,0.413152075,902.3336015,24.78912451,8.4449,16.34422451
MRM,Waste,2.9,Apr,0.958,0.413152075,841.7094355,24.78912451,7.4474,17.34172451
MRM,Waste,2.9,May,0.958,0.413152075,841.7094355,24.78912451,7.2845,17.50462451
MRM,Waste,2.9,Jun,0.958,0.413152075,841.7094355,24.78912451,6.6787,18.11042451
MRM,Waste,2.9,Jul,0.958,0.413152075,841.7094355,24.78912451,6.4176,18.37152451
MRM,Waste,2.9,Aug,0.958,0.413152075,841.7094355,24.78912451,6.4107,18.37842451
MRM,Waste,2.9,Sep,0.958,0.413152075,841.7094355,24.78912451,5.9258,18.86332451
MRM,Waste,2.9,Oct,0.987,0.413152075,867.1891574,24.78912451,6.876,17.91312451
MRM,Waste,2.9,Nov,1.027,0.413152075,902.3336015,24.78912451,6.4353,18.35382451
MRM,Waste,2.9,Dec,1.07,0.413152075,940.1138789,24.78912451,6.6599,18.12922451
MRM,Waste,3,Jan,1.07,0.418122935,928.9373231,25.0873761,7.3101,17.7772761
MRM,Waste,3,Feb,1.07,0.418122935,928.9373231,25.0873761,8.5839,16.5034761
MRM,Waste,3,Mar,1.027,0.418122935,891.606197,25.0873761,8.4449,16.6424761
MRM,Waste,3,Apr,0.958,0.418122935,831.7027622,25.0873761,7.4474,17.6399761
MRM,Waste,3,May,0.958,0.418122935,831.7027622,25.0873761,7.2845,17.8028761
MRM,Waste,3,Jun,0.958,0.418122935,831.7027622,25.0873761,6.6787,18.4086761
MRM,Waste,3,Jul,0.958,0.418122935,831.7027622,25.0873761,6.4176,18.6697761
MRM,Waste,3,Aug,0.958,0.418122935,831.7027622,25.0873761,6.4107,18.6766761
MRM,Waste,3,Sep,0.958,0.418122935,831.7027622,25.0873761,5.9258,19.1615761
MRM,Waste,3,Oct,0.987,0.418122935,856.8795681,25.0873761,6.876,18.2113761
MRM,Waste,3,Nov,1.027,0.418122935,891.606197,25.0873761,6.4353,18.6520761
MRM,Waste,3,Dec,1.07,0.418122935,928.9373231,25.0873761,6.6599,18.4274761
MRM,Waste,3.1,Jan,1.07,0.423030349,918.161076,25.38182091,7.3101,18.07172091
MRM,Waste,3.1,Feb,1.07,0.423030349,918.161076,25.38182091,8.5839,16.79792091
MRM,Waste,3.1,Mar,1.027,0.423030349,881.263014,25.38182091,8.4449,16.93692091
MRM,Waste,3.1,Apr,0.958,0.423030349,822.0544961,25.38182091,7.4474,17.93442091
MRM,Waste,3.1,May,0.958,0.423030349,822.0544961,25.38182091,7.2845,18.09732091
MRM,Waste,3.1,Jun,0.958,0.423030349,822.0544961,25.38182091,6.6787,18.70312091
MRM,Waste,3.1,Jul,0.958,0.423030349,822.0544961,25.38182091,6.4176,18.96422091
MRM,Waste,3.1,Aug,0.958,0.423030349,822.0544961,25.38182091,6.4107,18.97112091
MRM,Waste,3.1,Sep,0.958,0.423030349,822.0544961,25.38182091,5.9258,19.45602091
MRM,Waste,3.1,Oct,0.987,0.423030349,846.9392355,25.38182091,6.876,18.50582091
MRM,Waste,3.1,Nov,1.027,0.423030349,881.263014,25.38182091,6.4353,18.94652091
MRM,Waste,3.1,Dec,1.07,0.423030349,918.161076,25.38182091,6.6599,18.72192091
MRM,Waste,3.2,Jan,1.07,0.427877134,907.7605901,25.67262806,7.3101,18.36252806
MRM,Waste,3.2,Feb,1.07,0.427877134,907.7605901,25.67262806,8.5839,17.08872806
MRM,Waste,3.2,Mar,1.027,0.427877134,871.2804916,25.67262806,8.4449,17.22772806
MRM,Waste,3.2,Apr,0.958,0.427877134,812.7426591,25.67262806,7.4474,18.22522806
MRM,Waste,3.2,May,0.958,0.427877134,812.7426591,25.67262806,7.2845,18.38812806
MRM,Waste,3.2,Jun,0.958,0.427877134,812.7426591,25.67262806,6.6787,18.99392806
MRM,Waste,3.2,Jul,0.958,0.427877134,812.7426591,25.67262806,6.4176,19.25502806
MRM,Waste,3.2,Aug,0.958,0.427877134,812.7426591,25.67262806,6.4107,19.26192806
MRM,Waste,3.2,Sep,0.958,0.427877134,812.7426591,25.67262806,5.9258,19.74682806
MRM,Waste,3.2,Oct,0.987,0.427877134,837.3455162,25.67262806,6.876,18.79662806
MRM,Waste,3.2,Nov,1.027,0.427877134,871.2804916,25.67262806,6.4353,19.23732806
MRM,Waste,3.2,Dec,1.07,0.427877134,907.7605901,25.67262806,6.6599,19.01272806
MRM,Waste,3.3,Jan,1.07,0.432665902,897.7134503,25.95995414,7.3101,18.64985414
MRM,Waste,3.3,Feb,1.07,0.432665902,897.7134503,25.95995414,8.5839,17.37605414
MRM,Waste,3.3,Mar,1.027,0.432665902,861.6371154,25.95995414,8.4449,17.51505414
MRM,Waste,3.3,Apr,0.958,0.432665902,803.7471826,25.95995414,7.4474,18.51255414
MRM,Waste,3.3,May,0.958,0.432665902,803.7471826,25.95995414,7.2845,18.67545414
MRM,Waste,3.3,Jun,0.958,0.432665902,803.7471826,25.95995414,6.6787,19.28125414
MRM,Waste,3.3,Jul,0.958,0.432665902,803.7471826,25.95995414,6.4176,19.54235414
MRM,Waste,3.3,Aug,0.958,0.432665902,803.7471826,25.95995414,6.4107,19.54925414
MRM,Waste,3.3,Sep,0.958,0.432665902,803.7471826,25.95995414,5.9258,20.03415414
MRM,Waste,3.3,Oct,0.987,0.432665902,828.0777341,25.95995414,6.876,19.08395414
MRM,Waste,3.3,Nov,1.027,0.432665902,861.6371154,25.95995414,6.4353,19.52465414
MRM,Waste,3.3,Dec,1.07,0.432665902,897.7134503,25.95995414,6.6599,19.30005414
MRM,Waste,3.4,Jan,1.07,0.437399074,887.9991358,26.24394446,7.3101,18.93384446
MRM,Waste,3.4,Feb,1.07,0.437399074,887.9991358,26.24394446,8.5839,17.66004446
MRM,Waste,3.4,Mar,1.027,0.437399074,852.3131892,26.24394446,8.4449,17.79904446
MRM,Waste,3.4,Apr,0.958,0.437399074,795.0496935,26.24394446,7.4474,18.79654446
MRM,Waste,3.4,May,0.958,0.437399074,795.0496935,26.24394446,7.2845,18.95944446
MRM,Waste,3.4,Jun,0.958,0.437399074,795.0496935,26.24394446,6.6787,19.56524446
MRM,Waste,3.4,Jul,0.958,0.437399074,795.0496935,26.24394446,6.4176,19.82634446
MRM,Waste,3.4,Aug,0.958,0.437399074,795.0496935,26.24394446,6.4107,19.83324446
MRM,Waste,3.4,Sep,0.958,0.437399074,795.0496935,26.24394446,5.9258,20.31814446
MRM,Waste,3.4,Oct,0.987,0.437399074,819.1169598,26.24394446,6.876,19.36794446
MRM,Waste,3.4,Nov,1.027,0.437399074,852.3131892,26.24394446,6.4353,19.80864446
MRM,Waste,3.4,Dec,1.07,0.437399074,887.9991358,26.24394446,6.6599,19.58404446
MRM,Waste,3.5,Jan,1.07,0.442078904,878.5988132,26.52473421,7.3101,19.21463421
MRM,Waste,3.5,Feb,1.07,0.442078904,878.5988132,26.52473421,8.5839,17.94083421
MRM,Waste,3.5,Mar,1.027,0.442078904,843.2906365,26.52473421,8.4449,18.07983421
MRM,Waste,3.5,Apr,0.958,0.442078904,786.6333299,26.52473421,7.4474,19.07733421
MRM,Waste,3.5,May,0.958,0.442078904,786.6333299,26.52473421,7.2845,19.24023421
MRM,Waste,3.5,Jun,0.958,0.442078904,786.6333299,26.52473421,6.6787,19.84603421
MRM,Waste,3.5,Jul,0.958,0.442078904,786.6333299,26.52473421,6.4176,20.10713421
MRM,Waste,3.5,Aug,0.958,0.442078904,786.6333299,26.52473421,6.4107,20.11403421
MRM,Waste,3.5,Sep,0.958,0.442078904,786.6333299,26.52473421,5.9258,20.59893421
MRM,Waste,3.5,Oct,0.987,0.442078904,810.4458211,26.52473421,6.876,19.64873421
MRM,Waste,3.5,Nov,1.027,0.442078904,843.2906365,26.52473421,6.4353,20.08943421
MRM,Waste,3.5,Dec,1.07,0.442078904,878.5988132,26.52473421,6.6599,19.86483421
MRM,Waste,3.6,Jan,1.07,0.44670749,869.4951583,26.80244942,7.3101,19.49234942
MRM,Waste,3.6,Feb,1.07,0.44670749,869.4951583,26.80244942,8.5839,18.21854942
MRM,Waste,3.6,Mar,1.027,0.44670749,834.5528295,26.80244942,8.4449,18.35754942
MRM,Waste,3.6,Apr,0.958,0.44670749,778.482581,26.80244942,7.4474,19.35504942
MRM,Waste,3.6,May,0.958,0.44670749,778.482581,26.80244942,7.2845,19.51794942
MRM,Waste,3.6,Jun,0.958,0.44670749,778.482581,26.80244942,6.6787,20.12374942
MRM,Waste,3.6,Jul,0.958,0.44670749,778.482581,26.80244942,6.4176,20.38484942
MRM,Waste,3.6,Aug,0.958,0.44670749,778.482581,26.80244942,6.4107,20.39174942
MRM,Waste,3.6,Sep,0.958,0.44670749,778.482581,26.80244942,5.9258,20.87664942
MRM,Waste,3.6,Oct,0.987,0.44670749,802.0483376,26.80244942,6.876,19.92644942
MRM,Waste,3.6,Nov,1.027,0.44670749,834.5528295,26.80244942,6.4353,20.36714942
MRM,Waste,3.6,Dec,1.07,0.44670749,869.4951583,26.80244942,6.6599,20.14254942
MRM,Waste,3.7,Jan,1.07,0.451286796,860.6722004,27.07720778,7.3101,19.76710778
MRM,Waste,3.7,Feb,1.07,0.451286796,860.6722004,27.07720778,8.5839,18.49330778
MRM,Waste,3.7,Mar,1.027,0.451286796,826.0844391,27.07720778,8.4449,18.63230778
MRM,Waste,3.7,Apr,0.958,0.451286796,770.5831477,27.07720778,7.4474,19.62980778
MRM,Waste,3.7,May,0.958,0.451286796,770.5831477,27.07720778,7.2845,19.79270778
MRM,Waste,3.7,Jun,0.958,0.451286796,770.5831477,27.07720778,6.6787,20.39850778
MRM,Waste,3.7,Jul,0.958,0.451286796,770.5831477,27.07720778,6.4176,20.65960778
MRM,Waste,3.7,Aug,0.958,0.451286796,770.5831477,27.07720778,6.4107,20.66650778
MRM,Waste,3.7,Sep,0.958,0.451286796,770.5831477,27.07720778,5.9258,21.15140778
MRM,Waste,3.7,Oct,0.987,0.451286796,793.9097774,27.07720778,6.876,20.20120778
MRM,Waste,3.7,Nov,1.027,0.451286796,826.0844391,27.07720778,6.4353,20.64190778
MRM,Waste,3.7,Dec,1.07,0.451286796,860.6722004,27.07720778,6.6599,20.41730778
MRM,Waste,3.8,Jan,1.07,0.455818658,852.1151856,27.34911945,7.3101,20.03901945
MRM,Waste,3.8,Feb,1.07,0.455818658,852.1151856,27.34911945,8.5839,18.76521945
MRM,Waste,3.8,Mar,1.027,0.455818658,817.8713043,27.34911945,8.4449,18.90421945
MRM,Waste,3.8,Apr,0.958,0.455818658,762.9218204,27.34911945,7.4474,19.90171945
MRM,Waste,3.8,May,0.958,0.455818658,762.9218204,27.34911945,7.2845,20.06461945
MRM,Waste,3.8,Jun,0.958,0.455818658,762.9218204,27.34911945,6.6787,20.67041945
MRM,Waste,3.8,Jul,0.958,0.455818658,762.9218204,27.34911945,6.4176,20.93151945
MRM,Waste,3.8,Aug,0.958,0.455818658,762.9218204,27.34911945,6.4107,20.93841945
MRM,Waste,3.8,Sep,0.958,0.455818658,762.9218204,27.34911945,5.9258,21.42331945
MRM,Waste,3.8,Oct,0.987,0.455818658,786.016531,27.34911945,6.876,20.47311945
MRM,Waste,3.8,Nov,1.027,0.455818658,817.8713043,27.34911945,6.4353,20.91381945
MRM,Waste,3.8,Dec,1.07,0.455818658,852.1151856,27.34911945,6.6599,20.68921945
MRM,Waste,3.9,Jan,1.07,0.460304795,843.8104576,27.61828772,7.3101,20.30818772
MRM,Waste,3.9,Feb,1.07,0.460304795,843.8104576,27.61828772,8.5839,19.03438772
MRM,Waste,3.9,Mar,1.027,0.460304795,809.9003177,27.61828772,8.4449,19.17338772
MRM,Waste,3.9,Apr,0.958,0.460304795,755.4863723,27.61828772,7.4474,20.17088772
MRM,Waste,3.9,May,0.958,0.460304795,755.4863723,27.61828772,7.2845,20.33378772
MRM,Waste,3.9,Jun,0.958,0.460304795,755.4863723,27.61828772,6.6787,20.93958772
MRM,Waste,3.9,Jul,0.958,0.460304795,755.4863723,27.61828772,6.4176,21.20068772
MRM,Waste,3.9,Aug,0.958,0.460304795,755.4863723,27.61828772,6.4107,21.20758772
MRM,Waste,3.9,Sep,0.958,0.460304795,755.4863723,27.61828772,5.9258,21.69248772
MRM,Waste,3.9,Oct,0.987,0.460304795,778.3560015,27.61828772,6.876,20.74228772
MRM,Waste,3.9,Nov,1.027,0.460304795,809.9003177,27.61828772,6.4353,21.18298772
MRM,Waste,3.9,Dec,1.07,0.460304795,843.8104576,27.61828772,6.6599,20.95838772
MRM,Waste,4,Jan,1.07,0.464746826,835.7453524,27.88480957,7.3101,20.57470957
MRM,Waste,4,Feb,1.07,0.464746826,835.7453524,27.88480957,8.5839,19.30090957
MRM,Waste,4,Mar,1.027,0.464746826,802.1593242,27.88480957,8.4449,19.43990957
MRM,Waste,4,Apr,0.958,0.464746826,748.265465,27.88480957,7.4474,20.43740957
MRM,Waste,4,May,0.958,0.464746826,748.265465,27.88480957,7.2845,20.60030957
MRM,Waste,4,Jun,0.958,0.464746826,748.265465,27.88480957,6.6787,21.20610957
MRM,Waste,4,Jul,0.958,0.464746826,748.265465,27.88480957,6.4176,21.46720957
MRM,Waste,4,Aug,0.958,0.464746826,748.265465,27.88480957,6.4107,21.47410957
MRM,Waste,4,Sep,0.958,0.464746826,748.265465,27.88480957,5.9258,21.95900957
MRM,Waste,4,Oct,0.987,0.464746826,770.9165073,27.88480957,6.876,21.00880957
MRM,Waste,4,Nov,1.027,0.464746826,802.1593242,27.88480957,6.4353,21.44950957
MRM,Waste,4,Dec,1.07,0.464746826,835.7453524,27.88480957,6.6599,21.22490957
MRM,Waste,4.1,Jan,1.07,0.46914627,827.9081056,28.14877623,7.3101,20.83867623
MRM,Waste,4.1,Feb,1.07,0.46914627,827.9081056,28.14877623,8.5839,19.56487623
MRM,Waste,4.1,Mar,1.027,0.46914627,794.6370322,28.14877623,8.4449,19.70387623
MRM,Waste,4.1,Apr,0.958,0.46914627,741.2485656,28.14877623,7.4474,20.70137623
MRM,Waste,4.1,May,0.958,0.46914627,741.2485656,28.14877623,7.2845,20.86427623
MRM,Waste,4.1,Jun,0.958,0.46914627,741.2485656,28.14877623,6.6787,21.47007623
MRM,Waste,4.1,Jul,0.958,0.46914627,741.2485656,28.14877623,6.4176,21.73117623
MRM,Waste,4.1,Aug,0.958,0.46914627,741.2485656,28.14877623,6.4107,21.73807623
MRM,Waste,4.1,Sep,0.958,0.46914627,741.2485656,28.14877623,5.9258,22.22297623
MRM,Waste,4.1,Oct,0.987,0.46914627,763.6871965,28.14877623,6.876,21.27277623
MRM,Waste,4.1,Nov,1.027,0.46914627,794.6370322,28.14877623,6.4353,21.71347623
MRM,Waste,4.1,Dec,1.07,0.46914627,827.9081056,28.14877623,6.6599,21.48887623
MRM,Waste,4.2,Jan,1.07,0.473504561,820.2877697,28.41027364,7.3101,21.10017364
MRM,Waste,4.2,Feb,1.07,0.473504561,820.2877697,28.41027364,8.5839,19.82637364
MRM,Waste,4.2,Mar,1.027,0.473504561,787.3229341,28.41027364,8.4449,19.96537364
MRM,Waste,4.2,Apr,0.958,0.473504561,734.4258723,28.41027364,7.4474,20.96287364
MRM,Waste,4.2,May,0.958,0.473504561,734.4258723,28.41027364,7.2845,21.12577364
MRM,Waste,4.2,Jun,0.958,0.473504561,734.4258723,28.41027364,6.6787,21.73157364
MRM,Waste,4.2,Jul,0.958,0.473504561,734.4258723,28.41027364,6.4176,21.99267364
MRM,Waste,4.2,Aug,0.958,0.473504561,734.4258723,28.41027364,6.4107,21.99957364
MRM,Waste,4.2,Sep,0.958,0.473504561,734.4258723,28.41027364,5.9258,22.48447364
MRM,Waste,4.2,Oct,0.987,0.473504561,756.6579707,28.41027364,6.876,21.53427364
MRM,Waste,4.2,Nov,1.027,0.473504561,787.3229341,28.41027364,6.4353,21.97497364
MRM,Waste,4.2,Dec,1.07,0.473504561,820.2877697,28.41027364,6.6599,21.75037364
MRM,Waste,4.3,Jan,1.07,0.477823048,812.8741412,28.6693829,7.3101,21.3592829
MRM,Waste,4.3,Feb,1.07,0.477823048,812.8741412,28.6693829,8.5839,20.0854829
MRM,Waste,4.3,Mar,1.027,0.477823048,780.2072365,28.6693829,8.4449,20.2244829
MRM,Waste,4.3,Apr,0.958,0.477823048,727.7882498,28.6693829,7.4474,21.2219829
MRM,Waste,4.3,May,0.958,0.477823048,727.7882498,28.6693829,7.2845,21.3848829
MRM,Waste,4.3,Jun,0.958,0.477823048,727.7882498,28.6693829,6.6787,21.9906829
MRM,Waste,4.3,Jul,0.958,0.477823048,727.7882498,28.6693829,6.4176,22.2517829
MRM,Waste,4.3,Aug,0.958,0.477823048,727.7882498,28.6693829,6.4107,22.2586829
MRM,Waste,4.3,Sep,0.958,0.477823048,727.7882498,28.6693829,5.9258,22.7435829
MRM,Waste,4.3,Oct,0.987,0.477823048,749.8194181,28.6693829,6.876,21.7933829
MRM,Waste,4.3,Nov,1.027,0.477823048,780.2072365,28.6693829,6.4353,22.2340829
MRM,Waste,4.3,Dec,1.07,0.477823048,812.8741412,28.6693829,6.6599,22.0094829
MRM,Waste,4.4,Jan,1.07,0.48210301,805.6576954,28.9261806,7.3101,21.6160806
MRM,Waste,4.4,Feb,1.07,0.48210301,805.6576954,28.9261806,8.5839,20.3422806
MRM,Waste,4.4,Mar,1.027,0.48210301,773.2807974,28.9261806,8.4449,20.4812806
MRM,Waste,4.4,Apr,0.958,0.48210301,721.3271703,28.9261806,7.4474,21.4787806
MRM,Waste,4.4,May,0.958,0.48210301,721.3271703,28.9261806,7.2845,21.6416806
MRM,Waste,4.4,Jun,0.958,0.48210301,721.3271703,28.9261806,6.6787,22.2474806
MRM,Waste,4.4,Jul,0.958,0.48210301,721.3271703,28.9261806,6.4176,22.5085806
MRM,Waste,4.4,Aug,0.958,0.48210301,721.3271703,28.9261806,6.4107,22.5154806
MRM,Waste,4.4,Sep,0.958,0.48210301,721.3271703,28.9261806,5.9258,23.0003806
MRM,Waste,4.4,Oct,0.987,0.48210301,743.1627527,28.9261806,6.876,22.0501806
MRM,Waste,4.4,Nov,1.027,0.48210301,773.2807974,28.9261806,6.4353,22.4908806
MRM,Waste,4.4,Dec,1.07,0.48210301,805.6576954,28.9261806,6.6599,22.2662806
MRM,Waste,4.5,Jan,1.07,0.486345654,798.6295281,29.18073923,7.3101,21.87063923
MRM,Waste,4.5,Feb,1.07,0.486345654,798.6295281,29.18073923,8.5839,20.59683923
MRM,Waste,4.5,Mar,1.027,0.486345654,766.5350704,29.18073923,8.4449,20.73583923
MRM,Waste,4.5,Apr,0.958,0.486345654,715.0346616,29.18073923,7.4474,21.73333923
MRM,Waste,4.5,May,0.958,0.486345654,715.0346616,29.18073923,7.2845,21.89623923
MRM,Waste,4.5,Jun,0.958,0.486345654,715.0346616,29.18073923,6.6787,22.50203923
MRM,Waste,4.5,Jul,0.958,0.486345654,715.0346616,29.18073923,6.4176,22.76313923
MRM,Waste,4.5,Aug,0.958,0.486345654,715.0346616,29.18073923,6.4107,22.77003923
MRM,Waste,4.5,Sep,0.958,0.486345654,715.0346616,29.18073923,5.9258,23.25493923
MRM,Waste,4.5,Oct,0.987,0.486345654,736.679761,29.18073923,6.876,22.30473923
MRM,Waste,4.5,Nov,1.027,0.486345654,766.5350704,29.18073923,6.4353,22.74543923
MRM,Waste,4.5,Dec,1.07,0.486345654,798.6295281,29.18073923,6.6599,22.52083923
MRM,Waste,4.6,Jan,1.07,0.490552124,791.7813036,29.43312742,7.3101,22.12302742
MRM,Waste,4.6,Feb,1.07,0.490552124,791.7813036,29.43312742,8.5839,20.84922742
MRM,Waste,4.6,Mar,1.027,0.490552124,759.962055,29.43312742,8.4449,20.98822742
MRM,Waste,4.6,Apr,0.958,0.490552124,708.9032606,29.43312742,7.4474,21.98572742
MRM,Waste,4.6,May,0.958,0.490552124,708.9032606,29.43312742,7.2845,22.14862742
MRM,Waste,4.6,Jun,0.958,0.490552124,708.9032606,29.43312742,6.6787,22.75442742
MRM,Waste,4.6,Jul,0.958,0.490552124,708.9032606,29.43312742,6.4176,23.01552742
MRM,Waste,4.6,Aug,0.958,0.490552124,708.9032606,29.43312742,6.4107,23.02242742
MRM,Waste,4.6,Sep,0.958,0.490552124,708.9032606,29.43312742,5.9258,23.50732742
MRM,Waste,4.6,Oct,0.987,0.490552124,730.3627539,29.43312742,6.876,22.55712742
MRM,Waste,4.6,Nov,1.027,0.490552124,759.962055,29.43312742,6.4353,22.99782742
MRM,Waste,4.6,Dec,1.07,0.490552124,791.7813036,29.43312742,6.6599,22.77322742
MRM,Waste,4.7,Jan,1.07,0.494723505,785.1052079,29.68341028,7.3101,22.37331028
MRM,Waste,4.7,Feb,1.07,0.494723505,785.1052079,29.68341028,8.5839,21.09951028
MRM,Waste,4.7,Mar,1.027,0.494723505,753.5542509,29.68341028,8.4449,21.23851028
MRM,Waste,4.7,Apr,0.958,0.494723505,702.9259712,29.68341028,7.4474,22.23601028
MRM,Waste,4.7,May,0.958,0.494723505,702.9259712,29.68341028,7.2845,22.39891028
MRM,Waste,4.7,Jun,0.958,0.494723505,702.9259712,29.68341028,6.6787,23.00471028
MRM,Waste,4.7,Jul,0.958,0.494723505,702.9259712,29.68341028,6.4176,23.26581028
MRM,Waste,4.7,Aug,0.958,0.494723505,702.9259712,29.68341028,6.4107,23.27271028
MRM,Waste,4.7,Sep,0.958,0.494723505,702.9259712,29.68341028,5.9258,23.75761028
MRM,Waste,4.7,Oct,0.987,0.494723505,724.2045235,29.68341028,6.876,22.80741028
MRM,Waste,4.7,Nov,1.027,0.494723505,753.5542509,29.68341028,6.4353,23.24811028
MRM,Waste,4.7,Dec,1.07,0.494723505,785.1052079,29.68341028,6.6599,23.02351028
MRM,Waste,4.8,Jan,1.07,0.498860827,778.5939064,29.93164962,7.3101,22.62154962
MRM,Waste,4.8,Feb,1.07,0.498860827,778.5939064,29.93164962,8.5839,21.34774962
MRM,Waste,4.8,Mar,1.027,0.498860827,747.3046186,29.93164962,8.4449,21.48674962
MRM,Waste,4.8,Apr,0.958,0.498860827,697.0962265,29.93164962,7.4474,22.48424962
MRM,Waste,4.8,May,0.958,0.498860827,697.0962265,29.93164962,7.2845,22.64714962
MRM,Waste,4.8,Jun,0.958,0.498860827,697.0962265,29.93164962,6.6787,23.25294962
MRM,Waste,4.8,Jul,0.958,0.498860827,697.0962265,29.93164962,6.4176,23.51404962
MRM,Waste,4.8,Aug,0.958,0.498860827,697.0962265,29.93164962,6.4107,23.52094962
MRM,Waste,4.8,Sep,0.958,0.498860827,697.0962265,29.93164962,5.9258,24.00584962
MRM,Waste,4.8,Oct,0.987,0.498860827,718.1983043,29.93164962,6.876,23.05564962
MRM,Waste,4.8,Nov,1.027,0.498860827,747.3046186,29.93164962,6.4353,23.49634962
MRM,Waste,4.8,Dec,1.07,0.498860827,778.5939064,29.93164962,6.6599,23.27174962
MRM,Waste,4.9,Jan,1.07,0.50296507,772.2405063,30.17790418,7.3101,22.86780418
MRM,Waste,4.9,Feb,1.07,0.50296507,772.2405063,30.17790418,8.5839,21.59400418
MRM,Waste,4.9,Mar,1.027,0.50296507,741.2065421,30.17790418,8.4449,21.73300418
MRM,Waste,4.9,Apr,0.958,0.50296507,691.4078552,30.17790418,7.4474,22.73050418
MRM,Waste,4.9,May,0.958,0.50296507,691.4078552,30.17790418,7.2845,22.89340418
MRM,Waste,4.9,Jun,0.958,0.50296507,691.4078552,30.17790418,6.6787,23.49920418
MRM,Waste,4.9,Jul,0.958,0.50296507,691.4078552,30.17790418,6.4176,23.76030418
MRM,Waste,4.9,Aug,0.958,0.50296507,691.4078552,30.17790418,6.4107,23.76720418
MRM,Waste,4.9,Sep,0.958,0.50296507,691.4078552,30.17790418,5.9258,24.25210418
MRM,Waste,4.9,Oct,0.987,0.50296507,712.3377381,30.17790418,6.876,23.30190418
MRM,Waste,4.9,Nov,1.027,0.50296507,741.2065421,30.17790418,6.4353,23.74260418
MRM,Waste,4.9,Dec,1.07,0.50296507,772.2405063,30.17790418,6.6599,23.51800418
MRM,Waste,5,Jan,1.07,0.507037164,766.0385221,30.42222986,7.3101,23.11212986
MRM,Waste,5,Feb,1.07,0.507037164,766.0385221,30.42222986,8.5839,21.83832986
MRM,Waste,5,Mar,1.027,0.507037164,735.2537965,30.42222986,8.4449,21.97732986
MRM,Waste,5,Apr,0.958,0.507037164,685.8550506,30.42222986,7.4474,22.97482986
MRM,Waste,5,May,0.958,0.507037164,685.8550506,30.42222986,7.2845,23.13772986
MRM,Waste,5,Jun,0.958,0.507037164,685.8550506,30.42222986,6.6787,23.74352986
MRM,Waste,5,Jul,0.958,0.507037164,685.8550506,30.42222986,6.4176,24.00462986
MRM,Waste,5,Aug,0.958,0.507037164,685.8550506,30.42222986,6.4107,24.01152986
MRM,Waste,5,Sep,0.958,0.507037164,685.8550506,30.42222986,5.9258,24.49642986
MRM,Waste,5,Oct,0.987,0.507037164,706.6168424,30.42222986,6.876,23.54622986
MRM,Waste,5,Nov,1.027,0.507037164,735.2537965,30.42222986,6.4353,23.98692986
MRM,Waste,5,Dec,1.07,0.507037164,766.0385221,30.42222986,6.6599,23.76232986
MRM,Waste,5.1,Jan,1.07,0.511077998,759.9818446,30.66467991,7.3101,23.35457991
MRM,Waste,5.1,Feb,1.07,0.511077998,759.9818446,30.66467991,8.5839,22.08077991
MRM,Waste,5.1,Mar,1.027,0.511077998,729.4405181,30.66467991,8.4449,22.21977991
MRM,Waste,5.1,Apr,0.958,0.511077998,680.4323431,30.66467991,7.4474,23.21727991
MRM,Waste,5.1,May,0.958,0.511077998,680.4323431,30.66467991,7.2845,23.38017991
MRM,Waste,5.1,Jun,0.958,0.511077998,680.4323431,30.66467991,6.6787,23.98597991
MRM,Waste,5.1,Jul,0.958,0.511077998,680.4323431,30.66467991,6.4176,24.24707991
MRM,Waste,5.1,Aug,0.958,0.511077998,680.4323431,30.66467991,6.4107,24.25397991
MRM,Waste,5.1,Sep,0.958,0.511077998,680.4323431,30.66467991,5.9258,24.73887991
MRM,Waste,5.1,Oct,0.987,0.511077998,701.0299819,30.66467991,6.876,23.78867991
MRM,Waste,5.1,Nov,1.027,0.511077998,729.4405181,30.66467991,6.4353,24.22937991
MRM,Waste,5.1,Dec,1.07,0.511077998,759.9818446,30.66467991,6.6599,24.00477991
MRM,Waste,5.2,Jan,1.07,0.515088418,754.0647127,30.90530509,7.3101,23.59520509
MRM,Waste,5.2,Feb,1.07,0.515088418,754.0647127,30.90530509,8.5839,22.32140509
MRM,Waste,5.2,Mar,1.027,0.515088418,723.7611775,30.90530509,8.4449,22.46040509
MRM,Waste,5.2,Apr,0.958,0.515088418,675.1345745,30.90530509,7.4474,23.45790509
MRM,Waste,5.2,May,0.958,0.515088418,675.1345745,30.90530509,7.2845,23.62080509
MRM,Waste,5.2,Jun,0.958,0.515088418,675.1345745,30.90530509,6.6787,24.22660509
MRM,Waste,5.2,Jul,0.958,0.515088418,675.1345745,30.90530509,6.4176,24.48770509
MRM,Waste,5.2,Aug,0.958,0.515088418,675.1345745,30.90530509,6.4107,24.49460509
MRM,Waste,5.2,Sep,0.958,0.515088418,675.1345745,30.90530509,5.9258,24.97950509
MRM,Waste,5.2,Oct,0.987,0.515088418,695.5718424,30.90530509,6.876,24.02930509
MRM,Waste,5.2,Nov,1.027,0.515088418,723.7611775,30.90530509,6.4353,24.47000509
MRM,Waste,5.2,Dec,1.07,0.515088418,754.0647127,30.90530509,6.6599,24.24540509
MRM,Waste,5.3,Jan,1.07,0.519069231,748.2816879,31.14415383,7.3101,23.83405383
MRM,Waste,5.3,Feb,1.07,0.519069231,748.2816879,31.14415383,8.5839,22.56025383
MRM,Waste,5.3,Mar,1.027,0.519069231,718.2105547,31.14415383,8.4449,22.69925383
MRM,Waste,5.3,Apr,0.958,0.519069231,669.9568757,31.14415383,7.4474,23.69675383
MRM,Waste,5.3,May,0.958,0.519069231,669.9568757,31.14415383,7.2845,23.85965383
MRM,Waste,5.3,Jun,0.958,0.519069231,669.9568757,31.14415383,6.6787,24.46545383
MRM,Waste,5.3,Jul,0.958,0.519069231,669.9568757,31.14415383,6.4176,24.72655383
MRM,Waste,5.3,Aug,0.958,0.519069231,669.9568757,31.14415383,6.4107,24.73345383
MRM,Waste,5.3,Sep,0.958,0.519069231,669.9568757,31.14415383,5.9258,25.21835383
MRM,Waste,5.3,Oct,0.987,0.519069231,690.2374075,31.14415383,6.876,24.26815383
MRM,Waste,5.3,Nov,1.027,0.519069231,718.2105547,31.14415383,6.4353,24.70885383
MRM,Waste,5.3,Dec,1.07,0.519069231,748.2816879,31.14415383,6.6599,24.48425383
MRM,Waste,5.4,Jan,1.07,0.523021207,742.6276312,31.38127242,7.3101,24.07117242
MRM,Waste,5.4,Feb,1.07,0.523021207,742.6276312,31.38127242,8.5839,22.79737242
MRM,Waste,5.4,Mar,1.027,0.523021207,712.783717,31.38127242,8.4449,22.93637242
MRM,Waste,5.4,Apr,0.958,0.523021207,664.8946455,31.38127242,7.4474,23.93387242
MRM,Waste,5.4,May,0.958,0.523021207,664.8946455,31.38127242,7.2845,24.09677242
MRM,Waste,5.4,Jun,0.958,0.523021207,664.8946455,31.38127242,6.6787,24.70257242
MRM,Waste,5.4,Jul,0.958,0.523021207,664.8946455,31.38127242,6.4176,24.96367242
MRM,Waste,5.4,Aug,0.958,0.523021207,664.8946455,31.38127242,6.4107,24.97057242
MRM,Waste,5.4,Sep,0.958,0.523021207,664.8946455,31.38127242,5.9258,25.45547242
MRM,Waste,5.4,Oct,0.987,0.523021207,685.0219364,31.38127242,6.876,24.50527242
MRM,Waste,5.4,Nov,1.027,0.523021207,712.783717,31.38127242,6.4353,24.94597242
MRM,Waste,5.4,Dec,1.07,0.523021207,742.6276312,31.38127242,6.6599,24.72137242
MRM,Waste,5.5,Jan,1.07,0.526945085,737.0976812,31.61670508,7.3101,24.30660508
MRM,Waste,5.5,Feb,1.07,0.526945085,737.0976812,31.61670508,8.5839,23.03280508
MRM,Waste,5.5,Mar,1.027,0.526945085,707.4759987,31.61670508,8.4449,23.17180508
MRM,Waste,5.5,Apr,0.958,0.526945085,659.9435314,31.61670508,7.4474,24.16930508
MRM,Waste,5.5,May,0.958,0.526945085,659.9435314,31.61670508,7.2845,24.33220508
MRM,Waste,5.5,Jun,0.958,0.526945085,659.9435314,31.61670508,6.6787,24.93800508
MRM,Waste,5.5,Jul,0.958,0.526945085,659.9435314,31.61670508,6.4176,25.19910508
MRM,Waste,5.5,Aug,0.958,0.526945085,659.9435314,31.61670508,6.4107,25.20600508
MRM,Waste,5.5,Sep,0.958,0.526945085,659.9435314,31.61670508,5.9258,25.69090508
MRM,Waste,5.5,Oct,0.987,0.526945085,679.9209452,31.61670508,6.876,24.74070508
MRM,Waste,5.5,Nov,1.027,0.526945085,707.4759987,31.61670508,6.4353,25.18140508
MRM,Waste,5.5,Dec,1.07,0.526945085,737.0976812,31.61670508,6.6599,24.95680508
MRM,Waste,5.6,Jan,1.07,0.530841569,731.6872357,31.85049412,7.3101,24.54039412
MRM,Waste,5.6,Feb,1.07,0.530841569,731.6872357,31.85049412,8.5839,23.26659412
MRM,Waste,5.6,Mar,1.027,0.530841569,702.2829823,31.85049412,8.4449,23.40559412
MRM,Waste,5.6,Apr,0.958,0.530841569,655.0994129,31.85049412,7.4474,24.40309412
MRM,Waste,5.6,May,0.958,0.530841569,655.0994129,31.85049412,7.2845,24.56599412
MRM,Waste,5.6,Jun,0.958,0.530841569,655.0994129,31.85049412,6.6787,25.17179412
MRM,Waste,5.6,Jul,0.958,0.530841569,655.0994129,31.85049412,6.4176,25.43289412
MRM,Waste,5.6,Aug,0.958,0.530841569,655.0994129,31.85049412,6.4107,25.43979412
MRM,Waste,5.6,Sep,0.958,0.530841569,655.0994129,31.85049412,5.9258,25.92469412
MRM,Waste,5.6,Oct,0.987,0.530841569,674.9301885,31.85049412,6.876,24.97449412
MRM,Waste,5.6,Nov,1.027,0.530841569,702.2829823,31.85049412,6.4353,25.41519412
MRM,Waste,5.6,Dec,1.07,0.530841569,731.6872357,31.85049412,6.6599,25.19059412
MRM,Waste,5.7,Jan,1.07,0.534711335,726.391933,32.08268008,7.3101,24.77258008
MRM,Waste,5.7,Feb,1.07,0.534711335,726.391933,32.08268008,8.5839,23.49878008
MRM,Waste,5.7,Mar,1.027,0.534711335,697.2004815,32.08268008,8.4449,23.63778008
MRM,Waste,5.7,Apr,0.958,0.534711335,650.3583849,32.08268008,7.4474,24.63528008
MRM,Waste,5.7,May,0.958,0.534711335,650.3583849,32.08268008,7.2845,24.79818008
MRM,Waste,5.7,Jun,0.958,0.534711335,650.3583849,32.08268008,6.6787,25.40398008
MRM,Waste,5.7,Jul,0.958,0.534711335,650.3583849,32.08268008,6.4176,25.66508008
MRM,Waste,5.7,Aug,0.958,0.534711335,650.3583849,32.08268008,6.4107,25.67198008
MRM,Waste,5.7,Sep,0.958,0.534711335,650.3583849,32.08268008,5.9258,26.15688008
MRM,Waste,5.7,Oct,0.987,0.534711335,670.0456429,32.08268008,6.876,25.20668008
MRM,Waste,5.7,Nov,1.027,0.534711335,697.2004815,32.08268008,6.4353,25.64738008
MRM,Waste,5.7,Dec,1.07,0.534711335,726.391933,32.08268008,6.6599,25.42278008
MRM,Waste,5.8,Jan,1.07,0.53855503,721.2076362,32.31330179,7.3101,25.00320179
MRM,Waste,5.8,Feb,1.07,0.53855503,721.2076362,32.31330179,8.5839,23.72940179
MRM,Waste,5.8,Mar,1.027,0.53855503,692.2245256,32.31330179,8.4449,23.86840179
MRM,Waste,5.8,Apr,0.958,0.53855503,645.7167435,32.31330179,7.4474,24.86590179
MRM,Waste,5.8,May,0.958,0.53855503,645.7167435,32.31330179,7.2845,25.02880179
MRM,Waste,5.8,Jun,0.958,0.53855503,645.7167435,32.31330179,6.6787,25.63460179
MRM,Waste,5.8,Jul,0.958,0.53855503,645.7167435,32.31330179,6.4176,25.89570179
MRM,Waste,5.8,Aug,0.958,0.53855503,645.7167435,32.31330179,6.4107,25.90260179
MRM,Waste,5.8,Sep,0.958,0.53855503,645.7167435,32.31330179,5.9258,26.38750179
MRM,Waste,5.8,Oct,0.987,0.53855503,665.2634925,32.31330179,6.876,25.43730179
MRM,Waste,5.8,Nov,1.027,0.53855503,692.2245256,32.31330179,6.4353,25.87800179
MRM,Waste,5.8,Dec,1.07,0.53855503,721.2076362,32.31330179,6.6599,25.65340179
MRM,Waste,5.9,Jan,1.07,0.542373275,716.1304182,32.54239648,7.3101,25.23229648
MRM,Waste,5.9,Feb,1.07,0.542373275,716.1304182,32.54239648,8.5839,23.95849648
MRM,Waste,5.9,Mar,1.027,0.542373275,687.3513453,32.54239648,8.4449,24.09749648
MRM,Waste,5.9,Apr,0.958,0.542373275,641.1709726,32.54239648,7.4474,25.09499648
MRM,Waste,5.9,May,0.958,0.542373275,641.1709726,32.54239648,7.2845,25.25789648
MRM,Waste,5.9,Jun,0.958,0.542373275,641.1709726,32.54239648,6.6787,25.86369648
MRM,Waste,5.9,Jul,0.958,0.542373275,641.1709726,32.54239648,6.4176,26.12479648
MRM,Waste,5.9,Aug,0.958,0.542373275,641.1709726,32.54239648,6.4107,26.13169648
MRM,Waste,5.9,Sep,0.958,0.542373275,641.1709726,32.54239648,5.9258,26.61659648
MRM,Waste,5.9,Oct,0.987,0.542373275,660.5801147,32.54239648,6.876,25.66639648
MRM,Waste,5.9,Nov,1.027,0.542373275,687.3513453,32.54239648,6.4353,26.10709648
MRM,Waste,5.9,Dec,1.07,0.542373275,716.1304182,32.54239648,6.6599,25.88249648
MRM,Waste,6,Jan,1.07,0.546166665,711.1565478,32.7699999,7.3101,25.4598999
MRM,Waste,6,Feb,1.07,0.546166665,711.1565478,32.7699999,8.5839,24.1860999
MRM,Waste,6,Mar,1.027,0.546166665,682.5773594,32.7699999,8.4449,24.3250999
MRM,Waste,6,Apr,0.958,0.546166665,636.7177316,32.7699999,7.4474,25.3225999
MRM,Waste,6,May,0.958,0.546166665,636.7177316,32.7699999,7.2845,25.4854999
MRM,Waste,6,Jun,0.958,0.546166665,636.7177316,32.7699999,6.6787,26.0912999
MRM,Waste,6,Jul,0.958,0.546166665,636.7177316,32.7699999,6.4176,26.3523999
MRM,Waste,6,Aug,0.958,0.546166665,636.7177316,32.7699999,6.4107,26.3592999
MRM,Waste,6,Sep,0.958,0.546166665,636.7177316,32.7699999,5.9258,26.8441999
MRM,Waste,6,Oct,0.987,0.546166665,655.9920679,32.7699999,6.876,25.8939999
MRM,Waste,6,Nov,1.027,0.546166665,682.5773594,32.7699999,6.4353,26.3346999
MRM,Waste,6,Dec,1.07,0.546166665,711.1565478,32.7699999,6.6599,26.1100999
MRM,Waste,6.1,Jan,1.07,0.549935773,706.2824773,32.99614637,7.3101,25.68604637
MRM,Waste,6.1,Feb,1.07,0.549935773,706.2824773,32.99614637,8.5839,24.41224637
MRM,Waste,6.1,Mar,1.027,0.549935773,677.8991628,32.99614637,8.4449,24.55124637
MRM,Waste,6.1,Apr,0.958,0.549935773,632.3538442,32.99614637,7.4474,25.54874637
MRM,Waste,6.1,May,0.958,0.549935773,632.3538442,32.99614637,7.2845,25.71164637
MRM,Waste,6.1,Jun,0.958,0.549935773,632.3538442,32.99614637,6.6787,26.31744637
MRM,Waste,6.1,Jul,0.958,0.549935773,632.3538442,32.99614637,6.4176,26.57854637
MRM,Waste,6.1,Aug,0.958,0.549935773,632.3538442,32.99614637,6.4107,26.58544637
MRM,Waste,6.1,Sep,0.958,0.549935773,632.3538442,32.99614637,5.9258,27.07034637
MRM,Waste,6.1,Oct,0.987,0.549935773,651.4960795,32.99614637,6.876,26.12014637
MRM,Waste,6.1,Nov,1.027,0.549935773,677.8991628,32.99614637,6.4353,26.56084637
MRM,Waste,6.1,Dec,1.07,0.549935773,706.2824773,32.99614637,6.6599,26.33624637
MRM,Waste,6.2,Jan,1.07,0.553681148,701.5048308,33.22086888,7.3101,25.91076888
MRM,Waste,6.2,Feb,1.07,0.553681148,701.5048308,33.22086888,8.5839,24.63696888
MRM,Waste,6.2,Mar,1.027,0.553681148,673.3135152,33.22086888,8.4449,24.77596888
MRM,Waste,6.2,Apr,0.958,0.553681148,628.0762878,33.22086888,7.4474,25.77346888
MRM,Waste,6.2,May,0.958,0.553681148,628.0762878,33.22086888,7.2845,25.93636888
MRM,Waste,6.2,Jun,0.958,0.553681148,628.0762878,33.22086888,6.6787,26.54216888
MRM,Waste,6.2,Jul,0.958,0.553681148,628.0762878,33.22086888,6.4176,26.80326888
MRM,Waste,6.2,Aug,0.958,0.553681148,628.0762878,33.22086888,6.4107,26.81016888
MRM,Waste,6.2,Sep,0.958,0.553681148,628.0762878,33.22086888,5.9258,27.29506888
MRM,Waste,6.2,Oct,0.987,0.553681148,647.0890355,33.22086888,6.876,26.34486888
MRM,Waste,6.2,Nov,1.027,0.553681148,673.3135152,33.22086888,6.4353,26.78556888
MRM,Waste,6.2,Dec,1.07,0.553681148,701.5048308,33.22086888,6.6599,26.56096888
MRM,Waste,6.3,Jan,1.07,0.557403319,696.8203933,33.44419914,7.3101,26.13409914
MRM,Waste,6.3,Feb,1.07,0.557403319,696.8203933,33.44419914,8.5839,24.86029914
MRM,Waste,6.3,Mar,1.027,0.557403319,668.8173308,33.44419914,8.4449,24.99929914
MRM,Waste,6.3,Apr,0.958,0.557403319,623.8821839,33.44419914,7.4474,25.99679914
MRM,Waste,6.3,May,0.958,0.557403319,623.8821839,33.44419914,7.2845,26.15969914
MRM,Waste,6.3,Jun,0.958,0.557403319,623.8821839,33.44419914,6.6787,26.76549914
MRM,Waste,6.3,Jul,0.958,0.557403319,623.8821839,33.44419914,6.4176,27.02659914
MRM,Waste,6.3,Aug,0.958,0.557403319,623.8821839,33.44419914,6.4107,27.03349914
MRM,Waste,6.3,Sep,0.958,0.557403319,623.8821839,33.44419914,5.9258,27.51839914
MRM,Waste,6.3,Oct,0.987,0.557403319,642.7679703,33.44419914,6.876,26.56819914
MRM,Waste,6.3,Nov,1.027,0.557403319,668.8173308,33.44419914,6.4353,27.00889914
MRM,Waste,6.3,Dec,1.07,0.557403319,696.8203933,33.44419914,6.6599,26.78429914
MRM,Waste,6.4,Jan,1.07,0.561102795,692.2261013,33.66616768,7.3101,26.35606768
MRM,Waste,6.4,Feb,1.07,0.561102795,692.2261013,33.66616768,8.5839,25.08226768
MRM,Waste,6.4,Mar,1.027,0.561102795,664.4076692,33.66616768,8.4449,25.22126768
MRM,Waste,6.4,Apr,0.958,0.561102795,619.7687897,33.66616768,7.4474,26.21876768
MRM,Waste,6.4,May,0.958,0.561102795,619.7687897,33.66616768,7.2845,26.38166768
MRM,Waste,6.4,Jun,0.958,0.561102795,619.7687897,33.66616768,6.6787,26.98746768
MRM,Waste,6.4,Jul,0.958,0.561102795,619.7687897,33.66616768,6.4176,27.24856768
MRM,Waste,6.4,Aug,0.958,0.561102795,619.7687897,33.66616768,6.4107,27.25546768
MRM,Waste,6.4,Sep,0.958,0.561102795,619.7687897,33.66616768,5.9258,27.74036768
MRM,Waste,6.4,Oct,0.987,0.561102795,638.5300579,33.66616768,6.876,26.79016768
MRM,Waste,6.4,Nov,1.027,0.561102795,664.4076692,33.66616768,6.4353,27.23086768
MRM,Waste,6.4,Dec,1.07,0.561102795,692.2261013,33.66616768,6.6599,27.00626768
MRM,Waste,6.5,Jan,1.07,0.564780065,687.7190328,33.88680389,7.3101,26.57670389
MRM,Waste,6.5,Feb,1.07,0.564780065,687.7190328,33.88680389,8.5839,25.30290389
MRM,Waste,6.5,Mar,1.027,0.564780065,660.0817259,33.88680389,8.4449,25.44190389
MRM,Waste,6.5,Apr,0.958,0.564780065,615.7334892,33.88680389,7.4474,26.43940389
MRM,Waste,6.5,May,0.958,0.564780065,615.7334892,33.88680389,7.2845,26.60230389
MRM,Waste,6.5,Jun,0.958,0.564780065,615.7334892,33.88680389,6.6787,27.20810389
MRM,Waste,6.5,Jul,0.958,0.564780065,615.7334892,33.88680389,6.4176,27.46920389
MRM,Waste,6.5,Aug,0.958,0.564780065,615.7334892,33.88680389,6.4107,27.47610389
MRM,Waste,6.5,Sep,0.958,0.564780065,615.7334892,33.88680389,5.9258,27.96100389
MRM,Waste,6.5,Oct,0.987,0.564780065,634.3726032,33.88680389,6.876,27.01080389
MRM,Waste,6.5,Nov,1.027,0.564780065,660.0817259,33.88680389,6.4353,27.45150389
MRM,Waste,6.5,Dec,1.07,0.564780065,687.7190328,33.88680389,6.6599,27.22690389
MRM,Waste,6.6,Jan,1.07,0.568435601,683.2963998,34.10613609,7.3101,26.79603609
MRM,Waste,6.6,Feb,1.07,0.568435601,683.2963998,34.10613609,8.5839,25.52223609
MRM,Waste,6.6,Mar,1.027,0.568435601,655.8368249,34.10613609,8.4449,25.66123609
MRM,Waste,6.6,Apr,0.958,0.568435601,611.773786,34.10613609,7.4474,26.65873609
MRM,Waste,6.6,May,0.958,0.568435601,611.773786,34.10613609,7.2845,26.82163609
MRM,Waste,6.6,Jun,0.958,0.568435601,611.773786,34.10613609,6.6787,27.42743609
MRM,Waste,6.6,Jul,0.958,0.568435601,611.773786,34.10613609,6.4176,27.68853609
MRM,Waste,6.6,Aug,0.958,0.568435601,611.773786,34.10613609,6.4107,27.69543609
MRM,Waste,6.6,Sep,0.958,0.568435601,611.773786,34.10613609,5.9258,28.18033609
MRM,Waste,6.6,Oct,0.987,0.568435601,630.2930342,34.10613609,6.876,27.23013609
MRM,Waste,6.6,Nov,1.027,0.568435601,655.8368249,34.10613609,6.4353,27.67083609
MRM,Waste,6.6,Dec,1.07,0.568435601,683.2963998,34.10613609,6.6599,27.44623609
MRM,Waste,6.7,Jan,1.07,0.572069859,678.9555397,34.32419155,7.3101,27.01409155
MRM,Waste,6.7,Feb,1.07,0.572069859,678.9555397,34.32419155,8.5839,25.74029155
MRM,Waste,6.7,Mar,1.027,0.572069859,651.6704105,34.32419155,8.4449,25.87929155
MRM,Waste,6.7,Apr,0.958,0.572069859,607.8872963,34.32419155,7.4474,26.87679155
MRM,Waste,6.7,May,0.958,0.572069859,607.8872963,34.32419155,7.2845,27.03969155
MRM,Waste,6.7,Jun,0.958,0.572069859,607.8872963,34.32419155,6.6787,27.64549155
MRM,Waste,6.7,Jul,0.958,0.572069859,607.8872963,34.32419155,6.4176,27.90659155
MRM,Waste,6.7,Aug,0.958,0.572069859,607.8872963,34.32419155,6.4107,27.91349155
MRM,Waste,6.7,Sep,0.958,0.572069859,607.8872963,34.32419155,5.9258,28.39839155
MRM,Waste,6.7,Oct,0.987,0.572069859,626.288895,34.32419155,6.876,27.44819155
MRM,Waste,6.7,Nov,1.027,0.572069859,651.6704105,34.32419155,6.4353,27.88889155
MRM,Waste,6.7,Dec,1.07,0.572069859,678.9555397,34.32419155,6.6599,27.66429155
MRM,Waste,6.8,Jan,1.07,0.575683277,674.6939082,34.54099662,7.3101,27.23089662
MRM,Waste,6.8,Feb,1.07,0.575683277,674.6939082,34.54099662,8.5839,25.95709662
MRM,Waste,6.8,Mar,1.027,0.575683277,647.5800409,34.54099662,8.4449,26.09609662
MRM,Waste,6.8,Apr,0.958,0.575683277,604.0717421,34.54099662,7.4474,27.09359662
MRM,Waste,6.8,May,0.958,0.575683277,604.0717421,34.54099662,7.2845,27.25649662
MRM,Waste,6.8,Jun,0.958,0.575683277,604.0717421,34.54099662,6.6787,27.86229662
MRM,Waste,6.8,Jul,0.958,0.575683277,604.0717421,34.54099662,6.4176,28.12339662
MRM,Waste,6.8,Aug,0.958,0.575683277,604.0717421,34.54099662,6.4107,28.13029662
MRM,Waste,6.8,Sep,0.958,0.575683277,604.0717421,34.54099662,5.9258,28.61519662
MRM,Waste,6.8,Oct,0.987,0.575683277,622.3578387,34.54099662,6.876,27.66499662
MRM,Waste,6.8,Nov,1.027,0.575683277,647.5800409,34.54099662,6.4353,28.10569662
MRM,Waste,6.8,Dec,1.07,0.575683277,674.6939082,34.54099662,6.6599,27.88109662
MRM,Waste,6.9,Jan,1.07,0.579276278,670.5090727,34.75657668,7.3101,27.44647668
MRM,Waste,6.9,Feb,1.07,0.579276278,670.5090727,34.75657668,8.5839,26.17267668
MRM,Waste,6.9,Mar,1.027,0.579276278,643.563381,34.75657668,8.4449,26.31167668
MRM,Waste,6.9,Apr,0.958,0.579276278,600.3249455,34.75657668,7.4474,27.30917668
MRM,Waste,6.9,May,0.958,0.579276278,600.3249455,34.75657668,7.2845,27.47207668
MRM,Waste,6.9,Jun,0.958,0.579276278,600.3249455,34.75657668,6.6787,28.07787668
MRM,Waste,6.9,Jul,0.958,0.579276278,600.3249455,34.75657668,6.4176,28.33897668
MRM,Waste,6.9,Aug,0.958,0.579276278,600.3249455,34.75657668,6.4107,28.34587668
MRM,Waste,6.9,Sep,0.958,0.579276278,600.3249455,34.75657668,5.9258,28.83077668
MRM,Waste,6.9,Oct,0.987,0.579276278,618.4976213,34.75657668,6.876,27.88057668
MRM,Waste,6.9,Nov,1.027,0.579276278,643.563381,34.75657668,6.4353,28.32127668
MRM,Waste,6.9,Dec,1.07,0.579276278,670.5090727,34.75657668,6.6599,28.09667668
MRM,Waste,7,Jan,1.07,0.582849271,666.3987058,34.97095627,7.3101,27.66085627
MRM,Waste,7,Feb,1.07,0.582849271,666.3987058,34.97095627,8.5839,26.38705627
MRM,Waste,7,Mar,1.027,0.582849271,639.6181971,34.97095627,8.4449,26.52605627
MRM,Waste,7,Apr,0.958,0.582849271,596.6448226,34.97095627,7.4474,27.52355627
MRM,Waste,7,May,0.958,0.582849271,596.6448226,34.97095627,7.2845,27.68645627
MRM,Waste,7,Jun,0.958,0.582849271,596.6448226,34.97095627,6.6787,28.29225627
MRM,Waste,7,Jul,0.958,0.582849271,596.6448226,34.97095627,6.4176,28.55335627
MRM,Waste,7,Aug,0.958,0.582849271,596.6448226,34.97095627,6.4107,28.56025627
MRM,Waste,7,Sep,0.958,0.582849271,596.6448226,34.97095627,5.9258,29.04515627
MRM,Waste,7,Oct,0.987,0.582849271,614.7060959,34.97095627,6.876,28.09495627
MRM,Waste,7,Nov,1.027,0.582849271,639.6181971,34.97095627,6.4353,28.53565627
MRM,Waste,7,Dec,1.07,0.582849271,666.3987058,34.97095627,6.6599,28.31105627
MRM,Waste,7.1,Jan,1.07,0.5869,661.7992844,35.214,7.3101,27.9039
MRM,Waste,7.1,Feb,1.07,0.5869,661.7992844,35.214,8.5839,26.6301
MRM,Waste,7.1,Mar,1.027,0.5869,635.2036122,35.214,8.4449,26.7691
MRM,Waste,7.1,Apr,0.958,0.5869,592.5268359,35.214,7.4474,27.7666
MRM,Waste,7.1,May,0.958,0.5869,592.5268359,35.214,7.2845,27.9295
MRM,Waste,7.1,Jun,0.958,0.5869,592.5268359,35.214,6.6787,28.5353
MRM,Waste,7.1,Jul,0.958,0.5869,592.5268359,35.214,6.4176,28.7964
MRM,Waste,7.1,Aug,0.958,0.5869,592.5268359,35.214,6.4107,28.8033
MRM,Waste,7.1,Sep,0.958,0.5869,592.5268359,35.214,5.9258,29.2882
MRM,Waste,7.1,Oct,0.987,0.5869,610.463452,35.214,6.876,28.338
MRM,Waste,7.1,Nov,1.027,0.5869,635.2036122,35.214,6.4353,28.7787
MRM,Waste,7.1,Dec,1.07,0.5869,661.7992844,35.214,6.6599,28.5541
MRM,Waste,7.2,Jan,1.07,0.5909,657.3193434,35.454,7.3101,28.1439
MRM,Waste,7.2,Feb,1.07,0.5909,657.3193434,35.454,8.5839,26.8701
MRM,Waste,7.2,Mar,1.027,0.5909,630.9037062,35.454,8.4449,27.0091
MRM,Waste,7.2,Apr,0.958,0.5909,588.5158233,35.454,7.4474,28.0066
MRM,Waste,7.2,May,0.958,0.5909,588.5158233,35.454,7.2845,28.1695
MRM,Waste,7.2,Jun,0.958,0.5909,588.5158233,35.454,6.6787,28.7753
MRM,Waste,7.2,Jul,0.958,0.5909,588.5158233,35.454,6.4176,29.0364
MRM,Waste,7.2,Aug,0.958,0.5909,588.5158233,35.454,6.4107,29.0433
MRM,Waste,7.2,Sep,0.958,0.5909,588.5158233,35.454,5.9258,29.5282
MRM,Waste,7.2,Oct,0.987,0.5909,606.3310205,35.454,6.876,28.578
MRM,Waste,7.2,Nov,1.027,0.5909,630.9037062,35.454,6.4353,29.0187
MRM,Waste,7.2,Dec,1.07,0.5909,657.3193434,35.454,6.6599,28.7941
MRM,Waste,7.3,Jan,1.07,0.5949,652.899647,35.694,7.3101,28.3839
MRM,Waste,7.3,Feb,1.07,0.5949,652.899647,35.694,8.5839,27.1101
MRM,Waste,7.3,Mar,1.027,0.5949,626.6616238,35.694,8.4449,27.2491
MRM,Waste,7.3,Apr,0.958,0.5949,584.5587494,35.694,7.4474,28.2466
MRM,Waste,7.3,May,0.958,0.5949,584.5587494,35.694,7.2845,28.4095
MRM,Waste,7.3,Jun,0.958,0.5949,584.5587494,35.694,6.6787,29.0153
MRM,Waste,7.3,Jul,0.958,0.5949,584.5587494,35.694,6.4176,29.2764
MRM,Waste,7.3,Aug,0.958,0.5949,584.5587494,35.694,6.4107,29.2833
MRM,Waste,7.3,Sep,0.958,0.5949,584.5587494,35.694,5.9258,29.7682
MRM,Waste,7.3,Oct,0.987,0.5949,602.2541604,35.694,6.876,28.818
MRM,Waste,7.3,Nov,1.027,0.5949,626.6616238,35.694,6.4353,29.2587
MRM,Waste,7.3,Dec,1.07,0.5949,652.899647,35.694,6.6599,29.0341
MRM,Waste,7.4,Jan,1.07,0.5989,648.5389881,35.934,7.3101,28.6239
MRM,Waste,7.4,Feb,1.07,0.5989,648.5389881,35.934,8.5839,27.3501
MRM,Waste,7.4,Mar,1.027,0.5989,622.4762064,35.934,8.4449,27.4891
MRM,Waste,7.4,Apr,0.958,0.5989,580.6545333,35.934,7.4474,28.4866
MRM,Waste,7.4,May,0.958,0.5989,580.6545333,35.934,7.2845,28.6495
MRM,Waste,7.4,Jun,0.958,0.5989,580.6545333,35.934,6.6787,29.2553
MRM,Waste,7.4,Jul,0.958,0.5989,580.6545333,35.934,6.4176,29.5164
MRM,Waste,7.4,Aug,0.958,0.5989,580.6545333,35.934,6.4107,29.5233
MRM,Waste,7.4,Sep,0.958,0.5989,580.6545333,35.934,5.9258,30.0082
MRM,Waste,7.4,Oct,0.987,0.5989,598.2317582,35.934,6.876,29.058
MRM,Waste,7.4,Nov,1.027,0.5989,622.4762064,35.934,6.4353,29.4987
MRM,Waste,7.4,Dec,1.07,0.5989,648.5389881,35.934,6.6599,29.2741
MRM,Waste,7.5,Jan,1.07,0.6029,644.2361917,36.174,7.3101,28.8639
MRM,Waste,7.5,Feb,1.07,0.6029,644.2361917,36.174,8.5839,27.5901
MRM,Waste,7.5,Mar,1.027,0.6029,618.3463261,36.174,8.4449,27.7291
MRM,Waste,7.5,Apr,0.958,0.6029,576.8021231,36.174,7.4474,28.7266
MRM,Waste,7.5,May,0.958,0.6029,576.8021231,36.174,7.2845,28.8895
MRM,Waste,7.5,Jun,0.958,0.6029,576.8021231,36.174,6.6787,29.4953
MRM,Waste,7.5,Jul,0.958,0.6029,576.8021231,36.174,6.4176,29.7564
MRM,Waste,7.5,Aug,0.958,0.6029,576.8021231,36.174,6.4107,29.7633
MRM,Waste,7.5,Sep,0.958,0.6029,576.8021231,36.174,5.9258,30.2482
MRM,Waste,7.5,Oct,0.987,0.6029,594.2627301,36.174,6.876,29.298
MRM,Waste,7.5,Nov,1.027,0.6029,618.3463261,36.174,6.4353,29.7387
MRM,Waste,7.5,Dec,1.07,0.6029,644.2361917,36.174,6.6599,29.5141
MRM,Waste,7.6,Jan,1.07,0.6069,639.9901137,36.414,7.3101,29.1039
MRM,Waste,7.6,Feb,1.07,0.6069,639.9901137,36.414,8.5839,27.8301
MRM,Waste,7.6,Mar,1.027,0.6069,614.2708848,36.414,8.4449,27.9691
MRM,Waste,7.6,Apr,0.958,0.6069,573.0004943,36.414,7.4474,28.9666
MRM,Waste,7.6,May,0.958,0.6069,573.0004943,36.414,7.2845,29.1295
MRM,Waste,7.6,Jun,0.958,0.6069,573.0004943,36.414,6.6787,29.7353
MRM,Waste,7.6,Jul,0.958,0.6069,573.0004943,36.414,6.4176,29.9964
MRM,Waste,7.6,Aug,0.958,0.6069,573.0004943,36.414,6.4107,30.0033
MRM,Waste,7.6,Sep,0.958,0.6069,573.0004943,36.414,5.9258,30.4882
MRM,Waste,7.6,Oct,0.987,0.6069,590.3460208,36.414,6.876,29.538
MRM,Waste,7.6,Nov,1.027,0.6069,614.2708848,36.414,6.4353,29.9787
MRM,Waste,7.6,Dec,1.07,0.6069,639.9901137,36.414,6.6599,29.7541
MRM,Waste,7.7,Jan,1.07,0.6109,635.7996399,36.654,7.3101,29.3439
MRM,Waste,7.7,Feb,1.07,0.6109,635.7996399,36.654,8.5839,28.0701
MRM,Waste,7.7,Mar,1.027,0.6109,610.2488132,36.654,8.4449,28.2091
MRM,Waste,7.7,Apr,0.958,0.6109,569.2486495,36.654,7.4474,29.2066
MRM,Waste,7.7,May,0.958,0.6109,569.2486495,36.654,7.2845,29.3695
MRM,Waste,7.7,Jun,0.958,0.6109,569.2486495,36.654,6.6787,29.9753
MRM,Waste,7.7,Jul,0.958,0.6109,569.2486495,36.654,6.4176,30.2364
MRM,Waste,7.7,Aug,0.958,0.6109,569.2486495,36.654,6.4107,30.2433
MRM,Waste,7.7,Sep,0.958,0.6109,569.2486495,36.654,5.9258,30.7282
MRM,Waste,7.7,Oct,0.987,0.6109,586.4806024,36.654,6.876,29.778
MRM,Waste,7.7,Nov,1.027,0.6109,610.2488132,36.654,6.4353,30.2187
MRM,Waste,7.7,Dec,1.07,0.6109,635.7996399,36.654,6.6599,29.9941
MRM,Waste,7.8,Jan,1.07,0.6149,631.6636852,36.894,7.3101,29.5839
MRM,Waste,7.8,Feb,1.07,0.6149,631.6636852,36.894,8.5839,28.3101
MRM,Waste,7.8,Mar,1.027,0.6149,606.2790698,36.894,8.4449,28.4491
MRM,Waste,7.8,Apr,0.958,0.6149,565.5456172,36.894,7.4474,29.4466
MRM,Waste,7.8,May,0.958,0.6149,565.5456172,36.894,7.2845,29.6095
MRM,Waste,7.8,Jun,0.958,0.6149,565.5456172,36.894,6.6787,30.2153
MRM,Waste,7.8,Jul,0.958,0.6149,565.5456172,36.894,6.4176,30.4764
MRM,Waste,7.8,Aug,0.958,0.6149,565.5456172,36.894,6.4107,30.4833
MRM,Waste,7.8,Sep,0.958,0.6149,565.5456172,36.894,5.9258,30.9682
MRM,Waste,7.8,Oct,0.987,0.6149,582.6654741,36.894,6.876,30.018
MRM,Waste,7.8,Nov,1.027,0.6149,606.2790698,36.894,6.4353,30.4587
MRM,Waste,7.8,Dec,1.07,0.6149,631.6636852,36.894,6.6599,30.2341
MRM,Waste,7.9,Jan,1.07,0.6189,627.5811924,37.134,7.3101,29.8239
MRM,Waste,7.9,Feb,1.07,0.6189,627.5811924,37.134,8.5839,28.5501
MRM,Waste,7.9,Mar,1.027,0.6189,602.3606398,37.134,8.4449,28.6891
MRM,Waste,7.9,Apr,0.958,0.6189,561.8904508,37.134,7.4474,29.6866
MRM,Waste,7.9,May,0.958,0.6189,561.8904508,37.134,7.2845,29.8495
MRM,Waste,7.9,Jun,0.958,0.6189,561.8904508,37.134,6.6787,30.4553
MRM,Waste,7.9,Jul,0.958,0.6189,561.8904508,37.134,6.4176,30.7164
MRM,Waste,7.9,Aug,0.958,0.6189,561.8904508,37.134,6.4107,30.7233
MRM,Waste,7.9,Sep,0.958,0.6189,561.8904508,37.134,5.9258,31.2082
MRM,Waste,7.9,Oct,0.987,0.6189,578.8996607,37.134,6.876,30.258
MRM,Waste,7.9,Nov,1.027,0.6189,602.3606398,37.134,6.4353,30.6987
MRM,Waste,7.9,Dec,1.07,0.6189,627.5811924,37.134,6.6599,30.4741
MRM,Waste,8,Jan,1.07,0.6229,623.5511318,37.374,7.3101,30.0639
MRM,Waste,8,Feb,1.07,0.6229,623.5511318,37.374,8.5839,28.7901
MRM,Waste,8,Mar,1.027,0.6229,598.4925349,37.374,8.4449,28.9291
MRM,Waste,8,Apr,0.958,0.6229,558.2822283,37.374,7.4474,29.9266
MRM,Waste,8,May,0.958,0.6229,558.2822283,37.374,7.2845,30.0895
MRM,Waste,8,Jun,0.958,0.6229,558.2822283,37.374,6.6787,30.6953
MRM,Waste,8,Jul,0.958,0.6229,558.2822283,37.374,6.4176,30.9564
MRM,Waste,8,Aug,0.958,0.6229,558.2822283,37.374,6.4107,30.9633
MRM,Waste,8,Sep,0.958,0.6229,558.2822283,37.374,5.9258,31.4482
MRM,Waste,8,Oct,0.987,0.6229,575.1822122,37.374,6.876,30.498
MRM,Waste,8,Nov,1.027,0.6229,598.4925349,37.374,6.4353,30.9387
MRM,Waste,8,Dec,1.07,0.6229,623.5511318,37.374,6.6599,30.7141
MRM,Waste,8.1,Jan,1.07,0.6269,619.5724996,37.614,7.3101,30.3039
MRM,Waste,8.1,Feb,1.07,0.6269,619.5724996,37.614,8.5839,29.0301
MRM,Waste,8.1,Mar,1.027,0.6269,594.6737917,37.614,8.4449,29.1691
MRM,Waste,8.1,Apr,0.958,0.6269,554.720051,37.614,7.4474,30.1666
MRM,Waste,8.1,May,0.958,0.6269,554.720051,37.614,7.2845,30.3295
MRM,Waste,8.1,Jun,0.958,0.6269,554.720051,37.614,6.6787,30.9353
MRM,Waste,8.1,Jul,0.958,0.6269,554.720051,37.614,6.4176,31.1964
MRM,Waste,8.1,Aug,0.958,0.6269,554.720051,37.614,6.4107,31.2033
MRM,Waste,8.1,Sep,0.958,0.6269,554.720051,37.614,5.9258,31.6882
MRM,Waste,8.1,Oct,0.987,0.6269,571.5122029,37.614,6.876,30.738
MRM,Waste,8.1,Nov,1.027,0.6269,594.6737917,37.614,6.4353,31.1787
MRM,Waste,8.1,Dec,1.07,0.6269,619.5724996,37.614,6.6599,30.9541
MRM,Waste,8.2,Jan,1.07,0.6309,615.6443176,37.854,7.3101,30.5439
MRM,Waste,8.2,Feb,1.07,0.6309,615.6443176,37.854,8.5839,29.2701
MRM,Waste,8.2,Mar,1.027,0.6309,590.9034712,37.854,8.4449,29.4091
MRM,Waste,8.2,Apr,0.958,0.6309,551.2030433,37.854,7.4474,30.4066
MRM,Waste,8.2,May,0.958,0.6309,551.2030433,37.854,7.2845,30.5695
MRM,Waste,8.2,Jun,0.958,0.6309,551.2030433,37.854,6.6787,31.1753
MRM,Waste,8.2,Jul,0.958,0.6309,551.2030433,37.854,6.4176,31.4364
MRM,Waste,8.2,Aug,0.958,0.6309,551.2030433,37.854,6.4107,31.4433
MRM,Waste,8.2,Sep,0.958,0.6309,551.2030433,37.854,5.9258,31.9282
MRM,Waste,8.2,Oct,0.987,0.6309,567.8887304,37.854,6.876,30.978
MRM,Waste,8.2,Nov,1.027,0.6309,590.9034712,37.854,6.4353,31.4187
MRM,Waste,8.2,Dec,1.07,0.6309,615.6443176,37.854,6.6599,31.1941
MRM,Waste,8.3,Jan,1.07,0.6349,611.7656324,38.094,7.3101,30.7839
MRM,Waste,8.3,Feb,1.07,0.6349,611.7656324,38.094,8.5839,29.5101
MRM,Waste,8.3,Mar,1.027,0.6349,587.1806584,38.094,8.4449,29.6491
MRM,Waste,8.3,Apr,0.958,0.6349,547.7303512,38.094,7.4474,30.6466
MRM,Waste,8.3,May,0.958,0.6349,547.7303512,38.094,7.2845,30.8095
MRM,Waste,8.3,Jun,0.958,0.6349,547.7303512,38.094,6.6787,31.4153
MRM,Waste,8.3,Jul,0.958,0.6349,547.7303512,38.094,6.4176,31.6764
MRM,Waste,8.3,Aug,0.958,0.6349,547.7303512,38.094,6.4107,31.6833
MRM,Waste,8.3,Sep,0.958,0.6349,547.7303512,38.094,5.9258,32.1682
MRM,Waste,8.3,Oct,0.987,0.6349,564.3109151,38.094,6.876,31.218
MRM,Waste,8.3,Nov,1.027,0.6349,587.1806584,38.094,6.4353,31.6587
MRM,Waste,8.3,Dec,1.07,0.6349,611.7656324,38.094,6.6599,31.4341
MRM,Waste,8.4,Jan,1.07,0.6389,607.9355142,38.334,7.3101,31.0239
MRM,Waste,8.4,Feb,1.07,0.6389,607.9355142,38.334,8.5839,29.7501
MRM,Waste,8.4,Mar,1.027,0.6389,583.5044608,38.334,8.4449,29.8891
MRM,Waste,8.4,Apr,0.958,0.6389,544.3011426,38.334,7.4474,30.8866
MRM,Waste,8.4,May,0.958,0.6389,544.3011426,38.334,7.2845,31.0495
MRM,Waste,8.4,Jun,0.958,0.6389,544.3011426,38.334,6.6787,31.6553
MRM,Waste,8.4,Jul,0.958,0.6389,544.3011426,38.334,6.4176,31.9164
MRM,Waste,8.4,Aug,0.958,0.6389,544.3011426,38.334,6.4107,31.9233
MRM,Waste,8.4,Sep,0.958,0.6389,544.3011426,38.334,5.9258,32.4082
MRM,Waste,8.4,Oct,0.987,0.6389,560.7778995,38.334,6.876,31.458
MRM,Waste,8.4,Nov,1.027,0.6389,583.5044608,38.334,6.4353,31.8987
MRM,Waste,8.4,Dec,1.07,0.6389,607.9355142,38.334,6.6599,31.6741
MRM,Waste,8.5,Jan,1.07,0.6429,604.1530565,38.574,7.3101,31.2639
MRM,Waste,8.5,Feb,1.07,0.6429,604.1530565,38.574,8.5839,29.9901
MRM,Waste,8.5,Mar,1.027,0.6429,579.8740084,38.574,8.4449,30.1291
MRM,Waste,8.5,Apr,0.958,0.6429,540.9146057,38.574,7.4474,31.1266
MRM,Waste,8.5,May,0.958,0.6429,540.9146057,38.574,7.2845,31.2895
MRM,Waste,8.5,Jun,0.958,0.6429,540.9146057,38.574,6.6787,31.8953
MRM,Waste,8.5,Jul,0.958,0.6429,540.9146057,38.574,6.4176,32.1564
MRM,Waste,8.5,Aug,0.958,0.6429,540.9146057,38.574,6.4107,32.1633
MRM,Waste,8.5,Sep,0.958,0.6429,540.9146057,38.574,5.9258,32.6482
MRM,Waste,8.5,Oct,0.987,0.6429,557.2888474,38.574,6.876,31.698
MRM,Waste,8.5,Nov,1.027,0.6429,579.8740084,38.574,6.4353,32.1387
MRM,Waste,8.5,Dec,1.07,0.6429,604.1530565,38.574,6.6599,31.9141
MRM,Waste,8.6,Jan,1.07,0.6469,600.4173752,38.814,7.3101,31.5039
MRM,Waste,8.6,Feb,1.07,0.6469,600.4173752,38.814,8.5839,30.2301
MRM,Waste,8.6,Mar,1.027,0.6469,576.2884526,38.814,8.4449,30.3691
MRM,Waste,8.6,Apr,0.958,0.6469,537.569949,38.814,7.4474,31.3666
MRM,Waste,8.6,May,0.958,0.6469,537.569949,38.814,7.2845,31.5295
MRM,Waste,8.6,Jun,0.958,0.6469,537.569949,38.814,6.6787,32.1353
MRM,Waste,8.6,Jul,0.958,0.6469,537.569949,38.814,6.4176,32.3964
MRM,Waste,8.6,Aug,0.958,0.6469,537.569949,38.814,6.4107,32.4033
MRM,Waste,8.6,Sep,0.958,0.6469,537.569949,38.814,5.9258,32.8882
MRM,Waste,8.6,Oct,0.987,0.6469,553.8429433,38.814,6.876,31.938
MRM,Waste,8.6,Nov,1.027,0.6469,576.2884526,38.814,6.4353,32.3787
MRM,Waste,8.6,Dec,1.07,0.6469,600.4173752,38.814,6.6599,32.1541
MRM,Waste,8.7,Jan,1.07,0.6509,596.7276079,39.054,7.3101,31.7439
MRM,Waste,8.7,Feb,1.07,0.6509,596.7276079,39.054,8.5839,30.4701
MRM,Waste,8.7,Mar,1.027,0.6509,572.7469657,39.054,8.4449,30.6091
MRM,Waste,8.7,Apr,0.958,0.6509,534.2664004,39.054,7.4474,31.6066
MRM,Waste,8.7,May,0.958,0.6509,534.2664004,39.054,7.2845,31.7695
MRM,Waste,8.7,Jun,0.958,0.6509,534.2664004,39.054,6.6787,32.3753
MRM,Waste,8.7,Jul,0.958,0.6509,534.2664004,39.054,6.4176,32.6364
MRM,Waste,8.7,Aug,0.958,0.6509,534.2664004,39.054,6.4107,32.6433
MRM,Waste,8.7,Sep,0.958,0.6509,534.2664004,39.054,5.9258,33.1282
MRM,Waste,8.7,Oct,0.987,0.6509,550.4393916,39.054,6.876,32.178
MRM,Waste,8.7,Nov,1.027,0.6509,572.7469657,39.054,6.4353,32.6187
MRM,Waste,8.7,Dec,1.07,0.6509,596.7276079,39.054,6.6599,32.3941
MRM,Waste,8.8,Jan,1.07,0.6549,593.0829134,39.294,7.3101,31.9839
MRM,Waste,8.8,Feb,1.07,0.6549,593.0829134,39.294,8.5839,30.7101
MRM,Waste,8.8,Mar,1.027,0.6549,569.2487403,39.294,8.4449,30.8491
MRM,Waste,8.8,Apr,0.958,0.6549,531.0032066,39.294,7.4474,31.8466
MRM,Waste,8.8,May,0.958,0.6549,531.0032066,39.294,7.2845,32.0095
MRM,Waste,8.8,Jun,0.958,0.6549,531.0032066,39.294,6.6787,32.6153
MRM,Waste,8.8,Jul,0.958,0.6549,531.0032066,39.294,6.4176,32.8764
MRM,Waste,8.8,Aug,0.958,0.6549,531.0032066,39.294,6.4107,32.8833
MRM,Waste,8.8,Sep,0.958,0.6549,531.0032066,39.294,5.9258,33.3682
MRM,Waste,8.8,Oct,0.987,0.6549,547.0774164,39.294,6.876,32.418
MRM,Waste,8.8,Nov,1.027,0.6549,569.2487403,39.294,6.4353,32.8587
MRM,Waste,8.8,Dec,1.07,0.6549,593.0829134,39.294,6.6599,32.6341
MRM,Waste,8.9,Jan,1.07,0.6589,589.4824708,39.534,7.3101,32.2239
MRM,Waste,8.9,Feb,1.07,0.6589,589.4824708,39.534,8.5839,30.9501
MRM,Waste,8.9,Mar,1.027,0.6589,565.7929883,39.534,8.4449,31.0891
MRM,Waste,8.9,Apr,0.958,0.6589,527.7796327,39.534,7.4474,32.0866
MRM,Waste,8.9,May,0.958,0.6589,527.7796327,39.534,7.2845,32.2495
MRM,Waste,8.9,Jun,0.958,0.6589,527.7796327,39.534,6.6787,32.8553
MRM,Waste,8.9,Jul,0.958,0.6589,527.7796327,39.534,6.4176,33.1164
MRM,Waste,8.9,Aug,0.958,0.6589,527.7796327,39.534,6.4107,33.1233
MRM,Waste,8.9,Sep,0.958,0.6589,527.7796327,39.534,5.9258,33.6082
MRM,Waste,8.9,Oct,0.987,0.6589,543.7562604,39.534,6.876,32.658
MRM,Waste,8.9,Nov,1.027,0.6589,565.7929883,39.534,6.4353,33.0987
MRM,Waste,8.9,Dec,1.07,0.6589,589.4824708,39.534,6.6599,32.8741
MRM,Waste,9,Jan,1.07,0.6629,585.925479,39.774,7.3101,32.4639
MRM,Waste,9,Feb,1.07,0.6629,585.925479,39.774,8.5839,31.1901
MRM,Waste,9,Mar,1.027,0.6629,562.378941,39.774,8.4449,31.3291
MRM,Waste,9,Apr,0.958,0.6629,524.5949615,39.774,7.4474,32.3266
MRM,Waste,9,May,0.958,0.6629,524.5949615,39.774,7.2845,32.4895
MRM,Waste,9,Jun,0.958,0.6629,524.5949615,39.774,6.6787,33.0953
MRM,Waste,9,Jul,0.958,0.6629,524.5949615,39.774,6.4176,33.3564
MRM,Waste,9,Aug,0.958,0.6629,524.5949615,39.774,6.4107,33.3633
MRM,Waste,9,Sep,0.958,0.6629,524.5949615,39.774,5.9258,33.8482
MRM,Waste,9,Oct,0.987,0.6629,540.4751848,39.774,6.876,32.898
MRM,Waste,9,Nov,1.027,0.6629,562.378941,39.774,6.4353,33.3387
MRM,Waste,9,Dec,1.07,0.6629,585.925479,39.774,6.6599,33.1141
MRM,Waste,9.1,Jan,1.07,0.6669,582.4111561,40.014,7.3101,32.7039
MRM,Waste,9.1,Feb,1.07,0.6669,582.4111561,40.014,8.5839,31.4301
MRM,Waste,9.1,Mar,1.027,0.6669,559.005848,40.014,8.4449,31.5691
MRM,Waste,9.1,Apr,0.958,0.6669,521.448493,40.014,7.4474,32.5666
MRM,Waste,9.1,May,0.958,0.6669,521.448493,40.014,7.2845,32.7295
MRM,Waste,9.1,Jun,0.958,0.6669,521.448493,40.014,6.6787,33.3353
MRM,Waste,9.1,Jul,0.958,0.6669,521.448493,40.014,6.4176,33.5964
MRM,Waste,9.1,Aug,0.958,0.6669,521.448493,40.014,6.4107,33.6033
MRM,Waste,9.1,Sep,0.958,0.6669,521.448493,40.014,5.9258,34.0882
MRM,Waste,9.1,Oct,0.987,0.6669,537.2334683,40.014,6.876,33.138
MRM,Waste,9.1,Nov,1.027,0.6669,559.005848,40.014,6.4353,33.5787
MRM,Waste,9.1,Dec,1.07,0.6669,582.4111561,40.014,6.6599,33.3541
MRM,Waste,9.2,Jan,1.07,0.6709,578.938739,40.254,7.3101,32.9439
MRM,Waste,9.2,Feb,1.07,0.6709,578.938739,40.254,8.5839,31.6701
MRM,Waste,9.2,Mar,1.027,0.6709,555.6729766,40.254,8.4449,31.8091
MRM,Waste,9.2,Apr,0.958,0.6709,518.3395439,40.254,7.4474,32.8066
MRM,Waste,9.2,May,0.958,0.6709,518.3395439,40.254,7.2845,32.9695
MRM,Waste,9.2,Jun,0.958,0.6709,518.3395439,40.254,6.6787,33.5753
MRM,Waste,9.2,Jul,0.958,0.6709,518.3395439,40.254,6.4176,33.8364
MRM,Waste,9.2,Aug,0.958,0.6709,518.3395439,40.254,6.4107,33.8433
MRM,Waste,9.2,Sep,0.958,0.6709,518.3395439,40.254,5.9258,34.3282
MRM,Waste,9.2,Oct,0.987,0.6709,534.0304069,40.254,6.876,33.378
MRM,Waste,9.2,Nov,1.027,0.6709,555.6729766,40.254,6.4353,33.8187
MRM,Waste,9.2,Dec,1.07,0.6709,578.938739,40.254,6.6599,33.5941
MRM,Waste,9.3,Jan,1.07,0.6749,575.5074826,40.494,7.3101,33.1839
MRM,Waste,9.3,Feb,1.07,0.6749,575.5074826,40.494,8.5839,31.9101
MRM,Waste,9.3,Mar,1.027,0.6749,552.3796118,40.494,8.4449,32.0491
MRM,Waste,9.3,Apr,0.958,0.6749,515.267447,40.494,7.4474,33.0466
MRM,Waste,9.3,May,0.958,0.6749,515.267447,40.494,7.2845,33.2095
MRM,Waste,9.3,Jun,0.958,0.6749,515.267447,40.494,6.6787,33.8153
MRM,Waste,9.3,Jul,0.958,0.6749,515.267447,40.494,6.4176,34.0764
MRM,Waste,9.3,Aug,0.958,0.6749,515.267447,40.494,6.4107,34.0833
MRM,Waste,9.3,Sep,0.958,0.6749,515.267447,40.494,5.9258,34.5682
MRM,Waste,9.3,Oct,0.987,0.6749,530.8653134,40.494,6.876,33.618
MRM,Waste,9.3,Nov,1.027,0.6749,552.3796118,40.494,6.4353,34.0587
MRM,Waste,9.3,Dec,1.07,0.6749,575.5074826,40.494,6.6599,33.8341
MRM,Waste,9.4,Jan,1.07,0.6789,572.1166593,40.734,7.3101,33.4239
MRM,Waste,9.4,Feb,1.07,0.6789,572.1166593,40.734,8.5839,32.1501
MRM,Waste,9.4,Mar,1.027,0.6789,549.1250552,40.734,8.4449,32.2891
MRM,Waste,9.4,Apr,0.958,0.6789,512.231551,40.734,7.4474,33.2866
MRM,Waste,9.4,May,0.958,0.6789,512.231551,40.734,7.2845,33.4495
MRM,Waste,9.4,Jun,0.958,0.6789,512.231551,40.734,6.6787,34.0553
MRM,Waste,9.4,Jul,0.958,0.6789,512.231551,40.734,6.4176,34.3164
MRM,Waste,9.4,Aug,0.958,0.6789,512.231551,40.734,6.4107,34.3233
MRM,Waste,9.4,Sep,0.958,0.6789,512.231551,40.734,5.9258,34.8082
MRM,Waste,9.4,Oct,0.987,0.6789,527.7375166,40.734,6.876,33.858
MRM,Waste,9.4,Nov,1.027,0.6789,549.1250552,40.734,6.4353,34.2987
MRM,Waste,9.4,Dec,1.07,0.6789,572.1166593,40.734,6.6599,34.0741
MRM,Waste,9.5,Jan,1.07,0.6829,568.7655586,40.974,7.3101,33.6639
MRM,Waste,9.5,Feb,1.07,0.6829,568.7655586,40.974,8.5839,32.3901
MRM,Waste,9.5,Mar,1.027,0.6829,545.908625,40.974,8.4449,32.5291
MRM,Waste,9.5,Apr,0.958,0.6829,509.2312198,40.974,7.4474,33.5266
MRM,Waste,9.5,May,0.958,0.6829,509.2312198,40.974,7.2845,33.6895
MRM,Waste,9.5,Jun,0.958,0.6829,509.2312198,40.974,6.6787,34.2953
MRM,Waste,9.5,Jul,0.958,0.6829,509.2312198,40.974,6.4176,34.5564
MRM,Waste,9.5,Aug,0.958,0.6829,509.2312198,40.974,6.4107,34.5633
MRM,Waste,9.5,Sep,0.958,0.6829,509.2312198,40.974,5.9258,35.0482
MRM,Waste,9.5,Oct,0.987,0.6829,524.6463611,40.974,6.876,34.098
MRM,Waste,9.5,Nov,1.027,0.6829,545.908625,40.974,6.4353,34.5387
MRM,Waste,9.5,Dec,1.07,0.6829,568.7655586,40.974,6.6599,34.3141
MRM,Waste,9.6,Jan,1.07,0.6869,565.4534867,41.214,7.3101,33.9039
MRM,Waste,9.6,Feb,1.07,0.6869,565.4534867,41.214,8.5839,32.6301
MRM,Waste,9.6,Mar,1.027,0.6869,542.729655,41.214,8.4449,32.7691
MRM,Waste,9.6,Apr,0.958,0.6869,506.265832,41.214,7.4474,33.7666
MRM,Waste,9.6,May,0.958,0.6869,506.265832,41.214,7.2845,33.9295
MRM,Waste,9.6,Jun,0.958,0.6869,506.265832,41.214,6.6787,34.5353
MRM,Waste,9.6,Jul,0.958,0.6869,506.265832,41.214,6.4176,34.7964
MRM,Waste,9.6,Aug,0.958,0.6869,506.265832,41.214,6.4107,34.8033
MRM,Waste,9.6,Sep,0.958,0.6869,506.265832,41.214,5.9258,35.2882
MRM,Waste,9.6,Oct,0.987,0.6869,521.5912069,41.214,6.876,34.338
MRM,Waste,9.6,Nov,1.027,0.6869,542.729655,41.214,6.4353,34.7787
MRM,Waste,9.6,Dec,1.07,0.6869,565.4534867,41.214,6.6599,34.5541
MRM,Waste,9.7,Jan,1.07,0.6909,562.1797655,41.454,7.3101,34.1439
MRM,Waste,9.7,Feb,1.07,0.6909,562.1797655,41.454,8.5839,32.8701
MRM,Waste,9.7,Mar,1.027,0.6909,539.5874946,41.454,8.4449,33.0091
MRM,Waste,9.7,Apr,0.958,0.6909,503.3347807,41.454,7.4474,34.0066
MRM,Waste,9.7,May,0.958,0.6909,503.3347807,41.454,7.2845,34.1695
MRM,Waste,9.7,Jun,0.958,0.6909,503.3347807,41.454,6.6787,34.7753
MRM,Waste,9.7,Jul,0.958,0.6909,503.3347807,41.454,6.4176,35.0364
MRM,Waste,9.7,Aug,0.958,0.6909,503.3347807,41.454,6.4107,35.0433
MRM,Waste,9.7,Sep,0.958,0.6909,503.3347807,41.454,5.9258,35.5282
MRM,Waste,9.7,Oct,0.987,0.6909,518.5714286,41.454,6.876,34.578
MRM,Waste,9.7,Nov,1.027,0.6909,539.5874946,41.454,6.4353,35.0187
MRM,Waste,9.7,Dec,1.07,0.6909,562.1797655,41.454,6.6599,34.7941
MRM,Waste,9.8,Jan,1.07,0.6949,558.9437329,41.694,7.3101,34.3839
MRM,Waste,9.8,Feb,1.07,0.6949,558.9437329,41.694,8.5839,33.1101
MRM,Waste,9.8,Mar,1.027,0.6949,536.4815081,41.694,8.4449,33.2491
MRM,Waste,9.8,Apr,0.958,0.6949,500.437473,41.694,7.4474,34.2466
MRM,Waste,9.8,May,0.958,0.6949,500.437473,41.694,7.2845,34.4095
MRM,Waste,9.8,Jun,0.958,0.6949,500.437473,41.694,6.6787,35.0153
MRM,Waste,9.8,Jul,0.958,0.6949,500.437473,41.694,6.4176,35.2764
MRM,Waste,9.8,Aug,0.958,0.6949,500.437473,41.694,6.4107,35.2833
MRM,Waste,9.8,Sep,0.958,0.6949,500.437473,41.694,5.9258,35.7682
MRM,Waste,9.8,Oct,0.987,0.6949,515.5864153,41.694,6.876,34.818
MRM,Waste,9.8,Nov,1.027,0.6949,536.4815081,41.694,6.4353,35.2587
MRM,Waste,9.8,Dec,1.07,0.6949,558.9437329,41.694,6.6599,35.0341
MRM,Waste,9.9,Jan,1.07,0.6989,555.7447417,41.934,7.3101,34.6239
MRM,Waste,9.9,Feb,1.07,0.6989,555.7447417,41.934,8.5839,33.3501
MRM,Waste,9.9,Mar,1.027,0.6989,533.4110745,41.934,8.4449,33.4891
MRM,Waste,9.9,Apr,0.958,0.6989,497.5733295,41.934,7.4474,34.4866
MRM,Waste,9.9,May,0.958,0.6989,497.5733295,41.934,7.2845,34.6495
MRM,Waste,9.9,Jun,0.958,0.6989,497.5733295,41.934,6.6787,35.2553
MRM,Waste,9.9,Jul,0.958,0.6989,497.5733295,41.934,6.4176,35.5164
MRM,Waste,9.9,Aug,0.958,0.6989,497.5733295,41.934,6.4107,35.5233
MRM,Waste,9.9,Sep,0.958,0.6989,497.5733295,41.934,5.9258,36.0082
MRM,Waste,9.9,Oct,0.987,0.6989,512.6355702,41.934,6.876,35.058
MRM,Waste,9.9,Nov,1.027,0.6989,533.4110745,41.934,6.4353,35.4987
MRM,Waste,9.9,Dec,1.07,0.6989,555.7447417,41.934,6.6599,35.2741
MRM,Waste,10,Jan,1.07,0.7029,552.5821596,42.174,7.3101,34.8639
MRM,Waste,10,Feb,1.07,0.7029,552.5821596,42.174,8.5839,33.5901
MRM,Waste,10,Mar,1.027,0.7029,530.3755869,42.174,8.4449,33.7291
MRM,Waste,10,Apr,0.958,0.7029,494.741784,42.174,7.4474,34.7266
MRM,Waste,10,May,0.958,0.7029,494.741784,42.174,7.2845,34.8895
MRM,Waste,10,Jun,0.958,0.7029,494.741784,42.174,6.6787,35.4953
MRM,Waste,10,Jul,0.958,0.7029,494.741784,42.174,6.4176,35.7564
MRM,Waste,10,Aug,0.958,0.7029,494.741784,42.174,6.4107,35.7633
MRM,Waste,10,Sep,0.958,0.7029,494.741784,42.174,5.9258,36.2482
MRM,Waste,10,Oct,0.987,0.7029,509.7183099,42.174,6.876,35.298
MRM,Waste,10,Nov,1.027,0.7029,530.3755869,42.174,6.4353,35.7387
MRM,Waste,10,Dec,1.07,0.7029,552.5821596,42.174,6.6599,35.5141
MRM,Waste,10.1,Jan,1.07,0.7069,549.4553685,42.414,7.3101,35.1039
MRM,Waste,10.1,Feb,1.07,0.7069,549.4553685,42.414,8.5839,33.8301
MRM,Waste,10.1,Mar,1.027,0.7069,527.3744518,42.414,8.4449,33.9691
MRM,Waste,10.1,Apr,0.958,0.7069,491.9422832,42.414,7.4474,34.9666
MRM,Waste,10.1,May,0.958,0.7069,491.9422832,42.414,7.2845,35.1295
MRM,Waste,10.1,Jun,0.958,0.7069,491.9422832,42.414,6.6787,35.7353
MRM,Waste,10.1,Jul,0.958,0.7069,491.9422832,42.414,6.4176,35.9964
MRM,Waste,10.1,Aug,0.958,0.7069,491.9422832,42.414,6.4107,36.0033
MRM,Waste,10.1,Sep,0.958,0.7069,491.9422832,42.414,5.9258,36.4882
MRM,Waste,10.1,Oct,0.987,0.7069,506.8340642,42.414,6.876,35.538
MRM,Waste,10.1,Nov,1.027,0.7069,527.3744518,42.414,6.4353,35.9787
MRM,Waste,10.1,Dec,1.07,0.7069,549.4553685,42.414,6.6599,35.7541
MRM,Waste,10.2,Jan,1.07,0.7109,546.3637642,42.654,7.3101,35.3439
MRM,Waste,10.2,Feb,1.07,0.7109,546.3637642,42.654,8.5839,34.0701
MRM,Waste,10.2,Mar,1.027,0.7109,524.4070896,42.654,8.4449,34.2091
MRM,Waste,10.2,Apr,0.958,0.7109,489.1742861,42.654,7.4474,35.2066
MRM,Waste,10.2,May,0.958,0.7109,489.1742861,42.654,7.2845,35.3695
MRM,Waste,10.2,Jun,0.958,0.7109,489.1742861,42.654,6.6787,35.9753
MRM,Waste,10.2,Jul,0.958,0.7109,489.1742861,42.654,6.4176,36.2364
MRM,Waste,10.2,Aug,0.958,0.7109,489.1742861,42.654,6.4107,36.2433
MRM,Waste,10.2,Sep,0.958,0.7109,489.1742861,42.654,5.9258,36.7282
MRM,Waste,10.2,Oct,0.987,0.7109,503.982276,42.654,6.876,35.778
MRM,Waste,10.2,Nov,1.027,0.7109,524.4070896,42.654,6.4353,36.2187
MRM,Waste,10.2,Dec,1.07,0.7109,546.3637642,42.654,6.6599,35.9941
MRM,Waste,10.3,Jan,1.07,0.7149,543.3067562,42.894,7.3101,35.5839
MRM,Waste,10.3,Feb,1.07,0.7149,543.3067562,42.894,8.5839,34.3101
MRM,Waste,10.3,Mar,1.027,0.7149,521.4729333,42.894,8.4449,34.4491
MRM,Waste,10.3,Apr,0.958,0.7149,486.437264,42.894,7.4474,35.4466
MRM,Waste,10.3,May,0.958,0.7149,486.437264,42.894,7.2845,35.6095
MRM,Waste,10.3,Jun,0.958,0.7149,486.437264,42.894,6.6787,36.2153
MRM,Waste,10.3,Jul,0.958,0.7149,486.437264,42.894,6.4176,36.4764
MRM,Waste,10.3,Aug,0.958,0.7149,486.437264,42.894,6.4107,36.4833
MRM,Waste,10.3,Sep,0.958,0.7149,486.437264,42.894,5.9258,36.9682
MRM,Waste,10.3,Oct,0.987,0.7149,501.1624003,42.894,6.876,36.018
MRM,Waste,10.3,Nov,1.027,0.7149,521.4729333,42.894,6.4353,36.4587
MRM,Waste,10.3,Dec,1.07,0.7149,543.3067562,42.894,6.6599,36.2341
MRM,Waste,10.4,Jan,1.07,0.7189,540.2837669,43.134,7.3101,35.8239
MRM,Waste,10.4,Feb,1.07,0.7189,540.2837669,43.134,8.5839,34.5501
MRM,Waste,10.4,Mar,1.027,0.7189,518.5714286,43.134,8.4449,34.6891
MRM,Waste,10.4,Apr,0.958,0.7189,483.7306997,43.134,7.4474,35.6866
MRM,Waste,10.4,May,0.958,0.7189,483.7306997,43.134,7.2845,35.8495
MRM,Waste,10.4,Jun,0.958,0.7189,483.7306997,43.134,6.6787,36.4553
MRM,Waste,10.4,Jul,0.958,0.7189,483.7306997,43.134,6.4176,36.7164
MRM,Waste,10.4,Aug,0.958,0.7189,483.7306997,43.134,6.4107,36.7233
MRM,Waste,10.4,Sep,0.958,0.7189,483.7306997,43.134,5.9258,37.2082
MRM,Waste,10.4,Oct,0.987,0.7189,498.3739046,43.134,6.876,36.258
MRM,Waste,10.4,Nov,1.027,0.7189,518.5714286,43.134,6.4353,36.6987
MRM,Waste,10.4,Dec,1.07,0.7189,540.2837669,43.134,6.6599,36.4741
MRM,Waste,10.5,Jan,1.07,0.7229,537.2942316,43.374,7.3101,36.0639
MRM,Waste,10.5,Feb,1.07,0.7229,537.2942316,43.374,8.5839,34.7901
MRM,Waste,10.5,Mar,1.027,0.7229,515.7020335,43.374,8.4449,34.9291
MRM,Waste,10.5,Apr,0.958,0.7229,481.0540877,43.374,7.4474,35.9266
MRM,Waste,10.5,May,0.958,0.7229,481.0540877,43.374,7.2845,36.0895
MRM,Waste,10.5,Jun,0.958,0.7229,481.0540877,43.374,6.6787,36.6953
MRM,Waste,10.5,Jul,0.958,0.7229,481.0540877,43.374,6.4176,36.9564
MRM,Waste,10.5,Aug,0.958,0.7229,481.0540877,43.374,6.4107,36.9633
MRM,Waste,10.5,Sep,0.958,0.7229,481.0540877,43.374,5.9258,37.4482
MRM,Waste,10.5,Oct,0.987,0.7229,495.6162678,43.374,6.876,36.498
MRM,Waste,10.5,Nov,1.027,0.7229,515.7020335,43.374,6.4353,36.9387
MRM,Waste,10.5,Dec,1.07,0.7229,537.2942316,43.374,6.6599,36.7141
MRM,Waste,10.6,Jan,1.07,0.7269,534.337598,43.614,7.3101,36.3039
MRM,Waste,10.6,Feb,1.07,0.7269,534.337598,43.614,8.5839,35.0301
MRM,Waste,10.6,Mar,1.027,0.7269,512.8642179,43.614,8.4449,35.1691
MRM,Waste,10.6,Apr,0.958,0.7269,478.4069336,43.614,7.4474,36.1666
MRM,Waste,10.6,May,0.958,0.7269,478.4069336,43.614,7.2845,36.3295
MRM,Waste,10.6,Jun,0.958,0.7269,478.4069336,43.614,6.6787,36.9353
MRM,Waste,10.6,Jul,0.958,0.7269,478.4069336,43.614,6.4176,37.1964
MRM,Waste,10.6,Aug,0.958,0.7269,478.4069336,43.614,6.4107,37.2033
MRM,Waste,10.6,Sep,0.958,0.7269,478.4069336,43.614,5.9258,37.6882
MRM,Waste,10.6,Oct,0.987,0.7269,492.8889806,43.614,6.876,36.738
MRM,Waste,10.6,Nov,1.027,0.7269,512.8642179,43.614,6.4353,37.1787
MRM,Waste,10.6,Dec,1.07,0.7269,534.337598,43.614,6.6599,36.9541
MRM,Waste,10.7,Jan,1.07,0.7309,531.413326,43.854,7.3101,36.5439
MRM,Waste,10.7,Feb,1.07,0.7309,531.413326,43.854,8.5839,35.2701
MRM,Waste,10.7,Mar,1.027,0.7309,510.0574634,43.854,8.4449,35.4091
MRM,Waste,10.7,Apr,0.958,0.7309,475.7887536,43.854,7.4474,36.4066
MRM,Waste,10.7,May,0.958,0.7309,475.7887536,43.854,7.2845,36.5695
MRM,Waste,10.7,Jun,0.958,0.7309,475.7887536,43.854,6.6787,37.1753
MRM,Waste,10.7,Jul,0.958,0.7309,475.7887536,43.854,6.4176,37.4364
MRM,Waste,10.7,Aug,0.958,0.7309,475.7887536,43.854,6.4107,37.4433
MRM,Waste,10.7,Sep,0.958,0.7309,475.7887536,43.854,5.9258,37.9282
MRM,Waste,10.7,Oct,0.987,0.7309,490.1915447,43.854,6.876,36.978
MRM,Waste,10.7,Nov,1.027,0.7309,510.0574634,43.854,6.4353,37.4187
MRM,Waste,10.7,Dec,1.07,0.7309,531.413326,43.854,6.6599,37.1941
MRM,Waste,10.8,Jan,1.07,0.7349,528.5208872,44.094,7.3101,36.7839
MRM,Waste,10.8,Feb,1.07,0.7349,528.5208872,44.094,8.5839,35.5101
MRM,Waste,10.8,Mar,1.027,0.7349,507.2812628,44.094,8.4449,35.6491
MRM,Waste,10.8,Apr,0.958,0.7349,473.1990747,44.094,7.4474,36.6466
MRM,Waste,10.8,May,0.958,0.7349,473.1990747,44.094,7.2845,36.8095
MRM,Waste,10.8,Jun,0.958,0.7349,473.1990747,44.094,6.6787,37.4153
MRM,Waste,10.8,Jul,0.958,0.7349,473.1990747,44.094,6.4176,37.6764
MRM,Waste,10.8,Aug,0.958,0.7349,473.1990747,44.094,6.4107,37.6833
MRM,Waste,10.8,Sep,0.958,0.7349,473.1990747,44.094,5.9258,38.1682
MRM,Waste,10.8,Oct,0.987,0.7349,487.5234726,44.094,6.876,37.218
MRM,Waste,10.8,Nov,1.027,0.7349,507.2812628,44.094,6.4353,37.6587
MRM,Waste,10.8,Dec,1.07,0.7349,528.5208872,44.094,6.6599,37.4341
MRM,Waste,10.9,Jan,1.07,0.7389,525.6597645,44.334,7.3101,37.0239
MRM,Waste,10.9,Feb,1.07,0.7389,525.6597645,44.334,8.5839,35.7501
MRM,Waste,10.9,Mar,1.027,0.7389,504.5351198,44.334,8.4449,35.8891
MRM,Waste,10.9,Apr,0.958,0.7389,470.637434,44.334,7.4474,36.8866
MRM,Waste,10.9,May,0.958,0.7389,470.637434,44.334,7.2845,37.0495
MRM,Waste,10.9,Jun,0.958,0.7389,470.637434,44.334,6.6787,37.6553
MRM,Waste,10.9,Jul,0.958,0.7389,470.637434,44.334,6.4176,37.9164
MRM,Waste,10.9,Aug,0.958,0.7389,470.637434,44.334,6.4107,37.9233
MRM,Waste,10.9,Sep,0.958,0.7389,470.637434,44.334,5.9258,38.4082
MRM,Waste,10.9,Oct,0.987,0.7389,484.8842875,44.334,6.876,37.458
MRM,Waste,10.9,Nov,1.027,0.7389,504.5351198,44.334,6.4353,37.8987
MRM,Waste,10.9,Dec,1.07,0.7389,525.6597645,44.334,6.6599,37.6741
MRM,Waste,11,Jan,1.07,0.7429,522.8294521,44.574,7.3101,37.2639
MRM,Waste,11,Feb,1.07,0.7429,522.8294521,44.574,8.5839,35.9901
MRM,Waste,11,Mar,1.027,0.7429,501.8185489,44.574,8.4449,36.1291
MRM,Waste,11,Apr,0.958,0.7429,468.1033787,44.574,7.4474,37.1266
MRM,Waste,11,May,0.958,0.7429,468.1033787,44.574,7.2845,37.2895
MRM,Waste,11,Jun,0.958,0.7429,468.1033787,44.574,6.6787,37.8953
MRM,Waste,11,Jul,0.958,0.7429,468.1033787,44.574,6.4176,38.1564
MRM,Waste,11,Aug,0.958,0.7429,468.1033787,44.574,6.4107,38.1633
MRM,Waste,11,Sep,0.958,0.7429,468.1033787,44.574,5.9258,38.6482
MRM,Waste,11,Oct,0.987,0.7429,482.2735227,44.574,6.876,37.698
MRM,Waste,11,Nov,1.027,0.7429,501.8185489,44.574,6.4353,38.1387
MRM,Waste,11,Dec,1.07,0.7429,522.8294521,44.574,6.6599,37.9141
MRM,Waste,11.1,Jan,1.07,0.7469,520.0294551,44.814,7.3101,37.5039
MRM,Waste,11.1,Feb,1.07,0.7469,520.0294551,44.814,8.5839,36.2301
MRM,Waste,11.1,Mar,1.027,0.7469,499.1310751,44.814,8.4449,36.3691
MRM,Waste,11.1,Apr,0.958,0.7469,465.5964654,44.814,7.4474,37.3666
MRM,Waste,11.1,May,0.958,0.7469,465.5964654,44.814,7.2845,37.5295
MRM,Waste,11.1,Jun,0.958,0.7469,465.5964654,44.814,6.6787,38.1353
MRM,Waste,11.1,Jul,0.958,0.7469,465.5964654,44.814,6.4176,38.3964
MRM,Waste,11.1,Aug,0.958,0.7469,465.5964654,44.814,6.4107,38.4033
MRM,Waste,11.1,Sep,0.958,0.7469,465.5964654,44.814,5.9258,38.8882
MRM,Waste,11.1,Oct,0.987,0.7469,479.6907216,44.814,6.876,37.938
MRM,Waste,11.1,Nov,1.027,0.7469,499.1310751,44.814,6.4353,38.3787
MRM,Waste,11.1,Dec,1.07,0.7469,520.0294551,44.814,6.6599,38.1541
MRM,Waste,11.2,Jan,1.07,0.7509,517.2592889,45.054,7.3101,37.7439
MRM,Waste,11.2,Feb,1.07,0.7509,517.2592889,45.054,8.5839,36.4701
MRM,Waste,11.2,Mar,1.027,0.7509,496.4722333,45.054,8.4449,36.6091
MRM,Waste,11.2,Apr,0.958,0.7509,463.1162605,45.054,7.4474,37.6066
MRM,Waste,11.2,May,0.958,0.7509,463.1162605,45.054,7.2845,37.7695
MRM,Waste,11.2,Jun,0.958,0.7509,463.1162605,45.054,6.6787,38.3753
MRM,Waste,11.2,Jul,0.958,0.7509,463.1162605,45.054,6.4176,38.6364
MRM,Waste,11.2,Aug,0.958,0.7509,463.1162605,45.054,6.4107,38.6433
MRM,Waste,11.2,Sep,0.958,0.7509,463.1162605,45.054,5.9258,39.1282
MRM,Waste,11.2,Oct,0.987,0.7509,477.1354375,45.054,6.876,38.178
MRM,Waste,11.2,Nov,1.027,0.7509,496.4722333,45.054,6.4353,38.6187
MRM,Waste,11.2,Dec,1.07,0.7509,517.2592889,45.054,6.6599,38.3941
MRM,Waste,11.3,Jan,1.07,0.7549,514.5184793,45.294,7.3101,37.9839
MRM,Waste,11.3,Feb,1.07,0.7549,514.5184793,45.294,8.5839,36.7101
MRM,Waste,11.3,Mar,1.027,0.7549,493.8415684,45.294,8.4449,36.8491
MRM,Waste,11.3,Apr,0.958,0.7549,460.6623394,45.294,7.4474,37.8466
MRM,Waste,11.3,May,0.958,0.7549,460.6623394,45.294,7.2845,38.0095
MRM,Waste,11.3,Jun,0.958,0.7549,460.6623394,45.294,6.6787,38.6153
MRM,Waste,11.3,Jul,0.958,0.7549,460.6623394,45.294,6.4176,38.8764
MRM,Waste,11.3,Aug,0.958,0.7549,460.6623394,45.294,6.4107,38.8833
MRM,Waste,11.3,Sep,0.958,0.7549,460.6623394,45.294,5.9258,39.3682
MRM,Waste,11.3,Oct,0.987,0.7549,474.6072327,45.294,6.876,38.418
MRM,Waste,11.3,Nov,1.027,0.7549,493.8415684,45.294,6.4353,38.8587
MRM,Waste,11.3,Dec,1.07,0.7549,514.5184793,45.294,6.6599,38.6341
MRM,Waste,11.4,Jan,1.07,0.7589,511.8065621,45.534,7.3101,38.2239
MRM,Waste,11.4,Feb,1.07,0.7589,511.8065621,45.534,8.5839,36.9501
MRM,Waste,11.4,Mar,1.027,0.7589,491.2386349,45.534,8.4449,37.0891
MRM,Waste,11.4,Apr,0.958,0.7589,458.2342865,45.534,7.4474,38.0866
MRM,Waste,11.4,May,0.958,0.7589,458.2342865,45.534,7.2845,38.2495
MRM,Waste,11.4,Jun,0.958,0.7589,458.2342865,45.534,6.6787,38.8553
MRM,Waste,11.4,Jul,0.958,0.7589,458.2342865,45.534,6.4176,39.1164
MRM,Waste,11.4,Aug,0.958,0.7589,458.2342865,45.534,6.4107,39.1233
MRM,Waste,11.4,Sep,0.958,0.7589,458.2342865,45.534,5.9258,39.6082
MRM,Waste,11.4,Oct,0.987,0.7589,472.1056793,45.534,6.876,38.658
MRM,Waste,11.4,Nov,1.027,0.7589,491.2386349,45.534,6.4353,39.0987
MRM,Waste,11.4,Dec,1.07,0.7589,511.8065621,45.534,6.6599,38.8741
MRM,Waste,11.5,Jan,1.07,0.7629,509.123083,45.774,7.3101,38.4639
MRM,Waste,11.5,Feb,1.07,0.7629,509.123083,45.774,8.5839,37.1901
MRM,Waste,11.5,Mar,1.027,0.7629,488.6629965,45.774,8.4449,37.3291
MRM,Waste,11.5,Apr,0.958,0.7629,455.8316948,45.774,7.4474,38.3266
MRM,Waste,11.5,May,0.958,0.7629,455.8316948,45.774,7.2845,38.4895
MRM,Waste,11.5,Jun,0.958,0.7629,455.8316948,45.774,6.6787,39.0953
MRM,Waste,11.5,Jul,0.958,0.7629,455.8316948,45.774,6.4176,39.3564
MRM,Waste,11.5,Aug,0.958,0.7629,455.8316948,45.774,6.4107,39.3633
MRM,Waste,11.5,Sep,0.958,0.7629,455.8316948,45.774,5.9258,39.8482
MRM,Waste,11.5,Oct,0.987,0.7629,469.6303578,45.774,6.876,38.898
MRM,Waste,11.5,Nov,1.027,0.7629,488.6629965,45.774,6.4353,39.3387
MRM,Waste,11.5,Dec,1.07,0.7629,509.123083,45.774,6.6599,39.1141
MRM,Waste,11.6,Jan,1.07,0.7669,506.4675968,46.014,7.3101,38.7039
MRM,Waste,11.6,Feb,1.07,0.7669,506.4675968,46.014,8.5839,37.4301
MRM,Waste,11.6,Mar,1.027,0.7669,486.1142261,46.014,8.4449,37.5691
MRM,Waste,11.6,Apr,0.958,0.7669,453.4541661,46.014,7.4474,38.5666
MRM,Waste,11.6,May,0.958,0.7669,453.4541661,46.014,7.2845,38.7295
MRM,Waste,11.6,Jun,0.958,0.7669,453.4541661,46.014,6.6787,39.3353
MRM,Waste,11.6,Jul,0.958,0.7669,453.4541661,46.014,6.4176,39.5964
MRM,Waste,11.6,Aug,0.958,0.7669,453.4541661,46.014,6.4107,39.6033
MRM,Waste,11.6,Sep,0.958,0.7669,453.4541661,46.014,5.9258,40.0882
MRM,Waste,11.6,Oct,0.987,0.7669,467.180858,46.014,6.876,39.138
MRM,Waste,11.6,Nov,1.027,0.7669,486.1142261,46.014,6.4353,39.5787
MRM,Waste,11.6,Dec,1.07,0.7669,506.4675968,46.014,6.6599,39.3541
MRM,Waste,11.7,Jan,1.07,0.7709,503.8396679,46.254,7.3101,38.9439
MRM,Waste,11.7,Feb,1.07,0.7709,503.8396679,46.254,8.5839,37.6701
MRM,Waste,11.7,Mar,1.027,0.7709,483.5919056,46.254,8.4449,37.8091
MRM,Waste,11.7,Apr,0.958,0.7709,451.1013102,46.254,7.4474,38.8066
MRM,Waste,11.7,May,0.958,0.7709,451.1013102,46.254,7.2845,38.9695
MRM,Waste,11.7,Jun,0.958,0.7709,451.1013102,46.254,6.6787,39.5753
MRM,Waste,11.7,Jul,0.958,0.7709,451.1013102,46.254,6.4176,39.8364
MRM,Waste,11.7,Aug,0.958,0.7709,451.1013102,46.254,6.4107,39.8433
MRM,Waste,11.7,Sep,0.958,0.7709,451.1013102,46.254,5.9258,40.3282
MRM,Waste,11.7,Oct,0.987,0.7709,464.7567778,46.254,6.876,39.378
MRM,Waste,11.7,Nov,1.027,0.7709,483.5919056,46.254,6.4353,39.8187
MRM,Waste,11.7,Dec,1.07,0.7709,503.8396679,46.254,6.6599,39.5941
MRM,Waste,11.8,Jan,1.07,0.7749,501.2388695,46.494,7.3101,39.1839
MRM,Waste,11.8,Feb,1.07,0.7749,501.2388695,46.494,8.5839,37.9101
MRM,Waste,11.8,Mar,1.027,0.7749,481.0956252,46.494,8.4449,38.0491
MRM,Waste,11.8,Apr,0.958,0.7749,448.7727449,46.494,7.4474,39.0466
MRM,Waste,11.8,May,0.958,0.7749,448.7727449,46.494,7.2845,39.2095
MRM,Waste,11.8,Jun,0.958,0.7749,448.7727449,46.494,6.6787,39.8153
MRM,Waste,11.8,Jul,0.958,0.7749,448.7727449,46.494,6.4176,40.0764
MRM,Waste,11.8,Aug,0.958,0.7749,448.7727449,46.494,6.4107,40.0833
MRM,Waste,11.8,Sep,0.958,0.7749,448.7727449,46.494,5.9258,40.5682
MRM,Waste,11.8,Oct,0.987,0.7749,462.3577236,46.494,6.876,39.618
MRM,Waste,11.8,Nov,1.027,0.7749,481.0956252,46.494,6.4353,40.0587
MRM,Waste,11.8,Dec,1.07,0.7749,501.2388695,46.494,6.6599,39.8341
MRM,Waste,11.9,Jan,1.07,0.7789,498.6647837,46.734,7.3101,39.4239
MRM,Waste,11.9,Feb,1.07,0.7789,498.6647837,46.734,8.5839,38.1501
MRM,Waste,11.9,Mar,1.027,0.7789,478.624984,46.734,8.4449,38.2891
MRM,Waste,11.9,Apr,0.958,0.7789,446.468096,46.734,7.4474,39.2866
MRM,Waste,11.9,May,0.958,0.7789,446.468096,46.734,7.2845,39.4495
MRM,Waste,11.9,Jun,0.958,0.7789,446.468096,46.734,6.6787,40.0553
MRM,Waste,11.9,Jul,0.958,0.7789,446.468096,46.734,6.4176,40.3164
MRM,Waste,11.9,Aug,0.958,0.7789,446.468096,46.734,6.4107,40.3233
MRM,Waste,11.9,Sep,0.958,0.7789,446.468096,46.734,5.9258,40.8082
MRM,Waste,11.9,Oct,0.987,0.7789,459.9833098,46.734,6.876,39.858
MRM,Waste,11.9,Nov,1.027,0.7789,478.624984,46.734,6.4353,40.2987
MRM,Waste,11.9,Dec,1.07,0.7789,498.6647837,46.734,6.6599,40.0741
MRM,Waste,12,Jan,1.07,0.7829,496.1170009,46.974,7.3101,39.6639
MRM,Waste,12,Feb,1.07,0.7829,496.1170009,46.974,8.5839,38.3901
MRM,Waste,12,Mar,1.027,0.7829,476.1795887,46.974,8.4449,38.5291
MRM,Waste,12,Apr,0.958,0.7829,444.1869971,46.974,7.4474,39.5266
MRM,Waste,12,May,0.958,0.7829,444.1869971,46.974,7.2845,39.6895
MRM,Waste,12,Jun,0.958,0.7829,444.1869971,46.974,6.6787,40.2953
MRM,Waste,12,Jul,0.958,0.7829,444.1869971,46.974,6.4176,40.5564
MRM,Waste,12,Aug,0.958,0.7829,444.1869971,46.974,6.4107,40.5633
MRM,Waste,12,Sep,0.958,0.7829,444.1869971,46.974,5.9258,41.0482
MRM,Waste,12,Oct,0.987,0.7829,457.6331588,46.974,6.876,40.098
MRM,Waste,12,Nov,1.027,0.7829,476.1795887,46.974,6.4353,40.5387
MRM,Waste,12,Dec,1.07,0.7829,496.1170009,46.974,6.6599,40.3141
MRM,Waste,12.1,Jan,1.07,0.7869,493.5951201,47.214,7.3101,39.9039
MRM,Waste,12.1,Feb,1.07,0.7869,493.5951201,47.214,8.5839,38.6301
MRM,Waste,12.1,Mar,1.027,0.7869,473.7590545,47.214,8.4449,38.7691
MRM,Waste,12.1,Apr,0.958,0.7869,441.9290888,47.214,7.4474,39.7666
MRM,Waste,12.1,May,0.958,0.7869,441.9290888,47.214,7.2845,39.9295
MRM,Waste,12.1,Jun,0.958,0.7869,441.9290888,47.214,6.6787,40.5353
MRM,Waste,12.1,Jul,0.958,0.7869,441.9290888,47.214,6.4176,40.7964
MRM,Waste,12.1,Aug,0.958,0.7869,441.9290888,47.214,6.4107,40.8033
MRM,Waste,12.1,Sep,0.958,0.7869,441.9290888,47.214,5.9258,41.2882
MRM,Waste,12.1,Oct,0.987,0.7869,455.3069005,47.214,6.876,40.338
MRM,Waste,12.1,Nov,1.027,0.7869,473.7590545,47.214,6.4353,40.7787
MRM,Waste,12.1,Dec,1.07,0.7869,493.5951201,47.214,6.6599,40.5541
MRM,Waste,12.2,Jan,1.07,0.7909,491.0987483,47.454,7.3101,40.1439
MRM,Waste,12.2,Feb,1.07,0.7909,491.0987483,47.454,8.5839,38.8701
MRM,Waste,12.2,Mar,1.027,0.7909,471.3630042,47.454,8.4449,39.0091
MRM,Waste,12.2,Apr,0.958,0.7909,439.6940195,47.454,7.4474,40.0066
MRM,Waste,12.2,May,0.958,0.7909,439.6940195,47.454,7.2845,40.1695
MRM,Waste,12.2,Jun,0.958,0.7909,439.6940195,47.454,6.6787,40.7753
MRM,Waste,12.2,Jul,0.958,0.7909,439.6940195,47.454,6.4176,41.0364
MRM,Waste,12.2,Aug,0.958,0.7909,439.6940195,47.454,6.4107,41.0433
MRM,Waste,12.2,Sep,0.958,0.7909,439.6940195,47.454,5.9258,41.5282
MRM,Waste,12.2,Oct,0.987,0.7909,453.0041725,47.454,6.876,40.578
MRM,Waste,12.2,Nov,1.027,0.7909,471.3630042,47.454,6.4353,41.0187
MRM,Waste,12.2,Dec,1.07,0.7909,491.0987483,47.454,6.6599,40.7941
MRM,Waste,12.3,Jan,1.07,0.7949,488.6275003,47.694,7.3101,40.3839
MRM,Waste,12.3,Feb,1.07,0.7949,488.6275003,47.694,8.5839,39.1101
MRM,Waste,12.3,Mar,1.027,0.7949,468.9910681,47.694,8.4449,39.2491
MRM,Waste,12.3,Apr,0.958,0.7949,437.4814442,47.694,7.4474,40.2466
MRM,Waste,12.3,May,0.958,0.7949,437.4814442,47.694,7.2845,40.4095
MRM,Waste,12.3,Jun,0.958,0.7949,437.4814442,47.694,6.6787,41.0153
MRM,Waste,12.3,Jul,0.958,0.7949,437.4814442,47.694,6.4176,41.2764
MRM,Waste,12.3,Aug,0.958,0.7949,437.4814442,47.694,6.4107,41.2833
MRM,Waste,12.3,Sep,0.958,0.7949,437.4814442,47.694,5.9258,41.7682
MRM,Waste,12.3,Oct,0.987,0.7949,450.7246194,47.694,6.876,40.818
MRM,Waste,12.3,Nov,1.027,0.7949,468.9910681,47.694,6.4353,41.2587
MRM,Waste,12.3,Dec,1.07,0.7949,488.6275003,47.694,6.6599,41.0341
MRM,Waste,12.4,Jan,1.07,0.7989,486.1809989,47.934,7.3101,40.6239
MRM,Waste,12.4,Feb,1.07,0.7989,486.1809989,47.934,8.5839,39.3501
MRM,Waste,12.4,Mar,1.027,0.7989,466.642884,47.934,8.4449,39.4891
MRM,Waste,12.4,Apr,0.958,0.7989,435.2910252,47.934,7.4474,40.4866
MRM,Waste,12.4,May,0.958,0.7989,435.2910252,47.934,7.2845,40.6495
MRM,Waste,12.4,Jun,0.958,0.7989,435.2910252,47.934,6.6787,41.2553
MRM,Waste,12.4,Jul,0.958,0.7989,435.2910252,47.934,6.4176,41.5164
MRM,Waste,12.4,Aug,0.958,0.7989,435.2910252,47.934,6.4107,41.5233
MRM,Waste,12.4,Sep,0.958,0.7989,435.2910252,47.934,5.9258,42.0082
MRM,Waste,12.4,Oct,0.987,0.7989,448.4678934,47.934,6.876,41.058
MRM,Waste,12.4,Nov,1.027,0.7989,466.642884,47.934,6.4353,41.4987
MRM,Waste,12.4,Dec,1.07,0.7989,486.1809989,47.934,6.6599,41.2741
MRM,Waste,12.5,Jan,1.07,0.8029,483.7588741,48.174,7.3101,40.8639
MRM,Waste,12.5,Feb,1.07,0.8029,483.7588741,48.174,8.5839,39.5901
MRM,Waste,12.5,Mar,1.027,0.8029,464.3180969,48.174,8.4449,39.7291
MRM,Waste,12.5,Apr,0.958,0.8029,433.1224312,48.174,7.4474,40.7266
MRM,Waste,12.5,May,0.958,0.8029,433.1224312,48.174,7.2845,40.8895
MRM,Waste,12.5,Jun,0.958,0.8029,433.1224312,48.174,6.6787,41.4953
MRM,Waste,12.5,Jul,0.958,0.8029,433.1224312,48.174,6.4176,41.7564
MRM,Waste,12.5,Aug,0.958,0.8029,433.1224312,48.174,6.4107,41.7633
MRM,Waste,12.5,Sep,0.958,0.8029,433.1224312,48.174,5.9258,42.2482
MRM,Waste,12.5,Oct,0.987,0.8029,446.233653,48.174,6.876,41.298
MRM,Waste,12.5,Nov,1.027,0.8029,464.3180969,48.174,6.4353,41.7387
MRM,Waste,12.5,Dec,1.07,0.8029,483.7588741,48.174,6.6599,41.5141
MRM,Waste,12.6,Jan,1.07,0.8069,481.3607634,48.414,7.3101,41.1039
MRM,Waste,12.6,Feb,1.07,0.8069,481.3607634,48.414,8.5839,39.8301
MRM,Waste,12.6,Mar,1.027,0.8069,462.0163589,48.414,8.4449,39.9691
MRM,Waste,12.6,Apr,0.958,0.8069,430.9753377,48.414,7.4474,40.9666
MRM,Waste,12.6,May,0.958,0.8069,430.9753377,48.414,7.2845,41.1295
MRM,Waste,12.6,Jun,0.958,0.8069,430.9753377,48.414,6.6787,41.7353
MRM,Waste,12.6,Jul,0.958,0.8069,430.9753377,48.414,6.4176,41.9964
MRM,Waste,12.6,Aug,0.958,0.8069,430.9753377,48.414,6.4107,42.0033
MRM,Waste,12.6,Sep,0.958,0.8069,430.9753377,48.414,5.9258,42.4882
MRM,Waste,12.6,Oct,0.987,0.8069,444.021564,48.414,6.876,41.538
MRM,Waste,12.6,Nov,1.027,0.8069,462.0163589,48.414,6.4353,41.9787
MRM,Waste,12.6,Dec,1.07,0.8069,481.3607634,48.414,6.6599,41.7541
MRM,Waste,12.7,Jan,1.07,0.8109,478.9863115,48.654,7.3101,41.3439
MRM,Waste,12.7,Feb,1.07,0.8109,478.9863115,48.654,8.5839,40.0701
MRM,Waste,12.7,Mar,1.027,0.8109,459.7373289,48.654,8.4449,40.2091
MRM,Waste,12.7,Apr,0.958,0.8109,428.8494266,48.654,7.4474,41.2066
MRM,Waste,12.7,May,0.958,0.8109,428.8494266,48.654,7.2845,41.3695
MRM,Waste,12.7,Jun,0.958,0.8109,428.8494266,48.654,6.6787,41.9753
MRM,Waste,12.7,Jul,0.958,0.8109,428.8494266,48.654,6.4176,42.2364
MRM,Waste,12.7,Aug,0.958,0.8109,428.8494266,48.654,6.4107,42.2433
MRM,Waste,12.7,Sep,0.958,0.8109,428.8494266,48.654,5.9258,42.7282
MRM,Waste,12.7,Oct,0.987,0.8109,441.8312986,48.654,6.876,41.778
MRM,Waste,12.7,Nov,1.027,0.8109,459.7373289,48.654,6.4353,42.2187
MRM,Waste,12.7,Dec,1.07,0.8109,478.9863115,48.654,6.6599,41.9941
MRM,Waste,12.8,Jan,1.07,0.8149,476.63517,48.894,7.3101,41.5839
MRM,Waste,12.8,Feb,1.07,0.8149,476.63517,48.894,8.5839,40.3101
MRM,Waste,12.8,Mar,1.027,0.8149,457.4806725,48.894,8.4449,40.4491
MRM,Waste,12.8,Apr,0.958,0.8149,426.7443858,48.894,7.4474,41.4466
MRM,Waste,12.8,May,0.958,0.8149,426.7443858,48.894,7.2845,41.6095
MRM,Waste,12.8,Jun,0.958,0.8149,426.7443858,48.894,6.6787,42.2153
MRM,Waste,12.8,Jul,0.958,0.8149,426.7443858,48.894,6.4176,42.4764
MRM,Waste,12.8,Aug,0.958,0.8149,426.7443858,48.894,6.4107,42.4833
MRM,Waste,12.8,Sep,0.958,0.8149,426.7443858,48.894,5.9258,42.9682
MRM,Waste,12.8,Oct,0.987,0.8149,439.6625353,48.894,6.876,42.018
MRM,Waste,12.8,Nov,1.027,0.8149,457.4806725,48.894,6.4353,42.4587
MRM,Waste,12.8,Dec,1.07,0.8149,476.63517,48.894,6.6599,42.2341
MRM,Waste,12.9,Jan,1.07,0.8189,474.3069972,49.134,7.3101,41.8239
MRM,Waste,12.9,Feb,1.07,0.8189,474.3069972,49.134,8.5839,40.5501
MRM,Waste,12.9,Mar,1.027,0.8189,455.2460618,49.134,8.4449,40.6891
MRM,Waste,12.9,Apr,0.958,0.8189,424.6599096,49.134,7.4474,41.6866
MRM,Waste,12.9,May,0.958,0.8189,424.6599096,49.134,7.2845,41.8495
MRM,Waste,12.9,Jun,0.958,0.8189,424.6599096,49.134,6.6787,42.4553
MRM,Waste,12.9,Jul,0.958,0.8189,424.6599096,49.134,6.4176,42.7164
MRM,Waste,12.9,Aug,0.958,0.8189,424.6599096,49.134,6.4107,42.7233
MRM,Waste,12.9,Sep,0.958,0.8189,424.6599096,49.134,5.9258,43.2082
MRM,Waste,12.9,Oct,0.987,0.8189,437.5149591,49.134,6.876,42.258
MRM,Waste,12.9,Nov,1.027,0.8189,455.2460618,49.134,6.4353,42.6987
MRM,Waste,12.9,Dec,1.07,0.8189,474.3069972,49.134,6.6599,42.4741
MRM,Waste,13,Jan,1.07,0.8229,472.0014583,49.374,7.3101,42.0639
MRM,Waste,13,Feb,1.07,0.8229,472.0014583,49.374,8.5839,40.7901
MRM,Waste,13,Mar,1.027,0.8229,453.0331754,49.374,8.4449,40.9291
MRM,Waste,13,Apr,0.958,0.8229,422.5956981,49.374,7.4474,41.9266
MRM,Waste,13,May,0.958,0.8229,422.5956981,49.374,7.2845,42.0895
MRM,Waste,13,Jun,0.958,0.8229,422.5956981,49.374,6.6787,42.6953
MRM,Waste,13,Jul,0.958,0.8229,422.5956981,49.374,6.4176,42.9564
MRM,Waste,13,Aug,0.958,0.8229,422.5956981,49.374,6.4107,42.9633
MRM,Waste,13,Sep,0.958,0.8229,422.5956981,49.374,5.9258,43.4482
MRM,Waste,13,Oct,0.987,0.8229,435.388261,49.374,6.876,42.498
MRM,Waste,13,Nov,1.027,0.8229,453.0331754,49.374,6.4353,42.9387
MRM,Waste,13,Dec,1.07,0.8229,472.0014583,49.374,6.6599,42.7141
MRM,Waste,13.1,Jan,1.07,0.8269,469.7182247,49.614,7.3101,42.3039
MRM,Waste,13.1,Feb,1.07,0.8269,469.7182247,49.614,8.5839,41.0301
MRM,Waste,13.1,Mar,1.027,0.8269,450.8416979,49.614,8.4449,41.1691
MRM,Waste,13.1,Apr,0.958,0.8269,420.5514572,49.614,7.4474,42.1666
MRM,Waste,13.1,May,0.958,0.8269,420.5514572,49.614,7.2845,42.3295
MRM,Waste,13.1,Jun,0.958,0.8269,420.5514572,49.614,6.6787,42.9353
MRM,Waste,13.1,Jul,0.958,0.8269,420.5514572,49.614,6.4176,43.1964
MRM,Waste,13.1,Aug,0.958,0.8269,420.5514572,49.614,6.4107,43.2033
MRM,Waste,13.1,Sep,0.958,0.8269,420.5514572,49.614,5.9258,43.6882
MRM,Waste,13.1,Oct,0.987,0.8269,433.2821381,49.614,6.876,42.738
MRM,Waste,13.1,Nov,1.027,0.8269,450.8416979,49.614,6.4353,43.1787
MRM,Waste,13.1,Dec,1.07,0.8269,469.7182247,49.614,6.6599,42.9541
MRM,Waste,13.2,Jan,1.07,0.8309,467.4569744,49.854,7.3101,42.5439
MRM,Waste,13.2,Feb,1.07,0.8309,467.4569744,49.854,8.5839,41.2701
MRM,Waste,13.2,Mar,1.027,0.8309,448.6713203,49.854,8.4449,41.4091
MRM,Waste,13.2,Apr,0.958,0.8309,418.5268985,49.854,7.4474,42.4066
MRM,Waste,13.2,May,0.958,0.8309,418.5268985,49.854,7.2845,42.5695
MRM,Waste,13.2,Jun,0.958,0.8309,418.5268985,49.854,6.6787,43.1753
MRM,Waste,13.2,Jul,0.958,0.8309,418.5268985,49.854,6.4176,43.4364
MRM,Waste,13.2,Aug,0.958,0.8309,418.5268985,49.854,6.4107,43.4433
MRM,Waste,13.2,Sep,0.958,0.8309,418.5268985,49.854,5.9258,43.9282
MRM,Waste,13.2,Oct,0.987,0.8309,431.1962932,49.854,6.876,42.978
MRM,Waste,13.2,Nov,1.027,0.8309,448.6713203,49.854,6.4353,43.4187
MRM,Waste,13.2,Dec,1.07,0.8309,467.4569744,49.854,6.6599,43.1941
MRM,Waste,13.3,Jan,1.07,0.8349,465.2173913,50.094,7.3101,42.7839
MRM,Waste,13.3,Feb,1.07,0.8349,465.2173913,50.094,8.5839,41.5101
MRM,Waste,13.3,Mar,1.027,0.8349,446.5217391,50.094,8.4449,41.6491
MRM,Waste,13.3,Apr,0.958,0.8349,416.5217391,50.094,7.4474,42.6466
MRM,Waste,13.3,May,0.958,0.8349,416.5217391,50.094,7.2845,42.8095
MRM,Waste,13.3,Jun,0.958,0.8349,416.5217391,50.094,6.6787,43.4153
MRM,Waste,13.3,Jul,0.958,0.8349,416.5217391,50.094,6.4176,43.6764
MRM,Waste,13.3,Aug,0.958,0.8349,416.5217391,50.094,6.4107,43.6833
MRM,Waste,13.3,Sep,0.958,0.8349,416.5217391,50.094,5.9258,44.1682
MRM,Waste,13.3,Oct,0.987,0.8349,429.1304348,50.094,6.876,43.218
MRM,Waste,13.3,Nov,1.027,0.8349,446.5217391,50.094,6.4353,43.6587
MRM,Waste,13.3,Dec,1.07,0.8349,465.2173913,50.094,6.6599,43.4341
MRM,Waste,13.4,Jan,1.07,0.8389,462.9991656,50.334,7.3101,43.0239
MRM,Waste,13.4,Feb,1.07,0.8389,462.9991656,50.334,8.5839,41.7501
MRM,Waste,13.4,Mar,1.027,0.8389,444.3926571,50.334,8.4449,41.8891
MRM,Waste,13.4,Apr,0.958,0.8389,414.5357015,50.334,7.4474,42.8866
MRM,Waste,13.4,May,0.958,0.8389,414.5357015,50.334,7.2845,43.0495
MRM,Waste,13.4,Jun,0.958,0.8389,414.5357015,50.334,6.6787,43.6553
MRM,Waste,13.4,Jul,0.958,0.8389,414.5357015,50.334,6.4176,43.9164
MRM,Waste,13.4,Aug,0.958,0.8389,414.5357015,50.334,6.4107,43.9233
MRM,Waste,13.4,Sep,0.958,0.8389,414.5357015,50.334,5.9258,44.4082
MRM,Waste,13.4,Oct,0.987,0.8389,427.084277,50.334,6.876,43.458
MRM,Waste,13.4,Nov,1.027,0.8389,444.3926571,50.334,6.4353,43.8987
MRM,Waste,13.4,Dec,1.07,0.8389,462.9991656,50.334,6.6599,43.6741
MRM,Waste,13.5,Jan,1.07,0.8429,460.8019931,50.574,7.3101,43.2639
MRM,Waste,13.5,Feb,1.07,0.8429,460.8019931,50.574,8.5839,41.9901
MRM,Waste,13.5,Mar,1.027,0.8429,442.2837822,50.574,8.4449,42.1291
MRM,Waste,13.5,Apr,0.958,0.8429,412.5685135,50.574,7.4474,43.1266
MRM,Waste,13.5,May,0.958,0.8429,412.5685135,50.574,7.2845,43.2895
MRM,Waste,13.5,Jun,0.958,0.8429,412.5685135,50.574,6.6787,43.8953
MRM,Waste,13.5,Jul,0.958,0.8429,412.5685135,50.574,6.4176,44.1564
MRM,Waste,13.5,Aug,0.958,0.8429,412.5685135,50.574,6.4107,44.1633
MRM,Waste,13.5,Sep,0.958,0.8429,412.5685135,50.574,5.9258,44.6482
MRM,Waste,13.5,Oct,0.987,0.8429,425.0575394,50.574,6.876,43.698
MRM,Waste,13.5,Nov,1.027,0.8429,442.2837822,50.574,6.4353,44.1387
MRM,Waste,13.5,Dec,1.07,0.8429,460.8019931,50.574,6.6599,43.9141
MRM,Waste,13.6,Jan,1.07,0.8469,458.6255756,50.814,7.3101,43.5039
MRM,Waste,13.6,Feb,1.07,0.8469,458.6255756,50.814,8.5839,42.2301
MRM,Waste,13.6,Mar,1.027,0.8469,440.1948282,50.814,8.4449,42.3691
MRM,Waste,13.6,Apr,0.958,0.8469,410.6199079,50.814,7.4474,43.3666
MRM,Waste,13.6,May,0.958,0.8469,410.6199079,50.814,7.2845,43.5295
MRM,Waste,13.6,Jun,0.958,0.8469,410.6199079,50.814,6.6787,44.1353
MRM,Waste,13.6,Jul,0.958,0.8469,410.6199079,50.814,6.4176,44.3964
MRM,Waste,13.6,Aug,0.958,0.8469,410.6199079,50.814,6.4107,44.4033
MRM,Waste,13.6,Sep,0.958,0.8469,410.6199079,50.814,5.9258,44.8882
MRM,Waste,13.6,Oct,0.987,0.8469,423.0499469,50.814,6.876,43.938
MRM,Waste,13.6,Nov,1.027,0.8469,440.1948282,50.814,6.4353,44.3787
MRM,Waste,13.6,Dec,1.07,0.8469,458.6255756,50.814,6.6599,44.1541
MRM,Waste,13.7,Jan,1.07,0.8509,456.4696204,51.054,7.3101,43.7439
MRM,Waste,13.7,Feb,1.07,0.8509,456.4696204,51.054,8.5839,42.4701
MRM,Waste,13.7,Mar,1.027,0.8509,438.1255142,51.054,8.4449,42.6091
MRM,Waste,13.7,Apr,0.958,0.8509,408.6896228,51.054,7.4474,43.6066
MRM,Waste,13.7,May,0.958,0.8509,408.6896228,51.054,7.2845,43.7695
MRM,Waste,13.7,Jun,0.958,0.8509,408.6896228,51.054,6.6787,44.3753
MRM,Waste,13.7,Jul,0.958,0.8509,408.6896228,51.054,6.4176,44.6364
MRM,Waste,13.7,Aug,0.958,0.8509,408.6896228,51.054,6.4107,44.6433
MRM,Waste,13.7,Sep,0.958,0.8509,408.6896228,51.054,5.9258,45.1282
MRM,Waste,13.7,Oct,0.987,0.8509,421.0612293,51.054,6.876,44.178
MRM,Waste,13.7,Nov,1.027,0.8509,438.1255142,51.054,6.4353,44.6187
MRM,Waste,13.7,Dec,1.07,0.8509,456.4696204,51.054,6.6599,44.3941
MRM,Waste,13.8,Jan,1.07,0.8549,454.3338402,51.294,7.3101,43.9839
MRM,Waste,13.8,Feb,1.07,0.8549,454.3338402,51.294,8.5839,42.7101
MRM,Waste,13.8,Mar,1.027,0.8549,436.0755644,51.294,8.4449,42.8491
MRM,Waste,13.8,Apr,0.958,0.8549,406.7774009,51.294,7.4474,43.8466
MRM,Waste,13.8,May,0.958,0.8549,406.7774009,51.294,7.2845,44.0095
MRM,Waste,13.8,Jun,0.958,0.8549,406.7774009,51.294,6.6787,44.6153
MRM,Waste,13.8,Jul,0.958,0.8549,406.7774009,51.294,6.4176,44.8764
MRM,Waste,13.8,Aug,0.958,0.8549,406.7774009,51.294,6.4107,44.8833
MRM,Waste,13.8,Sep,0.958,0.8549,406.7774009,51.294,5.9258,45.3682
MRM,Waste,13.8,Oct,0.987,0.8549,419.0911218,51.294,6.876,44.418
MRM,Waste,13.8,Nov,1.027,0.8549,436.0755644,51.294,6.4353,44.8587
MRM,Waste,13.8,Dec,1.07,0.8549,454.3338402,51.294,6.6599,44.6341
MRM,Waste,13.9,Jan,1.07,0.8589,452.2179532,51.534,7.3101,44.2239
MRM,Waste,13.9,Feb,1.07,0.8589,452.2179532,51.534,8.5839,42.9501
MRM,Waste,13.9,Mar,1.027,0.8589,434.0447083,51.534,8.4449,43.0891
MRM,Waste,13.9,Apr,0.958,0.8589,404.8829899,51.534,7.4474,44.0866
MRM,Waste,13.9,May,0.958,0.8589,404.8829899,51.534,7.2845,44.2495
MRM,Waste,13.9,Jun,0.958,0.8589,404.8829899,51.534,6.6787,44.8553
MRM,Waste,13.9,Jul,0.958,0.8589,404.8829899,51.534,6.4176,45.1164
MRM,Waste,13.9,Aug,0.958,0.8589,404.8829899,51.534,6.4107,45.1233
MRM,Waste,13.9,Sep,0.958,0.8589,404.8829899,51.534,5.9258,45.6082
MRM,Waste,13.9,Oct,0.987,0.8589,417.1393643,51.534,6.876,44.658
MRM,Waste,13.9,Nov,1.027,0.8589,434.0447083,51.534,6.4353,45.0987
MRM,Waste,13.9,Dec,1.07,0.8589,452.2179532,51.534,6.6599,44.8741
MRM,Waste,14,Jan,1.07,0.8629,450.1216827,51.774,7.3101,44.4639
MRM,Waste,14,Feb,1.07,0.8629,450.1216827,51.774,8.5839,43.1901
MRM,Waste,14,Mar,1.027,0.8629,432.0326805,51.774,8.4449,43.3291
MRM,Waste,14,Apr,0.958,0.8629,403.0061421,51.774,7.4474,44.3266
MRM,Waste,14,May,0.958,0.8629,403.0061421,51.774,7.2845,44.4895
MRM,Waste,14,Jun,0.958,0.8629,403.0061421,51.774,6.6787,45.0953
MRM,Waste,14,Jul,0.958,0.8629,403.0061421,51.774,6.4176,45.3564
MRM,Waste,14,Aug,0.958,0.8629,403.0061421,51.774,6.4107,45.3633
MRM,Waste,14,Sep,0.958,0.8629,403.0061421,51.774,5.9258,45.8482
MRM,Waste,14,Oct,0.987,0.8629,415.2057017,51.774,6.876,44.898
MRM,Waste,14,Nov,1.027,0.8629,432.0326805,51.774,6.4353,45.3387
MRM,Waste,14,Dec,1.07,0.8629,450.1216827,51.774,6.6599,45.1141
MRM,Waste,14.1,Jan,1.07,0.8669,448.0447572,52.014,7.3101,44.7039
MRM,Waste,14.1,Feb,1.07,0.8669,448.0447572,52.014,8.5839,43.4301
MRM,Waste,14.1,Mar,1.027,0.8669,430.0392202,52.014,8.4449,43.5691
MRM,Waste,14.1,Apr,0.958,0.8669,401.1466144,52.014,7.4474,44.5666
MRM,Waste,14.1,May,0.958,0.8669,401.1466144,52.014,7.2845,44.7295
MRM,Waste,14.1,Jun,0.958,0.8669,401.1466144,52.014,6.6787,45.3353
MRM,Waste,14.1,Jul,0.958,0.8669,401.1466144,52.014,6.4176,45.5964
MRM,Waste,14.1,Aug,0.958,0.8669,401.1466144,52.014,6.4107,45.6033
MRM,Waste,14.1,Sep,0.958,0.8669,401.1466144,52.014,5.9258,46.0882
MRM,Waste,14.1,Oct,0.987,0.8669,413.2898835,52.014,6.876,45.138
MRM,Waste,14.1,Nov,1.027,0.8669,430.0392202,52.014,6.4353,45.5787
MRM,Waste,14.1,Dec,1.07,0.8669,448.0447572,52.014,6.6599,45.3541
MRM,Waste,14.2,Jan,1.07,0.8709,445.9869101,52.254,7.3101,44.9439
MRM,Waste,14.2,Feb,1.07,0.8709,445.9869101,52.254,8.5839,43.6701
MRM,Waste,14.2,Mar,1.027,0.8709,428.0640717,52.254,8.4449,43.8091
MRM,Waste,14.2,Apr,0.958,0.8709,399.3041681,52.254,7.4474,44.8066
MRM,Waste,14.2,May,0.958,0.8709,399.3041681,52.254,7.2845,44.9695
MRM,Waste,14.2,Jun,0.958,0.8709,399.3041681,52.254,6.6787,45.5753
MRM,Waste,14.2,Jul,0.958,0.8709,399.3041681,52.254,6.4176,45.8364
MRM,Waste,14.2,Aug,0.958,0.8709,399.3041681,52.254,6.4107,45.8433
MRM,Waste,14.2,Sep,0.958,0.8709,399.3041681,52.254,5.9258,46.3282
MRM,Waste,14.2,Oct,0.987,0.8709,411.3916638,52.254,6.876,45.378
MRM,Waste,14.2,Nov,1.027,0.8709,428.0640717,52.254,6.4353,45.8187
MRM,Waste,14.2,Dec,1.07,0.8709,445.9869101,52.254,6.6599,45.5941
MRM,Waste,14.3,Jan,1.07,0.8749,443.9478798,52.494,7.3101,45.1839
MRM,Waste,14.3,Feb,1.07,0.8749,443.9478798,52.494,8.5839,43.9101
MRM,Waste,14.3,Mar,1.027,0.8749,426.1069837,52.494,8.4449,44.0491
MRM,Waste,14.3,Apr,0.958,0.8749,397.478569,52.494,7.4474,45.0466
MRM,Waste,14.3,May,0.958,0.8749,397.478569,52.494,7.2845,45.2095
MRM,Waste,14.3,Jun,0.958,0.8749,397.478569,52.494,6.6787,45.8153
MRM,Waste,14.3,Jul,0.958,0.8749,397.478569,52.494,6.4176,46.0764
MRM,Waste,14.3,Aug,0.958,0.8749,397.478569,52.494,6.4107,46.0833
MRM,Waste,14.3,Sep,0.958,0.8749,397.478569,52.494,5.9258,46.5682
MRM,Waste,14.3,Oct,0.987,0.8749,409.5108012,52.494,6.876,45.618
MRM,Waste,14.3,Nov,1.027,0.8749,426.1069837,52.494,6.4353,46.0587
MRM,Waste,14.3,Dec,1.07,0.8749,443.9478798,52.494,6.6599,45.8341
MRM,Waste,14.4,Jan,1.07,0.8789,441.9274093,52.734,7.3101,45.4239
MRM,Waste,14.4,Feb,1.07,0.8789,441.9274093,52.734,8.5839,44.1501
MRM,Waste,14.4,Mar,1.027,0.8789,424.1677096,52.734,8.4449,44.2891
MRM,Waste,14.4,Apr,0.958,0.8789,395.669587,52.734,7.4474,45.2866
MRM,Waste,14.4,May,0.958,0.8789,395.669587,52.734,7.2845,45.4495
MRM,Waste,14.4,Jun,0.958,0.8789,395.669587,52.734,6.6787,46.0553
MRM,Waste,14.4,Jul,0.958,0.8789,395.669587,52.734,6.4176,46.3164
MRM,Waste,14.4,Aug,0.958,0.8789,395.669587,52.734,6.4107,46.3233
MRM,Waste,14.4,Sep,0.958,0.8789,395.669587,52.734,5.9258,46.8082
MRM,Waste,14.4,Oct,0.987,0.8789,407.6470588,52.734,6.876,45.858
MRM,Waste,14.4,Nov,1.027,0.8789,424.1677096,52.734,6.4353,46.2987
MRM,Waste,14.4,Dec,1.07,0.8789,441.9274093,52.734,6.6599,46.0741
MRM,Waste,14.5,Jan,1.07,0.8829,439.9252463,52.974,7.3101,45.6639
MRM,Waste,14.5,Feb,1.07,0.8829,439.9252463,52.974,8.5839,44.3901
MRM,Waste,14.5,Mar,1.027,0.8829,422.2460075,52.974,8.4449,44.5291
MRM,Waste,14.5,Apr,0.958,0.8829,393.8769963,52.974,7.4474,45.5266
MRM,Waste,14.5,May,0.958,0.8829,393.8769963,52.974,7.2845,45.6895
MRM,Waste,14.5,Jun,0.958,0.8829,393.8769963,52.974,6.6787,46.2953
MRM,Waste,14.5,Jul,0.958,0.8829,393.8769963,52.974,6.4176,46.5564
MRM,Waste,14.5,Aug,0.958,0.8829,393.8769963,52.974,6.4107,46.5633
MRM,Waste,14.5,Sep,0.958,0.8829,393.8769963,52.974,5.9258,47.0482
MRM,Waste,14.5,Oct,0.987,0.8829,405.8002039,52.974,6.876,46.098
MRM,Waste,14.5,Nov,1.027,0.8829,422.2460075,52.974,6.4353,46.5387
MRM,Waste,14.5,Dec,1.07,0.8829,439.9252463,52.974,6.6599,46.3141
MRM,Waste,14.6,Jan,1.07,0.8869,437.9411433,53.214,7.3101,45.9039
MRM,Waste,14.6,Feb,1.07,0.8869,437.9411433,53.214,8.5839,44.6301
MRM,Waste,14.6,Mar,1.027,0.8869,420.3416394,53.214,8.4449,44.7691
MRM,Waste,14.6,Apr,0.958,0.8869,392.100575,53.214,7.4474,45.7666
MRM,Waste,14.6,May,0.958,0.8869,392.100575,53.214,7.2845,45.9295
MRM,Waste,14.6,Jun,0.958,0.8869,392.100575,53.214,6.6787,46.5353
MRM,Waste,14.6,Jul,0.958,0.8869,392.100575,53.214,6.4176,46.7964
MRM,Waste,14.6,Aug,0.958,0.8869,392.100575,53.214,6.4107,46.8033
MRM,Waste,14.6,Sep,0.958,0.8869,392.100575,53.214,5.9258,47.2882
MRM,Waste,14.6,Oct,0.987,0.8869,403.9700079,53.214,6.876,46.338
MRM,Waste,14.6,Nov,1.027,0.8869,420.3416394,53.214,6.4353,46.7787
MRM,Waste,14.6,Dec,1.07,0.8869,437.9411433,53.214,6.6599,46.5541
MRM,Waste,14.7,Jan,1.07,0.8909,435.9748569,53.454,7.3101,46.1439
MRM,Waste,14.7,Feb,1.07,0.8909,435.9748569,53.454,8.5839,44.8701
MRM,Waste,14.7,Mar,1.027,0.8909,418.454372,53.454,8.4449,45.0091
MRM,Waste,14.7,Apr,0.958,0.8909,390.3401055,53.454,7.4474,46.0066
MRM,Waste,14.7,May,0.958,0.8909,390.3401055,53.454,7.2845,46.1695
MRM,Waste,14.7,Jun,0.958,0.8909,390.3401055,53.454,6.6787,46.7753
MRM,Waste,14.7,Jul,0.958,0.8909,390.3401055,53.454,6.4176,47.0364
MRM,Waste,14.7,Aug,0.958,0.8909,390.3401055,53.454,6.4107,47.0433
MRM,Waste,14.7,Sep,0.958,0.8909,390.3401055,53.454,5.9258,47.5282
MRM,Waste,14.7,Oct,0.987,0.8909,402.1562465,53.454,6.876,46.578
MRM,Waste,14.7,Nov,1.027,0.8909,418.454372,53.454,6.4353,47.0187
MRM,Waste,14.7,Dec,1.07,0.8909,435.9748569,53.454,6.6599,46.7941
MRM,Waste,14.8,Jan,1.07,0.8949,434.0261482,53.694,7.3101,46.3839
MRM,Waste,14.8,Feb,1.07,0.8949,434.0261482,53.694,8.5839,45.1101
MRM,Waste,14.8,Mar,1.027,0.8949,416.5839759,53.694,8.4449,45.2491
MRM,Waste,14.8,Apr,0.958,0.8949,388.5953738,53.694,7.4474,46.2466
MRM,Waste,14.8,May,0.958,0.8949,388.5953738,53.694,7.2845,46.4095
MRM,Waste,14.8,Jun,0.958,0.8949,388.5953738,53.694,6.6787,47.0153
MRM,Waste,14.8,Jul,0.958,0.8949,388.5953738,53.694,6.4176,47.2764
MRM,Waste,14.8,Aug,0.958,0.8949,388.5953738,53.694,6.4107,47.2833
MRM,Waste,14.8,Sep,0.958,0.8949,388.5953738,53.694,5.9258,47.7682
MRM,Waste,14.8,Oct,0.987,0.8949,400.3586993,53.694,6.876,46.818
MRM,Waste,14.8,Nov,1.027,0.8949,416.5839759,53.694,6.4353,47.2587
MRM,Waste,14.8,Dec,1.07,0.8949,434.0261482,53.694,6.6599,47.0341
MRM,Waste,14.9,Jan,1.07,0.8989,432.0947825,53.934,7.3101,46.6239
MRM,Waste,14.9,Feb,1.07,0.8989,432.0947825,53.934,8.5839,45.3501
MRM,Waste,14.9,Mar,1.027,0.8989,414.7302258,53.934,8.4449,45.4891
MRM,Waste,14.9,Apr,0.958,0.8989,386.8661698,53.934,7.4474,46.4866
MRM,Waste,14.9,May,0.958,0.8989,386.8661698,53.934,7.2845,46.6495
MRM,Waste,14.9,Jun,0.958,0.8989,386.8661698,53.934,6.6787,47.2553
MRM,Waste,14.9,Jul,0.958,0.8989,386.8661698,53.934,6.4176,47.5164
MRM,Waste,14.9,Aug,0.958,0.8989,386.8661698,53.934,6.4107,47.5233
MRM,Waste,14.9,Sep,0.958,0.8989,386.8661698,53.934,5.9258,48.0082
MRM,Waste,14.9,Oct,0.987,0.8989,398.5771498,53.934,6.876,47.058
MRM,Waste,14.9,Nov,1.027,0.8989,414.7302258,53.934,6.4353,47.4987
MRM,Waste,14.9,Dec,1.07,0.8989,432.0947825,53.934,6.6599,47.2741
MRM,Waste,15,Jan,1.07,0.9029,430.1805294,54.174,7.3101,46.8639
MRM,Waste,15,Feb,1.07,0.9029,430.1805294,54.174,8.5839,45.5901
MRM,Waste,15,Mar,1.027,0.9029,412.8929007,54.174,8.4449,45.7291
MRM,Waste,15,Apr,0.958,0.9029,385.1522871,54.174,7.4474,46.7266
MRM,Waste,15,May,0.958,0.9029,385.1522871,54.174,7.2845,46.8895
MRM,Waste,15,Jun,0.958,0.9029,385.1522871,54.174,6.6787,47.4953
MRM,Waste,15,Jul,0.958,0.9029,385.1522871,54.174,6.4176,47.7564
MRM,Waste,15,Aug,0.958,0.9029,385.1522871,54.174,6.4107,47.7633
MRM,Waste,15,Sep,0.958,0.9029,385.1522871,54.174,5.9258,48.2482
MRM,Waste,15,Oct,0.987,0.9029,396.8113855,54.174,6.876,47.298
MRM,Waste,15,Nov,1.027,0.9029,412.8929007,54.174,6.4353,47.7387
MRM,Waste,15,Dec,1.07,0.9029,430.1805294,54.174,6.6599,47.5141
MRM,Waste,15.1,Jan,1.07,0.9069,428.2831624,54.414,7.3101,47.1039
MRM,Waste,15.1,Feb,1.07,0.9069,428.2831624,54.414,8.5839,45.8301
MRM,Waste,15.1,Mar,1.027,0.9069,411.071783,54.414,8.4449,45.9691
MRM,Waste,15.1,Apr,0.958,0.9069,383.453523,54.414,7.4474,46.9666
MRM,Waste,15.1,May,0.958,0.9069,383.453523,54.414,7.2845,47.1295
MRM,Waste,15.1,Jun,0.958,0.9069,383.453523,54.414,6.6787,47.7353
MRM,Waste,15.1,Jul,0.958,0.9069,383.453523,54.414,6.4176,47.9964
MRM,Waste,15.1,Aug,0.958,0.9069,383.453523,54.414,6.4107,48.0033
MRM,Waste,15.1,Sep,0.958,0.9069,383.453523,54.414,5.9258,48.4882
MRM,Waste,15.1,Oct,0.987,0.9069,395.0611975,54.414,6.876,47.538
MRM,Waste,15.1,Nov,1.027,0.9069,411.071783,54.414,6.4353,47.9787
MRM,Waste,15.1,Dec,1.07,0.9069,428.2831624,54.414,6.6599,47.7541
MRM,Waste,15.2,Jan,1.07,0.9109,426.4024591,54.654,7.3101,47.3439
MRM,Waste,15.2,Feb,1.07,0.9109,426.4024591,54.654,8.5839,46.0701
MRM,Waste,15.2,Mar,1.027,0.9109,409.2666593,54.654,8.4449,46.2091
MRM,Waste,15.2,Apr,0.958,0.9109,381.7696783,54.654,7.4474,47.2066
MRM,Waste,15.2,May,0.958,0.9109,381.7696783,54.654,7.2845,47.3695
MRM,Waste,15.2,Jun,0.958,0.9109,381.7696783,54.654,6.6787,47.9753
MRM,Waste,15.2,Jul,0.958,0.9109,381.7696783,54.654,6.4176,48.2364
MRM,Waste,15.2,Aug,0.958,0.9109,381.7696783,54.654,6.4107,48.2433
MRM,Waste,15.2,Sep,0.958,0.9109,381.7696783,54.654,5.9258,48.7282
MRM,Waste,15.2,Oct,0.987,0.9109,393.3263805,54.654,6.876,47.778
MRM,Waste,15.2,Nov,1.027,0.9109,409.2666593,54.654,6.4353,48.2187
MRM,Waste,15.2,Dec,1.07,0.9109,426.4024591,54.654,6.6599,47.9941
MRM,Waste,15.3,Jan,1.07,0.9149,424.5382009,54.894,7.3101,47.5839
MRM,Waste,15.3,Feb,1.07,0.9149,424.5382009,54.894,8.5839,46.3101
MRM,Waste,15.3,Mar,1.027,0.9149,407.4773199,54.894,8.4449,46.4491
MRM,Waste,15.3,Apr,0.958,0.9149,380.1005574,54.894,7.4474,47.4466
MRM,Waste,15.3,May,0.958,0.9149,380.1005574,54.894,7.2845,47.6095
MRM,Waste,15.3,Jun,0.958,0.9149,380.1005574,54.894,6.6787,48.2153
MRM,Waste,15.3,Jul,0.958,0.9149,380.1005574,54.894,6.4176,48.4764
MRM,Waste,15.3,Aug,0.958,0.9149,380.1005574,54.894,6.4107,48.4833
MRM,Waste,15.3,Sep,0.958,0.9149,380.1005574,54.894,5.9258,48.9682
MRM,Waste,15.3,Oct,0.987,0.9149,391.606733,54.894,6.876,48.018
MRM,Waste,15.3,Nov,1.027,0.9149,407.4773199,54.894,6.4353,48.4587
MRM,Waste,15.3,Dec,1.07,0.9149,424.5382009,54.894,6.6599,48.2341
MRM,Waste,15.4,Jan,1.07,0.9189,422.690173,55.134,7.3101,47.8239
MRM,Waste,15.4,Feb,1.07,0.9189,422.690173,55.134,8.5839,46.5501
MRM,Waste,15.4,Mar,1.027,0.9189,405.7035586,55.134,8.4449,46.6891
MRM,Waste,15.4,Apr,0.958,0.9189,378.445968,55.134,7.4474,47.6866
MRM,Waste,15.4,May,0.958,0.9189,378.445968,55.134,7.2845,47.8495
MRM,Waste,15.4,Jun,0.958,0.9189,378.445968,55.134,6.6787,48.4553
MRM,Waste,15.4,Jul,0.958,0.9189,378.445968,55.134,6.4176,48.7164
MRM,Waste,15.4,Aug,0.958,0.9189,378.445968,55.134,6.4107,48.7233
MRM,Waste,15.4,Sep,0.958,0.9189,378.445968,55.134,5.9258,49.2082
MRM,Waste,15.4,Oct,0.987,0.9189,389.9020568,55.134,6.876,48.258
MRM,Waste,15.4,Nov,1.027,0.9189,405.7035586,55.134,6.4353,48.6987
MRM,Waste,15.4,Dec,1.07,0.9189,422.690173,55.134,6.6599,48.4741
MRM,Waste,15.5,Jan,1.07,0.9229,420.8581645,55.374,7.3101,48.0639
MRM,Waste,15.5,Feb,1.07,0.9229,420.8581645,55.374,8.5839,46.7901
MRM,Waste,15.5,Mar,1.027,0.9229,403.9451728,55.374,8.4449,46.9291
MRM,Waste,15.5,Apr,0.958,0.9229,376.8057211,55.374,7.4474,47.9266
MRM,Waste,15.5,May,0.958,0.9229,376.8057211,55.374,7.2845,48.0895
MRM,Waste,15.5,Jun,0.958,0.9229,376.8057211,55.374,6.6787,48.6953
MRM,Waste,15.5,Jul,0.958,0.9229,376.8057211,55.374,6.4176,48.9564
MRM,Waste,15.5,Aug,0.958,0.9229,376.8057211,55.374,6.4107,48.9633
MRM,Waste,15.5,Sep,0.958,0.9229,376.8057211,55.374,5.9258,49.4482
MRM,Waste,15.5,Oct,0.987,0.9229,388.2121573,55.374,6.876,48.498
MRM,Waste,15.5,Nov,1.027,0.9229,403.9451728,55.374,6.4353,48.9387
MRM,Waste,15.5,Dec,1.07,0.9229,420.8581645,55.374,6.6599,48.7141
