Dtl_Pit_1,Dtl_TotalRequired_2,Dtl_LPActual_3,Dtl_Short_4,Dtl_Timestamp_5
MRM,41.9501494635072,33.7142857142857,-8.23586374922144,8/10/2026 5:15:00 PM
MRM,32.799273085077,32.4117647058824,-0.387508379194649,8/10/2026 5:30:00 PM
MRM,27.2916268468473,31.6669679752066,4.37534112835935,8/10/2026 5:45:00 PM
JPM,15.898889728537,11.974358974359,-3.92453075417798,8/10/2026 6:00:00 PM
JPM,16.2449196081012,13,-3.24491960810123,8/10/2026 6:15:00 PM
JPM,16.468420780795,13,-3.46842078079504,8/10/2026 6:30:00 PM
JPM,16.15840705982,13,-3.15840705982001,8/10/2026 6:45:00 PM
JPM,15.5224951128497,13,-2.52249511284974,8/10/2026 7:00:00 PM
JPM,14.4087067767637,12.6666666666667,-1.74204011009707,8/10/2026 7:15:00 PM
JPM,13.5947409393967,13,-0.594740939396653,8/10/2026 7:30:00 PM
JPM,15.2332515480972,12.6077272727273,-2.62552427536996,8/10/2026 7:45:00 PM
JPM,24.8150599605163,13.100935828877,-11.7141241316393,8/10/2026 8:00:00 PM
JPM,27.4376248665168,13.6939229249012,-13.7437019416156,8/10/2026 8:15:00 PM
JPM,30.1582583843729,14.0397727272727,-16.1184856571002,8/10/2026 8:30:00 PM
JPM,29.9014790408537,14.0397727272727,-15.8617063135809,8/10/2026 8:45:00 PM
JPM,30.2152962931978,14.0397727272727,-16.1755235659251,8/10/2026 9:00:00 PM
JPM,25.3574354588618,14.0108901515152,-11.3465453073466,8/10/2026 9:15:00 PM
JPM,32.6668441939768,13.6499422187982,-19.0169019751786,8/10/2026 9:30:00 PM
JPM,20.6794452666091,13.148538961039,-7.53090630557013,8/10/2026 9:45:00 PM
JPM,18.7230450096272,13.4102564102564,-5.3127885993708,8/10/2026 10:00:00 PM
JPM,19.4361299725637,13.8409090909091,-5.5952208816546,8/10/2026 10:15:00 PM
JPM,28.714534121516,13.699847027972,-15.014687093544,8/10/2026 10:30:00 PM
JPM,29.3089517149842,14.0397727272727,-15.2691789877114,8/10/2026 10:45:00 PM
JPM,28.3839583334695,14.3681220095694,-14.0158363239001,8/10/2026 11:00:00 PM
JPM,25.4941215731074,14.3863636363636,-11.1077579367438,8/10/2026 11:15:00 PM
JPM,25.1551647707094,14.3653581267218,-10.7898066439876,8/10/2026 11:30:00 PM
JPM,22.2124152273312,13.4223484848485,-8.79006674248271,8/10/2026 11:45:00 PM
JPM,23.1674553270294,12.6931818181818,-10.4742735088476,8/11/2026 12:00:00 AM
JPM,24.8879500548254,12.6931818181818,-12.1947682366436,8/11/2026 12:15:00 AM
JPM,20.4209803490026,12.1575413223141,-8.26343902668859,8/11/2026 12:30:00 AM
JPM,17.8662262708064,12,-5.8662262708064,8/11/2026 12:45:00 AM
JPM,16.1464686272598,12,-4.14646862725983,8/11/2026 1:00:00 AM
JPM,15.6850067606579,11.3142857142857,-4.37072104637214,8/11/2026 1:15:00 AM
JPM,16.686320936268,11.0840220385675,-5.60229889770051,8/11/2026 1:30:00 AM
JPM,17.1347277067434,11.1788856304985,-5.95584207624485,8/11/2026 1:45:00 AM
JPM,15.8228943478646,11.5686274509804,-4.25426689688424,8/11/2026 2:00:00 AM
JPM,15.4337663746666,12,-3.43376637466665,8/11/2026 2:15:00 AM
JPM,16.2985384372103,12,-4.29853843721035,8/11/2026 2:30:00 AM
JPM,15.5682957040242,11.9375,-3.63079570402421,8/11/2026 2:45:00 AM
JPM,17.6236723486298,12.3971354166667,-5.22653693196309,8/11/2026 3:00:00 AM
JPM,20.9960044718412,12.5431648575305,-8.45283961431062,8/11/2026 3:15:00 AM
JPM,21.5881749316645,12,-9.58817493166455,8/11/2026 3:30:00 AM
JPM,22.1307755750669,12,-10.1307755750669,8/11/2026 3:45:00 AM
JPM,19.0990319197399,12,-7.09903191973988,8/11/2026 4:00:00 AM
JPM,17.5432624497581,12.9583333333333,-4.58492911642473,8/11/2026 4:15:00 AM
JPM,17.4708463364465,13,-4.47084633644649,8/11/2026 4:30:00 AM
JPM,18.2319391773433,13,-5.2319391773433,8/11/2026 4:45:00 AM
JPM,19.7112529394349,13,-6.71125293943491,8/11/2026 5:00:00 AM
JPM,21.0264040735871,13,-8.02640407358708,8/11/2026 5:15:00 AM
JPM,18.1807323225919,12.9736842105263,-5.20704811206559,8/11/2026 5:30:00 AM
JPM,12.8392088627935,12.2,-0.639208862793543,8/11/2026 5:45:00 AM
MRM,23.8635310406452,34.0611888111888,10.1976577705436,8/10/2026 6:00:00 PM
MRM,20.3598233975312,33.5151515151515,13.1553281176203,8/10/2026 6:15:00 PM
MRM,24.3889214963345,31.7454545454545,7.35653304912003,8/10/2026 6:30:00 PM
MRM,39.1176216516926,32.0975609756098,-7.02006067608288,8/10/2026 6:45:00 PM
MRM,49.0660121531449,38.0769230769231,-10.9890890762218,8/10/2026 7:00:00 PM
MRM,49.379341435268,39,-10.379341435268,8/10/2026 7:15:00 PM
MRM,51.3592023126835,39,-12.3592023126835,8/10/2026 7:30:00 PM
MRM,57.8091051948013,40.36,-17.4491051948013,8/10/2026 7:45:00 PM
MRM,56.5924287882533,41,-15.5924287882533,8/10/2026 8:00:00 PM
MRM,41.6742814870663,40.6304347826087,-1.04384670445758,8/10/2026 8:15:00 PM
MRM,47.2201620047036,40.3220338983051,-6.89812810639854,8/10/2026 8:30:00 PM
MRM,43.2732494502447,41,-2.27324945024474,8/10/2026 8:45:00 PM
MRM,39.352915542812,39.7462686567164,0.393353113904411,8/10/2026 9:00:00 PM
MRM,38.2990806276297,37.3055555555556,-0.993525072074114,8/10/2026 9:15:00 PM
MRM,41.3950269743058,38.9152542372881,-2.47977273701768,8/10/2026 9:30:00 PM
MRM,45.6496322654037,40.1020408163265,-5.54759144907721,8/10/2026 9:45:00 PM
MRM,26.6766119297504,35.2564102564103,8.57979832665982,8/10/2026 10:00:00 PM
MRM,19.5959377529759,30.25,10.6540622470241,8/10/2026 10:15:00 PM
MRM,24.0903395394829,28.9615384615385,4.87119892205559,8/10/2026 10:30:00 PM
MRM,44.2792378084519,36.6195652173913,-7.65967259106064,8/10/2026 10:45:00 PM
MRM,59.5202489348898,41.6578947368421,-17.8623541980477,8/10/2026 11:00:00 PM
MRM,57.5410173223312,41.4285714285714,-16.1124458937598,8/10/2026 11:15:00 PM
MRM,57.841921199132,41.7763429752066,-16.0655782239253,8/10/2026 11:30:00 PM
MRM,66.6604294703929,41.3541666666667,-25.3062628037262,8/10/2026 11:45:00 PM
MRM,66.6765747861329,41,-25.6765747861329,8/11/2026 12:00:00 AM
MRM,72.253938253185,41.6521739130435,-30.6017643401415,8/11/2026 12:15:00 AM
MRM,58.6363585536946,42,-16.6363585536946,8/11/2026 12:30:00 AM
MRM,54.3491156049867,41.1296296296296,-13.2194859753571,8/11/2026 12:45:00 AM
MRM,56.3350573199795,42.0084534368071,-14.3266038831724,8/11/2026 1:00:00 AM
MRM,54.3042698376852,41.6,-12.7042698376852,8/11/2026 1:15:00 AM
MRM,60.4545461389858,39.9090909090909,-20.5454552298949,8/11/2026 1:30:00 AM
MRM,62.1294337684312,39,-23.1294337684312,8/11/2026 1:45:00 AM
MRM,62.4386429784735,39,-23.4386429784735,8/11/2026 2:00:00 AM
MRM,64.8777558215175,39.8,-25.0777558215175,8/11/2026 2:15:00 AM
MRM,70.6861900176795,41.625,-29.0611900176795,8/11/2026 2:30:00 AM
MRM,61.3928512477308,42.5,-18.8928512477308,8/11/2026 2:45:00 AM
MRM,69.5253734503477,43,-26.5253734503477,8/11/2026 3:00:00 AM
MRM,70.404902764848,42.1791044776119,-28.2257982872361,8/11/2026 3:15:00 AM
MRM,72.761707776136,41.8773558758315,-30.8843519003045,8/11/2026 3:30:00 AM
MRM,78.7998441970808,41.4651162790698,-37.3347279180111,8/11/2026 3:45:00 AM
MRM,75.9633661095211,42,-33.9633661095211,8/11/2026 4:00:00 AM
MRM,76.448610100166,42,-34.448610100166,8/11/2026 4:15:00 AM
MRM,74.2180471953938,42,-32.2180471953938,8/11/2026 4:30:00 AM
MRM,53.7151701710392,42,-11.7151701710392,8/11/2026 4:45:00 AM
MRM,63.8123498307714,42,-21.8123498307714,8/11/2026 5:00:00 AM
MRM,75.909057674866,42,-33.909057674866,8/11/2026 5:15:00 AM
MRM,61.1034668409884,42,-19.1034668409884,8/11/2026 5:30:00 AM
MRM,63.0919268791798,42,-21.0919268791798,8/11/2026 5:45:00 AM
JPM,12.8371424718162,13.75,0.912857528183844,8/11/2026 6:00:00 AM
JPM,20.9618241469406,14.7994652406417,-6.16235890629889,8/11/2026 6:15:00 AM
JPM,17.9939585839566,14.5461647727273,-3.44779381122937,8/11/2026 6:30:00 AM
JPM,18.4648549430803,14.5028409090909,-3.96201403398936,8/11/2026 6:45:00 AM
JPM,21.5089585285879,14.5028409090909,-7.00611761949697,8/11/2026 7:00:00 AM
JPM,13.0657444270323,14.0359172077922,0.970172780759942,8/11/2026 7:15:00 AM
JPM,13.2542027323591,14,0.74579726764094,8/11/2026 7:30:00 AM
JPM,13.015470029329,14,0.984529970670959,8/11/2026 7:45:00 AM
JPM,17.8639391773285,14,-3.86393917732855,8/11/2026 8:00:00 AM
JPM,18.2006716810154,14,-4.20067168101542,8/11/2026 8:15:00 AM
JPM,17.9766879982871,14,-3.97668799828709,8/11/2026 8:30:00 AM
JPM,24.2268624653363,14.4776988636364,-9.74916360169992,8/11/2026 8:45:00 AM
JPM,21.394524731954,14.3094405594406,-7.08508417251343,8/11/2026 9:00:00 AM
JPM,14.8851363004047,14.0457128099174,-0.839423490487386,8/11/2026 9:15:00 AM
JPM,20.8911981740771,14.5028409090909,-6.38835726498617,8/11/2026 9:30:00 AM
JPM,22.2638043950047,14.5028409090909,-7.76096348591375,8/11/2026 9:45:00 AM
JPM,21.3186489240283,14.5028409090909,-6.81580801493735,8/11/2026 10:00:00 AM
JPM,24.4868900455481,14.5028409090909,-9.98404913645716,8/11/2026 10:15:00 AM
JPM,27.2861782256264,14.2528409090909,-13.0333373165354,8/11/2026 10:30:00 AM
JPM,13.3472969248007,12.0838068181818,-1.2634901066189,8/11/2026 10:45:00 AM
JPM,13.5997039607556,12,-1.59970396075557,8/11/2026 11:00:00 AM
JPM,12.5710449224032,12,-0.5710449224032,8/11/2026 11:15:00 AM
JPM,12.1497103947974,12,-0.149710394797408,8/11/2026 11:30:00 AM
JPM,11.8644540100762,12,0.135545989923809,8/11/2026 11:45:00 AM
JPM,13.0019183100045,12.0566287878788,-0.945289522125735,8/11/2026 12:00:00 PM
JPM,12.2550848792631,12,-0.255084879263139,8/11/2026 12:15:00 PM
JPM,11.7447371361877,12.099025974026,0.354288837838224,8/11/2026 12:30:00 PM
JPM,13.0069254953156,12.0996685606061,-0.907256934709524,8/11/2026 12:45:00 PM
JPM,12.3738448937132,12,-0.37384489371316,8/11/2026 1:00:00 PM
JPM,12.5023124351419,12,-0.502312435141903,8/11/2026 1:15:00 PM
JPM,12.709115677936,12,-0.709115677936039,8/11/2026 1:30:00 PM
JPM,14.5334942594563,12,-2.53349425945627,8/11/2026 1:45:00 PM
JPM,14.2942880992927,12,-2.29428809929273,8/11/2026 2:00:00 PM
JPM,13.3983855086898,12.8461538461538,-0.552231662535936,8/11/2026 2:15:00 PM
JPM,14.0121657827084,13,-1.01216578270839,8/11/2026 2:30:00 PM
JPM,15.3664758378266,13,-2.36647583782656,8/11/2026 2:45:00 PM
JPM,14.964628571367,12.7,-2.26462857136698,8/11/2026 3:00:00 PM
JPM,14.8347054326488,12.5714285714286,-2.26327686122026,8/11/2026 3:15:00 PM
JPM,11.1585935580877,11.1428571428571,-0.0157364152305313,8/16/2026 6:00:00 AM
JPM,10.4036955291814,12,1.59630447081859,8/16/2026 6:15:00 AM
MRM,11.3776240041773,8.50733901515152,-2.8702849890258,8/16/2026 6:15:00 AM
JPM,9.93033722857063,13,3.06966277142937,8/16/2026 6:30:00 AM
MRM,16.8362864975127,19.6214488636364,2.78516236612371,8/16/2026 6:30:00 AM
JPM,14.7458661952217,15,0.254133804778292,8/16/2026 6:45:00 AM
MRM,16.0860215253155,19.6619318181818,3.57591029286627,8/16/2026 6:45:00 AM
JPM,15.0656252637862,15,-0.0656252637861812,8/16/2026 7:00:00 AM
MRM,26.5833789176788,25.7634297520661,-0.819949165612659,8/16/2026 7:00:00 AM
JPM,14.6867525062064,15,0.3132474937936,8/16/2026 7:15:00 AM
MRM,34.0800962579283,30.4569805194805,-3.62311573844779,8/16/2026 7:15:00 AM
JPM,13.2936942098503,15,1.70630579014972,8/16/2026 7:30:00 AM
MRM,32.7531901330589,33.0397727272727,0.286582594213854,8/16/2026 7:30:00 AM
JPM,11.1585935580877,11.1428571428571,-0.0157364152305313,8/16/2026 6:00:00 AM
JPM,10.4036955291814,12,1.59630447081859,8/16/2026 6:15:00 AM
MRM,11.3776240041773,8.50733901515151,-2.8702849890258,8/16/2026 6:15:00 AM
JPM,9.93033722857063,13,3.06966277142937,8/16/2026 6:30:00 AM
MRM,16.8362864975127,19.6214488636364,2.78516236612371,8/16/2026 6:30:00 AM
JPM,14.7458661952217,15,0.254133804778293,8/16/2026 6:45:00 AM
MRM,16.0860215253155,19.6619318181818,3.57591029286627,8/16/2026 6:45:00 AM
JPM,15.0656252637862,15,-0.0656252637861812,8/16/2026 7:00:00 AM
MRM,26.5833789176788,25.7634297520661,-0.819949165612648,8/16/2026 7:00:00 AM
JPM,14.6867525062064,15,0.313247493793599,8/16/2026 7:15:00 AM
MRM,34.0800962579283,30.4569805194805,-3.62311573844779,8/16/2026 7:15:00 AM
JPM,13.2936942098503,15,1.70630579014972,8/16/2026 7:30:00 AM
MRM,32.7531901330589,33.0397727272727,0.286582594213854,8/16/2026 7:30:00 AM
JPM,15.5354361934229,16,0.464563806577146,8/16/2026 7:45:00 AM
MRM,31.2048614255562,32.6931818181818,1.48832039262561,8/16/2026 7:45:00 AM
JPM,14.8511053996935,16,1.14889460030655,8/16/2026 8:00:00 AM
MRM,31.8597617221316,32.4951298701299,0.635368147998236,8/16/2026 8:00:00 AM
JPM,13.7919974531876,16,2.20800254681245,8/16/2026 8:15:00 AM
MRM,33.2612312802775,34.6732954545455,1.41206417426792,8/16/2026 8:15:00 AM
JPM,13.4092570658056,15,1.59074293419441,8/16/2026 8:30:00 AM
MRM,32.1350178184184,33,0.86498218158156,8/16/2026 8:30:00 AM
JPM,11.953060514725,14,2.04693948527504,8/16/2026 8:45:00 AM
MRM,31.7236177963308,33.5555555555556,1.83193775922479,8/16/2026 8:45:00 AM
JPM,11.1585935580877,11.1428571428571,-0.0157364152305313,8/16/2026 6:00:00 AM
JPM,10.4036955291814,12,1.59630447081859,8/16/2026 6:15:00 AM
MRM,11.3776240041773,8.50733901515152,-2.8702849890258,8/16/2026 6:15:00 AM
JPM,9.93033722857063,13,3.06966277142937,8/16/2026 6:30:00 AM
MRM,16.8362864975127,19.6214488636364,2.78516236612371,8/16/2026 6:30:00 AM
JPM,14.7458661952217,15,0.254133804778292,8/16/2026 6:45:00 AM
MRM,16.0860215253155,19.6619318181818,3.57591029286627,8/16/2026 6:45:00 AM
JPM,15.0656252637862,15,-0.0656252637861829,8/16/2026 7:00:00 AM
MRM,26.5833789176788,25.7634297520661,-0.819949165612648,8/16/2026 7:00:00 AM
JPM,14.6867525062064,15,0.313247493793599,8/16/2026 7:15:00 AM
MRM,34.0800962579283,30.4569805194805,-3.62311573844779,8/16/2026 7:15:00 AM
JPM,13.2936942098503,15,1.70630579014972,8/16/2026 7:30:00 AM
MRM,32.7531901330589,33.0397727272727,0.286582594213854,8/16/2026 7:30:00 AM
JPM,15.5354361934229,16,0.464563806577145,8/16/2026 7:45:00 AM
MRM,31.2048614255562,32.6931818181818,1.4883203926256,8/16/2026 7:45:00 AM
JPM,14.8511053996935,16,1.14889460030655,8/16/2026 8:00:00 AM
MRM,31.8597617221316,32.4951298701299,0.635368147998236,8/16/2026 8:00:00 AM
JPM,13.7919974531876,16,2.20800254681245,8/16/2026 8:15:00 AM
MRM,33.2612312802775,34.6732954545455,1.41206417426792,8/16/2026 8:15:00 AM
JPM,13.4092570658056,15,1.59074293419441,8/16/2026 8:30:00 AM
MRM,32.1350178184184,33,0.86498218158156,8/16/2026 8:30:00 AM
JPM,11.8938202332287,14,2.10617976677129,8/16/2026 8:45:00 AM
MRM,31.564783105586,32.9090909090909,1.34430780350491,8/16/2026 8:45:00 AM
JPM,11.8327698022091,14.75,2.91723019779094,8/16/2026 9:00:00 AM
MRM,31.5714131809536,30.875,-0.696413180953563,8/16/2026 9:00:00 AM
JPM,11.6560844770134,15,3.34391552298657,8/16/2026 9:15:00 AM
MRM,21.7872292708892,30.5555555555556,8.76832628466631,8/16/2026 9:15:00 AM
JPM,13.3467487005328,15.6666666666667,2.31991796613389,8/16/2026 9:30:00 AM
MRM,21.810120255263,28.8333333333333,7.02321307807035,8/16/2026 9:30:00 AM
JPM,11.7712822795015,14,2.22871772049852,8/16/2026 9:45:00 AM
MRM,24.5408174573186,29.0714285714286,4.53061111410996,8/16/2026 9:45:00 AM
JPM,11.4032013908539,14,2.59679860914615,8/16/2026 10:00:00 AM
MRM,29.6969981673287,32.2571022727273,2.56010410539861,8/16/2026 10:00:00 AM
JPM,10.5716492367136,14,3.42835076328637,8/16/2026 10:15:00 AM
MRM,30.6111994552579,31.1111111111111,0.499911655853161,8/16/2026 10:15:00 AM
JPM,10.4812289819126,14.3333333333333,3.85210435142077,8/16/2026 10:30:00 AM
MRM,29.0195347329606,26.6666666666667,-2.35286806629393,8/16/2026 10:30:00 AM
JPM,11.4403104561499,16,4.55968954385006,8/16/2026 10:45:00 AM
MRM,33.9551890997463,27.75,-6.20518909974635,8/16/2026 10:45:00 AM
JPM,11.5405671740794,16,4.45943282592063,8/16/2026 11:00:00 AM
MRM,36.9233326937953,33.6520979020979,-3.27123479169743,8/16/2026 11:00:00 AM
JPM,12.2314839160338,16,3.76851608396619,8/16/2026 11:15:00 AM
MRM,33.9812521130156,30.0397727272727,-3.9414793857429,8/16/2026 11:15:00 AM
JPM,12.7912831363786,16,3.20871686362135,8/16/2026 11:30:00 AM
MRM,36.9688220724789,29.7452651515152,-7.22355692096373,8/16/2026 11:30:00 AM
JPM,11.2387522253567,16,4.76124777464328,8/16/2026 11:45:00 AM
MRM,37.7790125048864,30.75,-7.02901250488639,8/16/2026 11:45:00 AM
JPM,13.7506666709656,16,2.24933332903442,8/16/2026 12:00:00 PM
MRM,43.0813561893808,33.6,-9.48135618938077,8/16/2026 12:00:00 PM
JPM,14.4042345835826,16,1.59576541641739,8/16/2026 12:15:00 PM
MRM,38.4185802140552,31.3333333333333,-7.08524688072187,8/16/2026 12:15:00 PM
JPM,11.1870895943526,16,4.81291040564737,8/16/2026 12:30:00 PM
MRM,39.0339723047751,32,-7.03397230477515,8/16/2026 12:30:00 PM
JPM,10.4616066229667,16,5.53839337703333,8/16/2026 12:45:00 PM
MRM,39.100801498132,32,-7.10080149813204,8/16/2026 12:45:00 PM
JPM,11.1585935580877,11.1428571428571,-0.0157364152305313,8/16/2026 6:00:00 AM
JPM,10.4036955291814,12,1.59630447081859,8/16/2026 6:15:00 AM
MRM,11.3776240041773,8.50733901515151,-2.8702849890258,8/16/2026 6:15:00 AM
JPM,9.93033722857063,13,3.06966277142937,8/16/2026 6:30:00 AM
MRM,16.8362864975127,19.6214488636364,2.78516236612371,8/16/2026 6:30:00 AM
JPM,14.7458661952217,15,0.254133804778292,8/16/2026 6:45:00 AM
MRM,16.0860215253155,19.6619318181818,3.57591029286627,8/16/2026 6:45:00 AM
JPM,15.0656252637862,15,-0.0656252637861812,8/16/2026 7:00:00 AM
MRM,26.5833789176788,25.7634297520661,-0.819949165612645,8/16/2026 7:00:00 AM
JPM,14.6867525062064,15,0.313247493793599,8/16/2026 7:15:00 AM
MRM,34.0800962579283,30.4569805194805,-3.62311573844779,8/16/2026 7:15:00 AM
JPM,13.2936942098503,15,1.70630579014972,8/16/2026 7:30:00 AM
MRM,32.7531901330589,33.0397727272727,0.286582594213854,8/16/2026 7:30:00 AM
JPM,15.5354361934229,16,0.464563806577146,8/16/2026 7:45:00 AM
MRM,31.2048614255562,32.6931818181818,1.4883203926256,8/16/2026 7:45:00 AM
JPM,14.8511053996934,16,1.14889460030655,8/16/2026 8:00:00 AM
MRM,31.8597617221316,32.4951298701299,0.635368147998239,8/16/2026 8:00:00 AM
JPM,13.7919974531876,16,2.20800254681245,8/16/2026 8:15:00 AM
MRM,33.2612312802775,34.6732954545455,1.41206417426792,8/16/2026 8:15:00 AM
JPM,13.4092570658056,15,1.59074293419441,8/16/2026 8:30:00 AM
MRM,32.1350178184184,33,0.86498218158156,8/16/2026 8:30:00 AM
JPM,11.8938202332287,14,2.10617976677129,8/16/2026 8:45:00 AM
MRM,31.564783105586,32.9090909090909,1.34430780350491,8/16/2026 8:45:00 AM
JPM,11.8327698022091,14.75,2.91723019779094,8/16/2026 9:00:00 AM
MRM,31.5714131809536,30.875,-0.696413180953563,8/16/2026 9:00:00 AM
JPM,11.6560844770134,15,3.34391552298657,8/16/2026 9:15:00 AM
MRM,21.7872292708892,30.5555555555556,8.76832628466631,8/16/2026 9:15:00 AM
JPM,13.3467487005328,15.6666666666667,2.31991796613389,8/16/2026 9:30:00 AM
MRM,21.810120255263,28.8333333333333,7.02321307807035,8/16/2026 9:30:00 AM
JPM,11.7712822795015,14,2.22871772049852,8/16/2026 9:45:00 AM
MRM,24.5408174573186,29.0714285714286,4.53061111410996,8/16/2026 9:45:00 AM
JPM,11.1585935580877,11.1428571428571,-0.0157364152305313,8/16/2026 6:00:00 AM
JPM,10.4036955291814,12,1.59630447081859,8/16/2026 6:15:00 AM
MRM,11.3776240041773,8.50733901515151,-2.8702849890258,8/16/2026 6:15:00 AM
JPM,9.93033722857063,13,3.06966277142937,8/16/2026 6:30:00 AM
MRM,16.8362864975127,19.6214488636364,2.78516236612371,8/16/2026 6:30:00 AM
JPM,14.7458661952217,15,0.254133804778292,8/16/2026 6:45:00 AM
MRM,16.0860215253155,19.6619318181818,3.57591029286627,8/16/2026 6:45:00 AM
JPM,15.0656252637862,15,-0.0656252637861812,8/16/2026 7:00:00 AM
MRM,26.5833789176788,25.7634297520661,-0.819949165612648,8/16/2026 7:00:00 AM
JPM,14.6867525062064,15,0.313247493793599,8/16/2026 7:15:00 AM
MRM,34.0800962579283,30.4569805194805,-3.62311573844779,8/16/2026 7:15:00 AM
JPM,13.2936942098503,15,1.70630579014972,8/16/2026 7:30:00 AM
MRM,32.7531901330589,33.0397727272727,0.286582594213854,8/16/2026 7:30:00 AM
JPM,15.5354361934229,16,0.464563806577146,8/16/2026 7:45:00 AM
MRM,31.2048614255562,32.6931818181818,1.48832039262561,8/16/2026 7:45:00 AM
JPM,14.8511053996934,16,1.14889460030655,8/16/2026 8:00:00 AM
MRM,31.8597617221316,32.4951298701299,0.635368147998239,8/16/2026 8:00:00 AM
JPM,13.7919974531876,16,2.20800254681245,8/16/2026 8:15:00 AM
MRM,33.2612312802775,34.6732954545455,1.41206417426792,8/16/2026 8:15:00 AM
JPM,13.4092570658056,15,1.59074293419441,8/16/2026 8:30:00 AM
MRM,32.1350178184184,33,0.86498218158156,8/16/2026 8:30:00 AM
JPM,11.8938202332287,14,2.10617976677129,8/16/2026 8:45:00 AM
MRM,31.564783105586,32.9090909090909,1.34430780350491,8/16/2026 8:45:00 AM
JPM,11.8327698022091,14.75,2.91723019779094,8/16/2026 9:00:00 AM
MRM,31.5714131809536,30.875,-0.696413180953563,8/16/2026 9:00:00 AM
JPM,11.6560844770134,15,3.34391552298657,8/16/2026 9:15:00 AM
MRM,21.7872292708892,30.5555555555556,8.76832628466631,8/16/2026 9:15:00 AM
JPM,13.3467487005328,15.6666666666667,2.31991796613389,8/16/2026 9:30:00 AM
MRM,21.810120255263,28.8333333333333,7.02321307807035,8/16/2026 9:30:00 AM
JPM,11.7712822795015,14,2.22871772049852,8/16/2026 9:45:00 AM
MRM,24.5408174573186,29.0714285714286,4.53061111410996,8/16/2026 9:45:00 AM
JPM,11.4032013908538,14,2.59679860914615,8/16/2026 10:00:00 AM
MRM,29.6969981673287,32.2571022727273,2.56010410539861,8/16/2026 10:00:00 AM
JPM,10.5716492367136,14,3.42835076328637,8/16/2026 10:15:00 AM
MRM,30.6111994552579,31.1111111111111,0.499911655853168,8/16/2026 10:15:00 AM
JPM,10.4812289819126,14.3333333333333,3.85210435142077,8/16/2026 10:30:00 AM
MRM,29.0195347329606,26.6666666666667,-2.35286806629393,8/16/2026 10:30:00 AM
JPM,11.4403104561499,16,4.55968954385006,8/16/2026 10:45:00 AM
MRM,33.9551890997463,27.75,-6.20518909974635,8/16/2026 10:45:00 AM
JPM,11.5405671740794,16,4.45943282592063,8/16/2026 11:00:00 AM
MRM,36.9233326937953,33.6520979020979,-3.27123479169744,8/16/2026 11:00:00 AM
JPM,12.2314839160338,16,3.76851608396618,8/16/2026 11:15:00 AM
MRM,33.9812521130156,30.0397727272727,-3.9414793857429,8/16/2026 11:15:00 AM
JPM,12.7912831363786,16,3.20871686362135,8/16/2026 11:30:00 AM
MRM,36.9688220724789,29.7452651515152,-7.22355692096373,8/16/2026 11:30:00 AM
JPM,11.2387522253567,16,4.76124777464328,8/16/2026 11:45:00 AM
MRM,37.7790125048864,30.75,-7.02901250488639,8/16/2026 11:45:00 AM
JPM,13.7506666709656,16,2.24933332903442,8/16/2026 12:00:00 PM
MRM,43.0813561893808,33.6,-9.48135618938077,8/16/2026 12:00:00 PM
JPM,14.4042345835826,16,1.59576541641739,8/16/2026 12:15:00 PM
MRM,38.4185802140552,31.3333333333333,-7.08524688072187,8/16/2026 12:15:00 PM
JPM,11.1870895943526,16,4.81291040564737,8/16/2026 12:30:00 PM
MRM,39.0339723047751,32,-7.03397230477515,8/16/2026 12:30:00 PM
JPM,10.4632627842461,16,5.53673721575394,8/16/2026 12:45:00 PM
MRM,38.5577189141182,32,-6.55771891411825,8/16/2026 12:45:00 PM
JPM,13.302282672439,16,2.697717327561,8/16/2026 1:00:00 PM
MRM,37.4625150649748,34.0277534965035,-3.43476156847128,8/16/2026 1:00:00 PM
JPM,13.305919304611,16,2.69408069538904,8/16/2026 1:15:00 PM
MRM,35.7130674369693,32,-3.7130674369693,8/16/2026 1:15:00 PM
JPM,13.1298239784211,16,2.87017602157891,8/16/2026 1:30:00 PM
MRM,36.3108002449528,31.8,-4.51080024495277,8/16/2026 1:30:00 PM
JPM,11.4163801795846,16,4.58361982041541,8/16/2026 1:45:00 PM
MRM,36.5923461958196,31.25,-5.34234619581957,8/16/2026 1:45:00 PM
JPM,11.1585935580877,11.1428571428571,-0.0157364152305313,8/16/2026 6:00:00 AM
JPM,10.4036955291814,12,1.59630447081859,8/16/2026 6:15:00 AM
MRM,11.3776240041773,8.50733901515151,-2.8702849890258,8/16/2026 6:15:00 AM
JPM,9.93033722857063,13,3.06966277142937,8/16/2026 6:30:00 AM
MRM,16.8362864975127,19.6214488636364,2.78516236612371,8/16/2026 6:30:00 AM
JPM,14.7458661952217,15,0.254133804778293,8/16/2026 6:45:00 AM
MRM,16.0860215253155,19.6619318181818,3.57591029286627,8/16/2026 6:45:00 AM
JPM,15.0656252637862,15,-0.0656252637861812,8/16/2026 7:00:00 AM
MRM,26.5833789176788,25.7634297520661,-0.819949165612648,8/16/2026 7:00:00 AM
JPM,14.6867525062064,15,0.3132474937936,8/16/2026 7:15:00 AM
MRM,34.0800962579283,30.4569805194805,-3.62311573844779,8/16/2026 7:15:00 AM
JPM,13.2936942098503,15,1.70630579014972,8/16/2026 7:30:00 AM
MRM,32.7531901330589,33.0397727272727,0.286582594213854,8/16/2026 7:30:00 AM
JPM,15.5354361934229,16,0.464563806577145,8/16/2026 7:45:00 AM
MRM,31.2048614255562,32.6931818181818,1.48832039262561,8/16/2026 7:45:00 AM
JPM,14.8511053996934,16,1.14889460030655,8/16/2026 8:00:00 AM
MRM,31.8597617221316,32.4951298701299,0.635368147998239,8/16/2026 8:00:00 AM
JPM,13.7919974531876,16,2.20800254681245,8/16/2026 8:15:00 AM
MRM,33.2612312802775,34.6732954545455,1.41206417426792,8/16/2026 8:15:00 AM
JPM,13.4092570658056,15,1.59074293419441,8/16/2026 8:30:00 AM
MRM,32.1350178184184,33,0.864982181581553,8/16/2026 8:30:00 AM
JPM,11.8938202332287,14,2.10617976677129,8/16/2026 8:45:00 AM
MRM,31.564783105586,32.9090909090909,1.34430780350491,8/16/2026 8:45:00 AM
JPM,11.8327698022091,14.75,2.91723019779094,8/16/2026 9:00:00 AM
MRM,31.5714131809536,30.875,-0.696413180953563,8/16/2026 9:00:00 AM
JPM,11.6560844770134,15,3.34391552298657,8/16/2026 9:15:00 AM
MRM,21.7872292708892,30.5555555555556,8.76832628466632,8/16/2026 9:15:00 AM
JPM,13.3467487005328,15.6666666666667,2.31991796613389,8/16/2026 9:30:00 AM
MRM,21.810120255263,28.8333333333333,7.02321307807035,8/16/2026 9:30:00 AM
JPM,11.7712822795015,14,2.22871772049852,8/16/2026 9:45:00 AM
MRM,24.5408174573186,29.0714285714286,4.53061111410996,8/16/2026 9:45:00 AM
JPM,11.4032013908539,14,2.59679860914615,8/16/2026 10:00:00 AM
MRM,29.6969981673287,32.2571022727273,2.56010410539861,8/16/2026 10:00:00 AM
JPM,10.5716492367136,14,3.42835076328637,8/16/2026 10:15:00 AM
MRM,30.6111994552579,31.1111111111111,0.499911655853161,8/16/2026 10:15:00 AM
JPM,10.4812289819126,14.3333333333333,3.85210435142077,8/16/2026 10:30:00 AM
JPM,15.0130682183075,12,-3.01306821830748,8/10/2026 6:00:00 AM
MRM,45.3051973018311,38.7391304347826,-6.56606686704853,8/10/2026 6:00:00 AM
JPM,14.7536934126437,12,-2.75369341264369,8/10/2026 6:15:00 AM
MRM,52.5262517888941,39.692760942761,-12.8334908461332,8/10/2026 6:15:00 AM
JPM,15.9367473162431,12,-3.93674731624309,8/10/2026 6:30:00 AM
MRM,61.1758510569433,40.3032670454545,-20.8725840114888,8/10/2026 6:30:00 AM
JPM,12.897039916264,12,-0.897039916263953,8/10/2026 6:45:00 AM
MRM,52.3558008303128,39.2,-13.1558008303128,8/10/2026 6:45:00 AM
JPM,11.7034070509169,12,0.296592949083136,8/10/2026 7:00:00 AM
MRM,46.5385840391511,38.9473684210526,-7.5912156180985,8/10/2026 7:00:00 AM
JPM,14.1377495026716,13,-1.13774950267156,8/10/2026 7:15:00 AM
MRM,46.6639834558096,39,-7.66398345580958,8/10/2026 7:15:00 AM
JPM,15.4719493500502,13,-2.47194935005019,8/10/2026 7:30:00 AM
MRM,47.2631188444281,39.8,-7.46311884442814,8/10/2026 7:30:00 AM
JPM,16.2865362482168,13,-3.2865362482168,8/10/2026 7:45:00 AM
MRM,42.5398199069885,38.9545454545455,-3.58527445244302,8/10/2026 7:45:00 AM
JPM,17.4615080542863,13,-4.46150805428625,8/10/2026 8:00:00 AM
MRM,54.7411903450497,38,-16.7411903450497,8/10/2026 8:00:00 AM
JPM,18.5805295531139,13,-5.58052955311387,8/10/2026 8:15:00 AM
MRM,58.3070642077028,39,-19.3070642077028,8/10/2026 8:15:00 AM
JPM,14.1742498093175,11.6315789473684,-2.54267086194903,8/10/2026 8:30:00 AM
MRM,58.9754240676395,40.3157894736842,-18.6596345939553,8/10/2026 8:30:00 AM
JPM,11.6632363126167,11,-0.663236312616688,8/10/2026 8:45:00 AM
MRM,57.7328959454589,41,-16.7328959454589,8/10/2026 8:45:00 AM
JPM,11.3388195530123,11,-0.338819553012311,8/10/2026 9:00:00 AM
MRM,57.3023327633113,41.0589488636364,-16.2433838996749,8/10/2026 9:00:00 AM
MRM,29.0195347329606,26.6666666666667,-2.35286806629393,8/16/2026 10:30:00 AM
JPM,11.4403104561499,16,4.55968954385006,8/16/2026 10:45:00 AM
MRM,33.9551890997463,27.75,-6.20518909974635,8/16/2026 10:45:00 AM
JPM,11.5405671740794,16,4.45943282592063,8/16/2026 11:00:00 AM
MRM,36.9233326937953,33.6520979020979,-3.27123479169744,8/16/2026 11:00:00 AM
JPM,12.2314839160338,16,3.76851608396619,8/16/2026 11:15:00 AM
MRM,33.9812521130156,30.0397727272727,-3.94147938574291,8/16/2026 11:15:00 AM
JPM,12.7912831363786,16,3.20871686362135,8/16/2026 11:30:00 AM
MRM,36.9688220724789,29.7452651515152,-7.22355692096373,8/16/2026 11:30:00 AM
JPM,11.2387522253567,16,4.76124777464328,8/16/2026 11:45:00 AM
MRM,37.7790125048864,30.75,-7.02901250488638,8/16/2026 11:45:00 AM
JPM,13.7506666709656,16,2.24933332903442,8/16/2026 12:00:00 PM
MRM,43.0813561893808,33.6,-9.48135618938075,8/16/2026 12:00:00 PM
JPM,14.4042345835826,16,1.59576541641739,8/16/2026 12:15:00 PM
MRM,38.4185802140552,31.3333333333333,-7.08524688072187,8/16/2026 12:15:00 PM
JPM,11.1870895943526,16,4.81291040564737,8/16/2026 12:30:00 PM
MRM,39.0339723047751,32,-7.03397230477515,8/16/2026 12:30:00 PM
JPM,10.4632627842461,16,5.53673721575395,8/16/2026 12:45:00 PM
MRM,38.5577189141182,32,-6.55771891411825,8/16/2026 12:45:00 PM
JPM,13.302282672439,16,2.697717327561,8/16/2026 1:00:00 PM
MRM,37.4625150649748,34.0277534965035,-3.43476156847128,8/16/2026 1:00:00 PM
JPM,13.305919304611,16,2.69408069538905,8/16/2026 1:15:00 PM
MRM,35.7130674369693,32,-3.7130674369693,8/16/2026 1:15:00 PM
JPM,13.1298239784211,16,2.87017602157891,8/16/2026 1:30:00 PM
MRM,36.3108002449528,31.8,-4.51080024495277,8/16/2026 1:30:00 PM
JPM,11.3796383763175,16,4.62036162368255,8/16/2026 1:45:00 PM
MRM,37.5100933990558,31.125,-6.3850933990558,8/16/2026 1:45:00 PM
JPM,11.4317715713504,16,4.56822842864958,8/16/2026 2:00:00 PM
MRM,38.3627778273974,32.6435950413223,-5.71918278607511,8/16/2026 2:00:00 PM
JPM,11.5131898764057,15.1666666666667,3.65347679026099,8/16/2026 2:15:00 PM
MRM,36.5946875740094,34.3910984848485,-2.2035890891609,8/16/2026 2:15:00 PM
JPM,11.9460165326683,15,3.05398346733169,8/16/2026 2:30:00 PM
MRM,47.8533458027723,35,-12.8533458027723,8/16/2026 2:30:00 PM
JPM,12.2053191504844,15,2.79468084951555,8/16/2026 2:45:00 PM
MRM,49.4808555894788,34,-15.4808555894788,8/16/2026 2:45:00 PM
JPM,11.1585935580877,11.1428571428571,-0.0157364152305313,8/16/2026 6:00:00 AM
JPM,10.4036955291814,12,1.59630447081859,8/16/2026 6:15:00 AM
MRM,11.3776240041773,8.50733901515151,-2.8702849890258,8/16/2026 6:15:00 AM
JPM,9.93033722857063,13,3.06966277142937,8/16/2026 6:30:00 AM
MRM,16.8362864975127,19.6214488636364,2.78516236612371,8/16/2026 6:30:00 AM
JPM,14.7458661952217,15,0.254133804778292,8/16/2026 6:45:00 AM
MRM,16.0860215253155,19.6619318181818,3.57591029286627,8/16/2026 6:45:00 AM
JPM,15.0656252637862,15,-0.0656252637861812,8/16/2026 7:00:00 AM
MRM,26.5833789176788,25.7634297520661,-0.819949165612648,8/16/2026 7:00:00 AM
JPM,14.6867525062064,15,0.313247493793599,8/16/2026 7:15:00 AM
MRM,34.0800962579283,30.4569805194805,-3.62311573844779,8/16/2026 7:15:00 AM
JPM,13.2936942098503,15,1.70630579014972,8/16/2026 7:30:00 AM
MRM,32.7531901330589,33.0397727272727,0.286582594213854,8/16/2026 7:30:00 AM
JPM,15.5354361934229,16,0.464563806577145,8/16/2026 7:45:00 AM
MRM,31.2048614255562,32.6931818181818,1.4883203926256,8/16/2026 7:45:00 AM
JPM,14.8511053996934,16,1.14889460030655,8/16/2026 8:00:00 AM
MRM,31.8597617221316,32.4951298701299,0.635368147998239,8/16/2026 8:00:00 AM
JPM,13.7919974531876,16,2.20800254681245,8/16/2026 8:15:00 AM
MRM,33.2612312802775,34.6732954545455,1.41206417426792,8/16/2026 8:15:00 AM
JPM,13.4092570658056,15,1.59074293419441,8/16/2026 8:30:00 AM
MRM,32.1350178184184,33,0.864982181581553,8/16/2026 8:30:00 AM
JPM,11.8938202332287,14,2.10617976677129,8/16/2026 8:45:00 AM
MRM,31.564783105586,32.9090909090909,1.34430780350491,8/16/2026 8:45:00 AM
JPM,11.8327698022091,14.75,2.91723019779094,8/16/2026 9:00:00 AM
MRM,31.5714131809536,30.875,-0.696413180953563,8/16/2026 9:00:00 AM
JPM,11.6560844770134,15,3.34391552298657,8/16/2026 9:15:00 AM
MRM,21.7872292708892,30.5555555555556,8.76832628466631,8/16/2026 9:15:00 AM
JPM,13.3467487005328,15.6666666666667,2.31991796613389,8/16/2026 9:30:00 AM
MRM,21.810120255263,28.8333333333333,7.02321307807035,8/16/2026 9:30:00 AM
JPM,11.7712822795015,14,2.22871772049852,8/16/2026 9:45:00 AM
MRM,24.5408174573186,29.0714285714286,4.53061111410996,8/16/2026 9:45:00 AM
JPM,11.4032013908539,14,2.59679860914615,8/16/2026 10:00:00 AM
MRM,29.6969981673287,32.2571022727273,2.56010410539861,8/16/2026 10:00:00 AM
JPM,10.5716492367136,14,3.42835076328637,8/16/2026 10:15:00 AM
MRM,30.6111994552579,31.1111111111111,0.499911655853168,8/16/2026 10:15:00 AM
JPM,10.4812289819126,14.3333333333333,3.85210435142077,8/16/2026 10:30:00 AM
MRM,29.0195347329606,26.6666666666667,-2.35286806629393,8/16/2026 10:30:00 AM
JPM,11.4403104561499,16,4.55968954385006,8/16/2026 10:45:00 AM
MRM,33.9551890997463,27.75,-6.20518909974635,8/16/2026 10:45:00 AM
JPM,11.5405671740794,16,4.45943282592063,8/16/2026 11:00:00 AM
MRM,36.9233326937953,33.6520979020979,-3.27123479169744,8/16/2026 11:00:00 AM
JPM,12.2314839160338,16,3.76851608396619,8/16/2026 11:15:00 AM
MRM,33.9812521130156,30.0397727272727,-3.9414793857429,8/16/2026 11:15:00 AM
JPM,12.7912831363786,16,3.20871686362135,8/16/2026 11:30:00 AM
MRM,36.9688220724789,29.7452651515152,-7.22355692096373,8/16/2026 11:30:00 AM
JPM,11.2387522253567,16,4.76124777464328,8/16/2026 11:45:00 AM
MRM,37.7790125048864,30.75,-7.02901250488638,8/16/2026 11:45:00 AM
JPM,13.7506666709656,16,2.24933332903442,8/16/2026 12:00:00 PM
MRM,43.0813561893808,33.6,-9.48135618938077,8/16/2026 12:00:00 PM
JPM,14.4042345835826,16,1.59576541641739,8/16/2026 12:15:00 PM
MRM,38.4185802140552,31.3333333333333,-7.08524688072187,8/16/2026 12:15:00 PM
JPM,11.1870895943526,16,4.81291040564737,8/16/2026 12:30:00 PM
MRM,39.0339723047751,32,-7.03397230477514,8/16/2026 12:30:00 PM
JPM,10.4632627842461,16,5.53673721575394,8/16/2026 12:45:00 PM
MRM,38.5577189141182,32,-6.55771891411825,8/16/2026 12:45:00 PM
JPM,13.302282672439,16,2.697717327561,8/16/2026 1:00:00 PM
MRM,37.4625150649748,34.0277534965035,-3.43476156847128,8/16/2026 1:00:00 PM
JPM,13.305919304611,16,2.69408069538905,8/16/2026 1:15:00 PM
MRM,35.7130674369693,32,-3.7130674369693,8/16/2026 1:15:00 PM
JPM,13.1298239784211,16,2.87017602157891,8/16/2026 1:30:00 PM
MRM,36.3108002449528,31.8,-4.51080024495277,8/16/2026 1:30:00 PM
JPM,11.3796383763175,16,4.62036162368255,8/16/2026 1:45:00 PM
MRM,37.5100933990558,31.125,-6.3850933990558,8/16/2026 1:45:00 PM
JPM,11.4317715713504,16,4.56822842864958,8/16/2026 2:00:00 PM
MRM,38.3627778273974,32.6435950413223,-5.71918278607511,8/16/2026 2:00:00 PM
JPM,11.5131898764057,15.1666666666667,3.65347679026099,8/16/2026 2:15:00 PM
MRM,36.5946875740094,34.3910984848485,-2.2035890891609,8/16/2026 2:15:00 PM
JPM,11.9460165326683,15,3.05398346733169,8/16/2026 2:30:00 PM
MRM,47.8533458027723,35,-12.8533458027723,8/16/2026 2:30:00 PM
JPM,12.2053191504844,15,2.79468084951555,8/16/2026 2:45:00 PM
MRM,49.4808555894788,34,-15.4808555894788,8/16/2026 2:45:00 PM
JPM,12.0049294443304,15,2.99507055566964,8/16/2026 3:00:00 PM
MRM,51.4641570228097,33.8333333333333,-17.6308236894764,8/16/2026 3:00:00 PM
JPM,11.9336354271413,15,3.06636457285874,8/16/2026 3:15:00 PM
MRM,53.0178375270045,34,-19.0178375270045,8/16/2026 3:15:00 PM
JPM,12.5007078660303,15,2.49929213396968,8/16/2026 3:30:00 PM
JPM,15.0130682183075,12,-3.01306821830747,8/10/2026 6:00:00 AM
MRM,45.3051973018311,38.7391304347826,-6.56606686704852,8/10/2026 6:00:00 AM
JPM,14.7536934126437,12,-2.75369341264369,8/10/2026 6:15:00 AM
MRM,52.5262517888941,39.6927609427609,-12.8334908461332,8/10/2026 6:15:00 AM
JPM,15.9367473162431,12,-3.93674731624309,8/10/2026 6:30:00 AM
MRM,61.1758510569433,40.3032670454545,-20.8725840114888,8/10/2026 6:30:00 AM
JPM,12.897039916264,12,-0.897039916263953,8/10/2026 6:45:00 AM
MRM,52.3558008303128,39.2,-13.1558008303128,8/10/2026 6:45:00 AM
JPM,11.7034070509169,12,0.296592949083136,8/10/2026 7:00:00 AM
MRM,46.5385840391511,38.9473684210526,-7.5912156180985,8/10/2026 7:00:00 AM
JPM,14.1377495026716,13,-1.13774950267157,8/10/2026 7:15:00 AM
MRM,46.6639834558096,39,-7.66398345580956,8/10/2026 7:15:00 AM
JPM,15.4719493500502,13,-2.47194935005019,8/10/2026 7:30:00 AM
MRM,47.2631188444281,39.8,-7.46311884442814,8/10/2026 7:30:00 AM
JPM,16.2865362482168,13,-3.2865362482168,8/10/2026 7:45:00 AM
MRM,42.5398199069885,38.9545454545455,-3.58527445244302,8/10/2026 7:45:00 AM
JPM,17.4615080542863,13,-4.46150805428625,8/10/2026 8:00:00 AM
MRM,54.7411903450497,38,-16.7411903450497,8/10/2026 8:00:00 AM
JPM,18.5805295531139,13,-5.58052955311387,8/10/2026 8:15:00 AM
MRM,58.3070642077028,39,-19.3070642077028,8/10/2026 8:15:00 AM
JPM,14.1742498093175,11.6315789473684,-2.54267086194903,8/10/2026 8:30:00 AM
MRM,58.9754240676395,40.3157894736842,-18.6596345939553,8/10/2026 8:30:00 AM
JPM,11.6632363126167,11,-0.663236312616689,8/10/2026 8:45:00 AM
MRM,57.7328959454589,41,-16.7328959454589,8/10/2026 8:45:00 AM
JPM,11.2867668252539,11,-0.28676682525391,8/10/2026 9:00:00 AM
MRM,54.2279804331827,41.4079982517483,-12.8199821814345,8/10/2026 9:00:00 AM
JPM,11.3244841738502,11,-0.324484173850225,8/10/2026 9:15:00 AM
MRM,51.9520450542318,39.3653017241379,-12.5867433300939,8/10/2026 9:15:00 AM
JPM,12.211878146709,11,-1.21187814670898,8/10/2026 9:30:00 AM
MRM,48.6904502338492,36.3465909090909,-12.3438593247583,8/10/2026 9:30:00 AM
JPM,13.0170763726526,10.4,-2.61707637265261,8/10/2026 9:45:00 AM
MRM,57.0061149405209,38.5465909090909,-18.45952403143,8/10/2026 9:45:00 AM
JPM,11.2424079448158,10,-1.24240794481578,8/10/2026 10:00:00 AM
MRM,57.2593913247043,39.1701203208556,-18.0892710038487,8/10/2026 10:00:00 AM
JPM,12.3841849217208,10,-2.38418492172081,8/10/2026 10:15:00 AM
MRM,52.8989337837334,39.1701203208556,-13.7288134628778,8/10/2026 10:15:00 AM
JPM,13.1434219248755,11,-2.14342192487547,8/10/2026 10:30:00 AM
MRM,48.2789218764167,39.3465909090909,-8.93233096732584,8/10/2026 10:30:00 AM
JPM,12.0473791222162,12.4210526315789,0.373673509362725,8/10/2026 10:45:00 AM
MRM,55.237783301803,38.2918660287081,-16.9459172730949,8/10/2026 10:45:00 AM
JPM,13.1500150231239,13,-0.150015023123874,8/10/2026 11:00:00 AM
MRM,48.7128448644395,35.8571428571429,-12.8557020072967,8/10/2026 11:00:00 AM
JPM,15.3011036199443,9,-6.30110361994431,8/19/2026 7:15:00 PM
MRM,52.8563536553646,38,-14.8563536553646,8/19/2026 7:15:00 PM
JPM,15.9519801916434,9,-6.9519801916434,8/19/2026 7:30:00 PM
MRM,55.4695370061217,38,-17.4695370061217,8/19/2026 7:30:00 PM
JPM,13.6037799430424,9,-4.6037799430424,8/19/2026 7:45:00 PM
MRM,46.8661807372417,36.4736842105263,-10.3924965267154,8/19/2026 7:45:00 PM
JPM,9.6578805052743,10,0.342119494725695,8/19/2026 8:00:00 PM
MRM,51.3487620827268,36.4545454545455,-14.8942166281813,8/19/2026 8:00:00 PM
JPM,9.78814512869288,12,2.21185487130712,8/19/2026 8:15:00 PM
MRM,43.6971856848822,36.1904761904762,-7.50670949440602,8/19/2026 8:15:00 PM
JPM,13.604543785702,12,-1.60454378570202,8/19/2026 8:30:00 PM
MRM,41.2610088991538,38.4545454545455,-2.80646344460833,8/19/2026 8:30:00 PM
JPM,14.1255834920809,12.1223262032086,-2.00325728887235,8/19/2026 8:45:00 PM
MRM,42.1102818221916,39,-3.11028182219158,8/19/2026 8:45:00 PM
JPM,13.4847839522439,11.8666666666667,-1.6181172855772,8/19/2026 9:00:00 PM
MRM,42.412331192005,38.9,-3.51233119200501,8/19/2026 9:00:00 PM
JPM,12.7365822156921,11,-1.73658221569211,8/19/2026 9:15:00 PM
MRM,15.0027587591976,37.3,22.2972412408024,8/19/2026 9:15:00 PM
JPM,13.1467593397138,11,-2.14675933971376,8/19/2026 9:30:00 PM
MRM,51.5793178316307,37,-14.5793178316307,8/19/2026 9:30:00 PM
JPM,13.6709514715471,11.3157894736842,-2.35516199786287,8/19/2026 9:45:00 PM
MRM,48.2307272712186,36,-12.2307272712186,8/19/2026 9:45:00 PM
JPM,14.2920856595605,12,-2.29208565956051,8/19/2026 10:00:00 PM
MRM,44.5216947979195,36,-8.52169479791946,8/19/2026 10:00:00 PM
JPM,13.8949458016178,12.84,-1.05494580161784,8/19/2026 10:15:00 PM
MRM,42.2558999413761,35.6,-6.65589994137612,8/19/2026 10:15:00 PM
JPM,13.366162746007,13,-0.366162746006999,8/19/2026 10:30:00 PM
MRM,36.1920143396275,36.4117647058824,0.219750366254893,8/19/2026 10:30:00 PM
JPM,13.6273035583798,13,-0.627303558379761,8/19/2026 10:45:00 PM
MRM,19.2330558363341,36.9047619047619,17.6717060684278,8/19/2026 10:45:00 PM
JPM,13.8741089647069,13,-0.874108964706862,8/19/2026 11:00:00 PM
MRM,38.473319502681,36,-2.47331950268098,8/19/2026 11:00:00 PM
JPM,14.9072606338585,12.25,-2.65726063385851,8/19/2026 11:15:00 PM
MRM,46.9106243741805,36,-10.9106243741805,8/19/2026 11:15:00 PM
JPM,15.5056623981687,11,-4.50566239816867,8/19/2026 11:30:00 PM
MRM,51.0396350988655,36,-15.0396350988655,8/19/2026 11:30:00 PM
JPM,16.3022969941356,11,-5.30229699413562,8/19/2026 11:45:00 PM
MRM,46.2105496266362,37.4285714285714,-8.78197819806481,8/19/2026 11:45:00 PM
JPM,23.7428635370462,14.6931818181818,-9.04968171886436,8/20/2026 6:00:00 AM
MRM,42.742772139577,37.6931818181818,-5.04959032139517,8/20/2026 6:00:00 AM
JPM,26.4958248079572,14.6931818181818,-11.8026429897754,8/20/2026 6:15:00 AM
MRM,49.470306984988,37.3639204545455,-12.1063865304425,8/20/2026 6:15:00 AM
JPM,29.2042343886037,14.6931818181818,-14.5110525704219,8/20/2026 6:30:00 AM
MRM,47.271379923099,36.9781698564593,-10.2932100666397,8/20/2026 6:30:00 AM
JPM,29.5093949413378,14.6931818181818,-14.816213123156,8/20/2026 6:45:00 AM
MRM,44.8575069689454,36.3465909090909,-8.51091605985447,8/20/2026 6:45:00 AM
JPM,29.40630487822,14.6931818181818,-14.7131230600382,8/20/2026 7:00:00 AM
MRM,46.1958284272985,35.3465909090909,-10.8492375182076,8/20/2026 7:00:00 AM
JPM,23.7428635370462,14.6931818181818,-9.04968171886435,8/20/2026 6:00:00 AM
JPM,26.4958248079572,14.6931818181818,-11.8026429897754,8/20/2026 6:15:00 AM
JPM,29.2042343886037,14.6931818181818,-14.5110525704219,8/20/2026 6:30:00 AM
JPM,29.5093949413378,14.6931818181818,-14.816213123156,8/20/2026 6:45:00 AM
JPM,29.8521922878767,14.6931818181818,-15.1590104696949,8/20/2026 7:00:00 AM
JPM,29.1917266740211,14.6931818181818,-14.4985448558393,8/20/2026 7:15:00 AM
JPM,26.5164235643155,14.6931818181818,-11.8232417461337,8/20/2026 7:30:00 AM
JPM,24.9366478835672,14.6931818181818,-10.2434660653854,8/20/2026 7:45:00 AM
JPM,24.5288246611359,14.6931818181818,-9.83564284295412,8/20/2026 8:00:00 AM
MRM,42.742772139577,37.6931818181818,-5.04959032139517,8/20/2026 6:00:00 AM
MRM,49.470306984988,37.3639204545455,-12.1063865304425,8/20/2026 6:15:00 AM
MRM,47.271379923099,36.9781698564593,-10.2932100666397,8/20/2026 6:30:00 AM
MRM,44.8575069689454,36.3465909090909,-8.51091605985446,8/20/2026 6:45:00 AM
MRM,49.0570103355831,35.1540404040404,-13.9029699315427,8/20/2026 7:00:00 AM
MRM,46.4251671028623,35.4166666666667,-11.0085004361956,8/20/2026 7:15:00 AM
MRM,47.0149377284315,36.7142857142857,-10.3006520141458,8/20/2026 7:30:00 AM
MRM,45.4549593585665,36.3571428571429,-9.09781650142369,8/20/2026 7:45:00 AM
MRM,47.9930473877355,36,-11.9930473877355,8/20/2026 8:00:00 AM
JPM,11.1585935580877,11.1428571428571,-0.0157364152305313,8/16/2026 6:00:00 AM
JPM,10.4036955291814,12,1.59630447081859,8/16/2026 6:15:00 AM
MRM,11.3776240041773,8.50733901515151,-2.8702849890258,8/16/2026 6:15:00 AM
JPM,9.93033722857063,13,3.06966277142937,8/16/2026 6:30:00 AM
MRM,16.8362864975127,19.6214488636364,2.78516236612371,8/16/2026 6:30:00 AM
JPM,14.7458661952217,15,0.254133804778292,8/16/2026 6:45:00 AM
MRM,16.0860215253155,19.6619318181818,3.57591029286627,8/16/2026 6:45:00 AM
JPM,15.0656252637862,15,-0.0656252637861812,8/16/2026 7:00:00 AM
MRM,26.5833789176788,25.7634297520661,-0.819949165612648,8/16/2026 7:00:00 AM
JPM,14.6867525062064,15,0.3132474937936,8/16/2026 7:15:00 AM
MRM,34.0800962579283,30.4569805194805,-3.62311573844779,8/16/2026 7:15:00 AM
JPM,13.2936942098503,15,1.70630579014972,8/16/2026 7:30:00 AM
MRM,32.7531901330589,33.0397727272727,0.286582594213854,8/16/2026 7:30:00 AM
JPM,15.5354361934229,16,0.464563806577145,8/16/2026 7:45:00 AM
MRM,31.2048614255562,32.6931818181818,1.48832039262561,8/16/2026 7:45:00 AM
JPM,14.8511053996934,16,1.14889460030655,8/16/2026 8:00:00 AM
MRM,31.8597617221316,32.4951298701299,0.635368147998232,8/16/2026 8:00:00 AM
JPM,13.7919974531876,16,2.20800254681245,8/16/2026 8:15:00 AM
MRM,33.2612312802775,34.6732954545455,1.41206417426791,8/16/2026 8:15:00 AM
JPM,13.4092570658056,15,1.59074293419441,8/16/2026 8:30:00 AM
MRM,32.1350178184184,33,0.86498218158156,8/16/2026 8:30:00 AM
JPM,11.8938202332287,14,2.10617976677129,8/16/2026 8:45:00 AM
MRM,31.564783105586,32.9090909090909,1.34430780350491,8/16/2026 8:45:00 AM
JPM,11.8327698022091,14.75,2.91723019779094,8/16/2026 9:00:00 AM
MRM,31.5714131809536,30.875,-0.696413180953563,8/16/2026 9:00:00 AM
JPM,11.6560844770134,15,3.34391552298657,8/16/2026 9:15:00 AM
MRM,21.7872292708892,30.5555555555556,8.76832628466631,8/16/2026 9:15:00 AM
JPM,13.3467487005328,15.6666666666667,2.31991796613389,8/16/2026 9:30:00 AM
MRM,21.810120255263,28.8333333333333,7.02321307807035,8/16/2026 9:30:00 AM
JPM,11.7712822795015,14,2.22871772049852,8/16/2026 9:45:00 AM
MRM,24.5408174573186,29.0714285714286,4.53061111410996,8/16/2026 9:45:00 AM
JPM,11.4032013908538,14,2.59679860914615,8/16/2026 10:00:00 AM
MRM,29.6969981673287,32.2571022727273,2.56010410539861,8/16/2026 10:00:00 AM
JPM,10.5716492367136,14,3.42835076328637,8/16/2026 10:15:00 AM
MRM,30.6111994552579,31.1111111111111,0.499911655853168,8/16/2026 10:15:00 AM
JPM,10.4812289819126,14.3333333333333,3.85210435142077,8/16/2026 10:30:00 AM
MRM,29.0195347329606,26.6666666666667,-2.35286806629393,8/16/2026 10:30:00 AM
JPM,11.4403104561499,16,4.55968954385006,8/16/2026 10:45:00 AM
MRM,33.9551890997463,27.75,-6.20518909974635,8/16/2026 10:45:00 AM
JPM,11.1585935580877,11.1428571428571,-0.0157364152305313,8/16/2026 6:00:00 AM
JPM,10.4036955291814,12,1.59630447081859,8/16/2026 6:15:00 AM
MRM,11.3776240041773,8.50733901515151,-2.8702849890258,8/16/2026 6:15:00 AM
JPM,9.93033722857063,13,3.06966277142937,8/16/2026 6:30:00 AM
MRM,16.8362864975127,19.6214488636364,2.78516236612371,8/16/2026 6:30:00 AM
JPM,14.7458661952217,15,0.254133804778293,8/16/2026 6:45:00 AM
MRM,16.0860215253155,19.6619318181818,3.57591029286627,8/16/2026 6:45:00 AM
JPM,15.0656252637862,15,-0.0656252637861812,8/16/2026 7:00:00 AM
MRM,26.5833789176788,25.7634297520661,-0.819949165612645,8/16/2026 7:00:00 AM
JPM,14.6867525062064,15,0.3132474937936,8/16/2026 7:15:00 AM
MRM,34.0800962579283,30.4569805194805,-3.62311573844779,8/16/2026 7:15:00 AM
JPM,13.2936942098503,15,1.70630579014972,8/16/2026 7:30:00 AM
MRM,32.7531901330589,33.0397727272727,0.286582594213854,8/16/2026 7:30:00 AM
JPM,15.5354361934229,16,0.464563806577145,8/16/2026 7:45:00 AM
MRM,31.2048614255562,32.6931818181818,1.48832039262561,8/16/2026 7:45:00 AM
JPM,14.8511053996934,16,1.14889460030655,8/16/2026 8:00:00 AM
MRM,31.8597617221316,32.4951298701299,0.635368147998232,8/16/2026 8:00:00 AM
JPM,13.7919974531876,16,2.20800254681245,8/16/2026 8:15:00 AM
MRM,33.2612312802775,34.6732954545455,1.41206417426792,8/16/2026 8:15:00 AM
JPM,13.4092570658056,15,1.59074293419441,8/16/2026 8:30:00 AM
MRM,32.1350178184184,33,0.86498218158156,8/16/2026 8:30:00 AM
JPM,11.8938202332287,14,2.10617976677129,8/16/2026 8:45:00 AM
MRM,31.564783105586,32.9090909090909,1.34430780350491,8/16/2026 8:45:00 AM
JPM,11.8327698022091,14.75,2.91723019779094,8/16/2026 9:00:00 AM
MRM,31.5714131809536,30.875,-0.696413180953563,8/16/2026 9:00:00 AM
JPM,11.6560844770134,15,3.34391552298657,8/16/2026 9:15:00 AM
MRM,21.7872292708892,30.5555555555556,8.76832628466631,8/16/2026 9:15:00 AM
JPM,13.3467487005328,15.6666666666667,2.31991796613389,8/16/2026 9:30:00 AM
MRM,21.810120255263,28.8333333333333,7.02321307807035,8/16/2026 9:30:00 AM
JPM,11.7712822795015,14,2.22871772049852,8/16/2026 9:45:00 AM
MRM,24.5408174573186,29.0714285714286,4.53061111410996,8/16/2026 9:45:00 AM
JPM,11.4032013908539,14,2.59679860914615,8/16/2026 10:00:00 AM
MRM,29.6969981673287,32.2571022727273,2.56010410539861,8/16/2026 10:00:00 AM
JPM,10.5716492367136,14,3.42835076328637,8/16/2026 10:15:00 AM
MRM,30.6111994552579,31.1111111111111,0.499911655853161,8/16/2026 10:15:00 AM
JPM,10.4812289819126,14.3333333333333,3.85210435142077,8/16/2026 10:30:00 AM
MRM,29.0195347329606,26.6666666666667,-2.35286806629393,8/16/2026 10:30:00 AM
JPM,11.4403104561499,16,4.55968954385006,8/16/2026 10:45:00 AM
MRM,33.9551890997463,27.75,-6.20518909974635,8/16/2026 10:45:00 AM
JPM,11.5405671740794,16,4.45943282592063,8/16/2026 11:00:00 AM
MRM,36.9233326937953,33.6520979020979,-3.27123479169744,8/16/2026 11:00:00 AM
JPM,12.2314839160338,16,3.76851608396619,8/16/2026 11:15:00 AM
MRM,33.9812521130156,30.0397727272727,-3.9414793857429,8/16/2026 11:15:00 AM
JPM,12.7912831363786,16,3.20871686362135,8/16/2026 11:30:00 AM
MRM,36.9688220724789,29.7452651515152,-7.22355692096373,8/16/2026 11:30:00 AM
JPM,11.2387522253567,16,4.76124777464328,8/16/2026 11:45:00 AM
MRM,37.7790125048864,30.75,-7.02901250488639,8/16/2026 11:45:00 AM
JPM,13.7506666709656,16,2.24933332903442,8/16/2026 12:00:00 PM
MRM,43.0813561893808,33.6,-9.48135618938077,8/16/2026 12:00:00 PM
JPM,14.4042345835826,16,1.59576541641739,8/16/2026 12:15:00 PM
MRM,38.4185802140552,31.3333333333333,-7.08524688072187,8/16/2026 12:15:00 PM
JPM,11.1870895943526,16,4.81291040564737,8/16/2026 12:30:00 PM
MRM,39.0339723047751,32,-7.03397230477514,8/16/2026 12:30:00 PM
JPM,10.4632627842461,16,5.53673721575394,8/16/2026 12:45:00 PM
MRM,38.5577189141182,32,-6.55771891411825,8/16/2026 12:45:00 PM
JPM,13.302282672439,16,2.697717327561,8/16/2026 1:00:00 PM
MRM,37.4625150649748,34.0277534965035,-3.43476156847128,8/16/2026 1:00:00 PM
JPM,13.305919304611,16,2.69408069538905,8/16/2026 1:15:00 PM
MRM,35.7130674369693,32,-3.7130674369693,8/16/2026 1:15:00 PM
JPM,13.1298239784211,16,2.87017602157891,8/16/2026 1:30:00 PM
MRM,36.3108002449528,31.8,-4.51080024495277,8/16/2026 1:30:00 PM
JPM,11.3796383763175,16,4.62036162368255,8/16/2026 1:45:00 PM
MRM,37.5100933990558,31.125,-6.3850933990558,8/16/2026 1:45:00 PM
JPM,11.4317715713504,16,4.56822842864958,8/16/2026 2:00:00 PM
MRM,38.3627778273974,32.6435950413223,-5.71918278607509,8/16/2026 2:00:00 PM
JPM,11.5131898764057,15.1666666666667,3.65347679026099,8/16/2026 2:15:00 PM
MRM,36.5946875740094,34.3910984848485,-2.2035890891609,8/16/2026 2:15:00 PM
JPM,11.9460165326683,15,3.05398346733169,8/16/2026 2:30:00 PM
MRM,47.8533458027723,35,-12.8533458027723,8/16/2026 2:30:00 PM
JPM,12.2053191504844,15,2.79468084951555,8/16/2026 2:45:00 PM
MRM,49.4808555894788,34,-15.4808555894788,8/16/2026 2:45:00 PM
JPM,12.0049294443304,15,2.99507055566965,8/16/2026 3:00:00 PM
MRM,51.4641570228097,33.8333333333333,-17.6308236894764,8/16/2026 3:00:00 PM
JPM,11.9336354271413,15,3.06636457285874,8/16/2026 3:15:00 PM
MRM,53.0178375270046,34,-19.0178375270046,8/16/2026 3:15:00 PM
JPM,12.5007078660303,15,2.49929213396968,8/16/2026 3:30:00 PM
MRM,51.1342646590623,34,-17.1342646590623,8/16/2026 3:30:00 PM
MRM,51.1342646590623,34,-17.1342646590623,8/16/2026 3:30:00 PM
JPM,14.5725032921723,15,0.427496707827729,8/16/2026 4:00:00 PM
MRM,45.8655518008606,34.0866477272727,-11.7789040735879,8/16/2026 4:00:00 PM
JPM,15.2300236141272,14,-1.23002361412724,8/16/2026 4:15:00 PM
MRM,46.1493429513185,33.25,-12.8993429513185,8/16/2026 4:15:00 PM
JPM,14.0818563161829,14,-0.0818563161829182,8/16/2026 4:30:00 PM
MRM,48.4325236271668,33.875,-14.5575236271668,8/16/2026 4:30:00 PM
JPM,14.9143048302162,14,-0.914304830216173,8/16/2026 4:45:00 PM
MRM,41.313943239951,33.7142857142857,-7.5996575256653,8/16/2026 4:45:00 PM
JPM,14.9429760760197,14,-0.942976076019665,8/16/2026 5:00:00 PM
MRM,40.075842272806,35,-5.07584227280605,8/16/2026 5:00:00 PM
JPM,14.9042416625093,16,1.09575833749067,8/16/2026 5:15:00 PM
MRM,53.6457602967246,35,-18.6457602967246,8/16/2026 5:15:00 PM
JPM,14.9471075985799,15.2,0.252892401420075,8/16/2026 5:30:00 PM
MRM,54.0652625410042,34,-20.0652625410042,8/16/2026 5:30:00 PM
JPM,13.1893709458212,14,0.810629054178797,8/16/2026 5:45:00 PM
MRM,58.8091138751948,33,-25.8091138751948,8/16/2026 5:45:00 PM
JPM,11.1585935580877,11.1428571428571,-0.0157364152305313,8/16/2026 6:00:00 AM
JPM,10.4036955291814,12,1.59630447081859,8/16/2026 6:15:00 AM
MRM,11.3776240041773,8.50733901515151,-2.8702849890258,8/16/2026 6:15:00 AM
JPM,9.93033722857063,13,3.06966277142937,8/16/2026 6:30:00 AM
MRM,16.8362864975127,19.6214488636364,2.78516236612371,8/16/2026 6:30:00 AM
JPM,14.7458661952217,15,0.254133804778292,8/16/2026 6:45:00 AM
MRM,16.0860215253155,19.6619318181818,3.57591029286627,8/16/2026 6:45:00 AM
JPM,15.0656252637862,15,-0.0656252637861812,8/16/2026 7:00:00 AM
MRM,26.5833789176788,25.7634297520661,-0.819949165612648,8/16/2026 7:00:00 AM
JPM,14.6867525062064,15,0.313247493793599,8/16/2026 7:15:00 AM
MRM,34.0800962579283,30.4569805194805,-3.62311573844779,8/16/2026 7:15:00 AM
JPM,13.2936942098503,15,1.70630579014972,8/16/2026 7:30:00 AM
MRM,32.7531901330589,33.0397727272727,0.286582594213854,8/16/2026 7:30:00 AM
JPM,15.5354361934229,16,0.464563806577145,8/16/2026 7:45:00 AM
MRM,31.2048614255562,32.6931818181818,1.4883203926256,8/16/2026 7:45:00 AM
JPM,14.8511053996934,16,1.14889460030655,8/16/2026 8:00:00 AM
MRM,31.8597617221316,32.4951298701299,0.635368147998239,8/16/2026 8:00:00 AM
JPM,13.7919974531876,16,2.20800254681245,8/16/2026 8:15:00 AM
MRM,33.2612312802775,34.6732954545455,1.41206417426792,8/16/2026 8:15:00 AM
JPM,13.4092570658056,15,1.59074293419441,8/16/2026 8:30:00 AM
MRM,32.1350178184184,33,0.864982181581553,8/16/2026 8:30:00 AM
JPM,11.8938202332287,14,2.10617976677129,8/16/2026 8:45:00 AM
MRM,31.564783105586,32.9090909090909,1.34430780350491,8/16/2026 8:45:00 AM
JPM,11.8327698022091,14.75,2.91723019779094,8/16/2026 9:00:00 AM
MRM,31.5714131809536,30.875,-0.696413180953559,8/16/2026 9:00:00 AM
JPM,11.6560844770134,15,3.34391552298657,8/16/2026 9:15:00 AM
MRM,21.7872292708892,30.5555555555556,8.76832628466631,8/16/2026 9:15:00 AM
JPM,13.3467487005328,15.6666666666667,2.31991796613389,8/16/2026 9:30:00 AM
MRM,21.810120255263,28.8333333333333,7.02321307807035,8/16/2026 9:30:00 AM
JPM,11.7712822795015,14,2.22871772049852,8/16/2026 9:45:00 AM
MRM,24.5408174573186,29.0714285714286,4.53061111410996,8/16/2026 9:45:00 AM
JPM,11.4032013908539,14,2.59679860914615,8/16/2026 10:00:00 AM
MRM,29.6969981673287,32.2571022727273,2.56010410539861,8/16/2026 10:00:00 AM
JPM,10.5716492367136,14,3.42835076328637,8/16/2026 10:15:00 AM
MRM,30.6111994552579,31.1111111111111,0.499911655853161,8/16/2026 10:15:00 AM
JPM,10.4812289819126,14.3333333333333,3.85210435142077,8/16/2026 10:30:00 AM
MRM,29.0195347329606,26.6666666666667,-2.35286806629393,8/16/2026 10:30:00 AM
JPM,11.4403104561499,16,4.55968954385006,8/16/2026 10:45:00 AM
MRM,33.9551890997463,27.75,-6.20518909974635,8/16/2026 10:45:00 AM
JPM,11.5405671740794,16,4.45943282592063,8/16/2026 11:00:00 AM
MRM,36.9233326937953,33.6520979020979,-3.27123479169744,8/16/2026 11:00:00 AM
JPM,12.2314839160338,16,3.76851608396619,8/16/2026 11:15:00 AM
MRM,33.9812521130156,30.0397727272727,-3.9414793857429,8/16/2026 11:15:00 AM
JPM,12.7912831363786,16,3.20871686362135,8/16/2026 11:30:00 AM
MRM,36.9688220724789,29.7452651515152,-7.22355692096373,8/16/2026 11:30:00 AM
JPM,10.9628559200372,16,5.03714407996278,8/16/2026 11:45:00 AM
MRM,37.9659054802681,30.1,-7.86590548026809,8/16/2026 11:45:00 AM
JPM,11.7975477570291,13.4285714285714,1.63102367154234,8/16/2026 6:00:00 PM
MRM,55.022192335899,32.1428571428571,-22.8793351930419,8/16/2026 6:00:00 PM
JPM,11.7784438473627,13,1.22155615263734,8/16/2026 6:15:00 PM
MRM,38.3630331004734,32.0693181818182,-6.29371491865526,8/16/2026 6:15:00 PM
JPM,11.7453501500934,13,1.25464984990659,8/16/2026 6:30:00 PM
MRM,53.6483537003895,33.3357438016529,-20.3126098987366,8/16/2026 6:30:00 PM
JPM,11.3231416699531,13,1.67685833004691,8/16/2026 6:45:00 PM
MRM,51.9664224936626,34,-17.9664224936626,8/16/2026 6:45:00 PM
JPM,11.7975477570291,13.4285714285714,1.63102367154234,8/16/2026 6:00:00 PM
MRM,55.022192335899,32.1428571428571,-22.8793351930419,8/16/2026 6:00:00 PM
JPM,11.7784438473627,13,1.22155615263734,8/16/2026 6:15:00 PM
MRM,38.3630331004734,32.0693181818182,-6.29371491865527,8/16/2026 6:15:00 PM
JPM,11.7453501500934,13,1.25464984990659,8/16/2026 6:30:00 PM
MRM,53.6483537003895,33.3357438016529,-20.3126098987366,8/16/2026 6:30:00 PM
JPM,11.3725890567724,13,1.62741094322759,8/16/2026 6:45:00 PM
MRM,50.5071707794705,34,-16.5071707794705,8/16/2026 6:45:00 PM
JPM,8.92662066576307,13,4.07337933423693,8/16/2026 7:00:00 PM
MRM,37.5850247513269,34,-3.58502475132688,8/16/2026 7:00:00 PM
JPM,9.35571644351395,13,3.64428355648605,8/16/2026 7:15:00 PM
MRM,45.0719903256292,34,-11.0719903256292,8/16/2026 7:15:00 PM
JPM,8.48558242644899,12.2,3.71441757355101,8/16/2026 7:30:00 PM
MRM,49.2416748118018,34,-15.2416748118018,8/16/2026 7:30:00 PM
JPM,10.9046538615849,11.6666666666667,0.762012805081806,8/16/2026 7:45:00 PM
MRM,53.1657207831316,34.0833333333333,-19.0823874497982,8/16/2026 7:45:00 PM
JPM,11.7975477570291,13.4285714285714,1.63102367154234,8/16/2026 6:00:00 PM
MRM,55.022192335899,32.1428571428571,-22.8793351930419,8/16/2026 6:00:00 PM
JPM,11.7784438473627,13,1.22155615263734,8/16/2026 6:15:00 PM
MRM,38.3630331004734,32.0693181818182,-6.29371491865526,8/16/2026 6:15:00 PM
JPM,11.7453501500934,13,1.2546498499066,8/16/2026 6:30:00 PM
MRM,53.6483537003895,33.3357438016529,-20.3126098987366,8/16/2026 6:30:00 PM
JPM,11.3725890567724,13,1.62741094322759,8/16/2026 6:45:00 PM
MRM,50.5071707794705,34,-16.5071707794705,8/16/2026 6:45:00 PM
JPM,8.92662066576307,13,4.07337933423693,8/16/2026 7:00:00 PM
MRM,37.5850247513269,34,-3.58502475132688,8/16/2026 7:00:00 PM
JPM,9.35571644351395,13,3.64428355648605,8/16/2026 7:15:00 PM
MRM,45.0719903256292,34,-11.0719903256292,8/16/2026 7:15:00 PM
JPM,8.48558242644899,12.2,3.71441757355101,8/16/2026 7:30:00 PM
MRM,49.2416748118018,34,-15.2416748118018,8/16/2026 7:30:00 PM
JPM,10.9046538615849,11.6666666666667,0.762012805081806,8/16/2026 7:45:00 PM
MRM,53.1657207831315,34.0833333333333,-19.0823874497982,8/16/2026 7:45:00 PM
JPM,10.318429538148,10.625,0.306570461852036,8/16/2026 8:00:00 PM
MRM,49.2180789975035,33.5,-15.7180789975035,8/16/2026 8:00:00 PM
JPM,10.9089603519867,11,0.0910396480133091,8/16/2026 8:15:00 PM
MRM,51.3020337087194,33.8333333333333,-17.4687003753861,8/16/2026 8:15:00 PM
JPM,12.4112273603906,11,-1.41122736039061,8/16/2026 8:30:00 PM
MRM,52.1999202433268,33.4444444444444,-18.7554757988823,8/16/2026 8:30:00 PM
JPM,14.2715077311474,11,-3.27150773114741,8/16/2026 8:45:00 PM
MRM,54.7004307424909,34,-20.7004307424909,8/16/2026 8:45:00 PM
JPM,20.7043008561453,16,-4.7043008561453,8/19/2026 6:00:00 AM
MRM,43.3848162530258,29,-14.3848162530258,8/19/2026 6:00:00 AM
JPM,23.8547274576055,16.3032670454545,-7.55146041215092,8/19/2026 6:15:00 AM
MRM,52.3608938101237,30,-22.3608938101237,8/19/2026 6:15:00 AM
JPM,23.7339560517309,16.3465909090909,-7.38736514263997,8/19/2026 6:30:00 AM
MRM,48.5346895900536,30,-18.5346895900536,8/19/2026 6:30:00 AM
JPM,23.0680938167032,16.3465909090909,-6.72150290761228,8/19/2026 6:45:00 AM
MRM,43.8611138991119,30,-13.8611138991119,8/19/2026 6:45:00 AM
JPM,21.9161669426914,15.7632575757576,-6.15290936693385,8/19/2026 7:00:00 AM
MRM,45.1152894050579,29.8333333333333,-15.2819560717245,8/19/2026 7:00:00 AM
JPM,17.8901680121454,15.3465909090909,-2.54357710305454,8/19/2026 7:15:00 AM
MRM,46.7118639210552,30,-16.7118639210552,8/19/2026 7:15:00 AM
JPM,16.3163040109583,15.3465909090909,-0.969713101867425,8/19/2026 7:30:00 AM
MRM,51.7871441360874,30.7798295454545,-21.0073145906329,8/19/2026 7:30:00 AM
JPM,14.9307773896245,15.3465909090909,0.415813519466376,8/19/2026 7:45:00 AM
MRM,49.4449001981725,30.0660173160173,-19.3788828821552,8/19/2026 7:45:00 AM
JPM,15.3280388522782,15.3465909090909,0.0185520568127178,8/19/2026 8:00:00 AM
MRM,56.8371454174102,29.7777777777778,-27.0593676396325,8/19/2026 8:00:00 AM
JPM,13.4851061604137,15,1.51489383958632,8/19/2026 8:15:00 AM
MRM,53.5729524683276,30,-23.5729524683276,8/19/2026 8:15:00 AM
JPM,14.260944433939,15,0.739055566061007,8/19/2026 8:30:00 AM
MRM,48.632050619539,29.6666666666667,-18.9653839528724,8/19/2026 8:30:00 AM
JPM,16.5755530286165,15,-1.57555302861654,8/19/2026 8:45:00 AM
MRM,52.0277388151966,29.8181818181818,-22.2095569970148,8/19/2026 8:45:00 AM
JPM,18.1653394414117,15,-3.16533944141171,8/19/2026 9:00:00 AM
MRM,47.9599548725965,28.4210526315789,-19.5389022410176,8/19/2026 9:00:00 AM
JPM,17.929591809205,15,-2.92959180920501,8/19/2026 9:15:00 AM
MRM,48.1141701870176,28,-20.1141701870176,8/19/2026 9:15:00 AM
JPM,18.4352850124989,15,-3.43528501249889,8/19/2026 9:30:00 AM
MRM,49.8432969791059,29.2079545454545,-20.6353424336513,8/19/2026 9:30:00 AM
JPM,19.0826001216786,15,-4.08260012167858,8/19/2026 9:45:00 AM
MRM,53.8825057855086,28.9166666666667,-24.9658391188419,8/19/2026 9:45:00 AM
JPM,16.445233524395,15,-1.44523352439501,8/19/2026 10:00:00 AM
MRM,58.1200058038564,29.7692307692308,-28.3507750346256,8/19/2026 10:00:00 AM
JPM,14.4241359310098,14,-0.424135931009848,8/19/2026 10:15:00 AM
MRM,53.8637098108123,29.6666666666667,-24.1970431441456,8/19/2026 10:15:00 AM
JPM,13.3136173556628,15,1.68638264433724,8/19/2026 10:30:00 AM
MRM,45.8217474351428,29.7142857142857,-16.1074617208571,8/19/2026 10:30:00 AM
JPM,14.0091083326585,15,0.990891667341527,8/19/2026 10:45:00 AM
MRM,44.3848376951704,29.1666666666667,-15.2181710285037,8/19/2026 10:45:00 AM
JPM,14.0199436749462,13.9166666666667,-0.103277008279553,8/19/2026 11:00:00 AM
MRM,45.8639311817484,28.125,-17.7389311817484,8/19/2026 11:00:00 AM
JPM,11.1585935580877,11.1428571428571,-0.0157364152305313,8/16/2026 6:00:00 AM
JPM,10.4036955291814,12,1.59630447081859,8/16/2026 6:15:00 AM
MRM,11.3776240041773,8.50733901515151,-2.8702849890258,8/16/2026 6:15:00 AM
JPM,9.93033722857063,13,3.06966277142937,8/16/2026 6:30:00 AM
MRM,16.8362864975127,19.6214488636364,2.78516236612371,8/16/2026 6:30:00 AM
JPM,14.7458661952217,15,0.254133804778293,8/16/2026 6:45:00 AM
MRM,16.0860215253155,19.6619318181818,3.57591029286627,8/16/2026 6:45:00 AM
JPM,15.0656252637862,15,-0.0656252637861812,8/16/2026 7:00:00 AM
MRM,26.5833789176788,25.7634297520661,-0.819949165612645,8/16/2026 7:00:00 AM
JPM,14.6867525062064,15,0.3132474937936,8/16/2026 7:15:00 AM
MRM,34.0800962579283,30.4569805194805,-3.62311573844779,8/16/2026 7:15:00 AM
JPM,13.2936942098503,15,1.70630579014972,8/16/2026 7:30:00 AM
MRM,32.7531901330589,33.0397727272727,0.286582594213854,8/16/2026 7:30:00 AM
JPM,15.5354361934229,16,0.464563806577145,8/16/2026 7:45:00 AM
MRM,31.2048614255562,32.6931818181818,1.48832039262561,8/16/2026 7:45:00 AM
JPM,14.8511053996934,16,1.14889460030655,8/16/2026 8:00:00 AM
MRM,31.8597617221316,32.4951298701299,0.635368147998232,8/16/2026 8:00:00 AM
JPM,13.7919974531876,16,2.20800254681245,8/16/2026 8:15:00 AM
MRM,33.2612312802775,34.6732954545455,1.41206417426792,8/16/2026 8:15:00 AM
JPM,13.4092570658056,15,1.59074293419441,8/16/2026 8:30:00 AM
MRM,32.1350178184184,33,0.864982181581553,8/16/2026 8:30:00 AM
JPM,11.8938202332287,14,2.10617976677129,8/16/2026 8:45:00 AM
MRM,31.564783105586,32.9090909090909,1.34430780350491,8/16/2026 8:45:00 AM
JPM,11.8327698022091,14.75,2.91723019779094,8/16/2026 9:00:00 AM
MRM,31.5714131809536,30.875,-0.696413180953556,8/16/2026 9:00:00 AM
JPM,11.6560844770134,15,3.34391552298657,8/16/2026 9:15:00 AM
MRM,21.7872292708892,30.5555555555556,8.76832628466631,8/16/2026 9:15:00 AM
JPM,13.3467487005328,15.6666666666667,2.31991796613389,8/16/2026 9:30:00 AM
MRM,21.810120255263,28.8333333333333,7.02321307807035,8/16/2026 9:30:00 AM
JPM,11.7712822795015,14,2.22871772049852,8/16/2026 9:45:00 AM
MRM,24.5408174573186,29.0714285714286,4.53061111410996,8/16/2026 9:45:00 AM
JPM,11.4032013908539,14,2.59679860914615,8/16/2026 10:00:00 AM
MRM,29.6969981673287,32.2571022727273,2.56010410539861,8/16/2026 10:00:00 AM
JPM,10.5716492367136,14,3.42835076328637,8/16/2026 10:15:00 AM
MRM,30.6111994552579,31.1111111111111,0.499911655853161,8/16/2026 10:15:00 AM
JPM,10.4812289819126,14.3333333333333,3.85210435142077,8/16/2026 10:30:00 AM
MRM,29.0195347329606,26.6666666666667,-2.35286806629393,8/16/2026 10:30:00 AM
JPM,11.4403104561499,16,4.55968954385006,8/16/2026 10:45:00 AM
MRM,33.9551890997463,27.75,-6.20518909974635,8/16/2026 10:45:00 AM
JPM,11.5405671740794,16,4.45943282592063,8/16/2026 11:00:00 AM
MRM,36.9233326937953,33.6520979020979,-3.27123479169743,8/16/2026 11:00:00 AM
JPM,12.2314839160338,16,3.76851608396619,8/16/2026 11:15:00 AM
MRM,33.9812521130156,30.0397727272727,-3.94147938574291,8/16/2026 11:15:00 AM
JPM,12.7912831363786,16,3.20871686362135,8/16/2026 11:30:00 AM
MRM,36.9688220724789,29.7452651515152,-7.22355692096373,8/16/2026 11:30:00 AM
JPM,11.2387522253567,16,4.76124777464328,8/16/2026 11:45:00 AM
MRM,37.7790125048864,30.75,-7.02901250488638,8/16/2026 11:45:00 AM
JPM,13.7506666709656,16,2.24933332903442,8/16/2026 12:00:00 PM
MRM,43.0813561893808,33.6,-9.48135618938075,8/16/2026 12:00:00 PM
JPM,14.4042345835826,16,1.59576541641739,8/16/2026 12:15:00 PM
MRM,38.4185802140552,31.3333333333333,-7.08524688072187,8/16/2026 12:15:00 PM
JPM,11.1870895943526,16,4.81291040564737,8/16/2026 12:30:00 PM
MRM,39.0339723047751,32,-7.03397230477515,8/16/2026 12:30:00 PM
JPM,10.4632627842461,16,5.53673721575394,8/16/2026 12:45:00 PM
MRM,38.5577189141182,32,-6.55771891411825,8/16/2026 12:45:00 PM
JPM,13.302282672439,16,2.697717327561,8/16/2026 1:00:00 PM
MRM,37.4625150649748,34.0277534965035,-3.43476156847128,8/16/2026 1:00:00 PM
JPM,13.305919304611,16,2.69408069538905,8/16/2026 1:15:00 PM
MRM,35.7130674369693,32,-3.7130674369693,8/16/2026 1:15:00 PM
JPM,13.1298239784211,16,2.87017602157891,8/16/2026 1:30:00 PM
MRM,36.3108002449528,31.8,-4.51080024495276,8/16/2026 1:30:00 PM
JPM,11.3796383763175,16,4.62036162368255,8/16/2026 1:45:00 PM
MRM,37.5100933990558,31.125,-6.3850933990558,8/16/2026 1:45:00 PM
JPM,11.4317715713504,16,4.56822842864958,8/16/2026 2:00:00 PM
MRM,38.3627778273974,32.6435950413223,-5.71918278607511,8/16/2026 2:00:00 PM
JPM,11.5131898764057,15.1666666666667,3.65347679026099,8/16/2026 2:15:00 PM
MRM,36.5946875740094,34.3910984848485,-2.2035890891609,8/16/2026 2:15:00 PM
JPM,11.9460165326683,15,3.05398346733169,8/16/2026 2:30:00 PM
MRM,47.8533458027723,35,-12.8533458027723,8/16/2026 2:30:00 PM
JPM,12.2053191504844,15,2.79468084951555,8/16/2026 2:45:00 PM
MRM,49.4808555894788,34,-15.4808555894788,8/16/2026 2:45:00 PM
JPM,12.0049294443304,15,2.99507055566965,8/16/2026 3:00:00 PM
MRM,51.4641570228097,33.8333333333333,-17.6308236894764,8/16/2026 3:00:00 PM
JPM,11.9336354271413,15,3.06636457285874,8/16/2026 3:15:00 PM
MRM,53.0178375270046,34,-19.0178375270046,8/16/2026 3:15:00 PM
JPM,12.5007078660303,15,2.49929213396968,8/16/2026 3:30:00 PM
MRM,51.1342646590623,34,-17.1342646590623,8/16/2026 3:30:00 PM
JPM,14.5725032921723,15,0.427496707827729,8/16/2026 4:00:00 PM
MRM,45.8655518008606,34.0866477272727,-11.7789040735879,8/16/2026 4:00:00 PM
JPM,15.2300236141272,14,-1.23002361412724,8/16/2026 4:15:00 PM
MRM,46.1493429513185,33.25,-12.8993429513185,8/16/2026 4:15:00 PM
JPM,14.0818563161829,14,-0.0818563161829182,8/16/2026 4:30:00 PM
MRM,48.4325236271668,33.875,-14.5575236271668,8/16/2026 4:30:00 PM
JPM,14.9143048302162,14,-0.914304830216176,8/16/2026 4:45:00 PM
MRM,41.313943239951,33.7142857142857,-7.5996575256653,8/16/2026 4:45:00 PM
JPM,11.7975477570291,13.4285714285714,1.63102367154234,8/16/2026 6:00:00 PM
MRM,55.022192335899,32.1428571428571,-22.8793351930419,8/16/2026 6:00:00 PM
JPM,11.7784438473627,13,1.22155615263734,8/16/2026 6:15:00 PM
MRM,38.3630331004734,32.0693181818182,-6.29371491865526,8/16/2026 6:15:00 PM
JPM,11.7453501500934,13,1.2546498499066,8/16/2026 6:30:00 PM
MRM,53.6483537003895,33.3357438016529,-20.3126098987366,8/16/2026 6:30:00 PM
JPM,11.3725890567724,13,1.62741094322759,8/16/2026 6:45:00 PM
MRM,50.5071707794705,34,-16.5071707794705,8/16/2026 6:45:00 PM
JPM,8.92662066576307,13,4.07337933423693,8/16/2026 7:00:00 PM
MRM,37.5850247513269,34,-3.58502475132688,8/16/2026 7:00:00 PM
JPM,9.35571644351395,13,3.64428355648605,8/16/2026 7:15:00 PM
MRM,45.0719903256292,34,-11.0719903256292,8/16/2026 7:15:00 PM
JPM,8.48558242644899,12.2,3.71441757355101,8/16/2026 7:30:00 PM
MRM,49.2416748118018,34,-15.2416748118018,8/16/2026 7:30:00 PM
JPM,10.9046538615849,11.6666666666667,0.762012805081806,8/16/2026 7:45:00 PM
MRM,53.1657207831315,34.0833333333333,-19.0823874497982,8/16/2026 7:45:00 PM
JPM,10.318429538148,10.625,0.306570461852036,8/16/2026 8:00:00 PM
MRM,49.2180789975035,33.5,-15.7180789975035,8/16/2026 8:00:00 PM
JPM,10.9089603519867,11,0.0910396480133091,8/16/2026 8:15:00 PM
MRM,51.3020337087194,33.8333333333333,-17.4687003753861,8/16/2026 8:15:00 PM
JPM,12.4112273603906,11,-1.41122736039061,8/16/2026 8:30:00 PM
MRM,52.1999202433268,33.4444444444444,-18.7554757988823,8/16/2026 8:30:00 PM
JPM,14.5449696795108,11.2857142857143,-3.25925539379649,8/16/2026 8:45:00 PM
MRM,54.0630058818615,34,-20.0630058818615,8/16/2026 8:45:00 PM
JPM,16.1908889571329,13,-3.19088895713289,8/16/2026 9:00:00 PM
MRM,52.2732806940558,34,-18.2732806940558,8/16/2026 9:00:00 PM
JPM,15.8845616652167,16,0.115438334783336,8/16/2026 9:15:00 PM
MRM,55.5339780146805,34,-21.5339780146805,8/16/2026 9:15:00 PM
JPM,14.5559295852966,15.3333333333333,0.777403748036724,8/16/2026 9:30:00 PM
MRM,56.1654787723065,34,-22.1654787723065,8/16/2026 9:30:00 PM
JPM,13.6444154338704,14,0.355584566129576,8/16/2026 9:45:00 PM
MRM,49.1551333122782,33.7,-15.4551333122782,8/16/2026 9:45:00 PM
JPM,12.949810073822,14.25,1.30018992617803,8/16/2026 10:00:00 PM
MRM,51.2709017238807,37,-14.2709017238807,8/16/2026 10:00:00 PM
JPM,10.8127317689116,14.5384615384615,3.72572976954997,8/16/2026 10:15:00 PM
MRM,42.7960889452447,36.0769230769231,-6.71916586832167,8/16/2026 10:15:00 PM
JPM,10.7572645203628,13,2.24273547963715,8/16/2026 10:30:00 PM
MRM,38.7388499859282,33,-5.7388499859282,8/16/2026 10:30:00 PM
JPM,10.3450591247953,13,2.6549408752047,8/16/2026 10:45:00 PM
MRM,37.7003906056569,31,-6.70039060565693,8/16/2026 10:45:00 PM
JPM,14.7855508275304,13.9333333333333,-0.852217494197056,8/19/2026 11:15:00 AM
MRM,45.4713456242557,27.8,-17.6713456242557,8/19/2026 11:15:00 AM
JPM,17.043240207738,14,-3.04324020773799,8/19/2026 11:30:00 AM
MRM,41.9716828168463,28,-13.9716828168463,8/19/2026 11:30:00 AM
JPM,19.0983821527609,14,-5.09838215276086,8/19/2026 11:45:00 AM
MRM,38.7347581980445,28,-10.7347581980445,8/19/2026 11:45:00 AM
JPM,18.5063753619756,14,-4.50637536197561,8/19/2026 12:00:00 PM
MRM,39.7280118889609,29.8,-9.92801188896091,8/19/2026 12:00:00 PM
JPM,18.5175011738822,14,-4.5175011738822,8/19/2026 12:15:00 PM
MRM,41.478244473207,32.0346590909091,-9.44358538229795,8/19/2026 12:15:00 PM
JPM,17.6888768905305,14,-3.68887689053049,8/19/2026 12:30:00 PM
MRM,42.4204710345375,31.9,-10.5204710345376,8/19/2026 12:30:00 PM
JPM,11.7975477570291,13.4285714285714,1.63102367154234,8/16/2026 6:00:00 PM
MRM,55.022192335899,32.1428571428571,-22.8793351930419,8/16/2026 6:00:00 PM
JPM,11.7784438473627,13,1.22155615263734,8/16/2026 6:15:00 PM
MRM,38.3630331004734,32.0693181818182,-6.29371491865527,8/16/2026 6:15:00 PM
JPM,11.7453501500934,13,1.25464984990659,8/16/2026 6:30:00 PM
MRM,53.6483537003895,33.3357438016529,-20.3126098987366,8/16/2026 6:30:00 PM
JPM,11.3725890567724,13,1.62741094322759,8/16/2026 6:45:00 PM
MRM,50.5071707794705,34,-16.5071707794705,8/16/2026 6:45:00 PM
JPM,8.92662066576307,13,4.07337933423693,8/16/2026 7:00:00 PM
MRM,37.5850247513269,34,-3.58502475132688,8/16/2026 7:00:00 PM
JPM,9.35571644351395,13,3.64428355648605,8/16/2026 7:15:00 PM
MRM,45.0719903256292,34,-11.0719903256292,8/16/2026 7:15:00 PM
JPM,8.48558242644899,12.2,3.71441757355101,8/16/2026 7:30:00 PM
MRM,49.2416748118018,34,-15.2416748118018,8/16/2026 7:30:00 PM
JPM,10.9046538615849,11.6666666666667,0.762012805081806,8/16/2026 7:45:00 PM
MRM,53.1657207831315,34.0833333333333,-19.0823874497982,8/16/2026 7:45:00 PM
JPM,10.318429538148,10.625,0.306570461852036,8/16/2026 8:00:00 PM
MRM,49.2180789975035,33.5,-15.7180789975035,8/16/2026 8:00:00 PM
JPM,10.9089603519867,11,0.0910396480133091,8/16/2026 8:15:00 PM
MRM,51.3020337087194,33.8333333333333,-17.4687003753861,8/16/2026 8:15:00 PM
JPM,12.4112273603906,11,-1.41122736039061,8/16/2026 8:30:00 PM
MRM,52.1999202433268,33.4444444444444,-18.7554757988823,8/16/2026 8:30:00 PM
JPM,14.5449696795108,11.2857142857143,-3.25925539379649,8/16/2026 8:45:00 PM
MRM,54.0630058818615,34,-20.0630058818615,8/16/2026 8:45:00 PM
JPM,16.1908889571329,13,-3.19088895713289,8/16/2026 9:00:00 PM
MRM,52.2732806940558,34,-18.2732806940558,8/16/2026 9:00:00 PM
JPM,15.8845616652167,16,0.115438334783336,8/16/2026 9:15:00 PM
MRM,55.5339780146805,34,-21.5339780146805,8/16/2026 9:15:00 PM
JPM,14.5559295852966,15.3333333333333,0.777403748036724,8/16/2026 9:30:00 PM
MRM,56.1654787723065,34,-22.1654787723065,8/16/2026 9:30:00 PM
JPM,13.7460384466897,14,0.25396155331029,8/16/2026 9:45:00 PM
MRM,51.2412202535232,34,-17.2412202535232,8/16/2026 9:45:00 PM
JPM,11.7975477570291,13.4285714285714,1.63102367154234,8/16/2026 6:00:00 PM
MRM,55.022192335899,32.1428571428571,-22.8793351930419,8/16/2026 6:00:00 PM
JPM,11.7784438473627,13,1.22155615263734,8/16/2026 6:15:00 PM
MRM,38.3630331004734,32.0693181818182,-6.29371491865526,8/16/2026 6:15:00 PM
JPM,11.7453501500934,13,1.2546498499066,8/16/2026 6:30:00 PM
MRM,53.6483537003895,33.3357438016529,-20.3126098987366,8/16/2026 6:30:00 PM
JPM,11.3725890567724,13,1.62741094322759,8/16/2026 6:45:00 PM
MRM,50.5071707794705,34,-16.5071707794705,8/16/2026 6:45:00 PM
JPM,8.92662066576307,13,4.07337933423693,8/16/2026 7:00:00 PM
MRM,37.5850247513269,34,-3.58502475132688,8/16/2026 7:00:00 PM
JPM,9.35571644351395,13,3.64428355648605,8/16/2026 7:15:00 PM
MRM,45.0719903256292,34,-11.0719903256292,8/16/2026 7:15:00 PM
JPM,8.48558242644899,12.2,3.71441757355101,8/16/2026 7:30:00 PM
MRM,49.2416748118018,34,-15.2416748118018,8/16/2026 7:30:00 PM
JPM,10.9046538615849,11.6666666666667,0.762012805081806,8/16/2026 7:45:00 PM
MRM,53.1657207831315,34.0833333333333,-19.0823874497982,8/16/2026 7:45:00 PM
JPM,10.318429538148,10.625,0.306570461852036,8/16/2026 8:00:00 PM
MRM,49.2180789975035,33.5,-15.7180789975035,8/16/2026 8:00:00 PM
JPM,10.9089603519867,11,0.0910396480133091,8/16/2026 8:15:00 PM
MRM,51.3020337087194,33.8333333333333,-17.4687003753861,8/16/2026 8:15:00 PM
JPM,12.4112273603906,11,-1.41122736039061,8/16/2026 8:30:00 PM
MRM,52.1999202433268,33.4444444444444,-18.7554757988823,8/16/2026 8:30:00 PM
JPM,14.5449696795108,11.2857142857143,-3.25925539379649,8/16/2026 8:45:00 PM
MRM,54.0630058818615,34,-20.0630058818615,8/16/2026 8:45:00 PM
JPM,16.1908889571329,13,-3.19088895713289,8/16/2026 9:00:00 PM
MRM,52.2732806940558,34,-18.2732806940558,8/16/2026 9:00:00 PM
JPM,15.8845616652167,16,0.115438334783336,8/16/2026 9:15:00 PM
MRM,55.5339780146805,34,-21.5339780146805,8/16/2026 9:15:00 PM
JPM,14.5559295852966,15.3333333333333,0.777403748036724,8/16/2026 9:30:00 PM
MRM,56.1654787723065,34,-22.1654787723065,8/16/2026 9:30:00 PM
JPM,13.6444154338704,14,0.355584566129576,8/16/2026 9:45:00 PM
MRM,49.1551333122782,33.7,-15.4551333122782,8/16/2026 9:45:00 PM
JPM,12.949810073822,14.25,1.30018992617803,8/16/2026 10:00:00 PM
MRM,51.2709017238807,37,-14.2709017238807,8/16/2026 10:00:00 PM
JPM,10.8127317689116,14.5384615384615,3.72572976954997,8/16/2026 10:15:00 PM
MRM,42.7960889452447,36.0769230769231,-6.71916586832167,8/16/2026 10:15:00 PM
JPM,10.7572645203628,13,2.24273547963715,8/16/2026 10:30:00 PM
MRM,38.7388499859282,33,-5.7388499859282,8/16/2026 10:30:00 PM
JPM,10.9231355875656,13,2.07686441243445,8/16/2026 10:45:00 PM
MRM,38.5458984888678,31,-7.54589848886777,8/16/2026 10:45:00 PM
JPM,12.4853132310715,13,0.514686768928451,8/16/2026 11:00:00 PM
MRM,41.620524547031,33.1666666666667,-8.45385788036435,8/16/2026 11:00:00 PM
JPM,13.2920224302975,13,-0.292022430297482,8/16/2026 11:15:00 PM
MRM,43.9592252023881,34.7142857142857,-9.24493948810242,8/16/2026 11:15:00 PM
JPM,14.0081150071784,13,-1.00811500717835,8/16/2026 11:30:00 PM
MRM,35.9024967300863,32.7,-3.20249673008628,8/16/2026 11:30:00 PM
JPM,13.0269006678205,13,-0.0269006678204686,8/16/2026 11:45:00 PM
MRM,37.7950149097735,31.75,-6.04501490977349,8/16/2026 11:45:00 PM
JPM,9.51421475399053,11.3333333333333,1.8191185793428,8/19/2026 6:00:00 PM
MRM,56.3812181749107,38,-18.3812181749107,8/19/2026 6:00:00 PM
JPM,9.76001761228122,11,1.23998238771878,8/19/2026 6:15:00 PM
MRM,50.5042332896626,37.8784722222222,-12.6257610674404,8/19/2026 6:15:00 PM
JPM,11.8217199249282,10.7647058823529,-1.05701404257531,8/19/2026 6:30:00 PM
MRM,55.6991202132849,37.4234625668449,-18.27565764644,8/19/2026 6:30:00 PM
JPM,12.9138214385018,10.5833333333333,-2.33048810516851,8/19/2026 6:45:00 PM
MRM,55.7779765534072,38,-17.7779765534072,8/19/2026 6:45:00 PM
JPM,13.8968771163859,9.66666666666667,-4.23021044971925,8/19/2026 7:00:00 PM
MRM,55.804851293015,38,-17.804851293015,8/19/2026 7:00:00 PM
JPM,15.3011036199443,9,-6.3011036199443,8/19/2026 7:15:00 PM
MRM,52.8563536553646,38,-14.8563536553646,8/19/2026 7:15:00 PM
JPM,15.9519801916434,9,-6.9519801916434,8/19/2026 7:30:00 PM
MRM,55.4695370061217,38,-17.4695370061217,8/19/2026 7:30:00 PM
JPM,14.3313110705201,9,-5.33131107052014,8/19/2026 7:45:00 PM
MRM,48.99804872067,36.5625,-12.43554872067,8/19/2026 7:45:00 PM
JPM,9.51421475399053,11.3333333333333,1.8191185793428,8/19/2026 6:00:00 PM
MRM,56.3812181749107,38,-18.3812181749107,8/19/2026 6:00:00 PM
JPM,9.76001761228122,11,1.23998238771878,8/19/2026 6:15:00 PM
MRM,50.5042332896626,37.8784722222222,-12.6257610674404,8/19/2026 6:15:00 PM
JPM,11.8217199249282,10.7647058823529,-1.05701404257531,8/19/2026 6:30:00 PM
MRM,55.6991202132849,37.4234625668449,-18.27565764644,8/19/2026 6:30:00 PM
JPM,12.9138214385018,10.5833333333333,-2.33048810516851,8/19/2026 6:45:00 PM
MRM,55.7779765534071,38,-17.7779765534071,8/19/2026 6:45:00 PM
JPM,13.8968771163859,9.66666666666667,-4.23021044971925,8/19/2026 7:00:00 PM
MRM,55.804851293015,38,-17.804851293015,8/19/2026 7:00:00 PM
JPM,15.3011036199443,9,-6.3011036199443,8/19/2026 7:15:00 PM
MRM,52.8563536553646,38,-14.8563536553646,8/19/2026 7:15:00 PM
JPM,15.9519801916434,9,-6.9519801916434,8/19/2026 7:30:00 PM
MRM,55.4695370061217,38,-17.4695370061217,8/19/2026 7:30:00 PM
JPM,13.6037799430424,9,-4.6037799430424,8/19/2026 7:45:00 PM
MRM,46.8661807372417,36.4736842105263,-10.3924965267154,8/19/2026 7:45:00 PM
JPM,9.65788050527431,10,0.342119494725694,8/19/2026 8:00:00 PM
MRM,51.3487620827268,36.4545454545455,-14.8942166281813,8/19/2026 8:00:00 PM
JPM,9.78814512869288,12,2.21185487130712,8/19/2026 8:15:00 PM
MRM,43.6971856848822,36.1904761904762,-7.50670949440602,8/19/2026 8:15:00 PM
JPM,13.604543785702,12,-1.60454378570202,8/19/2026 8:30:00 PM
MRM,41.2610088991538,38.4545454545455,-2.80646344460833,8/19/2026 8:30:00 PM
JPM,14.0875900331446,12,-2.08759003314464,8/19/2026 8:45:00 PM
MRM,42.203792040362,39,-3.20379204036202,8/19/2026 8:45:00 PM
JPM,9.51421475399053,11.3333333333333,1.8191185793428,8/19/2026 6:00:00 PM
MRM,56.3812181749107,38,-18.3812181749107,8/19/2026 6:00:00 PM
JPM,9.76001761228122,11,1.23998238771878,8/19/2026 6:15:00 PM
MRM,50.5042332896626,37.8784722222222,-12.6257610674404,8/19/2026 6:15:00 PM
JPM,11.8217199249282,10.7647058823529,-1.05701404257531,8/19/2026 6:30:00 PM
MRM,55.6991202132849,37.4234625668449,-18.27565764644,8/19/2026 6:30:00 PM
JPM,12.9138214385018,10.5833333333333,-2.33048810516851,8/19/2026 6:45:00 PM
MRM,55.7779765534072,38,-17.7779765534072,8/19/2026 6:45:00 PM
JPM,13.8968771163859,9.66666666666667,-4.23021044971925,8/19/2026 7:00:00 PM
MRM,55.804851293015,38,-17.804851293015,8/19/2026 7:00:00 PM
JPM,15.3011036199443,9,-6.3011036199443,8/19/2026 7:15:00 PM
MRM,52.8563536553646,38,-14.8563536553646,8/19/2026 7:15:00 PM
JPM,15.9519801916434,9,-6.9519801916434,8/19/2026 7:30:00 PM
MRM,55.4695370061217,38,-17.4695370061217,8/19/2026 7:30:00 PM
JPM,13.6037799430424,9,-4.6037799430424,8/19/2026 7:45:00 PM
MRM,46.8661807372417,36.4736842105263,-10.3924965267154,8/19/2026 7:45:00 PM
JPM,9.65788050527431,10,0.342119494725694,8/19/2026 8:00:00 PM
JPM,17.7995976088567,14.1094497607655,-3.69014784809116,8/19/2026 12:45:00 PM
MRM,36.1556702964976,27.4210526315789,-8.73461766491864,8/19/2026 12:45:00 PM
JPM,20.2769402382367,14.3465909090909,-5.93034932914577,8/19/2026 1:00:00 PM
MRM,30.7259402290913,21.8888888888889,-8.83705134020243,8/19/2026 1:00:00 PM
JPM,18.9135562423967,13.3181818181818,-5.59537442421492,8/19/2026 1:15:00 PM
MRM,28.8254589081438,22,-6.82545890814384,8/19/2026 1:15:00 PM
JPM,13.353651677448,12.875,-0.478651677447957,8/19/2026 1:30:00 PM
MRM,27.9350676271929,21.5,-6.43506762719287,8/19/2026 1:30:00 PM
JPM,13.5244945826274,13,-0.524494582627357,8/19/2026 1:45:00 PM
MRM,30.0355009606375,20.0909090909091,-9.94459186972844,8/19/2026 1:45:00 PM
JPM,13.7451282497485,13,-0.745128249748484,8/19/2026 2:00:00 PM
MRM,30.2190720694316,19,-11.2190720694316,8/19/2026 2:00:00 PM
JPM,15.2701159200302,13.0099431818182,-2.26017273821205,8/19/2026 2:15:00 PM
MRM,14.069366349428,24.8333333333333,10.7639669839054,8/19/2026 2:15:00 PM
JPM,16.6471183915879,13.0965909090909,-3.550527482497,8/19/2026 2:30:00 PM
MRM,15.3639302776728,30,14.6360697223272,8/19/2026 2:30:00 PM
JPM,18.2713190364599,13.3465909090909,-4.92472812736899,8/19/2026 2:45:00 PM
MRM,14.2304741470962,27,12.7695258529038,8/19/2026 2:45:00 PM
JPM,16.4817012257914,13.6995320855615,-2.78216914022993,8/19/2026 3:00:00 PM
MRM,15.7740155284415,25,9.22598447155854,8/19/2026 3:00:00 PM
JPM,19.8353131474396,14.3465909090909,-5.48872223834865,8/19/2026 3:15:00 PM
MRM,26.301986575978,25,-1.30198657597797,8/19/2026 3:15:00 PM
JPM,19.5752883077305,14.3465909090909,-5.2286973986396,8/19/2026 3:30:00 PM
MRM,32.9557248761463,26,-6.95572487614629,8/19/2026 3:30:00 PM
JPM,19.9720914215459,14.3465909090909,-5.62550051245495,8/19/2026 3:45:00 PM
MRM,35.2393487430428,28,-7.2393487430428,8/19/2026 3:45:00 PM
JPM,19.4176578154162,14.3465909090909,-5.0710669063253,8/19/2026 4:00:00 PM
MRM,44.8445398777195,27.4,-17.4445398777195,8/19/2026 4:00:00 PM
JPM,19.5411715572926,14.3465909090909,-5.19458064820166,8/19/2026 4:15:00 PM
MRM,25.3436201516495,27.3333333333333,1.98971318168383,8/19/2026 4:15:00 PM
JPM,20.5818573640829,14.3465909090909,-6.23526645499203,8/19/2026 4:30:00 PM
MRM,34.9961209224588,26,-8.99612092245884,8/19/2026 4:30:00 PM
JPM,21.5485502212265,14.3465909090909,-7.20195931213555,8/19/2026 4:45:00 PM
MRM,36.4789151714689,26,-10.4789151714689,8/19/2026 4:45:00 PM
MRM,45.4713456242557,27.8,-17.6713456242557,8/19/2026 11:15:00 AM
JPM,17.043240207738,14,-3.04324020773799,8/19/2026 11:30:00 AM
MRM,41.9716828168463,28,-13.9716828168463,8/19/2026 11:30:00 AM
JPM,19.0983821527609,14,-5.09838215276086,8/19/2026 11:45:00 AM
MRM,38.7347581980445,28,-10.7347581980445,8/19/2026 11:45:00 AM
JPM,18.5063753619756,14,-4.50637536197561,8/19/2026 12:00:00 PM
MRM,39.7280118889609,29.8,-9.92801188896091,8/19/2026 12:00:00 PM
JPM,18.5175011738822,14,-4.5175011738822,8/19/2026 12:15:00 PM
MRM,41.478244473207,32.0346590909091,-9.44358538229795,8/19/2026 12:15:00 PM
JPM,17.6888768905305,14,-3.68887689053049,8/19/2026 12:30:00 PM
MRM,42.4204710345375,31.9,-10.5204710345375,8/19/2026 12:30:00 PM
JPM,17.7995976088567,14.1094497607655,-3.69014784809116,8/19/2026 12:45:00 PM
MRM,36.1556702964976,27.4210526315789,-8.73461766491864,8/19/2026 12:45:00 PM
JPM,20.2769402382367,14.3465909090909,-5.93034932914577,8/19/2026 1:00:00 PM
MRM,30.7259402290913,21.8888888888889,-8.83705134020243,8/19/2026 1:00:00 PM
JPM,18.9135562423967,13.3181818181818,-5.59537442421492,8/19/2026 1:15:00 PM
MRM,28.8254589081438,22,-6.82545890814384,8/19/2026 1:15:00 PM
JPM,13.353651677448,12.875,-0.478651677447957,8/19/2026 1:30:00 PM
MRM,27.9350676271929,21.5,-6.43506762719286,8/19/2026 1:30:00 PM
JPM,13.5244945826274,13,-0.524494582627351,8/19/2026 1:45:00 PM
MRM,30.0355009606375,20.0909090909091,-9.94459186972844,8/19/2026 1:45:00 PM
JPM,13.7451282497485,13,-0.745128249748484,8/19/2026 2:00:00 PM
MRM,30.2190720694316,19,-11.2190720694316,8/19/2026 2:00:00 PM
JPM,15.2701159200302,13.0099431818182,-2.26017273821205,8/19/2026 2:15:00 PM
MRM,14.069366349428,24.8333333333333,10.7639669839054,8/19/2026 2:15:00 PM
JPM,16.6471183915879,13.0965909090909,-3.550527482497,8/19/2026 2:30:00 PM
MRM,15.3639302776728,30,14.6360697223272,8/19/2026 2:30:00 PM
JPM,18.2713190364599,13.3465909090909,-4.92472812736899,8/19/2026 2:45:00 PM
MRM,14.2304741470962,27,12.7695258529038,8/19/2026 2:45:00 PM
JPM,16.4817012257914,13.6995320855615,-2.78216914022993,8/19/2026 3:00:00 PM
MRM,15.7740155284415,25,9.22598447155854,8/19/2026 3:00:00 PM
JPM,19.8353131474396,14.3465909090909,-5.48872223834865,8/19/2026 3:15:00 PM
MRM,26.301986575978,25,-1.30198657597797,8/19/2026 3:15:00 PM
JPM,19.5752883077305,14.3465909090909,-5.2286973986396,8/19/2026 3:30:00 PM
MRM,32.9557248761463,26,-6.95572487614628,8/19/2026 3:30:00 PM
JPM,19.9720914215459,14.3465909090909,-5.62550051245494,8/19/2026 3:45:00 PM
MRM,35.2393487430428,28,-7.2393487430428,8/19/2026 3:45:00 PM
JPM,19.4176578154162,14.3465909090909,-5.0710669063253,8/19/2026 4:00:00 PM
MRM,44.8445398777195,27.4,-17.4445398777195,8/19/2026 4:00:00 PM
JPM,19.5411715572926,14.3465909090909,-5.19458064820166,8/19/2026 4:15:00 PM
MRM,25.3436201516495,27.3333333333333,1.98971318168383,8/19/2026 4:15:00 PM
JPM,20.5818573640829,14.3465909090909,-6.23526645499203,8/19/2026 4:30:00 PM
MRM,34.9961209224588,26,-8.99612092245884,8/19/2026 4:30:00 PM
JPM,21.7890329215534,14.3899147727273,-7.39911814882615,8/19/2026 4:45:00 PM
MRM,39.1058634849503,26,-13.1058634849503,8/19/2026 4:45:00 PM
JPM,16.8942105101103,13.3502066115702,-3.54400389854007,8/19/2026 5:00:00 PM
MRM,35.25799708382,26.1818181818182,-9.07617890200181,8/19/2026 5:00:00 PM
JPM,15.2489499076802,13.4252840909091,-1.82366581677111,8/19/2026 5:15:00 PM
MRM,36.5104928343933,36.65,0.139507165606652,8/19/2026 5:15:00 PM
JPM,17.0420974422434,14,-3.04209744224343,8/19/2026 5:30:00 PM
MRM,51.8328283661592,38,-13.8328283661592,8/19/2026 5:30:00 PM
JPM,11.8670500517956,13.1923076923077,1.32525764051207,8/19/2026 5:45:00 PM
MRM,52.2250917733228,38,-14.2250917733228,8/19/2026 5:45:00 PM
JPM,9.51421475399053,11.3333333333333,1.8191185793428,8/19/2026 6:00:00 PM
MRM,56.3812181749107,38,-18.3812181749107,8/19/2026 6:00:00 PM
JPM,9.76001761228122,11,1.23998238771878,8/19/2026 6:15:00 PM
MRM,50.5042332896626,37.8784722222222,-12.6257610674404,8/19/2026 6:15:00 PM
JPM,11.8217199249282,10.7647058823529,-1.05701404257531,8/19/2026 6:30:00 PM
MRM,55.6991202132849,37.4234625668449,-18.27565764644,8/19/2026 6:30:00 PM
JPM,12.795059036412,10.4444444444444,-2.35061459196752,8/19/2026 6:45:00 PM
MRM,55.6008867668863,38,-17.6008867668863,8/19/2026 6:45:00 PM
JPM,9.51421475399053,11.3333333333333,1.8191185793428,8/19/2026 6:00:00 PM
MRM,56.3812181749107,38,-18.3812181749107,8/19/2026 6:00:00 PM
JPM,9.76001761228122,11,1.23998238771878,8/19/2026 6:15:00 PM
MRM,50.5042332896626,37.8784722222222,-12.6257610674404,8/19/2026 6:15:00 PM
JPM,11.8217199249282,10.7647058823529,-1.05701404257531,8/19/2026 6:30:00 PM
MRM,55.6991202132849,37.4234625668449,-18.27565764644,8/19/2026 6:30:00 PM
JPM,12.9138214385018,10.5833333333333,-2.33048810516851,8/19/2026 6:45:00 PM
MRM,55.7779765534071,38,-17.7779765534071,8/19/2026 6:45:00 PM
JPM,13.8968771163859,9.66666666666667,-4.23021044971925,8/19/2026 7:00:00 PM
MRM,55.804851293015,38,-17.804851293015,8/19/2026 7:00:00 PM
JPM,15.3011036199443,9,-6.3011036199443,8/19/2026 7:15:00 PM
MRM,52.8563536553646,38,-14.8563536553646,8/19/2026 7:15:00 PM
JPM,15.9519801916434,9,-6.9519801916434,8/19/2026 7:30:00 PM
MRM,55.4695370061217,38,-17.4695370061217,8/19/2026 7:30:00 PM
JPM,13.6037799430424,9,-4.6037799430424,8/19/2026 7:45:00 PM
MRM,46.8661807372417,36.4736842105263,-10.3924965267154,8/19/2026 7:45:00 PM
JPM,9.6578805052743,10,0.342119494725695,8/19/2026 8:00:00 PM
MRM,51.3487620827268,36.4545454545455,-14.8942166281813,8/19/2026 8:00:00 PM
JPM,9.78814512869288,12,2.21185487130712,8/19/2026 8:15:00 PM
MRM,43.6971856848822,36.1904761904762,-7.50670949440602,8/19/2026 8:15:00 PM
JPM,13.604543785702,12,-1.60454378570202,8/19/2026 8:30:00 PM
MRM,41.2610088991538,38.4545454545455,-2.80646344460833,8/19/2026 8:30:00 PM
JPM,14.1255834920809,12.1223262032086,-2.00325728887235,8/19/2026 8:45:00 PM
MRM,42.1102818221916,39,-3.11028182219158,8/19/2026 8:45:00 PM
JPM,13.4847839522439,11.8666666666667,-1.6181172855772,8/19/2026 9:00:00 PM
MRM,42.412331192005,38.9,-3.51233119200501,8/19/2026 9:00:00 PM
JPM,12.7365822156921,11,-1.73658221569211,8/19/2026 9:15:00 PM
MRM,15.0027587591976,37.3,22.2972412408024,8/19/2026 9:15:00 PM
JPM,13.1467593397138,11,-2.14675933971376,8/19/2026 9:30:00 PM
MRM,51.5793178316307,37,-14.5793178316307,8/19/2026 9:30:00 PM
JPM,13.651035423064,11.2777777777778,-2.37325764528618,8/19/2026 9:45:00 PM
MRM,48.4687349460649,36,-12.4687349460649,8/19/2026 9:45:00 PM
JPM,9.51421475399053,11.3333333333333,1.8191185793428,8/19/2026 6:00:00 PM
MRM,56.3812181749107,38,-18.3812181749107,8/19/2026 6:00:00 PM
JPM,9.76001761228122,11,1.23998238771878,8/19/2026 6:15:00 PM
MRM,50.5042332896626,37.8784722222222,-12.6257610674404,8/19/2026 6:15:00 PM
JPM,11.8217199249283,10.7647058823529,-1.05701404257531,8/19/2026 6:30:00 PM
MRM,55.6991202132849,37.4234625668449,-18.27565764644,8/19/2026 6:30:00 PM
JPM,12.9138214385018,10.5833333333333,-2.33048810516851,8/19/2026 6:45:00 PM
MRM,55.7779765534071,38,-17.7779765534071,8/19/2026 6:45:00 PM
JPM,13.8968771163859,9.66666666666667,-4.23021044971925,8/19/2026 7:00:00 PM
MRM,55.804851293015,38,-17.804851293015,8/19/2026 7:00:00 PM
JPM,15.0130682183075,12,-3.01306821830748,8/10/2026 6:00:00 AM
JPM,14.7536934126437,12,-2.75369341264369,8/10/2026 6:15:00 AM
JPM,15.9367473162431,12,-3.9367473162431,8/10/2026 6:30:00 AM
JPM,12.897039916264,12,-0.897039916263951,8/10/2026 6:45:00 AM
JPM,11.7034070509169,12,0.296592949083136,8/10/2026 7:00:00 AM
JPM,14.1377495026716,13,-1.13774950267157,8/10/2026 7:15:00 AM
JPM,15.4719493500502,13,-2.47194935005019,8/10/2026 7:30:00 AM
JPM,16.2865362482168,13,-3.2865362482168,8/10/2026 7:45:00 AM
JPM,17.4615080542863,13,-4.46150805428625,8/10/2026 8:00:00 AM
JPM,18.5805295531139,13,-5.58052955311387,8/10/2026 8:15:00 AM
JPM,14.1742498093175,11.6315789473684,-2.54267086194903,8/10/2026 8:30:00 AM
JPM,11.6632363126167,11,-0.663236312616688,8/10/2026 8:45:00 AM
JPM,11.2867668252539,11,-0.28676682525391,8/10/2026 9:00:00 AM
JPM,11.3244841738502,11,-0.324484173850227,8/10/2026 9:15:00 AM
JPM,12.211878146709,11,-1.21187814670899,8/10/2026 9:30:00 AM
JPM,13.0170763726526,10.4,-2.61707637265261,8/10/2026 9:45:00 AM
JPM,11.2424079448158,10,-1.24240794481578,8/10/2026 10:00:00 AM
JPM,12.3841849217208,10,-2.38418492172081,8/10/2026 10:15:00 AM
JPM,13.1434219248755,11,-2.14342192487547,8/10/2026 10:30:00 AM
JPM,12.0473791222162,12.4210526315789,0.373673509362721,8/10/2026 10:45:00 AM
JPM,13.0367853206691,13,-0.0367853206690647,8/10/2026 11:00:00 AM
JPM,12.8777987816767,13.1237824675325,0.245983685855808,8/10/2026 11:15:00 AM
JPM,13.2492767373659,12.6,-0.649276737365904,8/10/2026 11:30:00 AM
JPM,12.477867760669,12,-0.477867760668971,8/10/2026 11:45:00 AM
JPM,11.5718871422854,13,1.42811285771462,8/10/2026 12:00:00 PM
JPM,11.2952105450835,12.75,1.45478945491651,8/10/2026 12:15:00 PM
JPM,12.4254973370977,12,-0.425497337097708,8/10/2026 12:30:00 PM
JPM,13.2338808755254,12,-1.23388087552545,8/10/2026 12:45:00 PM
JPM,8.78767772645559,12,3.21232227354441,8/10/2026 1:00:00 PM
JPM,8.40011942594663,12,3.59988057405337,8/10/2026 1:15:00 PM
JPM,10.4572555382235,12.089070855615,1.63181531739145,8/10/2026 1:30:00 PM
JPM,13.9649524020149,12.5028409090909,-1.46211149292399,8/10/2026 1:45:00 PM
JPM,11.8577255079352,11,-0.857725507935248,8/10/2026 2:00:00 PM
JPM,13.6254894607324,10.7517755681818,-2.87371389255057,8/10/2026 2:15:00 PM
JPM,10.2028632684571,10.1019385026738,-0.100924765783311,8/10/2026 2:30:00 PM
JPM,10.3590381761548,10.8628246753247,0.503786499169914,8/10/2026 2:45:00 PM
JPM,9.28119625678575,10.0628551136364,0.781658856850616,8/10/2026 3:00:00 PM
JPM,7.57075255876207,10.5,2.92924744123793,8/10/2026 3:15:00 PM
JPM,10.2521433863018,11.6686789772727,1.4165355909709,8/10/2026 3:30:00 PM
JPM,11.4617499763704,12.1328914141414,0.671141437770991,8/10/2026 3:45:00 PM
JPM,11.2464452792547,12,0.753554720745344,8/10/2026 4:00:00 PM
JPM,11.226127896728,13,1.77387210327195,8/10/2026 4:15:00 PM
JPM,11.9447359471187,13,1.05526405288126,8/10/2026 4:30:00 PM
JPM,12.6942659704827,13,0.305734029517263,8/10/2026 4:45:00 PM
JPM,12.9102180887732,13,0.0897819112267992,8/10/2026 5:00:00 PM
JPM,13.1515947572377,11.5714285714286,-1.58016618580912,8/10/2026 5:15:00 PM
JPM,13.0660372645406,11,-2.06603726454058,8/10/2026 5:30:00 PM
JPM,12.6407821885067,11,-1.64078218850673,8/10/2026 5:45:00 PM
MRM,45.3051973018311,38.7391304347826,-6.56606686704853,8/10/2026 6:00:00 AM
MRM,52.5262517888941,39.6927609427609,-12.8334908461332,8/10/2026 6:15:00 AM
MRM,61.1758510569433,40.3032670454545,-20.8725840114888,8/10/2026 6:30:00 AM
MRM,52.3558008303128,39.2,-13.1558008303128,8/10/2026 6:45:00 AM
MRM,46.5385840391511,38.9473684210526,-7.5912156180985,8/10/2026 7:00:00 AM
MRM,46.6639834558096,39,-7.66398345580957,8/10/2026 7:15:00 AM
MRM,47.2631188444281,39.8,-7.46311884442814,8/10/2026 7:30:00 AM
MRM,42.5398199069885,38.9545454545455,-3.58527445244303,8/10/2026 7:45:00 AM
MRM,54.7411903450497,38,-16.7411903450497,8/10/2026 8:00:00 AM
MRM,58.3070642077028,39,-19.3070642077028,8/10/2026 8:15:00 AM
MRM,58.9754240676395,40.3157894736842,-18.6596345939553,8/10/2026 8:30:00 AM
MRM,57.7328959454589,41,-16.7328959454589,8/10/2026 8:45:00 AM
MRM,54.2279804331827,41.4079982517483,-12.8199821814345,8/10/2026 9:00:00 AM
MRM,51.9520450542318,39.3653017241379,-12.5867433300939,8/10/2026 9:15:00 AM
MRM,48.6904502338492,36.3465909090909,-12.3438593247583,8/10/2026 9:30:00 AM
MRM,57.0061149405209,38.5465909090909,-18.45952403143,8/10/2026 9:45:00 AM
MRM,57.2593913247043,39.1701203208556,-18.0892710038487,8/10/2026 10:00:00 AM
MRM,52.8989337837334,39.1701203208556,-13.7288134628778,8/10/2026 10:15:00 AM
MRM,48.2789218764167,39.3465909090909,-8.93233096732583,8/10/2026 10:30:00 AM
MRM,55.237783301803,38.2918660287081,-16.9459172730949,8/10/2026 10:45:00 AM
MRM,48.7243212604506,35.9,-12.8243212604506,8/10/2026 11:00:00 AM
MRM,47.5166935056492,36,-11.5166935056492,8/10/2026 11:15:00 AM
MRM,45.4225489421017,36.3643939393939,-9.05815500270771,8/10/2026 11:30:00 AM
MRM,43.1876293040381,36.2166193181818,-6.97100998585628,8/10/2026 11:45:00 AM
MRM,48.0197505124301,37.6652892561983,-10.3544612562318,8/10/2026 12:00:00 PM
MRM,48.5951848115809,37,-11.5951848115809,8/10/2026 12:15:00 PM
MRM,44.2962290464698,36.0769230769231,-8.21930596954675,8/10/2026 12:30:00 PM
MRM,43.2584585534716,37,-6.25845855347163,8/10/2026 12:45:00 PM
MRM,51.3050223751263,37.5454545454545,-13.7595678296717,8/10/2026 1:00:00 PM
MRM,45.1891495510288,35.1538461538462,-10.0353033971827,8/10/2026 1:15:00 PM
MRM,34.5625162242214,33.7647058823529,-0.797810341868491,8/10/2026 1:30:00 PM
MRM,33.2280885398644,34.2011363636364,0.973047823771978,8/10/2026 1:45:00 PM
MRM,30.5221279393373,34.7418831168831,4.21975517754583,8/10/2026 2:00:00 PM
MRM,28.0458602251894,34.5625,6.51663977481063,8/10/2026 2:15:00 PM
MRM,28.0285549551134,34.8235294117647,6.79497445665135,8/10/2026 2:30:00 PM
MRM,28.8860888773179,35.4285714285714,6.54248255125356,8/10/2026 2:45:00 PM
MRM,29.2635367066536,35.0433238636364,5.77978715698271,8/10/2026 3:00:00 PM
MRM,36.0174185546322,35.0433238636364,-0.974094690995877,8/10/2026 3:15:00 PM
MRM,39.547911130286,35.25,-4.29791113028597,8/10/2026 3:30:00 PM
MRM,44.4003675644404,35.0558712121212,-9.34449635231923,8/10/2026 3:45:00 PM
MRM,38.5911815924505,35.2528409090909,-3.33834068335956,8/10/2026 4:00:00 PM
MRM,39.5742218799909,34.9548037190083,-4.61941816098259,8/10/2026 4:15:00 PM
MRM,38.285727700974,35,-3.28572770097404,8/10/2026 4:30:00 PM
MRM,33.7259721001179,33.7692307692308,0.0432586691128805,8/10/2026 4:45:00 PM
MRM,39.8155153170045,33.25,-6.56551531700454,8/10/2026 5:00:00 PM
JPM,14.4960703435059,12.3076923076923,-2.18837803581364,8/11/2026 3:30:00 PM
JPM,14.106007490023,11.2727272727273,-2.83328021729569,8/11/2026 3:45:00 PM
JPM,14.6970410006645,11.8148148148148,-2.88222618584969,8/11/2026 4:00:00 PM
JPM,14.8756303193512,12.5789473684211,-2.29668295093015,8/11/2026 4:15:00 PM
JPM,15.6285704456936,14,-1.62857044569363,8/11/2026 4:30:00 PM
JPM,15.8576515152211,14,-1.85765151522112,8/11/2026 4:45:00 PM
JPM,17.0234696008814,14,-3.02346960088145,8/11/2026 5:00:00 PM
JPM,14.6901808105934,14,-0.69018081059335,8/11/2026 5:15:00 PM
JPM,17.0468227238143,14,-3.04682272381427,8/11/2026 5:30:00 PM
JPM,20.9994310200585,14,-6.99943102005854,8/11/2026 5:45:00 PM
MRM,61.5817864176259,39.5,-22.0817864176259,8/11/2026 6:00:00 AM
MRM,69.4816080221118,39,-30.4816080221118,8/11/2026 6:15:00 AM
MRM,55.9120655073947,38.7166193181818,-17.1954461892129,8/11/2026 6:30:00 AM
MRM,60.0182964350097,38.2651515151515,-21.7531449198582,8/11/2026 6:45:00 AM
MRM,61.7585930880395,38,-23.7585930880395,8/11/2026 7:00:00 AM
MRM,60.0662075006165,38.0121753246753,-22.0540321759412,8/11/2026 7:15:00 AM
MRM,51.622254825132,37.2922077922078,-14.3300470329242,8/11/2026 7:30:00 AM
MRM,43.9351019298404,36,-7.93510192984043,8/11/2026 7:45:00 AM
MRM,45.4426668571442,34.8333333333333,-10.6093335238109,8/11/2026 8:00:00 AM
MRM,55.8170171513951,35.5940656565657,-20.2229514948294,8/11/2026 8:15:00 AM
MRM,56.2379965329455,40,-16.2379965329455,8/11/2026 8:30:00 AM
MRM,56.3383678072072,42,-14.3383678072072,8/11/2026 8:45:00 AM
MRM,49.719704090705,42.1896853146853,-7.53001877601967,8/11/2026 9:00:00 AM
MRM,49.3610514296594,38.6193181818182,-10.7417332478412,8/11/2026 9:15:00 AM
MRM,53.0869992399382,36.5132575757576,-16.5737416641806,8/11/2026 9:30:00 AM
MRM,56.4164957315162,37.6325757575758,-18.7839199739405,8/11/2026 9:45:00 AM
MRM,56.7099164677102,39,-17.7099164677102,8/11/2026 10:00:00 AM
MRM,54.3842808800703,39,-15.3842808800703,8/11/2026 10:15:00 AM
MRM,48.1553930830304,36.55,-11.6053930830304,8/11/2026 10:30:00 AM
MRM,48.5251219712249,36,-12.5251219712249,8/11/2026 10:45:00 AM
MRM,49.0091239480724,35.7272727272727,-13.2818512207997,8/11/2026 11:00:00 AM
MRM,48.8575387509121,36.5555555555556,-12.3019831953565,8/11/2026 11:15:00 AM
MRM,52.1308501577704,37.2835743801653,-14.8472757776051,8/11/2026 11:30:00 AM
MRM,43.8938417349403,37.0681818181818,-6.82565991675848,8/11/2026 11:45:00 AM
MRM,54.4506592055611,38.4397727272727,-16.0108864782884,8/11/2026 12:00:00 PM
MRM,54.6047807359604,40.0397727272727,-14.5650080086877,8/11/2026 12:15:00 PM
MRM,52.9317965977828,39.825487012987,-13.1063095847958,8/11/2026 12:30:00 PM
MRM,44.4673925470186,38.6231060606061,-5.84428648641253,8/11/2026 12:45:00 PM
MRM,47.1109766453476,37.6826298701299,-9.42834677521776,8/11/2026 1:00:00 PM
MRM,45.9108777313069,36.0704545454546,-9.84042318585235,8/11/2026 1:15:00 PM
MRM,45.8486608311103,33.2556818181818,-12.5929790129285,8/11/2026 1:30:00 PM
MRM,50.1010124883587,33.8011363636364,-16.2998761247224,8/11/2026 1:45:00 PM
MRM,46.6930814106453,36.5571172248804,-10.135964185765,8/11/2026 2:00:00 PM
MRM,46.1604575540321,36.1333041958042,-10.0271533582279,8/11/2026 2:15:00 PM
MRM,46.4931340015886,36,-10.4931340015886,8/11/2026 2:30:00 PM
MRM,49.7084136945781,35.7916666666667,-13.9167470279114,8/11/2026 2:45:00 PM
MRM,49.8087063787373,35,-14.8087063787373,8/11/2026 3:00:00 PM
MRM,46.0136076116796,35.3571428571429,-10.6564647545367,8/11/2026 3:15:00 PM
MRM,44.2568097637822,35.7692307692308,-8.48757899455143,8/11/2026 3:30:00 PM
MRM,46.9960565001916,36.6363636363636,-10.359692863828,8/11/2026 3:45:00 PM
MRM,46.9707996020177,37.8888888888889,-9.08191071312881,8/11/2026 4:00:00 PM
MRM,57.6592052271254,40,-17.6592052271254,8/11/2026 4:15:00 PM
MRM,48.6480696347825,40,-8.64806963478246,8/11/2026 4:30:00 PM
MRM,46.0502741909617,40,-6.05027419096172,8/11/2026 4:45:00 PM
MRM,48.2477232898418,40,-8.24772328984179,8/11/2026 5:00:00 PM
MRM,51.8176515361433,40,-11.8176515361433,8/11/2026 5:15:00 PM
MRM,51.7240514964255,39.7368421052632,-11.9872093911623,8/11/2026 5:30:00 PM
MRM,57.3572839039847,39.9807692307692,-17.3765146732155,8/11/2026 5:45:00 PM
JPM,19.3862444479582,14,-5.38624444795825,8/11/2026 6:00:00 PM
JPM,17.7411119701455,14,-3.74111197014546,8/11/2026 6:15:00 PM
JPM,19.4704069246259,14,-5.47040692462592,8/11/2026 6:30:00 PM
JPM,18.6327596656767,14,-4.63275966567674,8/11/2026 6:45:00 PM
JPM,21.3370535435871,14,-7.33705354358706,8/11/2026 7:00:00 PM
JPM,23.9803754537152,14,-9.98037545371518,8/11/2026 7:15:00 PM
JPM,23.5801873816373,14,-9.58018738163731,8/11/2026 7:30:00 PM
JPM,23.4782718374631,14,-9.47827183746312,8/11/2026 7:45:00 PM
JPM,24.5822284489474,14,-10.5822284489474,8/11/2026 8:00:00 PM
JPM,23.3801492838604,14,-9.38014928386039,8/11/2026 8:15:00 PM
JPM,21.8846185579012,14,-7.88461855790125,8/11/2026 8:30:00 PM
JPM,16.3566295349263,14,-2.35662953492633,8/11/2026 8:45:00 PM
JPM,17.4090231420105,14,-3.40902314201045,8/11/2026 9:00:00 PM
JPM,16.8351204444453,14,-2.83512044444526,8/11/2026 9:15:00 PM
JPM,17.4704824184588,14,-3.47048241845878,8/11/2026 9:30:00 PM
JPM,17.3197358864256,14,-3.31973588642562,8/11/2026 9:45:00 PM
JPM,18.147106191423,14,-4.147106191423,8/11/2026 10:00:00 PM
JPM,23.4339467246262,14,-9.43394672462616,8/11/2026 10:15:00 PM
JPM,24.2664063647481,14,-10.2664063647481,8/11/2026 10:30:00 PM
JPM,24.8133085902755,14,-10.8133085902755,8/11/2026 10:45:00 PM
JPM,24.9949727257811,14,-10.9949727257811,8/11/2026 11:00:00 PM
JPM,23.3380507127166,14,-9.33805071271665,8/11/2026 11:15:00 PM
JPM,22.3217799364111,14,-8.32177993641107,8/11/2026 11:30:00 PM
JPM,21.378293649793,14,-7.378293649793,8/11/2026 11:45:00 PM
JPM,21.0969003301885,14,-7.0969003301885,8/12/2026 12:00:00 AM
JPM,22.0874482242605,14,-8.08744822426046,8/12/2026 12:15:00 AM
JPM,22.9772804386887,14,-8.97728043868874,8/12/2026 12:30:00 AM
JPM,23.3824761632105,14,-9.3824761632105,8/12/2026 12:45:00 AM
JPM,22.5468883720503,14,-8.54688837205035,8/12/2026 1:00:00 AM
JPM,24.2015880772889,14,-10.2015880772889,8/12/2026 1:15:00 AM
JPM,25.476547950305,14,-11.476547950305,8/12/2026 1:30:00 AM
JPM,24.7208654530101,14.8108108108108,-9.91005464219932,8/12/2026 1:45:00 AM
JPM,25.868642621491,15,-10.868642621491,8/12/2026 2:00:00 AM
JPM,25.7356306241607,15,-10.7356306241607,8/12/2026 2:15:00 AM
JPM,26.551371024369,15,-11.551371024369,8/12/2026 2:30:00 AM
JPM,26.4928884250208,15,-11.4928884250208,8/12/2026 2:45:00 AM
JPM,25.8669310261248,14.1666666666667,-11.7002643594581,8/12/2026 3:00:00 AM
JPM,26.8331827413488,14,-12.8331827413488,8/12/2026 3:15:00 AM
JPM,25.8596224196806,14,-11.8596224196806,8/12/2026 3:30:00 AM
JPM,25.7862294830683,14.304347826087,-11.4818816569813,8/12/2026 3:45:00 AM
JPM,26.3465957697167,15,-11.3465957697167,8/12/2026 4:00:00 AM
JPM,24.5835523250303,15,-9.5835523250303,8/12/2026 4:15:00 AM
JPM,23.9136221910796,15,-8.91362219107961,8/12/2026 4:30:00 AM
JPM,22.9490659255066,15,-7.94906592550662,8/12/2026 4:45:00 AM
JPM,23.1107138195567,15,-8.11071381955665,8/12/2026 5:00:00 AM
JPM,23.3186508018156,15,-8.31865080181555,8/12/2026 5:15:00 AM
JPM,21.3798777255694,15,-6.37987772556937,8/12/2026 5:30:00 AM
JPM,15.3704004680461,14.875,-0.495400468046062,8/12/2026 5:45:00 AM
MRM,59.0763820241104,40,-19.0763820241104,8/11/2026 6:00:00 PM
MRM,56.614213108391,39.9166666666667,-16.6975464417243,8/11/2026 6:15:00 PM
MRM,49.7170358429498,39.34375,-10.3732858429498,8/11/2026 6:30:00 PM
MRM,48.9634633687788,38,-10.9634633687788,8/11/2026 6:45:00 PM
MRM,46.4357826821763,37,-9.43578268217627,8/11/2026 7:00:00 PM
MRM,46.2698554054218,35.3214285714286,-10.9484268339932,8/11/2026 7:15:00 PM
MRM,43.0856219441413,35.6829268292683,-7.40269511487303,8/11/2026 7:30:00 PM
MRM,43.8167269692894,36,-7.81672696928945,8/11/2026 7:45:00 PM
MRM,42.156628948343,36,-6.15662894834305,8/11/2026 8:00:00 PM
MRM,44.1198165074804,35.3636363636364,-8.75618014384405,8/11/2026 8:15:00 PM
MRM,46.764949322025,35.6346153846154,-11.1303339374096,8/11/2026 8:30:00 PM
MRM,37.8317506136278,36.4324324324324,-1.39931818119535,8/11/2026 8:45:00 PM
MRM,45.3118836811369,36.16,-9.15188368113689,8/11/2026 9:00:00 PM
MRM,40.8756144982426,37,-3.87561449824261,8/11/2026 9:15:00 PM
MRM,39.7130528777533,37,-2.71305287775327,8/11/2026 9:30:00 PM
MRM,38.7819989747186,36.7560975609756,-2.02590141374302,8/11/2026 9:45:00 PM
MRM,45.5898476599254,37,-8.58984765992537,8/11/2026 10:00:00 PM
MRM,44.4703598521333,36.7297297297297,-7.74063012240354,8/11/2026 10:15:00 PM
MRM,49.2581659967625,37.4594594594595,-11.798706537303,8/11/2026 10:30:00 PM
MRM,46.9719164482192,37.6190476190476,-9.35286882917159,8/11/2026 10:45:00 PM
MRM,50.634936185878,37,-13.634936185878,8/11/2026 11:00:00 PM
MRM,56.5549147865359,37,-19.5549147865359,8/11/2026 11:15:00 PM
MRM,54.3047824129229,36.9230769230769,-17.3817054898459,8/11/2026 11:30:00 PM
MRM,49.4156032208216,36.4166666666667,-12.9989365541549,8/11/2026 11:45:00 PM
MRM,40.2948225170996,37,-3.29482251709958,8/12/2026 12:00:00 AM
MRM,44.3959731933261,37,-7.39597319332609,8/12/2026 12:15:00 AM
MRM,42.1340433027472,36.2857142857143,-5.84832901703293,8/12/2026 12:30:00 AM
MRM,34.8808033950422,36.8717948717949,1.9909914767527,8/12/2026 12:45:00 AM
MRM,46.3226196184736,36.5454545454545,-9.77716507301905,8/12/2026 1:00:00 AM
MRM,44.182798855119,37,-7.18279885511899,8/12/2026 1:15:00 AM
MRM,42.857699404485,37,-5.85769940448495,8/12/2026 1:30:00 AM
MRM,51.2296360922905,37.7027027027027,-13.5269333895878,8/12/2026 1:45:00 AM
MRM,54.2278778668075,37.8928571428571,-16.3350207239504,8/12/2026 2:00:00 AM
MRM,41.5324206115789,37,-4.53242061157894,8/12/2026 2:15:00 AM
MRM,39.1005617333438,37,-2.10056173334382,8/12/2026 2:30:00 AM
MRM,42.8276144604358,37,-5.82761446043577,8/12/2026 2:45:00 AM
MRM,43.1340450894909,36.3333333333333,-6.80071175615753,8/12/2026 3:00:00 AM
MRM,42.8028467805138,36.3666666666667,-6.43618011384718,8/12/2026 3:15:00 AM
MRM,44.3014476954566,36.375,-7.92644769545659,8/12/2026 3:30:00 AM
MRM,43.3246881468099,36.9130434782609,-6.41164466854899,8/12/2026 3:45:00 AM
MRM,43.0581413568832,37,-6.05814135688323,8/12/2026 4:00:00 AM
MRM,40.7603083068029,36.0612244897959,-4.69908381700697,8/12/2026 4:15:00 AM
MRM,41.276538898669,37,-4.27653889866898,8/12/2026 4:30:00 AM
MRM,46.4679902546915,37,-9.46799025469149,8/12/2026 4:45:00 AM
MRM,47.8044482529859,37.9394437799043,-9.8650044730816,8/12/2026 5:00:00 AM
MRM,42.6601050697696,37.9124536178108,-4.74765145195886,8/12/2026 5:15:00 AM
MRM,43.4763597046052,37,-6.47635970460516,8/12/2026 5:30:00 AM
MRM,44.4307404846233,37.6642992424243,-6.76644124219901,8/12/2026 5:45:00 AM
JPM,13.7804966475951,14.1666666666667,0.386170019071548,8/12/2026 6:00:00 AM
JPM,13.4412948285482,15,1.55870517145182,8/12/2026 6:15:00 AM
JPM,13.4706050693977,15.0693181818182,1.59871311242049,8/12/2026 6:30:00 AM
JPM,13.6747249703329,15,1.3252750296671,8/12/2026 6:45:00 AM
JPM,14.3058752844363,15,0.694124715563719,8/12/2026 7:00:00 AM
JPM,14.2736045513915,14.1153846153846,-0.15821993600693,8/12/2026 7:15:00 AM
JPM,9.71578739257201,14,4.28421260742799,8/12/2026 7:30:00 AM
JPM,5.26481795044936,12.88,7.61518204955064,8/12/2026 7:45:00 AM
JPM,6.57232928536887,10.047619047619,3.47528976225018,8/12/2026 8:00:00 AM
JPM,7.76958404147538,9.6,1.83041595852462,8/12/2026 8:15:00 AM
JPM,7.61501795079447,8.22222222222222,0.60720427142775,8/12/2026 8:30:00 AM
JPM,7.50714240616169,8.375,0.867857593838306,8/12/2026 8:45:00 AM
JPM,11.263466304408,9,-2.26346630440798,8/12/2026 9:00:00 AM
JPM,12.0791803074001,9,-3.07918030740009,8/12/2026 9:15:00 AM
JPM,12.1485068523473,9,-3.14850685234729,8/12/2026 9:30:00 AM
JPM,12.0698555274403,8.5,-3.56985552744029,8/12/2026 9:45:00 AM
JPM,11.2207896115735,9.69230769230769,-1.52848191926583,8/12/2026 10:00:00 AM
JPM,10.6908445575564,8.38888888888889,-2.30195566866754,8/12/2026 10:15:00 AM
JPM,10.9394934524951,8.8,-2.13949345249508,8/12/2026 10:30:00 AM
JPM,11.1586433175331,7,-4.15864331753314,8/12/2026 10:45:00 AM
JPM,11.1021829255022,7,-4.10218292550221,8/12/2026 11:00:00 AM
JPM,11.3576608004063,7,-4.35766080040625,8/12/2026 11:15:00 AM
JPM,10.8924675906748,6.25,-4.64246759067484,8/12/2026 11:30:00 AM
JPM,10.6114805051271,6,-4.61148050512705,8/12/2026 11:45:00 AM
JPM,10.5079491346601,5.25,-5.25794913466012,8/12/2026 12:00:00 PM
JPM,10.6758953987636,6,-4.67589539876357,8/12/2026 12:15:00 PM
JPM,10.7954441367656,6,-4.79544413676562,8/12/2026 12:30:00 PM
JPM,10.7325498468575,6,-4.73254984685754,8/12/2026 12:45:00 PM
JPM,10.8551647864786,7.55555555555556,-3.29960923092307,8/12/2026 1:00:00 PM
JPM,11.9965682159225,9,-2.99656821592248,8/12/2026 1:15:00 PM
JPM,12.2762743589275,10,-2.27627435892755,8/12/2026 1:30:00 PM
JPM,9.35200166157975,10.75,1.39799833842025,8/12/2026 1:45:00 PM
JPM,9.92221391046673,13.7,3.77778608953327,8/12/2026 2:00:00 PM
JPM,9.02624462904136,12.7647058823529,3.73846125331159,8/12/2026 2:15:00 PM
JPM,8.6557328374805,12,3.3442671625195,8/12/2026 2:30:00 PM
JPM,8.48852979469148,12,3.51147020530852,8/12/2026 2:45:00 PM
JPM,9.28017158221889,12.1612903225806,2.88111874036176,8/12/2026 3:00:00 PM
JPM,9.30792116635215,11.2307692307692,1.92284806441708,8/12/2026 3:15:00 PM
JPM,13.7400554724413,10.8620689655172,-2.87798650692405,8/12/2026 3:30:00 PM
JPM,13.3819261245811,13.9047619047619,0.522835780180809,8/12/2026 3:45:00 PM
JPM,10.7944955985559,11,0.205504401444095,8/12/2026 4:00:00 PM
JPM,12.12881466675,11,-1.12881466675001,8/12/2026 4:15:00 PM
JPM,14.3988848559029,11,-3.39888485590286,8/12/2026 4:30:00 PM
JPM,14.4583775338571,11,-3.45837753385711,8/12/2026 4:45:00 PM
JPM,15.3614551175599,11.125,-4.23645511755991,8/12/2026 5:00:00 PM
JPM,16.3045729044959,11.1333333333333,-5.17123957116253,8/12/2026 5:15:00 PM
JPM,16.5309251856632,10.7647058823529,-5.76621930331025,8/12/2026 5:30:00 PM
JPM,15.8395449467576,10,-5.83954494675764,8/12/2026 5:45:00 PM
MRM,51.8412257023271,37.1732954545454,-14.6679302477817,8/12/2026 6:00:00 AM
MRM,50.155953217308,37,-13.155953217308,8/12/2026 6:15:00 AM
MRM,50.4062734748023,36.4,-14.0062734748023,8/12/2026 6:30:00 AM
MRM,45.8390619447362,36,-9.83906194473615,8/12/2026 6:45:00 AM
MRM,46.4160871496557,36,-10.4160871496557,8/12/2026 7:00:00 AM
MRM,36.2920395925391,36.5597683566434,0.267728764104248,8/12/2026 7:15:00 AM
MRM,27.6310255599796,32.4054144385027,4.77438887852312,8/12/2026 7:30:00 AM
MRM,7.859036066848,25.9757231404959,18.1166870736479,8/12/2026 7:45:00 AM
MRM,7.98882947054721,15.6450216450216,7.65619217447443,8/12/2026 8:00:00 AM
MRM,8.03315008544091,8.73863636363636,0.705486278195451,8/12/2026 8:15:00 AM
MRM,8.36764378241688,8.01325757575758,-0.354386206659301,8/12/2026 8:30:00 AM
MRM,5.22473536793848,4.33617424242424,-0.888561125514236,8/12/2026 10:00:00 AM
MRM,7.25840739792396,4.44728535353535,-2.81112204438861,8/12/2026 10:15:00 AM
MRM,3.72562373623239,4.2,0.474376263767613,8/12/2026 10:30:00 AM
MRM,4.00550919984848,4,-0.00550919984848441,8/12/2026 10:45:00 AM
MRM,3.48479448617172,4,0.515205513828283,8/12/2026 11:00:00 AM
MRM,3.54780592610101,4,0.45219407389899,8/12/2026 11:15:00 AM
MRM,4.66778606138052,4,-0.667786061380523,8/12/2026 11:30:00 AM
MRM,3.40672151953004,5.83333333333333,2.42661181380329,8/12/2026 11:45:00 AM
MRM,5.44903995504703,7.5,2.05096004495297,8/12/2026 12:00:00 PM
MRM,10.9356419243094,10.5,-0.435641924309383,8/12/2026 12:15:00 PM
MRM,11.4745483775917,11.5,0.0254516224083012,8/12/2026 12:30:00 PM
MRM,11.2716519009988,12.6799242424242,1.4082723414254,8/12/2026 12:45:00 PM
MRM,14.8785754306219,13.457702020202,-1.42087341041986,8/12/2026 1:00:00 PM
MRM,16.990813564815,14.2404626623377,-2.75035090247734,8/12/2026 1:15:00 PM
MRM,30.6372593232191,16.8799242424242,-13.7573350807948,8/12/2026 1:30:00 PM
MRM,32.6427365901122,22.2840909090909,-10.3586456810213,8/12/2026 1:45:00 PM
MRM,40.5526844818121,27.0465909090909,-13.5060935727211,8/12/2026 2:00:00 PM
MRM,43.1967374732871,34.5137032085561,-8.68303426473097,8/12/2026 2:15:00 PM
MRM,39.6609983795515,36.2122564935065,-3.44874188604496,8/12/2026 2:30:00 PM
MRM,33.5000106245238,35.7333333333333,2.23332270880951,8/12/2026 2:45:00 PM
MRM,45.7336816032026,37.7529325513197,-7.98074905188299,8/12/2026 3:00:00 PM
MRM,54.096367619695,37.9597902097902,-16.1365774099048,8/12/2026 3:15:00 PM
MRM,29.5532327798478,34.4614028213166,4.90817004146877,8/12/2026 3:30:00 PM
MRM,22.3829539391126,22.6370400432901,0.254086104177464,8/12/2026 3:45:00 PM
MRM,15.117468127669,19.0288825757576,3.91141444808854,8/12/2026 4:00:00 PM
MRM,11.3445248570807,17.9473684210526,6.60284356397189,8/12/2026 4:15:00 PM
MRM,13.8216861287113,17.3333333333333,3.511647204622,8/12/2026 4:30:00 PM
MRM,16.2731351086012,16.1363636363636,-0.136771472237545,8/12/2026 4:45:00 PM
MRM,12.6985486644145,14.4375,1.73895133558552,8/12/2026 5:00:00 PM
MRM,12.8831116566037,16.8647727272727,3.98166107066904,8/12/2026 5:15:00 PM
MRM,12.6006800211799,15.7887700534759,3.18809003229601,8/12/2026 5:30:00 PM
MRM,12.2998520329845,14.7913223140496,2.49147028106508,8/12/2026 5:45:00 PM
JPM,16.9391167985772,11.7391304347826,-5.19998636379463,8/12/2026 6:00:00 PM
JPM,16.689669400156,12,-4.68966940015598,8/12/2026 6:15:00 PM
JPM,19.1464059810492,12,-7.14640598104922,8/12/2026 6:30:00 PM
JPM,22.0013547576471,12.7457627118644,-9.25559204578264,8/12/2026 6:45:00 PM
JPM,23.139481328948,13,-10.139481328948,8/12/2026 7:00:00 PM
JPM,23.2821459964735,13,-10.2821459964735,8/12/2026 7:15:00 PM
JPM,23.2779741121802,12.4210526315789,-10.8569214806012,8/12/2026 7:30:00 PM
JPM,25.2006691388138,12,-13.2006691388138,8/12/2026 7:45:00 PM
JPM,24.7961982384368,12,-12.7961982384368,8/12/2026 8:00:00 PM
JPM,23.9098030187177,12,-11.9098030187177,8/12/2026 8:15:00 PM
JPM,22.998015657935,12,-10.998015657935,8/12/2026 8:30:00 PM
JPM,20.7037333473234,12,-8.70373334732345,8/12/2026 8:45:00 PM
JPM,21.2933107701123,13.1619318181818,-8.13137895193048,8/12/2026 9:00:00 PM
JPM,19.907172715417,13.5572620738636,-6.34991064155341,8/12/2026 9:15:00 PM
JPM,20.7059040766466,14,-6.70590407664661,8/12/2026 9:30:00 PM
JPM,20.3896673690254,14,-6.38966736902539,8/12/2026 9:45:00 PM
JPM,18.3132307136962,14,-4.31323071369624,8/12/2026 10:00:00 PM
JPM,20.8952057103551,14.0080602536998,-6.88714545665531,8/12/2026 10:15:00 PM
JPM,25.9407755066824,14.9331293706294,-11.007646136053,8/12/2026 10:30:00 PM
JPM,25.9715161882624,15.2028743315508,-10.7686418567116,8/12/2026 10:45:00 PM
JPM,27.3325514367007,15.3863636363636,-11.9461878003371,8/12/2026 11:00:00 PM
JPM,27.5342121483246,14.7747326203208,-12.7594795280037,8/12/2026 11:15:00 PM
JPM,27.1617922214512,14,-13.1617922214512,8/12/2026 11:30:00 PM
JPM,27.6908139782314,14,-13.6908139782314,8/12/2026 11:45:00 PM
JPM,26.5269803471323,14,-12.5269803471323,8/13/2026 12:00:00 AM
JPM,24.2212007221808,14,-10.2212007221808,8/13/2026 12:15:00 AM
JPM,23.4941389691134,14,-9.49413896911337,8/13/2026 12:30:00 AM
JPM,22.2605480783655,14,-8.26054807836549,8/13/2026 12:45:00 AM
JPM,23.1178571386125,14,-9.11785713861251,8/13/2026 1:00:00 AM
JPM,23.8031521927043,14,-9.8031521927043,8/13/2026 1:15:00 AM
JPM,23.9275195089333,14,-9.92751950893334,8/13/2026 1:30:00 AM
JPM,22.0358897447113,14,-8.03588974471129,8/13/2026 1:45:00 AM
JPM,22.2686199484827,14.8095238095238,-7.45909613895891,8/13/2026 2:00:00 AM
JPM,22.0719736888493,15,-7.07197368884925,8/13/2026 2:15:00 AM
JPM,22.8880105390636,15,-7.88801053906363,8/13/2026 2:30:00 AM
JPM,23.1025702599686,15.811320754717,-7.29124950525164,8/13/2026 2:45:00 AM
JPM,25.0297711128082,16,-9.02977111280819,8/13/2026 3:00:00 AM
JPM,26.0475589843733,16,-10.0475589843733,8/13/2026 3:15:00 AM
JPM,21.736266234927,16,-5.73626623492702,8/13/2026 3:30:00 AM
JPM,24.081038249117,16,-8.08103824911699,8/13/2026 3:45:00 AM
JPM,27.685797469653,16,-11.685797469653,8/13/2026 4:00:00 AM
JPM,22.0087046751059,16,-6.00870467510585,8/13/2026 4:15:00 AM
JPM,23.4391383565166,16,-7.43913835651659,8/13/2026 4:30:00 AM
JPM,23.7944898718326,16,-7.79448987183255,8/13/2026 4:45:00 AM
JPM,24.3706834906661,16,-8.3706834906661,8/13/2026 5:00:00 AM
JPM,26.1282121552561,16,-10.1282121552561,8/13/2026 5:15:00 AM
JPM,28.7461304065914,16,-12.7461304065914,8/13/2026 5:30:00 AM
JPM,27.5939531561634,16,-11.5939531561634,8/13/2026 5:45:00 AM
MRM,11.7209603446752,12.1373517786561,0.416391433980911,8/12/2026 6:00:00 PM
MRM,11.326721593991,9.29734848484849,-2.02937310914247,8/12/2026 6:15:00 PM
MRM,11.331874497541,8.18181818181818,-3.15005631572285,8/12/2026 6:30:00 PM
MRM,11.3364495166919,8,-3.3364495166919,8/12/2026 6:45:00 PM
MRM,11.0269622796763,8.64285714285714,-2.38410513681912,8/12/2026 7:00:00 PM
MRM,10.4381327167365,8.22222222222222,-2.2159104945143,8/12/2026 7:15:00 PM
MRM,11.3173041533464,7.52631578947368,-3.79098836387269,8/12/2026 7:30:00 PM
MRM,12.0883117125298,6.39285714285714,-5.69545456967266,8/12/2026 7:45:00 PM
MRM,13.5851019353227,11.7575757575758,-1.82752617774692,8/12/2026 8:00:00 PM
MRM,14.1703340118943,11.5882352941176,-2.58209871777661,8/12/2026 8:15:00 PM
MRM,8.49646608279238,11.0714285714286,2.57496248863619,8/12/2026 8:30:00 PM
MRM,9.31748056540173,12,2.68251943459827,8/12/2026 8:45:00 PM
MRM,13.4473003864584,10.6,-2.84730038645844,8/12/2026 9:00:00 PM
MRM,13.3965678700056,9.421875,-3.9746928700056,8/12/2026 9:15:00 PM
MRM,15.4766927575881,10.25,-5.22669275758808,8/12/2026 9:30:00 PM
MRM,23.226913628781,17.4444444444444,-5.78246918433652,8/12/2026 9:45:00 PM
MRM,28.3785031880456,19.9369501466276,-8.44155304141799,8/12/2026 10:00:00 PM
MRM,43.1787958165804,23.2923493657505,-19.8864464508299,8/12/2026 10:15:00 PM
MRM,44.823550390309,24.2115384615385,-20.6120119287705,8/12/2026 10:30:00 PM
MRM,35.5040005563399,26.1176470588235,-9.38635349751641,8/12/2026 10:45:00 PM
MRM,38.8133714107263,27.4181818181818,-11.3951895925445,8/12/2026 11:00:00 PM
MRM,38.5861927898263,28.8095755347594,-9.77661725506698,8/12/2026 11:15:00 PM
MRM,30.0892771643187,30.1333333333333,0.0440561690146239,8/12/2026 11:30:00 PM
MRM,37.053692506743,30.4411764705882,-6.61251603615478,8/12/2026 11:45:00 PM
MRM,27.3153969956247,31.15625,3.84085300437533,8/13/2026 12:00:00 AM
MRM,25.5339573107295,31.1325757575758,5.59861844684621,8/13/2026 12:15:00 AM
MRM,23.7649748491194,29.1647727272727,5.39979787815338,8/13/2026 12:30:00 AM
MRM,28.7363887431844,28.0305815508021,-0.705807192382281,8/13/2026 12:45:00 AM
MRM,23.6528067114903,28,4.34719328850973,8/13/2026 1:00:00 AM
MRM,20.8451038739789,27.5555555555556,6.71045168157664,8/13/2026 1:15:00 AM
MRM,19.7773692024281,27.75,7.97263079757195,8/13/2026 1:30:00 AM
MRM,32.2616665852445,28.0411931818182,-4.22047340342631,8/13/2026 1:45:00 AM
MRM,45.5645750903682,31.8465909090909,-13.7179841812773,8/13/2026 2:00:00 AM
MRM,49.5075495752012,38.3465909090909,-11.1609586661103,8/13/2026 2:15:00 AM
MRM,49.425575634763,37.876473063973,-11.54910257079,8/13/2026 2:30:00 AM
MRM,50.2451702939933,37.1504073756432,-13.0947629183501,8/13/2026 2:45:00 AM
MRM,49.4574777204143,37.6585858585859,-11.7988918618284,8/13/2026 3:00:00 AM
MRM,48.7687150783328,37.9411764705882,-10.8275386077446,8/13/2026 3:15:00 AM
MRM,44.8530828566359,38,-6.85308285663585,8/13/2026 3:30:00 AM
MRM,47.2842476967199,37.1555555555556,-10.1286921411643,8/13/2026 3:45:00 AM
MRM,45.8688005891568,36.5357142857143,-9.33308630344254,8/13/2026 4:00:00 AM
MRM,44.3505394956526,37,-7.3505394956526,8/13/2026 4:15:00 AM
MRM,43.9392728346673,37.417250967118,-6.52202186754934,8/13/2026 4:30:00 AM
MRM,44.4031887651459,37.8123647186147,-6.59082404653114,8/13/2026 4:45:00 AM
MRM,45.2896121546085,38.4432653743316,-6.84634678027687,8/13/2026 5:00:00 AM
MRM,48.5177158033744,38.4585915977962,-10.0591242055782,8/13/2026 5:15:00 AM
MRM,46.8130178028071,38.3693181818182,-8.4436996209889,8/13/2026 5:30:00 AM
MRM,37.7876382463152,38.0954545454545,0.307816299139297,8/13/2026 5:45:00 AM
JPM,21.1252488414359,16,-5.12524884143585,8/13/2026 6:00:00 AM
JPM,21.5441206357525,16,-5.54412063575247,8/13/2026 6:15:00 AM
JPM,22.6764753236752,16,-6.67647532367523,8/13/2026 6:30:00 AM
JPM,20.0552441304183,16,-4.05524413041829,8/13/2026 6:45:00 AM
JPM,20.8011108035606,16,-4.80111080356056,8/13/2026 7:00:00 AM
JPM,19.0954837596447,16,-3.0954837596447,8/13/2026 7:15:00 AM
JPM,20.9359560974349,16,-4.93595609743493,8/13/2026 7:30:00 AM
JPM,20.5031874533121,16,-4.50318745331207,8/13/2026 7:45:00 AM
JPM,21.9460406884652,16,-5.94604068846525,8/13/2026 8:00:00 AM
JPM,20.9560888194301,16,-4.95608881943011,8/13/2026 8:15:00 AM
JPM,19.5315218745529,16,-3.53152187455292,8/13/2026 8:30:00 AM
JPM,18.7764794028198,16,-2.77647940281985,8/13/2026 8:45:00 AM
JPM,18.5764908972031,16,-2.57649089720305,8/13/2026 9:00:00 AM
JPM,19.4314329201588,16,-3.43143292015884,8/13/2026 9:15:00 AM
JPM,20.4678635323769,16,-4.4678635323769,8/13/2026 9:30:00 AM
JPM,20.4538514187931,16,-4.45385141879314,8/13/2026 12:30:00 PM
JPM,17.631097292271,16,-1.63109729227098,8/13/2026 12:45:00 PM
JPM,17.9937649078107,16,-1.99376490781069,8/13/2026 1:00:00 PM
JPM,18.6311123596687,16,-2.63111235966873,8/13/2026 1:15:00 PM
JPM,16.9158525706356,16,-0.9158525706356,8/13/2026 1:30:00 PM
JPM,17.5625440488,16,-1.56254404879997,8/13/2026 1:45:00 PM
JPM,16.8904861606583,16,-0.890486160658341,8/13/2026 2:00:00 PM
JPM,17.3667412366268,16,-1.36674123662678,8/13/2026 2:15:00 PM
JPM,17.0979534698016,16,-1.09795346980161,8/13/2026 2:30:00 PM
JPM,19.37902583244,16,-3.37902583244003,8/13/2026 2:45:00 PM
JPM,19.3246809329523,16,-3.32468093295233,8/13/2026 3:00:00 PM
JPM,19.0229581755526,16,-3.02295817555256,8/13/2026 3:15:00 PM
JPM,18.0588561008639,16,-2.05885610086392,8/13/2026 3:30:00 PM
JPM,15.156486390644,15.75,0.593513609356036,8/13/2026 3:45:00 PM
JPM,19.3419363282705,16,-3.34193632827052,8/13/2026 4:00:00 PM
JPM,19.4406694817501,16,-3.44066948175009,8/13/2026 4:15:00 PM
JPM,18.5359210375022,16,-2.53592103750224,8/13/2026 4:30:00 PM
JPM,20.3157309881431,16,-4.31573098814312,8/13/2026 4:45:00 PM
JPM,21.8116892026799,16,-5.81168920267992,8/13/2026 5:00:00 PM
JPM,23.4652317485187,16,-7.46523174851869,8/13/2026 5:15:00 PM
JPM,23.9403890908495,16,-7.94038909084948,8/13/2026 5:30:00 PM
JPM,19.2447835507723,14.5714285714286,-4.67335497934373,8/13/2026 5:45:00 PM
MRM,45.3464371472428,38.0994318181818,-7.247005329061,8/13/2026 6:00:00 AM
MRM,43.5434442079645,38.4085582386364,-5.1348859693282,8/13/2026 6:15:00 AM
MRM,39.5920661188896,38,-1.59206611888958,8/13/2026 6:30:00 AM
MRM,39.3056717788628,38.1788101604278,-1.12686161843502,8/13/2026 6:45:00 AM
MRM,35.368636713973,36.2857142857143,0.917077571741288,8/13/2026 7:00:00 AM
MRM,38.76518456343,38,-0.765184563430012,8/13/2026 7:15:00 AM
MRM,43.8422938378809,37.7142857142857,-6.1280081235952,8/13/2026 7:30:00 AM
MRM,36.4951027038702,37.5,1.00489729612981,8/13/2026 7:45:00 AM
MRM,41.873986187112,37.1386363636364,-4.73534982347564,8/13/2026 8:00:00 AM
MRM,39.1319125492524,37,-2.13191254925236,8/13/2026 8:15:00 AM
MRM,39.4959807505167,36.7272727272727,-2.76870802324396,8/13/2026 8:30:00 AM
MRM,39.3649679998765,33.4545454545455,-5.910422545331,8/13/2026 8:45:00 AM
MRM,36.8013839974498,31.1428571428571,-5.65852685459264,8/13/2026 9:00:00 AM
MRM,32.3174583988138,31,-1.31745839881378,8/13/2026 9:15:00 AM
MRM,33.0360904105022,31,-2.03609041050223,8/13/2026 9:30:00 AM
MRM,33.0114771496575,31,-2.01147714965748,8/13/2026 12:30:00 PM
MRM,23.3269093046937,31.1538461538462,7.82693684915244,8/13/2026 12:45:00 PM
MRM,27.2872844172671,34.9005681818182,7.61328376455111,8/13/2026 1:00:00 PM
MRM,30.8696349877137,36.0558712121212,5.18623622440753,8/13/2026 1:15:00 PM
MRM,29.432807987816,35.1428571428571,5.71004915504118,8/13/2026 1:30:00 PM
MRM,18.592243365764,34.5028409090909,15.9105975433269,8/13/2026 1:45:00 PM
MRM,26.7657057616206,33.8778409090909,7.11213514747035,8/13/2026 2:00:00 PM
MRM,37.4433600351552,34.0028409090909,-3.44051912606434,8/13/2026 2:15:00 PM
MRM,40.2426531170394,33.8664772727273,-6.37617584431216,8/13/2026 2:30:00 PM
MRM,38.4695838791148,33.5028409090909,-4.96674297002384,8/13/2026 2:45:00 PM
MRM,41.5739162131015,33.5028409090909,-8.07107530401063,8/13/2026 3:00:00 PM
MRM,39.5228846259,33.5028409090909,-6.02004371680906,8/13/2026 3:15:00 PM
MRM,30.3716318583692,34.3361742424242,3.96454238405499,8/13/2026 3:30:00 PM
MRM,33.7626713093841,35.2050189393939,1.44234763000979,8/13/2026 3:45:00 PM
MRM,45.7409020325841,34.5,-11.2409020325841,8/13/2026 4:00:00 PM
MRM,46.5497174245029,34.4399350649351,-12.1097823595678,8/13/2026 4:15:00 PM
MRM,35.5309572766452,29.071654040404,-6.45930323624119,8/13/2026 4:30:00 PM
MRM,31.3695650327582,24.1465909090909,-7.22297412366726,8/13/2026 4:45:00 PM
MRM,29.5985273363619,24.0965909090909,-5.50193642727095,8/13/2026 5:00:00 PM
MRM,30.0403545256712,24.3465909090909,-5.69376361658032,8/13/2026 5:15:00 PM
MRM,34.9839981501562,27.0340909090909,-7.9499072410653,8/13/2026 5:30:00 PM
MRM,37.2834365399036,30.6542207792208,-6.62921576068282,8/13/2026 5:45:00 PM
JPM,13.643534488743,12.6923076923077,-0.951226796435346,8/13/2026 6:00:00 PM
JPM,11.4430262217027,12,0.556973778297257,8/13/2026 6:15:00 PM
JPM,11.6291518179896,12.9285714285714,1.29941961058182,8/13/2026 6:30:00 PM
JPM,10.7385320488289,13,2.26146795117111,8/13/2026 6:45:00 PM
JPM,10.5484640170775,12.3684210526316,1.81995703555406,8/13/2026 7:00:00 PM
JPM,11.5075630031034,12.551724137931,1.04416113482762,8/13/2026 7:15:00 PM
JPM,10.6703872599383,12,1.32961274006175,8/13/2026 7:30:00 PM
JPM,12.0993323574858,12,-0.0993323574858174,8/13/2026 7:45:00 PM
JPM,11.9314908122019,12,0.068509187798087,8/13/2026 8:00:00 PM
JPM,12.3118726814709,12,-0.311872681470916,8/13/2026 8:15:00 PM
JPM,12.2364304692404,12.3333333333333,0.0969028640929075,8/13/2026 8:30:00 PM
JPM,12.1840212426465,14,1.81597875735349,8/13/2026 8:45:00 PM
JPM,12.0505957150102,14.2941176470588,2.24352193204861,8/13/2026 9:00:00 PM
JPM,11.8999061044536,15,3.1000938955464,8/13/2026 9:15:00 PM
JPM,12.208455396651,14.1666666666667,1.95821127001568,8/13/2026 9:30:00 PM
JPM,12.3085878169545,13.3333333333333,1.02474551637879,8/13/2026 9:45:00 PM
JPM,12.4594112802631,12.625,0.16558871973689,8/13/2026 10:00:00 PM
JPM,12.6138533507094,12,-0.613853350709368,8/13/2026 10:15:00 PM
JPM,12.5047478723504,12,-0.504747872350379,8/13/2026 10:30:00 PM
JPM,12.3513772054034,13.1666666666667,0.815289461263308,8/13/2026 10:45:00 PM
JPM,12.24619252148,15,2.75380747851999,8/13/2026 11:00:00 PM
JPM,12.0410744929568,13.7,1.65892550704318,8/13/2026 11:15:00 PM
JPM,12.2255469368027,12.8333333333333,0.60778639653067,8/13/2026 11:30:00 PM
JPM,12.2227055553246,12.4444444444444,0.221738889119843,8/13/2026 11:45:00 PM
JPM,12.6225087527442,13,0.377491247255771,8/14/2026 12:00:00 AM
JPM,12.263105560647,13,0.736894439352966,8/14/2026 12:15:00 AM
JPM,12.4279097375778,13,0.572090262422169,8/14/2026 12:30:00 AM
JPM,12.4691146869095,13,0.530885313090531,8/14/2026 12:45:00 AM
JPM,12.2067721161833,13,0.793227883816693,8/14/2026 1:00:00 AM
JPM,12.4535797215675,13,0.546420278432496,8/14/2026 1:15:00 AM
JPM,12.6900009671174,13,0.309999032882576,8/14/2026 1:30:00 AM
JPM,12.9817612100342,13,0.0182387899658458,8/14/2026 1:45:00 AM
JPM,12.9831440375056,13,0.0168559624944233,8/14/2026 2:00:00 AM
JPM,13.4156897921786,14,0.584310207821449,8/14/2026 2:15:00 AM
JPM,13.5181456173547,14,0.481854382645325,8/14/2026 2:30:00 AM
JPM,13.8551712217285,13.1666666666667,-0.688504555061833,8/14/2026 2:45:00 AM
JPM,13.2690480057585,12.6666666666667,-0.602381339091826,8/14/2026 3:00:00 AM
JPM,13.3691497417352,12,-1.36914974173517,8/14/2026 3:15:00 AM
JPM,13.766140011007,12.5333333333333,-1.23280667767368,8/14/2026 3:30:00 AM
JPM,11.7666559934085,13,1.23334400659151,8/14/2026 3:45:00 AM
JPM,12.4716484807014,13,0.52835151929861,8/14/2026 4:00:00 AM
JPM,12.5546642597725,14,1.44533574022746,8/14/2026 4:15:00 AM
JPM,12.1063937662642,14,1.8936062337358,8/14/2026 4:30:00 AM
JPM,12.5489593686006,14,1.45104063139941,8/14/2026 4:45:00 AM
JPM,13.0846429039994,16,2.91535709600058,8/14/2026 5:00:00 AM
JPM,14.0942407961542,16,1.90575920384575,8/14/2026 5:15:00 AM
JPM,15.0883951590621,16,0.911604840937851,8/14/2026 5:30:00 AM
JPM,14.6400256826823,16,1.35997431731774,8/14/2026 5:45:00 AM
MRM,37.8511389775698,31.1053321678322,-6.74580680973768,8/13/2026 6:00:00 PM
MRM,38.3916967495836,38.3118444055944,-0.0798523439892165,8/13/2026 6:15:00 PM
MRM,41.5121178103083,38.0397727272727,-3.47234508303553,8/13/2026 6:30:00 PM
MRM,42.2473992836694,37.2310606060606,-5.01633867760883,8/13/2026 6:45:00 PM
MRM,42.255548983338,37.4416866028708,-4.8138623804672,8/13/2026 7:00:00 PM
MRM,43.3839827548781,37.4683581504702,-5.91562460440787,8/13/2026 7:15:00 PM
MRM,44.5905474364034,37.2355248917749,-7.35502254462852,8/13/2026 7:30:00 PM
MRM,47.4638571251333,37.1695075757576,-10.2943495493758,8/13/2026 7:45:00 PM
MRM,49.7747799561773,37.5028409090909,-12.2719390470864,8/13/2026 8:00:00 PM
MRM,45.6841233704984,37.5028409090909,-8.18128246140747,8/13/2026 8:15:00 PM
MRM,46.0705675595734,37.5028409090909,-8.56772665048246,8/13/2026 8:30:00 PM
MRM,46.8333918059067,37.5028409090909,-9.33055089681577,8/13/2026 8:45:00 PM
MRM,53.3687480986868,37.5028409090909,-15.8659071895959,8/13/2026 9:00:00 PM
MRM,44.5977403699462,37.5028409090909,-7.09489946085534,8/13/2026 9:15:00 PM
MRM,45.0877050617831,37.5028409090909,-7.58486415269223,8/13/2026 9:30:00 PM
MRM,45.1678803850214,37.5028409090909,-7.66503947593052,8/13/2026 9:45:00 PM
MRM,60.3665110358174,37.5028409090909,-22.8636701267265,8/13/2026 10:00:00 PM
MRM,54.7455317280233,37.5028409090909,-17.2426908189324,8/13/2026 10:15:00 PM
MRM,56.7422184393311,38.3028409090909,-18.4393775302402,8/13/2026 10:30:00 PM
MRM,61.0498015567034,38.5028409090909,-22.5469606476125,8/13/2026 10:45:00 PM
MRM,60.4790356603235,38.3917297979798,-22.0873058623438,8/13/2026 11:00:00 PM
MRM,57.156388046994,38.0028409090909,-19.1535471379031,8/13/2026 11:15:00 PM
MRM,53.7405347184447,37.9190340909091,-15.8215006275356,8/13/2026 11:30:00 PM
MRM,60.3717063495052,37.7784090909091,-22.5932972585961,8/13/2026 11:45:00 PM
MRM,64.2544042369687,38.5028409090909,-25.7515633278777,8/14/2026 12:00:00 AM
MRM,47.7176324052822,38.1017045454545,-9.61592785982768,8/14/2026 12:15:00 AM
MRM,43.6155395314378,37.5714285714286,-6.04411096000922,8/14/2026 12:30:00 AM
MRM,41.4815472567424,37,-4.48154725674242,8/14/2026 12:45:00 AM
MRM,45.1772564881222,37,-8.17725648812218,8/14/2026 1:00:00 AM
MRM,39.8052948604638,37,-2.80529486046375,8/14/2026 1:15:00 AM
MRM,46.324320474876,37,-9.32432047487597,8/14/2026 1:30:00 AM
MRM,47.5746821855204,37.5028409090909,-10.0718412764295,8/14/2026 1:45:00 AM
MRM,49.7384666335494,37.5028409090909,-12.2356257244585,8/14/2026 2:00:00 AM
MRM,51.2042755194987,37.5028409090909,-13.7014346104077,8/14/2026 2:15:00 AM
MRM,50.3793091135608,37.5028409090909,-12.8764682044699,8/14/2026 2:30:00 AM
MRM,52.150450703413,38.3361742424242,-13.8142764609887,8/14/2026 2:45:00 AM
MRM,52.8005836293525,38.5028409090909,-14.2977427202616,8/14/2026 3:00:00 AM
MRM,52.9352592094784,38.5028409090909,-14.4324183003875,8/14/2026 3:15:00 AM
MRM,48.1037020220539,38.5028409090909,-9.60086111296298,8/14/2026 3:30:00 AM
MRM,41.364758666974,38.5028409090909,-2.86191775788306,8/14/2026 3:45:00 AM
MRM,43.2716346216451,38.5028409090909,-4.76879371255424,8/14/2026 4:00:00 AM
MRM,44.0167749239289,38.5028409090909,-5.513934014838,8/14/2026 4:15:00 AM
MRM,49.3320113865044,38.5028409090909,-10.8291704774135,8/14/2026 4:30:00 AM
MRM,40.140072332764,38.5028409090909,-1.63723142367314,8/14/2026 4:45:00 AM
MRM,45.3157031963153,38.5028409090909,-6.81286228722439,8/14/2026 5:00:00 AM
MRM,47.7387839099167,38.4119318181818,-9.32685209173489,8/14/2026 5:15:00 AM
MRM,45.8296629283633,38.0558712121212,-7.77379171624213,8/14/2026 5:30:00 AM
MRM,43.6047296784943,37.4,-6.20472967849433,8/14/2026 5:45:00 AM
JPM,15.455129886273,16,0.544870113727029,8/14/2026 6:00:00 AM
JPM,18.2198887457631,16,-2.21988874576312,8/14/2026 6:15:00 AM
JPM,18.5671505679378,16,-2.56715056793779,8/14/2026 6:30:00 AM
JPM,19.3553505987425,16,-3.35535059874252,8/14/2026 6:45:00 AM
JPM,14.1454503206702,16,1.85454967932976,8/14/2026 7:00:00 AM
JPM,15.3525065515481,16,0.64749344845189,8/14/2026 7:15:00 AM
JPM,19.8709870010874,16.5198863636364,-3.35110063745105,8/14/2026 7:30:00 AM
JPM,21.5770313152289,16.6931818181818,-4.88384949704712,8/14/2026 7:45:00 AM
JPM,16.3866457150228,16.1732954545455,-0.213350260477373,8/14/2026 8:00:00 AM
JPM,14.523705222958,16.1732954545455,1.64959023158742,8/14/2026 8:15:00 AM
JPM,14.8757238806166,16.6931818181818,1.81745793756521,8/14/2026 8:30:00 AM
JPM,15.822935453952,16.6931818181818,0.870246364229832,8/14/2026 8:45:00 AM
JPM,19.3567422749676,16.6931818181818,-2.66356045678578,8/14/2026 9:00:00 AM
JPM,18.1020393208972,16.4332386363636,-1.66880068453361,8/14/2026 9:15:00 AM
JPM,14.8722959003127,16.3465909090909,1.47429500877823,8/14/2026 9:30:00 AM
JPM,13.8321186034065,16.3465909090909,2.51447230568442,8/14/2026 9:45:00 AM
JPM,14.3515737806345,16.0674715909091,1.71589781027456,8/14/2026 10:00:00 AM
JPM,14.1718254368027,15.1066433566434,0.934817919840697,8/14/2026 10:15:00 AM
JPM,15.6521790738951,15.3465909090909,-0.305588164804233,8/14/2026 10:30:00 AM
JPM,17.1271344333155,14.9936497326203,-2.13348470069514,8/14/2026 10:45:00 AM
JPM,18.0837498485786,15.3465909090909,-2.73715893948767,8/14/2026 11:00:00 AM
JPM,17.6447742643571,15.2159090909091,-2.42886517344804,8/14/2026 11:15:00 AM
JPM,20.0333135141059,14.8011363636364,-5.2321771504695,8/14/2026 11:30:00 AM
JPM,21.7927022540604,15.3465909090909,-6.44611134496946,8/14/2026 11:45:00 AM
JPM,25.252507366874,15.4159090909091,-9.83659827596488,8/14/2026 12:00:00 PM
JPM,26.5634194731517,15.6931818181818,-10.8702376549699,8/14/2026 12:15:00 PM
JPM,21.8842714012828,15.3465909090909,-6.53768049219193,8/14/2026 12:30:00 PM
JPM,16.1781967540662,15.2772727272727,-0.900924026793493,8/14/2026 12:45:00 PM
JPM,14.4191846407997,15,0.580815359200285,8/14/2026 1:00:00 PM
JPM,15.7002587408883,15,-0.700258740888337,8/14/2026 1:15:00 PM
JPM,16.9398539907896,15,-1.93985399078964,8/14/2026 1:30:00 PM
JPM,17.5857320309759,15,-2.58573203097591,8/14/2026 1:45:00 PM
JPM,15.3208857260749,15,-0.32088572607489,8/14/2026 2:00:00 PM
JPM,14.6478813636013,15,0.352118636398727,8/14/2026 2:15:00 PM
JPM,12.4690338131473,15,2.53096618685266,8/14/2026 2:30:00 PM
JPM,13.3242366227764,15,1.67576337722361,8/14/2026 2:45:00 PM
JPM,13.8700419908138,15,1.12995800918623,8/14/2026 3:00:00 PM
JPM,12.9311415022982,15,2.06885849770184,8/14/2026 3:15:00 PM
JPM,13.4499823826348,15,1.55001761736524,8/14/2026 3:30:00 PM
JPM,14.77364933275,15,0.226350667250038,8/14/2026 3:45:00 PM
JPM,14.2741115851209,14.25,-0.0241115851209486,8/14/2026 4:00:00 PM
JPM,14.1103570293084,14,-0.110357029308377,8/14/2026 4:15:00 PM
JPM,16.2399367545455,14,-2.23993675454551,8/14/2026 4:30:00 PM
JPM,15.7530327715724,14,-1.75303277157236,8/14/2026 4:45:00 PM
JPM,14.7065417919627,14,-0.706541791962671,8/14/2026 5:00:00 PM
JPM,14.7206650295656,14,-0.720665029565593,8/14/2026 5:15:00 PM
JPM,13.676890597631,14,0.323109402368981,8/14/2026 5:30:00 PM
JPM,13.4100953440522,14,0.5899046559478,8/14/2026 5:45:00 PM
MRM,34.6391397695913,34.0909090909091,-0.548230678682174,8/14/2026 6:00:00 AM
MRM,33.6835427986777,32.4,-1.28354279867767,8/14/2026 6:15:00 AM
MRM,34.0326403997864,33,-1.03264039978637,8/14/2026 6:30:00 AM
MRM,41.2564304035455,34.25,-7.00643040354547,8/14/2026 6:45:00 AM
MRM,43.273337973301,34,-9.27333797330103,8/14/2026 7:00:00 AM
MRM,47.4750635865146,34.6666666666667,-12.808396919848,8/14/2026 7:15:00 AM
MRM,34.8774357866842,34.8333333333333,-0.0441024533508525,8/14/2026 7:30:00 AM
MRM,36.9861622340881,34.5,-2.48616223408811,8/14/2026 7:45:00 AM
MRM,31.3588852908351,35,3.64111470916486,8/14/2026 8:00:00 AM
MRM,42.9151883039857,35,-7.91518830398574,8/14/2026 8:15:00 AM
MRM,45.8705822191683,34.5,-11.3705822191683,8/14/2026 8:30:00 AM
MRM,46.4056786950042,34,-12.4056786950042,8/14/2026 8:45:00 AM
MRM,39.391988990061,33.8571428571429,-5.53484613291818,8/14/2026 9:00:00 AM
MRM,45.0278060633672,33.9375,-11.0903060633672,8/14/2026 9:15:00 AM
MRM,36.9189353538525,34,-2.91893535385245,8/14/2026 9:30:00 AM
MRM,39.7966592954874,33.9473684210526,-5.84929087443481,8/14/2026 9:45:00 AM
MRM,39.7609065258071,34.75,-5.01090652580714,8/14/2026 10:00:00 AM
MRM,38.1850585767287,32.8461538461538,-5.33890473057485,8/14/2026 10:15:00 AM
MRM,39.9822592213722,30.5,-9.48225922137219,8/14/2026 10:30:00 AM
MRM,40.3086773788858,30.8235294117647,-9.4851479671211,8/14/2026 10:45:00 AM
MRM,42.923901777273,31,-11.923901777273,8/14/2026 11:00:00 AM
MRM,40.6513369771511,31,-9.65133697715107,8/14/2026 11:15:00 AM
MRM,35.8935721302796,26.9090909090909,-8.98448122118865,8/14/2026 11:30:00 AM
MRM,33.0003533505654,26.049512987013,-6.9508403635524,8/14/2026 11:45:00 AM
MRM,32.0586140005121,26.2,-5.85861400051207,8/14/2026 12:00:00 PM
MRM,33.1331050116304,26,-7.13310501163037,8/14/2026 12:15:00 PM
MRM,32.9609080088498,27.5,-5.46090800884977,8/14/2026 12:30:00 PM
MRM,33.1673998137231,27.6,-5.56739981372306,8/14/2026 12:45:00 PM
MRM,32.985799542145,27.5,-5.48579954214502,8/14/2026 1:00:00 PM
MRM,34.0862229392626,31,-3.08622293926265,8/14/2026 1:15:00 PM
MRM,35.4728285805124,30,-5.47282858051241,8/14/2026 1:30:00 PM
MRM,34.0983604155204,30,-4.0983604155204,8/14/2026 1:45:00 PM
MRM,31.2047349624491,24.75,-6.45473496244912,8/14/2026 2:00:00 PM
MRM,28.7737554067319,22.5,-6.27375540673191,8/14/2026 2:15:00 PM
MRM,17.7771745875804,24,6.22282541241956,8/14/2026 2:30:00 PM
MRM,10.897085850564,23.3,12.402914149436,8/14/2026 2:45:00 PM
MRM,17.2968343585842,24.3333333333333,7.03649897474911,8/14/2026 3:00:00 PM
MRM,31.146160011939,26,-5.14616001193897,8/14/2026 3:15:00 PM
MRM,32.5191935582801,25.9166666666667,-6.60252689161343,8/14/2026 3:30:00 PM
MRM,32.3119787944142,26,-6.31197879441419,8/14/2026 3:45:00 PM
MRM,32.8749603857355,25.25,-7.62496038573554,8/14/2026 4:00:00 PM
MRM,32.176702723688,25,-7.17670272368804,8/14/2026 4:15:00 PM
MRM,34.8217965972088,25.375,-9.44679659720877,8/14/2026 4:30:00 PM
MRM,27.2779790556462,24,-3.27797905564621,8/14/2026 4:45:00 PM
MRM,24.4190365106122,24.5,0.0809634893878481,8/14/2026 5:00:00 PM
MRM,36.6825313576759,32.6,-4.0825313576759,8/14/2026 5:15:00 PM
MRM,43.0249852424402,37,-6.0249852424402,8/14/2026 5:30:00 PM
MRM,42.0933446393479,37,-5.09334463934786,8/14/2026 5:45:00 PM
JPM,13.1068953210575,14,0.893104678942469,8/14/2026 6:00:00 PM
JPM,13.4378861051484,14,0.562113894851571,8/14/2026 6:15:00 PM
JPM,13.6739499180791,14,0.326050081920851,8/14/2026 6:30:00 PM
JPM,12.9537675022692,14,1.04623249773085,8/14/2026 6:45:00 PM
JPM,12.505540927216,14,1.49445907278405,8/14/2026 7:00:00 PM
JPM,12.2332133792428,14,1.76678662075716,8/14/2026 7:15:00 PM
JPM,11.8820078813539,14,2.11799211864607,8/14/2026 7:30:00 PM
JPM,11.7994376332883,14,2.20056236671167,8/14/2026 7:45:00 PM
JPM,12.5340509950552,14,1.46594900494476,8/14/2026 8:00:00 PM
JPM,13.7555836432512,13.6363636363636,-0.119220006887565,8/14/2026 8:15:00 PM
JPM,14.0687803441324,13,-1.06878034413239,8/14/2026 8:30:00 PM
JPM,14.9446898782027,13,-1.94468987820273,8/14/2026 8:45:00 PM
JPM,14.7591833484827,13,-1.75918334848274,8/14/2026 9:00:00 PM
JPM,12.771839854031,13,0.228160145969014,8/14/2026 9:15:00 PM
JPM,10.3889118859444,12.5555555555556,2.16664366961111,8/14/2026 9:30:00 PM
JPM,11.7485133772472,13,1.25148662275284,8/14/2026 9:45:00 PM
JPM,10.9159029214184,12.6,1.6840970785816,8/14/2026 10:00:00 PM
JPM,10.8186536921842,12,1.18134630781582,8/14/2026 10:15:00 PM
JPM,13.1668331576539,12,-1.16683315765395,8/14/2026 10:30:00 PM
JPM,13.1504347717135,12.4444444444444,-0.705990327269042,8/14/2026 10:45:00 PM
JPM,14.0797253738768,13,-1.07972537387676,8/14/2026 11:00:00 PM
JPM,13.9217134547138,13,-0.921713454713824,8/14/2026 11:15:00 PM
JPM,14.5576941118772,13,-1.55769411187716,8/14/2026 11:30:00 PM
JPM,14.224670098705,13.9285714285714,-0.296098670133594,8/14/2026 11:45:00 PM
JPM,13.7014322587338,14,0.298567741266227,8/15/2026 12:00:00 AM
JPM,14.592888138936,13.7777777777778,-0.815110361158176,8/15/2026 12:15:00 AM
JPM,15.1614746714034,13,-2.16147467140341,8/15/2026 12:30:00 AM
JPM,13.9191470661205,13.4,-0.519147066120453,8/15/2026 12:45:00 AM
JPM,12.807563713158,14,1.19243628684198,8/15/2026 1:00:00 AM
JPM,13.6503618214792,14.1,0.449638178520834,8/15/2026 1:15:00 AM
JPM,12.2378867681751,14,1.76211323182492,8/15/2026 1:30:00 AM
JPM,11.7488913367933,14,2.25110866320669,8/15/2026 1:45:00 AM
JPM,11.8685815632133,14.2857142857143,2.41713272250095,8/15/2026 2:00:00 AM
JPM,11.934307086561,14.7857142857143,2.85140719915325,8/15/2026 2:15:00 AM
JPM,12.0575075053598,14,1.94249249464021,8/15/2026 2:30:00 AM
JPM,12.5117073460449,13.8333333333333,1.32162598728846,8/15/2026 2:45:00 AM
JPM,11.937939791484,13,1.06206020851596,8/15/2026 3:00:00 AM
JPM,11.7686316437128,13,1.23136835628725,8/15/2026 3:15:00 AM
JPM,12.6126374649157,13,0.38736253508428,8/15/2026 3:30:00 AM
JPM,12.7549607418002,13,0.245039258199759,8/15/2026 3:45:00 AM
JPM,13.1837694236316,13,-0.183769423631565,8/15/2026 4:00:00 AM
JPM,14.2139802474799,14,-0.213980247479935,8/15/2026 4:15:00 AM
JPM,13.4443637190836,14,0.555636280916373,8/15/2026 4:30:00 AM
JPM,13.3336047047071,14,0.666395295292901,8/15/2026 4:45:00 AM
JPM,13.3492076176939,14,0.650792382306051,8/15/2026 5:00:00 AM
JPM,14.2594350822106,14,-0.259435082210567,8/15/2026 5:15:00 AM
JPM,14.5430070024581,14,-0.543007002458051,8/15/2026 5:30:00 AM
JPM,15.7804616756014,14,-1.78046167560142,8/15/2026 5:45:00 AM
MRM,45.8748771447276,37.25,-8.62487714472756,8/14/2026 6:00:00 PM
MRM,48.1643258710429,39,-9.16432587104293,8/14/2026 6:15:00 PM
MRM,51.7923043779714,39,-12.7923043779714,8/14/2026 6:30:00 PM
MRM,50.5135121904149,39,-11.5135121904149,8/14/2026 6:45:00 PM
MRM,51.5903565338934,39,-12.5903565338934,8/14/2026 7:00:00 PM
MRM,45.9073944165653,39,-6.9073944165653,8/14/2026 7:15:00 PM
MRM,53.1949931944393,38.7368421052632,-14.4581510891761,8/14/2026 7:30:00 PM
MRM,55.0535356946669,37.9166666666667,-17.1368690280003,8/14/2026 7:45:00 PM
MRM,60.6092638675006,37.5,-23.1092638675006,8/14/2026 8:00:00 PM
MRM,58.9412157728082,38,-20.9412157728082,8/14/2026 8:15:00 PM
MRM,55.8727570324204,35.4375,-20.4352570324204,8/14/2026 8:30:00 PM
MRM,50.9440826532698,33,-17.9440826532698,8/14/2026 8:45:00 PM
MRM,50.3785145512684,33.6666666666667,-16.7118478846017,8/14/2026 9:00:00 PM
MRM,53.6327380217725,34,-19.6327380217725,8/14/2026 9:15:00 PM
MRM,55.2935506881881,33.7777777777778,-21.5157729104103,8/14/2026 9:30:00 PM
MRM,46.9738493724624,34.2857142857143,-12.6881350867481,8/14/2026 9:45:00 PM
MRM,46.2189845809601,33.9,-12.3189845809601,8/14/2026 10:00:00 PM
MRM,50.9311326781959,34,-16.9311326781959,8/14/2026 10:15:00 PM
MRM,50.2433787511776,34.1428571428571,-16.1005216083204,8/14/2026 10:30:00 PM
MRM,50.875656327459,35,-15.875656327459,8/14/2026 10:45:00 PM
MRM,55.5413814793098,37.7857142857143,-17.7556671935956,8/14/2026 11:00:00 PM
MRM,53.8478923982615,38,-15.8478923982615,8/14/2026 11:15:00 PM
MRM,47.0192562866933,38,-9.01925628669326,8/14/2026 11:30:00 PM
MRM,46.4944318130426,38.6428571428571,-7.85157467018544,8/14/2026 11:45:00 PM
MRM,45.937276949139,39,-6.93727694913903,8/15/2026 12:00:00 AM
MRM,44.9640722296369,34.2222222222222,-10.7418500074147,8/15/2026 12:15:00 AM
MRM,42.4389884390352,34.75,-7.68898843903518,8/15/2026 12:30:00 AM
MRM,44.1150278838556,36,-8.11502788385556,8/15/2026 12:45:00 AM
MRM,42.7344872160478,35,-7.73448721604776,8/15/2026 1:00:00 AM
MRM,42.2127686782921,35,-7.21276867829211,8/15/2026 1:15:00 AM
MRM,43.3672618864675,35,-8.36726188646745,8/15/2026 1:30:00 AM
MRM,48.1752348690547,35.5,-12.6752348690547,8/15/2026 1:45:00 AM
MRM,40.0566797416144,35.4285714285714,-4.62810831304298,8/15/2026 2:00:00 AM
MRM,44.6988208626968,36.0957792207792,-8.60304164191758,8/15/2026 2:15:00 AM
MRM,45.2295105514884,35.7092803030303,-9.52023024845807,8/15/2026 2:30:00 AM
MRM,50.3726531255864,35.0426136363636,-15.3300394892228,8/15/2026 2:45:00 AM
MRM,41.540879023121,33.0028409090909,-8.53803811403007,8/15/2026 3:00:00 AM
MRM,41.1067331066406,32.5265151515151,-8.58021795512541,8/15/2026 3:15:00 AM
MRM,40.6850610986646,33.6931818181818,-6.99187928048281,8/15/2026 3:30:00 AM
MRM,39.5791594901492,33.6931818181818,-5.88597767196737,8/15/2026 3:45:00 AM
MRM,38.6457614301185,33.3465909090909,-5.29917052102761,8/15/2026 4:00:00 AM
MRM,42.0341031188939,33.5714285714286,-8.46267454746538,8/15/2026 4:15:00 AM
MRM,45.0791391223321,34,-11.0791391223321,8/15/2026 4:30:00 AM
MRM,43.3742971077627,32.5614973262032,-10.8127997815595,8/15/2026 4:45:00 AM
MRM,35.7562081523604,29.0608766233766,-6.69533152898375,8/15/2026 5:00:00 AM
MRM,36.8612427769528,34.7465909090909,-2.11465186786193,8/15/2026 5:15:00 AM
MRM,40.0408723977407,32.1465909090909,-7.89428148864984,8/15/2026 5:30:00 AM
MRM,28.073301846557,25.3465909090909,-2.72671093746612,8/15/2026 5:45:00 AM
JPM,13.3498690471109,14,0.650130952889086,8/15/2026 6:00:00 AM
JPM,12.7751763371443,13.6666666666667,0.891490329522412,8/15/2026 6:15:00 AM
JPM,13.0915201213413,13,-0.0915201213412775,8/15/2026 6:30:00 AM
JPM,13.0356075037241,13.1176470588235,0.0820395550994295,8/15/2026 6:45:00 AM
JPM,14.6332281968155,14,-0.633228196815477,8/15/2026 7:00:00 AM
JPM,14.4785074248478,14,-0.478507424847772,8/15/2026 7:15:00 AM
JPM,14.7854027285065,14,-0.785402728506529,8/15/2026 7:30:00 AM
JPM,13.1145386558224,14,0.885461344177557,8/15/2026 7:45:00 AM
JPM,12.6468639690876,14,1.35313603091241,8/15/2026 8:00:00 AM
JPM,14.8798701603229,14.099025974026,-0.780844186296898,8/15/2026 8:15:00 AM
JPM,13.535343467419,14.3465909090909,0.811247441671874,8/15/2026 8:30:00 AM
JPM,13.2829722607242,14.3465909090909,1.06361864836675,8/15/2026 8:45:00 AM
JPM,13.1996786291794,14.0866477272727,0.886969098093356,8/15/2026 9:00:00 AM
JPM,13.6997007899338,14,0.300299210066242,8/15/2026 9:15:00 AM
JPM,15.9953443438962,14,-1.99534434389617,8/15/2026 9:30:00 AM
JPM,12.9795054658122,14,1.02049453418779,8/15/2026 9:45:00 AM
JPM,13.8631099670398,14,0.136890032960229,8/15/2026 10:00:00 AM
JPM,13.2865804792124,14,0.713419520787642,8/15/2026 10:15:00 AM
JPM,12.6084492556316,14.8571428571429,2.24869360151122,8/15/2026 10:30:00 AM
JPM,12.3125241219881,15,2.68747587801188,8/15/2026 10:45:00 AM
JPM,12.127764183865,15,2.87223581613505,8/15/2026 11:00:00 AM
JPM,12.9802679944919,15,2.01973200550811,8/15/2026 11:15:00 AM
JPM,12.4916602916612,15.0433238636364,2.55166357197518,8/15/2026 11:30:00 AM
JPM,12.4752880745091,15,2.52471192549087,8/15/2026 11:45:00 AM
JPM,12.7919216788416,15,2.20807832115843,8/15/2026 12:00:00 PM
JPM,13.4639633140537,15.1732954545455,1.70933214049171,8/15/2026 12:15:00 PM
JPM,12.8498543051256,15,2.15014569487437,8/15/2026 12:30:00 PM
JPM,12.3231229796362,15,2.67687702036377,8/15/2026 12:45:00 PM
JPM,10.8071135388729,15,4.19288646112713,8/15/2026 1:00:00 PM
JPM,10.3279274948241,15,4.67207250517589,8/15/2026 1:15:00 PM
JPM,15.1339553169892,15,-0.133955316989216,8/15/2026 1:30:00 PM
JPM,16.5540761861597,14.8571428571429,-1.69693332901687,8/15/2026 1:45:00 PM
JPM,14.6875996244532,14.9,0.212400375546835,8/15/2026 2:00:00 PM
JPM,15.4249596407761,14,-1.42495964077607,8/15/2026 2:15:00 PM
JPM,16.1736685872896,13.8,-2.37366858728956,8/15/2026 2:30:00 PM
JPM,13.8691092188874,13,-0.869109218887358,8/15/2026 2:45:00 PM
JPM,15.0860977140032,13.0666666666667,-2.01943104733654,8/15/2026 3:00:00 PM
JPM,17.9006957455489,14,-3.90069574554885,8/15/2026 3:15:00 PM
JPM,14.9203510164674,13.125,-1.79535101646742,8/15/2026 3:30:00 PM
JPM,14.5661547991629,13.3333333333333,-1.23282146582961,8/15/2026 3:45:00 PM
JPM,16.6837800896955,14.375,-2.30878008969547,8/15/2026 4:00:00 PM
JPM,16.7063571966456,15,-1.70635719664564,8/15/2026 4:15:00 PM
JPM,16.4138641768962,15,-1.41386417689619,8/15/2026 4:30:00 PM
JPM,16.6911503033143,15,-1.69115030331431,8/15/2026 4:45:00 PM
JPM,15.9507668961132,15,-0.950766896113212,8/15/2026 5:00:00 PM
JPM,14.5591943104882,15,0.440805689511812,8/15/2026 5:15:00 PM
JPM,14.8001120629588,15,0.199887937041154,8/15/2026 5:30:00 PM
JPM,13.5112507045343,15,1.48874929546572,8/15/2026 5:45:00 PM
MRM,41.5989480685283,26.2088068181818,-15.3901412503464,8/15/2026 6:00:00 AM
MRM,42.0108048626506,25.2310606060606,-16.77974425659,8/15/2026 6:15:00 AM
MRM,36.0403639388496,29.4488636363636,-6.59150030248594,8/15/2026 6:30:00 AM
MRM,39.4355234638863,30,-9.43552346388627,8/15/2026 6:45:00 AM
MRM,37.5547758342058,30.2857142857143,-7.26906154849149,8/15/2026 7:00:00 AM
MRM,37.4325750088996,31.1260330578512,-6.30654195104838,8/15/2026 7:15:00 AM
MRM,38.0980532441639,30.5965909090909,-7.50146233507295,8/15/2026 7:30:00 AM
MRM,38.1081411653739,31.7465909090909,-6.361550256283,8/15/2026 7:45:00 AM
MRM,36.6795304279639,30.8465909090909,-5.83293951887298,8/15/2026 8:00:00 AM
MRM,35.4237859474549,29.2970779220779,-6.12670802537695,8/15/2026 8:15:00 AM
MRM,35.1348042338838,27.3333333333333,-7.80147090055043,8/15/2026 8:30:00 AM
MRM,35.2524724721532,27,-8.25247247215317,8/15/2026 8:45:00 AM
MRM,41.5578483855755,27.1732954545455,-14.3845529310301,8/15/2026 9:00:00 AM
MRM,34.7368543334244,25.7142857142857,-9.02256861913868,8/15/2026 9:15:00 AM
MRM,28.1223289216069,26.5714285714286,-1.55090035017829,8/15/2026 9:30:00 AM
MRM,33.0932484448864,27,-6.09324844488644,8/15/2026 9:45:00 AM
MRM,40.2808538364647,29.6666666666667,-10.614187169798,8/15/2026 10:00:00 AM
MRM,42.0884903113154,30,-12.0884903113154,8/15/2026 10:15:00 AM
MRM,42.1611503752997,30,-12.1611503752997,8/15/2026 10:30:00 AM
MRM,31.357236451916,26.8181818181818,-4.53905463373422,8/15/2026 10:45:00 AM
MRM,25.2901292470643,23,-2.29012924706429,8/15/2026 11:00:00 AM
MRM,26.9695703055057,23.5,-3.46957030550568,8/15/2026 11:15:00 AM
MRM,40.1215205543658,28.125,-11.9965205543658,8/15/2026 11:30:00 AM
MRM,39.7952599828593,27.25,-12.5452599828593,8/15/2026 11:45:00 AM
MRM,37.089973165915,24.1428571428571,-12.9471160230579,8/15/2026 12:00:00 PM
MRM,26.4762052207053,25,-1.47620522070535,8/15/2026 12:15:00 PM
MRM,25.0314790175354,24,-1.03147901753535,8/15/2026 12:30:00 PM
MRM,26.586992692991,22.5,-4.086992692991,8/15/2026 12:45:00 PM
MRM,26.0570203629872,22.75,-3.30702036298722,8/15/2026 1:00:00 PM
MRM,25.5060148674681,21.5,-4.00601486746814,8/15/2026 1:15:00 PM
MRM,26.4943755505619,24.8764204545455,-1.61795509601649,8/15/2026 1:30:00 PM
MRM,36.4756684710237,29.8095238095238,-6.66614466149993,8/15/2026 1:45:00 PM
MRM,39.9656906259191,32.4,-7.56569062591907,8/15/2026 2:00:00 PM
MRM,41.7132800309886,29.8,-11.9132800309886,8/15/2026 2:15:00 PM
MRM,27.8491635307423,23.9,-3.94916353074227,8/15/2026 2:30:00 PM
MRM,34.0616796118391,25.7692307692308,-8.29244884260837,8/15/2026 2:45:00 PM
MRM,28.9850399847065,21.2,-7.78503998470647,8/15/2026 3:00:00 PM
MRM,28.4707538607895,21.25,-7.22075386078945,8/15/2026 3:15:00 PM
MRM,26.7369109135875,23,-3.73691091358751,8/15/2026 3:30:00 PM
MRM,28.2485723759593,22.8888888888889,-5.35968348707039,8/15/2026 3:45:00 PM
MRM,26.079763056601,22.125,-3.95476305660101,8/15/2026 4:00:00 PM
MRM,28.7582522728341,22.8,-5.95825227283409,8/15/2026 4:15:00 PM
MRM,31.3045886456778,25,-6.30458864567779,8/15/2026 4:30:00 PM
MRM,28.6304792221477,25,-3.63047922214768,8/15/2026 4:45:00 PM
MRM,27.1338928347788,27.1428571428571,0.00896430807837234,8/15/2026 5:00:00 PM
MRM,28.5236058390678,26.5555555555556,-1.96805028351221,8/15/2026 5:15:00 PM
MRM,38.3770932284652,29,-9.37709322846516,8/15/2026 5:30:00 PM
MRM,44.5215625130145,31,-13.5215625130145,8/15/2026 5:45:00 PM
JPM,12.0940170919118,14.75,2.65598290808817,8/15/2026 6:00:00 PM
JPM,11.9300657145038,13.4615384615385,1.5314727470347,8/15/2026 6:15:00 PM
JPM,12.6330544948116,13,0.366945505188447,8/15/2026 6:30:00 PM
JPM,12.9088707621344,13,0.0911292378656015,8/15/2026 6:45:00 PM
JPM,13.4163704128339,13,-0.416370412833912,8/15/2026 7:00:00 PM
JPM,13.8003278293501,13,-0.800327829350088,8/15/2026 7:15:00 PM
JPM,13.6904474718819,13,-0.690447471881923,8/15/2026 7:30:00 PM
JPM,12.9761531198931,13,0.023846880106948,8/15/2026 7:45:00 PM
JPM,12.910198584203,13,0.0898014157970337,8/15/2026 8:00:00 PM
JPM,10.1047908896879,13,2.89520911031206,8/15/2026 8:15:00 PM
JPM,9.50836528345612,12.3333333333333,2.82496804987721,8/15/2026 8:30:00 PM
JPM,11.9879511824579,12.7,0.712048817542108,8/15/2026 8:45:00 PM
JPM,12.0885452721239,14,1.91145472787607,8/15/2026 9:00:00 PM
JPM,12.7762919875972,14,1.22370801240278,8/15/2026 9:15:00 PM
JPM,12.7054382642298,13,0.29456173577017,8/15/2026 9:30:00 PM
JPM,13.3523022744051,13.5555555555556,0.203253281150426,8/15/2026 9:45:00 PM
JPM,13.6517989088514,13.3333333333333,-0.318465575518097,8/15/2026 10:00:00 PM
JPM,12.951131004113,14,1.04886899588705,8/15/2026 10:15:00 PM
JPM,13.0247089473669,14,0.975291052633102,8/15/2026 10:30:00 PM
JPM,13.0956074470502,14,0.904392552949771,8/15/2026 10:45:00 PM
JPM,13.9817410632269,13.3333333333333,-0.648407729893588,8/15/2026 11:00:00 PM
JPM,15.0728372201143,13,-2.07283722011433,8/15/2026 11:15:00 PM
JPM,15.641686062434,13,-2.64168606243398,8/15/2026 11:30:00 PM
JPM,15.5667474313018,12.8,-2.76674743130179,8/15/2026 11:45:00 PM
JPM,15.0996263597503,12,-3.09962635975025,8/16/2026 12:00:00 AM
JPM,15.328374521065,12,-3.32837452106496,8/16/2026 12:15:00 AM
JPM,15.6812426832748,12.6666666666667,-3.01457601660817,8/16/2026 12:30:00 AM
JPM,16.0272763725552,12,-4.02727637255516,8/16/2026 12:45:00 AM
JPM,15.0349929995063,12.5833333333333,-2.45165966617295,8/16/2026 1:00:00 AM
JPM,14.9756780845313,13,-1.97567808453128,8/16/2026 1:15:00 AM
JPM,14.8671241712628,12.8333333333333,-2.0337908379295,8/16/2026 1:30:00 AM
JPM,16.0607161870828,13.2857142857143,-2.77500190136851,8/16/2026 1:45:00 AM
JPM,14.1856774217263,12.9166666666667,-1.26901075505963,8/16/2026 2:00:00 AM
JPM,12.3187616590031,13,0.681238340996908,8/16/2026 2:15:00 AM
JPM,13.1261001324082,13,-0.126100132408165,8/16/2026 2:30:00 AM
JPM,14.3069658476973,13,-1.30696584769728,8/16/2026 2:45:00 AM
JPM,14.9927618535686,13,-1.9927618535686,8/16/2026 3:00:00 AM
JPM,15.0082467939468,15,-0.00824679394675876,8/16/2026 3:15:00 AM
JPM,14.7004964746519,14,-0.700496474651906,8/16/2026 3:30:00 AM
JPM,14.8701770762212,14,-0.870177076221172,8/16/2026 3:45:00 AM
JPM,14.708725346937,14,-0.708725346937026,8/16/2026 4:00:00 AM
JPM,15.220852300785,14,-1.220852300785,8/16/2026 4:15:00 AM
JPM,15.8392434211806,14,-1.83924342118059,8/16/2026 4:30:00 AM
JPM,15.6024625423754,14.5,-1.10246254237541,8/16/2026 5:00:00 AM
JPM,17.0020646949525,15.3824451410658,-1.61961955388669,8/16/2026 5:15:00 AM
JPM,13.6941865914273,16.3520768025078,2.65789021108057,8/16/2026 5:30:00 AM
JPM,11.3531775745479,13.8571428571429,2.50396528259497,8/16/2026 5:45:00 AM
MRM,43.7880978158073,31,-12.7880978158073,8/15/2026 6:00:00 PM
MRM,38.9419526278322,31.5384615384615,-7.40349108937063,8/15/2026 6:15:00 PM
MRM,36.4481379412852,28.5,-7.94813794128519,8/15/2026 6:30:00 PM
MRM,33.7752050649019,28,-5.77520506490191,8/15/2026 6:45:00 PM
MRM,33.6313154384409,27.5,-6.13131543844091,8/15/2026 7:00:00 PM
MRM,38.9101333119941,28.75,-10.1601333119941,8/15/2026 7:15:00 PM
MRM,40.4671548051959,29,-11.4671548051959,8/15/2026 7:30:00 PM
MRM,43.3167748722715,29,-14.3167748722715,8/15/2026 7:45:00 PM
MRM,41.7051664222263,28,-13.7051664222263,8/15/2026 8:00:00 PM
MRM,34.8613333418592,29,-5.86133334185924,8/15/2026 8:15:00 PM
MRM,39.819683542781,29,-10.819683542781,8/15/2026 8:30:00 PM
MRM,43.3757080879021,29,-14.3757080879021,8/15/2026 8:45:00 PM
MRM,44.4259776336845,30.6,-13.8259776336845,8/15/2026 9:00:00 PM
MRM,42.7465986413059,33,-9.74659864130589,8/15/2026 9:15:00 PM
MRM,44.9408524012638,32,-12.9408524012638,8/15/2026 9:30:00 PM
MRM,38.9734167061278,26.5555555555556,-12.4178611505723,8/15/2026 9:45:00 PM
MRM,36.6682546492684,27.1676136363636,-9.50064101290473,8/15/2026 10:00:00 PM
MRM,39.0132122081253,27.0857007575758,-11.9275114505496,8/15/2026 10:15:00 PM
MRM,40.3209155818636,26.6666666666667,-13.654248915197,8/15/2026 10:30:00 PM
MRM,40.471620742529,25.375,-15.096620742529,8/15/2026 10:45:00 PM
MRM,37.9472659938994,26.6666666666667,-11.2805993272328,8/15/2026 11:00:00 PM
MRM,39.1979864845586,27,-12.1979864845586,8/15/2026 11:15:00 PM
MRM,36.6135223217892,27,-9.61352232178922,8/15/2026 11:30:00 PM
MRM,35.3205047739022,27.7088068181818,-7.61169795572037,8/15/2026 11:45:00 PM
MRM,32.527563306821,26.6666666666667,-5.86089664015428,8/16/2026 12:00:00 AM
MRM,24.3975523374889,23.6,-0.797552337488881,8/16/2026 12:15:00 AM
MRM,24.6598666390024,23.8333333333333,-0.826533305669109,8/16/2026 12:30:00 AM
MRM,24.7387498100868,22.875,-1.86374981008684,8/16/2026 12:45:00 AM
MRM,34.7661882084344,22.9166666666667,-11.8495215417677,8/16/2026 1:00:00 AM
MRM,36.7327925645082,24.1428571428571,-12.5899354216511,8/16/2026 1:15:00 AM
MRM,37.8087156644726,26.3333333333333,-11.4753823311393,8/16/2026 1:30:00 AM
MRM,39.5411149409588,28.5714285714286,-10.9696863695302,8/16/2026 1:45:00 AM
MRM,39.0759231527098,26.1666666666667,-12.9092564860431,8/16/2026 2:00:00 AM
MRM,37.6969306227937,26.6,-11.0969306227937,8/16/2026 2:15:00 AM
MRM,37.7749845573631,26.875,-10.8999845573631,8/16/2026 2:30:00 AM
MRM,38.3718430739772,27,-11.3718430739772,8/16/2026 2:45:00 AM
MRM,39.7789918557336,27,-12.7789918557336,8/16/2026 3:00:00 AM
MRM,40.2708253841464,27,-13.2708253841464,8/16/2026 3:15:00 AM
MRM,35.920896025607,27,-8.92089602560695,8/16/2026 3:30:00 AM
MRM,35.256251428522,27,-8.25625142852196,8/16/2026 3:45:00 AM
MRM,35.5326741147189,29.5555555555556,-5.97711855916337,8/16/2026 4:00:00 AM
MRM,36.3676577673892,28,-8.36765776738923,8/16/2026 4:15:00 AM
MRM,35.5762700384026,27.25,-8.32627003840263,8/16/2026 4:30:00 AM
MRM,36.1320516655794,34.5,-1.63205166557941,8/16/2026 5:00:00 AM
MRM,25.0166505675351,31.8695652173913,6.85291464985619,8/16/2026 5:15:00 AM
JPM,11.1585935580877,11.1428571428571,-0.0157364152305313,8/16/2026 6:00:00 AM
JPM,10.4036955291814,12,1.59630447081859,8/16/2026 6:15:00 AM
JPM,9.93033722857063,13,3.06966277142937,8/16/2026 6:30:00 AM
JPM,14.7458661952217,15,0.254133804778293,8/16/2026 6:45:00 AM
JPM,15.0656252637862,15,-0.0656252637861776,8/16/2026 7:00:00 AM
JPM,14.6867525062064,15,0.3132474937936,8/16/2026 7:15:00 AM
JPM,13.2936942098503,15,1.70630579014972,8/16/2026 7:30:00 AM
JPM,15.5354361934229,16,0.464563806577145,8/16/2026 7:45:00 AM
JPM,14.8511053996934,16,1.14889460030655,8/16/2026 8:00:00 AM
JPM,13.7919974531876,16,2.20800254681244,8/16/2026 8:15:00 AM
JPM,13.4092570658056,15,1.59074293419441,8/16/2026 8:30:00 AM
JPM,11.8938202332287,14,2.10617976677129,8/16/2026 8:45:00 AM
JPM,11.8327698022091,14.75,2.91723019779094,8/16/2026 9:00:00 AM
JPM,11.6560844770134,15,3.34391552298657,8/16/2026 9:15:00 AM
JPM,13.3467487005328,15.6666666666667,2.31991796613389,8/16/2026 9:30:00 AM
JPM,11.7712822795015,14,2.22871772049852,8/16/2026 9:45:00 AM
JPM,11.4032013908539,14,2.59679860914615,8/16/2026 10:00:00 AM
JPM,10.5716492367136,14,3.42835076328637,8/16/2026 10:15:00 AM
JPM,10.4812289819126,14.3333333333333,3.85210435142077,8/16/2026 10:30:00 AM
JPM,11.4403104561499,16,4.55968954385006,8/16/2026 10:45:00 AM
JPM,11.5405671740794,16,4.45943282592063,8/16/2026 11:00:00 AM
JPM,12.2314839160338,16,3.76851608396619,8/16/2026 11:15:00 AM
JPM,12.7912831363786,16,3.20871686362135,8/16/2026 11:30:00 AM
JPM,11.2387522253567,16,4.76124777464328,8/16/2026 11:45:00 AM
JPM,13.7506666709656,16,2.24933332903442,8/16/2026 12:00:00 PM
JPM,14.4042345835826,16,1.59576541641739,8/16/2026 12:15:00 PM
JPM,11.1870895943526,16,4.81291040564737,8/16/2026 12:30:00 PM
JPM,10.4632627842461,16,5.53673721575394,8/16/2026 12:45:00 PM
JPM,13.302282672439,16,2.69771732756099,8/16/2026 1:00:00 PM
JPM,13.305919304611,16,2.69408069538904,8/16/2026 1:15:00 PM
JPM,13.1298239784211,16,2.87017602157891,8/16/2026 1:30:00 PM
JPM,11.3796383763175,16,4.62036162368255,8/16/2026 1:45:00 PM
JPM,11.4317715713504,16,4.56822842864958,8/16/2026 2:00:00 PM
JPM,11.5131898764057,15.1666666666667,3.65347679026099,8/16/2026 2:15:00 PM
JPM,11.9460165326683,15,3.05398346733169,8/16/2026 2:30:00 PM
JPM,12.2053191504844,15,2.79468084951555,8/16/2026 2:45:00 PM
JPM,12.0049294443304,15,2.99507055566964,8/16/2026 3:00:00 PM
JPM,11.9336354271413,15,3.06636457285874,8/16/2026 3:15:00 PM
JPM,12.5007078660303,15,2.49929213396968,8/16/2026 3:30:00 PM
JPM,14.5725032921723,15,0.427496707827729,8/16/2026 4:00:00 PM
JPM,15.2300236141272,14,-1.23002361412724,8/16/2026 4:15:00 PM
JPM,14.0818563161829,14,-0.0818563161829164,8/16/2026 4:30:00 PM
JPM,14.9143048302162,14,-0.914304830216173,8/16/2026 4:45:00 PM
JPM,14.9429760760197,14,-0.942976076019665,8/16/2026 5:00:00 PM
JPM,14.9042416625093,16,1.09575833749067,8/16/2026 5:15:00 PM
JPM,14.9471075985799,15.2,0.252892401420075,8/16/2026 5:30:00 PM
JPM,13.113707252934,14,0.886292747065989,8/16/2026 5:45:00 PM
MRM,11.3776240041773,8.50733901515151,-2.8702849890258,8/16/2026 6:15:00 AM
MRM,16.8362864975127,19.6214488636364,2.78516236612371,8/16/2026 6:30:00 AM
MRM,16.0860215253155,19.6619318181818,3.57591029286627,8/16/2026 6:45:00 AM
MRM,26.5833789176788,25.7634297520661,-0.819949165612648,8/16/2026 7:00:00 AM
MRM,34.0800962579283,30.4569805194805,-3.62311573844779,8/16/2026 7:15:00 AM
MRM,32.7531901330589,33.0397727272727,0.286582594213854,8/16/2026 7:30:00 AM
MRM,31.2048614255562,32.6931818181818,1.48832039262561,8/16/2026 7:45:00 AM
MRM,31.8597617221316,32.4951298701299,0.635368147998239,8/16/2026 8:00:00 AM
MRM,33.2612312802775,34.6732954545455,1.41206417426792,8/16/2026 8:15:00 AM
MRM,32.1350178184184,33,0.864982181581553,8/16/2026 8:30:00 AM
MRM,31.564783105586,32.9090909090909,1.34430780350491,8/16/2026 8:45:00 AM
MRM,31.5714131809536,30.875,-0.696413180953556,8/16/2026 9:00:00 AM
MRM,21.7872292708892,30.5555555555556,8.76832628466631,8/16/2026 9:15:00 AM
MRM,21.810120255263,28.8333333333333,7.02321307807035,8/16/2026 9:30:00 AM
MRM,24.5408174573186,29.0714285714286,4.53061111410996,8/16/2026 9:45:00 AM
MRM,29.6969981673287,32.2571022727273,2.56010410539861,8/16/2026 10:00:00 AM
MRM,30.6111994552579,31.1111111111111,0.499911655853168,8/16/2026 10:15:00 AM
MRM,29.0195347329606,26.6666666666667,-2.35286806629393,8/16/2026 10:30:00 AM
MRM,33.9551890997463,27.75,-6.20518909974635,8/16/2026 10:45:00 AM
MRM,36.9233326937953,33.6520979020979,-3.27123479169745,8/16/2026 11:00:00 AM
MRM,33.9812521130156,30.0397727272727,-3.9414793857429,8/16/2026 11:15:00 AM
MRM,36.9688220724789,29.7452651515152,-7.22355692096373,8/16/2026 11:30:00 AM
MRM,37.7790125048864,30.75,-7.02901250488639,8/16/2026 11:45:00 AM
MRM,43.0813561893808,33.6,-9.48135618938077,8/16/2026 12:00:00 PM
MRM,38.4185802140552,31.3333333333333,-7.08524688072187,8/16/2026 12:15:00 PM
MRM,39.0339723047751,32,-7.03397230477514,8/16/2026 12:30:00 PM
MRM,38.5577189141182,32,-6.55771891411824,8/16/2026 12:45:00 PM
MRM,37.4625150649748,34.0277534965035,-3.43476156847128,8/16/2026 1:00:00 PM
MRM,35.7130674369693,32,-3.7130674369693,8/16/2026 1:15:00 PM
MRM,36.3108002449528,31.8,-4.51080024495276,8/16/2026 1:30:00 PM
MRM,37.5100933990558,31.125,-6.3850933990558,8/16/2026 1:45:00 PM
MRM,38.3627778273974,32.6435950413223,-5.71918278607511,8/16/2026 2:00:00 PM
MRM,36.5946875740094,34.3910984848485,-2.2035890891609,8/16/2026 2:15:00 PM
MRM,47.8533458027723,35,-12.8533458027723,8/16/2026 2:30:00 PM
MRM,49.4808555894788,34,-15.4808555894788,8/16/2026 2:45:00 PM
MRM,51.4641570228097,33.8333333333333,-17.6308236894764,8/16/2026 3:00:00 PM
MRM,53.0178375270045,34,-19.0178375270045,8/16/2026 3:15:00 PM
MRM,51.1342646590623,34,-17.1342646590623,8/16/2026 3:30:00 PM
MRM,45.8655518008606,34.0866477272727,-11.7789040735879,8/16/2026 4:00:00 PM
MRM,46.1493429513185,33.25,-12.8993429513185,8/16/2026 4:15:00 PM
MRM,48.4325236271668,33.875,-14.5575236271668,8/16/2026 4:30:00 PM
MRM,41.313943239951,33.7142857142857,-7.59965752566531,8/16/2026 4:45:00 PM
MRM,40.075842272806,35,-5.07584227280605,8/16/2026 5:00:00 PM
MRM,53.6457602967246,35,-18.6457602967246,8/16/2026 5:15:00 PM
MRM,54.0652625410042,34,-20.0652625410042,8/16/2026 5:30:00 PM
MRM,58.9040844391174,33,-25.9040844391174,8/16/2026 5:45:00 PM
JPM,11.7975477570291,13.4285714285714,1.63102367154234,8/16/2026 6:00:00 PM
JPM,11.7784438473627,13,1.22155615263734,8/16/2026 6:15:00 PM
JPM,11.7453501500934,13,1.25464984990659,8/16/2026 6:30:00 PM
JPM,11.3725890567724,13,1.62741094322759,8/16/2026 6:45:00 PM
JPM,8.92662066576307,13,4.07337933423693,8/16/2026 7:00:00 PM
JPM,9.35571644351395,13,3.64428355648605,8/16/2026 7:15:00 PM
JPM,8.48558242644899,12.2,3.71441757355101,8/16/2026 7:30:00 PM
JPM,10.9046538615849,11.6666666666667,0.762012805081806,8/16/2026 7:45:00 PM
JPM,10.318429538148,10.625,0.306570461852036,8/16/2026 8:00:00 PM
JPM,10.9089603519867,11,0.0910396480133091,8/16/2026 8:15:00 PM
JPM,12.4112273603906,11,-1.41122736039061,8/16/2026 8:30:00 PM
JPM,14.5449696795108,11.2857142857143,-3.25925539379649,8/16/2026 8:45:00 PM
JPM,16.1908889571329,13,-3.19088895713289,8/16/2026 9:00:00 PM
JPM,15.8845616652167,16,0.115438334783336,8/16/2026 9:15:00 PM
JPM,14.5559295852966,15.3333333333333,0.777403748036722,8/16/2026 9:30:00 PM
JPM,13.6444154338704,14,0.355584566129576,8/16/2026 9:45:00 PM
JPM,12.949810073822,14.25,1.30018992617803,8/16/2026 10:00:00 PM
JPM,10.8127317689116,14.5384615384615,3.72572976954997,8/16/2026 10:15:00 PM
JPM,10.7572645203628,13,2.24273547963715,8/16/2026 10:30:00 PM
JPM,10.9231355875656,13,2.07686441243445,8/16/2026 10:45:00 PM
JPM,12.4853132310715,13,0.514686768928451,8/16/2026 11:00:00 PM
JPM,13.2920224302975,13,-0.292022430297482,8/16/2026 11:15:00 PM
JPM,14.0081150071783,13,-1.00811500717835,8/16/2026 11:30:00 PM
JPM,13.0085864165,13.2,0.191413583499999,8/16/2026 11:45:00 PM
JPM,13.2978806313638,13.8181818181818,0.520301186818038,8/17/2026 12:00:00 AM
JPM,13.9328548126232,13,-0.932854812623219,8/17/2026 12:15:00 AM
JPM,13.6091490635857,13,-0.609149063585724,8/17/2026 12:30:00 AM
JPM,12.6924449103783,13,0.307555089621676,8/17/2026 12:45:00 AM
JPM,13.1784137270162,13,-0.178413727016205,8/17/2026 1:00:00 AM
JPM,13.5762634954258,13,-0.57626349542582,8/17/2026 1:15:00 AM
JPM,13.699941957785,13,-0.699941957785038,8/17/2026 1:30:00 AM
JPM,13.2345127303791,13,-0.234512730379103,8/17/2026 1:45:00 AM
JPM,13.2543351989735,12.8,-0.454335198973487,8/17/2026 2:00:00 AM
JPM,12.9940764515627,13,0.00592354843732146,8/17/2026 2:15:00 AM
JPM,13.2232784444802,13,-0.223278444480199,8/17/2026 2:30:00 AM
JPM,13.0836508903211,13.75,0.666349109678915,8/17/2026 2:45:00 AM
JPM,13.429085507741,13,-0.429085507741046,8/17/2026 3:00:00 AM
JPM,12.9438159364481,13,0.0561840635519193,8/17/2026 3:15:00 AM
JPM,12.7265136454919,13,0.273486354508087,8/17/2026 3:30:00 AM
JPM,12.3407202574997,13.8333333333333,1.49261307583365,8/17/2026 3:45:00 AM
JPM,11.9732069370915,14,2.02679306290851,8/17/2026 4:00:00 AM
JPM,11.9740266453627,14,2.02597335463731,8/17/2026 4:15:00 AM
JPM,11.5431648819758,14,2.4568351180242,8/17/2026 4:30:00 AM
JPM,11.9581020386336,14,2.04189796136636,8/17/2026 4:45:00 AM
JPM,12.2085510525425,15.7142857142857,3.50573466174319,8/17/2026 5:00:00 AM
JPM,13.5738917690882,16.5714285714286,2.99753680234041,8/17/2026 5:15:00 AM
JPM,14.6844630679202,16,1.31553693207977,8/17/2026 5:30:00 AM
JPM,19.0868483918372,16,-3.08684839183716,8/17/2026 5:45:00 AM
MRM,55.022192335899,32.1428571428571,-22.8793351930419,8/16/2026 6:00:00 PM
MRM,38.3630331004734,32.0693181818182,-6.29371491865526,8/16/2026 6:15:00 PM
MRM,53.6483537003895,33.3357438016529,-20.3126098987366,8/16/2026 6:30:00 PM
MRM,50.5071707794705,34,-16.5071707794705,8/16/2026 6:45:00 PM
MRM,37.5850247513269,34,-3.58502475132688,8/16/2026 7:00:00 PM
MRM,45.0719903256292,34,-11.0719903256292,8/16/2026 7:15:00 PM
MRM,49.2416748118018,34,-15.2416748118018,8/16/2026 7:30:00 PM
MRM,53.1657207831315,34.0833333333333,-19.0823874497982,8/16/2026 7:45:00 PM
MRM,49.2180789975035,33.5,-15.7180789975035,8/16/2026 8:00:00 PM
MRM,51.3020337087194,33.8333333333333,-17.4687003753861,8/16/2026 8:15:00 PM
MRM,52.1999202433268,33.4444444444444,-18.7554757988823,8/16/2026 8:30:00 PM
MRM,54.0630058818615,34,-20.0630058818615,8/16/2026 8:45:00 PM
MRM,52.2732806940558,34,-18.2732806940558,8/16/2026 9:00:00 PM
MRM,55.5339780146805,34,-21.5339780146805,8/16/2026 9:15:00 PM
MRM,56.1654787723065,34,-22.1654787723065,8/16/2026 9:30:00 PM
MRM,49.1551333122782,33.7,-15.4551333122782,8/16/2026 9:45:00 PM
MRM,51.2709017238807,37,-14.2709017238807,8/16/2026 10:00:00 PM
MRM,42.7960889452447,36.0769230769231,-6.71916586832167,8/16/2026 10:15:00 PM
MRM,38.7388499859282,33,-5.7388499859282,8/16/2026 10:30:00 PM
MRM,38.5458984888678,31,-7.54589848886777,8/16/2026 10:45:00 PM
MRM,41.620524547031,33.1666666666667,-8.45385788036435,8/16/2026 11:00:00 PM
MRM,43.9592252023881,34.7142857142857,-9.24493948810242,8/16/2026 11:15:00 PM
MRM,35.9024967300863,32.7,-3.20249673008628,8/16/2026 11:30:00 PM
MRM,37.8884597730356,31.4,-6.48845977303559,8/16/2026 11:45:00 PM
MRM,34.4006167759755,33.1818181818182,-1.21879859415733,8/17/2026 12:00:00 AM
MRM,33.7669249691673,35.9,2.13307503083273,8/17/2026 12:15:00 AM
MRM,38.3607995881878,34.8571428571429,-3.50365673104493,8/17/2026 12:30:00 AM
MRM,40.5346572665379,34,-6.53465726653793,8/17/2026 12:45:00 AM
MRM,44.6932272475082,36,-8.69322724750825,8/17/2026 1:00:00 AM
MRM,47.4842339805044,36.7142857142857,-10.7699482662187,8/17/2026 1:15:00 AM
MRM,44.6746722657931,35.3333333333333,-9.3413389324598,8/17/2026 1:30:00 AM
MRM,41.8750389990404,35.4285714285714,-6.446467570469,8/17/2026 1:45:00 AM
MRM,54.8503242849949,37.2,-17.6503242849949,8/17/2026 2:00:00 AM
MRM,57.8070373970075,37.25,-20.5570373970075,8/17/2026 2:15:00 AM
MRM,48.4001023408395,37.25,-11.1501023408395,8/17/2026 2:30:00 AM
MRM,47.4081790469649,35.625,-11.7831790469649,8/17/2026 2:45:00 AM
MRM,53.8303591566761,33,-20.8303591566761,8/17/2026 3:00:00 AM
MRM,41.6733534049836,31.3333333333333,-10.3400200716503,8/17/2026 3:15:00 AM
MRM,42.7114438127587,32,-10.7114438127587,8/17/2026 3:30:00 AM
MRM,40.814181254413,32,-8.814181254413,8/17/2026 3:45:00 AM
MRM,52.9780107216695,33.5,-19.4780107216695,8/17/2026 4:00:00 AM
MRM,51.4209695705635,33.8333333333333,-17.5876362372302,8/17/2026 4:15:00 AM
MRM,37.0405257166812,32,-5.04052571668119,8/17/2026 4:30:00 AM
MRM,36.9655562301613,32.5714285714286,-4.39412765873271,8/17/2026 4:45:00 AM
MRM,42.1957580224272,32,-10.1957580224272,8/17/2026 5:00:00 AM
MRM,42.385230434092,32,-10.385230434092,8/17/2026 5:15:00 AM
MRM,45.4527861503283,34.8571428571429,-10.5956432931855,8/17/2026 5:30:00 AM
MRM,48.2454079782892,34.45,-13.7954079782892,8/17/2026 5:45:00 AM
JPM,17.7724558435973,16,-1.77245584359728,8/17/2026 6:00:00 AM
JPM,16.8045849237904,16,-0.804584923790426,8/17/2026 6:15:00 AM
JPM,16.8902800675064,16,-0.890280067506435,8/17/2026 6:30:00 AM
JPM,17.1470305369501,16,-1.14703053695006,8/17/2026 6:45:00 AM
JPM,16.6447232048895,16,-0.644723204889456,8/17/2026 7:00:00 AM
JPM,13.3160313109266,16,2.68396868907343,8/17/2026 7:15:00 AM
JPM,13.368462540199,16,2.63153745980103,8/17/2026 7:30:00 AM
JPM,14.025120708912,16,1.97487929108798,8/17/2026 7:45:00 AM
JPM,14.6722772527106,16,1.32772274728941,8/17/2026 8:00:00 AM
JPM,14.8220445111053,15.4,0.5779554888947,8/17/2026 8:15:00 AM
JPM,15.2519797563853,15,-0.25197975638531,8/17/2026 8:30:00 AM
JPM,14.0781651665528,15,0.921834833447162,8/17/2026 8:45:00 AM
JPM,13.5812586937591,15,1.41874130624091,8/17/2026 9:00:00 AM
JPM,17.3105083905373,15.8823529411765,-1.42815544936085,8/17/2026 9:15:00 AM
JPM,17.3087548871264,16.0689655172414,-1.23978936988505,8/17/2026 9:30:00 AM
JPM,16.935157599367,16,-0.935157599367042,8/17/2026 9:45:00 AM
JPM,17.2163462158003,16,-1.21634621580033,8/17/2026 10:00:00 AM
JPM,16.5808485875963,16,-0.580848587596336,8/17/2026 10:15:00 AM
JPM,16.9583312069761,16,-0.958331206976112,8/17/2026 10:30:00 AM
JPM,13.5316707074319,16,2.46832929256805,8/17/2026 10:45:00 AM
JPM,14.5794872779801,16,1.42051272201993,8/17/2026 11:00:00 AM
JPM,17.7466379573803,16,-1.74663795738025,8/17/2026 11:15:00 AM
JPM,16.427864337125,16,-0.427864337124976,8/17/2026 11:30:00 AM
JPM,16.6076588067726,16,-0.607658806772559,8/17/2026 11:45:00 AM
JPM,16.7162709753328,16,-0.71627097533284,8/17/2026 12:00:00 PM
JPM,16.2898407185532,16,-0.289840718553204,8/17/2026 12:15:00 PM
JPM,15.9828825426122,16,0.0171174573878137,8/17/2026 12:30:00 PM
JPM,16.1447152718635,16,-0.144715271863458,8/17/2026 12:45:00 PM
JPM,16.3323111770497,16.7058823529412,0.373571175891467,8/17/2026 1:00:00 PM
JPM,16.9721033951602,17,0.0278966048397926,8/17/2026 1:15:00 PM
JPM,16.8840991765225,17,0.115900823477549,8/17/2026 1:30:00 PM
JPM,12.0460103526703,16.1111111111111,4.06510075844082,8/17/2026 1:45:00 PM
JPM,11.9498069340706,16,4.05019306592936,8/17/2026 2:00:00 PM
JPM,11.8215436382285,16,4.17845636177154,8/17/2026 2:15:00 PM
JPM,11.8807371727164,15.3684210526316,3.48768387991516,8/17/2026 2:30:00 PM
JPM,11.9742065620902,14.3125,2.33829343790984,8/17/2026 2:45:00 PM
JPM,11.3883309820329,14,2.61166901796708,8/17/2026 3:00:00 PM
JPM,12.5044018271673,15.45,2.94559817283272,8/17/2026 3:15:00 PM
JPM,17.0885452978731,17,-0.0885452978730576,8/17/2026 3:30:00 PM
JPM,17.1335967135031,17,-0.133596713503135,8/17/2026 3:45:00 PM
JPM,17.6134512538204,17,-0.613451253820358,8/17/2026 4:00:00 PM
JPM,17.4679165801147,17,-0.467916580114693,8/17/2026 4:15:00 PM
JPM,17.0989294661516,17,-0.0989294661515991,8/17/2026 4:30:00 PM
JPM,16.7770151569789,17,0.222984843021113,8/17/2026 4:45:00 PM
JPM,15.3294589004018,17,1.67054109959817,8/17/2026 5:00:00 PM
JPM,12.8353189799263,17,4.16468102007365,8/17/2026 5:15:00 PM
JPM,13.1345113527177,16.6666666666667,3.53215531394895,8/17/2026 5:30:00 PM
JPM,12.2522243611731,13.7857142857143,1.53348992454123,8/17/2026 5:45:00 PM
MRM,46.6696058286381,33.5,-13.1696058286381,8/17/2026 6:00:00 AM
MRM,45.7034733810274,34,-11.7034733810274,8/17/2026 6:15:00 AM
MRM,46.4842064632357,36,-10.4842064632357,8/17/2026 6:30:00 AM
MRM,41.7853173729059,34.4,-7.3853173729059,8/17/2026 6:45:00 AM
MRM,35.4750632155487,34,-1.47506321554869,8/17/2026 7:00:00 AM
MRM,36.4135788597319,34,-2.41357885973192,8/17/2026 7:15:00 AM
MRM,36.4173869551181,33.3333333333333,-3.08405362178481,8/17/2026 7:30:00 AM
MRM,34.6462421023163,31.4285714285714,-3.2176706737449,8/17/2026 7:45:00 AM
MRM,39.3608560780461,30.1111111111111,-9.24974496693497,8/17/2026 8:00:00 AM
MRM,38.0768145936408,32,-6.07681459364078,8/17/2026 8:15:00 AM
MRM,37.0566297473415,31.4,-5.65662974734146,8/17/2026 8:30:00 AM
MRM,36.3721453222825,31.3636363636364,-5.00850895864615,8/17/2026 8:45:00 AM
MRM,55.9162394811058,35.4873737373737,-20.428865743732,8/17/2026 9:00:00 AM
MRM,57.6614244814645,38.1572526737968,-19.5041718076677,8/17/2026 9:15:00 AM
MRM,49.1449157124827,38,-11.1449157124827,8/17/2026 9:30:00 AM
MRM,39.8324376963017,38.1019061583578,-1.73053153794393,8/17/2026 9:45:00 AM
MRM,42.7781789877252,39.8304924242424,-2.94768656348278,8/17/2026 10:00:00 AM
MRM,47.1101824550635,38.6721590909091,-8.4380233641544,8/17/2026 10:15:00 AM
MRM,42.3065671756301,36.6221590909091,-5.684408084721,8/17/2026 10:30:00 AM
MRM,44.7908566199215,35.9554924242424,-8.83536419567903,8/17/2026 10:45:00 AM
MRM,43.7949491888191,36.4608687683285,-7.33408042049066,8/17/2026 11:00:00 AM
MRM,40.4466771080303,36.8039772727273,-3.64269983530301,8/17/2026 11:15:00 AM
MRM,39.0371180140985,37.0958433014354,-1.94127471266304,8/17/2026 11:30:00 AM
MRM,41.9574721101047,37.2147516835017,-4.74272042660296,8/17/2026 11:45:00 AM
MRM,55.5247283516507,38.4600378787879,-17.0646904728628,8/17/2026 12:00:00 PM
MRM,50.6808894415822,37.9289772727273,-12.7519121688549,8/17/2026 12:15:00 PM
MRM,48.5354016883208,37.9289772727273,-10.6064244155935,8/17/2026 12:30:00 PM
MRM,43.8976753346267,37.4974173553719,-6.40025797925477,8/17/2026 12:45:00 PM
MRM,53.2188827241993,37.0402740641711,-16.1786086600282,8/17/2026 1:00:00 PM
MRM,45.8242723084573,36.6089015151515,-9.21537079330574,8/17/2026 1:15:00 PM
MRM,46.6053263495775,35.4090909090909,-11.1962354404866,8/17/2026 1:30:00 PM
MRM,44.428422268171,33.7727272727273,-10.6556949954437,8/17/2026 1:45:00 PM
MRM,40.662511023353,33.6935160427807,-6.96899498057222,8/17/2026 2:00:00 PM
MRM,42.571003523269,32.541958041958,-10.029045481311,8/17/2026 2:15:00 PM
MRM,39.3031935411415,31.6148325358852,-7.68836100525636,8/17/2026 2:30:00 PM
MRM,43.6007480356676,32.6477272727273,-10.9530207629403,8/17/2026 2:45:00 PM
MRM,41.0818612611845,31.1727272727273,-9.9091339884572,8/17/2026 3:00:00 PM
MRM,45.1178341357609,32.8727272727273,-12.2451068630337,8/17/2026 3:15:00 PM
MRM,47.5016991676133,33.7727272727273,-13.7289718948861,8/17/2026 3:30:00 PM
MRM,48.3266048560838,33.3282828282828,-14.998322027801,8/17/2026 3:45:00 PM
MRM,45.531472397001,33.4393939393939,-12.0920784576071,8/17/2026 4:00:00 PM
MRM,48.0844184843816,30.7727272727273,-17.3116912116543,8/17/2026 4:15:00 PM
MRM,49.360774468837,30.8352272727273,-18.5255471961098,8/17/2026 4:30:00 PM
MRM,52.3017819737291,31.7727272727273,-20.5290547010018,8/17/2026 4:45:00 PM
MRM,50.5671264395334,31.3766233766234,-19.19050306291,8/17/2026 5:00:00 PM
MRM,45.9117411073935,30.1508838383838,-15.7608572690097,8/17/2026 5:15:00 PM
MRM,49.9102381371847,32.5731060606061,-17.3371320765786,8/17/2026 5:30:00 PM
MRM,45.6199551383069,34.6099837662338,-11.0099713720731,8/17/2026 5:45:00 PM
JPM,8.89551855692809,12.2727272727273,3.37720871579918,8/17/2026 6:00:00 PM
JPM,7.98260077555388,13.0769230769231,5.0943223013692,8/17/2026 6:15:00 PM
JPM,8.43360270352101,12.5454545454545,4.11185184193354,8/17/2026 6:30:00 PM
JPM,8.4238485053681,12,3.5761514946319,8/17/2026 6:45:00 PM
JPM,8.84939927366583,12,3.15060072633417,8/17/2026 7:00:00 PM
JPM,8.45182537696507,12.1666666666667,3.7148412897016,8/17/2026 7:15:00 PM
JPM,8.04635365085611,12.8333333333333,4.78697968247722,8/17/2026 7:30:00 PM
JPM,8.18509431804937,12,3.81490568195063,8/17/2026 7:45:00 PM
JPM,8.22241154408704,12,3.77758845591296,8/17/2026 8:00:00 PM
JPM,12.0244521103609,13.625,1.6005478896391,8/17/2026 8:15:00 PM
JPM,12.562261330168,14,1.43773866983197,8/17/2026 8:30:00 PM
JPM,13.0082010588364,14,0.991798941163616,8/17/2026 8:45:00 PM
JPM,13.9137589944958,14.8333333333333,0.91957433883749,8/17/2026 9:00:00 PM
JPM,14.3489264573147,15.6666666666667,1.31774020935201,8/17/2026 9:15:00 PM
JPM,12.0697034005094,14.6666666666667,2.59696326615728,8/17/2026 9:30:00 PM
JPM,10.1324260776262,14.4,4.26757392237379,8/17/2026 9:45:00 PM
JPM,9.12343191161529,12.75,3.62656808838471,8/17/2026 10:00:00 PM
JPM,10.5812086248159,11.2857142857143,0.704505660898338,8/17/2026 10:15:00 PM
JPM,13.2828022004741,13.8693181818182,0.58651598134413,8/17/2026 10:30:00 PM
JPM,12.9826299187528,13.875,0.892370081247224,8/17/2026 10:45:00 PM
JPM,12.2211524697468,14,1.77884753025319,8/17/2026 11:00:00 PM
JPM,12.3242475514383,14,1.6757524485617,8/17/2026 11:15:00 PM
JPM,12.4899961207668,15.875,3.38500387923323,8/17/2026 11:30:00 PM
JPM,12.0468504394735,15.5,3.45314956052651,8/17/2026 11:45:00 PM
JPM,7.69899446345917,15,7.30100553654083,8/18/2026 12:00:00 AM
JPM,11.0034547865529,15,3.99654521344713,8/18/2026 12:15:00 AM
JPM,12.9361155105664,15,2.06388448943364,8/18/2026 12:30:00 AM
JPM,12.7273794584482,15,2.27262054155182,8/18/2026 12:45:00 AM
JPM,12.0889263775086,15,2.91107362249137,8/18/2026 1:00:00 AM
JPM,12.7241841011715,14.1111111111111,1.3869270099396,8/18/2026 1:15:00 AM
JPM,13.2582955794777,14,0.741704420522277,8/18/2026 1:30:00 AM
JPM,12.1761675411773,14,1.82383245882273,8/18/2026 1:45:00 AM
JPM,11.7205509231048,14,2.2794490768952,8/18/2026 2:00:00 AM
JPM,11.5652180179488,14,2.43478198205117,8/18/2026 2:15:00 AM
JPM,11.3955815203132,14.6666666666667,3.27108514635343,8/18/2026 2:30:00 AM
JPM,11.1618385844521,15,3.8381614155479,8/18/2026 2:45:00 AM
JPM,11.0229954616935,15,3.97700453830649,8/18/2026 3:00:00 AM
JPM,10.8207121646321,15,4.17928783536792,8/18/2026 3:15:00 AM
JPM,11.1779755243322,15,3.8220244756678,8/18/2026 3:30:00 AM
JPM,11.4379136177856,15,3.56208638221437,8/18/2026 3:45:00 AM
JPM,11.6185997706542,14.7777777777778,3.15917800712356,8/18/2026 4:00:00 AM
JPM,12.3243443857253,13,0.675655614274715,8/18/2026 4:15:00 AM
JPM,12.1894835121559,13,0.810516487844106,8/18/2026 4:30:00 AM
JPM,12.0067871598244,13,0.993212840175635,8/18/2026 4:45:00 AM
JPM,11.8722848351181,14.6666666666667,2.79438183154853,8/18/2026 5:00:00 AM
JPM,11.9547140992178,15,3.04528590078221,8/18/2026 5:15:00 AM
JPM,12.7819494641138,13.72,0.938050535886244,8/18/2026 5:30:00 AM
JPM,12.9653847845317,14.5,1.53461521546828,8/18/2026 5:45:00 AM
MRM,48.3798000512095,33.7877066115702,-14.5920934396392,8/17/2026 6:00:00 PM
MRM,53.6735518317153,33,-20.6735518317153,8/17/2026 6:15:00 PM
MRM,52.9515908837027,33,-19.9515908837027,8/17/2026 6:30:00 PM
MRM,48.602177413198,32.2857142857143,-16.3164631274837,8/17/2026 6:45:00 PM
MRM,48.6218384398772,32,-16.6218384398772,8/17/2026 7:00:00 PM
MRM,44.1428646121671,30.5,-13.6428646121671,8/17/2026 7:15:00 PM
MRM,44.9635195109972,29.6666666666667,-15.2968528443305,8/17/2026 7:30:00 PM
MRM,49.1640934827613,30.6,-18.5640934827613,8/17/2026 7:45:00 PM
MRM,51.1335660091353,31,-20.1335660091353,8/17/2026 8:00:00 PM
MRM,56.7324212983678,36.375,-20.3574212983678,8/17/2026 8:15:00 PM
MRM,56.3468103066743,35.8888888888889,-20.4579214177854,8/17/2026 8:30:00 PM
MRM,57.0710021558498,35.8333333333333,-21.2376688225165,8/17/2026 8:45:00 PM
MRM,58.4107594126993,37,-21.4107594126993,8/17/2026 9:00:00 PM
MRM,61.8861503186838,38,-23.8861503186838,8/17/2026 9:15:00 PM
MRM,58.0461059695964,38,-20.0461059695964,8/17/2026 9:30:00 PM
MRM,59.9422856675219,38,-21.9422856675219,8/17/2026 9:45:00 PM
MRM,56.4976241998549,37.25,-19.2476241998549,8/17/2026 10:00:00 PM
MRM,56.0075631407232,37.3571428571429,-18.6504202835803,8/17/2026 10:15:00 PM
MRM,55.1154197708987,38,-17.1154197708987,8/17/2026 10:30:00 PM
MRM,52.6704263160647,38,-14.6704263160647,8/17/2026 10:45:00 PM
MRM,47.734611268262,37.8695652173913,-9.86504605087071,8/17/2026 11:00:00 PM
MRM,55.8998300077557,38,-17.8998300077557,8/17/2026 11:15:00 PM
MRM,56.3518806653154,37.375,-18.9768806653154,8/17/2026 11:30:00 PM
MRM,54.0130225905156,38,-16.0130225905156,8/17/2026 11:45:00 PM
MRM,51.7296471529208,38,-13.7296471529208,8/18/2026 12:00:00 AM
MRM,55.1667164596759,38,-17.1667164596759,8/18/2026 12:15:00 AM
MRM,43.1182756377722,38,-5.11827563777222,8/18/2026 12:30:00 AM
MRM,38.0890237813173,36.35,-1.73902378131734,8/18/2026 12:45:00 AM
MRM,50.2857360582637,36,-14.2857360582637,8/18/2026 1:00:00 AM
MRM,56.5385730785447,36.7777777777778,-19.7607953007669,8/18/2026 1:15:00 AM
MRM,54.5688508866796,37,-17.5688508866796,8/18/2026 1:30:00 AM
MRM,53.3400457637391,36.3,-17.0400457637391,8/18/2026 1:45:00 AM
MRM,51.4119534913118,36,-15.4119534913118,8/18/2026 2:00:00 AM
MRM,49.3613433716153,36,-13.3613433716153,8/18/2026 2:15:00 AM
MRM,36.7439799734691,36,-0.743979973469052,8/18/2026 2:30:00 AM
MRM,48.1097395041261,37,-11.1097395041261,8/18/2026 2:45:00 AM
MRM,52.3318667197234,37,-15.3318667197234,8/18/2026 3:00:00 AM
MRM,52.4347578478984,36.2,-16.2347578478984,8/18/2026 3:15:00 AM
MRM,53.8166580240584,36,-17.8166580240584,8/18/2026 3:30:00 AM
MRM,51.7837592094896,36,-15.7837592094896,8/18/2026 3:45:00 AM
MRM,52.9078012481973,36,-16.9078012481973,8/18/2026 4:00:00 AM
MRM,57.4600908295615,32.4,-25.0600908295615,8/18/2026 4:15:00 AM
MRM,50.0981115446724,31.375,-18.7231115446724,8/18/2026 4:30:00 AM
MRM,46.0215938350376,28.3636363636364,-17.6579574714012,8/18/2026 4:45:00 AM
MRM,40.6091192287127,28.6666666666667,-11.9424525620461,8/18/2026 5:00:00 AM
MRM,47.0290544962743,31.7333333333333,-15.2957211629409,8/18/2026 5:15:00 AM
MRM,39.5001159529165,31.2,-8.3001159529165,8/18/2026 5:30:00 AM
MRM,41.2625677958866,30.6428571428571,-10.6197106530294,8/18/2026 5:45:00 AM
JPM,12.2007646906682,14,1.7992353093318,8/18/2026 6:00:00 AM
JPM,12.1906626822094,14,1.80933731779059,8/18/2026 6:15:00 AM
JPM,12.3350974055588,14,1.66490259444122,8/18/2026 6:30:00 AM
JPM,12.362540900944,14,1.63745909905603,8/18/2026 6:45:00 AM
JPM,12.0012469298742,14.9722222222222,2.97097529234805,8/18/2026 7:00:00 AM
JPM,12.3319415441397,13.7586206896552,1.42667914551545,8/18/2026 7:15:00 AM
JPM,12.1150431502313,13,0.884956849768674,8/18/2026 7:30:00 AM
JPM,12.8709221160895,13,0.129077883910545,8/18/2026 7:45:00 AM
JPM,12.7364438805958,13.8947368421053,1.15829296150947,8/18/2026 8:00:00 AM
JPM,11.9411070524975,14,2.05889294750253,8/18/2026 8:15:00 AM
JPM,9.272773618063,14,4.727226381937,8/18/2026 8:30:00 AM
JPM,10.237843570311,14,3.762156429689,8/18/2026 8:45:00 AM
JPM,11.9129171391121,14.2766335227273,2.36371638361515,8/18/2026 9:00:00 AM
JPM,11.6242199579955,15.3465909090909,3.72237095109543,8/18/2026 9:15:00 AM
JPM,11.0830470153346,15.1155303030303,4.03248328769575,8/18/2026 9:30:00 AM
JPM,7.95359785103736,15,7.04640214896264,8/18/2026 9:45:00 AM
JPM,8.86574605619717,15,6.13425394380283,8/18/2026 10:00:00 AM
JPM,11.9454586731187,15.5865384615385,3.6410797884198,8/18/2026 10:15:00 AM
JPM,11.7243418725993,14.5916193181818,2.86727744558254,8/18/2026 10:30:00 AM
JPM,12.1444281379567,14,1.85557186204333,8/18/2026 10:45:00 AM
JPM,11.401741173773,14,2.59825882622702,8/18/2026 11:00:00 AM
JPM,9.5736027541569,13.7128787878788,4.13927603372188,8/18/2026 11:15:00 AM
JPM,13.2744332053367,13.6931818181818,0.41874861284515,8/18/2026 11:30:00 AM
JPM,12.1361314308089,12.4621212121212,0.325989781312343,8/18/2026 11:45:00 AM
JPM,11.933370860205,13.1799242424242,1.24655338221928,8/18/2026 12:00:00 PM
JPM,12.5487244645831,13.6799242424242,1.13119977784118,8/18/2026 12:15:00 PM
JPM,17.1752021052102,15.4621212121212,-1.71308089308897,8/18/2026 12:30:00 PM
JPM,17.0727344262,15.6931818181818,-1.37955260801815,8/18/2026 12:45:00 PM
JPM,17.3792902976327,15.6931818181818,-1.68610847945085,8/18/2026 1:00:00 PM
JPM,19.3051383260449,15.6931818181818,-3.61195650786308,8/18/2026 1:15:00 PM
JPM,18.6039029228707,15.6931818181818,-2.9107211046889,8/18/2026 1:30:00 PM
JPM,18.2365707787601,15.6931818181818,-2.54338896057825,8/18/2026 1:45:00 PM
JPM,17.5713234638646,15.6931818181818,-1.87814164568274,8/18/2026 2:00:00 PM
JPM,17.9274848693732,15.6931818181818,-2.23430305119142,8/18/2026 2:15:00 PM
JPM,16.7385387900255,16.0265151515152,-0.712023638510331,8/18/2026 2:30:00 PM
JPM,18.1211407558458,16.6931818181818,-1.42795893766401,8/18/2026 2:45:00 PM
JPM,19.1616991959013,16.6931818181818,-2.46851737771948,8/18/2026 3:00:00 PM
JPM,19.5552628926383,16.4060314685315,-3.1492314241068,8/18/2026 3:15:00 PM
JPM,19.7556991080792,15.2835743801653,-4.47212472791388,8/18/2026 3:30:00 PM
JPM,19.7959468150335,15.75,-4.04594681503347,8/18/2026 3:45:00 PM
JPM,20.0471301146967,16,-4.04713011469668,8/18/2026 4:00:00 PM
JPM,20.6320727112763,16,-4.63207271127625,8/18/2026 4:15:00 PM
JPM,20.4529221389814,16,-4.45292213898141,8/18/2026 4:30:00 PM
JPM,20.6200645252755,16,-4.62006452527545,8/18/2026 4:45:00 PM
JPM,14.806352930924,16,1.19364706907601,8/18/2026 5:00:00 PM
JPM,14.8836287983041,16,1.11637120169589,8/18/2026 5:15:00 PM
JPM,11.8052976769792,16,4.19470232302076,8/18/2026 5:30:00 PM
JPM,13.5787423845481,15.28,1.70125761545193,8/18/2026 5:45:00 PM
MRM,40.0290202554295,30.8571428571429,-9.17187739828669,8/18/2026 6:00:00 AM
MRM,40.28403919463,30.1666666666667,-10.1173725279633,8/18/2026 6:15:00 AM
MRM,42.6627801401654,28.5714285714286,-14.0913515687369,8/18/2026 6:30:00 AM
MRM,35.6891560477164,27,-8.68915604771642,8/18/2026 6:45:00 AM
MRM,41.5830768429651,30.9722222222222,-10.6108546207429,8/18/2026 7:00:00 AM
MRM,41.2152478488895,33.7586206896552,-7.45662715923428,8/18/2026 7:15:00 AM
MRM,43.113413250418,36,-7.11341325041801,8/18/2026 7:30:00 AM
MRM,37.2418054732327,36,-1.24180547323267,8/18/2026 7:45:00 AM
MRM,37.2288814437473,33.8947368421053,-3.33414460164208,8/18/2026 8:00:00 AM
MRM,44.0393951647195,31.8888888888889,-12.1505062758306,8/18/2026 8:15:00 AM
MRM,38.6242461566291,30.8571428571429,-7.76710329948628,8/18/2026 8:30:00 AM
MRM,41.3098429061031,29,-12.3098429061031,8/18/2026 8:45:00 AM
MRM,42.9616621037737,25.5625,-17.3991621037737,8/18/2026 9:00:00 AM
MRM,47.0387345500828,25,-22.0387345500828,8/18/2026 9:15:00 AM
MRM,46.196054278784,28.5333333333333,-17.6627209454507,8/18/2026 9:30:00 AM
MRM,50.3452780346273,29.5294117647059,-20.8158662699214,8/18/2026 9:45:00 AM
MRM,49.6894668428678,29.0315082644628,-20.657958578405,8/18/2026 10:00:00 AM
MRM,48.0661353635789,32.4615384615385,-15.6045969020405,8/18/2026 10:15:00 AM
MRM,49.0268318404803,35,-14.0268318404803,8/18/2026 10:30:00 AM
MRM,46.7615252404269,34.9333333333333,-11.8281919070936,8/18/2026 10:45:00 AM
MRM,49.8623398544696,32,-17.8623398544696,8/18/2026 11:00:00 AM
MRM,49.678263309065,31.9333333333333,-17.7449299757317,8/18/2026 11:15:00 AM
MRM,53.7423420201183,32.375,-21.3673420201183,8/18/2026 11:30:00 AM
MRM,55.8347464941332,36,-19.8347464941332,8/18/2026 11:45:00 AM
MRM,53.1019988945331,36,-17.1019988945331,8/18/2026 12:00:00 PM
MRM,52.3303086091447,36,-16.3303086091447,8/18/2026 12:15:00 PM
MRM,55.0784165656769,35.2222222222222,-19.8561943434547,8/18/2026 12:30:00 PM
MRM,48.3851702752945,30,-18.3851702752945,8/18/2026 12:45:00 PM
MRM,41.969941737995,29,-12.969941737995,8/18/2026 1:00:00 PM
MRM,41.3175202488578,29.1,-12.2175202488578,8/18/2026 1:15:00 PM
MRM,41.1838690593753,30,-11.1838690593753,8/18/2026 1:30:00 PM
MRM,35.3966565104348,29.6,-5.79665651043484,8/18/2026 1:45:00 PM
MRM,40.6088077666417,31.1,-9.50880776664172,8/18/2026 2:00:00 PM
MRM,43.8107788073517,30.7692307692308,-13.0415480381209,8/18/2026 2:15:00 PM
MRM,42.8729673751626,33.3333333333333,-9.53963404182927,8/18/2026 2:30:00 PM
MRM,42.9265991313979,33.7,-9.22659913139794,8/18/2026 2:45:00 PM
MRM,44.0401005243026,32,-12.0401005243026,8/18/2026 3:00:00 PM
MRM,40.6195758822338,31.8461538461538,-8.77342203607995,8/18/2026 3:15:00 PM
MRM,39.768251317421,31.0909090909091,-8.67734222651187,8/18/2026 3:30:00 PM
MRM,43.3857406883307,31.125,-12.2607406883307,8/18/2026 3:45:00 PM
MRM,40.6420221901626,33.5555555555556,-7.08646663460708,8/18/2026 4:00:00 PM
MRM,43.6997304794347,35,-8.69973047943473,8/18/2026 4:15:00 PM
MRM,42.1459184418692,34.875,-7.27091844186923,8/18/2026 4:30:00 PM
MRM,46.1321941628068,34.5,-11.6321941628068,8/18/2026 4:45:00 PM
MRM,39.8692181982197,32,-7.86921819821966,8/18/2026 5:00:00 PM
MRM,39.648201414294,32.3,-7.348201414294,8/18/2026 5:15:00 PM
MRM,31.5726050324281,34.1111111111111,2.538506078683,8/18/2026 5:30:00 PM
MRM,36.0228830949722,34.08,-1.94288309497219,8/18/2026 5:45:00 PM
JPM,13.3001633732328,14.5714285714286,1.27126519819582,8/18/2026 6:00:00 PM
JPM,12.465496583966,13.75,1.28450341603398,8/18/2026 6:15:00 PM
JPM,12.8483654238638,12.5,-0.348365423863829,8/18/2026 6:30:00 PM
JPM,14.0523949717871,12,-2.05239497178713,8/18/2026 6:45:00 PM
JPM,12.6574248922009,11.2,-1.45742489220095,8/18/2026 7:00:00 PM
JPM,13.8232953137481,13,-0.823295313748055,8/18/2026 7:15:00 PM
JPM,14.9070306344503,13,-1.90703063445032,8/18/2026 7:30:00 PM
JPM,8.88731915089176,13,4.11268084910824,8/18/2026 7:45:00 PM
JPM,9.7697491700881,12.4444444444444,2.67469527435634,8/18/2026 8:00:00 PM
JPM,13.6684581724012,12,-1.66845817240116,8/18/2026 8:15:00 PM
JPM,13.4909761729162,13.6666666666667,0.175690493750457,8/18/2026 8:30:00 PM
JPM,13.4635387838665,14.8,1.33646121613348,8/18/2026 8:45:00 PM
JPM,12.76446888558,15,2.23553111441998,8/18/2026 9:00:00 PM
JPM,10.8815342797789,14.0769230769231,3.19538879714418,8/18/2026 9:15:00 PM
JPM,10.4505932300411,13.7391304347826,3.28853720474151,8/18/2026 9:30:00 PM
JPM,10.4049215523378,14,3.59507844766216,8/18/2026 9:45:00 PM
JPM,12.567335903506,14.4166666666667,1.84933076316067,8/18/2026 10:00:00 PM
JPM,14.3159634237914,15,0.684036576208628,8/18/2026 10:15:00 PM
JPM,14.3097770023653,15,0.690222997634683,8/18/2026 10:30:00 PM
JPM,13.737360911033,14.9,1.16263908896702,8/18/2026 10:45:00 PM
JPM,12.4296520700838,14,1.57034792991624,8/18/2026 11:00:00 PM
JPM,14.1773350022386,13.5454545454545,-0.631880456784005,8/18/2026 11:15:00 PM
JPM,12.0517469284592,12.75,0.698253071540762,8/18/2026 11:30:00 PM
JPM,9.64012896383571,12.8461538461538,3.20602488231813,8/18/2026 11:45:00 PM
JPM,7.49573425393496,13,5.50426574606504,8/19/2026 12:00:00 AM
JPM,7.30144066605831,13,5.69855933394169,8/19/2026 12:15:00 AM
JPM,10.7758355336564,13.4666666666667,2.69083113301029,8/19/2026 12:30:00 AM
JPM,13.4986931533863,13.1111111111111,-0.387582042275149,8/19/2026 12:45:00 AM
JPM,13.5721883501682,14.3333333333333,0.76114498316509,8/19/2026 1:00:00 AM
JPM,13.8388636522362,14,0.161136347763836,8/19/2026 1:15:00 AM
JPM,13.7530844739678,13.6315789473684,-0.121505526599334,8/19/2026 1:30:00 AM
JPM,13.8990954911155,14,0.100904508884513,8/19/2026 1:45:00 AM
JPM,8.06405627540446,13.9166666666667,5.85261039126221,8/19/2026 2:00:00 AM
JPM,7.80902507990503,13,5.19097492009497,8/19/2026 2:15:00 AM
JPM,7.67160052811445,13.5833333333333,5.91173280521888,8/19/2026 2:30:00 AM
JPM,10.8217289758133,13.2222222222222,2.40049324640888,8/19/2026 2:45:00 AM
JPM,13.6156553219594,13.1666666666667,-0.448988655292773,8/19/2026 3:00:00 AM
JPM,14.9173162172757,14,-0.91731621727569,8/19/2026 3:15:00 AM
JPM,14.6277841304121,13.3333333333333,-1.29445079707876,8/19/2026 3:30:00 AM
JPM,14.9616600457782,14.5555555555556,-0.406104490222681,8/19/2026 3:45:00 AM
JPM,14.3975072913911,15,0.60249270860894,8/19/2026 4:00:00 AM
JPM,13.8097927479332,15,1.19020725206676,8/19/2026 4:15:00 AM
JPM,15.3817292341118,15,-0.381729234111821,8/19/2026 4:30:00 AM
JPM,14.5523898954076,15,0.447610104592361,8/19/2026 4:45:00 AM
JPM,14.0570390239549,15.8888888888889,1.83184986493399,8/19/2026 5:00:00 AM
JPM,16.1891021707329,16,-0.189102170732923,8/19/2026 5:15:00 AM
JPM,16.5886865916849,16,-0.588686591684898,8/19/2026 5:30:00 AM
JPM,17.2747595270391,16,-1.27475952703908,8/19/2026 5:45:00 AM
MRM,36.6371622603431,32.7857142857143,-3.85144797462878,8/18/2026 6:00:00 PM
MRM,41.1651892596167,31.5,-9.66518925961672,8/18/2026 6:15:00 PM
MRM,42.5551392324021,32.2,-10.3551392324021,8/18/2026 6:30:00 PM
MRM,39.5679984974311,35,-4.56799849743112,8/18/2026 6:45:00 PM
MRM,35.4289788703631,34.8,-0.628978870363056,8/18/2026 7:00:00 PM
MRM,36.5810461342124,34,-2.58104613421245,8/18/2026 7:15:00 PM
MRM,47.6694338119953,34,-13.6694338119953,8/18/2026 7:30:00 PM
MRM,57.5560844602757,33,-24.5560844602757,8/18/2026 7:45:00 PM
MRM,59.2788134602754,33,-26.2788134602754,8/18/2026 8:00:00 PM
MRM,61.0542574816933,32.1176470588235,-28.9366104228698,8/18/2026 8:15:00 PM
MRM,60.5348683662803,32.7777777777778,-27.7570905885025,8/18/2026 8:30:00 PM
MRM,63.0670084507399,33,-30.0670084507399,8/18/2026 8:45:00 PM
MRM,64.987900595517,33,-31.987900595517,8/18/2026 9:00:00 PM
MRM,60.027080396309,34.1538461538462,-25.8732342424628,8/18/2026 9:15:00 PM
MRM,51.3059076557028,33.0434782608696,-18.2624293948333,8/18/2026 9:30:00 PM
MRM,49.0436365862902,32.8888888888889,-16.1547476974013,8/18/2026 9:45:00 PM
MRM,43.1554702264887,32.2916666666667,-10.863803559822,8/18/2026 10:00:00 PM
MRM,44.3802397638424,36,-8.3802397638424,8/18/2026 10:15:00 PM
MRM,44.4101969766339,36,-8.41019697663391,8/18/2026 10:30:00 PM
MRM,41.3866778017551,36,-5.38667780175511,8/18/2026 10:45:00 PM
MRM,43.405253476147,36.5454545454545,-6.85979893069243,8/18/2026 11:00:00 PM
MRM,46.9858028348177,36.2727272727273,-10.7130755620904,8/18/2026 11:15:00 PM
MRM,50.6776471076209,37,-13.6776471076209,8/18/2026 11:30:00 PM
MRM,54.4236515446013,37,-17.4236515446013,8/18/2026 11:45:00 PM
MRM,54.5268505342582,37.4765625,-17.0502880342582,8/19/2026 12:00:00 AM
MRM,59.9811389493035,37,-22.9811389493035,8/19/2026 12:15:00 AM
MRM,61.1479908253086,37,-24.1479908253086,8/19/2026 12:30:00 AM
MRM,61.9906798766658,37,-24.9906798766658,8/19/2026 12:45:00 AM
MRM,61.201389174078,37,-24.201389174078,8/19/2026 1:00:00 AM
MRM,59.2139177595335,36.3333333333333,-22.8805844262001,8/19/2026 1:15:00 AM
MRM,64.6538061756792,36,-28.6538061756792,8/19/2026 1:30:00 AM
MRM,58.7765321226069,35.5714285714286,-23.2051035511783,8/19/2026 1:45:00 AM
MRM,53.6612583637181,36.0833333333333,-17.5779250303848,8/19/2026 2:00:00 AM
MRM,47.9341379254006,36.7333333333333,-11.2008045920672,8/19/2026 2:15:00 AM
MRM,52.2447866978317,37,-15.2447866978317,8/19/2026 2:30:00 AM
MRM,54.2517825129292,37,-17.2517825129292,8/19/2026 2:45:00 AM
MRM,60.3966916688642,37,-23.3966916688642,8/19/2026 3:00:00 AM
MRM,54.3239917819685,37.7692307692308,-16.5547610127377,8/19/2026 3:15:00 AM
MRM,53.7555620730189,37,-16.7555620730189,8/19/2026 3:30:00 AM
MRM,55.4795423636669,37,-18.4795423636669,8/19/2026 3:45:00 AM
MRM,49.4249501644674,37,-12.4249501644674,8/19/2026 4:00:00 AM
MRM,54.4309754388463,37,-17.4309754388463,8/19/2026 4:15:00 AM
MRM,49.6415475312889,35.125,-14.5165475312889,8/19/2026 4:30:00 AM
MRM,51.1697211474132,34,-17.1697211474132,8/19/2026 4:45:00 AM
MRM,47.4119956714616,34,-13.4119956714616,8/19/2026 5:00:00 AM
MRM,44.511717375656,34,-10.511717375656,8/19/2026 5:15:00 AM
MRM,35.0640899928637,32.4838709677419,-2.58021902512179,8/19/2026 5:30:00 AM
MRM,34.0435942567852,27.6,-6.44359425678515,8/19/2026 5:45:00 AM
JPM,20.7043008561453,16,-4.7043008561453,8/19/2026 6:00:00 AM
MRM,43.3848162530258,29,-14.3848162530258,8/19/2026 6:00:00 AM
JPM,23.8547274576055,16.3032670454545,-7.55146041215092,8/19/2026 6:15:00 AM
MRM,52.3608938101237,30,-22.3608938101237,8/19/2026 6:15:00 AM
JPM,23.7339560517309,16.3465909090909,-7.38736514263998,8/19/2026 6:30:00 AM
MRM,48.5346895900536,30,-18.5346895900536,8/19/2026 6:30:00 AM
JPM,23.0680938167032,16.3465909090909,-6.72150290761228,8/19/2026 6:45:00 AM
MRM,43.8611138991119,30,-13.8611138991119,8/19/2026 6:45:00 AM
JPM,21.9161669426914,15.7632575757576,-6.15290936693385,8/19/2026 7:00:00 AM
MRM,45.1152894050579,29.8333333333333,-15.2819560717246,8/19/2026 7:00:00 AM
JPM,17.8901680121454,15.3465909090909,-2.54357710305454,8/19/2026 7:15:00 AM
MRM,46.7118639210552,30,-16.7118639210552,8/19/2026 7:15:00 AM
JPM,16.3163040109583,15.3465909090909,-0.969713101867425,8/19/2026 7:30:00 AM
MRM,51.7871441360874,30.7798295454545,-21.0073145906329,8/19/2026 7:30:00 AM
JPM,14.9307773896245,15.3465909090909,0.415813519466372,8/19/2026 7:45:00 AM
MRM,49.4449001981725,30.0660173160173,-19.3788828821552,8/19/2026 7:45:00 AM
JPM,15.3280388522782,15.3465909090909,0.0185520568127178,8/19/2026 8:00:00 AM
MRM,56.8371454174102,29.7777777777778,-27.0593676396325,8/19/2026 8:00:00 AM
JPM,13.4851061604137,15,1.51489383958632,8/19/2026 8:15:00 AM
MRM,53.5729524683276,30,-23.5729524683276,8/19/2026 8:15:00 AM
JPM,14.260944433939,15,0.739055566061007,8/19/2026 8:30:00 AM
MRM,48.632050619539,29.6666666666667,-18.9653839528724,8/19/2026 8:30:00 AM
JPM,16.5755530286165,15,-1.57555302861654,8/19/2026 8:45:00 AM
MRM,52.0277388151966,29.8181818181818,-22.2095569970148,8/19/2026 8:45:00 AM
JPM,18.1653394414117,15,-3.16533944141171,8/19/2026 9:00:00 AM
MRM,47.9599548725965,28.4210526315789,-19.5389022410176,8/19/2026 9:00:00 AM
JPM,17.929591809205,15,-2.92959180920502,8/19/2026 9:15:00 AM
MRM,48.1141701870177,28,-20.1141701870177,8/19/2026 9:15:00 AM
JPM,18.4352850124989,15,-3.43528501249889,8/19/2026 9:30:00 AM
MRM,49.8432969791059,29.2079545454545,-20.6353424336513,8/19/2026 9:30:00 AM
JPM,19.0826001216786,15,-4.08260012167858,8/19/2026 9:45:00 AM
MRM,53.8825057855086,28.9166666666667,-24.9658391188419,8/19/2026 9:45:00 AM
JPM,16.445233524395,15,-1.44523352439501,8/19/2026 10:00:00 AM
MRM,58.1200058038564,29.7692307692308,-28.3507750346256,8/19/2026 10:00:00 AM
JPM,14.4241359310098,14,-0.424135931009845,8/19/2026 10:15:00 AM
MRM,53.8637098108123,29.6666666666667,-24.1970431441456,8/19/2026 10:15:00 AM
JPM,13.3136173556628,15,1.68638264433724,8/19/2026 10:30:00 AM
MRM,45.8217474351428,29.7142857142857,-16.1074617208571,8/19/2026 10:30:00 AM
JPM,14.0091083326585,15,0.990891667341529,8/19/2026 10:45:00 AM
MRM,44.3848376951704,29.1666666666667,-15.2181710285037,8/19/2026 10:45:00 AM
JPM,14.0199436749462,13.9166666666667,-0.103277008279553,8/19/2026 11:00:00 AM
MRM,45.8639311817484,28.125,-17.7389311817484,8/19/2026 11:00:00 AM
JPM,14.7855508275304,13.9333333333333,-0.85221749419706,8/19/2026 11:15:00 AM
JPM,13.3001633732328,14.5714285714286,1.27126519819582,8/18/2026 6:00:00 PM
JPM,12.465496583966,13.75,1.28450341603399,8/18/2026 6:15:00 PM
JPM,12.8483654238638,12.5,-0.348365423863829,8/18/2026 6:30:00 PM
JPM,14.0523949717871,12,-2.05239497178713,8/18/2026 6:45:00 PM
JPM,12.6574248922009,11.2,-1.45742489220095,8/18/2026 7:00:00 PM
JPM,13.8232953137481,13,-0.823295313748055,8/18/2026 7:15:00 PM
JPM,14.9070306344503,13,-1.90703063445032,8/18/2026 7:30:00 PM
JPM,8.88731915089176,13,4.11268084910824,8/18/2026 7:45:00 PM
JPM,9.7697491700881,12.4444444444444,2.67469527435634,8/18/2026 8:00:00 PM
JPM,13.6684581724012,12,-1.66845817240116,8/18/2026 8:15:00 PM
JPM,13.4909761729162,13.6666666666667,0.175690493750457,8/18/2026 8:30:00 PM
JPM,13.4635387838665,14.8,1.33646121613348,8/18/2026 8:45:00 PM
JPM,12.76446888558,15,2.23553111441998,8/18/2026 9:00:00 PM
JPM,10.8815342797789,14.0769230769231,3.19538879714418,8/18/2026 9:15:00 PM
JPM,10.4505932300411,13.7391304347826,3.2885372047415,8/18/2026 9:30:00 PM
JPM,10.4049215523378,14,3.59507844766216,8/18/2026 9:45:00 PM
JPM,12.567335903506,14.4166666666667,1.84933076316067,8/18/2026 10:00:00 PM
JPM,14.3159634237914,15,0.684036576208628,8/18/2026 10:15:00 PM
JPM,14.3097770023653,15,0.690222997634679,8/18/2026 10:30:00 PM
JPM,13.737360911033,14.9,1.16263908896702,8/18/2026 10:45:00 PM
JPM,12.4296520700838,14,1.57034792991624,8/18/2026 11:00:00 PM
JPM,14.1773350022386,13.5454545454545,-0.631880456784007,8/18/2026 11:15:00 PM
JPM,12.0517469284592,12.75,0.698253071540762,8/18/2026 11:30:00 PM
JPM,9.64012896383571,12.8461538461538,3.20602488231813,8/18/2026 11:45:00 PM
JPM,7.49573425393496,13,5.50426574606504,8/19/2026 12:00:00 AM
JPM,7.30144066605831,13,5.69855933394169,8/19/2026 12:15:00 AM
JPM,10.7758355336564,13.4666666666667,2.69083113301029,8/19/2026 12:30:00 AM
JPM,13.4986931533863,13.1111111111111,-0.387582042275147,8/19/2026 12:45:00 AM
JPM,13.5721883501682,14.3333333333333,0.761144983165089,8/19/2026 1:00:00 AM
JPM,13.8388636522362,14,0.161136347763836,8/19/2026 1:15:00 AM
JPM,13.7530844739678,13.6315789473684,-0.12150552659933,8/19/2026 1:30:00 AM
JPM,13.8990954911155,14,0.100904508884513,8/19/2026 1:45:00 AM
JPM,8.06405627540446,13.9166666666667,5.85261039126221,8/19/2026 2:00:00 AM
JPM,7.80902507990503,13,5.19097492009497,8/19/2026 2:15:00 AM
JPM,7.67160052811445,13.5833333333333,5.91173280521888,8/19/2026 2:30:00 AM
JPM,10.8217289758133,13.2222222222222,2.40049324640888,8/19/2026 2:45:00 AM
JPM,13.6156553219594,13.1666666666667,-0.448988655292773,8/19/2026 3:00:00 AM
JPM,14.9173162172757,14,-0.91731621727569,8/19/2026 3:15:00 AM
JPM,14.6277841304121,13.3333333333333,-1.29445079707876,8/19/2026 3:30:00 AM
JPM,14.9616600457782,14.5555555555556,-0.406104490222678,8/19/2026 3:45:00 AM
JPM,14.3975072913911,15,0.602492708608942,8/19/2026 4:00:00 AM
JPM,13.8097927479332,15,1.19020725206676,8/19/2026 4:15:00 AM
JPM,15.3817292341118,15,-0.381729234111821,8/19/2026 4:30:00 AM
JPM,14.5523898954076,15,0.447610104592361,8/19/2026 4:45:00 AM
JPM,14.0570390239549,15.8888888888889,1.83184986493399,8/19/2026 5:00:00 AM
JPM,16.1891021707329,16,-0.189102170732927,8/19/2026 5:15:00 AM
JPM,16.5886865916849,16,-0.588686591684898,8/19/2026 5:30:00 AM
JPM,17.2747595270391,16,-1.27475952703908,8/19/2026 5:45:00 AM
MRM,36.6371622603431,32.7857142857143,-3.85144797462878,8/18/2026 6:00:00 PM
MRM,41.1651892596167,31.5,-9.66518925961673,8/18/2026 6:15:00 PM
MRM,42.5551392324021,32.2,-10.3551392324021,8/18/2026 6:30:00 PM
MRM,39.5679984974311,35,-4.56799849743112,8/18/2026 6:45:00 PM
MRM,35.428978870363,34.8,-0.628978870363049,8/18/2026 7:00:00 PM
MRM,36.5810461342124,34,-2.58104613421245,8/18/2026 7:15:00 PM
MRM,47.6694338119953,34,-13.6694338119953,8/18/2026 7:30:00 PM
MRM,57.5560844602757,33,-24.5560844602757,8/18/2026 7:45:00 PM
MRM,59.2788134602754,33,-26.2788134602754,8/18/2026 8:00:00 PM
MRM,61.0542574816933,32.1176470588235,-28.9366104228698,8/18/2026 8:15:00 PM
MRM,60.5348683662803,32.7777777777778,-27.7570905885025,8/18/2026 8:30:00 PM
MRM,63.0670084507399,33,-30.0670084507399,8/18/2026 8:45:00 PM
MRM,64.987900595517,33,-31.987900595517,8/18/2026 9:00:00 PM
MRM,60.027080396309,34.1538461538462,-25.8732342424628,8/18/2026 9:15:00 PM
MRM,51.3059076557028,33.0434782608696,-18.2624293948333,8/18/2026 9:30:00 PM
MRM,49.0436365862902,32.8888888888889,-16.1547476974013,8/18/2026 9:45:00 PM
MRM,43.1554702264887,32.2916666666667,-10.863803559822,8/18/2026 10:00:00 PM
MRM,44.3802397638424,36,-8.3802397638424,8/18/2026 10:15:00 PM
MRM,44.4101969766339,36,-8.41019697663391,8/18/2026 10:30:00 PM
MRM,41.3866778017551,36,-5.38667780175512,8/18/2026 10:45:00 PM
MRM,43.405253476147,36.5454545454545,-6.85979893069243,8/18/2026 11:00:00 PM
MRM,46.9858028348177,36.2727272727273,-10.7130755620904,8/18/2026 11:15:00 PM
MRM,50.6776471076209,37,-13.6776471076209,8/18/2026 11:30:00 PM
MRM,54.4236515446013,37,-17.4236515446013,8/18/2026 11:45:00 PM
MRM,54.5268505342583,37.4765625,-17.0502880342583,8/19/2026 12:00:00 AM
MRM,59.9811389493035,37,-22.9811389493035,8/19/2026 12:15:00 AM
MRM,61.1479908253086,37,-24.1479908253086,8/19/2026 12:30:00 AM
MRM,61.9906798766659,37,-24.9906798766659,8/19/2026 12:45:00 AM
MRM,61.2013891740779,37,-24.2013891740779,8/19/2026 1:00:00 AM
MRM,59.2139177595335,36.3333333333333,-22.8805844262001,8/19/2026 1:15:00 AM
MRM,64.6538061756792,36,-28.6538061756792,8/19/2026 1:30:00 AM
MRM,58.7765321226069,35.5714285714286,-23.2051035511783,8/19/2026 1:45:00 AM
MRM,53.6612583637181,36.0833333333333,-17.5779250303848,8/19/2026 2:00:00 AM
MRM,47.9341379254006,36.7333333333333,-11.2008045920672,8/19/2026 2:15:00 AM
MRM,52.2447866978317,37,-15.2447866978317,8/19/2026 2:30:00 AM
MRM,54.2517825129292,37,-17.2517825129292,8/19/2026 2:45:00 AM
MRM,60.3966916688642,37,-23.3966916688642,8/19/2026 3:00:00 AM
MRM,54.3239917819685,37.7692307692308,-16.5547610127377,8/19/2026 3:15:00 AM
MRM,53.7555620730189,37,-16.7555620730189,8/19/2026 3:30:00 AM
MRM,55.4795423636669,37,-18.4795423636669,8/19/2026 3:45:00 AM
MRM,49.4249501644674,37,-12.4249501644674,8/19/2026 4:00:00 AM
MRM,54.4309754388463,37,-17.4309754388463,8/19/2026 4:15:00 AM
MRM,49.6415475312889,35.125,-14.5165475312889,8/19/2026 4:30:00 AM
MRM,51.1697211474132,34,-17.1697211474132,8/19/2026 4:45:00 AM
MRM,47.4119956714616,34,-13.4119956714616,8/19/2026 5:00:00 AM
MRM,44.511717375656,34,-10.511717375656,8/19/2026 5:15:00 AM
MRM,35.0640899928637,32.4838709677419,-2.58021902512179,8/19/2026 5:30:00 AM
MRM,34.0435942567852,27.6,-6.44359425678515,8/19/2026 5:45:00 AM
JPM,20.7043008561453,16,-4.7043008561453,8/19/2026 6:00:00 AM
JPM,23.8547274576055,16.3032670454545,-7.55146041215093,8/19/2026 6:15:00 AM
JPM,23.7339560517309,16.3465909090909,-7.38736514263997,8/19/2026 6:30:00 AM
JPM,23.0680938167032,16.3465909090909,-6.72150290761228,8/19/2026 6:45:00 AM
JPM,21.9161669426914,15.7632575757576,-6.15290936693385,8/19/2026 7:00:00 AM
JPM,17.8901680121454,15.3465909090909,-2.54357710305454,8/19/2026 7:15:00 AM
JPM,16.3163040109583,15.3465909090909,-0.969713101867425,8/19/2026 7:30:00 AM
JPM,14.9307773896245,15.3465909090909,0.41581351946637,8/19/2026 7:45:00 AM
JPM,15.3280388522782,15.3465909090909,0.0185520568127178,8/19/2026 8:00:00 AM
JPM,13.4851061604137,15,1.51489383958632,8/19/2026 8:15:00 AM
JPM,14.260944433939,15,0.73905556606101,8/19/2026 8:30:00 AM
JPM,16.5755530286165,15,-1.57555302861654,8/19/2026 8:45:00 AM
JPM,18.1653394414117,15,-3.16533944141171,8/19/2026 9:00:00 AM
JPM,17.929591809205,15,-2.92959180920501,8/19/2026 9:15:00 AM
JPM,18.4352850124989,15,-3.43528501249889,8/19/2026 9:30:00 AM
JPM,19.0826001216786,15,-4.08260012167858,8/19/2026 9:45:00 AM
JPM,16.445233524395,15,-1.44523352439501,8/19/2026 10:00:00 AM
JPM,14.4241359310099,14,-0.42413593100985,8/19/2026 10:15:00 AM
JPM,13.3136173556628,15,1.68638264433724,8/19/2026 10:30:00 AM
JPM,14.0091083326585,15,0.990891667341527,8/19/2026 10:45:00 AM
JPM,14.0199436749462,13.9166666666667,-0.103277008279553,8/19/2026 11:00:00 AM
JPM,14.7855508275304,13.9333333333333,-0.852217494197056,8/19/2026 11:15:00 AM
JPM,17.043240207738,14,-3.04324020773799,8/19/2026 11:30:00 AM
JPM,19.0983821527609,14,-5.09838215276086,8/19/2026 11:45:00 AM
JPM,18.5063753619756,14,-4.50637536197561,8/19/2026 12:00:00 PM
JPM,18.5175011738822,14,-4.5175011738822,8/19/2026 12:15:00 PM
JPM,17.6888768905305,14,-3.68887689053049,8/19/2026 12:30:00 PM
JPM,17.7995976088567,14.1094497607655,-3.69014784809116,8/19/2026 12:45:00 PM
JPM,20.2769402382367,14.3465909090909,-5.93034932914577,8/19/2026 1:00:00 PM
JPM,18.9135562423967,13.3181818181818,-5.59537442421492,8/19/2026 1:15:00 PM
JPM,13.353651677448,12.875,-0.478651677447955,8/19/2026 1:30:00 PM
JPM,13.5244945826274,13,-0.524494582627351,8/19/2026 1:45:00 PM
JPM,13.7451282497485,13,-0.745128249748484,8/19/2026 2:00:00 PM
JPM,15.2701159200302,13.0099431818182,-2.26017273821205,8/19/2026 2:15:00 PM
JPM,16.6471183915879,13.0965909090909,-3.550527482497,8/19/2026 2:30:00 PM
JPM,18.2713190364599,13.3465909090909,-4.92472812736899,8/19/2026 2:45:00 PM
JPM,16.4817012257914,13.6995320855615,-2.78216914022993,8/19/2026 3:00:00 PM
JPM,19.8353131474396,14.3465909090909,-5.48872223834865,8/19/2026 3:15:00 PM
JPM,19.5752883077305,14.3465909090909,-5.2286973986396,8/19/2026 3:30:00 PM
JPM,19.9720914215459,14.3465909090909,-5.62550051245494,8/19/2026 3:45:00 PM
JPM,19.4176578154162,14.3465909090909,-5.0710669063253,8/19/2026 4:00:00 PM
MRM,51.3487620827268,36.4545454545455,-14.8942166281813,8/19/2026 8:00:00 PM
JPM,9.78814512869288,12,2.21185487130712,8/19/2026 8:15:00 PM
MRM,43.6971856848822,36.1904761904762,-7.50670949440602,8/19/2026 8:15:00 PM
JPM,13.604543785702,12,-1.60454378570202,8/19/2026 8:30:00 PM
MRM,41.2610088991538,38.4545454545455,-2.80646344460833,8/19/2026 8:30:00 PM
JPM,14.1255834920809,12.1223262032086,-2.00325728887235,8/19/2026 8:45:00 PM
MRM,42.1102818221916,39,-3.11028182219158,8/19/2026 8:45:00 PM
JPM,13.4847839522439,11.8666666666667,-1.6181172855772,8/19/2026 9:00:00 PM
MRM,42.412331192005,38.9,-3.51233119200501,8/19/2026 9:00:00 PM
JPM,12.7365822156921,11,-1.73658221569211,8/19/2026 9:15:00 PM
MRM,15.0027587591976,37.3,22.2972412408024,8/19/2026 9:15:00 PM
JPM,13.1467593397138,11,-2.14675933971376,8/19/2026 9:30:00 PM
MRM,51.5793178316307,37,-14.5793178316307,8/19/2026 9:30:00 PM
JPM,13.6709514715471,11.3157894736842,-2.35516199786287,8/19/2026 9:45:00 PM
MRM,48.2307272712186,36,-12.2307272712186,8/19/2026 9:45:00 PM
JPM,14.2920856595605,12,-2.29208565956052,8/19/2026 10:00:00 PM
MRM,44.5216947979195,36,-8.52169479791946,8/19/2026 10:00:00 PM
JPM,13.8949458016178,12.84,-1.05494580161784,8/19/2026 10:15:00 PM
MRM,42.2558999413761,35.6,-6.6558999413761,8/19/2026 10:15:00 PM
JPM,13.366162746007,13,-0.366162746006999,8/19/2026 10:30:00 PM
MRM,36.1920143396275,36.4117647058824,0.219750366254893,8/19/2026 10:30:00 PM
JPM,13.6210087804779,13,-0.621008780477856,8/19/2026 10:45:00 PM
MRM,18.5360675777514,36.95,18.4139324222486,8/19/2026 10:45:00 PM
JPM,19.5411715572926,14.3465909090909,-5.19458064820166,8/19/2026 4:15:00 PM
JPM,20.5818573640829,14.3465909090909,-6.23526645499203,8/19/2026 4:30:00 PM
JPM,21.7890329215534,14.3899147727273,-7.39911814882614,8/19/2026 4:45:00 PM
JPM,16.8942105101103,13.3502066115702,-3.54400389854007,8/19/2026 5:00:00 PM
JPM,15.2489499076802,13.4252840909091,-1.82366581677111,8/19/2026 5:15:00 PM
JPM,17.0420974422434,14,-3.04209744224343,8/19/2026 5:30:00 PM
JPM,11.7831697190438,13.1481481481481,1.36497842910435,8/19/2026 5:45:00 PM
MRM,43.3848162530258,29,-14.3848162530258,8/19/2026 6:00:00 AM
MRM,52.3608938101237,30,-22.3608938101237,8/19/2026 6:15:00 AM
MRM,48.5346895900536,30,-18.5346895900536,8/19/2026 6:30:00 AM
MRM,43.8611138991119,30,-13.8611138991119,8/19/2026 6:45:00 AM
MRM,45.1152894050579,29.8333333333333,-15.2819560717245,8/19/2026 7:00:00 AM
MRM,46.7118639210552,30,-16.7118639210552,8/19/2026 7:15:00 AM
MRM,51.7871441360874,30.7798295454545,-21.0073145906329,8/19/2026 7:30:00 AM
MRM,49.4449001981725,30.0660173160173,-19.3788828821552,8/19/2026 7:45:00 AM
MRM,56.8371454174102,29.7777777777778,-27.0593676396325,8/19/2026 8:00:00 AM
MRM,53.5729524683276,30,-23.5729524683276,8/19/2026 8:15:00 AM
MRM,48.632050619539,29.6666666666667,-18.9653839528724,8/19/2026 8:30:00 AM
MRM,52.0277388151966,29.8181818181818,-22.2095569970148,8/19/2026 8:45:00 AM
MRM,47.9599548725965,28.4210526315789,-19.5389022410176,8/19/2026 9:00:00 AM
MRM,48.1141701870177,28,-20.1141701870177,8/19/2026 9:15:00 AM
MRM,49.8432969791059,29.2079545454545,-20.6353424336513,8/19/2026 9:30:00 AM
MRM,53.8825057855086,28.9166666666667,-24.9658391188419,8/19/2026 9:45:00 AM
MRM,58.1200058038564,29.7692307692308,-28.3507750346256,8/19/2026 10:00:00 AM
MRM,53.8637098108123,29.6666666666667,-24.1970431441456,8/19/2026 10:15:00 AM
MRM,45.8217474351428,29.7142857142857,-16.1074617208571,8/19/2026 10:30:00 AM
MRM,44.3848376951704,29.1666666666667,-15.2181710285037,8/19/2026 10:45:00 AM
MRM,45.8639311817484,28.125,-17.7389311817484,8/19/2026 11:00:00 AM
MRM,45.4713456242557,27.8,-17.6713456242557,8/19/2026 11:15:00 AM
MRM,41.9716828168463,28,-13.9716828168463,8/19/2026 11:30:00 AM
MRM,38.7347581980445,28,-10.7347581980445,8/19/2026 11:45:00 AM
MRM,39.7280118889609,29.8,-9.92801188896091,8/19/2026 12:00:00 PM
MRM,41.478244473207,32.0346590909091,-9.44358538229795,8/19/2026 12:15:00 PM
MRM,42.4204710345375,31.9,-10.5204710345375,8/19/2026 12:30:00 PM
MRM,36.1556702964976,27.4210526315789,-8.73461766491864,8/19/2026 12:45:00 PM
MRM,30.7259402290913,21.8888888888889,-8.83705134020243,8/19/2026 1:00:00 PM
MRM,28.8254589081438,22,-6.82545890814384,8/19/2026 1:15:00 PM
MRM,27.9350676271929,21.5,-6.43506762719286,8/19/2026 1:30:00 PM
MRM,30.0355009606375,20.0909090909091,-9.94459186972844,8/19/2026 1:45:00 PM
MRM,30.2190720694316,19,-11.2190720694316,8/19/2026 2:00:00 PM
MRM,14.069366349428,24.8333333333333,10.7639669839054,8/19/2026 2:15:00 PM
MRM,15.3639302776728,30,14.6360697223272,8/19/2026 2:30:00 PM
MRM,14.2304741470962,27,12.7695258529038,8/19/2026 2:45:00 PM
MRM,15.7740155284415,25,9.22598447155854,8/19/2026 3:00:00 PM
MRM,26.301986575978,25,-1.30198657597797,8/19/2026 3:15:00 PM
MRM,32.9557248761463,26,-6.95572487614629,8/19/2026 3:30:00 PM
MRM,35.2393487430428,28,-7.2393487430428,8/19/2026 3:45:00 PM
MRM,44.8445398777195,27.4,-17.4445398777195,8/19/2026 4:00:00 PM
MRM,25.3436201516495,27.3333333333333,1.98971318168383,8/19/2026 4:15:00 PM
MRM,34.9961209224588,26,-8.99612092245884,8/19/2026 4:30:00 PM
MRM,39.1058634849503,26,-13.1058634849503,8/19/2026 4:45:00 PM
MRM,35.25799708382,26.1818181818182,-9.07617890200181,8/19/2026 5:00:00 PM
MRM,36.5104928343933,36.65,0.139507165606659,8/19/2026 5:15:00 PM
MRM,51.8328283661592,38,-13.8328283661592,8/19/2026 5:30:00 PM
MRM,52.4924172580111,38,-14.4924172580111,8/19/2026 5:45:00 PM
JPM,9.51421475399053,11.3333333333333,1.8191185793428,8/19/2026 6:00:00 PM
JPM,9.76001761228122,11,1.23998238771878,8/19/2026 6:15:00 PM
JPM,11.8217199249283,10.7647058823529,-1.05701404257531,8/19/2026 6:30:00 PM
JPM,12.9138214385018,10.5833333333333,-2.33048810516851,8/19/2026 6:45:00 PM
JPM,13.8968771163859,9.66666666666667,-4.23021044971925,8/19/2026 7:00:00 PM
JPM,15.3011036199443,9,-6.30110361994431,8/19/2026 7:15:00 PM
JPM,15.9519801916434,9,-6.95198019164341,8/19/2026 7:30:00 PM
JPM,13.6037799430424,9,-4.6037799430424,8/19/2026 7:45:00 PM
JPM,9.65788050527431,10,0.342119494725694,8/19/2026 8:00:00 PM
JPM,9.78814512869288,12,2.21185487130712,8/19/2026 8:15:00 PM
JPM,13.604543785702,12,-1.60454378570202,8/19/2026 8:30:00 PM
JPM,14.1255834920809,12.1223262032086,-2.00325728887235,8/19/2026 8:45:00 PM
JPM,13.4847839522439,11.8666666666667,-1.6181172855772,8/19/2026 9:00:00 PM
JPM,12.7365822156921,11,-1.73658221569211,8/19/2026 9:15:00 PM
JPM,13.1467593397138,11,-2.14675933971375,8/19/2026 9:30:00 PM
JPM,13.6709514715471,11.3157894736842,-2.35516199786287,8/19/2026 9:45:00 PM
JPM,14.2920856595605,12,-2.29208565956052,8/19/2026 10:00:00 PM
JPM,13.8949458016178,12.84,-1.05494580161784,8/19/2026 10:15:00 PM
JPM,13.366162746007,13,-0.366162746007001,8/19/2026 10:30:00 PM
JPM,13.6273035583798,13,-0.62730355837977,8/19/2026 10:45:00 PM
JPM,13.8741089647069,13,-0.874108964706862,8/19/2026 11:00:00 PM
JPM,14.9072606338585,12.25,-2.65726063385851,8/19/2026 11:15:00 PM
JPM,15.5056623981687,11,-4.50566239816867,8/19/2026 11:30:00 PM
JPM,16.2340317891992,11,-5.23403178919918,8/19/2026 11:45:00 PM
JPM,15.7669909879645,10.9285714285714,-4.83841955939304,8/20/2026 12:00:00 AM
JPM,16.2740555730249,10.9411764705882,-5.3328791024367,8/20/2026 12:15:00 AM
JPM,16.3791327957522,11,-5.37913279575216,8/20/2026 12:30:00 AM
JPM,16.0013110616955,11,-5.00131106169546,8/20/2026 12:45:00 AM
JPM,15.7918028148385,11,-4.79180281483851,8/20/2026 1:00:00 AM
JPM,16.2640259295593,10.5,-5.76402592955934,8/20/2026 1:15:00 AM
JPM,17.6249704395318,10,-7.62497043953178,8/20/2026 1:30:00 AM
JPM,17.3785984992425,10,-7.3785984992425,8/20/2026 1:45:00 AM
JPM,16.5434282743134,11.5833333333333,-4.96009494098006,8/20/2026 2:00:00 AM
JPM,15.283876046555,10.1818181818182,-5.10205786473677,8/20/2026 2:15:00 AM
JPM,15.3211003372448,10.25,-5.07110033724479,8/20/2026 2:30:00 AM
JPM,15.4634954633152,11.3333333333333,-4.13016212998188,8/20/2026 2:45:00 AM
JPM,15.1610008002066,11,-4.16100080020665,8/20/2026 3:00:00 AM
JPM,16.0347051493119,10.6666666666667,-5.3680384826452,8/20/2026 3:15:00 AM
JPM,16.7329153313739,10,-6.73291533137392,8/20/2026 3:30:00 AM
JPM,16.9590916854179,10,-6.9590916854179,8/20/2026 3:45:00 AM
JPM,18.2529416151409,10.7777777777778,-7.47516383736314,8/20/2026 4:00:00 AM
JPM,18.4913135426288,12,-6.49131354262882,8/20/2026 4:15:00 AM
JPM,17.6622138333868,12,-5.66221383338675,8/20/2026 4:30:00 AM
JPM,17.5490064495739,12.2,-5.3490064495739,8/20/2026 4:45:00 AM
JPM,16.4112535835309,14,-2.41125358353093,8/20/2026 5:00:00 AM
JPM,18.6828238310401,13.7386363636364,-4.9441874674037,8/20/2026 5:15:00 AM
JPM,24.9952113962663,14.6931818181818,-10.3020295780845,8/20/2026 5:30:00 AM
JPM,27.3503206473202,14.6931818181818,-12.6571388291384,8/20/2026 5:45:00 AM
MRM,56.3812181749107,38,-18.3812181749107,8/19/2026 6:00:00 PM
MRM,50.5042332896626,37.8784722222222,-12.6257610674404,8/19/2026 6:15:00 PM
MRM,55.6991202132849,37.4234625668449,-18.27565764644,8/19/2026 6:30:00 PM
MRM,55.7779765534072,38,-17.7779765534072,8/19/2026 6:45:00 PM
MRM,55.804851293015,38,-17.804851293015,8/19/2026 7:00:00 PM
MRM,52.8563536553646,38,-14.8563536553646,8/19/2026 7:15:00 PM
MRM,55.4695370061217,38,-17.4695370061217,8/19/2026 7:30:00 PM
MRM,46.8661807372417,36.4736842105263,-10.3924965267154,8/19/2026 7:45:00 PM
MRM,51.3487620827268,36.4545454545455,-14.8942166281813,8/19/2026 8:00:00 PM
MRM,43.6971856848822,36.1904761904762,-7.50670949440602,8/19/2026 8:15:00 PM
MRM,41.2610088991538,38.4545454545455,-2.80646344460833,8/19/2026 8:30:00 PM
JPM,23.7428635370462,14.6931818181818,-9.04968171886436,8/20/2026 6:00:00 AM
MRM,42.742772139577,37.6931818181818,-5.04959032139517,8/20/2026 6:00:00 AM
JPM,26.4958248079572,14.6931818181818,-11.8026429897754,8/20/2026 6:15:00 AM
MRM,49.470306984988,37.3639204545455,-12.1063865304425,8/20/2026 6:15:00 AM
JPM,29.2042343886037,14.6931818181818,-14.5110525704219,8/20/2026 6:30:00 AM
MRM,47.271379923099,36.9781698564593,-10.2932100666397,8/20/2026 6:30:00 AM
JPM,29.5093949413378,14.6931818181818,-14.816213123156,8/20/2026 6:45:00 AM
MRM,44.8575069689454,36.3465909090909,-8.51091605985447,8/20/2026 6:45:00 AM
JPM,29.7649498472071,14.6931818181818,-15.0717680290253,8/20/2026 7:00:00 AM
MRM,48.7643174617161,35.1980519480519,-13.5662655136642,8/20/2026 7:00:00 AM
MRM,42.1102818221916,39,-3.11028182219158,8/19/2026 8:45:00 PM
MRM,42.412331192005,38.9,-3.51233119200499,8/19/2026 9:00:00 PM
MRM,15.0027587591976,37.3,22.2972412408024,8/19/2026 9:15:00 PM
MRM,51.5793178316307,37,-14.5793178316307,8/19/2026 9:30:00 PM
MRM,48.2307272712186,36,-12.2307272712186,8/19/2026 9:45:00 PM
MRM,44.5216947979195,36,-8.52169479791946,8/19/2026 10:00:00 PM
MRM,42.2558999413761,35.6,-6.65589994137611,8/19/2026 10:15:00 PM
MRM,36.1920143396275,36.4117647058824,0.2197503662549,8/19/2026 10:30:00 PM
MRM,19.2330558363341,36.9047619047619,17.6717060684278,8/19/2026 10:45:00 PM
MRM,38.473319502681,36,-2.47331950268098,8/19/2026 11:00:00 PM
MRM,46.9106243741805,36,-10.9106243741805,8/19/2026 11:15:00 PM
MRM,51.0396350988655,36,-15.0396350988655,8/19/2026 11:30:00 PM
MRM,42.5409928977895,37.5,-5.04099289778954,8/19/2026 11:45:00 PM
MRM,29.4903547560303,38.8571428571429,9.36678810111253,8/20/2026 12:00:00 AM
MRM,33.3985938994576,39,5.60140610054239,8/20/2026 12:15:00 AM
MRM,35.3017847538775,39,3.69821524612252,8/20/2026 12:30:00 AM
MRM,37.5644467684565,39.2105263157895,1.64607954733299,8/20/2026 12:45:00 AM
MRM,47.7539227343932,39,-8.7539227343932,8/20/2026 1:00:00 AM
MRM,41.2916020335562,38.375,-2.91660203355619,8/20/2026 1:15:00 AM
MRM,48.6901482510265,38,-10.6901482510265,8/20/2026 1:30:00 AM
MRM,51.9425242020504,38,-13.9425242020504,8/20/2026 1:45:00 AM
MRM,51.2394158180631,38,-13.2394158180631,8/20/2026 2:00:00 AM
MRM,44.7214415083952,38,-6.72144150839519,8/20/2026 2:15:00 AM
MRM,32.4481402688472,37.4166666666667,4.96852639781944,8/20/2026 2:30:00 AM
MRM,38.2030359197444,37.4166666666667,-0.786369253077716,8/20/2026 2:45:00 AM
MRM,38.663140342284,38,-0.663140342283974,8/20/2026 3:00:00 AM
MRM,43.6863275332306,38,-5.68632753323061,8/20/2026 3:15:00 AM
MRM,42.9662849872936,38,-4.96628498729363,8/20/2026 3:30:00 AM
MRM,47.0679919225376,37.5454545454545,-9.52253737708308,8/20/2026 3:45:00 AM
MRM,47.0740639049255,38,-9.07406390492545,8/20/2026 4:00:00 AM
MRM,44.4807222252666,38.1155303030303,-6.36519192223628,8/20/2026 4:15:00 AM
MRM,43.9820273427127,38.3465909090909,-5.63543643362181,8/20/2026 4:30:00 AM
MRM,49.6221155028676,37.8465909090909,-11.7755245937767,8/20/2026 4:45:00 AM
MRM,56.4057767050275,37.3465909090909,-19.0591857959366,8/20/2026 5:00:00 AM
MRM,62.0098099760283,37.0693181818182,-24.9404917942102,8/20/2026 5:15:00 AM
MRM,53.9920754612498,36.7667355371901,-17.2253399240596,8/20/2026 5:30:00 AM
MRM,41.4727905291356,36.905303030303,-4.56748749883258,8/20/2026 5:45:00 AM
JPM,23.7428635370462,14.6931818181818,-9.04968171886435,8/20/2026 6:00:00 AM
JPM,26.4958248079572,14.6931818181818,-11.8026429897754,8/20/2026 6:15:00 AM
JPM,29.2042343886037,14.6931818181818,-14.5110525704219,8/20/2026 6:30:00 AM
JPM,29.5093949413378,14.6931818181818,-14.816213123156,8/20/2026 6:45:00 AM
JPM,29.8521922878767,14.6931818181818,-15.1590104696949,8/20/2026 7:00:00 AM
MRM,42.742772139577,37.6931818181818,-5.04959032139518,8/20/2026 6:00:00 AM
MRM,49.470306984988,37.3639204545455,-12.1063865304425,8/20/2026 6:15:00 AM
MRM,47.271379923099,36.9781698564593,-10.2932100666397,8/20/2026 6:30:00 AM
MRM,44.8575069689454,36.3465909090909,-8.51091605985446,8/20/2026 6:45:00 AM
MRM,49.0570103355831,35.1540404040404,-13.9029699315427,8/20/2026 7:00:00 AM
JPM,23.7428635370462,14.6931818181818,-9.04968171886435,8/20/2026 6:00:00 AM
JPM,26.4958248079572,14.6931818181818,-11.8026429897754,8/20/2026 6:15:00 AM
JPM,29.2042343886037,14.6931818181818,-14.5110525704219,8/20/2026 6:30:00 AM
JPM,29.5093949413378,14.6931818181818,-14.816213123156,8/20/2026 6:45:00 AM
JPM,29.8521922878767,14.6931818181818,-15.1590104696949,8/20/2026 7:00:00 AM
JPM,29.1917266740211,14.6931818181818,-14.4985448558393,8/20/2026 7:15:00 AM
JPM,26.5164235643155,14.6931818181818,-11.8232417461337,8/20/2026 7:30:00 AM
JPM,24.9366478835672,14.6931818181818,-10.2434660653854,8/20/2026 7:45:00 AM
JPM,22.046655921487,15.0397727272727,-7.00688319421425,8/20/2026 8:00:00 AM
JPM,16.7773459335023,15.1387987012987,-1.63854723220362,8/20/2026 8:15:00 AM
JPM,18.9576840859388,15.3863636363636,-3.57132044957519,8/20/2026 8:30:00 AM
JPM,17.8886992220468,15.3863636363636,-2.5023355856832,8/20/2026 8:45:00 AM
MRM,42.742772139577,37.6931818181818,-5.04959032139517,8/20/2026 6:00:00 AM
MRM,49.4703069849879,37.3639204545455,-12.1063865304425,8/20/2026 6:15:00 AM
MRM,47.271379923099,36.9781698564593,-10.2932100666397,8/20/2026 6:30:00 AM
MRM,44.8575069689454,36.3465909090909,-8.51091605985447,8/20/2026 6:45:00 AM
MRM,49.0570103355831,35.1540404040404,-13.9029699315427,8/20/2026 7:00:00 AM
MRM,46.4251671028623,35.4166666666667,-11.0085004361956,8/20/2026 7:15:00 AM
MRM,47.0149377284315,36.7142857142857,-10.3006520141458,8/20/2026 7:30:00 AM
MRM,45.4549593585665,36.3571428571429,-9.09781650142369,8/20/2026 7:45:00 AM
MRM,46.9233743794212,36,-10.9233743794212,8/20/2026 8:00:00 AM
MRM,44.8870652908775,36.5714285714286,-8.31563671944889,8/20/2026 8:15:00 AM
MRM,33.9930779741429,37.1470588235294,3.15398084938646,8/20/2026 8:30:00 AM
MRM,42.774920850245,38,-4.77492085024499,8/20/2026 8:45:00 AM

