Dtl_ShiftID_1,Dtl_TimeStamp_2,Dtl_Eqmt_3,Dtl_Eqmttype_4,Dtl_Duration_5,Dtl_ExpectedDuration_6,Dtl_Pit_7,Dtl_Reason_8,Dtl_FuelLevel_9
260820001,8/20/2026 6:00:00 AM,T104,Cat 797,349,780,MRM,FUEL&LUBE,17.75
260820001,8/20/2026 6:00:00 AM,T455,Cat 785,393,300,MRM,WAIT FOR FUEL BAY,17.785
260820001,8/20/2026 6:00:23 AM,T144,Cat 797,349,780,JPM,FUEL&LUBE,
260820001,8/20/2026 6:00:33 AM,T454,Cat 789,493,300,MRM,WAIT FOR FUEL BAY,92.03
260820001,8/20/2026 6:01:23 AM,T110,Cat 797,893,300,MRM,WAIT FOR FUEL BAY,88.88499
260820001,8/20/2026 6:06:12 AM,T144,Cat 797,422,300,JPM,WAIT FOR FUEL BAY,
260820001,8/20/2026 6:06:33 AM,T455,Cat 785,488,780,MRM,FUEL&LUBE,18.37
260820001,8/20/2026 6:08:46 AM,T454,Cat 789,910,780,MRM,FUEL&LUBE,91.875
260820001,8/20/2026 6:13:14 AM,T144,Cat 797,1091,780,JPM,FUEL&LUBE,
260820001,8/20/2026 6:16:53 AM,T110,Cat 797,888,780,MRM,FUEL&LUBE,88.31
260820001,8/20/2026 6:23:57 AM,T454,Cat 789,2,780,MRM,FUEL&LUBE,98.9
260820001,8/20/2026 6:25:02 AM,T466,Cat 785,779,780,MRM,FUEL&LUBE,86.25
260820001,8/20/2026 6:35:36 AM,T458,Cat 785,616,780,JPM,FUEL&LUBE,33.74
260820001,8/20/2026 6:39:22 AM,T153,Cat 797,888,780,MRM,FUEL&LUBE,14.86
260820001,8/20/2026 6:41:17 AM,T470,Cat 785,678,780,MRM,FUEL&LUBE,163.855
260820001,8/20/2026 6:53:42 AM,T150,Cat 797,904,780,JPM,FUEL&LUBE,21.195
260820001,8/20/2026 7:02:58 AM,T123,Cat 797,596,780,MRM,FUEL&LUBE,22.625
260820001,8/20/2026 7:14:19 AM,T105,Cat 797,869,780,MRM,FUEL&LUBE,19.89
260820001,8/20/2026 7:16:05 AM,T152,Cat 797,673,780,JPM,FUEL&LUBE,14.885
260820001,8/20/2026 7:19:26 AM,T121,Cat 797,753,780,MRM,FUEL&LUBE,163.85
260820001,8/20/2026 7:22:38 AM,T165,Cat 797,255,300,JPM,WAIT FOR FUEL BAY,16.92
260820001,8/20/2026 7:26:53 AM,T165,Cat 797,870,780,JPM,FUEL&LUBE,16.565
260820001,8/20/2026 7:33:16 AM,T116,Cat 797,814,780,MRM,FUEL&LUBE,16.565
260820001,8/20/2026 7:41:26 AM,T165,Cat 797,2,780,JPM,FUEL&LUBE,58.35
260820001,8/20/2026 7:41:36 AM,T124,Cat 797,2,780,MRM,FUEL&LUBE,16.68
260820001,8/20/2026 7:41:38 AM,T124,Cat 797,107,300,MRM,WAIT FOR FUEL BAY,16.68
260820001,8/20/2026 7:43:25 AM,T124,Cat 797,791,780,MRM,FUEL&LUBE,16.68
260820001,8/20/2026 7:58:20 AM,T474,Cat 785,606,780,JPM,FUEL&LUBE,30.08
260820001,8/20/2026 8:03:29 AM,T131,Cat 797,345,780,MRM,FUEL&LUBE,16.09
260820001,8/20/2026 8:06:15 AM,T126,Cat 797,799,780,MRM,FUEL&LUBE,19.415
260820001,8/20/2026 8:09:33 AM,T131,Cat 797,1,780,MRM,FUEL&LUBE,78.1
260820001,8/20/2026 8:23:27 AM,T468,Cat 785,32,780,MRM,FUEL&LUBE,19.84
260820001,8/20/2026 8:24:10 AM,T133,Cat 797,680,780,MRM,FUEL&LUBE,163.85
260820001,8/20/2026 8:25:56 AM,T468,Cat 785,581,780,MRM,FUEL&LUBE,19.84
260820001,8/20/2026 8:30:50 AM,T471,Cat 785,283,300,MRM,WAIT FOR FUEL BAY,24.875
260820001,8/20/2026 8:36:34 AM,T471,Cat 785,573,780,MRM,FUEL&LUBE,24.875
260820001,8/20/2026 8:39:02 AM,T117,Cat 797,876,780,MRM,FUEL&LUBE,18.105
260820001,8/20/2026 8:39:42 AM,T168,Cat 797,822,780,JPM,FUEL&LUBE,
260820001,8/20/2026 8:39:53 AM,T101,Cat 797,509,300,MRM,WAIT FOR FUEL BAY,57.005
260820001,8/20/2026 8:48:22 AM,T101,Cat 797,2,780,MRM,FUEL&LUBE,55.67
260820001,8/20/2026 8:48:24 AM,T101,Cat 797,527,780,MRM,FUEL&LUBE,55.67
260810002,8/10/2026 8:24:06 PM,T116,Cat 797,774,780,MRM,FUEL&LUBE,23.515
260810002,8/10/2026 8:36:52 PM,T129,Cat 797,668,780,MRM,FUEL&LUBE,23.89
260810002,8/10/2026 8:41:25 PM,T141,Cat 797,2,780,JPM,FUEL&LUBE,21.315
260810002,8/10/2026 8:41:27 PM,T141,Cat 797,135,300,JPM,WAIT FOR FUEL BAY,21.315
260810002,8/10/2026 8:43:42 PM,T141,Cat 797,774,780,JPM,FUEL&LUBE,21.315
260810002,8/10/2026 8:59:10 PM,T151,Cat 797,766,780,MRM,FUEL&LUBE,23.89
260810002,8/10/2026 8:59:58 PM,T139,Cat 797,909,780,JPM,FUEL&LUBE,19.175
260810002,8/10/2026 9:06:28 PM,T112,Cat 797,574,780,MRM,FUEL&LUBE,163.85
260810002,8/10/2026 9:28:18 PM,T136,Cat 797,482,300,MRM,WAIT FOR FUEL BAY,20.365
260810002,8/10/2026 9:28:19 PM,T108,Cat 797,713,780,MRM,FUEL&LUBE,25.665
260810002,8/10/2026 9:36:37 PM,T136,Cat 797,857,780,MRM,FUEL&LUBE,21.075
260810002,8/10/2026 9:41:50 PM,T459,Cat 785,490,780,JPM,FUEL&LUBE,28.245
260810002,8/10/2026 10:01:58 PM,T154,Cat 797,11,780,JPM,FUEL&LUBE,27.94
260810002,8/10/2026 10:02:09 PM,T154,Cat 797,56,300,JPM,WAIT FOR FUEL BAY,27.94
260810002,8/10/2026 10:03:05 PM,T154,Cat 797,703,780,JPM,FUEL&LUBE,27.94
260810002,8/10/2026 10:22:40 PM,T149,Cat 797,856,780,JPM,FUEL&LUBE,
260810002,8/10/2026 10:22:49 PM,T466,Cat 785,689,780,MRM,FUEL&LUBE,23.8
260810002,8/10/2026 10:24:39 PM,T122,Cat 797,693,780,MRM,FUEL&LUBE,16.68
260810002,8/10/2026 10:36:57 PM,T122,Cat 797,13,780,MRM,FUEL&LUBE,16.68
260810002,8/10/2026 10:56:13 PM,T169,Cat 797,832,780,JPM,FUEL&LUBE,
260810002,8/10/2026 11:17:08 PM,T109,Cat 797,870,780,MRM,FUEL&LUBE,23.89
260810002,8/10/2026 11:20:46 PM,T472,Cat 785,841,780,MRM,FUEL&LUBE,31.83
260810002,8/10/2026 11:28:17 PM,T462,Cat 785,595,780,JPM,FUEL&LUBE,31.67
260810002,8/10/2026 11:45:02 PM,T119,Cat 797,833,780,MRM,FUEL&LUBE,20.955
260810002,8/10/2026 11:59:13 PM,T152,Cat 797,14,780,JPM,FUEL&LUBE,163.85
260810002,8/11/2026 12:08:05 AM,T144,Cat 797,749,780,JPM,FUEL&LUBE,
260810002,8/11/2026 12:19:32 AM,T101,Cat 797,10,780,MRM,FUEL&LUBE,18.465
260810002,8/11/2026 12:19:42 AM,T101,Cat 797,98,300,MRM,WAIT FOR FUEL BAY,18.465
260810002,8/11/2026 12:21:10 AM,T110,Cat 797,830,780,MRM,FUEL&LUBE,23.89
260810002,8/11/2026 12:21:20 AM,T101,Cat 797,642,780,MRM,FUEL&LUBE,18.465
260810002,8/11/2026 12:34:01 AM,T123,Cat 797,669,780,MRM,FUEL&LUBE,15.02
260810002,8/11/2026 12:40:26 AM,T102,Cat 797,7,780,MRM,FUEL&LUBE,20.48
260810002,8/11/2026 12:40:33 AM,T102,Cat 797,33,300,MRM,WAIT FOR FUEL BAY,20.48
260810002,8/11/2026 12:41:06 AM,T102,Cat 797,619,780,MRM,FUEL&LUBE,20.48
260810002,8/11/2026 12:49:21 AM,T463,Cat 785,1055,780,JPM,FUEL&LUBE,33.74
260810002,8/11/2026 12:54:30 AM,T132,Cat 797,14,780,MRM,FUEL&LUBE,99.655
260810002,8/11/2026 12:54:44 AM,T132,Cat 797,230,300,MRM,WAIT FOR FUEL BAY,99.655
260810002,8/11/2026 12:58:34 AM,T132,Cat 797,952,780,MRM,FUEL&LUBE,99.655
260810002,8/11/2026 1:14:14 AM,T166,Cat 797,872,780,MRM,FUEL&LUBE,21.315
260810002,8/11/2026 1:15:01 AM,T121,Cat 797,838,780,MRM,FUEL&LUBE,163.85
260810002,8/11/2026 1:37:56 AM,T105,Cat 797,807,780,MRM,FUEL&LUBE,22.755
260810002,8/11/2026 1:39:33 AM,T134,Cat 797,776,780,JPM,FUEL&LUBE,17.155
260810002,8/11/2026 1:44:37 AM,T120,Cat 797,792,780,MRM,FUEL&LUBE,16.92
260810002,8/11/2026 1:46:10 AM,T107,Cat 797,1474,780,MRM,FUEL&LUBE,17.63
260810002,8/11/2026 1:51:31 AM,T105,Cat 797,28,780,MRM,FUEL&LUBE,62.55
260810002,8/11/2026 2:14:18 AM,T113,Cat 797,99,300,MRM,WAIT FOR FUEL BAY,19.175
260810002,8/11/2026 2:15:57 AM,T113,Cat 797,745,780,MRM,FUEL&LUBE,18.82
260810002,8/11/2026 2:27:32 AM,T474,Cat 785,495,780,JPM,FUEL&LUBE,35.495
260810002,8/11/2026 2:28:23 AM,T113,Cat 797,2,780,MRM,FUEL&LUBE,45.145
260810002,8/11/2026 2:33:29 AM,T135,Cat 797,803,780,MRM,FUEL&LUBE,18.58
260810002,8/11/2026 2:34:52 AM,T126,Cat 797,818,780,MRM,FUEL&LUBE,14.845
260810002,8/11/2026 2:57:23 AM,T454,Cat 789,55,300,JPM,WAIT FOR FUEL BAY,32.07
260810002,8/11/2026 2:58:44 AM,T454,Cat 789,796,780,JPM,FUEL&LUBE,32.07
260810002,8/11/2026 2:59:39 AM,T130,Cat 797,5,780,MRM,FUEL&LUBE,19.77
260810002,8/11/2026 2:59:44 AM,T130,Cat 797,242,300,MRM,WAIT FOR FUEL BAY,19.77
260810002,8/11/2026 3:03:46 AM,T130,Cat 797,685,780,MRM,FUEL&LUBE,17.99
260810002,8/11/2026 3:27:06 AM,T133,Cat 797,724,780,MRM,FUEL&LUBE,163.85
260810002,8/11/2026 3:34:14 AM,T455,Cat 785,517,780,MRM,FUEL&LUBE,23.8
260810002,8/11/2026 3:42:20 AM,T461,Cat 785,526,780,JPM,FUEL&LUBE,35.975
260810002,8/11/2026 3:43:07 AM,T140,Cat 797,1008,780,MRM,FUEL&LUBE,16.92
260810002,8/11/2026 3:46:21 AM,T167,Cat 797,909,780,MRM,FUEL&LUBE,21.315
260810002,8/11/2026 3:49:29 AM,T137,Cat 797,9,780,MRM,FUEL&LUBE,15.97
260810002,8/11/2026 3:49:38 AM,T137,Cat 797,728,300,MRM,WAIT FOR FUEL BAY,15.97
260810002,8/11/2026 3:58:29 AM,T164,Cat 797,1138,780,MRM,FUEL&LUBE,22.5
260810002,8/11/2026 4:01:59 AM,T137,Cat 797,864,780,MRM,FUEL&LUBE,16.8
260810002,8/11/2026 4:12:06 AM,T456,Cat 785,879,300,MRM,WAIT FOR FUEL BAY,26.865
260810002,8/11/2026 4:17:23 AM,T114,Cat 797,793,780,MRM,FUEL&LUBE,24.525
260810002,8/11/2026 4:26:47 AM,T456,Cat 785,2,780,MRM,FUEL&LUBE,49.29
260810002,8/11/2026 4:28:33 AM,T160,Cat 797,863,780,MRM,FUEL&LUBE,20.955
260810002,8/11/2026 4:30:55 AM,T153,Cat 797,741,780,MRM,FUEL&LUBE,22.38
260810002,8/11/2026 4:45:02 AM,T128,Cat 797,753,780,MRM,FUEL&LUBE,22.145
260811001,8/11/2026 6:00:26 AM,T138,Cat 797,788,780,MRM,FUEL&LUBE,17.04
260811001,8/11/2026 6:12:33 AM,T117,Cat 797,812,780,MRM,FUEL&LUBE,20.955
260811001,8/11/2026 6:22:52 AM,T161,Cat 797,178,780,JPM,FUEL&LUBE,27.69
260811001,8/11/2026 6:25:50 AM,T161,Cat 797,473,300,JPM,WAIT FOR FUEL BAY,27.69
260811001,8/11/2026 6:28:31 AM,T127,Cat 797,747,780,MRM,FUEL&LUBE,18.7
260811001,8/11/2026 6:33:43 AM,T161,Cat 797,398,780,JPM,FUEL&LUBE,25.54
260817001,8/17/2026 7:33:36 AM,T469,Cat 785,595,780,MRM,FUEL&LUBE,29.775
260817001,8/17/2026 7:35:31 AM,T147,Cat 797,921,780,JPM,FUEL&LUBE,
260817001,8/17/2026 7:43:54 AM,T133,Cat 797,723,780,MRM,FUEL&LUBE,163.85
260817001,8/17/2026 8:00:56 AM,T140,Cat 797,710,780,MRM,FUEL&LUBE,22.755
260817001,8/17/2026 8:02:39 AM,T137,Cat 797,876,780,JPM,FUEL&LUBE,25.915
260817001,8/17/2026 8:33:05 AM,T101,Cat 797,670,780,MRM,FUEL&LUBE,19.53
260817001,8/17/2026 8:35:03 AM,T466,Cat 785,560,780,MRM,FUEL&LUBE,87.2
260817001,8/17/2026 8:51:48 AM,T119,Cat 797,3,780,MRM,FUEL&LUBE,22.145
260817001,8/17/2026 8:51:51 AM,T119,Cat 797,65,300,MRM,WAIT FOR FUEL BAY,22.145
260817001,8/17/2026 8:52:56 AM,T119,Cat 797,730,780,MRM,FUEL&LUBE,21.075
260817001,8/17/2026 9:03:00 AM,T106,Cat 797,758,780,MRM,FUEL&LUBE,22.625
260817001,8/17/2026 9:07:02 AM,T463,Cat 785,657,780,JPM,FUEL&LUBE,33.74
260817001,8/17/2026 9:17:56 AM,T147,Cat 797,1,780,JPM,FUEL&LUBE,
260817001,8/17/2026 9:21:12 AM,T112,Cat 797,769,780,MRM,FUEL&LUBE,163.85
260817001,8/17/2026 9:22:46 AM,T149,Cat 797,1044,780,JPM,FUEL&LUBE,
260817001,8/17/2026 9:25:05 AM,T454,Cat 789,803,780,MRM,FUEL&LUBE,32.905
260817001,8/17/2026 9:41:08 AM,T111,Cat 797,68,780,MRM,FUEL&LUBE,25.16
260817001,8/17/2026 9:42:16 AM,T111,Cat 797,765,780,MRM,FUEL&LUBE,24.145
260817001,8/17/2026 9:43:10 AM,T152,Cat 797,1024,780,JPM,FUEL&LUBE,19.77
260817001,8/17/2026 10:02:08 AM,T152,Cat 797,12,780,JPM,FUEL&LUBE,92.22
260817001,8/17/2026 10:03:12 AM,T158,Cat 797,980,780,JPM,FUEL&LUBE,21.55
260817001,8/17/2026 10:16:53 AM,T470,Cat 785,467,780,MRM,FUEL&LUBE,163.855
260817001,8/17/2026 10:20:46 AM,T158,Cat 797,1,780,JPM,FUEL&LUBE,96.995
260817001,8/17/2026 10:26:05 AM,T139,Cat 797,764,780,JPM,FUEL&LUBE,24.78
260817001,8/17/2026 10:30:01 AM,T122,Cat 797,689,780,MRM,FUEL&LUBE,14.31
260817001,8/17/2026 10:36:24 AM,T168,Cat 797,1108,780,JPM,FUEL&LUBE,
260817001,8/17/2026 10:57:04 AM,T113,Cat 797,709,780,MRM,FUEL&LUBE,23.515
260817001,8/17/2026 11:06:06 AM,T144,Cat 797,801,780,JPM,FUEL&LUBE,
260817001,8/17/2026 11:10:08 AM,T109,Cat 797,975,780,MRM,FUEL&LUBE,20.955
260817001,8/17/2026 11:11:31 AM,T127,Cat 797,1062,780,MRM,FUEL&LUBE,23.005
260817001,8/17/2026 11:30:06 AM,T116,Cat 797,83,780,MRM,FUEL&LUBE,27.055
260817001,8/17/2026 11:31:33 AM,T116,Cat 797,904,780,MRM,FUEL&LUBE,27.055
260817001,8/17/2026 11:40:56 AM,T108,Cat 797,811,780,MRM,FUEL&LUBE,19.77
260817001,8/17/2026 11:50:59 AM,T153,Cat 797,972,780,MRM,FUEL&LUBE,16.8
260817001,8/17/2026 11:56:33 AM,T141,Cat 797,787,780,JPM,FUEL&LUBE,41.915
260817001,8/17/2026 12:09:43 PM,T141,Cat 797,3,780,JPM,FUEL&LUBE,98.615
260817001,8/17/2026 12:11:57 PM,T115,Cat 797,826,780,MRM,FUEL&LUBE,20.84
260817001,8/17/2026 12:33:37 PM,T164,Cat 797,781,780,MRM,FUEL&LUBE,17.87
260817001,8/17/2026 12:57:44 PM,T104,Cat 797,778,780,MRM,FUEL&LUBE,21.67
260817001,8/17/2026 12:57:55 PM,T167,Cat 797,116,780,MRM,FUEL&LUBE,20.72
260817001,8/17/2026 1:00:33 PM,T167,Cat 797,631,780,MRM,FUEL&LUBE,20.955
260817001,8/17/2026 1:02:35 PM,T157,Cat 797,601,780,MRM,FUEL&LUBE,20.955
260817001,8/17/2026 1:04:15 PM,T471,Cat 785,10,780,MRM,FUEL&LUBE,18.37
260817001,8/17/2026 1:04:25 PM,T471,Cat 785,438,300,MRM,WAIT FOR FUEL BAY,18.37
260817001,8/17/2026 1:11:09 PM,T167,Cat 797,2,780,MRM,FUEL&LUBE,58.95
260817001,8/17/2026 1:11:35 PM,T102,Cat 797,1030,780,JPM,FUEL&LUBE,25.41
260817001,8/17/2026 1:11:43 PM,T471,Cat 785,677,780,MRM,FUEL&LUBE,16.315
260817001,8/17/2026 1:12:36 PM,T157,Cat 797,1201,780,MRM,FUEL&LUBE,19.65
260817001,8/17/2026 1:29:43 PM,T107,Cat 797,856,780,MRM,FUEL&LUBE,20.365
260817001,8/17/2026 1:47:06 PM,T134,Cat 797,823,780,JPM,FUEL&LUBE,23.64
260817001,8/17/2026 1:53:39 PM,T136,Cat 797,906,780,MRM,FUEL&LUBE,20.84
260817001,8/17/2026 2:06:14 PM,T118,Cat 797,676,780,MRM,FUEL&LUBE,19.295
260817001,8/17/2026 2:23:12 PM,T121,Cat 797,66,780,MRM,FUEL&LUBE,163.85
260817001,8/17/2026 2:24:20 PM,T121,Cat 797,815,780,MRM,FUEL&LUBE,163.85
260817001,8/17/2026 2:32:48 PM,T150,Cat 797,833,780,JPM,FUEL&LUBE,20.6
260817001,8/17/2026 2:40:43 PM,T465,Cat 785,525,780,MRM,FUEL&LUBE,25.18
260817001,8/17/2026 2:44:26 PM,T117,Cat 797,744,780,MRM,FUEL&LUBE,22.755
260817001,8/17/2026 2:44:36 PM,T118,Cat 797,2,780,MRM,FUEL&LUBE,163.85
260817001,8/17/2026 2:49:48 PM,T129,Cat 797,772,780,MRM,FUEL&LUBE,19.53
260817001,8/17/2026 3:15:45 PM,T132,Cat 797,859,780,MRM,FUEL&LUBE,163.85
260817001,8/17/2026 3:18:45 PM,T126,Cat 797,764,780,MRM,FUEL&LUBE,20.005
260817001,8/17/2026 3:22:53 PM,T101,Cat 797,1196,780,MRM,FUEL&LUBE,40.365
260817001,8/17/2026 3:25:19 PM,T161,Cat 797,845,780,JPM,FUEL&LUBE,32.06
260817001,8/17/2026 3:33:35 PM,T123,Cat 797,934,780,MRM,FUEL&LUBE,20.48
260817001,8/17/2026 3:38:27 PM,T114,Cat 797,999,780,MRM,FUEL&LUBE,20.84
260817001,8/17/2026 3:46:18 PM,T171,Cat 797,936,780,JPM,FUEL&LUBE,
260817001,8/17/2026 4:03:13 PM,T154,Cat 797,789,780,JPM,FUEL&LUBE,26.045
260817001,8/17/2026 4:07:00 PM,T124,Cat 797,6,780,MRM,FUEL&LUBE,20.48
260817001,8/17/2026 4:07:06 PM,T124,Cat 797,763,780,MRM,FUEL&LUBE,20.48
260817001,8/17/2026 4:12:42 PM,T163,Cat 797,75,780,MRM,FUEL&LUBE,24.27
260817001,8/17/2026 4:13:07 PM,T468,Cat 785,674,780,MRM,FUEL&LUBE,37.405
260817001,8/17/2026 4:13:57 PM,T163,Cat 797,416,300,MRM,WAIT FOR FUEL BAY,24.27
260817001,8/17/2026 4:20:53 PM,T163,Cat 797,734,780,MRM,FUEL&LUBE,24.78
260817001,8/17/2026 4:40:15 PM,T456,Cat 785,629,780,MRM,FUEL&LUBE,35.815
260817001,8/17/2026 4:42:35 PM,T135,Cat 797,884,780,MRM,FUEL&LUBE,24.78
260817001,8/17/2026 4:48:15 PM,T156,Cat 797,4,780,JPM,FUEL&LUBE,26.045
260817001,8/17/2026 4:48:19 PM,T156,Cat 797,51,300,JPM,WAIT FOR FUEL BAY,26.045
260817001,8/17/2026 4:48:36 PM,T472,Cat 785,6,780,MRM,FUEL&LUBE,27.63
260810001,8/10/2026 6:00:00 AM,T133,Cat 797,471,780,MRM,FUEL&LUBE,163.85
260810001,8/10/2026 6:00:00 AM,T157,Cat 797,22,780,MRM,FUEL&LUBE,32.725
260810001,8/10/2026 6:04:58 AM,T136,Cat 797,1153,780,MRM,FUEL&LUBE,76.75
260810001,8/10/2026 6:27:44 AM,T470,Cat 785,448,780,MRM,FUEL&LUBE,163.855
260810001,8/10/2026 6:31:00 AM,T152,Cat 797,1286,780,JPM,FUEL&LUBE,17.515
260810001,8/10/2026 6:53:04 AM,T127,Cat 797,873,780,MRM,FUEL&LUBE,21.43
260810001,8/10/2026 6:56:35 AM,T134,Cat 797,911,780,JPM,FUEL&LUBE,28.575
260810001,8/10/2026 7:00:41 AM,T455,Cat 785,731,780,MRM,FUEL&LUBE,25.485
260810001,8/10/2026 7:09:38 AM,T117,Cat 797,922,780,MRM,FUEL&LUBE,18.7
260810001,8/10/2026 7:13:56 AM,T116,Cat 797,843,780,MRM,FUEL&LUBE,14.49
260810001,8/10/2026 7:16:50 AM,T150,Cat 797,85,780,JPM,FUEL&LUBE,46.27
260810001,8/10/2026 7:18:15 AM,T150,Cat 797,679,780,JPM,FUEL&LUBE,45.85
260810001,8/10/2026 7:40:39 AM,T151,Cat 797,876,780,MRM,FUEL&LUBE,14.465
260810001,8/10/2026 7:46:32 AM,T141,Cat 797,5,780,JPM,FUEL&LUBE,23.765
260810001,8/10/2026 7:46:37 AM,T141,Cat 797,1446,780,JPM,FUEL&LUBE,23.765
260810001,8/10/2026 7:58:30 AM,T103,Cat 797,863,780,MRM,FUEL&LUBE,16.92
260810001,8/10/2026 8:13:01 AM,T161,Cat 797,830,780,JPM,FUEL&LUBE,23.765
260810001,8/10/2026 8:24:17 AM,T125,Cat 797,745,780,MRM,FUEL&LUBE,16.68
260810001,8/10/2026 8:34:53 AM,T153,Cat 797,844,780,MRM,FUEL&LUBE,20.125
260810001,8/10/2026 8:36:43 AM,T158,Cat 797,769,780,JPM,FUEL&LUBE,26.17
260810001,8/10/2026 9:01:58 AM,T139,Cat 797,902,780,JPM,FUEL&LUBE,24.65
260810001,8/10/2026 9:04:17 AM,T106,Cat 797,733,780,MRM,FUEL&LUBE,24.145
260810001,8/10/2026 9:26:02 AM,T463,Cat 785,604,780,JPM,FUEL&LUBE,34.22
260810001,8/10/2026 9:30:52 AM,T112,Cat 797,812,780,MRM,FUEL&LUBE,163.85
260810001,8/10/2026 9:42:55 AM,T119,Cat 797,834,780,MRM,FUEL&LUBE,32.725
260810001,8/10/2026 10:01:00 AM,T459,Cat 785,498,780,JPM,FUEL&LUBE,35.815
260810001,8/10/2026 10:12:32 AM,T129,Cat 797,940,780,MRM,FUEL&LUBE,17.155
260810001,8/10/2026 10:14:38 AM,T109,Cat 797,985,780,MRM,FUEL&LUBE,17.275
260810001,8/10/2026 10:20:48 AM,T476,Cat 793,640,780,JPM,FUEL&LUBE,60.555
260810001,8/10/2026 10:37:23 AM,T452,Cat 789,747,780,MRM,FUEL&LUBE,163.86
260810001,8/10/2026 10:53:57 AM,T156,Cat 797,556,780,JPM,FUEL&LUBE,32.46
260810001,8/10/2026 10:53:58 AM,T120,Cat 797,3,780,MRM,FUEL&LUBE,21.195
260810001,8/10/2026 10:54:01 AM,T120,Cat 797,78,300,MRM,WAIT FOR FUEL BAY,21.195
260810001,8/10/2026 10:55:19 AM,T120,Cat 797,851,780,MRM,FUEL&LUBE,21.195
260810001,8/10/2026 10:56:32 AM,T135,Cat 797,37,780,MRM,FUEL&LUBE,15.615
260810001,8/10/2026 10:57:09 AM,T135,Cat 797,1024,780,MRM,FUEL&LUBE,15.97
260810001,8/10/2026 11:03:15 AM,T156,Cat 797,1,780,JPM,FUEL&LUBE,38.04
260810001,8/10/2026 11:07:13 AM,T105,Cat 797,3,780,MRM,FUEL&LUBE,14.69
260810001,8/10/2026 11:07:16 AM,T105,Cat 797,131,300,MRM,WAIT FOR FUEL BAY,14.69
260810001,8/10/2026 11:10:36 AM,T105,Cat 797,752,780,MRM,FUEL&LUBE,14.645
260810001,8/10/2026 11:32:16 AM,T122,Cat 797,985,780,MRM,FUEL&LUBE,14.845
260810001,8/10/2026 11:38:18 AM,T154,Cat 797,577,780,JPM,FUEL&LUBE,28.575
260810001,8/10/2026 11:45:05 AM,T108,Cat 797,464,780,MRM,FUEL&LUBE,15.495
260810001,8/10/2026 11:47:56 AM,T154,Cat 797,3,780,JPM,FUEL&LUBE,51.365
260810001,8/10/2026 12:00:22 PM,T114,Cat 797,1422,780,MRM,FUEL&LUBE,14.69
260810001,8/10/2026 12:13:04 PM,T107,Cat 797,45,780,MRM,FUEL&LUBE,18.94
260810001,8/10/2026 12:21:03 PM,T169,Cat 797,386,780,JPM,FUEL&LUBE,
260810001,8/10/2026 12:27:33 PM,T169,Cat 797,3,780,JPM,FUEL&LUBE,
260810001,8/10/2026 12:33:05 PM,T137,Cat 797,890,780,MRM,FUEL&LUBE,16.09
260810001,8/10/2026 12:38:34 PM,T166,Cat 797,261,300,MRM,WAIT FOR FUEL BAY,16.205
260810001,8/10/2026 12:42:56 PM,T166,Cat 797,882,780,MRM,FUEL&LUBE,15.85
260810001,8/10/2026 12:55:21 PM,T144,Cat 797,797,780,JPM,FUEL&LUBE,
260810001,8/10/2026 1:05:25 PM,T121,Cat 797,806,780,MRM,FUEL&LUBE,163.85
260810001,8/10/2026 1:17:03 PM,T132,Cat 797,851,780,MRM,FUEL&LUBE,99.655
260810001,8/10/2026 1:18:10 PM,T140,Cat 797,868,780,MRM,FUEL&LUBE,14.9
260810001,8/10/2026 1:28:29 PM,T462,Cat 785,1,780,JPM,FUEL&LUBE,30.08
260810001,8/10/2026 1:39:23 PM,T123,Cat 797,709,780,MRM,FUEL&LUBE,17.515
260810001,8/10/2026 1:40:17 PM,T474,Cat 785,601,780,JPM,FUEL&LUBE,25.945
260810001,8/10/2026 2:02:28 PM,T130,Cat 797,876,780,MRM,FUEL&LUBE,23.135
260810001,8/10/2026 2:05:39 PM,T121,Cat 797,661,780,MRM,FUEL&LUBE,163.85
260810001,8/10/2026 2:08:54 PM,T101,Cat 797,2,780,MRM,FUEL&LUBE,14.605
260810001,8/10/2026 2:08:56 PM,T101,Cat 797,577,300,MRM,WAIT FOR FUEL BAY,14.605
260810001,8/10/2026 2:18:33 PM,T101,Cat 797,672,780,MRM,FUEL&LUBE,14.55
260810001,8/10/2026 2:20:38 PM,T171,Cat 797,1008,780,JPM,FUEL&LUBE,
260810001,8/10/2026 2:39:47 PM,T164,Cat 797,107,780,MRM,FUEL&LUBE,21.315
260810001,8/10/2026 2:41:34 PM,T164,Cat 797,795,780,MRM,FUEL&LUBE,21.315
260810001,8/10/2026 2:45:25 PM,T458,Cat 785,3,780,JPM,FUEL&LUBE,27.935
260810001,8/10/2026 2:45:28 PM,T458,Cat 785,554,780,JPM,FUEL&LUBE,27.935
260810001,8/10/2026 2:53:55 PM,T152,Cat 797,114,300,JPM,WAIT FOR FUEL BAY,29.335
260810001,8/10/2026 2:54:46 PM,T460,Cat 785,483,780,MRM,FUEL&LUBE,61.66
260810001,8/10/2026 2:55:49 PM,T152,Cat 797,717,780,JPM,FUEL&LUBE,29.335
260810001,8/10/2026 2:56:03 PM,T126,Cat 797,779,780,MRM,FUEL&LUBE,15.02
260810001,8/10/2026 3:08:00 PM,T152,Cat 797,1,780,JPM,FUEL&LUBE,28.575
260810001,8/10/2026 3:17:02 PM,T167,Cat 797,921,780,MRM,FUEL&LUBE,17.275
260810001,8/10/2026 3:25:22 PM,T461,Cat 785,500,780,JPM,FUEL&LUBE,27.02
260810001,8/10/2026 3:26:51 PM,T160,Cat 797,848,780,MRM,FUEL&LUBE,19.53
260810001,8/10/2026 3:35:41 PM,T138,Cat 797,858,780,MRM,FUEL&LUBE,17.75
260810001,8/10/2026 3:56:02 PM,T102,Cat 797,830,780,MRM,FUEL&LUBE,16.09
260810001,8/10/2026 4:02:27 PM,T134,Cat 797,626,780,JPM,FUEL&LUBE,23.005
260810001,8/10/2026 4:04:21 PM,T113,Cat 797,28,780,MRM,FUEL&LUBE,18.7
260810001,8/10/2026 4:04:49 PM,T113,Cat 797,343,300,MRM,WAIT FOR FUEL BAY,18.7
260810001,8/10/2026 4:10:32 PM,T113,Cat 797,703,780,MRM,FUEL&LUBE,17.75
260810001,8/10/2026 4:17:42 PM,T471,Cat 785,764,780,MRM,FUEL&LUBE,23.8
260810001,8/10/2026 4:25:13 PM,T128,Cat 797,129,780,MRM,FUEL&LUBE,15.97
260810001,8/10/2026 4:27:22 PM,T128,Cat 797,884,780,MRM,FUEL&LUBE,15.73
260810001,8/10/2026 4:28:41 PM,T133,Cat 797,915,780,MRM,FUEL&LUBE,163.85
260810001,8/10/2026 4:57:30 PM,T124,Cat 797,844,780,MRM,FUEL&LUBE,15.97
260810001,8/10/2026 5:01:53 PM,T150,Cat 797,835,780,JPM,FUEL&LUBE,30.345
260810001,8/10/2026 5:11:24 PM,T162,Cat 797,862,780,MRM,FUEL&LUBE,15.375
260810001,8/10/2026 5:18:09 PM,T166,Cat 797,2,300,MRM,WAIT FOR FUEL BAY,81.7
260810001,8/10/2026 5:27:25 PM,T163,Cat 797,5,780,MRM,FUEL&LUBE,22.025
260810001,8/10/2026 5:27:30 PM,T163,Cat 797,102,300,MRM,WAIT FOR FUEL BAY,22.025
260810001,8/10/2026 5:29:12 PM,T163,Cat 797,804,780,MRM,FUEL&LUBE,22.025
260810002,8/10/2026 6:00:58 PM,T127,Cat 797,814,780,MRM,FUEL&LUBE,25.79
260810002,8/10/2026 6:06:00 PM,T153,Cat 797,869,780,MRM,FUEL&LUBE,25.54
260810002,8/10/2026 6:35:05 PM,T470,Cat 785,221,780,MRM,FUEL&LUBE,163.855
260810002,8/10/2026 6:41:08 PM,T157,Cat 797,1004,780,MRM,FUEL&LUBE,20.955
260810002,8/10/2026 7:00:30 PM,T156,Cat 797,1334,780,JPM,FUEL&LUBE,50.625
260810002,8/10/2026 7:10:42 PM,T117,Cat 797,689,780,MRM,FUEL&LUBE,22.88
260810002,8/10/2026 7:13:37 PM,T103,Cat 797,740,780,MRM,FUEL&LUBE,26.17
260810002,8/10/2026 7:26:40 PM,T161,Cat 797,755,780,JPM,FUEL&LUBE,24.905
260810002,8/10/2026 7:34:51 PM,T106,Cat 797,809,780,MRM,FUEL&LUBE,40.225
260810002,8/10/2026 7:53:23 PM,T158,Cat 797,107,300,JPM,WAIT FOR FUEL BAY,30.095
260810002,8/10/2026 7:55:11 PM,T158,Cat 797,958,780,JPM,FUEL&LUBE,29.965
260811001,8/11/2026 6:41:48 AM,T156,Cat 797,903,780,JPM,FUEL&LUBE,25.915
260811001,8/11/2026 6:44:41 AM,T469,Cat 785,677,780,MRM,FUEL&LUBE,20.735
260811001,8/11/2026 6:49:00 AM,T470,Cat 785,505,780,MRM,FUEL&LUBE,163.855
260811001,8/11/2026 6:51:35 AM,T163,Cat 797,1219,780,MRM,FUEL&LUBE,17.395
260811001,8/11/2026 6:57:48 AM,T150,Cat 797,785,780,JPM,FUEL&LUBE,14.845
260811001,8/11/2026 7:04:04 AM,T108,Cat 797,346,300,MRM,WAIT FOR FUEL BAY,15.14
260811001,8/11/2026 7:10:43 AM,T108,Cat 797,694,780,MRM,FUEL&LUBE,14.9
260811001,8/11/2026 7:10:54 AM,T162,Cat 797,911,780,MRM,FUEL&LUBE,18.345
260811001,8/11/2026 7:14:20 AM,T158,Cat 797,758,780,JPM,FUEL&LUBE,24.525
260811001,8/11/2026 7:28:18 AM,T476,Cat 793,513,780,JPM,FUEL&LUBE,80.345
260811001,8/11/2026 7:41:45 AM,T129,Cat 797,1135,780,MRM,FUEL&LUBE,14.675
260811001,8/11/2026 7:43:04 AM,T124,Cat 797,852,780,MRM,FUEL&LUBE,14.28
260811001,8/11/2026 7:54:49 AM,T141,Cat 797,872,780,JPM,FUEL&LUBE,25.285
260811001,8/11/2026 7:58:41 AM,T471,Cat 785,594,780,MRM,FUEL&LUBE,59.935
260811001,8/11/2026 8:03:41 AM,T115,Cat 797,9,780,MRM,FUEL&LUBE,64.65
260811001,8/11/2026 8:04:02 AM,T154,Cat 797,402,300,JPM,WAIT FOR FUEL BAY,31.13
260811001,8/11/2026 8:10:45 AM,T154,Cat 797,663,780,JPM,FUEL&LUBE,29.715
260811001,8/11/2026 8:14:17 AM,T139,Cat 797,28,780,JPM,FUEL&LUBE,24.65
260811001,8/11/2026 8:15:45 AM,T122,Cat 797,714,780,MRM,FUEL&LUBE,16.565
260811001,8/11/2026 8:20:19 AM,T106,Cat 797,1002,780,MRM,FUEL&LUBE,14.76
260811001,8/11/2026 8:33:44 AM,T103,Cat 797,982,780,MRM,FUEL&LUBE,15.97
260811001,8/11/2026 8:42:16 AM,T112,Cat 797,691,780,MRM,FUEL&LUBE,163.85
260811001,8/11/2026 8:42:42 AM,T121,Cat 797,1263,300,MRM,WAIT FOR FUEL BAY,163.85
260811001,8/11/2026 8:48:16 AM,T139,Cat 797,3,780,JPM,FUEL&LUBE,21.79
260811001,8/11/2026 8:48:19 AM,T139,Cat 797,746,780,JPM,FUEL&LUBE,21.79
260811001,8/11/2026 9:01:41 AM,T123,Cat 797,1010,780,MRM,FUEL&LUBE,18.105
260811001,8/11/2026 9:03:46 AM,T121,Cat 797,81,780,MRM,FUEL&LUBE,163.85
260811001,8/11/2026 9:04:22 AM,T171,Cat 797,1034,780,JPM,FUEL&LUBE,
260811001,8/11/2026 9:33:03 AM,T102,Cat 797,83,780,MRM,FUEL&LUBE,21.79
260811001,8/11/2026 9:34:26 AM,T102,Cat 797,566,780,MRM,FUEL&LUBE,20.48
260811001,8/11/2026 9:39:15 AM,T144,Cat 797,721,300,JPM,WAIT FOR FUEL BAY,
260811001,8/11/2026 9:40:31 AM,T152,Cat 797,609,780,JPM,FUEL&LUBE,14.635
260811001,8/11/2026 9:49:20 AM,T151,Cat 797,50,780,MRM,FUEL&LUBE,23.89
260811001,8/11/2026 9:50:10 AM,T151,Cat 797,837,780,MRM,FUEL&LUBE,23.005
260811001,8/11/2026 9:50:44 AM,T152,Cat 797,1,780,JPM,FUEL&LUBE,163.85
260811001,8/11/2026 9:51:17 AM,T144,Cat 797,911,780,JPM,FUEL&LUBE,
260811001,8/11/2026 9:52:07 AM,T157,Cat 797,877,780,MRM,FUEL&LUBE,16.92
260811001,8/11/2026 9:54:04 AM,T132,Cat 797,1454,780,MRM,FUEL&LUBE,163.85
260811001,8/11/2026 10:05:20 AM,T169,Cat 797,2,780,JPM,FUEL&LUBE,
260811001,8/11/2026 10:05:22 AM,T169,Cat 797,141,300,JPM,WAIT FOR FUEL BAY,
260811001,8/11/2026 10:07:43 AM,T169,Cat 797,762,780,JPM,FUEL&LUBE,
260811001,8/11/2026 10:12:19 AM,T136,Cat 797,915,780,MRM,FUEL&LUBE,16.205
260811001,8/11/2026 10:27:54 AM,T134,Cat 797,669,780,JPM,FUEL&LUBE,24.905
260811001,8/11/2026 10:33:38 AM,T101,Cat 797,728,780,MRM,FUEL&LUBE,14.49
260811001,8/11/2026 10:48:49 AM,T459,Cat 785,539,780,JPM,FUEL&LUBE,34.06
260811001,8/11/2026 10:58:19 AM,T116,Cat 797,9,780,MRM,FUEL&LUBE,14.52
260811001,8/11/2026 10:58:28 AM,T116,Cat 797,59,300,MRM,WAIT FOR FUEL BAY,14.52
260811001,8/11/2026 10:59:27 AM,T116,Cat 797,820,780,MRM,FUEL&LUBE,14.52
260811001,8/11/2026 11:46:01 AM,T126,Cat 797,829,780,MRM,FUEL&LUBE,22.265
260811001,8/11/2026 12:04:43 PM,T460,Cat 785,769,780,MRM,FUEL&LUBE,22.115
260811001,8/11/2026 12:06:41 PM,T133,Cat 797,884,780,MRM,FUEL&LUBE,163.85
260811001,8/11/2026 12:25:12 PM,T153,Cat 797,667,780,MRM,FUEL&LUBE,21.79
260811001,8/11/2026 12:43:22 PM,T116,Cat 797,3,300,MRM,WAIT FOR FUEL BAY,93.295
260811001,8/11/2026 12:46:32 PM,T105,Cat 797,830,780,MRM,FUEL&LUBE,24.27
260811001,8/11/2026 12:48:37 PM,T149,Cat 797,787,780,JPM,FUEL&LUBE,
260811001,8/11/2026 12:57:57 PM,T113,Cat 797,719,780,MRM,FUEL&LUBE,14.69
260811001,8/11/2026 1:38:45 PM,T119,Cat 797,832,780,MRM,FUEL&LUBE,14.565
260811001,8/11/2026 1:42:02 PM,T110,Cat 797,856,780,MRM,FUEL&LUBE,16.92
260811001,8/11/2026 2:18:08 PM,T107,Cat 797,5,780,MRM,FUEL&LUBE,14.715
260811001,8/11/2026 2:18:13 PM,T107,Cat 797,111,300,MRM,WAIT FOR FUEL BAY,14.715
260811001,8/11/2026 2:19:11 PM,T109,Cat 797,977,780,MRM,FUEL&LUBE,15.73
260811001,8/11/2026 2:20:04 PM,T107,Cat 797,816,780,MRM,FUEL&LUBE,14.715
260811001,8/11/2026 2:35:12 PM,T466,Cat 785,533,780,MRM,FUEL&LUBE,25.64
260811001,8/11/2026 2:42:22 PM,T472,Cat 785,733,780,MRM,FUEL&LUBE,23.645
260811001,8/11/2026 2:51:38 PM,T463,Cat 785,440,780,JPM,FUEL&LUBE,37.25
260811001,8/11/2026 2:52:52 PM,T135,Cat 797,832,780,MRM,FUEL&LUBE,14.635
260811001,8/11/2026 2:53:54 PM,T120,Cat 797,3,780,MRM,FUEL&LUBE,16.325
260811001,8/11/2026 2:53:57 PM,T120,Cat 797,93,300,MRM,WAIT FOR FUEL BAY,16.325
260811001,8/11/2026 2:54:53 PM,T166,Cat 797,769,780,MRM,FUEL&LUBE,16.445
260811001,8/11/2026 2:55:30 PM,T120,Cat 797,763,780,MRM,FUEL&LUBE,16.325
260811001,8/11/2026 3:13:11 PM,T166,Cat 797,509,780,MRM,FUEL&LUBE,15.255
260811001,8/11/2026 3:14:15 PM,T164,Cat 797,968,780,MRM,FUEL&LUBE,29.84
260811001,8/11/2026 3:21:06 PM,T130,Cat 797,932,780,MRM,FUEL&LUBE,20.005
260811001,8/11/2026 3:37:22 PM,T115,Cat 797,535,780,MRM,FUEL&LUBE,74.17
260811001,8/11/2026 3:51:11 PM,T108,Cat 797,303,780,MRM,FUEL&LUBE,22.755
260811001,8/11/2026 3:54:02 PM,T168,Cat 797,2,780,JPM,FUEL&LUBE,
260811001,8/11/2026 3:54:04 PM,T168,Cat 797,823,780,JPM,FUEL&LUBE,
260811001,8/11/2026 3:56:14 PM,T108,Cat 797,155,300,MRM,WAIT FOR FUEL BAY,21.905
260811001,8/11/2026 3:58:49 PM,T108,Cat 797,748,780,MRM,FUEL&LUBE,21.905
260811001,8/11/2026 4:06:20 PM,T474,Cat 785,771,780,JPM,FUEL&LUBE,41.77
260811001,8/11/2026 4:30:20 PM,T114,Cat 797,892,780,MRM,FUEL&LUBE,16.8
260811001,8/11/2026 4:32:20 PM,T161,Cat 797,783,780,JPM,FUEL&LUBE,29.08
260811001,8/11/2026 4:50:37 PM,T140,Cat 797,901,780,MRM,FUEL&LUBE,17.155
260811001,8/11/2026 5:02:20 PM,T158,Cat 797,762,780,JPM,FUEL&LUBE,27.815
260811001,8/11/2026 5:10:19 PM,T127,Cat 797,47,780,MRM,FUEL&LUBE,24.02
260811001,8/11/2026 5:11:06 PM,T127,Cat 797,70,300,MRM,WAIT FOR FUEL BAY,24.02
260811001,8/11/2026 5:12:16 PM,T127,Cat 797,728,780,MRM,FUEL&LUBE,24.02
260811001,8/11/2026 5:13:27 PM,T117,Cat 797,938,780,MRM,FUEL&LUBE,20.72
260811001,8/11/2026 5:15:05 PM,T158,Cat 797,4,780,JPM,FUEL&LUBE,47.395
260811001,8/11/2026 5:15:16 PM,T158,Cat 797,4,780,JPM,FUEL&LUBE,47.395
260811001,8/11/2026 5:26:48 PM,T129,Cat 797,4,780,MRM,FUEL&LUBE,15.97
260811001,8/11/2026 5:26:52 PM,T129,Cat 797,134,300,MRM,WAIT FOR FUEL BAY,15.97
260811001,8/11/2026 5:26:57 PM,T122,Cat 797,830,780,MRM,FUEL&LUBE,16.565
260811001,8/11/2026 5:29:06 PM,T129,Cat 797,699,780,MRM,FUEL&LUBE,14.86
260811001,8/11/2026 5:40:29 PM,T137,Cat 797,1003,780,MRM,FUEL&LUBE,17.155
260811001,8/11/2026 5:46:44 PM,T160,Cat 797,134,300,MRM,WAIT FOR FUEL BAY,20.72
260811001,8/11/2026 5:48:59 PM,T160,Cat 797,661,780,MRM,FUEL&LUBE,20.125
260811002,8/11/2026 6:00:00 PM,T160,Cat 797,95,780,MRM,FUEL&LUBE,42.195
260811002,8/11/2026 6:01:07 PM,T150,Cat 797,1204,780,JPM,FUEL&LUBE,21.075
260811002,8/11/2026 6:21:36 PM,T138,Cat 797,902,780,MRM,FUEL&LUBE,17.99
260811002,8/11/2026 6:26:48 PM,T123,Cat 797,684,780,MRM,FUEL&LUBE,21.43
260811002,8/11/2026 6:27:44 PM,T470,Cat 785,935,780,MRM,FUEL&LUBE,163.855
260811002,8/11/2026 6:28:06 PM,T152,Cat 797,689,780,JPM,FUEL&LUBE,15.97
260811002,8/11/2026 6:49:00 PM,T462,Cat 785,2,780,JPM,FUEL&LUBE,19.105
260811002,8/11/2026 6:53:29 PM,T162,Cat 797,1022,780,MRM,FUEL&LUBE,23.765
260811002,8/11/2026 6:56:01 PM,T128,Cat 797,874,780,MRM,FUEL&LUBE,20.6
260811002,8/11/2026 6:59:35 PM,T134,Cat 797,8,780,JPM,FUEL&LUBE,20.6
260811002,8/11/2026 6:59:43 PM,T134,Cat 797,687,780,JPM,FUEL&LUBE,20.6
260811002,8/11/2026 7:07:02 PM,T472,Cat 785,654,780,MRM,FUEL&LUBE,77.2
260811002,8/11/2026 7:14:47 PM,T163,Cat 797,801,780,MRM,FUEL&LUBE,22.625
260811002,8/11/2026 7:17:59 PM,T472,Cat 785,2,780,MRM,FUEL&LUBE,95.18999
260811002,8/11/2026 7:20:50 PM,T156,Cat 797,906,780,JPM,FUEL&LUBE,17.515
260811002,8/11/2026 7:35:53 PM,T141,Cat 797,808,780,JPM,FUEL&LUBE,17.515
260811002,8/11/2026 7:44:44 PM,T106,Cat 797,813,780,MRM,FUEL&LUBE,27.31
260811002,8/11/2026 7:54:06 PM,T154,Cat 797,66,300,JPM,WAIT FOR FUEL BAY,16.445
260811002,8/11/2026 7:55:12 PM,T154,Cat 797,732,780,JPM,FUEL&LUBE,15.97
260811002,8/11/2026 8:05:00 PM,T133,Cat 797,680,780,MRM,FUEL&LUBE,163.85
260811002,8/11/2026 8:07:25 PM,T154,Cat 797,3,780,JPM,FUEL&LUBE,163.85
260811002,8/11/2026 8:14:29 PM,T139,Cat 797,1044,780,JPM,FUEL&LUBE,21.075
260811002,8/11/2026 8:16:23 PM,T112,Cat 797,867,780,MRM,FUEL&LUBE,163.85
260811002,8/11/2026 8:29:53 PM,T103,Cat 797,970,780,MRM,FUEL&LUBE,21.905
260811002,8/11/2026 8:32:45 PM,T169,Cat 797,52,300,JPM,WAIT FOR FUEL BAY,
260811002,8/11/2026 8:34:06 PM,T169,Cat 797,849,780,JPM,FUEL&LUBE,
260811002,8/11/2026 8:34:51 PM,T101,Cat 797,748,780,MRM,FUEL&LUBE,14.715
260811002,8/11/2026 8:55:27 PM,T456,Cat 785,719,780,MRM,FUEL&LUBE,29.47
260811002,8/11/2026 9:02:43 PM,T164,Cat 797,918,780,MRM,FUEL&LUBE,82.3
260811002,8/11/2026 9:05:20 PM,T124,Cat 797,887,780,MRM,FUEL&LUBE,21.67
260811002,8/11/2026 9:10:13 PM,T461,Cat 785,598,780,JPM,FUEL&LUBE,25.335
260811002,8/11/2026 9:30:39 PM,T121,Cat 797,734,780,MRM,FUEL&LUBE,163.85
260811002,8/11/2026 9:30:48 PM,T126,Cat 797,658,780,MRM,FUEL&LUBE,21.43
260811002,8/11/2026 9:43:28 PM,T158,Cat 797,31,780,JPM,FUEL&LUBE,67.805
260811002,8/11/2026 9:51:59 PM,T455,Cat 785,534,780,MRM,FUEL&LUBE,35.335
260811002,8/11/2026 9:53:42 PM,T132,Cat 797,995,780,MRM,FUEL&LUBE,163.85
260811002,8/11/2026 10:04:16 PM,T153,Cat 797,639,780,MRM,FUEL&LUBE,20.005
260811002,8/11/2026 10:22:42 PM,T115,Cat 797,859,780,MRM,FUEL&LUBE,25.665
260811002,8/11/2026 10:27:16 PM,T113,Cat 797,906,780,MRM,FUEL&LUBE,20.955
260811002,8/11/2026 10:35:31 PM,T157,Cat 797,1237,780,MRM,FUEL&LUBE,22.625
260811002,8/11/2026 10:54:14 PM,T151,Cat 797,769,780,MRM,FUEL&LUBE,22.88
260811002,8/11/2026 11:09:14 PM,T133,Cat 797,712,780,MRM,FUEL&LUBE,163.85
260811002,8/11/2026 11:14:53 PM,T136,Cat 797,830,780,MRM,FUEL&LUBE,20.48
260811002,8/11/2026 11:18:18 PM,T171,Cat 797,4,780,JPM,FUEL&LUBE,
260811002,8/11/2026 11:18:22 PM,T171,Cat 797,940,780,JPM,FUEL&LUBE,
260811002,8/11/2026 11:38:47 PM,T116,Cat 797,761,780,MRM,FUEL&LUBE,18.345
260811002,8/11/2026 11:44:40 PM,T469,Cat 785,844,780,MRM,FUEL&LUBE,20.735
260811002,8/11/2026 11:51:51 PM,T463,Cat 785,452,780,JPM,FUEL&LUBE,32.625
260811002,8/12/2026 12:03:22 AM,T459,Cat 785,568,780,JPM,FUEL&LUBE,35.335
260811002,8/12/2026 12:07:37 AM,T454,Cat 789,2,780,MRM,FUEL&LUBE,35.075
260811002,8/12/2026 12:16:53 AM,T471,Cat 785,716,780,MRM,FUEL&LUBE,45.615
260811002,8/12/2026 12:26:21 AM,T161,Cat 797,889,780,JPM,FUEL&LUBE,46.695
260811002,8/12/2026 12:56:52 AM,T144,Cat 797,115,780,JPM,FUEL&LUBE,
260811002,8/12/2026 12:58:47 AM,T144,Cat 797,742,780,JPM,FUEL&LUBE,
260811002,8/12/2026 1:13:21 AM,T119,Cat 797,927,780,MRM,FUEL&LUBE,26.805
260811002,8/12/2026 1:21:36 AM,T149,Cat 797,811,780,JPM,FUEL&LUBE,
260811002,8/12/2026 1:35:10 AM,T149,Cat 797,2,780,JPM,FUEL&LUBE,
260811002,8/12/2026 1:37:52 AM,T168,Cat 797,98,300,JPM,WAIT FOR FUEL BAY,
260811002,8/12/2026 1:39:31 AM,T168,Cat 797,826,780,JPM,FUEL&LUBE,
260811002,8/12/2026 1:52:09 AM,T110,Cat 797,787,780,MRM,FUEL&LUBE,27.055
260811002,8/12/2026 1:59:40 AM,T107,Cat 797,813,780,MRM,FUEL&LUBE,23.765
260811002,8/12/2026 2:12:11 AM,T141,Cat 797,719,780,JPM,FUEL&LUBE,56.71
260811002,8/12/2026 2:22:44 AM,T122,Cat 797,640,780,MRM,FUEL&LUBE,24.78
260811002,8/12/2026 2:26:31 AM,T135,Cat 797,817,780,MRM,FUEL&LUBE,25.79
260811002,8/12/2026 2:43:18 AM,T129,Cat 797,9,780,MRM,FUEL&LUBE,21.195
260811002,8/12/2026 2:43:27 AM,T129,Cat 797,5,300,MRM,WAIT FOR FUEL BAY,21.195
260811002,8/12/2026 2:43:32 AM,T129,Cat 797,782,780,MRM,FUEL&LUBE,21.195
260811002,8/12/2026 2:53:28 AM,T152,Cat 797,7,780,JPM,FUEL&LUBE,24.525
260811002,8/12/2026 2:53:35 AM,T152,Cat 797,857,780,JPM,FUEL&LUBE,24.525
260811002,8/12/2026 3:05:41 AM,T130,Cat 797,739,780,MRM,FUEL&LUBE,23.64
260811002,8/12/2026 3:11:48 AM,T120,Cat 797,854,780,MRM,FUEL&LUBE,29.21
260811002,8/12/2026 3:14:45 AM,T166,Cat 797,8,780,MRM,FUEL&LUBE,27.31
260811002,8/12/2026 3:14:53 AM,T166,Cat 797,203,300,MRM,WAIT FOR FUEL BAY,27.31
260811002,8/12/2026 3:19:09 AM,T166,Cat 797,748,780,MRM,FUEL&LUBE,25.54
260811002,8/12/2026 3:43:15 AM,T134,Cat 797,673,780,JPM,FUEL&LUBE,21.55
260811002,8/12/2026 3:52:08 AM,T123,Cat 797,669,780,MRM,FUEL&LUBE,22.025
260811002,8/12/2026 3:54:05 AM,T109,Cat 797,849,780,MRM,FUEL&LUBE,24.78
260811002,8/12/2026 4:23:35 AM,T117,Cat 797,696,780,MRM,FUEL&LUBE,27.055
260811002,8/12/2026 4:54:19 AM,T114,Cat 797,902,780,MRM,FUEL&LUBE,26.045
260811002,8/12/2026 5:07:12 AM,T127,Cat 797,703,780,MRM,FUEL&LUBE,26.675
260811002,8/12/2026 5:23:02 AM,T113,Cat 797,7,300,MRM,WAIT FOR FUEL BAY,50.18
260811002,8/12/2026 5:57:22 AM,T109,Cat 797,158,780,MRM,FUEL&LUBE,97.45499
260812001,8/12/2026 6:00:00 AM,T109,Cat 797,453,780,MRM,FUEL&LUBE,97.11
260812001,8/12/2026 6:23:13 AM,T470,Cat 785,448,780,MRM,FUEL&LUBE,163.855
260812001,8/12/2026 6:23:28 AM,T102,Cat 797,166,300,JPM,WAIT FOR FUEL BAY,15.375
260812001,8/12/2026 6:25:40 AM,T460,Cat 785,3,780,MRM,FUEL&LUBE,22.115
260812001,8/12/2026 6:25:43 AM,T460,Cat 785,1050,300,MRM,WAIT FOR FUEL BAY,22.115
260812001,8/12/2026 6:26:18 AM,T102,Cat 797,695,780,JPM,FUEL&LUBE,14.9
260812001,8/12/2026 6:30:44 AM,T470,Cat 785,1,780,MRM,FUEL&LUBE,163.855
260812001,8/12/2026 6:37:11 AM,T150,Cat 797,932,780,JPM,FUEL&LUBE,15.615
260812001,8/12/2026 6:43:13 AM,T460,Cat 785,210,780,MRM,FUEL&LUBE,22.115
260812001,8/12/2026 6:57:00 AM,T169,Cat 797,3,780,JPM,FUEL&LUBE,
260812001,8/12/2026 6:57:03 AM,T169,Cat 797,745,780,JPM,FUEL&LUBE,
260812001,8/12/2026 6:58:31 AM,T128,Cat 797,758,780,MRM,FUEL&LUBE,25.79
260812001,8/12/2026 7:04:56 AM,T140,Cat 797,81,780,MRM,FUEL&LUBE,16.8
260812001,8/12/2026 7:05:06 AM,T154,Cat 797,278,300,JPM,WAIT FOR FUEL BAY,22.265
260812001,8/12/2026 7:09:45 AM,T154,Cat 797,849,780,JPM,FUEL&LUBE,21.195
260812001,8/12/2026 7:31:46 AM,T101,Cat 797,807,780,MRM,FUEL&LUBE,14.815
260812001,8/12/2026 7:33:26 AM,T139,Cat 797,712,780,JPM,FUEL&LUBE,28.955
260812001,8/12/2026 7:33:28 AM,T153,Cat 797,838,780,MRM,FUEL&LUBE,18.105
260812001,8/12/2026 7:35:00 AM,T121,Cat 797,678,780,MRM,FUEL&LUBE,163.85
260812001,8/12/2026 7:35:19 AM,T156,Cat 797,9,780,JPM,FUEL&LUBE,20.125
260812001,8/12/2026 7:35:28 AM,T156,Cat 797,663,300,JPM,WAIT FOR FUEL BAY,20.125
260812001,8/12/2026 7:45:21 AM,T139,Cat 797,2,780,JPM,FUEL&LUBE,68.56499
260812001,8/12/2026 7:46:18 AM,T121,Cat 797,951,780,MRM,FUEL&LUBE,163.85
260812001,8/12/2026 7:46:31 AM,T156,Cat 797,802,780,JPM,FUEL&LUBE,20.125
260812001,8/12/2026 7:47:09 AM,T158,Cat 797,768,300,JPM,WAIT FOR FUEL BAY,28.7
260812001,8/12/2026 7:49:26 AM,T113,Cat 797,656,780,MRM,FUEL&LUBE,29.715
260812001,8/12/2026 7:53:45 AM,T112,Cat 797,1357,780,MRM,FUEL&LUBE,163.85
260812001,8/12/2026 8:00:18 AM,T158,Cat 797,855,780,JPM,FUEL&LUBE,28.32
260812001,8/12/2026 8:12:43 AM,T138,Cat 797,926,780,MRM,FUEL&LUBE,24.145
260812001,8/12/2026 8:37:06 AM,T462,Cat 785,396,780,JPM,FUEL&LUBE,24.875
260812001,8/12/2026 8:43:51 AM,T462,Cat 785,4,780,JPM,FUEL&LUBE,25.025
260812001,8/12/2026 9:05:03 AM,T466,Cat 785,604,780,MRM,FUEL&LUBE,23.035
260812001,8/12/2026 10:06:30 AM,T149,Cat 797,902,780,JPM,FUEL&LUBE,
260812001,8/12/2026 10:45:05 AM,T474,Cat 785,903,780,JPM,FUEL&LUBE,19.255
260812001,8/12/2026 11:11:52 AM,T168,Cat 797,741,780,JPM,FUEL&LUBE,
260812001,8/12/2026 11:49:12 AM,T152,Cat 797,881,780,JPM,FUEL&LUBE,32.725
260812001,8/12/2026 12:10:32 PM,T103,Cat 797,780,780,MRM,FUEL&LUBE,18.94
260812001,8/12/2026 12:11:36 PM,T472,Cat 785,841,780,MRM,FUEL&LUBE,35.815
260812001,8/12/2026 12:22:47 PM,T132,Cat 797,783,780,MRM,FUEL&LUBE,163.85
260812001,8/12/2026 12:46:33 PM,T463,Cat 785,668,780,JPM,FUEL&LUBE,32.15
260812001,8/12/2026 12:49:04 PM,T454,Cat 789,753,780,MRM,FUEL&LUBE,62.095
260812001,8/12/2026 1:34:59 PM,T171,Cat 797,38,780,JPM,FUEL&LUBE,
260812001,8/12/2026 1:35:37 PM,T171,Cat 797,1023,780,JPM,FUEL&LUBE,
260812001,8/12/2026 1:35:46 PM,T121,Cat 797,604,780,MRM,FUEL&LUBE,163.85
260812001,8/12/2026 2:02:43 PM,T469,Cat 785,536,780,MRM,FUEL&LUBE,35.175
260812001,8/12/2026 2:09:18 PM,T456,Cat 785,636,780,MRM,FUEL&LUBE,28.705
260812001,8/12/2026 2:21:41 PM,T163,Cat 797,886,780,MRM,FUEL&LUBE,18.82
260812001,8/12/2026 2:59:27 PM,T102,Cat 797,30,780,JPM,FUEL&LUBE,36.575
260812001,8/12/2026 3:02:37 PM,T115,Cat 797,926,780,MRM,FUEL&LUBE,30.095
260812001,8/12/2026 3:08:12 PM,T104,Cat 797,83,780,MRM,FUEL&LUBE,14.38
260812001,8/12/2026 3:09:35 PM,T104,Cat 797,713,780,MRM,FUEL&LUBE,14.38
260812001,8/12/2026 3:12:57 PM,T134,Cat 797,312,300,JPM,WAIT FOR FUEL BAY,97.45499
260812001,8/12/2026 3:32:31 PM,T122,Cat 797,699,780,MRM,FUEL&LUBE,16.09
260812001,8/12/2026 3:42:17 PM,T124,Cat 797,972,780,MRM,FUEL&LUBE,20.6
260812001,8/12/2026 3:42:38 PM,T161,Cat 797,388,780,JPM,FUEL&LUBE,40.505
260812001,8/12/2026 3:43:50 PM,T123,Cat 797,655,780,MRM,FUEL&LUBE,22.38
260812001,8/12/2026 3:44:35 PM,T135,Cat 797,1584,780,MRM,FUEL&LUBE,30.735
260812001,8/12/2026 3:49:15 PM,T160,Cat 797,19,780,MRM,FUEL&LUBE,28.07
260812001,8/12/2026 3:49:34 PM,T160,Cat 797,1253,300,MRM,WAIT FOR FUEL BAY,28.07
260812001,8/12/2026 3:49:34 PM,T161,Cat 797,2,780,JPM,FUEL&LUBE,38.435
260812001,8/12/2026 3:53:52 PM,T169,Cat 797,538,780,JPM,FUEL&LUBE,
260812001,8/12/2026 4:02:53 PM,T169,Cat 797,1,780,JPM,FUEL&LUBE,
260812001,8/12/2026 4:31:08 PM,T129,Cat 797,720,780,MRM,FUEL&LUBE,17.04
260812001,8/12/2026 4:41:58 PM,T151,Cat 797,863,780,MRM,FUEL&LUBE,26.675
260812001,8/12/2026 5:57:21 PM,T116,Cat 797,159,780,MRM,FUEL&LUBE,21.55
260812002,8/12/2026 6:00:00 PM,T116,Cat 797,861,780,MRM,FUEL&LUBE,21.55
260812002,8/12/2026 6:31:21 PM,T470,Cat 785,629,780,MRM,FUEL&LUBE,163.855
260812002,8/12/2026 6:33:10 PM,T164,Cat 797,976,780,MRM,FUEL&LUBE,23.89
260812002,8/12/2026 6:33:56 PM,T112,Cat 797,1068,780,MRM,FUEL&LUBE,78.7
260812002,8/12/2026 7:06:35 PM,T461,Cat 785,565,780,JPM,FUEL&LUBE,35.175
260812002,8/12/2026 7:25:56 PM,T141,Cat 797,685,780,JPM,FUEL&LUBE,23.765
260812002,8/12/2026 7:32:39 PM,T471,Cat 785,783,780,MRM,FUEL&LUBE,48.12
260812002,8/12/2026 7:33:04 PM,T149,Cat 797,399,300,JPM,WAIT FOR FUEL BAY,
260812002,8/12/2026 7:37:06 PM,T455,Cat 785,729,780,MRM,FUEL&LUBE,28.09
260812002,8/12/2026 7:39:43 PM,T149,Cat 797,641,780,JPM,FUEL&LUBE,
260812002,8/12/2026 7:50:26 PM,T149,Cat 797,2,780,JPM,FUEL&LUBE,
260812002,8/12/2026 7:59:00 PM,T150,Cat 797,45,300,JPM,WAIT FOR FUEL BAY,22.145
260812002,8/12/2026 8:00:13 PM,T150,Cat 797,703,780,JPM,FUEL&LUBE,22.145
260812002,8/12/2026 8:49:44 PM,T101,Cat 797,811,780,MRM,FUEL&LUBE,67.805
260812002,8/12/2026 9:00:42 PM,T156,Cat 797,734,780,JPM,FUEL&LUBE,25.03
260812002,8/12/2026 9:28:41 PM,T168,Cat 797,109,300,JPM,WAIT FOR FUEL BAY,
260812002,8/12/2026 9:30:32 PM,T168,Cat 797,780,780,JPM,FUEL&LUBE,
260812002,8/12/2026 9:50:48 PM,T462,Cat 785,576,780,JPM,FUEL&LUBE,34.7
260812002,8/12/2026 10:07:50 PM,T158,Cat 797,893,780,JPM,FUEL&LUBE,17.395
260812002,8/12/2026 10:39:47 PM,T121,Cat 797,771,780,MRM,FUEL&LUBE,163.85
260812002,8/12/2026 10:46:14 PM,T459,Cat 785,489,780,JPM,FUEL&LUBE,35.015
260812002,8/12/2026 10:55:28 PM,T133,Cat 797,830,780,MRM,FUEL&LUBE,163.85
260812002,8/12/2026 11:22:32 PM,T102,Cat 797,728,780,JPM,FUEL&LUBE,16.92
260812002,8/12/2026 11:35:32 PM,T139,Cat 797,907,780,JPM,FUEL&LUBE,21.905
260812002,8/12/2026 11:41:27 PM,T166,Cat 797,1005,780,MRM,FUEL&LUBE,24.905
260812002,8/12/2026 11:50:21 PM,T134,Cat 797,777,780,JPM,FUEL&LUBE,20.365
260812002,8/12/2026 11:56:14 PM,T136,Cat 797,796,780,MRM,FUEL&LUBE,24.02
260812002,8/13/2026 12:08:26 AM,T137,Cat 797,109,780,JPM,FUEL&LUBE,21.905
260812002,8/13/2026 12:10:15 AM,T137,Cat 797,740,780,JPM,FUEL&LUBE,21.905
260812002,8/13/2026 12:23:23 AM,T119,Cat 797,1040,780,MRM,FUEL&LUBE,28.07
260812002,8/13/2026 12:30:53 AM,T107,Cat 797,934,780,MRM,FUEL&LUBE,15.255
260812002,8/13/2026 12:57:16 AM,T105,Cat 797,962,780,MRM,FUEL&LUBE,18.105
260812002,8/13/2026 1:09:40 AM,T154,Cat 797,746,780,JPM,FUEL&LUBE,22.025
260812002,8/13/2026 1:21:56 AM,T122,Cat 797,63,300,MRM,WAIT FOR FUEL BAY,25.915
260812002,8/13/2026 1:22:59 AM,T122,Cat 797,800,780,MRM,FUEL&LUBE,25.915
260812002,8/13/2026 1:36:21 AM,T122,Cat 797,3,780,MRM,FUEL&LUBE,25.03
260812002,8/13/2026 2:02:42 AM,T123,Cat 797,811,780,MRM,FUEL&LUBE,23.89
260812002,8/13/2026 2:08:31 AM,T147,Cat 797,1020,780,JPM,FUEL&LUBE,
260812002,8/13/2026 2:10:32 AM,T153,Cat 797,973,780,MRM,FUEL&LUBE,26.675
260812002,8/13/2026 2:51:39 AM,T169,Cat 797,876,780,JPM,FUEL&LUBE,
260812002,8/13/2026 3:08:16 AM,T125,Cat 797,20,780,MRM,FUEL&LUBE,23.765
260812002,8/13/2026 3:08:36 AM,T125,Cat 797,83,300,MRM,WAIT FOR FUEL BAY,23.765
260812002,8/13/2026 3:09:59 AM,T125,Cat 797,755,780,MRM,FUEL&LUBE,23.765
260812002,8/13/2026 3:33:37 AM,T463,Cat 785,554,780,JPM,FUEL&LUBE,36.13
260812002,8/13/2026 3:48:54 AM,T161,Cat 797,660,780,JPM,FUEL&LUBE,23.385
260812002,8/13/2026 4:06:38 AM,T152,Cat 797,953,300,JPM,WAIT FOR FUEL BAY,31.13
260812002,8/13/2026 4:08:06 AM,T474,Cat 785,2,780,JPM,FUEL&LUBE,33.74
260812002,8/13/2026 4:19:32 AM,T126,Cat 797,1093,780,MRM,FUEL&LUBE,22.88
260812002,8/13/2026 4:21:57 AM,T132,Cat 797,904,780,MRM,FUEL&LUBE,163.85
260812002,8/13/2026 4:22:53 AM,T152,Cat 797,1,780,JPM,FUEL&LUBE,29.59
260812002,8/13/2026 4:36:43 AM,T127,Cat 797,917,780,MRM,FUEL&LUBE,26.17
260812002,8/13/2026 4:54:06 AM,T171,Cat 797,975,780,JPM,FUEL&LUBE,
260812002,8/13/2026 4:57:55 AM,T128,Cat 797,1085,780,MRM,FUEL&LUBE,25.79
260812002,8/13/2026 5:10:24 AM,T171,Cat 797,2,780,JPM,FUEL&LUBE,
260812002,8/13/2026 5:16:37 AM,T128,Cat 797,30,780,MRM,FUEL&LUBE,100
260812002,8/13/2026 5:55:21 AM,T468,Cat 785,279,780,MRM,FUEL&LUBE,35.655
260812002,8/13/2026 5:56:42 AM,T152,Cat 797,198,780,JPM,FUEL&LUBE,16.68
260812002,8/13/2026 5:57:34 AM,T120,Cat 797,25,780,MRM,FUEL&LUBE,19.415
260812002,8/13/2026 5:57:59 AM,T120,Cat 797,121,300,MRM,WAIT FOR FUEL BAY,19.415
260813001,8/13/2026 6:00:00 AM,T120,Cat 797,7,300,MRM,WAIT FOR FUEL BAY,18.105
260813001,8/13/2026 6:00:00 AM,T152,Cat 797,1012,780,JPM,FUEL&LUBE,14.87
260813001,8/13/2026 6:00:00 AM,T468,Cat 785,559,780,MRM,FUEL&LUBE,35.655
260813001,8/13/2026 6:00:07 AM,T120,Cat 797,892,780,MRM,FUEL&LUBE,18.105
260813001,8/13/2026 6:28:45 AM,T112,Cat 797,742,780,MRM,FUEL&LUBE,163.85
260813001,8/13/2026 6:34:23 AM,T113,Cat 797,871,780,MRM,FUEL&LUBE,17.75
260813001,8/13/2026 6:39:27 AM,T150,Cat 797,756,780,JPM,FUEL&LUBE,25.285
260813001,8/13/2026 6:56:30 AM,T149,Cat 797,958,780,JPM,FUEL&LUBE,
260813001,8/13/2026 7:11:28 AM,T138,Cat 797,906,780,MRM,FUEL&LUBE,23.005
260813001,8/13/2026 7:13:25 AM,T103,Cat 797,1220,780,MRM,FUEL&LUBE,14.745
260813001,8/13/2026 7:19:30 AM,T102,Cat 797,670,780,JPM,FUEL&LUBE,25.41
260813001,8/13/2026 7:42:13 AM,T140,Cat 797,910,780,MRM,FUEL&LUBE,18.465
260813001,8/13/2026 7:57:24 AM,T129,Cat 797,852,780,MRM,FUEL&LUBE,21.43
260813001,8/13/2026 7:57:32 AM,T156,Cat 797,2,780,JPM,FUEL&LUBE,24.78
260813001,8/13/2026 7:57:34 AM,T156,Cat 797,36,300,JPM,WAIT FOR FUEL BAY,24.78
260813001,8/13/2026 7:58:10 AM,T156,Cat 797,760,780,JPM,FUEL&LUBE,24.78
260813001,8/13/2026 7:58:30 AM,T168,Cat 797,1583,780,JPM,FUEL&LUBE,
260813001,8/13/2026 7:58:56 AM,T106,Cat 797,14,780,MRM,FUEL&LUBE,20.365
260813001,8/13/2026 7:59:10 AM,T106,Cat 797,34,300,MRM,WAIT FOR FUEL BAY,20.365
260813001,8/13/2026 7:59:44 AM,T106,Cat 797,781,780,MRM,FUEL&LUBE,20.365
260813001,8/13/2026 8:21:51 AM,T135,Cat 797,74,780,MRM,FUEL&LUBE,21.195
260813001,8/13/2026 8:23:05 AM,T135,Cat 797,737,780,MRM,FUEL&LUBE,20.48
260813001,8/13/2026 8:28:52 AM,T134,Cat 797,717,780,JPM,FUEL&LUBE,22.625
260813001,8/13/2026 8:38:26 AM,T470,Cat 785,681,780,MRM,FUEL&LUBE,163.855
260813001,8/13/2026 8:41:18 AM,T101,Cat 797,1028,780,MRM,FUEL&LUBE,17.275
260813001,8/13/2026 8:55:49 AM,T121,Cat 797,784,780,MRM,FUEL&LUBE,163.85
260813001,8/13/2026 8:57:20 AM,T158,Cat 797,771,780,JPM,FUEL&LUBE,23.26
260813001,8/13/2026 8:57:23 AM,T133,Cat 797,741,780,MRM,FUEL&LUBE,163.85
260813001,8/13/2026 9:15:19 AM,T141,Cat 797,902,780,JPM,FUEL&LUBE,17.99
260813001,8/13/2026 9:29:16 AM,T164,Cat 797,12063,780,MRM,FUEL&LUBE,14.885
260813001,8/13/2026 1:00:07 PM,T107,Cat 797,539,780,MRM,FUEL&LUBE,19.77
260813001,8/13/2026 1:08:08 PM,T137,Cat 797,28,780,JPM,FUEL&LUBE,52.85
260813001,8/13/2026 1:08:46 PM,T137,Cat 797,4,780,JPM,FUEL&LUBE,52.85
260813001,8/13/2026 1:11:35 PM,T110,Cat 797,839,780,MRM,FUEL&LUBE,18.94
260813001,8/13/2026 1:12:14 PM,T472,Cat 785,929,2100,MRM,FUEL BREAK,31.83
260813001,8/13/2026 1:16:38 PM,T169,Cat 797,1063,780,JPM,FUEL&LUBE,
260813001,8/13/2026 1:25:03 PM,T153,Cat 797,779,780,MRM,FUEL&LUBE,14.8
260813001,8/13/2026 1:26:12 PM,T456,Cat 785,517,780,MRM,FUEL&LUBE,45.945
260813001,8/13/2026 1:28:54 PM,T123,Cat 797,1245,780,MRM,FUEL&LUBE,14.87
260813001,8/13/2026 1:34:02 PM,T105,Cat 797,1160,300,MRM,WAIT FOR FUEL BAY,19.89
260813001,8/13/2026 1:38:45 PM,T114,Cat 797,889,780,MRM,FUEL&LUBE,19.77
260813001,8/13/2026 1:40:41 PM,T136,Cat 797,80,780,MRM,FUEL&LUBE,34.055
260813001,8/13/2026 1:42:01 PM,T136,Cat 797,429,300,MRM,WAIT FOR FUEL BAY,34.055
260813001,8/13/2026 1:43:16 PM,T471,Cat 785,1963,300,MRM,WAIT FOR FUEL BAY,23.035
260813001,8/13/2026 1:49:36 PM,T136,Cat 797,730,780,MRM,FUEL&LUBE,32.725
260813001,8/13/2026 1:53:22 PM,T105,Cat 797,759,780,MRM,FUEL&LUBE,19.53
260813001,8/13/2026 1:59:44 PM,T459,Cat 785,68,780,JPM,FUEL&LUBE,34.06
260813001,8/13/2026 2:13:24 PM,T121,Cat 797,553,780,MRM,FUEL&LUBE,163.85
260813001,8/13/2026 2:15:59 PM,T471,Cat 785,4,780,MRM,FUEL&LUBE,23.645
260813001,8/13/2026 2:18:49 PM,T461,Cat 785,675,780,JPM,FUEL&LUBE,24.26
260813001,8/13/2026 2:25:51 PM,T161,Cat 797,11,780,JPM,FUEL&LUBE,14.86
260813001,8/13/2026 2:26:02 PM,T161,Cat 797,1787,300,JPM,WAIT FOR FUEL BAY,14.86
260813001,8/13/2026 2:33:37 PM,T455,Cat 785,659,780,MRM,FUEL&LUBE,23.955
260813001,8/13/2026 2:37:00 PM,T119,Cat 797,1335,780,MRM,FUEL&LUBE,17.275
260813001,8/13/2026 3:20:53 PM,T147,Cat 797,906,780,JPM,FUEL&LUBE,
260813001,8/13/2026 3:21:05 PM,T128,Cat 797,714,780,MRM,FUEL&LUBE,41.07
260813001,8/13/2026 3:42:44 PM,T152,Cat 797,746,780,JPM,FUEL&LUBE,24.905
260813001,8/13/2026 3:54:33 PM,T132,Cat 797,833,780,MRM,FUEL&LUBE,163.85
260813001,8/13/2026 4:02:03 PM,T469,Cat 785,728,780,MRM,FUEL&LUBE,26.865
260813001,8/13/2026 4:11:19 PM,T166,Cat 797,1090,780,MRM,FUEL&LUBE,19.89
260813001,8/13/2026 4:21:39 PM,T463,Cat 785,766,780,JPM,FUEL&LUBE,33.9
260813001,8/13/2026 4:30:05 PM,T125,Cat 797,752,780,MRM,FUEL&LUBE,25.665
260813001,8/13/2026 4:51:13 PM,T113,Cat 797,306,780,MRM,FUEL&LUBE,21.67
260813001,8/13/2026 4:54:30 PM,T102,Cat 797,672,780,JPM,FUEL&LUBE,21.79
260813001,8/13/2026 5:02:43 PM,T168,Cat 797,789,780,JPM,FUEL&LUBE,
260813001,8/13/2026 5:28:09 PM,T474,Cat 785,3,780,JPM,FUEL&LUBE,34.06
260813001,8/13/2026 5:49:33 PM,T474,Cat 785,1,780,JPM,FUEL&LUBE,32.625
260813002,8/13/2026 6:06:04 PM,T126,Cat 797,8,780,MRM,FUEL&LUBE,16.09
260813002,8/13/2026 6:06:12 PM,T126,Cat 797,909,300,MRM,WAIT FOR FUEL BAY,16.09
260813002,8/13/2026 6:10:22 PM,T474,Cat 785,126,780,JPM,FUEL&LUBE,30.715
260813002,8/13/2026 6:46:10 PM,T474,Cat 785,33,780,JPM,FUEL&LUBE,29.47
260813002,8/13/2026 6:46:43 PM,T474,Cat 785,1132,780,JPM,FUEL&LUBE,29.47
260813002,8/13/2026 6:51:25 PM,T150,Cat 797,315,300,JPM,WAIT FOR FUEL BAY,22.625
260813002,8/13/2026 6:56:40 PM,T150,Cat 797,175,780,JPM,FUEL&LUBE,21.905
260813002,8/13/2026 6:58:44 PM,T112,Cat 797,852,780,MRM,FUEL&LUBE,163.85
260813002,8/13/2026 7:02:50 PM,T121,Cat 797,649,780,MRM,FUEL&LUBE,163.85
260813002,8/13/2026 7:05:32 PM,T150,Cat 797,739,780,JPM,FUEL&LUBE,22.265
260813002,8/13/2026 7:11:14 PM,T129,Cat 797,978,780,MRM,FUEL&LUBE,16.92
260813002,8/13/2026 7:17:57 PM,T150,Cat 797,1,780,JPM,FUEL&LUBE,22.025
260813002,8/13/2026 7:18:10 PM,T133,Cat 797,853,780,MRM,FUEL&LUBE,163.85
260813002,8/13/2026 7:32:20 PM,T134,Cat 797,698,780,JPM,FUEL&LUBE,26.295
260813002,8/13/2026 7:44:00 PM,T134,Cat 797,3,780,JPM,FUEL&LUBE,163.85
260813002,8/13/2026 7:48:49 PM,T130,Cat 797,111,300,MRM,WAIT FOR FUEL BAY,20.84
260813002,8/13/2026 7:50:42 PM,T130,Cat 797,863,780,MRM,FUEL&LUBE,18.7
260813002,8/13/2026 7:53:55 PM,T103,Cat 797,3,780,MRM,FUEL&LUBE,21.195
260813002,8/13/2026 7:53:58 PM,T103,Cat 797,702,300,MRM,WAIT FOR FUEL BAY,21.195
260813002,8/13/2026 7:54:16 PM,T127,Cat 797,779,780,MRM,FUEL&LUBE,16.8
260813002,8/13/2026 8:04:37 PM,T149,Cat 797,34,780,JPM,FUEL&LUBE,
260813002,8/13/2026 8:05:11 PM,T149,Cat 797,785,780,JPM,FUEL&LUBE,
260813002,8/13/2026 8:05:40 PM,T103,Cat 797,854,780,MRM,FUEL&LUBE,21.43
260813002,8/13/2026 8:33:07 PM,T468,Cat 785,579,780,MRM,FUEL&LUBE,45.945
260813002,8/13/2026 8:41:23 PM,T156,Cat 797,33,780,JPM,FUEL&LUBE,16.445
260813002,8/13/2026 8:41:56 PM,T156,Cat 797,785,780,JPM,FUEL&LUBE,16.445
260813002,8/13/2026 8:48:20 PM,T470,Cat 785,859,780,MRM,FUEL&LUBE,163.855
260813002,8/13/2026 9:03:14 PM,T101,Cat 797,787,780,MRM,FUEL&LUBE,15.85
260813002,8/13/2026 9:06:15 PM,T106,Cat 797,13,780,MRM,FUEL&LUBE,15.375
260813002,8/13/2026 9:06:28 PM,T106,Cat 797,32,300,MRM,WAIT FOR FUEL BAY,15.375
260813002,8/13/2026 9:07:02 PM,T106,Cat 797,877,780,MRM,FUEL&LUBE,15.375
260813002,8/13/2026 9:08:02 PM,T141,Cat 797,777,780,JPM,FUEL&LUBE,30.22
260813002,8/13/2026 9:34:31 PM,T138,Cat 797,31,300,MRM,WAIT FOR FUEL BAY,17.75
260813002,8/13/2026 9:35:03 PM,T138,Cat 797,769,780,MRM,FUEL&LUBE,17.75
260813002,8/13/2026 10:01:55 PM,T135,Cat 797,967,780,MRM,FUEL&LUBE,14.535
260813002,8/13/2026 10:19:04 PM,T171,Cat 797,26,780,JPM,FUEL&LUBE,
260813002,8/13/2026 10:19:30 PM,T171,Cat 797,965,780,JPM,FUEL&LUBE,
260813002,8/13/2026 10:28:11 PM,T122,Cat 797,705,780,MRM,FUEL&LUBE,16.09
260813002,8/13/2026 10:48:02 PM,T465,Cat 785,717,780,MRM,FUEL&LUBE,17.34
260813002,8/13/2026 10:50:37 PM,T139,Cat 797,759,780,JPM,FUEL&LUBE,23.765
260813002,8/13/2026 11:08:27 PM,T123,Cat 797,828,780,MRM,FUEL&LUBE,14.9
260813002,8/13/2026 11:14:34 PM,T168,Cat 797,901,780,JPM,FUEL&LUBE,
260813002,8/13/2026 11:15:56 PM,T120,Cat 797,930,780,MRM,FUEL&LUBE,16.445
260813002,8/13/2026 11:51:34 PM,T151,Cat 797,897,780,MRM,FUEL&LUBE,20.005
260813002,8/13/2026 11:54:01 PM,T154,Cat 797,763,780,JPM,FUEL&LUBE,20.6
260813002,8/13/2026 11:58:01 PM,T140,Cat 797,569,300,MRM,WAIT FOR FUEL BAY,14.79
260813002,8/13/2026 11:58:32 PM,T104,Cat 797,1147,780,MRM,FUEL&LUBE,14.815
260813002,8/13/2026 11:58:38 PM,T118,Cat 797,3,780,MRM,FUEL&LUBE,1.3
260813002,8/13/2026 11:58:41 PM,T118,Cat 797,1456,300,MRM,WAIT FOR FUEL BAY,1.3
260813002,8/14/2026 12:05:54 AM,T115,Cat 797,835,300,MRM,WAIT FOR FUEL BAY,14.675
260813002,8/14/2026 12:06:46 AM,T154,Cat 797,3,780,JPM,FUEL&LUBE,19.89
260813002,8/14/2026 12:07:30 AM,T140,Cat 797,837,780,MRM,FUEL&LUBE,14.775
260813002,8/14/2026 12:12:30 AM,T462,Cat 785,593,780,JPM,FUEL&LUBE,35.495
260813002,8/14/2026 12:20:51 AM,T115,Cat 797,879,780,MRM,FUEL&LUBE,14.59
260813002,8/14/2026 12:21:28 AM,T140,Cat 797,4,780,MRM,FUEL&LUBE,39.24
260813002,8/14/2026 12:23:06 AM,T153,Cat 797,90,780,MRM,FUEL&LUBE,14.66
260813002,8/14/2026 12:24:36 AM,T153,Cat 797,35,300,MRM,WAIT FOR FUEL BAY,14.62
260813002,8/14/2026 12:24:52 AM,T118,Cat 797,79,780,MRM,FUEL&LUBE,1.3
260813002,8/14/2026 12:25:11 AM,T153,Cat 797,786,780,MRM,FUEL&LUBE,14.62
260813002,8/14/2026 12:26:11 AM,T118,Cat 797,972,300,MRM,WAIT FOR FUEL BAY,1.3
260813002,8/14/2026 12:31:22 AM,T169,Cat 797,656,780,JPM,FUEL&LUBE,
260813002,8/14/2026 12:44:32 AM,T169,Cat 797,4,780,JPM,FUEL&LUBE,
260813002,8/14/2026 12:44:59 AM,T137,Cat 797,58,300,JPM,WAIT FOR FUEL BAY,21.67
260813002,8/14/2026 12:45:57 AM,T137,Cat 797,874,780,JPM,FUEL&LUBE,21.67
260813002,8/14/2026 12:50:21 AM,T157,Cat 797,994,780,MRM,FUEL&LUBE,14.635
260813002,8/14/2026 12:59:10 AM,T164,Cat 797,89,780,MRM,FUEL&LUBE,19.77
260813002,8/14/2026 1:00:32 AM,T137,Cat 797,1,780,JPM,FUEL&LUBE,44.305
260813002,8/14/2026 1:00:39 AM,T164,Cat 797,848,780,MRM,FUEL&LUBE,19.77
260813002,8/14/2026 1:07:31 AM,T152,Cat 797,732,780,JPM,FUEL&LUBE,19.89
260813002,8/14/2026 1:08:52 AM,T163,Cat 797,648,780,MRM,FUEL&LUBE,14.705
260813002,8/14/2026 1:19:40 AM,T163,Cat 797,800,780,MRM,FUEL&LUBE,14.59
260813002,8/14/2026 1:25:00 AM,T107,Cat 797,110,780,MRM,FUEL&LUBE,14.9
260813002,8/14/2026 1:26:50 AM,T107,Cat 797,208,300,MRM,WAIT FOR FUEL BAY,14.9
260813002,8/14/2026 1:30:18 AM,T107,Cat 797,914,780,MRM,FUEL&LUBE,14.675
260813002,8/14/2026 1:38:43 AM,T102,Cat 797,70,300,JPM,WAIT FOR FUEL BAY,21.315
260813002,8/14/2026 1:39:53 AM,T102,Cat 797,649,780,JPM,FUEL&LUBE,21.315
260813002,8/14/2026 1:50:44 AM,T102,Cat 797,3,780,JPM,FUEL&LUBE,20.005
260813002,8/14/2026 1:55:17 AM,T161,Cat 797,1050,780,JPM,FUEL&LUBE,29.59
260813002,8/14/2026 2:00:25 AM,T124,Cat 797,902,780,MRM,FUEL&LUBE,17.63
260813002,8/14/2026 2:01:48 AM,T472,Cat 785,876,780,MRM,FUEL&LUBE,90.055
260813002,8/14/2026 2:21:57 AM,T162,Cat 797,981,780,MRM,FUEL&LUBE,15.615
260813002,8/14/2026 2:35:10 AM,T114,Cat 797,859,780,MRM,FUEL&LUBE,21.67
260813002,8/14/2026 2:52:07 AM,T105,Cat 797,1531,780,MRM,FUEL&LUBE,14.79
260813002,8/14/2026 2:55:49 AM,T118,Cat 797,1023,780,MRM,FUEL&LUBE,1.705
260813002,8/14/2026 2:59:44 AM,T113,Cat 797,1614,780,MRM,FUEL&LUBE,15.73
260813002,8/14/2026 3:12:56 AM,T118,Cat 797,2,780,MRM,FUEL&LUBE,73.11
260813002,8/14/2026 3:15:51 AM,T144,Cat 797,107,780,JPM,FUEL&LUBE,
260813002,8/14/2026 3:24:54 AM,T132,Cat 797,1124,780,MRM,FUEL&LUBE,163.85
260813002,8/14/2026 3:30:50 AM,T147,Cat 797,757,780,JPM,FUEL&LUBE,
260813002,8/14/2026 3:31:08 AM,T136,Cat 797,1047,780,MRM,FUEL&LUBE,15.02
260813002,8/14/2026 3:32:53 AM,T144,Cat 797,582,780,JPM,FUEL&LUBE,
260813002,8/14/2026 3:42:49 AM,T144,Cat 797,1,780,JPM,FUEL&LUBE,
260813002,8/14/2026 3:43:27 AM,T147,Cat 797,890,780,JPM,FUEL&LUBE,
260813002,8/14/2026 3:56:26 AM,T110,Cat 797,38,300,MRM,WAIT FOR FUEL BAY,14.9
260813002,8/14/2026 3:57:05 AM,T110,Cat 797,832,780,MRM,FUEL&LUBE,14.9
260813002,8/14/2026 4:07:35 AM,T128,Cat 797,4,780,MRM,FUEL&LUBE,14.8
260813002,8/14/2026 4:07:39 AM,T128,Cat 797,73,300,MRM,WAIT FOR FUEL BAY,14.8
260813002,8/14/2026 4:08:52 AM,T128,Cat 797,1055,780,MRM,FUEL&LUBE,14.8
260813002,8/14/2026 4:13:22 AM,T134,Cat 797,807,780,JPM,FUEL&LUBE,20.955
260813002,8/14/2026 4:22:29 AM,T112,Cat 797,851,780,MRM,FUEL&LUBE,163.85
260813002,8/14/2026 4:30:34 AM,T471,Cat 785,20,780,MRM,FUEL&LUBE,29.47
260813002,8/14/2026 4:38:05 AM,T121,Cat 797,4,780,MRM,FUEL&LUBE,163.85
260813002,8/14/2026 4:38:09 AM,T121,Cat 797,112,300,MRM,WAIT FOR FUEL BAY,163.85
260813002,8/14/2026 4:38:57 AM,T459,Cat 785,663,780,JPM,FUEL&LUBE,31.67
260813002,8/14/2026 4:40:01 AM,T121,Cat 797,790,780,MRM,FUEL&LUBE,163.85
260813002,8/14/2026 4:48:42 AM,T109,Cat 797,824,780,MRM,FUEL&LUBE,14.645
260813002,8/14/2026 5:49:19 AM,T126,Cat 797,21,780,MRM,FUEL&LUBE,14.83
260813002,8/14/2026 5:49:40 AM,T126,Cat 797,128,300,MRM,WAIT FOR FUEL BAY,14.66
260813002,8/14/2026 5:51:48 AM,T126,Cat 797,492,780,MRM,FUEL&LUBE,14.66
260813002,8/14/2026 5:55:44 AM,T129,Cat 797,256,780,MRM,FUEL&LUBE,14.83
260814001,8/14/2026 6:00:00 AM,T126,Cat 797,287,780,MRM,FUEL&LUBE,14.675
260814001,8/14/2026 6:00:00 AM,T129,Cat 797,604,780,MRM,FUEL&LUBE,14.675
260814001,8/14/2026 6:05:13 AM,T119,Cat 797,927,780,MRM,FUEL&LUBE,14.04
260814001,8/14/2026 6:16:14 AM,T471,Cat 785,847,780,MRM,FUEL&LUBE,21.96
260814001,8/14/2026 6:20:46 AM,T455,Cat 785,605,780,MRM,FUEL&LUBE,25.79
260814001,8/14/2026 6:31:10 AM,T166,Cat 797,940,780,MRM,FUEL&LUBE,14.9
260814001,8/14/2026 6:31:35 AM,T461,Cat 785,594,780,JPM,FUEL&LUBE,33.9
260814001,8/14/2026 6:44:52 AM,T456,Cat 785,800,780,MRM,FUEL&LUBE,29.93
260814001,8/14/2026 6:54:13 AM,T125,Cat 797,7,780,MRM,FUEL&LUBE,18.7
260814001,8/14/2026 6:54:20 AM,T125,Cat 797,81,300,MRM,WAIT FOR FUEL BAY,18.7
260814001,8/14/2026 6:55:23 AM,T112,Cat 797,28,780,MRM,FUEL&LUBE,163.85
260814001,8/14/2026 6:55:41 AM,T125,Cat 797,753,780,MRM,FUEL&LUBE,18.7
260814001,8/14/2026 6:55:51 AM,T112,Cat 797,915,300,MRM,WAIT FOR FUEL BAY,163.85
260814001,8/14/2026 7:02:42 AM,T466,Cat 785,1023,780,MRM,FUEL&LUBE,24.72
260814001,8/14/2026 7:05:37 AM,T150,Cat 797,938,780,JPM,FUEL&LUBE,19.89
260814001,8/14/2026 7:35:51 AM,T123,Cat 797,741,780,MRM,FUEL&LUBE,20.365
260814001,8/14/2026 7:37:11 AM,T127,Cat 797,839,780,MRM,FUEL&LUBE,21.905
260814001,8/14/2026 7:39:09 AM,T149,Cat 797,815,780,JPM,FUEL&LUBE,
260814001,8/14/2026 7:42:38 AM,T101,Cat 797,1100,780,MRM,FUEL&LUBE,15.02
260814001,8/14/2026 7:45:39 AM,T118,Cat 797,20,780,MRM,FUEL&LUBE,2.715
260814001,8/14/2026 7:45:59 AM,T118,Cat 797,313,300,MRM,WAIT FOR FUEL BAY,2.715
260814001,8/14/2026 7:49:44 AM,T122,Cat 797,667,300,MRM,WAIT FOR FUEL BAY,16.68
260814001,8/14/2026 7:51:12 AM,T118,Cat 797,701,780,MRM,FUEL&LUBE,2.715
260814001,8/14/2026 8:12:03 AM,T122,Cat 797,2,780,MRM,FUEL&LUBE,19.53
260814001,8/14/2026 8:16:15 AM,T103,Cat 797,961,780,MRM,FUEL&LUBE,18.82
260814001,8/14/2026 8:17:13 AM,T133,Cat 797,639,780,MRM,FUEL&LUBE,163.85
260814001,8/14/2026 8:37:50 AM,T470,Cat 785,838,780,MRM,FUEL&LUBE,163.855
260814001,8/14/2026 8:42:07 AM,T463,Cat 785,2,780,JPM,FUEL&LUBE,30.235
260814001,8/14/2026 8:49:33 AM,T130,Cat 797,850,780,MRM,FUEL&LUBE,16.8
260814001,8/14/2026 8:51:21 AM,T115,Cat 797,615,780,MRM,FUEL&LUBE,44.585
260814001,8/14/2026 8:55:28 AM,T474,Cat 785,178,780,JPM,FUEL&LUBE,37.405
260814001,8/14/2026 9:01:31 AM,T156,Cat 797,818,780,JPM,FUEL&LUBE,22.625
260814001,8/14/2026 9:14:49 AM,T106,Cat 797,1046,780,MRM,FUEL&LUBE,16.565
260814001,8/14/2026 9:22:02 AM,T153,Cat 797,948,780,MRM,FUEL&LUBE,21.55
260814001,8/14/2026 9:40:12 AM,T141,Cat 797,6,780,JPM,FUEL&LUBE,23.135
260814001,8/14/2026 9:40:18 AM,T141,Cat 797,119,300,JPM,WAIT FOR FUEL BAY,23.135
260814001,8/14/2026 9:42:17 AM,T141,Cat 797,1263,780,JPM,FUEL&LUBE,23.135
260814001,8/14/2026 9:42:22 AM,T168,Cat 797,3,780,JPM,FUEL&LUBE,
260814001,8/14/2026 9:46:01 AM,T104,Cat 797,81,780,MRM,FUEL&LUBE,23.515
260814001,8/14/2026 9:47:22 AM,T104,Cat 797,723,780,MRM,FUEL&LUBE,23.515
260814001,8/14/2026 10:00:28 AM,T469,Cat 785,518,780,MRM,FUEL&LUBE,26.1
260814001,8/14/2026 10:15:51 AM,T138,Cat 797,765,780,MRM,FUEL&LUBE,18.225
260814001,8/14/2026 10:44:36 AM,T474,Cat 785,3,780,JPM,FUEL&LUBE,33.265
260814001,8/14/2026 10:48:39 AM,T152,Cat 797,893,780,JPM,FUEL&LUBE,24.905
260814001,8/14/2026 10:57:20 AM,T454,Cat 789,681,780,MRM,FUEL&LUBE,23.22
260814001,8/14/2026 10:57:43 AM,T108,Cat 797,732,780,MRM,FUEL&LUBE,19.415
260814001,8/14/2026 10:58:47 AM,T135,Cat 797,613,300,MRM,WAIT FOR FUEL BAY,20.955
260814001,8/14/2026 11:09:01 AM,T135,Cat 797,762,780,MRM,FUEL&LUBE,20.6
260814001,8/14/2026 11:23:04 AM,T139,Cat 797,954,780,JPM,FUEL&LUBE,20.125
260814001,8/14/2026 11:33:12 AM,T102,Cat 797,1027,780,JPM,FUEL&LUBE,16.8
260814001,8/14/2026 11:53:58 AM,T120,Cat 797,801,780,MRM,FUEL&LUBE,21.79
260814001,8/14/2026 11:54:11 AM,T169,Cat 797,903,780,JPM,FUEL&LUBE,
260814001,8/14/2026 12:10:51 PM,T151,Cat 797,814,780,MRM,FUEL&LUBE,23.765
260814001,8/14/2026 12:18:36 PM,T154,Cat 797,814,780,JPM,FUEL&LUBE,21.55
260814001,8/14/2026 12:53:58 PM,T137,Cat 797,873,780,JPM,FUEL&LUBE,22.025
260814001,8/14/2026 12:59:55 PM,T107,Cat 797,860,780,MRM,FUEL&LUBE,22.38
260814001,8/14/2026 1:00:15 PM,T163,Cat 797,895,780,MRM,FUEL&LUBE,22.5
260814001,8/14/2026 1:05:52 PM,T465,Cat 785,1305,780,MRM,FUEL&LUBE,33.105
260814001,8/14/2026 1:24:01 PM,T140,Cat 797,44,780,MRM,FUEL&LUBE,20.84
260814001,8/14/2026 1:24:45 PM,T140,Cat 797,746,780,MRM,FUEL&LUBE,20.84
260814001,8/14/2026 1:46:39 PM,T157,Cat 797,905,780,MRM,FUEL&LUBE,22.88
260814001,8/14/2026 2:05:13 PM,T113,Cat 797,929,780,MRM,FUEL&LUBE,24.4
260814001,8/14/2026 2:12:54 PM,T462,Cat 785,10,780,JPM,FUEL&LUBE,35.655
260814001,8/14/2026 2:14:45 PM,T114,Cat 797,813,780,MRM,FUEL&LUBE,19.65
260814001,8/14/2026 2:24:36 PM,T134,Cat 797,1098,780,JPM,FUEL&LUBE,23.135
260814001,8/14/2026 2:34:57 PM,T129,Cat 797,777,780,MRM,FUEL&LUBE,25.665
260814001,8/14/2026 2:39:36 PM,T105,Cat 797,1042,780,MRM,FUEL&LUBE,21.905
260814001,8/14/2026 2:39:58 PM,T164,Cat 797,13,780,MRM,FUEL&LUBE,14.79
260814001,8/14/2026 2:40:11 PM,T164,Cat 797,540,300,MRM,WAIT FOR FUEL BAY,14.79
260814001,8/14/2026 2:49:11 PM,T164,Cat 797,820,780,MRM,FUEL&LUBE,14.845
260814001,8/14/2026 2:52:05 PM,T124,Cat 797,71,780,MRM,FUEL&LUBE,18.465
260814001,8/14/2026 2:53:16 PM,T124,Cat 797,1479,300,MRM,WAIT FOR FUEL BAY,17.04
260814001,8/14/2026 2:56:21 PM,T121,Cat 797,86,780,MRM,FUEL&LUBE,163.85
260814001,8/14/2026 2:57:47 PM,T121,Cat 797,701,780,MRM,FUEL&LUBE,163.85
260814001,8/14/2026 3:12:06 PM,T111,Cat 797,923,780,MRM,FUEL&LUBE,14.76
260814001,8/14/2026 3:15:00 PM,T161,Cat 797,1063,780,JPM,FUEL&LUBE,16.92
260814001,8/14/2026 3:22:15 PM,T144,Cat 797,595,300,JPM,WAIT FOR FUEL BAY,
260814001,8/14/2026 3:31:12 PM,T136,Cat 797,1084,780,MRM,FUEL&LUBE,16.68
260814001,8/14/2026 3:32:15 PM,T144,Cat 797,931,780,JPM,FUEL&LUBE,
260814001,8/14/2026 3:33:00 PM,T162,Cat 797,841,780,MRM,FUEL&LUBE,19.415
260814001,8/14/2026 3:43:24 PM,T118,Cat 797,351,300,MRM,WAIT FOR FUEL BAY,163.85
260814001,8/14/2026 3:49:15 PM,T118,Cat 797,477,780,MRM,FUEL&LUBE,37.64
260814001,8/14/2026 3:57:16 PM,T118,Cat 797,1,780,MRM,FUEL&LUBE,37.505
260814001,8/14/2026 4:00:31 PM,T126,Cat 797,1030,780,MRM,FUEL&LUBE,19.295
260814001,8/14/2026 4:03:24 PM,T132,Cat 797,742,780,MRM,FUEL&LUBE,92.03
260814001,8/14/2026 4:14:24 PM,T133,Cat 797,917,780,MRM,FUEL&LUBE,163.85
260814001,8/14/2026 4:26:32 PM,T110,Cat 797,821,780,MRM,FUEL&LUBE,19.53
260814001,8/14/2026 4:43:44 PM,T109,Cat 797,871,780,MRM,FUEL&LUBE,21.905
260814001,8/14/2026 5:40:31 PM,T166,Cat 797,41,780,MRM,FUEL&LUBE,22.625
260814001,8/14/2026 5:41:12 PM,T166,Cat 797,107,300,MRM,WAIT FOR FUEL BAY,22.625
260814001,8/14/2026 5:42:59 PM,T166,Cat 797,824,780,MRM,FUEL&LUBE,22.625
260814001,8/14/2026 5:43:35 PM,T122,Cat 797,880,780,MRM,FUEL&LUBE,19.77
260814002,8/14/2026 6:05:06 PM,T112,Cat 797,719,780,MRM,FUEL&LUBE,163.85
260814002,8/14/2026 6:10:55 PM,T147,Cat 797,1269,780,JPM,FUEL&LUBE,
260814002,8/14/2026 6:18:30 PM,T101,Cat 797,929,780,MRM,FUEL&LUBE,14.73
260814002,8/14/2026 6:32:04 PM,T147,Cat 797,33,780,JPM,FUEL&LUBE,
260814002,8/14/2026 6:36:07 PM,T125,Cat 797,144,300,MRM,WAIT FOR FUEL BAY,19.65
260814002,8/14/2026 6:38:31 PM,T125,Cat 797,2,300,MRM,WAIT FOR FUEL BAY,19.65
260814002,8/14/2026 6:38:33 PM,T125,Cat 797,563,780,MRM,FUEL&LUBE,19.65
260814002,8/14/2026 6:48:18 PM,T125,Cat 797,1,780,MRM,FUEL&LUBE,19.055
260814002,8/14/2026 6:54:56 PM,T153,Cat 797,103,300,MRM,WAIT FOR FUEL BAY,17.155
260814002,8/14/2026 6:56:40 PM,T153,Cat 797,739,780,MRM,FUEL&LUBE,17.155
260814002,8/14/2026 7:00:10 PM,T150,Cat 797,640,780,JPM,FUEL&LUBE,30.6
260814002,8/14/2026 7:08:03 PM,T128,Cat 797,807,780,MRM,FUEL&LUBE,18.82
260814002,8/14/2026 7:18:11 PM,T475,Cat 793,1390,780,MRM,FUEL&LUBE,47.805
260814002,8/14/2026 7:44:39 PM,T126,Cat 797,38,780,MRM,FUEL&LUBE,80.8
260814002,8/14/2026 7:44:47 PM,T471,Cat 785,667,780,MRM,FUEL&LUBE,31.19
260814002,8/14/2026 7:45:17 PM,T126,Cat 797,13,300,MRM,WAIT FOR FUEL BAY,80.8
260814002,8/14/2026 7:45:30 PM,T126,Cat 797,669,780,MRM,FUEL&LUBE,80.8
260814002,8/14/2026 8:08:27 PM,T149,Cat 797,498,780,JPM,FUEL&LUBE,
260814002,8/14/2026 8:15:08 PM,T455,Cat 785,499,780,MRM,FUEL&LUBE,32.305
260814002,8/14/2026 8:16:46 PM,T149,Cat 797,2,780,JPM,FUEL&LUBE,
260814002,8/14/2026 8:18:54 PM,T104,Cat 797,865,780,MRM,FUEL&LUBE,19.53
260814002,8/14/2026 8:37:42 PM,T152,Cat 797,723,780,JPM,FUEL&LUBE,23.26
260814002,8/14/2026 8:41:14 PM,T470,Cat 785,492,780,MRM,FUEL&LUBE,163.855
260814002,8/14/2026 8:49:47 PM,T152,Cat 797,3,780,JPM,FUEL&LUBE,163.85
260814002,8/14/2026 8:53:44 PM,T103,Cat 797,877,780,MRM,FUEL&LUBE,19.53
260814002,8/14/2026 9:01:18 PM,T102,Cat 797,50,300,JPM,WAIT FOR FUEL BAY,24.4
260814002,8/14/2026 9:02:10 PM,T102,Cat 797,659,780,JPM,FUEL&LUBE,24.4
260814002,8/14/2026 9:05:56 PM,T168,Cat 797,448,300,JPM,WAIT FOR FUEL BAY,
260814002,8/14/2026 9:09:27 PM,T108,Cat 797,676,780,MRM,FUEL&LUBE,16.92
260814002,8/14/2026 9:13:44 PM,T168,Cat 797,777,780,JPM,FUEL&LUBE,
260814002,8/14/2026 9:21:17 PM,T106,Cat 797,1047,780,MRM,FUEL&LUBE,17.275
260814002,8/14/2026 9:26:41 PM,T127,Cat 797,1095,780,MRM,FUEL&LUBE,19.175
260814002,8/14/2026 9:26:43 PM,T168,Cat 797,4,780,JPM,FUEL&LUBE,
260814002,8/14/2026 9:28:54 PM,T463,Cat 785,736,780,JPM,FUEL&LUBE,36.29
260814002,8/14/2026 9:37:29 PM,T456,Cat 785,655,780,MRM,FUEL&LUBE,25.18
260814002,8/14/2026 9:41:16 PM,T463,Cat 785,2,780,JPM,FUEL&LUBE,36.13
260814002,8/14/2026 9:50:37 PM,T156,Cat 797,963,780,JPM,FUEL&LUBE,22.88
260814002,8/14/2026 9:52:54 PM,T461,Cat 785,6,780,JPM,FUEL&LUBE,89.295
260814002,8/14/2026 9:53:00 PM,T461,Cat 785,711,300,JPM,WAIT FOR FUEL BAY,89.295
260814002,8/14/2026 10:04:51 PM,T461,Cat 785,506,780,JPM,FUEL&LUBE,89.295
260814002,8/14/2026 10:11:25 PM,T130,Cat 797,950,780,MRM,FUEL&LUBE,18.58
260814002,8/14/2026 10:17:12 PM,T466,Cat 785,755,780,MRM,FUEL&LUBE,30.395
260814002,8/14/2026 10:21:29 PM,T141,Cat 797,804,780,JPM,FUEL&LUBE,22.88
260814002,8/14/2026 10:40:00 PM,T169,Cat 797,697,780,JPM,FUEL&LUBE,
260814002,8/14/2026 10:48:11 PM,T138,Cat 797,120,300,MRM,WAIT FOR FUEL BAY,20.6
260814002,8/14/2026 10:50:11 PM,T138,Cat 797,754,780,MRM,FUEL&LUBE,19.89
260814002,8/14/2026 10:57:31 PM,T135,Cat 797,941,780,MRM,FUEL&LUBE,22.755
260814002,8/14/2026 11:11:04 PM,T459,Cat 785,462,780,JPM,FUEL&LUBE,28.245
260814002,8/14/2026 11:42:51 PM,T134,Cat 797,580,780,JPM,FUEL&LUBE,27.815
260814002,8/14/2026 11:45:32 PM,T115,Cat 797,921,780,MRM,FUEL&LUBE,21.67
260814002,8/14/2026 11:47:52 PM,T121,Cat 797,860,780,MRM,FUEL&LUBE,163.85
260814002,8/14/2026 11:56:56 PM,T119,Cat 797,312,300,MRM,WAIT FOR FUEL BAY,14.42
260814002,8/14/2026 11:57:06 PM,T154,Cat 797,979,780,JPM,FUEL&LUBE,23.135
260814002,8/15/2026 12:02:08 AM,T119,Cat 797,852,780,MRM,FUEL&LUBE,14.31
260814002,8/15/2026 12:08:13 AM,T139,Cat 797,336,300,JPM,WAIT FOR FUEL BAY,19.175
260814002,8/15/2026 12:12:51 AM,T469,Cat 785,936,780,MRM,FUEL&LUBE,25.485
260814002,8/15/2026 12:13:49 AM,T139,Cat 797,779,780,JPM,FUEL&LUBE,17.75
260814002,8/15/2026 12:16:59 AM,T119,Cat 797,1,780,MRM,FUEL&LUBE,47.255
260814002,8/15/2026 12:26:58 AM,T139,Cat 797,5,780,JPM,FUEL&LUBE,163.85
260814002,8/15/2026 12:34:51 AM,T118,Cat 797,767,780,MRM,FUEL&LUBE,21.55
260814002,8/15/2026 12:35:55 AM,T113,Cat 797,1330,780,MRM,FUEL&LUBE,15.615
260814002,8/15/2026 12:59:39 AM,T137,Cat 797,4,780,JPM,FUEL&LUBE,24.525
260814002,8/15/2026 12:59:43 AM,T137,Cat 797,736,780,JPM,FUEL&LUBE,24.525
260814002,8/15/2026 1:22:42 AM,T107,Cat 797,742,780,MRM,FUEL&LUBE,24.145
260814002,8/15/2026 1:23:43 AM,T474,Cat 785,551,780,JPM,FUEL&LUBE,37.09
260814002,8/15/2026 1:37:23 AM,T129,Cat 797,792,780,MRM,FUEL&LUBE,18.105
260814002,8/15/2026 1:41:37 AM,T120,Cat 797,951,780,MRM,FUEL&LUBE,14.645
260814002,8/15/2026 1:48:02 AM,T151,Cat 797,990,780,MRM,FUEL&LUBE,14.52
260814002,8/15/2026 2:14:56 AM,T114,Cat 797,1790,780,MRM,FUEL&LUBE,24.27
260814002,8/15/2026 2:29:23 AM,T163,Cat 797,859,780,MRM,FUEL&LUBE,17.515
260814002,8/15/2026 2:51:22 AM,T133,Cat 797,136,780,MRM,FUEL&LUBE,163.85
260814002,8/15/2026 2:53:38 AM,T133,Cat 797,751,780,MRM,FUEL&LUBE,163.85
260814002,8/15/2026 3:03:15 AM,T162,Cat 797,905,780,MRM,FUEL&LUBE,23.26
260814002,8/15/2026 3:10:10 AM,T157,Cat 797,155,300,MRM,WAIT FOR FUEL BAY,16.68
260814002,8/15/2026 3:12:47 AM,T157,Cat 797,977,780,MRM,FUEL&LUBE,16.68
260814002,8/15/2026 3:15:48 AM,T144,Cat 797,107,780,JPM,FUEL&LUBE,
260814002,8/15/2026 3:17:35 AM,T144,Cat 797,699,780,JPM,FUEL&LUBE,
260814002,8/15/2026 3:36:00 AM,T124,Cat 797,16,780,MRM,FUEL&LUBE,14.635
260814002,8/15/2026 3:36:16 AM,T124,Cat 797,883,300,MRM,WAIT FOR FUEL BAY,14.635
260814002,8/15/2026 3:36:49 AM,T164,Cat 797,1023,780,MRM,FUEL&LUBE,16.205
260814002,8/15/2026 3:39:49 AM,T465,Cat 785,1456,780,MRM,FUEL&LUBE,33.265
260814002,8/15/2026 3:51:11 AM,T462,Cat 785,527,780,JPM,FUEL&LUBE,32.945
260814002,8/15/2026 3:56:20 AM,T105,Cat 797,831,780,MRM,FUEL&LUBE,17.63
260814002,8/15/2026 3:56:52 AM,T125,Cat 797,1782,780,MRM,FUEL&LUBE,14.845
260814002,8/15/2026 4:05:17 AM,T132,Cat 797,1318,780,MRM,FUEL&LUBE,163.85
260814002,8/15/2026 4:34:41 AM,T140,Cat 797,928,780,MRM,FUEL&LUBE,14.55
260814002,8/15/2026 4:45:21 AM,T153,Cat 797,865,780,MRM,FUEL&LUBE,14.79
260814002,8/15/2026 5:00:03 AM,T136,Cat 797,68,780,MRM,FUEL&LUBE,15.97
260814002,8/15/2026 5:01:11 AM,T136,Cat 797,1002,300,MRM,WAIT FOR FUEL BAY,15.97
260814002,8/15/2026 5:08:13 AM,T111,Cat 797,946,780,MRM,FUEL&LUBE,14.45
260814002,8/15/2026 5:48:28 AM,T110,Cat 797,692,780,MRM,FUEL&LUBE,14.48
260815001,8/15/2026 6:00:00 AM,T110,Cat 797,276,780,MRM,FUEL&LUBE,14.605
260815001,8/15/2026 6:03:10 AM,T112,Cat 797,135,780,MRM,FUEL&LUBE,163.85
260815001,8/15/2026 6:05:25 AM,T112,Cat 797,832,780,MRM,FUEL&LUBE,163.85
260815001,8/15/2026 6:05:46 AM,T101,Cat 797,13,780,MRM,FUEL&LUBE,18.105
260815001,8/15/2026 6:05:59 AM,T101,Cat 797,72,300,MRM,WAIT FOR FUEL BAY,18.105
260815001,8/15/2026 6:07:11 AM,T101,Cat 797,639,780,MRM,FUEL&LUBE,17.63
260815001,8/15/2026 6:11:08 AM,T166,Cat 797,472,300,MRM,WAIT FOR FUEL BAY,18.345
260815001,8/15/2026 6:19:02 AM,T166,Cat 797,763,780,MRM,FUEL&LUBE,17.155
260815001,8/15/2026 6:23:43 AM,T126,Cat 797,7,780,MRM,FUEL&LUBE,17.04
260815001,8/15/2026 6:23:50 AM,T126,Cat 797,52,300,MRM,WAIT FOR FUEL BAY,17.04
260815001,8/15/2026 6:24:42 AM,T126,Cat 797,691,780,MRM,FUEL&LUBE,17.04
260815001,8/15/2026 6:27:47 AM,T152,Cat 797,873,780,JPM,FUEL&LUBE,22.38
260815001,8/15/2026 6:48:27 AM,T109,Cat 797,890,780,MRM,FUEL&LUBE,18.105
260815001,8/15/2026 6:50:05 AM,T454,Cat 789,225,780,MRM,FUEL&LUBE,25.08
260815001,8/15/2026 7:06:56 AM,T128,Cat 797,870,780,MRM,FUEL&LUBE,24.65
260815001,8/15/2026 7:22:05 AM,T108,Cat 797,748,780,MRM,FUEL&LUBE,16.92
260815001,8/15/2026 7:31:21 AM,T102,Cat 797,653,780,JPM,FUEL&LUBE,23.135
260815001,8/15/2026 7:34:35 AM,T108,Cat 797,1,780,MRM,FUEL&LUBE,66.15
260815001,8/15/2026 7:36:35 AM,T471,Cat 785,810,780,MRM,FUEL&LUBE,31.67
260815001,8/15/2026 7:48:21 AM,T104,Cat 797,680,780,MRM,FUEL&LUBE,18.225
260815001,8/15/2026 8:13:44 AM,T103,Cat 797,844,780,MRM,FUEL&LUBE,22.145
260815001,8/15/2026 8:39:19 AM,T150,Cat 797,921,780,JPM,FUEL&LUBE,23.89
260815001,8/15/2026 8:46:03 AM,T149,Cat 797,275,780,JPM,FUEL&LUBE,
260815001,8/15/2026 8:46:29 AM,T106,Cat 797,836,780,MRM,FUEL&LUBE,23.005
260815001,8/15/2026 8:50:38 AM,T149,Cat 797,194,300,JPM,WAIT FOR FUEL BAY,
260815001,8/15/2026 8:54:02 AM,T149,Cat 797,926,300,JPM,WAIT FOR FUEL BAY,
260815001,8/15/2026 9:09:54 AM,T470,Cat 785,1333,780,MRM,FUEL&LUBE,163.855
260815001,8/15/2026 9:16:39 AM,T127,Cat 797,137,780,MRM,FUEL&LUBE,24.525
260815001,8/15/2026 9:18:56 AM,T127,Cat 797,745,780,MRM,FUEL&LUBE,23.515
260815001,8/15/2026 9:21:45 AM,T168,Cat 797,718,780,JPM,FUEL&LUBE,
260815001,8/15/2026 9:38:02 AM,T122,Cat 797,9,780,MRM,FUEL&LUBE,20.48
260815001,8/15/2026 9:47:00 AM,T113,Cat 797,893,780,MRM,FUEL&LUBE,22.265
260815001,8/15/2026 9:53:52 AM,T117,Cat 797,41,780,MRM,FUEL&LUBE,20.365
260815001,8/15/2026 9:54:33 AM,T117,Cat 797,817,780,MRM,FUEL&LUBE,20.365
260815001,8/15/2026 10:00:03 AM,T141,Cat 797,926,780,JPM,FUEL&LUBE,21.67
260815001,8/15/2026 10:07:54 AM,T118,Cat 797,44,780,MRM,FUEL&LUBE,163.85
260815001,8/15/2026 10:08:38 AM,T118,Cat 797,603,780,MRM,FUEL&LUBE,163.85
260815001,8/15/2026 10:18:05 AM,T122,Cat 797,856,780,MRM,FUEL&LUBE,15.495
260815001,8/15/2026 10:31:28 AM,T134,Cat 797,1270,780,JPM,FUEL&LUBE,17.75
260815001,8/15/2026 10:36:33 AM,T169,Cat 797,106,780,JPM,FUEL&LUBE,
260815001,8/15/2026 10:57:03 AM,T130,Cat 797,804,780,MRM,FUEL&LUBE,21.43
260815001,8/15/2026 11:23:04 AM,T138,Cat 797,836,780,MRM,FUEL&LUBE,21.43
260815001,8/15/2026 11:23:05 AM,T147,Cat 797,9,780,JPM,FUEL&LUBE,
260815001,8/15/2026 11:25:05 AM,T456,Cat 785,316,780,MRM,FUEL&LUBE,34.7
260815001,8/15/2026 11:28:37 AM,T135,Cat 797,5,780,MRM,FUEL&LUBE,23.005
260815001,8/15/2026 11:28:42 AM,T135,Cat 797,87,300,MRM,WAIT FOR FUEL BAY,23.005
260815001,8/15/2026 11:30:26 AM,T135,Cat 797,743,780,MRM,FUEL&LUBE,23.64
260815001,8/15/2026 11:37:59 AM,T463,Cat 785,660,780,JPM,FUEL&LUBE,27.63
260815001,8/15/2026 12:03:49 PM,T156,Cat 797,1099,780,JPM,FUEL&LUBE,16.92
260815001,8/15/2026 12:07:12 PM,T129,Cat 797,853,780,MRM,FUEL&LUBE,17.87
260815001,8/15/2026 12:08:49 PM,T472,Cat 785,671,780,MRM,FUEL&LUBE,33.425
260815001,8/15/2026 12:24:19 PM,T119,Cat 797,1173,780,MRM,FUEL&LUBE,20.6
260815001,8/15/2026 12:29:23 PM,T107,Cat 797,846,780,MRM,FUEL&LUBE,22.625
260815001,8/15/2026 12:46:38 PM,T161,Cat 797,168,780,JPM,FUEL&LUBE,29.08
260815001,8/15/2026 12:48:18 PM,T115,Cat 797,838,780,MRM,FUEL&LUBE,24.02
260815001,8/15/2026 1:04:40 PM,T154,Cat 797,5,780,JPM,FUEL&LUBE,22.5
260815001,8/15/2026 1:04:45 PM,T154,Cat 797,61,300,JPM,WAIT FOR FUEL BAY,22.5
260815001,8/15/2026 1:05:46 PM,T154,Cat 797,918,780,JPM,FUEL&LUBE,22.5
260815001,8/15/2026 1:16:25 PM,T466,Cat 785,457,780,MRM,FUEL&LUBE,29.62
260815001,8/15/2026 1:27:42 PM,T120,Cat 797,846,780,MRM,FUEL&LUBE,24.27
260815001,8/15/2026 1:33:48 PM,T469,Cat 785,519,780,MRM,FUEL&LUBE,32.305
260815001,8/15/2026 1:42:54 PM,T461,Cat 785,617,780,JPM,FUEL&LUBE,89.295
260815001,8/15/2026 1:52:41 PM,T153,Cat 797,833,780,MRM,FUEL&LUBE,20.72
260815001,8/15/2026 1:58:50 PM,T149,Cat 797,4,780,JPM,FUEL&LUBE,
260815001,8/15/2026 1:58:54 PM,T149,Cat 797,631,780,JPM,FUEL&LUBE,
260815001,8/15/2026 2:29:09 PM,T114,Cat 797,794,780,MRM,FUEL&LUBE,21.43
260815001,8/15/2026 2:48:09 PM,T144,Cat 797,14,780,JPM,FUEL&LUBE,
260815001,8/15/2026 3:01:49 PM,T151,Cat 797,880,780,MRM,FUEL&LUBE,22.025
260815001,8/15/2026 3:05:29 PM,T133,Cat 797,1134,780,MRM,FUEL&LUBE,163.85
260815001,8/15/2026 3:16:47 PM,T474,Cat 785,1399,780,JPM,FUEL&LUBE,33.58
260815001,8/15/2026 3:20:31 PM,T101,Cat 797,163,780,MRM,FUEL&LUBE,24.27
260815001,8/15/2026 3:23:14 PM,T101,Cat 797,773,300,MRM,WAIT FOR FUEL BAY,23.515
260815001,8/15/2026 3:28:41 PM,T152,Cat 797,2,780,JPM,FUEL&LUBE,163.85
260815001,8/15/2026 3:36:07 PM,T101,Cat 797,77,780,MRM,FUEL&LUBE,23.385
260815001,8/15/2026 3:45:06 PM,T124,Cat 797,947,780,MRM,FUEL&LUBE,24.27
260815001,8/15/2026 3:47:44 PM,T105,Cat 797,898,780,MRM,FUEL&LUBE,22.88
260815001,8/15/2026 3:52:03 PM,T137,Cat 797,922,780,JPM,FUEL&LUBE,17.515
260815001,8/15/2026 4:01:36 PM,T132,Cat 797,957,780,MRM,FUEL&LUBE,99.77
260815001,8/15/2026 4:06:49 PM,T116,Cat 797,914,780,MRM,FUEL&LUBE,15.73
260815001,8/15/2026 4:25:29 PM,T104,Cat 797,847,780,MRM,FUEL&LUBE,21.67
260815001,8/15/2026 4:29:25 PM,T164,Cat 797,1189,780,MRM,FUEL&LUBE,54.04
260815001,8/15/2026 4:34:14 PM,T113,Cat 797,28,780,MRM,FUEL&LUBE,42.755
260815001,8/15/2026 4:34:42 PM,T113,Cat 797,1150,300,MRM,WAIT FOR FUEL BAY,42.755
260815001,8/15/2026 4:35:05 PM,T108,Cat 797,135,780,MRM,FUEL&LUBE,61.65
260815001,8/15/2026 5:08:50 PM,T162,Cat 797,824,780,MRM,FUEL&LUBE,24.02
260815001,8/15/2026 5:29:44 PM,T140,Cat 797,15,780,MRM,FUEL&LUBE,17.275
260815001,8/15/2026 5:29:59 PM,T140,Cat 797,998,300,MRM,WAIT FOR FUEL BAY,17.275
260815001,8/15/2026 5:47:20 PM,T128,Cat 797,760,780,MRM,FUEL&LUBE,20.245
260815001,8/15/2026 5:58:52 PM,T112,Cat 797,68,780,MRM,FUEL&LUBE,163.85
260815001,8/15/2026 5:59:23 PM,T102,Cat 797,2,780,JPM,FUEL&LUBE,24.02
260815002,8/15/2026 6:00:00 PM,T112,Cat 797,766,780,MRM,FUEL&LUBE,163.85
260815002,8/15/2026 6:00:00 PM,T128,Cat 797,483,780,MRM,FUEL&LUBE,24.02
260815002,8/15/2026 6:21:23 PM,T105,Cat 797,25,780,MRM,FUEL&LUBE,94.795
260815002,8/15/2026 6:21:34 PM,T166,Cat 797,63,780,MRM,FUEL&LUBE,18.345
260815002,8/15/2026 6:21:48 PM,T105,Cat 797,410,300,MRM,WAIT FOR FUEL BAY,94.795
260815002,8/15/2026 6:22:37 PM,T166,Cat 797,370,300,MRM,WAIT FOR FUEL BAY,18.345
260815002,8/15/2026 6:28:18 PM,T126,Cat 797,1826,780,MRM,FUEL&LUBE,14.645
260815002,8/15/2026 6:28:38 PM,T105,Cat 797,856,780,MRM,FUEL&LUBE,95.49
260815002,8/15/2026 6:28:47 PM,T166,Cat 797,806,780,MRM,FUEL&LUBE,18.465
260815002,8/15/2026 6:33:07 PM,T102,Cat 797,695,780,JPM,FUEL&LUBE,18.94
260815002,8/15/2026 6:51:04 PM,T458,Cat 785,3,780,JPM,FUEL&LUBE,36.77
260815002,8/15/2026 6:51:07 PM,T458,Cat 785,107,300,JPM,WAIT FOR FUEL BAY,36.77
260815002,8/15/2026 6:52:54 PM,T458,Cat 785,444,780,JPM,FUEL&LUBE,36.29
260815002,8/15/2026 7:00:44 PM,T110,Cat 797,878,780,MRM,FUEL&LUBE,14.83
260815002,8/15/2026 7:20:24 PM,T103,Cat 797,764,780,MRM,FUEL&LUBE,26.93
260815002,8/15/2026 7:38:03 PM,T471,Cat 785,528,780,MRM,FUEL&LUBE,32.625
260815002,8/15/2026 7:45:00 PM,T139,Cat 797,887,780,JPM,FUEL&LUBE,26.93
260815002,8/15/2026 7:49:12 PM,T111,Cat 797,731,780,MRM,FUEL&LUBE,16.445
260815002,8/15/2026 8:01:04 PM,T118,Cat 797,838,780,MRM,FUEL&LUBE,163.85
260815002,8/15/2026 8:21:21 PM,T134,Cat 797,85,780,JPM,FUEL&LUBE,26.93
260815002,8/15/2026 8:22:46 PM,T134,Cat 797,596,780,JPM,FUEL&LUBE,25.41
260815002,8/15/2026 8:25:38 PM,T465,Cat 785,786,780,MRM,FUEL&LUBE,21.5
260815002,8/15/2026 8:38:15 PM,T106,Cat 797,121,300,MRM,WAIT FOR FUEL BAY,18.94
260815002,8/15/2026 8:40:17 PM,T106,Cat 797,781,780,MRM,FUEL&LUBE,19.175
260815002,8/15/2026 8:40:48 PM,T122,Cat 797,784,780,MRM,FUEL&LUBE,16.68
260815002,8/15/2026 8:57:03 PM,T472,Cat 785,607,780,MRM,FUEL&LUBE,23.8
260815002,8/15/2026 8:59:33 PM,T470,Cat 785,603,780,MRM,FUEL&LUBE,163.855
260815002,8/15/2026 9:05:32 PM,T168,Cat 797,77,300,JPM,WAIT FOR FUEL BAY,
260815002,8/15/2026 9:06:49 PM,T168,Cat 797,904,780,JPM,FUEL&LUBE,
260815002,8/15/2026 9:18:01 PM,T136,Cat 797,1003,780,MRM,FUEL&LUBE,16.205
260815002,8/15/2026 9:19:14 PM,T117,Cat 797,71,300,MRM,WAIT FOR FUEL BAY,17.75
260815002,8/15/2026 9:20:26 PM,T117,Cat 797,781,780,MRM,FUEL&LUBE,17.75
260815002,8/15/2026 9:22:42 PM,T168,Cat 797,4,780,JPM,FUEL&LUBE,
260815002,8/15/2026 9:37:36 PM,T150,Cat 797,31,780,JPM,FUEL&LUBE,25.285
260815002,8/15/2026 9:38:07 PM,T150,Cat 797,708,780,JPM,FUEL&LUBE,25.285
260815002,8/15/2026 9:58:12 PM,T157,Cat 797,17,780,MRM,FUEL&LUBE,21.43
260815002,8/15/2026 9:58:29 PM,T157,Cat 797,115,300,MRM,WAIT FOR FUEL BAY,21.43
260815002,8/15/2026 10:00:24 PM,T157,Cat 797,757,780,MRM,FUEL&LUBE,21.43
260815002,8/15/2026 10:11:48 PM,T454,Cat 789,89,780,MRM,FUEL&LUBE,34.575
260815002,8/15/2026 10:13:54 PM,T109,Cat 797,1030,780,MRM,FUEL&LUBE,16.09
260815002,8/15/2026 10:16:40 PM,T129,Cat 797,963,780,MRM,FUEL&LUBE,15.02
260815002,8/15/2026 10:42:52 PM,T141,Cat 797,117,300,JPM,WAIT FOR FUEL BAY,25.915
260815002,8/15/2026 10:44:49 PM,T141,Cat 797,666,780,JPM,FUEL&LUBE,26.295
260815002,8/15/2026 10:56:22 PM,T141,Cat 797,3,780,JPM,FUEL&LUBE,49.14
260815002,8/15/2026 11:03:50 PM,T135,Cat 797,935,780,MRM,FUEL&LUBE,19.055
260815002,8/15/2026 11:11:11 PM,T127,Cat 797,1100,780,MRM,FUEL&LUBE,14.845
260815002,8/15/2026 11:19:41 PM,T475,Cat 793,1386,780,MRM,FUEL&LUBE,45.945
260815002,8/15/2026 11:36:05 PM,T144,Cat 797,979,780,JPM,FUEL&LUBE,
260815002,8/16/2026 12:02:21 AM,T153,Cat 797,696,780,MRM,FUEL&LUBE,15.85
260815002,8/16/2026 12:10:36 AM,T169,Cat 797,9,300,JPM,WAIT FOR FUEL BAY,
260815002,8/16/2026 12:11:04 AM,T169,Cat 797,731,780,JPM,FUEL&LUBE,
260815002,8/16/2026 12:13:00 AM,T138,Cat 797,933,780,MRM,FUEL&LUBE,15.495
260815002,8/16/2026 12:17:54 AM,T136,Cat 797,4,300,MRM,WAIT FOR FUEL BAY,90.695
260815002,8/16/2026 12:30:58 AM,T120,Cat 797,808,300,MRM,WAIT FOR FUEL BAY,31.53
260815002,8/16/2026 12:39:08 AM,T107,Cat 797,813,780,MRM,FUEL&LUBE,19.175
260815002,8/16/2026 12:43:45 AM,T133,Cat 797,5,780,MRM,FUEL&LUBE,163.85
260815002,8/16/2026 12:43:50 AM,T133,Cat 797,110,300,MRM,WAIT FOR FUEL BAY,163.85
260815002,8/16/2026 12:44:28 AM,T120,Cat 797,2,780,MRM,FUEL&LUBE,45.145
260815002,8/16/2026 12:45:43 AM,T133,Cat 797,813,780,MRM,FUEL&LUBE,163.85
260815002,8/16/2026 12:49:32 AM,T152,Cat 797,877,780,JPM,FUEL&LUBE,21.67
260815002,8/16/2026 1:14:17 AM,T101,Cat 797,49,780,MRM,FUEL&LUBE,23.515
260815002,8/16/2026 1:15:06 AM,T101,Cat 797,110,300,MRM,WAIT FOR FUEL BAY,23.515
260815002,8/16/2026 1:16:56 AM,T101,Cat 797,672,780,MRM,FUEL&LUBE,22.88
260815002,8/16/2026 1:16:58 AM,T154,Cat 797,2,780,JPM,FUEL&LUBE,24.65
260815002,8/16/2026 1:17:00 AM,T154,Cat 797,108,300,JPM,WAIT FOR FUEL BAY,24.65
260815002,8/16/2026 1:18:48 AM,T154,Cat 797,713,780,JPM,FUEL&LUBE,24.905
260815002,8/16/2026 1:25:36 AM,T456,Cat 785,618,780,MRM,FUEL&LUBE,42.775
260815002,8/16/2026 1:34:00 AM,T130,Cat 797,1108,780,MRM,FUEL&LUBE,14.745
260815002,8/16/2026 1:37:02 AM,T156,Cat 797,935,780,JPM,FUEL&LUBE,25.41
260815002,8/16/2026 1:46:16 AM,T114,Cat 797,3,780,MRM,FUEL&LUBE,25.79
260815002,8/16/2026 1:46:19 AM,T114,Cat 797,228,300,MRM,WAIT FOR FUEL BAY,25.79
260815002,8/16/2026 1:50:07 AM,T114,Cat 797,820,780,MRM,FUEL&LUBE,24.02
260815002,8/16/2026 2:01:28 AM,T161,Cat 797,926,780,JPM,FUEL&LUBE,23.515
260815002,8/16/2026 2:16:54 AM,T161,Cat 797,405,780,JPM,FUEL&LUBE,21.315
260815002,8/16/2026 2:18:39 AM,T149,Cat 797,309,300,JPM,WAIT FOR FUEL BAY,
260815002,8/16/2026 2:24:22 AM,T149,Cat 797,868,780,JPM,FUEL&LUBE,
260815002,8/16/2026 2:36:17 AM,T102,Cat 797,191,300,JPM,WAIT FOR FUEL BAY,29.21
260815002,8/16/2026 2:36:27 AM,T151,Cat 797,738,780,MRM,FUEL&LUBE,24.145
260815002,8/16/2026 2:39:28 AM,T102,Cat 797,589,780,JPM,FUEL&LUBE,29.21
260815002,8/16/2026 2:45:22 AM,T108,Cat 797,170,780,MRM,FUEL&LUBE,14.395
260815002,8/16/2026 2:48:12 AM,T108,Cat 797,725,780,MRM,FUEL&LUBE,14.395
260815002,8/16/2026 2:49:19 AM,T102,Cat 797,13,780,JPM,FUEL&LUBE,27.94
260815002,8/16/2026 2:51:47 AM,T104,Cat 797,140,780,MRM,FUEL&LUBE,17.63
260815002,8/16/2026 2:54:07 AM,T104,Cat 797,36,300,MRM,WAIT FOR FUEL BAY,17.155
260815002,8/16/2026 2:54:43 AM,T104,Cat 797,776,780,MRM,FUEL&LUBE,17.155
260815002,8/16/2026 3:13:34 AM,T463,Cat 785,61,780,JPM,FUEL&LUBE,25.18
260815002,8/16/2026 3:14:35 AM,T463,Cat 785,53,300,JPM,WAIT FOR FUEL BAY,25.18
260815002,8/16/2026 3:15:53 AM,T463,Cat 785,570,780,JPM,FUEL&LUBE,25.18
260815002,8/16/2026 3:28:29 AM,T469,Cat 785,205,780,MRM,FUEL&LUBE,33.74
260815002,8/16/2026 3:30:30 AM,T147,Cat 797,42,300,JPM,WAIT FOR FUEL BAY,
260815002,8/16/2026 3:31:12 AM,T147,Cat 797,888,780,JPM,FUEL&LUBE,
260815002,8/16/2026 3:31:42 AM,T132,Cat 797,928,780,MRM,FUEL&LUBE,99.77
260815002,8/16/2026 3:46:03 AM,T147,Cat 797,3,780,JPM,FUEL&LUBE,
260815002,8/16/2026 3:46:39 AM,T469,Cat 785,688,780,MRM,FUEL&LUBE,31.83
260815002,8/16/2026 3:54:06 AM,T121,Cat 797,984,780,MRM,FUEL&LUBE,163.85
260815002,8/16/2026 4:05:54 AM,T137,Cat 797,1028,780,JPM,FUEL&LUBE,23.26
260815002,8/16/2026 4:17:58 AM,T119,Cat 797,998,780,MRM,FUEL&LUBE,14.79
260815002,8/16/2026 4:23:03 AM,T137,Cat 797,2,780,JPM,FUEL&LUBE,47.395
260815002,8/16/2026 4:30:45 AM,T466,Cat 785,559,780,MRM,FUEL&LUBE,31.67
260815002,8/16/2026 4:37:06 AM,T461,Cat 785,27,780,JPM,FUEL&LUBE,89.295
260815002,8/16/2026 4:37:33 AM,T461,Cat 785,570,780,JPM,FUEL&LUBE,89.295
260815002,8/16/2026 4:57:10 AM,T122,Cat 797,754,780,MRM,FUEL&LUBE,20.48
260815002,8/16/2026 5:16:11 AM,T124,Cat 797,8,780,MRM,FUEL&LUBE,18.465
260815002,8/16/2026 5:16:19 AM,T124,Cat 797,699,300,MRM,WAIT FOR FUEL BAY,18.465
260815002,8/16/2026 5:27:58 AM,T124,Cat 797,740,780,MRM,FUEL&LUBE,17.75
260815002,8/16/2026 5:35:26 AM,T164,Cat 797,990,780,MRM,FUEL&LUBE,20.005
260815002,8/16/2026 5:38:39 AM,T458,Cat 785,2,780,JPM,FUEL&LUBE,35.655
260815002,8/16/2026 5:51:46 AM,T160,Cat 797,494,780,MRM,FUEL&LUBE,37.505
260816001,8/16/2026 6:00:00 AM,T160,Cat 797,362,780,MRM,FUEL&LUBE,37.505
260816001,8/16/2026 6:16:22 AM,T140,Cat 797,872,780,MRM,FUEL&LUBE,28.955
260816001,8/16/2026 6:16:40 AM,T166,Cat 797,984,780,MRM,FUEL&LUBE,28.07
260816001,8/16/2026 6:31:02 AM,T458,Cat 785,6,780,JPM,FUEL&LUBE,30.395
260816001,8/16/2026 6:40:34 AM,T126,Cat 797,818,780,MRM,FUEL&LUBE,18.345
260816001,8/16/2026 6:43:22 AM,T113,Cat 797,98,780,MRM,FUEL&LUBE,18.225
260816001,8/16/2026 6:45:00 AM,T113,Cat 797,649,780,MRM,FUEL&LUBE,17.99
260816001,8/16/2026 6:52:37 AM,T134,Cat 797,798,780,JPM,FUEL&LUBE,19.65
260816001,8/16/2026 6:55:28 AM,T162,Cat 797,804,780,MRM,FUEL&LUBE,19.53
260816001,8/16/2026 6:58:51 AM,T112,Cat 797,18,780,MRM,FUEL&LUBE,163.85
260816001,8/16/2026 6:59:18 AM,T128,Cat 797,693,780,MRM,FUEL&LUBE,19.415
260816001,8/16/2026 7:09:37 AM,T112,Cat 797,840,780,MRM,FUEL&LUBE,163.85
260816001,8/16/2026 7:50:20 AM,T472,Cat 785,573,780,MRM,FUEL&LUBE,31.19
260816001,8/16/2026 7:59:11 AM,T110,Cat 797,818,780,MRM,FUEL&LUBE,22.88
260816001,8/16/2026 7:59:44 AM,T158,Cat 797,823,780,JPM,FUEL&LUBE,16.8
260816001,8/16/2026 8:08:30 AM,T468,Cat 785,673,780,MRM,FUEL&LUBE,26.25
260816001,8/16/2026 8:27:50 AM,T103,Cat 797,816,780,MRM,FUEL&LUBE,25.285
260816001,8/16/2026 8:40:44 AM,T120,Cat 797,715,780,MRM,FUEL&LUBE,74.17
260816001,8/16/2026 8:52:02 AM,T153,Cat 797,7,300,MRM,WAIT FOR FUEL BAY,55.965
260816001,8/16/2026 8:52:45 AM,T153,Cat 797,192,300,MRM,WAIT FOR FUEL BAY,55.375
260816001,8/16/2026 8:56:50 AM,T470,Cat 785,543,780,MRM,FUEL&LUBE,163.855
260816001,8/16/2026 9:01:08 AM,T117,Cat 797,962,780,MRM,FUEL&LUBE,27.565
260816001,8/16/2026 9:11:13 AM,T149,Cat 797,13,780,JPM,FUEL&LUBE,
260816001,8/16/2026 9:11:26 AM,T149,Cat 797,1405,300,JPM,WAIT FOR FUEL BAY,
260816001,8/16/2026 9:19:40 AM,T106,Cat 797,865,780,MRM,FUEL&LUBE,24.65
260816001,8/16/2026 9:19:56 AM,T139,Cat 797,140,780,JPM,FUEL&LUBE,163.85
260816001,8/16/2026 9:23:00 AM,T471,Cat 785,1174,780,MRM,FUEL&LUBE,26.56
260816001,8/16/2026 9:27:17 AM,T111,Cat 797,5,780,MRM,FUEL&LUBE,23.26
260816001,8/16/2026 9:27:22 AM,T111,Cat 797,525,300,MRM,WAIT FOR FUEL BAY,23.26
260816001,8/16/2026 9:36:07 AM,T111,Cat 797,720,780,MRM,FUEL&LUBE,21.55
260816001,8/16/2026 9:41:54 AM,T129,Cat 797,692,780,MRM,FUEL&LUBE,21.55
260816001,8/16/2026 10:00:36 AM,T116,Cat 797,931,780,MRM,FUEL&LUBE,26.17
260816001,8/16/2026 10:12:01 AM,T115,Cat 797,761,780,MRM,FUEL&LUBE,21.075
260816001,8/16/2026 10:26:20 AM,T168,Cat 797,958,780,JPM,FUEL&LUBE,
260816001,8/16/2026 10:30:57 AM,T127,Cat 797,798,780,MRM,FUEL&LUBE,39.665
260816001,8/16/2026 11:01:27 AM,T141,Cat 797,1155,780,JPM,FUEL&LUBE,23.26
260816001,8/16/2026 11:09:11 AM,T465,Cat 785,698,780,MRM,FUEL&LUBE,36.61
260816001,8/16/2026 11:16:41 AM,T109,Cat 797,783,780,MRM,FUEL&LUBE,25.16
260816001,8/16/2026 11:17:10 AM,T460,Cat 785,847,780,MRM,FUEL&LUBE,21.655
260816001,8/16/2026 11:17:47 AM,T133,Cat 797,3,780,MRM,FUEL&LUBE,163.85
260816001,8/16/2026 11:17:50 AM,T133,Cat 797,721,300,MRM,WAIT FOR FUEL BAY,163.85
260816001,8/16/2026 11:28:26 AM,T136,Cat 797,1033,780,MRM,FUEL&LUBE,22.025
260816001,8/16/2026 11:28:33 AM,T102,Cat 797,755,780,JPM,FUEL&LUBE,36.045
260816001,8/16/2026 11:29:51 AM,T133,Cat 797,662,780,MRM,FUEL&LUBE,163.85
260816001,8/16/2026 11:45:29 AM,T150,Cat 797,1044,780,JPM,FUEL&LUBE,25.16
260816001,8/16/2026 12:14:36 PM,T474,Cat 785,678,780,JPM,FUEL&LUBE,39.955
260816001,8/16/2026 12:17:34 PM,T157,Cat 797,893,780,MRM,FUEL&LUBE,23.26
260816001,8/16/2026 12:24:22 PM,T135,Cat 797,854,780,MRM,FUEL&LUBE,19.295
260816001,8/16/2026 12:37:28 PM,T169,Cat 797,1014,780,JPM,FUEL&LUBE,
260816001,8/16/2026 12:50:29 PM,T101,Cat 797,846,780,MRM,FUEL&LUBE,15.615
260816001,8/16/2026 1:03:45 PM,T144,Cat 797,931,780,JPM,FUEL&LUBE,
260816001,8/16/2026 1:20:01 PM,T152,Cat 797,784,780,JPM,FUEL&LUBE,15.73
260816001,8/16/2026 1:34:42 PM,T131,Cat 797,984,780,MRM,FUEL&LUBE,31.665
260816001,8/16/2026 1:47:05 PM,T138,Cat 797,865,780,MRM,FUEL&LUBE,20.84
260816001,8/16/2026 1:58:20 PM,T465,Cat 785,8,300,MRM,WAIT FOR FUEL BAY,80.87
260816001,8/16/2026 2:22:59 PM,T107,Cat 797,788,780,MRM,FUEL&LUBE,22.625
260816001,8/16/2026 2:37:39 PM,T108,Cat 797,820,780,MRM,FUEL&LUBE,17.155
260816001,8/16/2026 2:39:46 PM,T121,Cat 797,32,780,MRM,FUEL&LUBE,163.85
260816001,8/16/2026 2:40:18 PM,T121,Cat 797,107,300,MRM,WAIT FOR FUEL BAY,163.85
260816001,8/16/2026 2:41:11 PM,T161,Cat 797,999,780,JPM,FUEL&LUBE,25.665
260816001,8/16/2026 2:42:05 PM,T121,Cat 797,694,780,MRM,FUEL&LUBE,163.85
260816001,8/16/2026 2:45:38 PM,T117,Cat 797,1127,780,MRM,FUEL&LUBE,66.45
260816001,8/16/2026 3:13:54 PM,T153,Cat 797,903,780,MRM,FUEL&LUBE,16.565
260816001,8/16/2026 3:14:33 PM,T154,Cat 797,827,780,JPM,FUEL&LUBE,22.265
260816001,8/16/2026 3:19:29 PM,T114,Cat 797,788,780,MRM,FUEL&LUBE,21.43
260816001,8/16/2026 3:26:06 PM,T104,Cat 797,803,780,MRM,FUEL&LUBE,19.53
260816001,8/16/2026 3:33:48 PM,T132,Cat 797,139,780,MRM,FUEL&LUBE,99.77
260816001,8/16/2026 3:36:07 PM,T132,Cat 797,751,780,MRM,FUEL&LUBE,99.77
260816001,8/16/2026 4:05:05 PM,T456,Cat 785,381,780,MRM,FUEL&LUBE,34.06
260816001,8/16/2026 4:11:49 PM,T156,Cat 797,2,780,JPM,FUEL&LUBE,97.92
260816001,8/16/2026 4:17:47 PM,T122,Cat 797,647,780,MRM,FUEL&LUBE,21.55
260816001,8/16/2026 4:24:19 PM,T454,Cat 789,782,780,MRM,FUEL&LUBE,34.575
260816001,8/16/2026 4:37:28 PM,T130,Cat 797,709,780,MRM,FUEL&LUBE,24.525
260816001,8/16/2026 4:47:08 PM,T113,Cat 797,721,780,MRM,FUEL&LUBE,19.89
260816001,8/16/2026 5:04:07 PM,T463,Cat 785,447,780,JPM,FUEL&LUBE,36.29
260816001,8/16/2026 5:19:57 PM,T151,Cat 797,916,780,MRM,FUEL&LUBE,21.55
260816001,8/16/2026 5:24:44 PM,T124,Cat 797,5,780,MRM,FUEL&LUBE,19.175
260816001,8/16/2026 5:24:49 PM,T124,Cat 797,50,300,MRM,WAIT FOR FUEL BAY,19.175
260816001,8/16/2026 5:25:39 PM,T124,Cat 797,885,780,MRM,FUEL&LUBE,19.175
260816001,8/16/2026 5:25:49 PM,T160,Cat 797,597,300,MRM,WAIT FOR FUEL BAY,44.165
260816001,8/16/2026 5:36:15 PM,T160,Cat 797,1087,780,MRM,FUEL&LUBE,45.145
260816001,8/16/2026 5:41:30 PM,T134,Cat 797,1,780,JPM,FUEL&LUBE,24.02
260816001,8/16/2026 5:55:20 PM,T162,Cat 797,280,780,MRM,FUEL&LUBE,30.475
260816001,8/16/2026 5:56:56 PM,T458,Cat 785,12,780,JPM,FUEL&LUBE,35.175
260816002,8/16/2026 6:00:00 PM,T162,Cat 797,1005,780,MRM,FUEL&LUBE,30.6
260816002,8/16/2026 6:12:46 PM,T458,Cat 785,1,780,JPM,FUEL&LUBE,34.54
260816002,8/16/2026 6:15:56 PM,T469,Cat 785,165,780,MRM,FUEL&LUBE,33.74
260816002,8/16/2026 6:18:41 PM,T469,Cat 785,243,300,MRM,WAIT FOR FUEL BAY,33.74
260816002,8/16/2026 6:19:20 PM,T134,Cat 797,888,780,JPM,FUEL&LUBE,18.94
260816002,8/16/2026 6:22:44 PM,T469,Cat 785,782,780,MRM,FUEL&LUBE,33.265
260816002,8/16/2026 6:33:41 PM,T126,Cat 797,917,780,MRM,FUEL&LUBE,15.14
260816002,8/16/2026 6:35:49 PM,T166,Cat 797,965,780,MRM,FUEL&LUBE,15.375
260816002,8/16/2026 6:42:05 PM,T165,Cat 797,821,780,JPM,FUEL&LUBE,14.34
260816002,8/16/2026 6:51:28 PM,T119,Cat 797,858,780,MRM,FUEL&LUBE,15.615
260816002,8/16/2026 6:55:05 PM,T128,Cat 797,749,780,MRM,FUEL&LUBE,18.465
260816002,8/16/2026 7:00:49 PM,T458,Cat 785,453,780,JPM,FUEL&LUBE,29.775
260816002,8/16/2026 7:01:01 PM,T112,Cat 797,1023,780,MRM,FUEL&LUBE,163.85
260816002,8/16/2026 7:08:26 PM,T458,Cat 785,2,780,JPM,FUEL&LUBE,28.395
260816002,8/16/2026 7:10:40 PM,T129,Cat 797,36,780,MRM,FUEL&LUBE,14.745
260816002,8/16/2026 7:11:22 PM,T129,Cat 797,11,780,MRM,FUEL&LUBE,14.745
260816002,8/16/2026 7:11:33 PM,T129,Cat 797,958,780,MRM,FUEL&LUBE,14.745
260816002,8/16/2026 7:11:52 PM,T149,Cat 797,554,780,JPM,FUEL&LUBE,
260816002,8/16/2026 7:13:40 PM,T127,Cat 797,4,780,MRM,FUEL&LUBE,14.35
260816002,8/16/2026 7:13:44 PM,T127,Cat 797,297,300,MRM,WAIT FOR FUEL BAY,14.35
260816002,8/16/2026 7:18:41 PM,T127,Cat 797,884,780,MRM,FUEL&LUBE,14.575
260816002,8/16/2026 7:43:37 PM,T137,Cat 797,49,300,JPM,WAIT FOR FUEL BAY,22.265
260816002,8/16/2026 7:44:26 PM,T137,Cat 797,833,780,JPM,FUEL&LUBE,21.43
260816002,8/16/2026 7:47:19 PM,T466,Cat 785,508,780,MRM,FUEL&LUBE,84.18999
260816002,8/16/2026 7:49:26 PM,T140,Cat 797,12,780,MRM,FUEL&LUBE,15.375
260816002,8/16/2026 7:49:38 PM,T140,Cat 797,156,300,MRM,WAIT FOR FUEL BAY,15.375
260816002,8/16/2026 7:52:16 PM,T140,Cat 797,826,780,MRM,FUEL&LUBE,14.87
260816002,8/16/2026 7:58:24 PM,T137,Cat 797,4,780,JPM,FUEL&LUBE,32.06
260816002,8/16/2026 8:01:47 PM,T103,Cat 797,18,780,MRM,FUEL&LUBE,14.815
260816002,8/16/2026 8:02:05 PM,T103,Cat 797,61,300,MRM,WAIT FOR FUEL BAY,14.815
260816002,8/16/2026 8:03:06 PM,T103,Cat 797,788,780,MRM,FUEL&LUBE,14.815
260816002,8/16/2026 8:13:18 PM,T147,Cat 797,673,780,JPM,FUEL&LUBE,
260816002,8/16/2026 8:24:52 PM,T147,Cat 797,1,780,JPM,FUEL&LUBE,
260816002,8/16/2026 8:31:12 PM,T164,Cat 797,808,780,MRM,FUEL&LUBE,19.055
260816002,8/16/2026 8:37:45 PM,T468,Cat 785,12,780,MRM,FUEL&LUBE,37.565
260816002,8/16/2026 8:37:57 PM,T468,Cat 785,117,300,MRM,WAIT FOR FUEL BAY,37.565
260816002,8/16/2026 8:39:54 PM,T468,Cat 785,482,780,MRM,FUEL&LUBE,37.565
260816002,8/16/2026 9:10:26 PM,T111,Cat 797,849,780,MRM,FUEL&LUBE,19.77
260816002,8/16/2026 9:13:57 PM,T158,Cat 797,69,780,JPM,FUEL&LUBE,23.005
260816002,8/16/2026 9:14:04 PM,T133,Cat 797,747,780,MRM,FUEL&LUBE,163.85
260816002,8/16/2026 9:15:06 PM,T158,Cat 797,756,780,JPM,FUEL&LUBE,23.005
260816002,8/16/2026 9:19:23 PM,T470,Cat 785,6,780,MRM,FUEL&LUBE,163.855
260816002,8/16/2026 9:19:29 PM,T470,Cat 785,350,300,MRM,WAIT FOR FUEL BAY,163.855
260816002,8/16/2026 9:20:11 PM,T106,Cat 797,1179,780,MRM,FUEL&LUBE,15.495
260816002,8/16/2026 9:25:19 PM,T470,Cat 785,424,780,MRM,FUEL&LUBE,163.855
260816002,8/16/2026 9:35:28 PM,T102,Cat 797,3,780,JPM,FUEL&LUBE,21.195
260816002,8/16/2026 9:35:31 PM,T102,Cat 797,104,300,JPM,WAIT FOR FUEL BAY,21.195
260816002,8/16/2026 9:37:15 PM,T102,Cat 797,619,780,JPM,FUEL&LUBE,21.195
260816002,8/16/2026 9:47:53 PM,T460,Cat 785,5,780,MRM,FUEL&LUBE,37.725
260816002,8/16/2026 9:47:58 PM,T460,Cat 785,36,300,MRM,WAIT FOR FUEL BAY,37.725
260816002,8/16/2026 10:01:08 PM,T168,Cat 797,908,780,JPM,FUEL&LUBE,
260816002,8/16/2026 10:05:07 PM,T109,Cat 797,870,780,MRM,FUEL&LUBE,23.765
260816002,8/16/2026 10:23:41 PM,T139,Cat 797,94,300,JPM,WAIT FOR FUEL BAY,23.515
260816002,8/16/2026 10:25:15 PM,T139,Cat 797,791,780,JPM,FUEL&LUBE,23.005
260816002,8/16/2026 10:27:18 PM,T116,Cat 797,862,780,MRM,FUEL&LUBE,21.905
260816002,8/16/2026 10:38:27 PM,T139,Cat 797,2,780,JPM,FUEL&LUBE,23.135
260816002,8/16/2026 10:45:21 PM,T472,Cat 785,522,780,MRM,FUEL&LUBE,21.81
260816002,8/16/2026 10:47:57 PM,T101,Cat 797,826,780,MRM,FUEL&LUBE,14.14
260816002,8/16/2026 10:53:41 PM,T141,Cat 797,1163,780,JPM,FUEL&LUBE,29.965
260816002,8/16/2026 11:21:54 PM,T152,Cat 797,55,300,JPM,WAIT FOR FUEL BAY,20.245
260816002,8/16/2026 11:22:53 PM,T152,Cat 797,673,780,JPM,FUEL&LUBE,20.245
260816002,8/16/2026 11:28:38 PM,T115,Cat 797,96,780,MRM,FUEL&LUBE,15.85
260816002,8/16/2026 11:30:14 PM,T115,Cat 797,1286,780,MRM,FUEL&LUBE,15.255
260816002,8/16/2026 11:34:17 PM,T152,Cat 797,2,780,JPM,FUEL&LUBE,163.85
260816002,8/16/2026 11:41:54 PM,T471,Cat 785,687,780,MRM,FUEL&LUBE,26.865
260816002,8/16/2026 11:47:15 PM,T167,Cat 797,3,780,MRM,FUEL&LUBE,14.505
260816002,8/16/2026 11:47:18 PM,T167,Cat 797,330,300,MRM,WAIT FOR FUEL BAY,14.505
260816002,8/16/2026 11:52:50 PM,T167,Cat 797,1209,780,MRM,FUEL&LUBE,14.42
260816002,8/17/2026 12:02:13 AM,T150,Cat 797,92,780,JPM,FUEL&LUBE,25.915
260816002,8/17/2026 12:03:45 AM,T150,Cat 797,31,780,JPM,FUEL&LUBE,24.905
260816002,8/17/2026 12:07:09 AM,T150,Cat 797,521,780,JPM,FUEL&LUBE,24.905
260816002,8/17/2026 12:10:20 AM,T136,Cat 797,1033,780,MRM,FUEL&LUBE,18.82
260816002,8/17/2026 12:21:09 AM,T144,Cat 797,873,780,JPM,FUEL&LUBE,
260816002,8/17/2026 12:25:27 AM,T127,Cat 797,114,780,MRM,FUEL&LUBE,73.265
260816002,8/17/2026 12:26:46 AM,T465,Cat 785,728,780,MRM,FUEL&LUBE,23.955
260816002,8/17/2026 12:27:21 AM,T127,Cat 797,870,780,MRM,FUEL&LUBE,71.9
260816002,8/17/2026 12:49:01 AM,T122,Cat 797,658,780,MRM,FUEL&LUBE,23.005
260816002,8/17/2026 12:49:09 AM,T157,Cat 797,1017,780,MRM,FUEL&LUBE,18.94
260816002,8/17/2026 12:57:57 AM,T171,Cat 797,945,780,JPM,FUEL&LUBE,
260816002,8/17/2026 1:00:24 AM,T108,Cat 797,19,780,MRM,FUEL&LUBE,14.715
260816002,8/17/2026 1:00:43 AM,T108,Cat 797,760,300,MRM,WAIT FOR FUEL BAY,14.715
260816002,8/17/2026 1:21:21 AM,T113,Cat 797,64,780,MRM,FUEL&LUBE,23.89
260816002,8/17/2026 1:22:25 AM,T113,Cat 797,741,780,MRM,FUEL&LUBE,23.89
260816002,8/17/2026 1:27:08 AM,T135,Cat 797,1008,780,MRM,FUEL&LUBE,14.86
260816002,8/17/2026 1:43:52 AM,T118,Cat 797,762,780,MRM,FUEL&LUBE,163.85
260816002,8/17/2026 2:05:16 AM,T468,Cat 785,46,780,MRM,FUEL&LUBE,66.72
260816002,8/17/2026 2:06:02 AM,T468,Cat 785,81,300,MRM,WAIT FOR FUEL BAY,66.72
260816002,8/17/2026 2:07:23 AM,T468,Cat 785,587,780,MRM,FUEL&LUBE,67.245
260816002,8/17/2026 2:10:28 AM,T107,Cat 797,909,780,MRM,FUEL&LUBE,21.315
260816002,8/17/2026 2:13:01 AM,T153,Cat 797,384,300,MRM,WAIT FOR FUEL BAY,14.41
260816002,8/17/2026 2:19:25 AM,T153,Cat 797,760,780,MRM,FUEL&LUBE,14.41
260816002,8/17/2026 2:23:42 AM,T118,Cat 797,37,780,MRM,FUEL&LUBE,1.905
260816002,8/17/2026 2:25:26 AM,T104,Cat 797,12,780,MRM,FUEL&LUBE,14.675
260816002,8/17/2026 2:25:38 AM,T104,Cat 797,109,300,MRM,WAIT FOR FUEL BAY,14.675
260816002,8/17/2026 2:27:27 AM,T104,Cat 797,741,780,MRM,FUEL&LUBE,14.675
260816002,8/17/2026 2:32:08 AM,T153,Cat 797,1,780,MRM,FUEL&LUBE,91.17
260816002,8/17/2026 2:46:32 AM,T134,Cat 797,781,780,JPM,FUEL&LUBE,30.475
260816002,8/17/2026 2:55:39 AM,T132,Cat 797,649,780,MRM,FUEL&LUBE,163.85
260816002,8/17/2026 3:00:05 AM,T114,Cat 797,51,780,MRM,FUEL&LUBE,19.53
260816002,8/17/2026 3:00:56 AM,T114,Cat 797,903,780,MRM,FUEL&LUBE,19.53
260816002,8/17/2026 3:01:14 AM,T121,Cat 797,22,780,MRM,FUEL&LUBE,163.85
260816002,8/17/2026 3:01:36 AM,T121,Cat 797,360,300,MRM,WAIT FOR FUEL BAY,163.85
260816002,8/17/2026 3:07:36 AM,T121,Cat 797,730,780,MRM,FUEL&LUBE,163.85
260816002,8/17/2026 3:09:24 AM,T118,Cat 797,9,780,MRM,FUEL&LUBE,1.905
260816002,8/17/2026 3:09:33 AM,T118,Cat 797,305,300,MRM,WAIT FOR FUEL BAY,1.905
260816002,8/17/2026 3:10:33 AM,T161,Cat 797,783,780,JPM,FUEL&LUBE,25.285
260816002,8/17/2026 3:29:09 AM,T154,Cat 797,793,780,JPM,FUEL&LUBE,23.765
260816002,8/17/2026 3:38:32 AM,T138,Cat 797,944,780,MRM,FUEL&LUBE,15.615
260816002,8/17/2026 3:42:22 AM,T117,Cat 797,984,780,MRM,FUEL&LUBE,16.68
260816002,8/17/2026 3:58:57 AM,T110,Cat 797,983,780,MRM,FUEL&LUBE,14.35
260816002,8/17/2026 3:59:06 AM,T131,Cat 797,993,780,MRM,FUEL&LUBE,31.665
260816002,8/17/2026 4:04:06 AM,T156,Cat 797,1044,780,JPM,FUEL&LUBE,31
260816002,8/17/2026 4:21:31 AM,T156,Cat 797,2,780,JPM,FUEL&LUBE,99.305
260816002,8/17/2026 4:25:41 AM,T126,Cat 797,876,780,MRM,FUEL&LUBE,19.295
260816002,8/17/2026 4:30:41 AM,T456,Cat 785,524,780,MRM,FUEL&LUBE,31.35
260816002,8/17/2026 4:32:29 AM,T129,Cat 797,1132,780,MRM,FUEL&LUBE,17.99
260816002,8/17/2026 4:55:31 AM,T474,Cat 785,443,780,JPM,FUEL&LUBE,36.61
260816002,8/17/2026 5:32:04 AM,T124,Cat 797,882,780,MRM,FUEL&LUBE,20.6
260816002,8/17/2026 5:38:37 AM,T160,Cat 797,22,780,MRM,FUEL&LUBE,19.055
260816002,8/17/2026 5:38:59 AM,T160,Cat 797,582,300,MRM,WAIT FOR FUEL BAY,19.055
260816002,8/17/2026 5:48:41 AM,T160,Cat 797,679,780,MRM,FUEL&LUBE,19.53
260816002,8/17/2026 5:53:41 AM,T123,Cat 797,379,780,MRM,FUEL&LUBE,14.395
260817001,8/17/2026 6:00:00 AM,T123,Cat 797,368,780,MRM,FUEL&LUBE,14.295
260817001,8/17/2026 6:00:00 AM,T160,Cat 797,189,780,MRM,FUEL&LUBE,27.565
260817001,8/17/2026 6:21:25 AM,T162,Cat 797,865,780,MRM,FUEL&LUBE,16.8
260817001,8/17/2026 6:25:19 AM,T128,Cat 797,1415,780,MRM,FUEL&LUBE,21.43
260817001,8/17/2026 6:37:36 AM,T458,Cat 785,711,780,JPM,FUEL&LUBE,33.425
260817001,8/17/2026 6:39:32 AM,T151,Cat 797,1579,780,MRM,FUEL&LUBE,20.125
260817001,8/17/2026 6:44:38 AM,T166,Cat 797,7,780,MRM,FUEL&LUBE,21.43
260817001,8/17/2026 6:44:45 AM,T166,Cat 797,235,300,MRM,WAIT FOR FUEL BAY,19.89
260817001,8/17/2026 6:48:40 AM,T166,Cat 797,903,780,MRM,FUEL&LUBE,19.89
260817001,8/17/2026 7:12:13 AM,T165,Cat 797,716,780,JPM,FUEL&LUBE,23.64
260817001,8/17/2026 7:14:12 AM,T130,Cat 797,13,780,MRM,FUEL&LUBE,21.315
260817001,8/17/2026 7:14:25 AM,T130,Cat 797,907,780,MRM,FUEL&LUBE,21.315
260817001,8/17/2026 7:19:22 AM,T110,Cat 797,1216,780,MRM,FUEL&LUBE,87.93
260817001,8/17/2026 4:48:42 PM,T472,Cat 785,634,300,MRM,WAIT FOR FUEL BAY,27.63
260817001,8/17/2026 4:49:10 PM,T156,Cat 797,844,780,JPM,FUEL&LUBE,26.045
260817001,8/17/2026 4:59:28 PM,T472,Cat 785,4,780,MRM,FUEL&LUBE,27.63
260817001,8/17/2026 5:25:26 PM,T131,Cat 797,994,300,MRM,WAIT FOR FUEL BAY,31.665
260817001,8/17/2026 5:25:53 PM,T138,Cat 797,1040,780,MRM,FUEL&LUBE,19.295
260817001,8/17/2026 5:36:55 PM,T458,Cat 785,3,780,JPM,FUEL&LUBE,36.29
260817001,8/17/2026 5:42:00 PM,T131,Cat 797,89,780,MRM,FUEL&LUBE,31.665
260817001,8/17/2026 5:44:31 PM,T121,Cat 797,805,780,MRM,FUEL&LUBE,163.85
260817001,8/17/2026 5:47:00 PM,T133,Cat 797,780,780,MRM,FUEL&LUBE,163.85
260817001,8/17/2026 5:51:17 PM,T130,Cat 797,4,780,MRM,FUEL&LUBE,42.615
260817001,8/17/2026 5:51:21 PM,T130,Cat 797,519,300,MRM,WAIT FOR FUEL BAY,42.615
260817001,8/17/2026 5:56:54 PM,T458,Cat 785,1,780,JPM,FUEL&LUBE,34.7
260817002,8/17/2026 6:00:00 PM,T130,Cat 797,26,300,MRM,WAIT FOR FUEL BAY,40.505
260817002,8/17/2026 6:00:00 PM,T133,Cat 797,22,780,MRM,FUEL&LUBE,163.85
260817002,8/17/2026 6:00:26 PM,T130,Cat 797,844,780,MRM,FUEL&LUBE,40.505
260817002,8/17/2026 6:10:16 PM,T151,Cat 797,104,780,MRM,FUEL&LUBE,25.79
260817002,8/17/2026 6:12:00 PM,T151,Cat 797,815,780,MRM,FUEL&LUBE,24.525
260817002,8/17/2026 6:18:12 PM,T458,Cat 785,31,780,JPM,FUEL&LUBE,31.99
260817002,8/17/2026 6:18:43 PM,T458,Cat 785,205,300,JPM,WAIT FOR FUEL BAY,31.99
260817002,8/17/2026 6:22:08 PM,T458,Cat 785,371,780,JPM,FUEL&LUBE,31.99
260817002,8/17/2026 6:36:33 PM,T160,Cat 797,783,780,MRM,FUEL&LUBE,19.89
260817002,8/17/2026 6:46:19 PM,T162,Cat 797,849,780,MRM,FUEL&LUBE,17.63
260817002,8/17/2026 6:55:49 PM,T128,Cat 797,1445,780,MRM,FUEL&LUBE,14.52
260817002,8/17/2026 7:06:20 PM,T165,Cat 797,784,780,JPM,FUEL&LUBE,27.31
260817002,8/17/2026 7:34:21 PM,T469,Cat 785,586,780,MRM,FUEL&LUBE,30.715
260817002,8/17/2026 7:39:11 PM,T137,Cat 797,902,780,JPM,FUEL&LUBE,26.675
260817002,8/17/2026 7:45:06 PM,T152,Cat 797,5,780,JPM,FUEL&LUBE,25.41
260817002,8/17/2026 7:45:11 PM,T152,Cat 797,310,300,JPM,WAIT FOR FUEL BAY,25.41
260817002,8/17/2026 7:50:21 PM,T152,Cat 797,188,300,JPM,WAIT FOR FUEL BAY,25.03
260817002,8/17/2026 7:51:59 PM,T460,Cat 785,1073,780,MRM,FUEL&LUBE,31.35
260817002,8/17/2026 7:53:29 PM,T152,Cat 797,786,780,JPM,FUEL&LUBE,24.4
260817002,8/17/2026 8:35:01 PM,T113,Cat 797,677,780,MRM,FUEL&LUBE,20.005
260817002,8/17/2026 8:37:32 PM,T119,Cat 797,8,780,MRM,FUEL&LUBE,23.765
260817002,8/17/2026 8:37:40 PM,T119,Cat 797,109,300,MRM,WAIT FOR FUEL BAY,23.765
260817002,8/17/2026 8:39:29 PM,T119,Cat 797,1024,780,MRM,FUEL&LUBE,22.755
260817002,8/17/2026 9:02:33 PM,T118,Cat 797,71,780,MRM,FUEL&LUBE,18.7
260817002,8/17/2026 9:03:44 PM,T118,Cat 797,592,780,MRM,FUEL&LUBE,163.85
260817002,8/17/2026 9:05:40 PM,T122,Cat 797,747,780,MRM,FUEL&LUBE,24.02
260817002,8/17/2026 9:16:16 PM,T166,Cat 797,871,780,MRM,FUEL&LUBE,14.87
260817002,8/17/2026 9:18:50 PM,T147,Cat 797,858,780,JPM,FUEL&LUBE,
260817002,8/17/2026 9:29:37 PM,T140,Cat 797,23,780,MRM,FUEL&LUBE,22.145
260817002,8/17/2026 9:30:00 PM,T140,Cat 797,34,300,MRM,WAIT FOR FUEL BAY,20.84
260817002,8/17/2026 9:30:34 PM,T140,Cat 797,834,780,MRM,FUEL&LUBE,20.84
260817002,8/17/2026 9:33:28 PM,T112,Cat 797,870,780,MRM,FUEL&LUBE,38.965
260817002,8/17/2026 9:54:35 PM,T153,Cat 797,864,780,MRM,FUEL&LUBE,15.85
260817002,8/17/2026 9:55:22 PM,T139,Cat 797,959,780,JPM,FUEL&LUBE,28.955
260817002,8/17/2026 10:02:13 PM,T106,Cat 797,848,780,MRM,FUEL&LUBE,15.02
260817002,8/17/2026 10:29:57 PM,T104,Cat 797,766,780,MRM,FUEL&LUBE,24.27
260817002,8/17/2026 10:37:17 PM,T474,Cat 785,554,780,JPM,FUEL&LUBE,33.58
260817002,8/17/2026 10:37:30 PM,T466,Cat 785,12,780,MRM,FUEL&LUBE,86.06
260817002,8/17/2026 10:37:42 PM,T466,Cat 785,75,300,MRM,WAIT FOR FUEL BAY,86.06
260817002,8/17/2026 10:45:13 PM,T108,Cat 797,777,780,MRM,FUEL&LUBE,14.745
260817002,8/17/2026 10:50:05 PM,T470,Cat 785,694,780,MRM,FUEL&LUBE,163.855
260817002,8/17/2026 10:53:25 PM,T466,Cat 785,10,780,MRM,FUEL&LUBE,86.06
260817002,8/17/2026 10:58:31 PM,T475,Cat 793,1978,780,MRM,FUEL&LUBE,75.96
260817002,8/17/2026 11:10:33 PM,T149,Cat 797,891,780,JPM,FUEL&LUBE,
260817002,8/17/2026 11:26:18 PM,T110,Cat 797,6,780,MRM,FUEL&LUBE,18.225
260817002,8/17/2026 11:26:24 PM,T110,Cat 797,370,300,MRM,WAIT FOR FUEL BAY,18.225
260817002,8/17/2026 11:30:05 PM,T456,Cat 785,208,780,MRM,FUEL&LUBE,24.26
260817002,8/17/2026 11:32:25 PM,T102,Cat 797,124,780,JPM,FUEL&LUBE,21.55
260817002,8/17/2026 11:32:34 PM,T110,Cat 797,765,780,MRM,FUEL&LUBE,17.63
260817002,8/17/2026 11:34:29 PM,T102,Cat 797,613,780,JPM,FUEL&LUBE,21.55
260817002,8/18/2026 12:04:15 AM,T168,Cat 797,1012,780,JPM,FUEL&LUBE,
260817002,8/18/2026 12:29:57 AM,T463,Cat 785,109,780,JPM,FUEL&LUBE,34.7
260817002,8/18/2026 12:31:46 AM,T463,Cat 785,646,780,JPM,FUEL&LUBE,34.7
260817002,8/18/2026 12:32:45 AM,T158,Cat 797,14,780,JPM,FUEL&LUBE,17.63
260817002,8/18/2026 12:32:59 AM,T158,Cat 797,534,300,JPM,WAIT FOR FUEL BAY,17.63
260817002,8/18/2026 12:34:43 AM,T454,Cat 789,934,780,MRM,FUEL&LUBE,33.405
260817002,8/18/2026 12:35:28 AM,T107,Cat 797,859,780,MRM,FUEL&LUBE,21.075
260817002,8/18/2026 12:43:10 AM,T158,Cat 797,817,780,JPM,FUEL&LUBE,16.92
260817002,8/18/2026 12:59:14 AM,T144,Cat 797,93,780,JPM,FUEL&LUBE,
260817002,8/18/2026 1:00:47 AM,T144,Cat 797,788,780,JPM,FUEL&LUBE,
260817002,8/18/2026 1:07:32 AM,T126,Cat 797,1130,780,MRM,FUEL&LUBE,20.955
260817002,8/18/2026 1:16:50 AM,T101,Cat 797,811,780,MRM,FUEL&LUBE,18.225
260817002,8/18/2026 1:30:22 AM,T123,Cat 797,69,780,MRM,FUEL&LUBE,14.845
260817002,8/18/2026 1:31:31 AM,T123,Cat 797,608,780,MRM,FUEL&LUBE,14.845
260817002,8/18/2026 1:46:40 AM,T111,Cat 797,872,780,MRM,FUEL&LUBE,23.64
260817002,8/18/2026 2:08:04 AM,T167,Cat 797,829,780,MRM,FUEL&LUBE,15.255
260817002,8/18/2026 2:36:13 AM,T115,Cat 797,103,780,MRM,FUEL&LUBE,14.73
260817002,8/18/2026 2:37:45 AM,T129,Cat 797,856,780,MRM,FUEL&LUBE,14.605
260817002,8/18/2026 2:37:56 AM,T115,Cat 797,870,780,MRM,FUEL&LUBE,14.73
260817002,8/18/2026 2:38:14 AM,T117,Cat 797,10,780,MRM,FUEL&LUBE,14.885
260817002,8/18/2026 2:38:24 AM,T117,Cat 797,1021,300,MRM,WAIT FOR FUEL BAY,14.885
260817002,8/18/2026 2:43:21 AM,T116,Cat 797,577,300,MRM,WAIT FOR FUEL BAY,17.63
260817002,8/18/2026 2:46:08 AM,T118,Cat 797,1326,780,MRM,FUEL&LUBE,163.85
260817002,8/18/2026 2:53:58 AM,T116,Cat 797,782,780,MRM,FUEL&LUBE,16.92
260817002,8/18/2026 3:00:21 AM,T132,Cat 797,1261,780,MRM,FUEL&LUBE,163.85
260817002,8/18/2026 3:07:41 AM,T134,Cat 797,4,780,JPM,FUEL&LUBE,26.55
260817002,8/18/2026 3:07:45 AM,T134,Cat 797,43,300,JPM,WAIT FOR FUEL BAY,26.55
260817002,8/18/2026 3:08:28 AM,T134,Cat 797,582,780,JPM,FUEL&LUBE,26.55
260817002,8/18/2026 3:08:45 AM,T117,Cat 797,815,780,MRM,FUEL&LUBE,14.745
260817002,8/18/2026 3:23:36 AM,T109,Cat 797,1031,780,MRM,FUEL&LUBE,14.66
260817002,8/18/2026 3:31:57 AM,T471,Cat 785,579,780,MRM,FUEL&LUBE,26.25
260817002,8/18/2026 3:36:35 AM,T121,Cat 797,364,300,MRM,WAIT FOR FUEL BAY,163.85
260817002,8/18/2026 3:42:40 AM,T121,Cat 797,608,780,MRM,FUEL&LUBE,163.85
260817002,8/18/2026 3:44:19 AM,T161,Cat 797,90,780,JPM,FUEL&LUBE,26.675
260817002,8/18/2026 3:45:49 AM,T161,Cat 797,725,780,JPM,FUEL&LUBE,26.675
260817002,8/18/2026 3:48:29 AM,T133,Cat 797,1143,780,MRM,FUEL&LUBE,163.85
260817002,8/18/2026 4:14:18 AM,T114,Cat 797,903,780,MRM,FUEL&LUBE,14.62
260817002,8/18/2026 4:16:49 AM,T150,Cat 797,903,780,JPM,FUEL&LUBE,25.915
260817002,8/18/2026 4:18:43 AM,T465,Cat 785,197,780,MRM,FUEL&LUBE,27.935
260817002,8/18/2026 4:22:00 AM,T465,Cat 785,804,780,MRM,FUEL&LUBE,27.935
260817002,8/18/2026 4:25:16 AM,T136,Cat 797,11,780,MRM,FUEL&LUBE,14.79
260817002,8/18/2026 4:25:27 AM,T136,Cat 797,443,300,MRM,WAIT FOR FUEL BAY,14.79
260817002,8/18/2026 4:32:50 AM,T136,Cat 797,1070,780,MRM,FUEL&LUBE,14.69
260817002,8/18/2026 4:35:36 AM,T124,Cat 797,38,780,MRM,FUEL&LUBE,16.92
260817002,8/18/2026 4:36:14 AM,T124,Cat 797,216,300,MRM,WAIT FOR FUEL BAY,16.92
260817002,8/18/2026 4:39:50 AM,T124,Cat 797,834,780,MRM,FUEL&LUBE,18.105
260817002,8/18/2026 4:45:14 AM,T458,Cat 785,425,780,JPM,FUEL&LUBE,36.45
260817002,8/18/2026 5:38:12 AM,T131,Cat 797,739,780,MRM,FUEL&LUBE,22.38
260817002,8/18/2026 5:40:51 AM,T135,Cat 797,1010,780,MRM,FUEL&LUBE,16.8
260817002,8/18/2026 5:48:12 AM,T113,Cat 797,155,300,MRM,WAIT FOR FUEL BAY,20.72
260817002,8/18/2026 5:50:47 AM,T113,Cat 797,553,780,MRM,FUEL&LUBE,20.72
260818001,8/18/2026 6:00:00 AM,T113,Cat 797,183,780,MRM,FUEL&LUBE,19.89
260818001,8/18/2026 6:02:55 AM,T128,Cat 797,749,780,MRM,FUEL&LUBE,26.425
260818001,8/18/2026 6:03:05 AM,T113,Cat 797,2,780,MRM,FUEL&LUBE,43.18
260818001,8/18/2026 6:04:56 AM,T138,Cat 797,10,780,MRM,FUEL&LUBE,22.625
260818001,8/18/2026 6:05:06 AM,T138,Cat 797,82,300,MRM,WAIT FOR FUEL BAY,22.625
260818001,8/18/2026 6:06:28 AM,T138,Cat 797,853,780,MRM,FUEL&LUBE,22.265
260818001,8/18/2026 6:32:54 AM,T156,Cat 797,23,780,JPM,FUEL&LUBE,22.5
260818001,8/18/2026 6:33:17 AM,T156,Cat 797,132,300,JPM,WAIT FOR FUEL BAY,22.5
260818001,8/18/2026 6:34:04 AM,T153,Cat 797,847,780,MRM,FUEL&LUBE,24.145
260818001,8/18/2026 6:35:29 AM,T156,Cat 797,821,780,JPM,FUEL&LUBE,22.5
260818001,8/18/2026 6:43:43 AM,T122,Cat 797,662,780,MRM,FUEL&LUBE,23.64
260818001,8/18/2026 7:02:56 AM,T459,Cat 785,7,780,JPM,FUEL&LUBE,34.54
260818001,8/18/2026 7:03:03 AM,T459,Cat 785,41,300,JPM,WAIT FOR FUEL BAY,34.54
260818001,8/18/2026 7:03:44 AM,T459,Cat 785,432,780,JPM,FUEL&LUBE,34.54
260818001,8/18/2026 7:04:49 AM,T151,Cat 797,882,780,MRM,FUEL&LUBE,23.64
260818001,8/18/2026 7:07:13 AM,T152,Cat 797,1080,780,JPM,FUEL&LUBE,17.395
260818001,8/18/2026 7:18:15 AM,T157,Cat 797,858,780,MRM,FUEL&LUBE,22.025
260818001,8/18/2026 7:22:22 AM,T468,Cat 785,977,300,MRM,WAIT FOR FUEL BAY,27.935
260818001,8/18/2026 7:24:25 AM,T130,Cat 797,909,780,MRM,FUEL&LUBE,21.195
260818001,8/18/2026 7:33:21 AM,T160,Cat 797,28,780,MRM,FUEL&LUBE,19.53
260818001,8/18/2026 7:33:49 AM,T160,Cat 797,862,780,MRM,FUEL&LUBE,19.53
260818001,8/18/2026 7:35:30 AM,T154,Cat 797,837,780,JPM,FUEL&LUBE,18.225
260818001,8/18/2026 7:38:39 AM,T468,Cat 785,540,780,MRM,FUEL&LUBE,27.17
260818001,8/18/2026 7:47:43 AM,T468,Cat 785,1,780,MRM,FUEL&LUBE,28.55
260818001,8/18/2026 8:04:27 AM,T171,Cat 797,1165,780,JPM,FUEL&LUBE,
260818001,8/18/2026 8:26:44 AM,T460,Cat 785,494,780,MRM,FUEL&LUBE,35.335
260818001,8/18/2026 8:50:12 AM,T165,Cat 797,1028,780,JPM,FUEL&LUBE,23.005
260818001,8/18/2026 9:00:23 AM,T104,Cat 797,699,780,MRM,FUEL&LUBE,19.055
260818001,8/18/2026 9:04:05 AM,T469,Cat 785,697,780,MRM,FUEL&LUBE,23.955
260818001,8/18/2026 9:07:35 AM,T472,Cat 785,1277,780,MRM,FUEL&LUBE,86.06
260818001,8/18/2026 9:31:07 AM,T108,Cat 797,902,780,MRM,FUEL&LUBE,17.63
260818001,8/18/2026 9:33:25 AM,T102,Cat 797,43,780,JPM,FUEL&LUBE,16.445
260818001,8/18/2026 9:34:08 AM,T102,Cat 797,693,780,JPM,FUEL&LUBE,16.445
260818001,8/18/2026 9:37:34 AM,T119,Cat 797,842,780,MRM,FUEL&LUBE,22.88
260818001,8/18/2026 9:43:16 AM,T168,Cat 797,1018,780,JPM,FUEL&LUBE,
260818001,8/18/2026 9:44:08 AM,T163,Cat 797,8,780,MRM,FUEL&LUBE,22.755
260818001,8/18/2026 9:44:16 AM,T163,Cat 797,158,300,MRM,WAIT FOR FUEL BAY,22.755
260818001,8/18/2026 9:46:54 AM,T163,Cat 797,727,780,MRM,FUEL&LUBE,22.145
260818001,8/18/2026 10:03:50 AM,T149,Cat 797,1018,780,JPM,FUEL&LUBE,
260818001,8/18/2026 10:30:20 AM,T106,Cat 797,1014,780,MRM,FUEL&LUBE,15.73
260818001,8/18/2026 10:31:37 AM,T112,Cat 797,876,780,MRM,FUEL&LUBE,163.85
260818001,8/18/2026 10:36:07 AM,T137,Cat 797,886,780,JPM,FUEL&LUBE,14.76
260818001,8/18/2026 10:42:27 AM,T118,Cat 797,310,300,MRM,WAIT FOR FUEL BAY,163.85
260818001,8/18/2026 10:47:38 AM,T118,Cat 797,977,780,MRM,FUEL&LUBE,163.85
260818001,8/18/2026 10:48:36 AM,T470,Cat 785,537,780,MRM,FUEL&LUBE,163.855
260818001,8/18/2026 11:06:07 AM,T166,Cat 797,1032,780,MRM,FUEL&LUBE,18.345
260818001,8/18/2026 11:07:39 AM,T147,Cat 797,853,780,JPM,FUEL&LUBE,
260818001,8/18/2026 11:17:52 AM,T101,Cat 797,230,300,MRM,WAIT FOR FUEL BAY,18.465
260818001,8/18/2026 11:18:41 AM,T140,Cat 797,387,300,MRM,WAIT FOR FUEL BAY,17.515
260818001,8/18/2026 11:22:09 AM,T101,Cat 797,706,780,MRM,FUEL&LUBE,17.99
260818001,8/18/2026 11:25:08 AM,T140,Cat 797,553,780,MRM,FUEL&LUBE,17.63
260818001,8/18/2026 11:34:21 AM,T140,Cat 797,865,780,MRM,FUEL&LUBE,97.34
260818001,8/18/2026 11:35:54 AM,T126,Cat 797,772,780,MRM,FUEL&LUBE,16.92
260818001,8/18/2026 11:43:39 AM,T162,Cat 797,73,780,MRM,FUEL&LUBE,46.555
260818001,8/18/2026 11:44:52 AM,T162,Cat 797,290,300,MRM,WAIT FOR FUEL BAY,46.555
260818001,8/18/2026 11:48:48 AM,T140,Cat 797,3,780,MRM,FUEL&LUBE,97.34
260818001,8/18/2026 11:48:50 AM,T126,Cat 797,2,780,MRM,FUEL&LUBE,63.75
260818001,8/18/2026 11:51:24 AM,T107,Cat 797,903,780,MRM,FUEL&LUBE,19.295
260818001,8/18/2026 12:11:37 PM,T162,Cat 797,2,780,MRM,FUEL&LUBE,100
260818001,8/18/2026 12:24:35 PM,T103,Cat 797,885,780,MRM,FUEL&LUBE,18.58
260818001,8/18/2026 12:46:51 PM,T129,Cat 797,783,780,MRM,FUEL&LUBE,21.67
260818001,8/18/2026 12:49:40 PM,T110,Cat 797,969,780,MRM,FUEL&LUBE,21.195
260818001,8/18/2026 12:54:11 PM,T139,Cat 797,871,780,JPM,FUEL&LUBE,14.845
260818001,8/18/2026 1:08:43 PM,T106,Cat 797,96,780,MRM,FUEL&LUBE,90.79
260818001,8/18/2026 1:10:21 PM,T106,Cat 797,730,780,MRM,FUEL&LUBE,90.88499
260818001,8/18/2026 1:14:50 PM,T474,Cat 785,501,780,JPM,FUEL&LUBE,47.95
260818001,8/18/2026 1:29:09 PM,T463,Cat 785,582,780,JPM,FUEL&LUBE,49.12
260818001,8/18/2026 1:56:38 PM,T133,Cat 797,837,780,MRM,FUEL&LUBE,163.85
260818001,8/18/2026 1:57:24 PM,T134,Cat 797,906,780,JPM,FUEL&LUBE,14.635
260818001,8/18/2026 2:11:55 PM,T167,Cat 797,855,780,MRM,FUEL&LUBE,19.055
260818001,8/18/2026 2:13:56 PM,T113,Cat 797,657,780,MRM,FUEL&LUBE,77.2
260818001,8/18/2026 2:19:33 PM,T121,Cat 797,23,780,MRM,FUEL&LUBE,163.85
260818001,8/18/2026 2:19:56 PM,T121,Cat 797,1268,300,MRM,WAIT FOR FUEL BAY,163.85
260818001,8/18/2026 2:32:13 PM,T158,Cat 797,885,780,JPM,FUEL&LUBE,25.16
260818001,8/18/2026 2:35:05 PM,T456,Cat 785,378,780,MRM,FUEL&LUBE,21.045
260818001,8/18/2026 2:43:51 PM,T117,Cat 797,802,780,MRM,FUEL&LUBE,15.85
260818001,8/18/2026 2:51:09 PM,T111,Cat 797,1008,780,MRM,FUEL&LUBE,17.99
260818001,8/18/2026 2:58:30 PM,T116,Cat 797,934,780,MRM,FUEL&LUBE,23.135
260818001,8/18/2026 3:24:06 PM,T115,Cat 797,905,780,MRM,FUEL&LUBE,18.58
260818001,8/18/2026 3:34:58 PM,T132,Cat 797,964,780,MRM,FUEL&LUBE,163.85
260818001,8/18/2026 3:40:10 PM,T114,Cat 797,178,780,MRM,FUEL&LUBE,22.5
260818001,8/18/2026 3:43:08 PM,T114,Cat 797,421,300,MRM,WAIT FOR FUEL BAY,22.5
260818001,8/18/2026 3:43:12 PM,T153,Cat 797,400,300,MRM,WAIT FOR FUEL BAY,21.79
260818001,8/18/2026 3:50:09 PM,T114,Cat 797,872,780,MRM,FUEL&LUBE,22.265
260818001,8/18/2026 3:50:27 PM,T153,Cat 797,749,780,MRM,FUEL&LUBE,20.365
260818001,8/18/2026 3:54:16 PM,T161,Cat 797,814,780,JPM,FUEL&LUBE,24.145
260818001,8/18/2026 4:10:52 PM,T164,Cat 797,66,780,MRM,FUEL&LUBE,97.57
260818001,8/18/2026 4:11:58 PM,T164,Cat 797,969,780,MRM,FUEL&LUBE,97.57
260818001,8/18/2026 4:20:11 PM,T131,Cat 797,771,780,MRM,FUEL&LUBE,36.445
260818001,8/18/2026 4:22:29 PM,T152,Cat 797,789,780,JPM,FUEL&LUBE,20.005
260818001,8/18/2026 4:25:05 PM,T124,Cat 797,7,780,MRM,FUEL&LUBE,17.99
260818001,8/18/2026 4:25:12 PM,T124,Cat 797,187,300,MRM,WAIT FOR FUEL BAY,17.99
260818001,8/18/2026 4:28:19 PM,T124,Cat 797,849,780,MRM,FUEL&LUBE,17.99
260818001,8/18/2026 4:41:08 PM,T128,Cat 797,838,780,MRM,FUEL&LUBE,20.365
260818001,8/18/2026 4:55:13 PM,T128,Cat 797,1,780,MRM,FUEL&LUBE,59.7
260818001,8/18/2026 5:24:59 PM,T161,Cat 797,8,300,JPM,WAIT FOR FUEL BAY,95.49
260818001,8/18/2026 5:28:19 PM,T136,Cat 797,854,780,MRM,FUEL&LUBE,24.27
260818001,8/18/2026 5:59:24 PM,T151,Cat 797,6,780,MRM,FUEL&LUBE,20.955
260818001,8/18/2026 5:59:30 PM,T151,Cat 797,30,300,MRM,WAIT FOR FUEL BAY,20.955
260818002,8/18/2026 6:00:00 PM,T151,Cat 797,14,300,MRM,WAIT FOR FUEL BAY,20.955
260818002,8/18/2026 6:00:16 PM,T151,Cat 797,975,780,MRM,FUEL&LUBE,20.955
260818002,8/18/2026 6:19:43 PM,T135,Cat 797,1364,780,MRM,FUEL&LUBE,20.005
260818002,8/18/2026 6:23:47 PM,T458,Cat 785,35,780,JPM,FUEL&LUBE,25.945
260818002,8/18/2026 6:24:22 PM,T458,Cat 785,134,300,JPM,WAIT FOR FUEL BAY,25.945
260818002,8/18/2026 6:26:41 PM,T458,Cat 785,408,780,JPM,FUEL&LUBE,25.945
260818002,8/18/2026 6:34:54 PM,T150,Cat 797,821,780,JPM,FUEL&LUBE,15.73
260818002,8/18/2026 6:39:55 PM,T108,Cat 797,687,780,MRM,FUEL&LUBE,19.77
260818002,8/18/2026 6:51:24 PM,T108,Cat 797,3,780,MRM,FUEL&LUBE,29.84
260818002,8/18/2026 6:58:20 PM,T104,Cat 797,802,780,MRM,FUEL&LUBE,14.66
260818002,8/18/2026 7:08:54 PM,T102,Cat 797,827,780,JPM,FUEL&LUBE,19.89
260818002,8/18/2026 7:11:47 PM,T471,Cat 785,9,780,MRM,FUEL&LUBE,24.72
260818002,8/18/2026 7:11:56 PM,T471,Cat 785,99,300,MRM,WAIT FOR FUEL BAY,24.72
260818002,8/18/2026 7:31:43 PM,T156,Cat 797,833,780,JPM,FUEL&LUBE,23.64
260818002,8/18/2026 7:35:05 PM,T454,Cat 789,30,780,MRM,FUEL&LUBE,28.8
260818002,8/18/2026 7:41:10 PM,T121,Cat 797,578,780,MRM,FUEL&LUBE,163.85
260818002,8/18/2026 7:43:24 PM,T157,Cat 797,1017,780,MRM,FUEL&LUBE,21.67
260818002,8/18/2026 7:49:29 PM,T470,Cat 785,112,300,MRM,WAIT FOR FUEL BAY,163.855
260818002,8/18/2026 7:51:21 PM,T470,Cat 785,532,780,MRM,FUEL&LUBE,163.855
260818002,8/18/2026 7:54:08 PM,T154,Cat 797,922,780,JPM,FUEL&LUBE,19.65
260818002,8/18/2026 8:00:14 PM,T470,Cat 785,2,780,MRM,FUEL&LUBE,163.855
260818002,8/18/2026 8:14:34 PM,T133,Cat 797,838,780,MRM,FUEL&LUBE,163.85
260818002,8/18/2026 8:16:05 PM,T465,Cat 785,994,780,MRM,FUEL&LUBE,56.825
260818002,8/18/2026 8:39:04 PM,T160,Cat 797,1070,780,MRM,FUEL&LUBE,16.8
260818002,8/18/2026 8:49:52 PM,T470,Cat 785,1,780,MRM,FUEL&LUBE,163.855
260818002,8/18/2026 8:57:39 PM,T165,Cat 797,766,780,JPM,FUEL&LUBE,24.4
260818002,8/18/2026 9:09:37 PM,T468,Cat 785,573,780,MRM,FUEL&LUBE,32.785
260818002,8/18/2026 9:15:29 PM,T168,Cat 797,785,780,JPM,FUEL&LUBE,
260818002,8/18/2026 9:36:42 PM,T129,Cat 797,1017,780,MRM,FUEL&LUBE,22.755
260818002,8/18/2026 9:37:05 PM,T469,Cat 785,1516,300,MRM,WAIT FOR FUEL BAY,34.7
260818002,8/18/2026 9:37:53 PM,T126,Cat 797,1653,780,MRM,FUEL&LUBE,16.445
260818002,8/18/2026 9:42:00 PM,T475,Cat 793,1157,780,MRM,FUEL&LUBE,51.125
260818002,8/18/2026 10:02:21 PM,T469,Cat 785,650,780,MRM,FUEL&LUBE,33.425
260818002,8/18/2026 10:13:17 PM,T469,Cat 785,1,780,MRM,FUEL&LUBE,46.78
260818002,8/18/2026 10:16:26 PM,T118,Cat 797,5,780,MRM,FUEL&LUBE,163.85
260818002,8/18/2026 10:16:31 PM,T118,Cat 797,76,300,MRM,WAIT FOR FUEL BAY,163.85
260818002,8/18/2026 10:16:33 PM,T140,Cat 797,650,780,MRM,FUEL&LUBE,45.99
260818002,8/18/2026 10:17:47 PM,T118,Cat 797,594,780,MRM,FUEL&LUBE,163.85
260818002,8/18/2026 10:37:30 PM,T149,Cat 797,4,780,JPM,FUEL&LUBE,
260818002,8/18/2026 10:37:34 PM,T149,Cat 797,67,300,JPM,WAIT FOR FUEL BAY,
260818002,8/18/2026 10:38:41 PM,T149,Cat 797,1033,780,JPM,FUEL&LUBE,
260818002,8/18/2026 10:49:58 PM,T113,Cat 797,924,780,MRM,FUEL&LUBE,19.055
260818002,8/18/2026 10:51:42 PM,T107,Cat 797,1060,780,MRM,FUEL&LUBE,20.955
260818002,8/18/2026 10:55:34 PM,T119,Cat 797,1305,780,MRM,FUEL&LUBE,17.515
260818002,8/18/2026 10:57:30 PM,T171,Cat 797,963,780,JPM,FUEL&LUBE,
260818002,8/18/2026 11:09:47 PM,T163,Cat 797,838,780,MRM,FUEL&LUBE,14.76
260818002,8/18/2026 11:33:01 PM,T460,Cat 785,628,780,MRM,FUEL&LUBE,20.285
260818002,8/18/2026 11:36:03 PM,T130,Cat 797,785,780,MRM,FUEL&LUBE,18.105
260818002,8/18/2026 11:38:35 PM,T134,Cat 797,68,780,JPM,FUEL&LUBE,24.78
260818002,8/18/2026 11:39:43 PM,T134,Cat 797,680,780,JPM,FUEL&LUBE,24.78
260818002,8/18/2026 11:48:10 PM,T101,Cat 797,942,780,MRM,FUEL&LUBE,14.42
260818002,8/18/2026 11:54:04 PM,T166,Cat 797,883,780,MRM,FUEL&LUBE,18.94
260818002,8/19/2026 12:16:36 AM,T137,Cat 797,864,780,JPM,FUEL&LUBE,20.84
260818002,8/19/2026 12:23:10 AM,T162,Cat 797,65,300,MRM,WAIT FOR FUEL BAY,20.955
260818002,8/19/2026 12:24:15 AM,T162,Cat 797,732,780,MRM,FUEL&LUBE,21.195
260818002,8/19/2026 12:36:12 AM,T139,Cat 797,123,300,JPM,WAIT FOR FUEL BAY,27.435
260818002,8/19/2026 12:38:15 AM,T139,Cat 797,807,780,JPM,FUEL&LUBE,26.675
260818002,8/19/2026 12:42:21 AM,T459,Cat 785,16,780,JPM,FUEL&LUBE,26.71
260818002,8/19/2026 12:42:37 AM,T459,Cat 785,557,300,JPM,WAIT FOR FUEL BAY,26.71
260818002,8/19/2026 12:43:57 AM,T106,Cat 797,867,780,MRM,FUEL&LUBE,25.41
260818002,8/19/2026 12:45:06 AM,T153,Cat 797,8,780,MRM,FUEL&LUBE,23.135
260818002,8/19/2026 12:45:14 AM,T153,Cat 797,53,300,MRM,WAIT FOR FUEL BAY,23.135
260818002,8/19/2026 12:46:07 AM,T153,Cat 797,777,780,MRM,FUEL&LUBE,23.135
260818002,8/19/2026 12:51:54 AM,T459,Cat 785,484,780,JPM,FUEL&LUBE,26.405
260818002,8/19/2026 12:52:14 AM,T139,Cat 797,26,780,JPM,FUEL&LUBE,163.85
260818002,8/19/2026 1:01:59 AM,T144,Cat 797,104,780,JPM,FUEL&LUBE,
260818002,8/19/2026 1:03:43 AM,T144,Cat 797,745,780,JPM,FUEL&LUBE,
260818002,8/19/2026 1:15:05 AM,T167,Cat 797,577,780,MRM,FUEL&LUBE,20.005
260818002,8/19/2026 1:22:51 AM,T147,Cat 797,43,780,JPM,FUEL&LUBE,
260818002,8/19/2026 1:23:34 AM,T147,Cat 797,52,300,JPM,WAIT FOR FUEL BAY,
260818002,8/19/2026 1:24:26 AM,T147,Cat 797,823,780,JPM,FUEL&LUBE,
260818002,8/19/2026 1:24:39 AM,T474,Cat 785,824,300,JPM,WAIT FOR FUEL BAY,34.7
260818002,8/19/2026 1:37:37 AM,T472,Cat 785,810,780,MRM,FUEL&LUBE,32.305
260818002,8/19/2026 1:38:05 AM,T110,Cat 797,848,780,MRM,FUEL&LUBE,19.53
260818002,8/19/2026 1:38:23 AM,T474,Cat 785,605,780,JPM,FUEL&LUBE,33.425
260818002,8/19/2026 1:44:08 AM,T456,Cat 785,8,780,MRM,FUEL&LUBE,35.975
260818002,8/19/2026 1:44:16 AM,T456,Cat 785,459,300,MRM,WAIT FOR FUEL BAY,35.975
260818002,8/19/2026 1:48:37 AM,T474,Cat 785,4,780,JPM,FUEL&LUBE,33.425
260818002,8/19/2026 1:52:08 AM,T456,Cat 785,544,780,MRM,FUEL&LUBE,35.015
260818002,8/19/2026 2:04:01 AM,T466,Cat 785,572,780,MRM,FUEL&LUBE,84.015
260818002,8/19/2026 2:05:56 AM,T158,Cat 797,119,780,JPM,FUEL&LUBE,29.46
260818002,8/19/2026 2:07:55 AM,T158,Cat 797,679,780,JPM,FUEL&LUBE,29.46
260818002,8/19/2026 2:21:48 AM,T103,Cat 797,822,780,MRM,FUEL&LUBE,23.26
260818002,8/19/2026 2:29:28 AM,T152,Cat 797,743,780,JPM,FUEL&LUBE,25.915
260818002,8/19/2026 2:42:00 AM,T109,Cat 797,806,780,MRM,FUEL&LUBE,19.53
260818002,8/19/2026 2:55:25 AM,T463,Cat 785,59,780,JPM,FUEL&LUBE,33.74
260818002,8/19/2026 2:56:24 AM,T463,Cat 785,597,780,JPM,FUEL&LUBE,33.74
260818002,8/19/2026 3:02:02 AM,T132,Cat 797,23,780,MRM,FUEL&LUBE,99.88499
260818002,8/19/2026 3:02:25 AM,T132,Cat 797,66,300,MRM,WAIT FOR FUEL BAY,99.88499
260818002,8/19/2026 3:03:31 AM,T132,Cat 797,694,780,MRM,FUEL&LUBE,99.88499
260818002,8/19/2026 3:19:23 AM,T161,Cat 797,716,780,JPM,FUEL&LUBE,28.195
260818002,8/19/2026 3:19:28 AM,T116,Cat 797,975,780,MRM,FUEL&LUBE,21.195
260818002,8/19/2026 3:27:05 AM,T162,Cat 797,795,780,MRM,FUEL&LUBE,88.68999
260818002,8/19/2026 3:38:14 AM,T164,Cat 797,195,780,MRM,FUEL&LUBE,29.84
260818002,8/19/2026 3:41:29 AM,T164,Cat 797,807,780,MRM,FUEL&LUBE,27.815
260818002,8/19/2026 4:00:25 AM,T115,Cat 797,1011,780,MRM,FUEL&LUBE,18.105
260818002,8/19/2026 4:01:13 AM,T111,Cat 797,59,300,MRM,WAIT FOR FUEL BAY,18.7
260818002,8/19/2026 4:02:12 AM,T111,Cat 797,832,780,MRM,FUEL&LUBE,18.7
260818002,8/19/2026 4:12:17 AM,T458,Cat 785,2,780,JPM,FUEL&LUBE,33.265
260818002,8/19/2026 4:16:06 AM,T111,Cat 797,3,780,MRM,FUEL&LUBE,63
260818002,8/19/2026 4:19:55 AM,T102,Cat 797,674,780,JPM,FUEL&LUBE,28.955
260818002,8/19/2026 4:19:57 AM,T122,Cat 797,906,780,MRM,FUEL&LUBE,18.105
260818002,8/19/2026 4:20:35 AM,T124,Cat 797,939,780,MRM,FUEL&LUBE,22.88
260818002,8/19/2026 4:36:24 AM,T131,Cat 797,943,780,MRM,FUEL&LUBE,17.99
260818002,8/19/2026 5:00:05 AM,T128,Cat 797,845,780,MRM,FUEL&LUBE,18.7
260818002,8/19/2026 5:02:23 AM,T117,Cat 797,53,780,MRM,FUEL&LUBE,16.92
260818002,8/19/2026 5:20:34 AM,T117,Cat 797,784,780,MRM,FUEL&LUBE,16.205
260818002,8/19/2026 5:22:52 AM,T104,Cat 797,11,780,MRM,FUEL&LUBE,16.205
260818002,8/19/2026 5:23:03 AM,T104,Cat 797,676,300,MRM,WAIT FOR FUEL BAY,16.205
260818002,8/19/2026 5:34:19 AM,T104,Cat 797,652,780,MRM,FUEL&LUBE,15.615
260818002,8/19/2026 5:52:23 AM,T108,Cat 797,451,780,MRM,FUEL&LUBE,23.385
260818002,8/19/2026 5:59:54 AM,T108,Cat 797,6,300,MRM,WAIT FOR FUEL BAY,21.315
260819001,8/19/2026 6:00:00 AM,T108,Cat 797,396,300,MRM,WAIT FOR FUEL BAY,21.315
260819001,8/19/2026 6:06:36 AM,T108,Cat 797,342,780,MRM,FUEL&LUBE,21.905
260819001,8/19/2026 6:14:52 AM,T151,Cat 797,789,780,MRM,FUEL&LUBE,19.65
260819001,8/19/2026 6:28:44 AM,T471,Cat 785,671,780,MRM,FUEL&LUBE,31.99
260819001,8/19/2026 6:37:03 AM,T458,Cat 785,721,780,JPM,FUEL&LUBE,20.89
260819001,8/19/2026 6:45:25 AM,T136,Cat 797,772,780,MRM,FUEL&LUBE,21.67
260819001,8/19/2026 7:00:08 AM,T135,Cat 797,1017,780,MRM,FUEL&LUBE,20.955
260819001,8/19/2026 7:05:02 AM,T129,Cat 797,78,780,MRM,FUEL&LUBE,17.275
260819001,8/19/2026 7:06:22 AM,T129,Cat 797,1135,780,MRM,FUEL&LUBE,17.275
260819001,8/19/2026 7:24:38 AM,T133,Cat 797,715,780,MRM,FUEL&LUBE,163.85
260819001,8/19/2026 7:28:45 AM,T150,Cat 797,989,780,JPM,FUEL&LUBE,19.055
260819001,8/19/2026 8:01:03 AM,T470,Cat 785,742,780,MRM,FUEL&LUBE,163.855
260819001,8/19/2026 8:01:59 AM,T157,Cat 797,831,780,MRM,FUEL&LUBE,22.5
260819001,8/19/2026 8:02:30 AM,T156,Cat 797,778,780,JPM,FUEL&LUBE,28.45
260819001,8/19/2026 8:23:53 AM,T154,Cat 797,866,780,JPM,FUEL&LUBE,24.27
260819001,8/19/2026 8:31:21 AM,T113,Cat 797,1187,780,MRM,FUEL&LUBE,23.385
260819001,8/19/2026 8:46:06 AM,T160,Cat 797,22,780,MRM,FUEL&LUBE,20.72
260819001,8/19/2026 8:46:28 AM,T160,Cat 797,820,780,MRM,FUEL&LUBE,20.72
260819001,8/19/2026 8:51:01 AM,T165,Cat 797,765,780,JPM,FUEL&LUBE,24.78
260819001,8/19/2026 8:56:44 AM,T121,Cat 797,589,780,MRM,FUEL&LUBE,163.85
260819001,8/19/2026 9:10:44 AM,T126,Cat 797,1127,780,MRM,FUEL&LUBE,19.89
260819001,8/19/2026 9:22:13 AM,T118,Cat 797,883,780,MRM,FUEL&LUBE,163.85
260819001,8/19/2026 9:31:57 AM,T101,Cat 797,939,780,MRM,FUEL&LUBE,18.105
260819001,8/19/2026 9:56:19 AM,T168,Cat 797,1058,780,JPM,FUEL&LUBE,
260819001,8/19/2026 10:04:01 AM,T123,Cat 797,782,780,MRM,FUEL&LUBE,47.68
260819001,8/19/2026 10:09:32 AM,T454,Cat 789,662,780,MRM,FUEL&LUBE,33.91
260819001,8/19/2026 10:09:54 AM,T153,Cat 797,484,300,MRM,WAIT FOR FUEL BAY,14.775
260819001,8/19/2026 10:17:58 AM,T153,Cat 797,812,780,MRM,FUEL&LUBE,14.66
260819001,8/19/2026 10:22:46 AM,T134,Cat 797,1003,780,JPM,FUEL&LUBE,16.68
260819001,8/19/2026 10:31:33 AM,T153,Cat 797,2,780,MRM,FUEL&LUBE,35.115
260819001,8/19/2026 10:40:12 AM,T140,Cat 797,933,780,MRM,FUEL&LUBE,24.27
260819001,8/19/2026 10:50:43 AM,T121,Cat 797,11,780,MRM,FUEL&LUBE,163.85
260819001,8/19/2026 10:50:54 AM,T121,Cat 797,639,300,MRM,WAIT FOR FUEL BAY,163.85
260819001,8/19/2026 10:51:37 AM,T107,Cat 797,1,780,MRM,FUEL&LUBE,66.6
260819001,8/19/2026 10:52:11 AM,T107,Cat 797,3,780,MRM,FUEL&LUBE,66.6
260819001,8/19/2026 10:54:36 AM,T144,Cat 797,805,780,JPM,FUEL&LUBE,
260819001,8/19/2026 11:01:33 AM,T121,Cat 797,599,780,MRM,FUEL&LUBE,163.85
260819001,8/19/2026 11:08:06 AM,T119,Cat 797,831,780,MRM,FUEL&LUBE,23.515
260819001,8/19/2026 11:16:49 AM,T152,Cat 797,5,780,JPM,FUEL&LUBE,24.4
260819001,8/19/2026 11:16:54 AM,T152,Cat 797,45,300,JPM,WAIT FOR FUEL BAY,24.4
260819001,8/19/2026 11:17:39 AM,T152,Cat 797,815,780,JPM,FUEL&LUBE,22.625
260819001,8/19/2026 11:24:20 AM,T166,Cat 797,6,780,MRM,FUEL&LUBE,25.16
260819001,8/19/2026 11:24:26 AM,T166,Cat 797,46,300,MRM,WAIT FOR FUEL BAY,25.16
260819001,8/19/2026 11:25:12 AM,T166,Cat 797,784,780,MRM,FUEL&LUBE,25.915
260819001,8/19/2026 11:55:41 AM,T163,Cat 797,991,780,MRM,FUEL&LUBE,19.175
260819001,8/19/2026 12:01:44 PM,T469,Cat 785,892,780,MRM,FUEL&LUBE,27.935
260819001,8/19/2026 12:06:15 PM,T130,Cat 797,360,300,MRM,WAIT FOR FUEL BAY,20.005
260819001,8/19/2026 12:07:49 PM,T465,Cat 785,1073,300,MRM,WAIT FOR FUEL BAY,25.945
260819001,8/19/2026 12:11:47 PM,T139,Cat 797,830,780,JPM,FUEL&LUBE,24.65
260819001,8/19/2026 12:12:16 PM,T130,Cat 797,784,780,MRM,FUEL&LUBE,18.94
260819001,8/19/2026 12:25:47 PM,T465,Cat 785,1,780,MRM,FUEL&LUBE,43.275
260819001,8/19/2026 12:26:04 PM,T468,Cat 785,753,780,MRM,FUEL&LUBE,35.975
260819001,8/19/2026 12:41:54 PM,T167,Cat 797,906,780,MRM,FUEL&LUBE,25.41
260819001,8/19/2026 12:43:13 PM,T460,Cat 785,614,780,MRM,FUEL&LUBE,26.405
260819001,8/19/2026 12:46:11 PM,T171,Cat 797,926,780,JPM,FUEL&LUBE,
260819001,8/19/2026 12:47:01 PM,T168,Cat 797,189,300,JPM,WAIT FOR FUEL BAY,
260819001,8/19/2026 1:00:01 PM,T103,Cat 797,903,780,MRM,FUEL&LUBE,24.65
260819001,8/19/2026 1:07:07 PM,T128,Cat 797,1170,780,MRM,FUEL&LUBE,33.655
260819001,8/19/2026 1:14:15 PM,T158,Cat 797,894,780,JPM,FUEL&LUBE,27.94
260819001,8/19/2026 1:20:18 PM,T110,Cat 797,9,780,MRM,FUEL&LUBE,20.72
260819001,8/19/2026 1:20:27 PM,T110,Cat 797,18,300,MRM,WAIT FOR FUEL BAY,20.72
260819001,8/19/2026 1:20:45 PM,T110,Cat 797,851,780,MRM,FUEL&LUBE,20.72
260819001,8/19/2026 1:30:55 PM,T122,Cat 797,637,780,MRM,FUEL&LUBE,18.58
260819001,8/19/2026 1:49:08 PM,T106,Cat 797,63,780,MRM,FUEL&LUBE,18.105
260819001,8/19/2026 1:50:11 PM,T106,Cat 797,796,780,MRM,FUEL&LUBE,19.65
260819001,8/19/2026 2:05:01 PM,T147,Cat 797,903,780,JPM,FUEL&LUBE,
260819001,8/19/2026 2:16:46 PM,T459,Cat 785,912,780,JPM,FUEL&LUBE,33.265
260819001,8/19/2026 2:31:40 PM,T161,Cat 797,901,780,JPM,FUEL&LUBE,27.94
260819001,8/19/2026 2:50:05 PM,T108,Cat 797,421,780,MRM,FUEL&LUBE,23.135
260819001,8/19/2026 2:55:45 PM,T474,Cat 785,783,780,JPM,FUEL&LUBE,29.93
260819001,8/19/2026 3:03:42 PM,T456,Cat 785,646,780,MRM,FUEL&LUBE,27.935
260819001,8/19/2026 3:22:57 PM,T109,Cat 797,897,780,MRM,FUEL&LUBE,24.65
260819001,8/19/2026 3:24:08 PM,T466,Cat 785,1047,780,MRM,FUEL&LUBE,73.005
260819001,8/19/2026 3:44:31 PM,T132,Cat 797,924,780,MRM,FUEL&LUBE,99.88499
260819001,8/19/2026 3:47:53 PM,T112,Cat 797,902,780,MRM,FUEL&LUBE,66.15
260819001,8/19/2026 3:52:57 PM,T164,Cat 797,6,780,MRM,FUEL&LUBE,27.185
260819001,8/19/2026 3:53:03 PM,T164,Cat 797,451,300,MRM,WAIT FOR FUEL BAY,27.185
260819001,8/19/2026 3:55:49 PM,T149,Cat 797,826,780,JPM,FUEL&LUBE,
260819001,8/19/2026 3:59:37 PM,T115,Cat 797,1128,780,MRM,FUEL&LUBE,21.55
260819001,8/19/2026 4:00:34 PM,T164,Cat 797,767,780,MRM,FUEL&LUBE,27.565
260819001,8/19/2026 4:46:52 PM,T111,Cat 797,786,780,MRM,FUEL&LUBE,26.55
260819001,8/19/2026 4:53:17 PM,T116,Cat 797,849,780,MRM,FUEL&LUBE,23.005
260819001,8/19/2026 5:02:02 PM,T117,Cat 797,14,780,MRM,FUEL&LUBE,15.73
260819001,8/19/2026 5:02:16 PM,T117,Cat 797,751,780,MRM,FUEL&LUBE,15.73
260819001,8/19/2026 5:31:30 PM,T129,Cat 797,46,780,MRM,FUEL&LUBE,21.55
260819001,8/19/2026 5:37:51 PM,T129,Cat 797,380,780,MRM,FUEL&LUBE,21.075
260819001,8/19/2026 5:46:08 PM,T133,Cat 797,832,780,MRM,FUEL&LUBE,163.85
260819001,8/19/2026 5:53:11 PM,T131,Cat 797,409,780,MRM,FUEL&LUBE,24.4
260819002,8/19/2026 6:00:00 PM,T131,Cat 797,360,780,MRM,FUEL&LUBE,23.005
260819002,8/19/2026 6:00:00 PM,T133,Cat 797,134,780,MRM,FUEL&LUBE,163.85
260819002,8/19/2026 6:14:05 PM,T104,Cat 797,931,780,MRM,FUEL&LUBE,17.515
260819002,8/19/2026 6:30:01 PM,T472,Cat 785,111,780,MRM,FUEL&LUBE,29.315
260819002,8/19/2026 6:31:52 PM,T472,Cat 785,632,780,MRM,FUEL&LUBE,29.315
260819002,8/19/2026 6:40:10 PM,T150,Cat 797,3,780,JPM,FUEL&LUBE,30.095
260819002,8/19/2026 6:40:13 PM,T150,Cat 797,92,300,JPM,WAIT FOR FUEL BAY,30.095
260819002,8/19/2026 6:41:45 PM,T150,Cat 797,662,780,JPM,FUEL&LUBE,30.095
260819002,8/19/2026 6:44:36 PM,T124,Cat 797,774,780,MRM,FUEL&LUBE,23.385
260819002,8/19/2026 6:47:41 PM,T470,Cat 785,503,780,MRM,FUEL&LUBE,163.855
260819002,8/19/2026 6:52:53 PM,T113,Cat 797,953,780,MRM,FUEL&LUBE,22.265
260819002,8/19/2026 6:56:44 PM,T165,Cat 797,3,780,JPM,FUEL&LUBE,27.815
260819002,8/19/2026 6:56:47 PM,T165,Cat 797,63,300,JPM,WAIT FOR FUEL BAY,27.815
260819002,8/19/2026 6:57:50 PM,T165,Cat 797,689,780,JPM,FUEL&LUBE,27.815
260819002,8/19/2026 6:58:03 PM,T108,Cat 797,19,780,MRM,FUEL&LUBE,75.99
260819002,8/19/2026 6:58:22 PM,T108,Cat 797,479,780,MRM,FUEL&LUBE,75.99
260819002,8/19/2026 7:21:40 PM,T118,Cat 797,727,780,MRM,FUEL&LUBE,21.43
260819002,8/19/2026 7:25:50 PM,T135,Cat 797,6,780,MRM,FUEL&LUBE,23.515
260819002,8/19/2026 7:25:56 PM,T135,Cat 797,819,300,MRM,WAIT FOR FUEL BAY,23.515
260819002,8/19/2026 7:32:05 PM,T458,Cat 785,75,780,JPM,FUEL&LUBE,25.64
260819002,8/19/2026 7:33:20 PM,T458,Cat 785,818,780,JPM,FUEL&LUBE,25.64
260819002,8/19/2026 7:37:06 PM,T463,Cat 785,663,300,JPM,WAIT FOR FUEL BAY,25.945
260819002,8/19/2026 7:48:09 PM,T463,Cat 785,856,780,JPM,FUEL&LUBE,25.335
260819002,8/19/2026 7:56:15 PM,T471,Cat 785,693,780,MRM,FUEL&LUBE,31.03
260819002,8/19/2026 8:02:32 PM,T463,Cat 785,4,780,JPM,FUEL&LUBE,49.12
260819002,8/19/2026 8:15:08 PM,T134,Cat 797,835,780,JPM,FUEL&LUBE,24.27
260819002,8/19/2026 8:15:55 PM,T101,Cat 797,874,780,MRM,FUEL&LUBE,20.6
260819002,8/19/2026 8:16:58 PM,T153,Cat 797,721,780,MRM,FUEL&LUBE,20.955
260819002,8/19/2026 8:32:31 PM,T126,Cat 797,821,780,MRM,FUEL&LUBE,17.395
260819002,8/19/2026 8:33:22 PM,T157,Cat 797,848,780,MRM,FUEL&LUBE,25.41
260819002,8/19/2026 8:38:29 PM,T156,Cat 797,135,780,JPM,FUEL&LUBE,22.265
260819002,8/19/2026 8:40:44 PM,T156,Cat 797,789,780,JPM,FUEL&LUBE,21.79
260819002,8/19/2026 8:51:45 PM,T160,Cat 797,44,780,MRM,FUEL&LUBE,25.665
260819002,8/19/2026 8:52:29 PM,T160,Cat 797,731,780,MRM,FUEL&LUBE,25.665
260819002,8/19/2026 9:16:59 PM,T151,Cat 797,827,780,MRM,FUEL&LUBE,21.075
260819002,8/19/2026 9:23:17 PM,T154,Cat 797,1046,780,JPM,FUEL&LUBE,20.6
260819002,8/19/2026 9:32:10 PM,T471,Cat 785,450,780,MRM,FUEL&LUBE,81.92
260819002,8/19/2026 9:44:38 PM,T123,Cat 797,1065,780,MRM,FUEL&LUBE,16.92
260819002,8/19/2026 9:45:20 PM,T168,Cat 797,905,780,JPM,FUEL&LUBE,
260819002,8/19/2026 9:46:48 PM,T475,Cat 793,,780,MRM,FUEL&LUBE,38.905
260819002,8/19/2026 9:54:49 PM,T121,Cat 797,892,300,MRM,WAIT FOR FUEL BAY,163.85
260819002,8/19/2026 10:10:17 PM,T121,Cat 797,855,780,MRM,FUEL&LUBE,163.85
260819002,8/19/2026 10:23:43 PM,T118,Cat 797,553,780,MRM,FUEL&LUBE,163.85
260819002,8/19/2026 11:09:02 PM,T133,Cat 797,885,780,MRM,FUEL&LUBE,163.85
260819002,8/19/2026 11:40:44 PM,T139,Cat 797,132,780,JPM,FUEL&LUBE,24.27
260819002,8/19/2026 11:42:56 PM,T139,Cat 797,736,780,JPM,FUEL&LUBE,22.5
260819002,8/19/2026 11:45:59 PM,T107,Cat 797,820,780,MRM,FUEL&LUBE,21.55
260819002,8/20/2026 12:05:15 AM,T102,Cat 797,906,780,MRM,FUEL&LUBE,16.68
260819002,8/20/2026 12:09:15 AM,T128,Cat 797,261,300,MRM,WAIT FOR FUEL BAY,41.49
260819002,8/20/2026 12:10:03 AM,T109,Cat 797,570,300,MRM,WAIT FOR FUEL BAY,56.265
260819002,8/20/2026 12:13:36 AM,T128,Cat 797,740,780,MRM,FUEL&LUBE,44.305
260819002,8/20/2026 12:19:59 AM,T459,Cat 785,599,780,JPM,FUEL&LUBE,37.09
260819002,8/20/2026 12:20:50 AM,T109,Cat 797,1005,780,MRM,FUEL&LUBE,55.52
260819002,8/20/2026 12:25:57 AM,T128,Cat 797,1,780,MRM,FUEL&LUBE,89.93
260819002,8/20/2026 12:34:39 AM,T158,Cat 797,872,780,JPM,FUEL&LUBE,25.16
260819002,8/20/2026 12:37:40 AM,T109,Cat 797,2,780,MRM,FUEL&LUBE,100
260819002,8/20/2026 12:41:27 AM,T140,Cat 797,835,780,MRM,FUEL&LUBE,20.48
260819002,8/20/2026 12:53:47 AM,T166,Cat 797,918,780,MRM,FUEL&LUBE,17.275
260819002,8/20/2026 1:17:39 AM,T122,Cat 797,338,780,MRM,FUEL&LUBE,16.09
260819002,8/20/2026 1:30:55 AM,T119,Cat 797,23,780,MRM,FUEL&LUBE,15.97
260819002,8/20/2026 1:31:18 AM,T119,Cat 797,857,780,MRM,FUEL&LUBE,15.97
260819002,8/20/2026 1:33:16 AM,T161,Cat 797,1091,780,JPM,FUEL&LUBE,29.715
260819002,8/20/2026 1:48:45 AM,T136,Cat 797,934,780,MRM,FUEL&LUBE,14.465
260819002,8/20/2026 1:55:55 AM,T454,Cat 789,655,780,MRM,FUEL&LUBE,31.905
260819002,8/20/2026 2:11:55 AM,T167,Cat 797,940,780,MRM,FUEL&LUBE,22.145
260819002,8/20/2026 2:21:44 AM,T132,Cat 797,92,780,MRM,FUEL&LUBE,99.77
260819002,8/20/2026 2:23:16 AM,T132,Cat 797,378,300,MRM,WAIT FOR FUEL BAY,99.77
260819002,8/20/2026 2:29:34 AM,T132,Cat 797,837,780,MRM,FUEL&LUBE,99.77
260819002,8/20/2026 2:38:23 AM,T112,Cat 797,749,780,MRM,FUEL&LUBE,163.85
260819002,8/20/2026 2:46:16 AM,T110,Cat 797,1057,780,MRM,FUEL&LUBE,18.225
260819002,8/20/2026 2:52:02 AM,T171,Cat 797,122,300,JPM,WAIT FOR FUEL BAY,
260819002,8/20/2026 2:52:12 AM,T163,Cat 797,8,780,MRM,FUEL&LUBE,15.375
260819002,8/20/2026 2:52:20 AM,T163,Cat 797,1116,300,MRM,WAIT FOR FUEL BAY,15.375
260819002,8/20/2026 2:54:04 AM,T171,Cat 797,896,780,JPM,FUEL&LUBE,
260819002,8/20/2026 3:09:02 AM,T171,Cat 797,2,780,JPM,FUEL&LUBE,
260819002,8/20/2026 3:27:32 AM,T164,Cat 797,704,780,MRM,FUEL&LUBE,45.005
260819002,8/20/2026 3:32:59 AM,T129,Cat 797,839,780,MRM,FUEL&LUBE,21.43
260819002,8/20/2026 3:33:56 AM,T149,Cat 797,6,780,JPM,FUEL&LUBE,
260819002,8/20/2026 3:34:02 AM,T149,Cat 797,915,300,JPM,WAIT FOR FUEL BAY,
260819002,8/20/2026 3:39:52 AM,T460,Cat 785,506,780,MRM,FUEL&LUBE,25.945
260819002,8/20/2026 3:41:58 AM,T106,Cat 797,4,780,MRM,FUEL&LUBE,14.86
260819002,8/20/2026 3:42:02 AM,T106,Cat 797,299,300,MRM,WAIT FOR FUEL BAY,14.86
260819002,8/20/2026 3:47:01 AM,T106,Cat 797,816,780,MRM,FUEL&LUBE,14.815
260819002,8/20/2026 3:49:13 AM,T465,Cat 785,688,780,MRM,FUEL&LUBE,20.89
260819002,8/20/2026 3:49:17 AM,T149,Cat 797,32,780,JPM,FUEL&LUBE,
260819002,8/20/2026 3:49:27 AM,T125,Cat 797,6,780,MRM,FUEL&LUBE,19.175
260819002,8/20/2026 3:49:33 AM,T125,Cat 797,644,300,MRM,WAIT FOR FUEL BAY,19.175
260819002,8/20/2026 4:00:27 AM,T125,Cat 797,728,780,MRM,FUEL&LUBE,18.465
260819002,8/20/2026 4:05:28 AM,T122,Cat 797,84,780,MRM,FUEL&LUBE,100
260819002,8/20/2026 4:08:40 AM,T147,Cat 797,1421,780,JPM,FUEL&LUBE,
260819002,8/20/2026 4:14:44 AM,T122,Cat 797,1,780,MRM,FUEL&LUBE,100
260819002,8/20/2026 4:15:08 AM,T122,Cat 797,1,780,MRM,FUEL&LUBE,100
260819002,8/20/2026 4:23:16 AM,T113,Cat 797,84,300,MRM,WAIT FOR FUEL BAY,23.385
260819002,8/20/2026 4:24:45 AM,T113,Cat 797,651,780,MRM,FUEL&LUBE,23.385
260819002,8/20/2026 4:39:19 AM,T463,Cat 785,595,780,JPM,FUEL&LUBE,36.61
260819002,8/20/2026 4:41:05 AM,T130,Cat 797,786,780,MRM,FUEL&LUBE,20.005
260819002,8/20/2026 4:56:00 AM,T134,Cat 797,592,780,JPM,FUEL&LUBE,27.31
260819002,8/20/2026 4:59:06 AM,T115,Cat 797,923,780,MRM,FUEL&LUBE,21.905
260819002,8/20/2026 5:39:45 AM,T162,Cat 797,881,780,MRM,FUEL&LUBE,23.515
260819002,8/20/2026 5:40:30 AM,T104,Cat 797,1170,780,MRM,FUEL&LUBE,18.7
260819002,8/20/2026 5:56:30 AM,T455,Cat 785,6,780,MRM,FUEL&LUBE,18.37
260819002,8/20/2026 5:56:36 AM,T455,Cat 785,87,300,MRM,WAIT FOR FUEL BAY,18.37
260819002,8/20/2026 5:58:03 AM,T455,Cat 785,14,780,MRM,FUEL&LUBE,17.785
260819002,8/20/2026 5:58:17 AM,T455,Cat 785,103,300,MRM,WAIT FOR FUEL BAY,17.785

